ID,Survival Prediction
75036,Yes
75037,Yes
75038,No
75039,Yes
75040,Yes
75041,No
75042,Yes
75043,No
75044,Yes
75045,No
75046,Yes
75047,Yes
75048,Yes
75049,Yes
75050,Yes
75051,Yes
75052,No
75053,No
75054,No
75055,Yes
75056,Yes
75057,No
75058,No
75059,Yes
75060,Yes
75061,Yes
75062,Yes
75063,Yes
75064,Yes
75065,Yes
75066,Yes
75067,Yes
75068,Yes
75069,No
75070,Yes
75071,No
75072,No
75073,Yes
75074,Yes
75075,No
75076,Yes
75077,Yes
75078,No
75079,Yes
75080,No
75081,No
75082,Yes
75083,Yes
75084,Yes
75085,No
75086,Yes
75087,Yes
75088,Yes
75089,Yes
75090,Yes
75091,Yes
75092,Yes
75093,No
75094,Yes
75095,No
75096,Yes
75097,Yes
75098,No
75099,No
75100,Yes
75101,Yes
75102,No
75103,Yes
75104,Yes
75105,No
75106,No
75107,No
75108,No
75109,Yes
75110,No
75111,Yes
75112,Yes
75113,No
75114,Yes
75115,No
75116,Yes
75117,Yes
75118,No
75119,No
75120,Yes
75121,Yes
75122,Yes
75123,Yes
75124,No
75125,Yes
75126,Yes
75127,No
75128,Yes
75129,No
75130,No
75131,No
75132,No
75133,Yes
75134,No
75135,Yes
75136,Yes
75137,No
75138,No
75139,Yes
75140,Yes
75141,No
75142,No
75143,No
75144,No
75145,Yes
75146,Yes
75147,No
75148,Yes
75149,Yes
75150,Yes
75151,Yes
75152,Yes
75153,Yes
75154,Yes
75155,Yes
75156,Yes
75157,No
75158,Yes
75159,Yes
75160,Yes
75161,No
75162,Yes
75163,Yes
75164,Yes
75165,No
75166,No
75167,Yes
75168,Yes
75169,Yes
75170,Yes
75171,Yes
75172,Yes
75173,Yes
75174,Yes
75175,Yes
75176,Yes
75177,Yes
75178,Yes
75179,Yes
75180,No
75181,No
75182,Yes
75183,Yes
75184,Yes
75185,Yes
75186,Yes
75187,Yes
75188,No
75189,Yes
75190,No
75191,Yes
75192,Yes
75193,Yes
75194,No
75195,Yes
75196,Yes
75197,No
75198,No
75199,No
75200,Yes
75201,Yes
75202,Yes
75203,Yes
75204,No
75205,Yes
75206,No
75207,No
75208,Yes
75209,Yes
75210,Yes
75211,Yes
75212,Yes
75213,Yes
75214,No
75215,Yes
75216,Yes
75217,Yes
75218,No
75219,Yes
75220,No
75221,Yes
75222,Yes
75223,Yes
75224,Yes
75225,No
75226,No
75227,No
75228,No
75229,Yes
75230,Yes
75231,No
75232,Yes
75233,Yes
75234,No
75235,Yes
75236,Yes
75237,Yes
75238,No
75239,Yes
75240,No
75241,Yes
75242,Yes
75243,Yes
75244,Yes
75245,No
75246,Yes
75247,Yes
75248,No
75249,Yes
75250,Yes
75251,Yes
75252,Yes
75253,Yes
75254,Yes
75255,Yes
75256,Yes
75257,No
75258,Yes
75259,No
75260,Yes
75261,Yes
75262,No
75263,Yes
75264,No
75265,Yes
75266,Yes
75267,Yes
75268,Yes
75269,Yes
75270,Yes
75271,Yes
75272,Yes
75273,Yes
75274,No
75275,No
75276,Yes
75277,No
75278,No
75279,Yes
75280,Yes
75281,No
75282,No
75283,Yes
75284,Yes
75285,Yes
75286,Yes
75287,Yes
75288,Yes
75289,Yes
75290,Yes
75291,Yes
75292,Yes
75293,Yes
75294,Yes
75295,Yes
75296,No
75297,Yes
75298,Yes
75299,No
75300,No
75301,Yes
75302,Yes
75303,Yes
75304,Yes
75305,Yes
75306,No
75307,Yes
75308,Yes
75309,Yes
75310,Yes
75311,Yes
75312,No
75313,No
75314,No
75315,No
75316,Yes
75317,Yes
75318,Yes
75319,Yes
75320,Yes
75321,No
75322,Yes
75323,Yes
75324,Yes
75325,Yes
75326,No
75327,Yes
75328,Yes
75329,Yes
75330,Yes
75331,Yes
75332,No
75333,No
75334,No
75335,No
75336,Yes
75337,No
75338,Yes
75339,Yes
75340,No
75341,Yes
75342,Yes
75343,Yes
75344,Yes
75345,Yes
75346,Yes
75347,Yes
75348,Yes
75349,No
75350,Yes
75351,Yes
75352,No
75353,Yes
75354,Yes
75355,Yes
75356,Yes
75357,Yes
75358,Yes
75359,No
75360,No
75361,Yes
75362,Yes
75363,Yes
75364,Yes
75365,Yes
75366,Yes
75367,Yes
75368,No
75369,Yes
75370,No
75371,Yes
75372,Yes
75373,No
75374,No
75375,Yes
75376,No
75377,No
75378,No
75379,No
75380,Yes
75381,Yes
75382,Yes
75383,No
75384,No
75385,Yes
75386,No
75387,No
75388,Yes
75389,Yes
75390,Yes
75391,Yes
75392,Yes
75393,Yes
75394,Yes
75395,Yes
75396,Yes
75397,Yes
75398,Yes
75399,Yes
75400,Yes
75401,Yes
75402,No
75403,Yes
75404,No
75405,Yes
75406,Yes
75407,No
75408,Yes
75409,Yes
75410,Yes
75411,Yes
75412,Yes
75413,No
75414,Yes
75415,Yes
75416,No
75417,Yes
75418,Yes
75419,Yes
75420,Yes
75421,No
75422,Yes
75423,Yes
75424,No
75425,No
75426,Yes
75427,Yes
75428,Yes
75429,Yes
75430,Yes
75431,No
75432,No
75433,No
75434,Yes
75435,No
75436,Yes
75437,Yes
75438,No
75439,Yes
75440,Yes
75441,Yes
75442,Yes
75443,Yes
75444,Yes
75445,No
75446,Yes
75447,Yes
75448,No
75449,Yes
75450,Yes
75451,Yes
75452,Yes
75453,No
75454,No
75455,No
75456,Yes
75457,No
75458,Yes
75459,Yes
75460,Yes
75461,Yes
75462,Yes
75463,Yes
75464,Yes
75465,Yes
75466,Yes
75467,Yes
75468,Yes
75469,Yes
75470,No
75471,No
75472,Yes
75473,Yes
75474,Yes
75475,Yes
75476,No
75477,No
75478,Yes
75479,No
75480,Yes
75481,Yes
75482,Yes
75483,Yes
75484,No
75485,Yes
75486,Yes
75487,No
75488,No
75489,Yes
75490,No
75491,No
75492,Yes
75493,No
75494,Yes
75495,No
75496,Yes
75497,Yes
75498,Yes
75499,Yes
75500,Yes
75501,Yes
75502,Yes
75503,Yes
75504,No
75505,Yes
75506,No
75507,No
75508,Yes
75509,Yes
75510,No
75511,Yes
75512,Yes
75513,No
75514,No
75515,No
75516,Yes
75517,Yes
75518,No
75519,No
75520,No
75521,No
75522,No
75523,No
75524,Yes
75525,Yes
75526,Yes
75527,Yes
75528,Yes
75529,Yes
75530,Yes
75531,Yes
75532,Yes
75533,Yes
75534,Yes
75535,Yes
75536,Yes
75537,No
75538,Yes
75539,No
75540,No
75541,Yes
75542,Yes
75543,Yes
75544,Yes
75545,Yes
75546,No
75547,Yes
75548,Yes
75549,Yes
75550,No
75551,No
75552,Yes
75553,No
75554,Yes
75555,No
75556,No
75557,No
75558,No
75559,Yes
75560,Yes
75561,Yes
75562,Yes
75563,Yes
75564,Yes
75565,Yes
75566,Yes
75567,Yes
75568,No
75569,No
75570,No
75571,Yes
75572,Yes
75573,Yes
75574,Yes
75575,No
75576,Yes
75577,Yes
75578,Yes
75579,Yes
75580,No
75581,No
75582,No
75583,Yes
75584,Yes
75585,Yes
75586,Yes
75587,No
75588,Yes
75589,No
75590,No
75591,Yes
75592,Yes
75593,No
75594,Yes
75595,No
75596,No
75597,Yes
75598,Yes
75599,Yes
75600,Yes
75601,Yes
75602,Yes
75603,No
75604,Yes
75605,Yes
75606,Yes
75607,Yes
75608,Yes
75609,No
75610,No
75611,No
75612,No
75613,Yes
75614,Yes
75615,No
75616,Yes
75617,No
75618,Yes
75619,Yes
75620,No
75621,Yes
75622,Yes
75623,No
75624,No
75625,No
75626,No
75627,Yes
75628,Yes
75629,No
75630,Yes
75631,No
75632,No
75633,No
75634,Yes
75635,Yes
75636,Yes
75637,Yes
75638,Yes
75639,No
75640,Yes
75641,No
75642,Yes
75643,Yes
75644,No
75645,Yes
75646,Yes
75647,Yes
75648,Yes
75649,Yes
75650,Yes
75651,No
75652,Yes
75653,Yes
75654,No
75655,No
75656,No
75657,No
75658,No
75659,No
75660,Yes
75661,No
75662,Yes
75663,Yes
75664,Yes
75665,Yes
75666,No
75667,Yes
75668,Yes
75669,No
75670,Yes
75671,Yes
75672,Yes
75673,Yes
75674,Yes
75675,Yes
75676,Yes
75677,Yes
75678,Yes
75679,Yes
75680,Yes
75681,Yes
75682,Yes
75683,Yes
75684,Yes
75685,Yes
75686,Yes
75687,Yes
75688,No
75689,Yes
75690,No
75691,No
75692,Yes
75693,Yes
75694,No
75695,No
75696,Yes
75697,No
75698,No
75699,Yes
75700,Yes
75701,Yes
75702,No
75703,Yes
75704,Yes
75705,Yes
75706,Yes
75707,Yes
75708,Yes
75709,Yes
75710,Yes
75711,Yes
75712,Yes
75713,Yes
75714,No
75715,Yes
75716,Yes
75717,No
75718,Yes
75719,No
75720,No
75721,Yes
75722,Yes
75723,No
75724,Yes
75725,No
75726,No
75727,Yes
75728,No
75729,No
75730,Yes
75731,No
75732,No
75733,No
75734,No
75735,Yes
75736,Yes
75737,Yes
75738,Yes
75739,Yes
75740,No
75741,Yes
75742,Yes
75743,Yes
75744,Yes
75745,Yes
75746,Yes
75747,Yes
75748,Yes
75749,No
75750,Yes
75751,Yes
75752,No
75753,Yes
75754,Yes
75755,Yes
75756,Yes
75757,Yes
75758,Yes
75759,Yes
75760,Yes
75761,Yes
75762,Yes
75763,Yes
75764,Yes
75765,No
75766,No
75767,Yes
75768,Yes
75769,No
75770,Yes
75771,Yes
75772,Yes
75773,Yes
75774,Yes
75775,No
75776,Yes
75777,Yes
75778,Yes
75779,No
75780,Yes
75781,Yes
75782,No
75783,No
75784,Yes
75785,No
75786,Yes
75787,Yes
75788,No
75789,Yes
75790,No
75791,Yes
75792,Yes
75793,Yes
75794,Yes
75795,No
75796,Yes
75797,Yes
75798,Yes
75799,Yes
75800,No
75801,Yes
75802,Yes
75803,No
75804,No
75805,Yes
75806,Yes
75807,Yes
75808,No
75809,No
75810,No
75811,Yes
75812,Yes
75813,No
75814,Yes
75815,No
75816,No
75817,Yes
75818,Yes
75819,Yes
75820,Yes
75821,Yes
75822,No
75823,No
75824,Yes
75825,No
75826,No
75827,Yes
75828,Yes
75829,Yes
75830,Yes
75831,No
75832,Yes
75833,Yes
75834,Yes
75835,No
75836,Yes
75837,No
75838,No
75839,No
75840,Yes
75841,Yes
75842,No
75843,Yes
75844,Yes
75845,No
75846,No
75847,Yes
75848,Yes
75849,Yes
75850,No
75851,Yes
75852,Yes
75853,Yes
75854,No
75855,Yes
75856,No
75857,Yes
75858,Yes
75859,Yes
75860,Yes
75861,No
75862,Yes
75863,Yes
75864,Yes
75865,Yes
75866,Yes
75867,Yes
75868,Yes
75869,Yes
75870,Yes
75871,Yes
75872,Yes
75873,Yes
75874,No
75875,Yes
75876,Yes
75877,No
75878,Yes
75879,No
75880,Yes
75881,No
75882,No
75883,Yes
75884,Yes
75885,No
75886,Yes
75887,No
75888,Yes
75889,No
75890,Yes
75891,No
75892,Yes
75893,No
75894,Yes
75895,No
75896,Yes
75897,Yes
75898,No
75899,No
75900,Yes
75901,No
75902,No
75903,Yes
75904,Yes
75905,No
75906,Yes
75907,Yes
75908,No
75909,No
75910,Yes
75911,Yes
75912,Yes
75913,No
75914,Yes
75915,Yes
75916,No
75917,No
75918,Yes
75919,No
75920,Yes
75921,No
75922,Yes
75923,Yes
75924,Yes
75925,Yes
75926,No
75927,Yes
75928,Yes
75929,No
75930,Yes
75931,Yes
75932,No
75933,Yes
75934,Yes
75935,No
75936,Yes
75937,No
75938,No
75939,Yes
75940,No
75941,No
75942,No
75943,No
75944,Yes
75945,Yes
75946,Yes
75947,No
75948,Yes
75949,Yes
75950,No
75951,No
75952,Yes
75953,Yes
75954,No
75955,Yes
75956,No
75957,No
75958,No
75959,Yes
75960,No
75961,No
75962,Yes
75963,Yes
75964,No
75965,No
75966,Yes
75967,Yes
75968,Yes
75969,No
75970,Yes
75971,Yes
75972,Yes
75973,Yes
75974,No
75975,Yes
75976,Yes
75977,No
75978,Yes
75979,Yes
75980,Yes
75981,No
75982,Yes
75983,No
75984,Yes
75985,Yes
75986,No
75987,No
75988,No
75989,Yes
75990,No
75991,Yes
75992,Yes
75993,No
75994,Yes
75995,Yes
75996,No
75997,No
75998,Yes
75999,Yes
76000,No
76001,No
76002,Yes
76003,No
76004,Yes
76005,Yes
76006,Yes
76007,No
76008,Yes
76009,Yes
76010,Yes
76011,Yes
76012,Yes
76013,Yes
76014,Yes
76015,No
76016,Yes
76017,Yes
76018,No
76019,No
76020,Yes
76021,Yes
76022,Yes
76023,Yes
76024,No
76025,Yes
76026,Yes
76027,Yes
76028,No
76029,Yes
76030,Yes
76031,Yes
76032,Yes
76033,Yes
76034,Yes
76035,No
76036,Yes
76037,No
76038,Yes
76039,Yes
76040,No
76041,No
76042,Yes
76043,Yes
76044,No
76045,No
76046,No
76047,Yes
76048,No
76049,Yes
76050,No
76051,No
76052,Yes
76053,Yes
76054,Yes
76055,No
76056,No
76057,Yes
76058,Yes
76059,No
76060,No
76061,Yes
76062,No
76063,No
76064,Yes
76065,Yes
76066,No
76067,Yes
76068,No
76069,No
76070,Yes
76071,No
76072,No
76073,No
76074,No
76075,No
76076,Yes
76077,Yes
76078,No
76079,Yes
76080,Yes
76081,Yes
76082,Yes
76083,No
76084,Yes
76085,No
76086,No
76087,Yes
76088,Yes
76089,No
76090,Yes
76091,No
76092,Yes
76093,Yes
76094,Yes
76095,Yes
76096,Yes
76097,No
76098,No
76099,No
76100,Yes
76101,Yes
76102,No
76103,Yes
76104,Yes
76105,Yes
76106,Yes
76107,Yes
76108,Yes
76109,No
76110,Yes
76111,Yes
76112,Yes
76113,Yes
76114,Yes
76115,No
76116,No
76117,No
76118,No
76119,No
76120,Yes
76121,Yes
76122,Yes
76123,Yes
76124,No
76125,Yes
76126,Yes
76127,Yes
76128,No
76129,Yes
76130,Yes
76131,Yes
76132,No
76133,No
76134,No
76135,Yes
76136,No
76137,Yes
76138,Yes
76139,Yes
76140,Yes
76141,Yes
76142,No
76143,Yes
76144,Yes
76145,Yes
76146,Yes
76147,Yes
76148,No
76149,Yes
76150,Yes
76151,Yes
76152,Yes
76153,Yes
76154,No
76155,Yes
76156,No
76157,Yes
76158,Yes
76159,Yes
76160,Yes
76161,No
76162,Yes
76163,Yes
76164,Yes
76165,No
76166,Yes
76167,Yes
76168,Yes
76169,Yes
76170,No
76171,Yes
76172,Yes
76173,Yes
76174,Yes
76175,No
76176,No
76177,Yes
76178,No
76179,No
76180,Yes
76181,No
76182,Yes
76183,Yes
76184,Yes
76185,Yes
76186,No
76187,No
76188,No
76189,Yes
76190,No
76191,No
76192,Yes
76193,Yes
76194,No
76195,Yes
76196,Yes
76197,Yes
76198,Yes
76199,Yes
76200,No
76201,Yes
76202,No
76203,No
76204,Yes
76205,Yes
76206,Yes
76207,No
76208,Yes
76209,Yes
76210,Yes
76211,No
76212,Yes
76213,Yes
76214,Yes
76215,Yes
76216,No
76217,Yes
76218,Yes
76219,Yes
76220,Yes
76221,No
76222,No
76223,Yes
76224,Yes
76225,No
76226,Yes
76227,Yes
76228,Yes
76229,Yes
76230,No
76231,No
76232,Yes
76233,Yes
76234,Yes
76235,Yes
76236,Yes
76237,Yes
76238,No
76239,Yes
76240,Yes
76241,Yes
76242,No
76243,Yes
76244,Yes
76245,Yes
76246,Yes
76247,Yes
76248,Yes
76249,Yes
76250,No
76251,No
76252,Yes
76253,Yes
76254,Yes
76255,Yes
76256,Yes
76257,Yes
76258,Yes
76259,No
76260,No
76261,Yes
76262,Yes
76263,No
76264,Yes
76265,Yes
76266,No
76267,Yes
76268,Yes
76269,Yes
76270,Yes
76271,Yes
76272,Yes
76273,Yes
76274,Yes
76275,Yes
76276,Yes
76277,Yes
76278,Yes
76279,Yes
76280,Yes
76281,Yes
76282,Yes
76283,Yes
76284,No
76285,Yes
76286,Yes
76287,Yes
76288,Yes
76289,Yes
76290,No
76291,No
76292,Yes
76293,No
76294,No
76295,Yes
76296,Yes
76297,Yes
76298,No
76299,Yes
76300,Yes
76301,Yes
76302,Yes
76303,No
76304,Yes
76305,No
76306,Yes
76307,Yes
76308,Yes
76309,Yes
76310,Yes
76311,No
76312,No
76313,Yes
76314,No
76315,Yes
76316,Yes
76317,Yes
76318,Yes
76319,Yes
76320,Yes
76321,Yes
76322,Yes
76323,Yes
76324,Yes
76325,No
76326,Yes
76327,Yes
76328,No
76329,No
76330,No
76331,Yes
76332,No
76333,No
76334,Yes
76335,Yes
76336,Yes
76337,No
76338,No
76339,No
76340,No
76341,No
76342,Yes
76343,No
76344,No
76345,Yes
76346,Yes
76347,Yes
76348,No
76349,No
76350,Yes
76351,Yes
76352,Yes
76353,Yes
76354,Yes
76355,Yes
76356,Yes
76357,Yes
76358,No
76359,Yes
76360,Yes
76361,No
76362,No
76363,Yes
76364,Yes
76365,Yes
76366,No
76367,Yes
76368,Yes
76369,Yes
76370,Yes
76371,Yes
76372,Yes
76373,Yes
76374,Yes
76375,No
76376,Yes
76377,Yes
76378,No
76379,Yes
76380,Yes
76381,Yes
76382,Yes
76383,Yes
76384,Yes
76385,No
76386,Yes
76387,No
76388,No
76389,Yes
76390,Yes
76391,Yes
76392,Yes
76393,Yes
76394,No
76395,Yes
76396,Yes
76397,No
76398,Yes
76399,No
76400,Yes
76401,No
76402,Yes
76403,No
76404,Yes
76405,Yes
76406,Yes
76407,No
76408,Yes
76409,Yes
76410,No
76411,Yes
76412,Yes
76413,Yes
76414,Yes
76415,Yes
76416,Yes
76417,Yes
76418,No
76419,Yes
76420,Yes
76421,Yes
76422,Yes
76423,Yes
76424,No
76425,No
76426,Yes
76427,Yes
76428,Yes
76429,Yes
76430,Yes
76431,Yes
76432,No
76433,Yes
76434,Yes
76435,Yes
76436,Yes
76437,Yes
76438,Yes
76439,No
76440,Yes
76441,Yes
76442,Yes
76443,Yes
76444,Yes
76445,Yes
76446,No
76447,Yes
76448,No
76449,Yes
76450,No
76451,Yes
76452,Yes
76453,No
76454,No
76455,Yes
76456,Yes
76457,Yes
76458,No
76459,Yes
76460,Yes
76461,No
76462,Yes
76463,Yes
76464,Yes
76465,No
76466,Yes
76467,No
76468,Yes
76469,No
76470,Yes
76471,No
76472,Yes
76473,Yes
76474,Yes
76475,Yes
76476,Yes
76477,Yes
76478,No
76479,Yes
76480,Yes
76481,Yes
76482,Yes
76483,No
76484,Yes
76485,Yes
76486,Yes
76487,Yes
76488,Yes
76489,Yes
76490,Yes
76491,No
76492,No
76493,Yes
76494,No
76495,Yes
76496,No
76497,Yes
76498,Yes
76499,No
76500,Yes
76501,Yes
76502,Yes
76503,Yes
76504,Yes
76505,Yes
76506,Yes
76507,No
76508,No
76509,Yes
76510,Yes
76511,Yes
76512,Yes
76513,No
76514,No
76515,Yes
76516,Yes
76517,No
76518,No
76519,No
76520,No
76521,Yes
76522,Yes
76523,Yes
76524,Yes
76525,Yes
76526,Yes
76527,Yes
76528,Yes
76529,Yes
76530,Yes
76531,Yes
76532,No
76533,No
76534,No
76535,No
76536,Yes
76537,No
76538,Yes
76539,No
76540,Yes
76541,Yes
76542,Yes
76543,Yes
76544,Yes
76545,Yes
76546,Yes
76547,No
76548,Yes
76549,No
76550,Yes
76551,Yes
76552,Yes
76553,Yes
76554,No
76555,No
76556,Yes
76557,Yes
76558,No
76559,Yes
76560,No
76561,Yes
76562,No
76563,Yes
76564,Yes
76565,No
76566,Yes
76567,No
76568,Yes
76569,Yes
76570,No
76571,Yes
76572,Yes
76573,Yes
76574,Yes
76575,No
76576,Yes
76577,Yes
76578,Yes
76579,Yes
76580,No
76581,Yes
76582,No
76583,Yes
76584,Yes
76585,Yes
76586,No
76587,No
76588,No
76589,Yes
76590,No
76591,Yes
76592,Yes
76593,No
76594,No
76595,Yes
76596,Yes
76597,Yes
76598,No
76599,Yes
76600,Yes
76601,Yes
76602,Yes
76603,Yes
76604,Yes
76605,No
76606,Yes
76607,Yes
76608,No
76609,Yes
76610,Yes
76611,Yes
76612,Yes
76613,No
76614,Yes
76615,Yes
76616,No
76617,Yes
76618,Yes
76619,Yes
76620,Yes
76621,Yes
76622,Yes
76623,Yes
76624,Yes
76625,No
76626,Yes
76627,Yes
76628,No
76629,No
76630,No
76631,Yes
76632,Yes
76633,Yes
76634,No
76635,No
76636,Yes
76637,Yes
76638,No
76639,No
76640,No
76641,Yes
76642,Yes
76643,Yes
76644,Yes
76645,No
76646,Yes
76647,Yes
76648,No
76649,No
76650,Yes
76651,No
76652,Yes
76653,Yes
76654,Yes
76655,Yes
76656,Yes
76657,No
76658,Yes
76659,No
76660,Yes
76661,Yes
76662,No
76663,Yes
76664,No
76665,Yes
76666,No
76667,Yes
76668,Yes
76669,Yes
76670,No
76671,Yes
76672,Yes
76673,Yes
76674,Yes
76675,Yes
76676,No
76677,Yes
76678,No
76679,No
76680,No
76681,Yes
76682,Yes
76683,No
76684,No
76685,Yes
76686,No
76687,Yes
76688,Yes
76689,Yes
76690,Yes
76691,Yes
76692,Yes
76693,No
76694,Yes
76695,No
76696,Yes
76697,Yes
76698,Yes
76699,Yes
76700,Yes
76701,No
76702,Yes
76703,No
76704,Yes
76705,Yes
76706,No
76707,Yes
76708,Yes
76709,Yes
76710,Yes
76711,Yes
76712,No
76713,Yes
76714,No
76715,No
76716,No
76717,Yes
76718,No
76719,Yes
76720,Yes
76721,Yes
76722,No
76723,No
76724,No
76725,Yes
76726,Yes
76727,Yes
76728,No
76729,Yes
76730,Yes
76731,Yes
76732,Yes
76733,Yes
76734,Yes
76735,Yes
76736,No
76737,Yes
76738,No
76739,Yes
76740,Yes
76741,Yes
76742,Yes
76743,Yes
76744,Yes
76745,Yes
76746,No
76747,No
76748,Yes
76749,Yes
76750,Yes
76751,Yes
76752,Yes
76753,Yes
76754,Yes
76755,Yes
76756,Yes
76757,Yes
76758,Yes
76759,Yes
76760,No
76761,Yes
76762,Yes
76763,Yes
76764,Yes
76765,Yes
76766,No
76767,Yes
76768,Yes
76769,No
76770,Yes
76771,Yes
76772,Yes
76773,Yes
76774,Yes
76775,No
76776,Yes
76777,Yes
76778,No
76779,No
76780,Yes
76781,Yes
76782,Yes
76783,No
76784,Yes
76785,Yes
76786,Yes
76787,Yes
76788,Yes
76789,Yes
76790,Yes
76791,Yes
76792,No
76793,Yes
76794,No
76795,Yes
76796,Yes
76797,Yes
76798,Yes
76799,Yes
76800,No
76801,Yes
76802,Yes
76803,Yes
76804,Yes
76805,Yes
76806,Yes
76807,No
76808,No
76809,No
76810,Yes
76811,Yes
76812,Yes
76813,Yes
76814,No
76815,Yes
76816,Yes
76817,No
76818,Yes
76819,Yes
76820,Yes
76821,Yes
76822,No
76823,Yes
76824,Yes
76825,Yes
76826,Yes
76827,Yes
76828,Yes
76829,Yes
76830,No
76831,Yes
76832,Yes
76833,No
76834,No
76835,Yes
76836,No
76837,Yes
76838,Yes
76839,Yes
76840,Yes
76841,Yes
76842,Yes
76843,Yes
76844,No
76845,Yes
76846,Yes
76847,Yes
76848,Yes
76849,Yes
76850,Yes
76851,No
76852,Yes
76853,No
76854,Yes
76855,Yes
76856,Yes
76857,Yes
76858,Yes
76859,Yes
76860,No
76861,Yes
76862,No
76863,No
76864,Yes
76865,No
76866,Yes
76867,Yes
76868,Yes
76869,No
76870,Yes
76871,No
76872,Yes
76873,Yes
76874,Yes
76875,Yes
76876,Yes
76877,No
76878,No
76879,Yes
76880,Yes
76881,Yes
76882,Yes
76883,Yes
76884,Yes
76885,No
76886,Yes
76887,No
76888,No
76889,Yes
76890,Yes
76891,Yes
76892,No
76893,Yes
76894,No
76895,No
76896,No
76897,Yes
76898,Yes
76899,Yes
76900,No
76901,Yes
76902,No
76903,Yes
76904,No
76905,No
76906,No
76907,Yes
76908,No
76909,No
76910,Yes
76911,Yes
76912,Yes
76913,No
76914,No
76915,No
76916,Yes
76917,No
76918,No
76919,Yes
76920,Yes
76921,Yes
76922,Yes
76923,Yes
76924,Yes
76925,Yes
76926,No
76927,Yes
76928,Yes
76929,Yes
76930,No
76931,No
76932,Yes
76933,Yes
76934,Yes
76935,No
76936,Yes
76937,Yes
76938,No
76939,Yes
76940,Yes
76941,Yes
76942,No
76943,Yes
76944,Yes
76945,No
76946,Yes
76947,Yes
76948,Yes
76949,No
76950,No
76951,Yes
76952,Yes
76953,Yes
76954,No
76955,Yes
76956,Yes
76957,Yes
76958,Yes
76959,No
76960,No
76961,Yes
76962,Yes
76963,Yes
76964,No
76965,Yes
76966,No
76967,Yes
76968,Yes
76969,Yes
76970,Yes
76971,No
76972,No
76973,Yes
76974,Yes
76975,No
76976,Yes
76977,Yes
76978,No
76979,Yes
76980,Yes
76981,Yes
76982,No
76983,No
76984,No
76985,Yes
76986,No
76987,Yes
76988,Yes
76989,Yes
76990,Yes
76991,Yes
76992,Yes
76993,Yes
76994,Yes
76995,Yes
76996,Yes
76997,Yes
76998,Yes
76999,Yes
77000,No
77001,Yes
77002,Yes
77003,No
77004,Yes
77005,Yes
77006,Yes
77007,Yes
77008,Yes
77009,Yes
77010,Yes
77011,No
77012,Yes
77013,No
77014,No
77015,No
77016,No
77017,Yes
77018,No
77019,Yes
77020,No
77021,Yes
77022,Yes
77023,Yes
77024,Yes
77025,Yes
77026,Yes
77027,Yes
77028,Yes
77029,No
77030,No
77031,Yes
77032,No
77033,Yes
77034,Yes
77035,No
77036,Yes
77037,Yes
77038,No
77039,Yes
77040,No
77041,Yes
77042,Yes
77043,Yes
77044,Yes
77045,Yes
77046,Yes
77047,Yes
77048,Yes
77049,Yes
77050,Yes
77051,No
77052,No
77053,No
77054,No
77055,Yes
77056,No
77057,Yes
77058,No
77059,No
77060,Yes
77061,Yes
77062,Yes
77063,Yes
77064,Yes
77065,Yes
77066,Yes
77067,Yes
77068,Yes
77069,No
77070,Yes
77071,No
77072,Yes
77073,Yes
77074,Yes
77075,Yes
77076,Yes
77077,No
77078,No
77079,No
77080,Yes
77081,No
77082,Yes
77083,No
77084,No
77085,Yes
77086,No
77087,Yes
77088,Yes
77089,Yes
77090,Yes
77091,No
77092,Yes
77093,Yes
77094,No
77095,Yes
77096,Yes
77097,Yes
77098,Yes
77099,No
77100,Yes
77101,Yes
77102,No
77103,No
77104,Yes
77105,Yes
77106,No
77107,Yes
77108,No
77109,Yes
77110,Yes
77111,No
77112,Yes
77113,Yes
77114,No
77115,Yes
77116,Yes
77117,Yes
77118,Yes
77119,No
77120,Yes
77121,Yes
77122,Yes
77123,Yes
77124,Yes
77125,No
77126,Yes
77127,Yes
77128,Yes
77129,Yes
77130,No
77131,Yes
77132,Yes
77133,No
77134,Yes
77135,No
77136,Yes
77137,No
77138,No
77139,Yes
77140,Yes
77141,Yes
77142,Yes
77143,Yes
77144,Yes
77145,No
77146,Yes
77147,Yes
77148,Yes
77149,No
77150,Yes
77151,Yes
77152,Yes
77153,Yes
77154,Yes
77155,Yes
77156,Yes
77157,Yes
77158,Yes
77159,Yes
77160,No
77161,Yes
77162,Yes
77163,Yes
77164,Yes
77165,No
77166,Yes
77167,Yes
77168,Yes
77169,Yes
77170,Yes
77171,No
77172,No
77173,Yes
77174,Yes
77175,No
77176,Yes
77177,No
77178,No
77179,No
77180,Yes
77181,Yes
77182,Yes
77183,Yes
77184,No
77185,No
77186,Yes
77187,Yes
77188,Yes
77189,No
77190,No
77191,Yes
77192,No
77193,No
77194,No
77195,Yes
77196,Yes
77197,Yes
77198,Yes
77199,Yes
77200,Yes
77201,Yes
77202,Yes
77203,Yes
77204,No
77205,Yes
77206,No
77207,Yes
77208,Yes
77209,Yes
77210,Yes
77211,Yes
77212,Yes
77213,Yes
77214,Yes
77215,Yes
77216,Yes
77217,Yes
77218,Yes
77219,No
77220,No
77221,Yes
77222,No
77223,Yes
77224,Yes
77225,Yes
77226,No
77227,Yes
77228,Yes
77229,Yes
77230,Yes
77231,Yes
77232,Yes
77233,Yes
77234,Yes
77235,Yes
77236,No
77237,Yes
77238,Yes
77239,No
77240,Yes
77241,Yes
77242,No
77243,No
77244,Yes
77245,Yes
77246,Yes
77247,Yes
77248,No
77249,Yes
77250,No
77251,No
77252,Yes
77253,Yes
77254,No
77255,Yes
77256,No
77257,Yes
77258,No
77259,No
77260,No
77261,Yes
77262,No
77263,Yes
77264,No
77265,No
77266,Yes
77267,Yes
77268,No
77269,No
77270,Yes
77271,No
77272,Yes
77273,No
77274,Yes
77275,Yes
77276,No
77277,No
77278,Yes
77279,Yes
77280,No
77281,Yes
77282,Yes
77283,Yes
77284,No
77285,Yes
77286,Yes
77287,Yes
77288,No
77289,No
77290,No
77291,Yes
77292,Yes
77293,No
77294,Yes
77295,No
77296,Yes
77297,No
77298,No
77299,Yes
77300,No
77301,No
77302,Yes
77303,Yes
77304,No
77305,Yes
77306,Yes
77307,Yes
77308,No
77309,No
77310,Yes
77311,Yes
77312,No
77313,Yes
77314,No
77315,No
77316,Yes
77317,No
77318,Yes
77319,Yes
77320,Yes
77321,No
77322,Yes
77323,Yes
77324,Yes
77325,Yes
77326,Yes
77327,Yes
77328,Yes
77329,No
77330,Yes
77331,Yes
77332,No
77333,Yes
77334,Yes
77335,Yes
77336,No
77337,No
77338,No
77339,Yes
77340,No
77341,Yes
77342,No
77343,Yes
77344,No
77345,No
77346,No
77347,No
77348,Yes
77349,Yes
77350,No
77351,Yes
77352,Yes
77353,Yes
77354,Yes
77355,No
77356,Yes
77357,Yes
77358,No
77359,No
77360,Yes
77361,Yes
77362,Yes
77363,Yes
77364,Yes
77365,Yes
77366,Yes
77367,Yes
77368,Yes
77369,Yes
77370,No
77371,Yes
77372,No
77373,Yes
77374,Yes
77375,No
77376,No
77377,No
77378,No
77379,Yes
77380,No
77381,Yes
77382,No
77383,Yes
77384,Yes
77385,Yes
77386,Yes
77387,Yes
77388,No
77389,Yes
77390,No
77391,Yes
77392,Yes
77393,No
77394,Yes
77395,No
77396,No
77397,Yes
77398,Yes
77399,Yes
77400,Yes
77401,Yes
77402,No
77403,No
77404,Yes
77405,No
77406,Yes
77407,No
77408,No
77409,No
77410,No
77411,No
77412,Yes
77413,No
77414,Yes
77415,No
77416,No
77417,No
77418,Yes
77419,Yes
77420,Yes
77421,Yes
77422,No
77423,Yes
77424,No
77425,No
77426,Yes
77427,Yes
77428,Yes
77429,Yes
77430,No
77431,No
77432,No
77433,No
77434,Yes
77435,Yes
77436,Yes
77437,Yes
77438,Yes
77439,No
77440,No
77441,Yes
77442,Yes
77443,Yes
77444,Yes
77445,Yes
77446,No
77447,Yes
77448,Yes
77449,Yes
77450,No
77451,Yes
77452,Yes
77453,Yes
77454,Yes
77455,Yes
77456,No
77457,No
77458,No
77459,Yes
77460,No
77461,Yes
77462,Yes
77463,Yes
77464,No
77465,Yes
77466,No
77467,Yes
77468,Yes
77469,No
77470,No
77471,Yes
77472,Yes
77473,Yes
77474,Yes
77475,Yes
77476,Yes
77477,Yes
77478,Yes
77479,Yes
77480,Yes
77481,No
77482,Yes
77483,Yes
77484,Yes
77485,Yes
77486,Yes
77487,Yes
77488,Yes
77489,No
77490,Yes
77491,Yes
77492,Yes
77493,Yes
77494,Yes
77495,No
77496,No
77497,Yes
77498,No
77499,Yes
77500,Yes
77501,Yes
77502,Yes
77503,No
77504,Yes
77505,Yes
77506,Yes
77507,No
77508,Yes
77509,Yes
77510,Yes
77511,No
77512,Yes
77513,Yes
77514,Yes
77515,No
77516,Yes
77517,Yes
77518,No
77519,Yes
77520,No
77521,Yes
77522,Yes
77523,Yes
77524,No
77525,No
77526,Yes
77527,No
77528,Yes
77529,No
77530,Yes
77531,No
77532,No
77533,Yes
77534,Yes
77535,Yes
77536,Yes
77537,Yes
77538,No
77539,Yes
77540,No
77541,Yes
77542,Yes
77543,Yes
77544,Yes
77545,Yes
77546,Yes
77547,Yes
77548,Yes
77549,Yes
77550,No
77551,Yes
77552,No
77553,Yes
77554,Yes
77555,Yes
77556,No
77557,Yes
77558,Yes
77559,No
77560,Yes
77561,Yes
77562,No
77563,Yes
77564,Yes
77565,Yes
77566,No
77567,Yes
77568,Yes
77569,No
77570,Yes
77571,Yes
77572,Yes
77573,No
77574,No
77575,Yes
77576,No
77577,No
77578,Yes
77579,Yes
77580,Yes
77581,Yes
77582,Yes
77583,No
77584,Yes
77585,No
77586,Yes
77587,Yes
77588,Yes
77589,Yes
77590,Yes
77591,Yes
77592,Yes
77593,No
77594,Yes
77595,Yes
77596,No
77597,Yes
77598,Yes
77599,Yes
77600,No
77601,Yes
77602,No
77603,No
77604,Yes
77605,Yes
77606,No
77607,Yes
77608,Yes
77609,No
77610,No
77611,Yes
77612,Yes
77613,No
77614,No
77615,Yes
77616,No
77617,Yes
77618,Yes
77619,No
77620,No
77621,No
77622,Yes
77623,Yes
77624,Yes
77625,Yes
77626,No
77627,No
77628,Yes
77629,Yes
77630,Yes
77631,No
77632,No
77633,Yes
77634,Yes
77635,Yes
77636,Yes
77637,Yes
77638,No
77639,Yes
77640,Yes
77641,No
77642,Yes
77643,No
77644,No
77645,No
77646,Yes
77647,Yes
77648,Yes
77649,Yes
77650,No
77651,Yes
77652,No
77653,Yes
77654,Yes
77655,Yes
77656,Yes
77657,Yes
77658,Yes
77659,Yes
77660,Yes
77661,Yes
77662,No
77663,Yes
77664,No
77665,Yes
77666,Yes
77667,No
77668,Yes
77669,No
77670,Yes
77671,No
77672,Yes
77673,No
77674,Yes
77675,Yes
77676,Yes
77677,Yes
77678,No
77679,No
77680,Yes
77681,Yes
77682,Yes
77683,Yes
77684,No
77685,Yes
77686,No
77687,No
77688,Yes
77689,Yes
77690,No
77691,Yes
77692,Yes
77693,No
77694,Yes
77695,No
77696,Yes
77697,Yes
77698,No
77699,Yes
77700,No
77701,Yes
77702,Yes
77703,Yes
77704,No
77705,Yes
77706,No
77707,No
77708,Yes
77709,Yes
77710,No
77711,No
77712,Yes
77713,No
77714,Yes
77715,Yes
77716,Yes
77717,No
77718,Yes
77719,No
77720,Yes
77721,Yes
77722,Yes
77723,No
77724,Yes
77725,No
77726,Yes
77727,Yes
77728,No
77729,Yes
77730,No
77731,Yes
77732,No
77733,No
77734,Yes
77735,Yes
77736,No
77737,No
77738,Yes
77739,Yes
77740,Yes
77741,Yes
77742,Yes
77743,Yes
77744,Yes
77745,Yes
77746,No
77747,No
77748,No
77749,Yes
77750,No
77751,Yes
77752,Yes
77753,Yes
77754,Yes
77755,No
77756,No
77757,No
77758,Yes
77759,Yes
77760,No
77761,Yes
77762,No
77763,No
77764,No
77765,No
77766,Yes
77767,Yes
77768,Yes
77769,No
77770,Yes
77771,Yes
77772,No
77773,Yes
77774,No
77775,Yes
77776,No
77777,Yes
77778,No
77779,No
77780,No
77781,No
77782,Yes
77783,No
77784,Yes
77785,No
77786,Yes
77787,Yes
77788,Yes
77789,Yes
77790,Yes
77791,Yes
77792,Yes
77793,No
77794,No
77795,Yes
77796,Yes
77797,Yes
77798,No
77799,Yes
77800,No
77801,No
77802,Yes
77803,No
77804,Yes
77805,Yes
77806,Yes
77807,Yes
77808,No
77809,No
77810,No
77811,Yes
77812,Yes
77813,Yes
77814,Yes
77815,No
77816,No
77817,Yes
77818,No
77819,No
77820,No
77821,Yes
77822,Yes
77823,Yes
77824,No
77825,Yes
77826,Yes
77827,Yes
77828,No
77829,Yes
77830,Yes
77831,No
77832,Yes
77833,Yes
77834,Yes
77835,Yes
77836,No
77837,Yes
77838,Yes
77839,Yes
77840,Yes
77841,Yes
77842,No
77843,Yes
77844,No
77845,Yes
77846,Yes
77847,No
77848,Yes
77849,Yes
77850,No
77851,No
77852,Yes
77853,Yes
77854,Yes
77855,Yes
77856,No
77857,No
77858,No
77859,Yes
77860,Yes
77861,Yes
77862,Yes
77863,No
77864,Yes
77865,No
77866,No
77867,No
77868,Yes
77869,Yes
77870,No
77871,Yes
77872,Yes
77873,Yes
77874,Yes
77875,No
77876,No
77877,Yes
77878,Yes
77879,Yes
77880,No
77881,No
77882,No
77883,Yes
77884,Yes
77885,Yes
77886,Yes
77887,No
77888,Yes
77889,Yes
77890,No
77891,Yes
77892,Yes
77893,Yes
77894,Yes
77895,No
77896,No
77897,Yes
77898,Yes
77899,No
77900,Yes
77901,Yes
77902,No
77903,Yes
77904,No
77905,No
77906,Yes
77907,No
77908,Yes
77909,No
77910,Yes
77911,Yes
77912,Yes
77913,Yes
77914,No
77915,No
77916,Yes
77917,No
77918,Yes
77919,No
77920,Yes
77921,No
77922,Yes
77923,Yes
77924,No
77925,No
77926,Yes
77927,Yes
77928,Yes
77929,No
77930,No
77931,Yes
77932,Yes
77933,Yes
77934,Yes
77935,Yes
77936,No
77937,Yes
77938,No
77939,Yes
77940,No
77941,Yes
77942,Yes
77943,Yes
77944,Yes
77945,Yes
77946,Yes
77947,Yes
77948,No
77949,Yes
77950,Yes
77951,No
77952,Yes
77953,Yes
77954,Yes
77955,No
77956,No
77957,Yes
77958,No
77959,Yes
77960,Yes
77961,Yes
77962,Yes
77963,Yes
77964,Yes
77965,Yes
77966,No
77967,No
77968,No
77969,Yes
77970,Yes
77971,Yes
77972,Yes
77973,Yes
77974,Yes
77975,Yes
77976,Yes
77977,No
77978,No
77979,No
77980,Yes
77981,Yes
77982,No
77983,No
77984,No
77985,Yes
77986,No
77987,No
77988,Yes
77989,No
77990,Yes
77991,Yes
77992,Yes
77993,No
77994,Yes
77995,Yes
77996,Yes
77997,No
77998,Yes
77999,No
78000,Yes
78001,Yes
78002,No
78003,No
78004,Yes
78005,No
78006,Yes
78007,Yes
78008,Yes
78009,Yes
78010,Yes
78011,No
78012,No
78013,No
78014,Yes
78015,Yes
78016,Yes
78017,Yes
78018,Yes
78019,No
78020,Yes
78021,Yes
78022,Yes
78023,Yes
78024,No
78025,Yes
78026,Yes
78027,Yes
78028,Yes
78029,Yes
78030,Yes
78031,No
78032,Yes
78033,Yes
78034,Yes
78035,Yes
78036,Yes
78037,Yes
78038,Yes
78039,Yes
78040,Yes
78041,Yes
78042,Yes
78043,Yes
78044,No
78045,Yes
78046,Yes
78047,Yes
78048,Yes
78049,Yes
78050,Yes
78051,Yes
78052,No
78053,No
78054,Yes
78055,Yes
78056,Yes
78057,Yes
78058,Yes
78059,No
78060,Yes
78061,Yes
78062,No
78063,Yes
78064,No
78065,Yes
78066,Yes
78067,Yes
78068,No
78069,Yes
78070,Yes
78071,No
78072,Yes
78073,No
78074,No
78075,Yes
78076,Yes
78077,No
78078,Yes
78079,Yes
78080,No
78081,No
78082,No
78083,Yes
78084,No
78085,No
78086,Yes
78087,Yes
78088,Yes
78089,No
78090,No
78091,Yes
78092,No
78093,No
78094,Yes
78095,No
78096,Yes
78097,Yes
78098,Yes
78099,Yes
78100,Yes
78101,Yes
78102,Yes
78103,Yes
78104,Yes
78105,Yes
78106,No
78107,Yes
78108,Yes
78109,Yes
78110,Yes
78111,Yes
78112,Yes
78113,No
78114,Yes
78115,No
78116,No
78117,Yes
78118,Yes
78119,Yes
78120,Yes
78121,No
78122,Yes
78123,No
78124,Yes
78125,Yes
78126,Yes
78127,Yes
78128,No
78129,Yes
78130,No
78131,Yes
78132,No
78133,Yes
78134,Yes
78135,Yes
78136,Yes
78137,No
78138,Yes
78139,No
78140,Yes
78141,Yes
78142,No
78143,Yes
78144,No
78145,No
78146,Yes
78147,Yes
78148,No
78149,No
78150,Yes
78151,Yes
78152,Yes
78153,Yes
78154,Yes
78155,No
78156,Yes
78157,Yes
78158,No
78159,Yes
78160,Yes
78161,No
78162,No
78163,Yes
78164,Yes
78165,Yes
78166,Yes
78167,Yes
78168,Yes
78169,No
78170,Yes
78171,Yes
78172,No
78173,No
78174,Yes
78175,Yes
78176,No
78177,No
78178,Yes
78179,Yes
78180,No
78181,Yes
78182,No
78183,No
78184,Yes
78185,Yes
78186,Yes
78187,No
78188,Yes
78189,No
78190,No
78191,Yes
78192,Yes
78193,Yes
78194,Yes
78195,No
78196,Yes
78197,Yes
78198,Yes
78199,Yes
78200,No
78201,Yes
78202,Yes
78203,Yes
78204,Yes
78205,No
78206,Yes
78207,Yes
78208,Yes
78209,Yes
78210,Yes
78211,No
78212,No
78213,No
78214,Yes
78215,No
78216,Yes
78217,Yes
78218,No
78219,Yes
78220,No
78221,No
78222,Yes
78223,No
78224,Yes
78225,No
78226,Yes
78227,Yes
78228,No
78229,No
78230,Yes
78231,Yes
78232,Yes
78233,Yes
78234,No
78235,Yes
78236,Yes
78237,Yes
78238,Yes
78239,Yes
78240,No
78241,Yes
78242,Yes
78243,Yes
78244,Yes
78245,No
78246,Yes
78247,Yes
78248,Yes
78249,Yes
78250,Yes
78251,Yes
78252,No
78253,Yes
78254,Yes
78255,Yes
78256,No
78257,No
78258,Yes
78259,Yes
78260,Yes
78261,No
78262,No
78263,Yes
78264,No
78265,Yes
78266,Yes
78267,Yes
78268,Yes
78269,No
78270,No
78271,No
78272,No
78273,Yes
78274,No
78275,Yes
78276,Yes
78277,No
78278,Yes
78279,No
78280,No
78281,Yes
78282,Yes
78283,Yes
78284,Yes
78285,Yes
78286,No
78287,No
78288,Yes
78289,Yes
78290,No
78291,Yes
78292,Yes
78293,Yes
78294,Yes
78295,Yes
78296,No
78297,No
78298,Yes
78299,Yes
78300,No
78301,Yes
78302,Yes
78303,No
78304,Yes
78305,Yes
78306,No
78307,Yes
78308,Yes
78309,Yes
78310,Yes
78311,No
78312,No
78313,No
78314,Yes
78315,Yes
78316,Yes
78317,No
78318,Yes
78319,Yes
78320,Yes
78321,Yes
78322,Yes
78323,Yes
78324,Yes
78325,No
78326,No
78327,No
78328,Yes
78329,Yes
78330,Yes
78331,No
78332,No
78333,Yes
78334,Yes
78335,No
78336,Yes
78337,Yes
78338,No
78339,No
78340,Yes
78341,Yes
78342,Yes
78343,Yes
78344,Yes
78345,Yes
78346,Yes
78347,No
78348,Yes
78349,Yes
78350,Yes
78351,Yes
78352,Yes
78353,Yes
78354,Yes
78355,Yes
78356,No
78357,Yes
78358,No
78359,Yes
78360,No
78361,No
78362,Yes
78363,Yes
78364,Yes
78365,Yes
78366,Yes
78367,Yes
78368,No
78369,Yes
78370,No
78371,Yes
78372,Yes
78373,Yes
78374,Yes
78375,Yes
78376,Yes
78377,Yes
78378,Yes
78379,No
78380,Yes
78381,Yes
78382,Yes
78383,Yes
78384,No
78385,No
78386,Yes
78387,Yes
78388,No
78389,Yes
78390,Yes
78391,Yes
78392,Yes
78393,Yes
78394,Yes
78395,No
78396,No
78397,Yes
78398,No
78399,No
78400,Yes
78401,Yes
78402,Yes
78403,No
78404,Yes
78405,Yes
78406,No
78407,Yes
78408,No
78409,Yes
78410,Yes
78411,Yes
78412,Yes
78413,Yes
78414,Yes
78415,No
78416,Yes
78417,Yes
78418,Yes
78419,Yes
78420,Yes
78421,No
78422,No
78423,No
78424,Yes
78425,Yes
78426,Yes
78427,No
78428,Yes
78429,Yes
78430,Yes
78431,Yes
78432,No
78433,Yes
78434,Yes
78435,Yes
78436,Yes
78437,Yes
78438,Yes
78439,No
78440,No
78441,No
78442,No
78443,No
78444,Yes
78445,Yes
78446,Yes
78447,Yes
78448,Yes
78449,No
78450,No
78451,Yes
78452,Yes
78453,Yes
78454,Yes
78455,Yes
78456,Yes
78457,No
78458,No
78459,No
78460,Yes
78461,Yes
78462,No
78463,Yes
78464,Yes
78465,Yes
78466,Yes
78467,Yes
78468,No
78469,No
78470,Yes
78471,Yes
78472,Yes
78473,Yes
78474,Yes
78475,No
78476,Yes
78477,No
78478,Yes
78479,Yes
78480,No
78481,Yes
78482,Yes
78483,Yes
78484,No
78485,Yes
78486,Yes
78487,No
78488,Yes
78489,No
78490,Yes
78491,No
78492,Yes
78493,Yes
78494,No
78495,No
78496,No
78497,No
78498,Yes
78499,Yes
78500,Yes
78501,No
78502,Yes
78503,Yes
78504,No
78505,No
78506,Yes
78507,No
78508,No
78509,Yes
78510,Yes
78511,No
78512,Yes
78513,Yes
78514,Yes
78515,Yes
78516,Yes
78517,No
78518,No
78519,No
78520,Yes
78521,Yes
78522,No
78523,Yes
78524,Yes
78525,Yes
78526,No
78527,Yes
78528,No
78529,Yes
78530,Yes
78531,No
78532,Yes
78533,No
78534,Yes
78535,Yes
78536,Yes
78537,Yes
78538,No
78539,No
78540,Yes
78541,Yes
78542,Yes
78543,Yes
78544,No
78545,Yes
78546,Yes
78547,Yes
78548,Yes
78549,No
78550,Yes
78551,Yes
78552,Yes
78553,No
78554,No
78555,Yes
78556,Yes
78557,Yes
78558,Yes
78559,Yes
78560,Yes
78561,Yes
78562,No
78563,Yes
78564,No
78565,Yes
78566,Yes
78567,Yes
78568,Yes
78569,No
78570,Yes
78571,Yes
78572,Yes
78573,Yes
78574,Yes
78575,No
78576,Yes
78577,Yes
78578,Yes
78579,No
78580,Yes
78581,Yes
78582,No
78583,No
78584,Yes
78585,Yes
78586,No
78587,Yes
78588,No
78589,Yes
78590,No
78591,No
78592,No
78593,No
78594,Yes
78595,Yes
78596,Yes
78597,Yes
78598,Yes
78599,Yes
78600,Yes
78601,Yes
78602,Yes
78603,Yes
78604,Yes
78605,Yes
78606,Yes
78607,Yes
78608,Yes
78609,No
78610,Yes
78611,Yes
78612,Yes
78613,No
78614,Yes
78615,No
78616,No
78617,Yes
78618,No
78619,Yes
78620,Yes
78621,Yes
78622,Yes
78623,No
78624,No
78625,Yes
78626,No
78627,Yes
78628,Yes
78629,Yes
78630,Yes
78631,No
78632,Yes
78633,No
78634,Yes
78635,Yes
78636,Yes
78637,No
78638,Yes
78639,No
78640,Yes
78641,Yes
78642,Yes
78643,No
78644,Yes
78645,Yes
78646,Yes
78647,Yes
78648,No
78649,No
78650,Yes
78651,Yes
78652,Yes
78653,Yes
78654,No
78655,Yes
78656,No
78657,No
78658,Yes
78659,No
78660,Yes
78661,No
78662,Yes
78663,Yes
78664,Yes
78665,Yes
78666,No
78667,Yes
78668,Yes
78669,Yes
78670,No
78671,Yes
78672,Yes
78673,Yes
78674,Yes
78675,No
78676,Yes
78677,No
78678,No
78679,Yes
78680,Yes
78681,No
78682,Yes
78683,No
78684,Yes
78685,Yes
78686,Yes
78687,Yes
78688,No
78689,No
78690,Yes
78691,Yes
78692,No
78693,Yes
78694,Yes
78695,Yes
78696,No
78697,No
78698,Yes
78699,No
78700,Yes
78701,Yes
78702,Yes
78703,Yes
78704,Yes
78705,Yes
78706,No
78707,No
78708,No
78709,Yes
78710,Yes
78711,No
78712,Yes
78713,Yes
78714,Yes
78715,Yes
78716,No
78717,Yes
78718,No
78719,Yes
78720,Yes
78721,Yes
78722,Yes
78723,No
78724,No
78725,Yes
78726,No
78727,No
78728,Yes
78729,Yes
78730,Yes
78731,Yes
78732,No
78733,Yes
78734,No
78735,Yes
78736,Yes
78737,No
78738,No
78739,Yes
78740,Yes
78741,Yes
78742,Yes
78743,Yes
78744,No
78745,Yes
78746,Yes
78747,No
78748,No
78749,No
78750,Yes
78751,No
78752,Yes
78753,Yes
78754,Yes
78755,Yes
78756,Yes
78757,Yes
78758,No
78759,No
78760,No
78761,No
78762,Yes
78763,No
78764,Yes
78765,Yes
78766,Yes
78767,No
78768,Yes
78769,No
78770,Yes
78771,Yes
78772,Yes
78773,Yes
78774,Yes
78775,No
78776,No
78777,Yes
78778,Yes
78779,Yes
78780,Yes
78781,Yes
78782,Yes
78783,Yes
78784,Yes
78785,Yes
78786,No
78787,Yes
78788,Yes
78789,Yes
78790,Yes
78791,Yes
78792,No
78793,No
78794,Yes
78795,No
78796,Yes
78797,Yes
78798,Yes
78799,No
78800,Yes
78801,Yes
78802,No
78803,Yes
78804,Yes
78805,Yes
78806,Yes
78807,Yes
78808,Yes
78809,Yes
78810,Yes
78811,Yes
78812,Yes
78813,No
78814,Yes
78815,No
78816,No
78817,Yes
78818,Yes
78819,Yes
78820,No
78821,No
78822,Yes
78823,Yes
78824,Yes
78825,Yes
78826,No
78827,No
78828,Yes
78829,No
78830,No
78831,Yes
78832,Yes
78833,Yes
78834,Yes
78835,Yes
78836,No
78837,Yes
78838,No
78839,Yes
78840,Yes
78841,No
78842,Yes
78843,Yes
78844,Yes
78845,Yes
78846,Yes
78847,No
78848,Yes
78849,No
78850,Yes
78851,Yes
78852,Yes
78853,No
78854,Yes
78855,Yes
78856,No
78857,Yes
78858,No
78859,Yes
78860,Yes
78861,No
78862,Yes
78863,Yes
78864,Yes
78865,Yes
78866,Yes
78867,No
78868,No
78869,Yes
78870,Yes
78871,No
78872,No
78873,No
78874,Yes
78875,Yes
78876,Yes
78877,No
78878,Yes
78879,Yes
78880,Yes
78881,No
78882,Yes
78883,Yes
78884,No
78885,Yes
78886,No
78887,Yes
78888,Yes
78889,No
78890,Yes
78891,No
78892,Yes
78893,Yes
78894,Yes
78895,No
78896,No
78897,No
78898,Yes
78899,Yes
78900,Yes
78901,Yes
78902,Yes
78903,Yes
78904,No
78905,Yes
78906,No
78907,Yes
78908,Yes
78909,Yes
78910,Yes
78911,Yes
78912,Yes
78913,No
78914,Yes
78915,Yes
78916,Yes
78917,Yes
78918,No
78919,Yes
78920,Yes
78921,No
78922,No
78923,Yes
78924,Yes
78925,Yes
78926,Yes
78927,No
78928,Yes
78929,No
78930,Yes
78931,No
78932,Yes
78933,Yes
78934,Yes
78935,Yes
78936,No
78937,Yes
78938,Yes
78939,Yes
78940,Yes
78941,Yes
78942,No
78943,Yes
78944,No
78945,No
78946,Yes
78947,Yes
78948,No
78949,No
78950,No
78951,No
78952,No
78953,Yes
78954,Yes
78955,No
78956,Yes
78957,Yes
78958,Yes
78959,Yes
78960,No
78961,No
78962,Yes
78963,No
78964,No
78965,No
78966,No
78967,Yes
78968,No
78969,Yes
78970,No
78971,Yes
78972,No
78973,Yes
78974,No
78975,Yes
78976,Yes
78977,Yes
78978,No
78979,Yes
78980,Yes
78981,Yes
78982,No
78983,Yes
78984,No
78985,Yes
78986,Yes
78987,Yes
78988,No
78989,Yes
78990,No
78991,No
78992,Yes
78993,No
78994,No
78995,No
78996,Yes
78997,Yes
78998,Yes
78999,Yes
79000,Yes
79001,Yes
79002,No
79003,Yes
79004,Yes
79005,No
79006,Yes
79007,Yes
79008,Yes
79009,Yes
79010,Yes
79011,No
79012,No
79013,Yes
79014,Yes
79015,Yes
79016,Yes
79017,No
79018,Yes
79019,Yes
79020,Yes
79021,No
79022,Yes
79023,Yes
79024,Yes
79025,Yes
79026,Yes
79027,Yes
79028,No
79029,Yes
79030,No
79031,Yes
79032,Yes
79033,Yes
79034,Yes
79035,Yes
79036,Yes
79037,Yes
79038,Yes
79039,Yes
79040,Yes
79041,Yes
79042,Yes
79043,Yes
79044,No
79045,Yes
79046,No
79047,Yes
79048,Yes
79049,No
79050,Yes
79051,Yes
79052,No
79053,No
79054,No
79055,Yes
79056,No
79057,No
79058,Yes
79059,No
79060,Yes
79061,Yes
79062,No
79063,Yes
79064,Yes
79065,Yes
79066,Yes
79067,Yes
79068,Yes
79069,No
79070,Yes
79071,Yes
79072,Yes
79073,Yes
79074,Yes
79075,Yes
79076,No
79077,Yes
79078,Yes
79079,Yes
79080,Yes
79081,No
79082,Yes
79083,Yes
79084,No
79085,Yes
79086,No
79087,Yes
79088,No
79089,Yes
79090,Yes
79091,Yes
79092,Yes
79093,Yes
79094,Yes
79095,Yes
79096,No
79097,No
79098,Yes
79099,Yes
79100,Yes
79101,No
79102,Yes
79103,Yes
79104,Yes
79105,No
79106,Yes
79107,Yes
79108,No
79109,Yes
79110,Yes
79111,Yes
79112,Yes
79113,No
79114,No
79115,Yes
79116,Yes
79117,Yes
79118,Yes
79119,Yes
79120,Yes
79121,Yes
79122,No
79123,Yes
79124,Yes
79125,No
79126,No
79127,Yes
79128,Yes
79129,Yes
79130,Yes
79131,Yes
79132,Yes
79133,Yes
79134,No
79135,Yes
79136,No
79137,Yes
79138,Yes
79139,Yes
79140,Yes
79141,Yes
79142,Yes
79143,Yes
79144,No
79145,No
79146,Yes
79147,No
79148,Yes
79149,No
79150,Yes
79151,No
79152,Yes
79153,No
79154,No
79155,Yes
79156,Yes
79157,No
79158,Yes
79159,No
79160,Yes
79161,Yes
79162,No
79163,No
79164,Yes
79165,No
79166,No
79167,No
79168,Yes
79169,Yes
79170,Yes
79171,Yes
79172,Yes
79173,Yes
79174,Yes
79175,Yes
79176,Yes
79177,Yes
79178,Yes
79179,Yes
79180,No
79181,No
79182,Yes
79183,No
79184,Yes
79185,Yes
79186,Yes
79187,Yes
79188,No
79189,No
79190,No
79191,Yes
79192,No
79193,No
79194,No
79195,Yes
79196,Yes
79197,Yes
79198,Yes
79199,Yes
79200,Yes
79201,Yes
79202,Yes
79203,Yes
79204,No
79205,No
79206,No
79207,Yes
79208,Yes
79209,No
79210,Yes
79211,Yes
79212,No
79213,No
79214,No
79215,No
79216,No
79217,Yes
79218,Yes
79219,No
79220,Yes
79221,Yes
79222,Yes
79223,No
79224,Yes
79225,Yes
79226,No
79227,Yes
79228,Yes
79229,Yes
79230,No
79231,Yes
79232,No
79233,Yes
79234,No
79235,Yes
79236,Yes
79237,No
79238,Yes
79239,Yes
79240,Yes
79241,No
79242,No
79243,Yes
79244,No
79245,No
79246,Yes
79247,Yes
79248,No
79249,No
79250,Yes
79251,Yes
79252,Yes
79253,No
79254,No
79255,Yes
79256,Yes
79257,No
79258,Yes
79259,Yes
79260,Yes
79261,No
79262,Yes
79263,Yes
79264,Yes
79265,Yes
79266,Yes
79267,No
79268,Yes
79269,Yes
79270,No
79271,Yes
79272,Yes
79273,Yes
79274,Yes
79275,No
79276,Yes
79277,Yes
79278,Yes
79279,No
79280,No
79281,No
79282,Yes
79283,Yes
79284,No
79285,Yes
79286,Yes
79287,No
79288,No
79289,Yes
79290,No
79291,No
79292,Yes
79293,No
79294,Yes
79295,Yes
79296,Yes
79297,Yes
79298,Yes
79299,No
79300,Yes
79301,Yes
79302,Yes
79303,No
79304,Yes
79305,Yes
79306,No
79307,No
79308,Yes
79309,Yes
79310,Yes
79311,Yes
79312,Yes
79313,Yes
79314,Yes
79315,Yes
79316,No
79317,Yes
79318,Yes
79319,No
79320,Yes
79321,Yes
79322,Yes
79323,No
79324,No
79325,Yes
79326,No
79327,Yes
79328,Yes
79329,Yes
79330,Yes
79331,Yes
79332,No
79333,No
79334,Yes
79335,No
79336,No
79337,No
79338,No
79339,Yes
79340,Yes
79341,Yes
79342,Yes
79343,No
79344,Yes
79345,Yes
79346,Yes
79347,No
79348,Yes
79349,Yes
79350,Yes
79351,No
79352,No
79353,Yes
79354,Yes
79355,Yes
79356,Yes
79357,No
79358,No
79359,Yes
79360,Yes
79361,Yes
79362,Yes
79363,Yes
79364,No
79365,Yes
79366,Yes
79367,Yes
79368,Yes
79369,No
79370,Yes
79371,No
79372,Yes
79373,Yes
79374,No
79375,Yes
79376,Yes
79377,No
79378,No
79379,No
79380,Yes
79381,No
79382,Yes
79383,Yes
79384,Yes
79385,Yes
79386,Yes
79387,Yes
79388,Yes
79389,Yes
79390,Yes
79391,Yes
79392,Yes
79393,Yes
79394,No
79395,Yes
79396,No
79397,Yes
79398,No
79399,Yes
79400,Yes
79401,No
79402,Yes
79403,Yes
79404,No
79405,Yes
79406,Yes
79407,Yes
79408,Yes
79409,Yes
79410,Yes
79411,Yes
79412,Yes
79413,Yes
79414,Yes
79415,No
79416,No
79417,No
79418,Yes
79419,Yes
79420,No
79421,Yes
79422,Yes
79423,Yes
79424,No
79425,Yes
79426,Yes
79427,Yes
79428,Yes
79429,Yes
79430,No
79431,Yes
79432,Yes
79433,Yes
79434,Yes
79435,Yes
79436,Yes
79437,No
79438,Yes
79439,Yes
79440,Yes
79441,No
79442,Yes
79443,No
79444,Yes
79445,No
79446,Yes
79447,Yes
79448,Yes
79449,Yes
79450,Yes
79451,Yes
79452,Yes
79453,No
79454,Yes
79455,No
79456,Yes
79457,No
79458,No
79459,Yes
79460,Yes
79461,Yes
79462,No
79463,Yes
79464,No
79465,Yes
79466,Yes
79467,Yes
79468,No
79469,No
79470,No
79471,No
79472,Yes
79473,Yes
79474,No
79475,No
79476,Yes
79477,Yes
79478,No
79479,No
79480,Yes
79481,Yes
79482,Yes
79483,Yes
79484,Yes
79485,No
79486,Yes
79487,Yes
79488,Yes
79489,Yes
79490,No
79491,Yes
79492,Yes
79493,Yes
79494,Yes
79495,Yes
79496,No
79497,Yes
79498,Yes
79499,Yes
79500,No
79501,No
79502,Yes
79503,Yes
79504,Yes
79505,Yes
79506,Yes
79507,Yes
79508,Yes
79509,No
79510,Yes
79511,Yes
79512,No
79513,Yes
79514,No
79515,Yes
79516,Yes
79517,No
79518,No
79519,Yes
79520,No
79521,No
79522,Yes
79523,Yes
79524,No
79525,No
79526,Yes
79527,Yes
79528,Yes
79529,Yes
79530,Yes
79531,Yes
79532,Yes
79533,Yes
79534,Yes
79535,No
79536,No
79537,Yes
79538,No
79539,Yes
79540,Yes
79541,Yes
79542,No
79543,No
79544,No
79545,Yes
79546,No
79547,Yes
79548,Yes
79549,Yes
79550,No
79551,No
79552,No
79553,Yes
79554,No
79555,Yes
79556,No
79557,Yes
79558,Yes
79559,Yes
79560,No
79561,No
79562,Yes
79563,Yes
79564,Yes
79565,Yes
79566,Yes
79567,No
79568,Yes
79569,No
79570,Yes
79571,No
79572,Yes
79573,Yes
79574,Yes
79575,No
79576,Yes
79577,Yes
79578,No
79579,No
79580,No
79581,Yes
79582,Yes
79583,Yes
79584,Yes
79585,Yes
79586,Yes
79587,Yes
79588,Yes
79589,Yes
79590,No
79591,Yes
79592,Yes
79593,Yes
79594,Yes
79595,Yes
79596,Yes
79597,Yes
79598,Yes
79599,No
79600,Yes
79601,Yes
79602,No
79603,Yes
79604,Yes
79605,Yes
79606,Yes
79607,No
79608,No
79609,No
79610,No
79611,Yes
79612,Yes
79613,No
79614,Yes
79615,No
79616,No
79617,Yes
79618,Yes
79619,Yes
79620,Yes
79621,Yes
79622,Yes
79623,Yes
79624,No
79625,Yes
79626,No
79627,No
79628,Yes
79629,Yes
79630,Yes
79631,Yes
79632,Yes
79633,No
79634,No
79635,Yes
79636,No
79637,Yes
79638,No
79639,Yes
79640,Yes
79641,No
79642,Yes
79643,No
79644,Yes
79645,Yes
79646,Yes
79647,Yes
79648,Yes
79649,No
79650,No
79651,No
79652,Yes
79653,No
79654,Yes
79655,Yes
79656,No
79657,Yes
79658,Yes
79659,Yes
79660,Yes
79661,Yes
79662,Yes
79663,Yes
79664,Yes
79665,Yes
79666,Yes
79667,Yes
79668,Yes
79669,No
79670,Yes
79671,No
79672,Yes
79673,Yes
79674,Yes
79675,Yes
79676,Yes
79677,Yes
79678,Yes
79679,No
79680,No
79681,Yes
79682,No
79683,Yes
79684,No
79685,Yes
79686,Yes
79687,No
79688,Yes
79689,Yes
79690,No
79691,Yes
79692,No
79693,Yes
79694,Yes
79695,No
79696,No
79697,No
79698,Yes
79699,No
79700,No
79701,Yes
79702,No
79703,No
79704,Yes
79705,Yes
79706,No
79707,Yes
79708,Yes
79709,Yes
79710,Yes
79711,No
79712,No
79713,No
79714,Yes
79715,Yes
79716,Yes
79717,No
79718,Yes
79719,No
79720,Yes
79721,Yes
79722,No
79723,Yes
79724,No
79725,Yes
79726,Yes
79727,No
79728,No
79729,Yes
79730,No
79731,Yes
79732,No
79733,Yes
79734,Yes
79735,No
79736,No
79737,Yes
79738,No
79739,No
79740,No
79741,No
79742,No
79743,Yes
79744,Yes
79745,Yes
79746,Yes
79747,Yes
79748,Yes
79749,Yes
79750,Yes
79751,Yes
79752,Yes
79753,Yes
79754,No
79755,No
79756,No
79757,Yes
79758,No
79759,Yes
79760,Yes
79761,Yes
79762,Yes
79763,No
79764,No
79765,No
79766,Yes
79767,No
79768,No
79769,No
79770,Yes
79771,Yes
79772,No
79773,No
79774,Yes
79775,No
79776,No
79777,Yes
79778,Yes
79779,No
79780,No
79781,No
79782,Yes
79783,Yes
79784,No
79785,Yes
79786,Yes
79787,Yes
79788,No
79789,Yes
79790,Yes
79791,No
79792,Yes
79793,Yes
79794,Yes
79795,No
79796,No
79797,Yes
79798,Yes
79799,Yes
79800,Yes
79801,Yes
79802,No
79803,Yes
79804,No
79805,Yes
79806,Yes
79807,Yes
79808,Yes
79809,No
79810,Yes
79811,Yes
79812,Yes
79813,Yes
79814,No
79815,Yes
79816,Yes
79817,Yes
79818,Yes
79819,Yes
79820,Yes
79821,Yes
79822,No
79823,No
79824,No
79825,Yes
79826,Yes
79827,Yes
79828,Yes
79829,Yes
79830,Yes
79831,Yes
79832,Yes
79833,Yes
79834,Yes
79835,Yes
79836,No
79837,Yes
79838,No
79839,Yes
79840,Yes
79841,Yes
79842,Yes
79843,Yes
79844,Yes
79845,No
79846,Yes
79847,Yes
79848,Yes
79849,No
79850,No
79851,No
79852,Yes
79853,No
79854,Yes
79855,No
79856,No
79857,No
79858,Yes
79859,Yes
79860,Yes
79861,Yes
79862,Yes
79863,Yes
79864,Yes
79865,No
79866,No
79867,Yes
79868,Yes
79869,Yes
79870,Yes
79871,Yes
79872,Yes
79873,No
79874,No
79875,Yes
79876,No
79877,Yes
79878,Yes
79879,Yes
79880,Yes
79881,Yes
79882,Yes
79883,Yes
79884,Yes
79885,Yes
79886,Yes
79887,No
79888,Yes
79889,Yes
79890,Yes
79891,No
79892,No
79893,Yes
79894,No
79895,No
79896,Yes
79897,Yes
79898,No
79899,Yes
79900,No
79901,No
79902,No
79903,Yes
79904,Yes
79905,Yes
79906,No
79907,No
79908,Yes
79909,Yes
79910,Yes
79911,Yes
79912,Yes
79913,No
79914,No
79915,Yes
79916,No
79917,Yes
79918,Yes
79919,No
79920,No
79921,No
79922,Yes
79923,Yes
79924,Yes
79925,Yes
79926,No
79927,No
79928,No
79929,No
79930,Yes
79931,Yes
79932,No
79933,Yes
79934,Yes
79935,No
79936,Yes
79937,Yes
79938,Yes
79939,Yes
79940,Yes
79941,Yes
79942,No
79943,No
79944,Yes
79945,Yes
79946,Yes
79947,Yes
79948,Yes
79949,No
79950,No
79951,No
79952,Yes
79953,No
79954,Yes
79955,Yes
79956,Yes
79957,Yes
79958,Yes
79959,Yes
79960,Yes
79961,No
79962,No
79963,Yes
79964,No
79965,Yes
79966,Yes
79967,No
79968,Yes
79969,Yes
79970,Yes
79971,Yes
79972,Yes
79973,Yes
79974,Yes
79975,Yes
79976,Yes
79977,No
79978,No
79979,No
79980,No
79981,No
79982,No
79983,No
79984,Yes
79985,Yes
79986,Yes
79987,Yes
79988,No
79989,Yes
79990,No
79991,No
79992,Yes
79993,Yes
79994,No
79995,No
79996,No
79997,Yes
79998,Yes
79999,No
80000,Yes
80001,Yes
80002,Yes
80003,Yes
80004,No
80005,Yes
80006,Yes
80007,Yes
80008,Yes
80009,Yes
80010,Yes
80011,Yes
80012,Yes
80013,Yes
80014,Yes
80015,Yes
80016,Yes
80017,No
80018,Yes
80019,Yes
80020,Yes
80021,Yes
80022,Yes
80023,No
80024,Yes
80025,Yes
80026,No
80027,No
80028,Yes
80029,Yes
80030,Yes
80031,No
80032,No
80033,Yes
80034,Yes
80035,Yes
80036,Yes
80037,Yes
80038,Yes
80039,Yes
80040,No
80041,Yes
80042,No
80043,Yes
80044,Yes
80045,Yes
80046,Yes
80047,Yes
80048,Yes
80049,Yes
80050,Yes
80051,Yes
80052,Yes
80053,No
80054,No
80055,No
80056,Yes
80057,Yes
80058,Yes
80059,No
80060,No
80061,Yes
80062,Yes
80063,Yes
80064,No
80065,No
80066,No
80067,No
80068,Yes
80069,No
80070,No
80071,Yes
80072,Yes
80073,No
80074,Yes
80075,Yes
80076,No
80077,Yes
80078,No
80079,Yes
80080,Yes
80081,Yes
80082,No
80083,No
80084,Yes
80085,Yes
80086,No
80087,No
80088,No
80089,Yes
80090,Yes
80091,Yes
80092,Yes
80093,No
80094,Yes
80095,Yes
80096,Yes
80097,No
80098,Yes
80099,Yes
80100,Yes
80101,Yes
80102,Yes
80103,Yes
80104,Yes
80105,Yes
80106,Yes
80107,No
80108,Yes
80109,Yes
80110,Yes
80111,Yes
80112,Yes
80113,Yes
80114,No
80115,Yes
80116,Yes
80117,Yes
80118,Yes
80119,Yes
80120,No
80121,No
80122,No
80123,Yes
80124,No
80125,Yes
80126,Yes
80127,Yes
80128,No
80129,No
80130,Yes
80131,No
80132,Yes
80133,Yes
80134,Yes
80135,Yes
80136,No
80137,Yes
80138,Yes
80139,Yes
80140,Yes
80141,Yes
80142,Yes
80143,No
80144,No
80145,No
80146,No
80147,Yes
80148,Yes
80149,Yes
80150,No
80151,Yes
80152,Yes
80153,Yes
80154,Yes
80155,Yes
80156,No
80157,Yes
80158,No
80159,No
80160,Yes
80161,No
80162,No
80163,No
80164,Yes
80165,No
80166,Yes
80167,No
80168,Yes
80169,No
80170,No
80171,Yes
80172,No
80173,Yes
80174,Yes
80175,No
80176,No
80177,No
80178,No
80179,Yes
80180,No
80181,Yes
80182,No
80183,Yes
80184,No
80185,No
80186,Yes
80187,Yes
80188,No
80189,Yes
80190,No
80191,Yes
80192,No
80193,No
80194,Yes
80195,No
80196,No
80197,Yes
80198,Yes
80199,Yes
80200,Yes
80201,No
80202,No
80203,Yes
80204,Yes
80205,Yes
80206,No
80207,Yes
80208,Yes
80209,No
80210,Yes
80211,Yes
80212,No
80213,Yes
80214,Yes
80215,Yes
80216,Yes
80217,No
80218,Yes
80219,No
80220,No
80221,No
80222,No
80223,Yes
80224,No
80225,Yes
80226,Yes
80227,Yes
80228,Yes
80229,No
80230,No
80231,Yes
80232,Yes
80233,Yes
80234,Yes
80235,Yes
80236,No
80237,Yes
80238,Yes
80239,No
80240,Yes
80241,Yes
80242,Yes
80243,Yes
80244,No
80245,No
80246,No
80247,No
80248,Yes
80249,Yes
80250,Yes
80251,Yes
80252,No
80253,Yes
80254,Yes
80255,No
80256,Yes
80257,No
80258,Yes
80259,Yes
80260,No
80261,No
80262,Yes
80263,Yes
80264,Yes
80265,Yes
80266,No
80267,Yes
80268,Yes
80269,Yes
80270,No
80271,Yes
80272,No
80273,Yes
80274,No
80275,Yes
80276,No
80277,Yes
80278,Yes
80279,Yes
80280,Yes
80281,Yes
80282,Yes
80283,Yes
80284,Yes
80285,No
80286,Yes
80287,No
80288,No
80289,No
80290,Yes
80291,No
80292,Yes
80293,Yes
80294,Yes
80295,Yes
80296,Yes
80297,No
80298,No
80299,Yes
80300,No
80301,Yes
80302,Yes
80303,Yes
80304,Yes
80305,Yes
80306,Yes
80307,No
80308,Yes
80309,Yes
80310,Yes
80311,Yes
80312,Yes
80313,No
80314,Yes
80315,Yes
80316,Yes
80317,No
80318,Yes
80319,Yes
80320,No
80321,Yes
80322,No
80323,Yes
80324,No
80325,No
80326,No
80327,Yes
80328,Yes
80329,Yes
80330,Yes
80331,No
80332,Yes
80333,No
80334,Yes
80335,No
80336,Yes
80337,Yes
80338,Yes
80339,Yes
80340,No
80341,Yes
80342,Yes
80343,Yes
80344,No
80345,Yes
80346,Yes
80347,No
80348,Yes
80349,No
80350,Yes
80351,Yes
80352,No
80353,Yes
80354,No
80355,Yes
80356,Yes
80357,Yes
80358,Yes
80359,Yes
80360,No
80361,Yes
80362,No
80363,No
80364,Yes
80365,Yes
80366,Yes
80367,No
80368,Yes
80369,No
80370,Yes
80371,Yes
80372,Yes
80373,Yes
80374,Yes
80375,Yes
80376,No
80377,Yes
80378,Yes
80379,No
80380,No
80381,Yes
80382,Yes
80383,Yes
80384,Yes
80385,Yes
80386,Yes
80387,Yes
80388,No
80389,Yes
80390,No
80391,Yes
80392,No
80393,No
80394,No
80395,Yes
80396,Yes
80397,Yes
80398,No
80399,No
80400,Yes
80401,Yes
80402,Yes
80403,Yes
80404,Yes
80405,Yes
80406,Yes
80407,No
80408,Yes
80409,Yes
80410,No
80411,Yes
80412,Yes
80413,No
80414,Yes
80415,No
80416,Yes
80417,No
80418,Yes
80419,Yes
80420,Yes
80421,No
80422,Yes
80423,Yes
80424,No
80425,Yes
80426,Yes
80427,Yes
80428,No
80429,No
80430,Yes
80431,Yes
80432,Yes
80433,Yes
80434,Yes
80435,No
80436,Yes
80437,Yes
80438,No
80439,Yes
80440,Yes
80441,Yes
80442,Yes
80443,Yes
80444,No
80445,Yes
80446,Yes
80447,No
80448,Yes
80449,Yes
80450,Yes
80451,No
80452,Yes
80453,Yes
80454,No
80455,Yes
80456,Yes
80457,No
80458,Yes
80459,No
80460,No
80461,Yes
80462,Yes
80463,Yes
80464,No
80465,Yes
80466,No
80467,Yes
80468,No
80469,No
80470,No
80471,No
80472,No
80473,Yes
80474,Yes
80475,Yes
80476,No
80477,Yes
80478,Yes
80479,Yes
80480,Yes
80481,No
80482,Yes
80483,Yes
80484,Yes
80485,Yes
80486,Yes
80487,No
80488,Yes
80489,Yes
80490,No
80491,Yes
80492,No
80493,Yes
80494,Yes
80495,Yes
80496,No
80497,Yes
80498,Yes
80499,Yes
80500,No
80501,No
80502,Yes
80503,Yes
80504,No
80505,No
80506,Yes
80507,No
80508,No
80509,Yes
80510,No
80511,Yes
80512,Yes
80513,Yes
80514,No
80515,Yes
80516,Yes
80517,No
80518,No
80519,Yes
80520,Yes
80521,Yes
80522,Yes
80523,Yes
80524,Yes
80525,Yes
80526,Yes
80527,Yes
80528,No
80529,Yes
80530,Yes
80531,Yes
80532,Yes
80533,Yes
80534,No
80535,Yes
80536,No
80537,Yes
80538,Yes
80539,No
80540,Yes
80541,Yes
80542,No
80543,No
80544,Yes
80545,Yes
80546,Yes
80547,Yes
80548,Yes
80549,Yes
80550,Yes
80551,No
80552,No
80553,No
80554,Yes
80555,Yes
80556,No
80557,Yes
80558,No
80559,Yes
80560,Yes
80561,Yes
80562,Yes
80563,Yes
80564,Yes
80565,Yes
80566,No
80567,Yes
80568,Yes
80569,Yes
80570,Yes
80571,Yes
80572,No
80573,Yes
80574,Yes
80575,No
80576,Yes
80577,Yes
80578,Yes
80579,Yes
80580,Yes
80581,No
80582,No
80583,Yes
80584,Yes
80585,Yes
80586,No
80587,No
80588,Yes
80589,Yes
80590,No
80591,No
80592,Yes
80593,Yes
80594,Yes
80595,Yes
80596,Yes
80597,Yes
80598,Yes
80599,No
80600,Yes
80601,No
80602,No
80603,Yes
80604,No
80605,Yes
80606,Yes
80607,Yes
80608,Yes
80609,Yes
80610,Yes
80611,No
80612,Yes
80613,Yes
80614,Yes
80615,Yes
80616,Yes
80617,Yes
80618,No
80619,Yes
80620,Yes
80621,Yes
80622,Yes
80623,Yes
80624,No
80625,Yes
80626,Yes
80627,Yes
80628,No
80629,Yes
80630,Yes
80631,Yes
80632,Yes
80633,Yes
80634,Yes
80635,Yes
80636,No
80637,No
80638,Yes
80639,Yes
80640,Yes
80641,Yes
80642,Yes
80643,No
80644,Yes
80645,Yes
80646,No
80647,Yes
80648,Yes
80649,No
80650,No
80651,Yes
80652,Yes
80653,Yes
80654,No
80655,Yes
80656,No
80657,Yes
80658,Yes
80659,Yes
80660,Yes
80661,No
80662,No
80663,Yes
80664,Yes
80665,Yes
80666,Yes
80667,No
80668,No
80669,No
80670,Yes
80671,No
80672,Yes
80673,No
80674,Yes
80675,No
80676,No
80677,No
80678,Yes
80679,Yes
80680,No
80681,No
80682,Yes
80683,Yes
80684,Yes
80685,Yes
80686,Yes
80687,No
80688,Yes
80689,No
80690,No
80691,No
80692,No
80693,Yes
80694,Yes
80695,Yes
80696,No
80697,No
80698,No
80699,Yes
80700,No
80701,Yes
80702,Yes
80703,No
80704,Yes
80705,Yes
80706,No
80707,Yes
80708,Yes
80709,No
80710,Yes
80711,Yes
80712,No
80713,No
80714,Yes
80715,No
80716,No
80717,No
80718,No
80719,Yes
80720,Yes
80721,Yes
80722,Yes
80723,Yes
80724,Yes
80725,Yes
80726,Yes
80727,No
80728,No
80729,No
80730,No
80731,No
80732,Yes
80733,Yes
80734,Yes
80735,Yes
80736,Yes
80737,Yes
80738,Yes
80739,No
80740,Yes
80741,Yes
80742,Yes
80743,No
80744,No
80745,Yes
80746,No
80747,Yes
80748,Yes
80749,No
80750,Yes
80751,Yes
80752,No
80753,Yes
80754,Yes
80755,Yes
80756,No
80757,Yes
80758,Yes
80759,Yes
80760,Yes
80761,Yes
80762,Yes
80763,Yes
80764,Yes
80765,Yes
80766,Yes
80767,No
80768,Yes
80769,Yes
80770,Yes
80771,Yes
80772,No
80773,Yes
80774,Yes
80775,Yes
80776,No
80777,No
80778,Yes
80779,Yes
80780,Yes
80781,Yes
80782,Yes
80783,Yes
80784,No
80785,No
80786,Yes
80787,No
80788,Yes
80789,Yes
80790,No
80791,Yes
80792,No
80793,No
80794,Yes
80795,No
80796,No
80797,No
80798,Yes
80799,Yes
80800,No
80801,No
80802,Yes
80803,No
80804,Yes
80805,Yes
80806,No
80807,Yes
80808,Yes
80809,Yes
80810,No
80811,No
80812,No
80813,Yes
80814,No
80815,Yes
80816,No
80817,Yes
80818,No
80819,Yes
80820,Yes
80821,Yes
80822,No
80823,Yes
80824,Yes
80825,No
80826,No
80827,No
80828,Yes
80829,Yes
80830,No
80831,No
80832,Yes
80833,Yes
80834,Yes
80835,Yes
80836,Yes
80837,No
80838,No
80839,Yes
80840,Yes
80841,No
80842,Yes
80843,Yes
80844,No
80845,No
80846,Yes
80847,Yes
80848,Yes
80849,No
80850,Yes
80851,Yes
80852,Yes
80853,No
80854,No
80855,No
80856,Yes
80857,Yes
80858,Yes
80859,Yes
80860,Yes
80861,Yes
80862,No
80863,No
80864,Yes
80865,Yes
80866,Yes
80867,Yes
80868,Yes
80869,Yes
80870,Yes
80871,Yes
80872,Yes
80873,No
80874,No
80875,Yes
80876,No
80877,Yes
80878,No
80879,Yes
80880,No
80881,No
80882,No
80883,Yes
80884,Yes
80885,No
80886,Yes
80887,Yes
80888,Yes
80889,Yes
80890,No
80891,Yes
80892,Yes
80893,Yes
80894,Yes
80895,Yes
80896,Yes
80897,Yes
80898,No
80899,Yes
80900,Yes
80901,Yes
80902,Yes
80903,No
80904,Yes
80905,Yes
80906,Yes
80907,Yes
80908,No
80909,Yes
80910,No
80911,Yes
80912,No
80913,Yes
80914,Yes
80915,Yes
80916,Yes
80917,No
80918,Yes
80919,No
80920,No
80921,No
80922,No
80923,Yes
80924,Yes
80925,Yes
80926,Yes
80927,No
80928,Yes
80929,No
80930,Yes
80931,Yes
80932,Yes
80933,Yes
80934,Yes
80935,No
80936,Yes
80937,Yes
80938,Yes
80939,Yes
80940,No
80941,No
80942,No
80943,Yes
80944,Yes
80945,No
80946,Yes
80947,No
80948,Yes
80949,Yes
80950,No
80951,No
80952,Yes
80953,No
80954,No
80955,No
80956,Yes
80957,Yes
80958,Yes
80959,Yes
80960,Yes
80961,Yes
80962,Yes
80963,Yes
80964,No
80965,Yes
80966,Yes
80967,No
80968,Yes
80969,Yes
80970,Yes
80971,Yes
80972,Yes
80973,Yes
80974,Yes
80975,Yes
80976,No
80977,Yes
80978,No
80979,Yes
80980,Yes
80981,Yes
80982,Yes
80983,Yes
80984,Yes
80985,Yes
80986,Yes
80987,Yes
80988,Yes
80989,Yes
80990,No
80991,No
80992,No
80993,Yes
80994,Yes
80995,No
80996,Yes
80997,No
80998,Yes
80999,Yes
81000,Yes
81001,No
81002,No
81003,Yes
81004,Yes
81005,No
81006,No
81007,Yes
81008,Yes
81009,Yes
81010,No
81011,No
81012,Yes
81013,Yes
81014,Yes
81015,Yes
81016,Yes
81017,No
81018,No
81019,Yes
81020,Yes
81021,Yes
81022,No
81023,Yes
81024,Yes
81025,Yes
81026,Yes
81027,Yes
81028,Yes
81029,No
81030,Yes
81031,Yes
81032,No
81033,Yes
81034,Yes
81035,No
81036,Yes
81037,Yes
81038,Yes
81039,Yes
81040,No
81041,Yes
81042,Yes
81043,No
81044,Yes
81045,Yes
81046,No
81047,No
81048,Yes
81049,No
81050,Yes
81051,Yes
81052,Yes
81053,Yes
81054,No
81055,Yes
81056,Yes
81057,No
81058,Yes
81059,Yes
81060,No
81061,Yes
81062,Yes
81063,No
81064,Yes
81065,Yes
81066,Yes
81067,Yes
81068,Yes
81069,Yes
81070,Yes
81071,Yes
81072,No
81073,Yes
81074,No
81075,No
81076,No
81077,Yes
81078,Yes
81079,No
81080,Yes
81081,Yes
81082,No
81083,Yes
81084,Yes
81085,No
81086,Yes
81087,Yes
81088,No
81089,Yes
81090,Yes
81091,Yes
81092,Yes
81093,No
81094,No
81095,Yes
81096,Yes
81097,No
81098,Yes
81099,Yes
81100,Yes
81101,Yes
81102,Yes
81103,Yes
81104,No
81105,No
81106,Yes
81107,Yes
81108,Yes
81109,Yes
81110,Yes
81111,Yes
81112,Yes
81113,Yes
81114,Yes
81115,No
81116,Yes
81117,Yes
81118,No
81119,No
81120,No
81121,Yes
81122,Yes
81123,Yes
81124,No
81125,Yes
81126,Yes
81127,Yes
81128,Yes
81129,No
81130,Yes
81131,Yes
81132,Yes
81133,Yes
81134,Yes
81135,No
81136,Yes
81137,Yes
81138,No
81139,Yes
81140,Yes
81141,No
81142,Yes
81143,Yes
81144,Yes
81145,Yes
81146,No
81147,Yes
81148,No
81149,No
81150,Yes
81151,Yes
81152,Yes
81153,Yes
81154,Yes
81155,No
81156,Yes
81157,Yes
81158,Yes
81159,Yes
81160,Yes
81161,No
81162,Yes
81163,Yes
81164,Yes
81165,Yes
81166,No
81167,Yes
81168,Yes
81169,No
81170,Yes
81171,No
81172,No
81173,Yes
81174,No
81175,Yes
81176,Yes
81177,No
81178,No
81179,Yes
81180,Yes
81181,Yes
81182,Yes
81183,Yes
81184,Yes
81185,Yes
81186,Yes
81187,Yes
81188,Yes
81189,Yes
81190,No
81191,Yes
81192,No
81193,Yes
81194,Yes
81195,Yes
81196,No
81197,Yes
81198,Yes
81199,No
81200,No
81201,Yes
81202,No
81203,Yes
81204,No
81205,Yes
81206,No
81207,Yes
81208,Yes
81209,No
81210,No
81211,No
81212,Yes
81213,Yes
81214,Yes
81215,Yes
81216,Yes
81217,Yes
81218,Yes
81219,No
81220,Yes
81221,No
81222,No
81223,Yes
81224,Yes
81225,Yes
81226,No
81227,Yes
81228,Yes
81229,Yes
81230,Yes
81231,No
81232,No
81233,Yes
81234,Yes
81235,No
81236,Yes
81237,No
81238,No
81239,Yes
81240,No
81241,No
81242,No
81243,Yes
81244,Yes
81245,Yes
81246,Yes
81247,Yes
81248,Yes
81249,No
81250,Yes
81251,Yes
81252,No
81253,Yes
81254,No
81255,No
81256,Yes
81257,No
81258,Yes
81259,No
81260,Yes
81261,No
81262,Yes
81263,No
81264,No
81265,Yes
81266,No
81267,Yes
81268,Yes
81269,No
81270,No
81271,Yes
81272,Yes
81273,No
81274,Yes
81275,Yes
81276,No
81277,No
81278,Yes
81279,Yes
81280,Yes
81281,No
81282,No
81283,No
81284,Yes
81285,No
81286,No
81287,No
81288,No
81289,Yes
81290,No
81291,Yes
81292,Yes
81293,Yes
81294,Yes
81295,Yes
81296,No
81297,No
81298,No
81299,Yes
81300,No
81301,Yes
81302,Yes
81303,No
81304,No
81305,No
81306,No
81307,Yes
81308,No
81309,Yes
81310,Yes
81311,No
81312,Yes
81313,No
81314,No
81315,Yes
81316,Yes
81317,Yes
81318,No
81319,No
81320,No
81321,Yes
81322,No
81323,Yes
81324,No
81325,Yes
81326,Yes
81327,No
81328,Yes
81329,No
81330,No
81331,Yes
81332,Yes
81333,Yes
81334,Yes
81335,No
81336,Yes
81337,No
81338,Yes
81339,Yes
81340,Yes
81341,No
81342,No
81343,Yes
81344,No
81345,No
81346,No
81347,No
81348,Yes
81349,Yes
81350,Yes
81351,Yes
81352,Yes
81353,Yes
81354,Yes
81355,Yes
81356,Yes
81357,Yes
81358,Yes
81359,Yes
81360,No
81361,Yes
81362,Yes
81363,Yes
81364,Yes
81365,Yes
81366,No
81367,No
81368,Yes
81369,No
81370,Yes
81371,Yes
81372,Yes
81373,No
81374,Yes
81375,No
81376,Yes
81377,Yes
81378,Yes
81379,Yes
81380,Yes
81381,Yes
81382,Yes
81383,Yes
81384,Yes
81385,Yes
81386,No
81387,No
81388,Yes
81389,No
81390,Yes
81391,Yes
81392,No
81393,Yes
81394,No
81395,No
81396,No
81397,No
81398,Yes
81399,No
81400,Yes
81401,No
81402,No
81403,Yes
81404,Yes
81405,Yes
81406,Yes
81407,Yes
81408,Yes
81409,No
81410,No
81411,Yes
81412,No
81413,Yes
81414,No
81415,Yes
81416,Yes
81417,Yes
81418,Yes
81419,No
81420,No
81421,Yes
81422,Yes
81423,No
81424,Yes
81425,No
81426,No
81427,Yes
81428,Yes
81429,No
81430,Yes
81431,Yes
81432,Yes
81433,No
81434,Yes
81435,Yes
81436,Yes
81437,Yes
81438,No
81439,No
81440,Yes
81441,Yes
81442,Yes
81443,Yes
81444,Yes
81445,No
81446,No
81447,No
81448,Yes
81449,Yes
81450,Yes
81451,No
81452,No
81453,Yes
81454,Yes
81455,No
81456,Yes
81457,No
81458,Yes
81459,Yes
81460,No
81461,Yes
81462,Yes
81463,Yes
81464,No
81465,Yes
81466,Yes
81467,Yes
81468,Yes
81469,No
81470,Yes
81471,No
81472,Yes
81473,Yes
81474,No
81475,Yes
81476,Yes
81477,Yes
81478,No
81479,No
81480,Yes
81481,Yes
81482,Yes
81483,Yes
81484,Yes
81485,Yes
81486,Yes
81487,Yes
81488,Yes
81489,No
81490,No
81491,Yes
81492,No
81493,Yes
81494,Yes
81495,Yes
81496,Yes
81497,Yes
81498,No
81499,Yes
81500,Yes
81501,No
81502,Yes
81503,Yes
81504,Yes
81505,Yes
81506,No
81507,Yes
81508,Yes
81509,Yes
81510,No
81511,Yes
81512,Yes
81513,Yes
81514,Yes
81515,No
81516,Yes
81517,No
81518,No
81519,No
81520,Yes
81521,Yes
81522,Yes
81523,No
81524,Yes
81525,Yes
81526,No
81527,No
81528,Yes
81529,No
81530,No
81531,Yes
81532,Yes
81533,Yes
81534,Yes
81535,Yes
81536,Yes
81537,No
81538,Yes
81539,Yes
81540,Yes
81541,Yes
81542,Yes
81543,No
81544,Yes
81545,Yes
81546,No
81547,No
81548,No
81549,Yes
81550,Yes
81551,Yes
81552,Yes
81553,Yes
81554,Yes
81555,No
81556,No
81557,Yes
81558,No
81559,Yes
81560,Yes
81561,No
81562,Yes
81563,No
81564,Yes
81565,Yes
81566,Yes
81567,Yes
81568,Yes
81569,No
81570,No
81571,No
81572,No
81573,Yes
81574,No
81575,No
81576,Yes
81577,Yes
81578,No
81579,Yes
81580,Yes
81581,Yes
81582,No
81583,No
81584,No
81585,Yes
81586,Yes
81587,Yes
81588,No
81589,Yes
81590,Yes
81591,No
81592,No
81593,Yes
81594,No
81595,Yes
81596,Yes
81597,No
81598,No
81599,No
81600,Yes
81601,Yes
81602,No
81603,No
81604,No
81605,No
81606,Yes
81607,Yes
81608,Yes
81609,No
81610,Yes
81611,Yes
81612,Yes
81613,Yes
81614,No
81615,No
81616,Yes
81617,Yes
81618,Yes
81619,No
81620,Yes
81621,Yes
81622,Yes
81623,Yes
81624,Yes
81625,No
81626,No
81627,Yes
81628,No
81629,No
81630,No
81631,Yes
81632,No
81633,No
81634,Yes
81635,Yes
81636,No
81637,Yes
81638,No
81639,No
81640,No
81641,Yes
81642,No
81643,Yes
81644,Yes
81645,Yes
81646,Yes
81647,Yes
81648,Yes
81649,No
81650,Yes
81651,Yes
81652,Yes
81653,No
81654,Yes
81655,No
81656,Yes
81657,Yes
81658,Yes
81659,Yes
81660,No
81661,Yes
81662,Yes
81663,Yes
81664,Yes
81665,Yes
81666,No
81667,Yes
81668,Yes
81669,Yes
81670,Yes
81671,No
81672,Yes
81673,No
81674,Yes
81675,No
81676,Yes
81677,Yes
81678,Yes
81679,No
81680,Yes
81681,No
81682,Yes
81683,No
81684,Yes
81685,No
81686,No
81687,Yes
81688,Yes
81689,Yes
81690,Yes
81691,No
81692,No
81693,No
81694,No
81695,Yes
81696,No
81697,No
81698,Yes
81699,Yes
81700,No
81701,No
81702,Yes
81703,Yes
81704,Yes
81705,Yes
81706,Yes
81707,Yes
81708,Yes
81709,No
81710,No
81711,Yes
81712,Yes
81713,No
81714,Yes
81715,Yes
81716,Yes
81717,Yes
81718,Yes
81719,Yes
81720,Yes
81721,No
81722,Yes
81723,Yes
81724,Yes
81725,No
81726,No
81727,No
81728,Yes
81729,Yes
81730,Yes
81731,Yes
81732,No
81733,No
81734,No
81735,Yes
81736,No
81737,Yes
81738,No
81739,Yes
81740,Yes
81741,Yes
81742,No
81743,Yes
81744,Yes
81745,Yes
81746,No
81747,Yes
81748,Yes
81749,Yes
81750,Yes
81751,No
81752,Yes
81753,Yes
81754,Yes
81755,Yes
81756,Yes
81757,No
81758,Yes
81759,Yes
81760,No
81761,Yes
81762,Yes
81763,No
81764,No
81765,No
81766,Yes
81767,No
81768,Yes
81769,Yes
81770,No
81771,Yes
81772,No
81773,Yes
81774,Yes
81775,Yes
81776,Yes
81777,No
81778,No
81779,Yes
81780,Yes
81781,Yes
81782,No
81783,No
81784,Yes
81785,Yes
81786,Yes
81787,No
81788,Yes
81789,Yes
81790,Yes
81791,Yes
81792,Yes
81793,Yes
81794,No
81795,Yes
81796,Yes
81797,No
81798,Yes
81799,No
81800,Yes
81801,Yes
81802,Yes
81803,Yes
81804,Yes
81805,No
81806,No
81807,No
81808,Yes
81809,Yes
81810,Yes
81811,Yes
81812,No
81813,Yes
81814,Yes
81815,Yes
81816,Yes
81817,Yes
81818,Yes
81819,No
81820,Yes
81821,Yes
81822,Yes
81823,Yes
81824,Yes
81825,Yes
81826,Yes
81827,Yes
81828,Yes
81829,Yes
81830,No
81831,Yes
81832,No
81833,No
81834,Yes
81835,Yes
81836,No
81837,No
81838,Yes
81839,Yes
81840,Yes
81841,Yes
81842,No
81843,No
81844,Yes
81845,Yes
81846,No
81847,Yes
81848,Yes
81849,Yes
81850,Yes
81851,Yes
81852,No
81853,Yes
81854,Yes
81855,No
81856,Yes
81857,No
81858,Yes
81859,No
81860,Yes
81861,No
81862,Yes
81863,Yes
81864,No
81865,No
81866,Yes
81867,Yes
81868,No
81869,No
81870,Yes
81871,Yes
81872,Yes
81873,No
81874,Yes
81875,No
81876,Yes
81877,Yes
81878,Yes
81879,Yes
81880,Yes
81881,No
81882,Yes
81883,Yes
81884,No
81885,Yes
81886,Yes
81887,No
81888,Yes
81889,No
81890,Yes
81891,Yes
81892,Yes
81893,Yes
81894,No
81895,No
81896,Yes
81897,Yes
81898,Yes
81899,Yes
81900,No
81901,No
81902,Yes
81903,Yes
81904,Yes
81905,No
81906,Yes
81907,No
81908,Yes
81909,No
81910,No
81911,No
81912,Yes
81913,Yes
81914,Yes
81915,Yes
81916,Yes
81917,Yes
81918,Yes
81919,No
81920,Yes
81921,Yes
81922,Yes
81923,Yes
81924,Yes
81925,Yes
81926,Yes
81927,No
81928,Yes
81929,Yes
81930,No
81931,No
81932,Yes
81933,Yes
81934,No
81935,No
81936,No
81937,Yes
81938,Yes
81939,Yes
81940,No
81941,No
81942,No
81943,Yes
81944,Yes
81945,Yes
81946,Yes
81947,Yes
81948,Yes
81949,Yes
81950,Yes
81951,No
81952,Yes
81953,Yes
81954,Yes
81955,Yes
81956,No
81957,Yes
81958,No
81959,Yes
81960,Yes
81961,Yes
81962,Yes
81963,No
81964,Yes
81965,No
81966,Yes
81967,Yes
81968,Yes
81969,No
81970,Yes
81971,Yes
81972,Yes
81973,No
81974,No
81975,No
81976,No
81977,Yes
81978,No
81979,Yes
81980,Yes
81981,No
81982,Yes
81983,Yes
81984,Yes
81985,Yes
81986,No
81987,Yes
81988,Yes
81989,Yes
81990,Yes
81991,Yes
81992,Yes
81993,No
81994,No
81995,No
81996,No
81997,Yes
81998,No
81999,No
82000,No
82001,Yes
82002,No
82003,No
82004,Yes
82005,No
82006,No
82007,No
82008,Yes
82009,Yes
82010,Yes
82011,Yes
82012,No
82013,Yes
82014,No
82015,No
82016,No
82017,Yes
82018,Yes
82019,No
82020,Yes
82021,Yes
82022,Yes
82023,Yes
82024,Yes
82025,Yes
82026,Yes
82027,Yes
82028,Yes
82029,Yes
82030,Yes
82031,Yes
82032,Yes
82033,No
82034,Yes
82035,Yes
82036,Yes
82037,No
82038,No
82039,Yes
82040,Yes
82041,Yes
82042,Yes
82043,Yes
82044,No
82045,No
82046,No
82047,No
82048,Yes
82049,Yes
82050,Yes
82051,Yes
82052,No
82053,Yes
82054,No
82055,No
82056,Yes
82057,No
82058,No
82059,Yes
82060,Yes
82061,No
82062,Yes
82063,No
82064,No
82065,Yes
82066,Yes
82067,Yes
82068,No
82069,Yes
82070,Yes
82071,No
82072,No
82073,Yes
82074,Yes
82075,Yes
82076,Yes
82077,Yes
82078,No
82079,Yes
82080,No
82081,Yes
82082,Yes
82083,Yes
82084,Yes
82085,Yes
82086,Yes
82087,Yes
82088,Yes
82089,Yes
82090,No
82091,Yes
82092,Yes
82093,Yes
82094,Yes
82095,Yes
82096,No
82097,Yes
82098,Yes
82099,No
82100,No
82101,Yes
82102,Yes
82103,No
82104,Yes
82105,No
82106,Yes
82107,Yes
82108,No
82109,Yes
82110,Yes
82111,Yes
82112,No
82113,Yes
82114,Yes
82115,Yes
82116,No
82117,No
82118,Yes
82119,Yes
82120,No
82121,Yes
82122,No
82123,Yes
82124,No
82125,Yes
82126,Yes
82127,Yes
82128,No
82129,Yes
82130,No
82131,No
82132,Yes
82133,Yes
82134,Yes
82135,Yes
82136,Yes
82137,Yes
82138,No
82139,Yes
82140,No
82141,Yes
82142,No
82143,Yes
82144,Yes
82145,No
82146,Yes
82147,Yes
82148,Yes
82149,Yes
82150,Yes
82151,Yes
82152,No
82153,Yes
82154,No
82155,No
82156,No
82157,Yes
82158,Yes
82159,Yes
82160,Yes
82161,Yes
82162,Yes
82163,No
82164,No
82165,Yes
82166,Yes
82167,No
82168,Yes
82169,Yes
82170,No
82171,Yes
82172,Yes
82173,Yes
82174,No
82175,Yes
82176,Yes
82177,Yes
82178,Yes
82179,Yes
82180,Yes
82181,Yes
82182,No
82183,No
82184,No
82185,Yes
82186,Yes
82187,No
82188,Yes
82189,Yes
82190,No
82191,No
82192,Yes
82193,No
82194,No
82195,Yes
82196,No
82197,No
82198,Yes
82199,Yes
82200,No
82201,Yes
82202,Yes
82203,No
82204,No
82205,No
82206,Yes
82207,Yes
82208,Yes
82209,No
82210,Yes
82211,Yes
82212,Yes
82213,No
82214,Yes
82215,Yes
82216,Yes
82217,No
82218,Yes
82219,Yes
82220,Yes
82221,No
82222,No
82223,No
82224,Yes
82225,Yes
82226,Yes
82227,Yes
82228,Yes
82229,Yes
82230,Yes
82231,Yes
82232,No
82233,Yes
82234,No
82235,Yes
82236,Yes
82237,Yes
82238,Yes
82239,Yes
82240,Yes
82241,No
82242,No
82243,Yes
82244,Yes
82245,No
82246,Yes
82247,No
82248,Yes
82249,No
82250,Yes
82251,Yes
82252,Yes
82253,No
82254,No
82255,Yes
82256,No
82257,Yes
82258,Yes
82259,No
82260,Yes
82261,Yes
82262,Yes
82263,Yes
82264,No
82265,No
82266,Yes
82267,Yes
82268,Yes
82269,Yes
82270,Yes
82271,Yes
82272,Yes
82273,Yes
82274,Yes
82275,No
82276,Yes
82277,Yes
82278,No
82279,Yes
82280,Yes
82281,No
82282,Yes
82283,No
82284,Yes
82285,No
82286,Yes
82287,Yes
82288,Yes
82289,Yes
82290,Yes
82291,Yes
82292,Yes
82293,No
82294,Yes
82295,Yes
82296,Yes
82297,Yes
82298,Yes
82299,Yes
82300,Yes
82301,Yes
82302,Yes
82303,Yes
82304,No
82305,Yes
82306,Yes
82307,Yes
82308,No
82309,Yes
82310,Yes
82311,Yes
82312,No
82313,Yes
82314,Yes
82315,Yes
82316,Yes
82317,Yes
82318,No
82319,No
82320,Yes
82321,Yes
82322,No
82323,Yes
82324,No
82325,Yes
82326,Yes
82327,Yes
82328,No
82329,Yes
82330,Yes
82331,Yes
82332,Yes
82333,Yes
82334,Yes
82335,No
82336,Yes
82337,Yes
82338,Yes
82339,Yes
82340,Yes
82341,Yes
82342,Yes
82343,No
82344,Yes
82345,Yes
82346,Yes
82347,Yes
82348,No
82349,Yes
82350,No
82351,Yes
82352,No
82353,Yes
82354,Yes
82355,Yes
82356,Yes
82357,No
82358,Yes
82359,Yes
82360,No
82361,Yes
82362,No
82363,Yes
82364,No
82365,Yes
82366,Yes
82367,Yes
82368,Yes
82369,No
82370,Yes
82371,Yes
82372,No
82373,No
82374,Yes
82375,Yes
82376,No
82377,Yes
82378,Yes
82379,No
82380,Yes
82381,No
82382,No
82383,Yes
82384,Yes
82385,Yes
82386,Yes
82387,Yes
82388,Yes
82389,Yes
82390,Yes
82391,No
82392,Yes
82393,Yes
82394,No
82395,Yes
82396,Yes
82397,No
82398,Yes
82399,Yes
82400,Yes
82401,No
82402,Yes
82403,No
82404,Yes
82405,No
82406,No
82407,Yes
82408,No
82409,Yes
82410,Yes
82411,Yes
82412,Yes
82413,Yes
82414,No
82415,No
82416,No
82417,No
82418,Yes
82419,Yes
82420,Yes
82421,Yes
82422,No
82423,Yes
82424,No
82425,No
82426,Yes
82427,Yes
82428,Yes
82429,No
82430,Yes
82431,Yes
82432,No
82433,No
82434,Yes
82435,Yes
82436,No
82437,Yes
82438,No
82439,Yes
82440,Yes
82441,No
82442,Yes
82443,No
82444,No
82445,Yes
82446,Yes
82447,No
82448,Yes
82449,No
82450,No
82451,Yes
82452,Yes
82453,Yes
82454,Yes
82455,Yes
82456,Yes
82457,Yes
82458,Yes
82459,Yes
82460,Yes
82461,Yes
82462,Yes
82463,Yes
82464,No
82465,Yes
82466,Yes
82467,Yes
82468,No
82469,Yes
82470,No
82471,Yes
82472,Yes
82473,Yes
82474,Yes
82475,Yes
82476,Yes
82477,No
82478,Yes
82479,No
82480,Yes
82481,No
82482,Yes
82483,Yes
82484,Yes
82485,Yes
82486,No
82487,No
82488,No
82489,Yes
82490,Yes
82491,Yes
82492,Yes
82493,Yes
82494,No
82495,No
82496,Yes
82497,Yes
82498,No
82499,Yes
82500,No
82501,Yes
82502,No
82503,No
82504,No
82505,No
82506,Yes
82507,Yes
82508,No
82509,Yes
82510,No
82511,Yes
82512,No
82513,Yes
82514,Yes
82515,No
82516,Yes
82517,Yes
82518,No
82519,Yes
82520,Yes
82521,Yes
82522,Yes
82523,Yes
82524,No
82525,No
82526,Yes
82527,No
82528,Yes
82529,Yes
82530,Yes
82531,Yes
82532,No
82533,No
82534,No
82535,Yes
82536,Yes
82537,Yes
82538,Yes
82539,Yes
82540,Yes
82541,No
82542,Yes
82543,Yes
82544,Yes
82545,No
82546,No
82547,No
82548,No
82549,Yes
82550,Yes
82551,Yes
82552,No
82553,Yes
82554,Yes
82555,No
82556,No
82557,No
82558,No
82559,No
82560,No
82561,No
82562,Yes
82563,Yes
82564,Yes
82565,Yes
82566,Yes
82567,Yes
82568,Yes
82569,Yes
82570,Yes
82571,No
82572,Yes
82573,Yes
82574,Yes
82575,Yes
82576,Yes
82577,Yes
82578,Yes
82579,No
82580,Yes
82581,Yes
82582,Yes
82583,Yes
82584,No
82585,No
82586,Yes
82587,Yes
82588,No
82589,Yes
82590,Yes
82591,No
82592,No
82593,No
82594,Yes
82595,Yes
82596,Yes
82597,Yes
82598,Yes
82599,No
82600,No
82601,No
82602,Yes
82603,No
82604,Yes
82605,Yes
82606,Yes
82607,Yes
82608,No
82609,Yes
82610,Yes
82611,Yes
82612,No
82613,Yes
82614,Yes
82615,Yes
82616,Yes
82617,No
82618,Yes
82619,No
82620,Yes
82621,Yes
82622,Yes
82623,Yes
82624,Yes
82625,No
82626,Yes
82627,Yes
82628,No
82629,No
82630,Yes
82631,Yes
82632,Yes
82633,No
82634,Yes
82635,No
82636,Yes
82637,Yes
82638,No
82639,No
82640,Yes
82641,Yes
82642,Yes
82643,Yes
82644,Yes
82645,No
82646,No
82647,Yes
82648,No
82649,No
82650,No
82651,No
82652,Yes
82653,Yes
82654,Yes
82655,Yes
82656,No
82657,Yes
82658,No
82659,Yes
82660,Yes
82661,Yes
82662,Yes
82663,Yes
82664,No
82665,No
82666,Yes
82667,Yes
82668,Yes
82669,Yes
82670,Yes
82671,Yes
82672,Yes
82673,No
82674,No
82675,Yes
82676,Yes
82677,No
82678,Yes
82679,No
82680,Yes
82681,Yes
82682,No
82683,Yes
82684,Yes
82685,No
82686,Yes
82687,Yes
82688,Yes
82689,Yes
82690,No
82691,Yes
82692,No
82693,Yes
82694,No
82695,No
82696,Yes
82697,No
82698,No
82699,Yes
82700,Yes
82701,Yes
82702,Yes
82703,Yes
82704,Yes
82705,Yes
82706,Yes
82707,No
82708,Yes
82709,Yes
82710,Yes
82711,Yes
82712,Yes
82713,No
82714,No
82715,Yes
82716,Yes
82717,Yes
82718,No
82719,Yes
82720,Yes
82721,Yes
82722,Yes
82723,No
82724,Yes
82725,No
82726,Yes
82727,No
82728,No
82729,Yes
82730,Yes
82731,Yes
82732,No
82733,No
82734,Yes
82735,Yes
82736,No
82737,Yes
82738,Yes
82739,Yes
82740,Yes
82741,Yes
82742,Yes
82743,No
82744,Yes
82745,No
82746,Yes
82747,Yes
82748,Yes
82749,Yes
82750,Yes
82751,No
82752,Yes
82753,Yes
82754,Yes
82755,No
82756,Yes
82757,Yes
82758,Yes
82759,Yes
82760,Yes
82761,Yes
82762,Yes
82763,Yes
82764,Yes
82765,Yes
82766,Yes
82767,No
82768,Yes
82769,Yes
82770,No
82771,Yes
82772,No
82773,Yes
82774,Yes
82775,No
82776,Yes
82777,Yes
82778,Yes
82779,Yes
82780,No
82781,Yes
82782,No
82783,No
82784,No
82785,No
82786,Yes
82787,Yes
82788,No
82789,Yes
82790,Yes
82791,Yes
82792,Yes
82793,Yes
82794,Yes
82795,Yes
82796,Yes
82797,Yes
82798,No
82799,No
82800,Yes
82801,Yes
82802,Yes
82803,Yes
82804,Yes
82805,No
82806,No
82807,Yes
82808,Yes
82809,No
82810,Yes
82811,Yes
82812,Yes
82813,Yes
82814,Yes
82815,Yes
82816,No
82817,Yes
82818,Yes
82819,Yes
82820,Yes
82821,No
82822,No
82823,No
82824,Yes
82825,No
82826,No
82827,Yes
82828,Yes
82829,Yes
82830,Yes
82831,Yes
82832,Yes
82833,Yes
82834,Yes
82835,Yes
82836,Yes
82837,Yes
82838,No
82839,Yes
82840,Yes
82841,Yes
82842,Yes
82843,Yes
82844,Yes
82845,Yes
82846,No
82847,Yes
82848,No
82849,Yes
82850,Yes
82851,Yes
82852,Yes
82853,No
82854,No
82855,No
82856,No
82857,No
82858,Yes
82859,Yes
82860,Yes
82861,No
82862,Yes
82863,No
82864,Yes
82865,Yes
82866,Yes
82867,No
82868,Yes
82869,Yes
82870,No
82871,Yes
82872,Yes
82873,No
82874,Yes
82875,No
82876,Yes
82877,Yes
82878,Yes
82879,No
82880,No
82881,Yes
82882,Yes
82883,Yes
82884,No
82885,Yes
82886,No
82887,No
82888,No
82889,Yes
82890,Yes
82891,Yes
82892,No
82893,Yes
82894,Yes
82895,Yes
82896,No
82897,Yes
82898,Yes
82899,Yes
82900,Yes
82901,No
82902,Yes
82903,No
82904,Yes
82905,Yes
82906,No
82907,Yes
82908,Yes
82909,No
82910,Yes
82911,No
82912,Yes
82913,No
82914,Yes
82915,No
82916,Yes
82917,Yes
82918,Yes
82919,Yes
82920,Yes
82921,Yes
82922,Yes
82923,Yes
82924,Yes
82925,Yes
82926,Yes
82927,Yes
82928,No
82929,Yes
82930,Yes
82931,No
82932,Yes
82933,No
82934,Yes
82935,No
82936,No
82937,Yes
82938,No
82939,No
82940,No
82941,Yes
82942,Yes
82943,Yes
82944,Yes
82945,Yes
82946,Yes
82947,No
82948,No
82949,No
82950,No
82951,Yes
82952,Yes
82953,Yes
82954,Yes
82955,Yes
82956,No
82957,Yes
82958,Yes
82959,Yes
82960,Yes
82961,No
82962,No
82963,Yes
82964,Yes
82965,Yes
82966,No
82967,No
82968,No
82969,No
82970,No
82971,No
82972,Yes
82973,Yes
82974,Yes
82975,Yes
82976,Yes
82977,Yes
82978,Yes
82979,No
82980,Yes
82981,No
82982,Yes
82983,Yes
82984,Yes
82985,Yes
82986,No
82987,Yes
82988,Yes
82989,Yes
82990,No
82991,Yes
82992,No
82993,Yes
82994,Yes
82995,Yes
82996,Yes
82997,Yes
82998,Yes
82999,Yes
83000,Yes
83001,No
83002,Yes
83003,Yes
83004,No
83005,No
83006,No
83007,Yes
83008,Yes
83009,Yes
83010,No
83011,Yes
83012,No
83013,Yes
83014,No
83015,Yes
83016,Yes
83017,Yes
83018,Yes
83019,No
83020,No
83021,Yes
83022,Yes
83023,Yes
83024,Yes
83025,Yes
83026,No
83027,No
83028,No
83029,No
83030,Yes
83031,Yes
83032,Yes
83033,Yes
83034,Yes
83035,Yes
83036,Yes
83037,Yes
83038,No
83039,Yes
83040,Yes
83041,Yes
83042,No
83043,Yes
83044,Yes
83045,Yes
83046,Yes
83047,Yes
83048,Yes
83049,Yes
83050,Yes
83051,No
83052,Yes
83053,Yes
83054,Yes
83055,Yes
83056,No
83057,Yes
83058,Yes
83059,Yes
83060,Yes
83061,Yes
83062,No
83063,Yes
83064,Yes
83065,Yes
83066,Yes
83067,Yes
83068,Yes
83069,No
83070,Yes
83071,Yes
83072,No
83073,Yes
83074,No
83075,Yes
83076,Yes
83077,Yes
83078,No
83079,Yes
83080,Yes
83081,Yes
83082,Yes
83083,No
83084,Yes
83085,Yes
83086,Yes
83087,Yes
83088,No
83089,No
83090,Yes
83091,Yes
83092,No
83093,Yes
83094,Yes
83095,Yes
83096,No
83097,Yes
83098,Yes
83099,Yes
83100,Yes
83101,Yes
83102,No
83103,Yes
83104,No
83105,Yes
83106,Yes
83107,No
83108,Yes
83109,Yes
83110,Yes
83111,Yes
83112,No
83113,No
83114,Yes
83115,Yes
83116,Yes
83117,Yes
83118,Yes
83119,No
83120,Yes
83121,Yes
83122,Yes
83123,No
83124,Yes
83125,Yes
83126,Yes
83127,No
83128,Yes
83129,No
83130,Yes
83131,Yes
83132,Yes
83133,Yes
83134,Yes
83135,Yes
83136,Yes
83137,Yes
83138,No
83139,Yes
83140,No
83141,Yes
83142,No
83143,Yes
83144,Yes
83145,Yes
83146,Yes
83147,No
83148,Yes
83149,Yes
83150,No
83151,Yes
83152,Yes
83153,No
83154,No
83155,Yes
83156,No
83157,No
83158,Yes
83159,Yes
83160,Yes
83161,Yes
83162,Yes
83163,No
83164,Yes
83165,Yes
83166,Yes
83167,Yes
83168,No
83169,Yes
83170,No
83171,Yes
83172,Yes
83173,No
83174,No
83175,Yes
83176,Yes
83177,Yes
83178,Yes
83179,Yes
83180,Yes
83181,No
83182,Yes
83183,Yes
83184,Yes
83185,No
83186,Yes
83187,Yes
83188,No
83189,Yes
83190,Yes
83191,Yes
83192,Yes
83193,Yes
83194,No
83195,Yes
83196,Yes
83197,No
83198,Yes
83199,Yes
83200,Yes
83201,Yes
83202,Yes
83203,No
83204,Yes
83205,Yes
83206,Yes
83207,Yes
83208,No
83209,No
83210,No
83211,Yes
83212,No
83213,Yes
83214,Yes
83215,No
83216,Yes
83217,Yes
83218,Yes
83219,Yes
83220,Yes
83221,No
83222,Yes
83223,Yes
83224,Yes
83225,Yes
83226,Yes
83227,Yes
83228,No
83229,No
83230,Yes
83231,Yes
83232,Yes
83233,Yes
83234,Yes
83235,No
83236,Yes
83237,No
83238,Yes
83239,No
83240,No
83241,Yes
83242,No
83243,No
83244,Yes
83245,Yes
83246,Yes
83247,No
83248,Yes
83249,Yes
83250,No
83251,Yes
83252,Yes
83253,Yes
83254,Yes
83255,No
83256,Yes
83257,Yes
83258,No
83259,No
83260,No
83261,Yes
83262,No
83263,Yes
83264,Yes
83265,No
83266,Yes
83267,Yes
83268,No
83269,Yes
83270,Yes
83271,No
83272,Yes
83273,Yes
83274,Yes
83275,Yes
83276,No
83277,Yes
83278,No
83279,Yes
83280,No
83281,No
83282,No
83283,Yes
83284,Yes
83285,Yes
83286,Yes
83287,Yes
83288,Yes
83289,Yes
83290,Yes
83291,No
83292,Yes
83293,No
83294,No
83295,No
83296,No
83297,Yes
83298,No
83299,Yes
83300,No
83301,No
83302,Yes
83303,Yes
83304,Yes
83305,No
83306,No
83307,Yes
83308,Yes
83309,No
83310,Yes
83311,Yes
83312,Yes
83313,Yes
83314,Yes
83315,Yes
83316,No
83317,Yes
83318,Yes
83319,No
83320,Yes
83321,No
83322,Yes
83323,Yes
83324,Yes
83325,Yes
83326,No
83327,Yes
83328,Yes
83329,Yes
83330,Yes
83331,Yes
83332,Yes
83333,No
83334,No
83335,No
83336,No
83337,Yes
83338,No
83339,Yes
83340,Yes
83341,Yes
83342,No
83343,Yes
83344,Yes
83345,Yes
83346,Yes
83347,Yes
83348,No
83349,Yes
83350,Yes
83351,No
83352,Yes
83353,Yes
83354,Yes
83355,Yes
83356,Yes
83357,Yes
83358,No
83359,Yes
83360,Yes
83361,Yes
83362,Yes
83363,No
83364,No
83365,No
83366,No
83367,Yes
83368,No
83369,Yes
83370,No
83371,No
83372,No
83373,No
83374,Yes
83375,No
83376,Yes
83377,Yes
83378,Yes
83379,No
83380,Yes
83381,Yes
83382,Yes
83383,No
83384,Yes
83385,Yes
83386,Yes
83387,Yes
83388,Yes
83389,Yes
83390,No
83391,Yes
83392,Yes
83393,Yes
83394,No
83395,No
83396,Yes
83397,Yes
83398,Yes
83399,Yes
83400,Yes
83401,Yes
83402,Yes
83403,No
83404,Yes
83405,No
83406,Yes
83407,No
83408,Yes
83409,Yes
83410,Yes
83411,Yes
83412,Yes
83413,Yes
83414,No
83415,Yes
83416,Yes
83417,No
83418,No
83419,No
83420,Yes
83421,Yes
83422,No
83423,No
83424,Yes
83425,No
83426,Yes
83427,No
83428,No
83429,No
83430,Yes
83431,Yes
83432,No
83433,Yes
83434,No
83435,No
83436,No
83437,Yes
83438,Yes
83439,Yes
83440,No
83441,Yes
83442,Yes
83443,No
83444,No
83445,Yes
83446,No
83447,Yes
83448,No
83449,Yes
83450,Yes
83451,Yes
83452,Yes
83453,Yes
83454,Yes
83455,Yes
83456,No
83457,Yes
83458,Yes
83459,Yes
83460,Yes
83461,No
83462,Yes
83463,Yes
83464,Yes
83465,Yes
83466,Yes
83467,Yes
83468,No
83469,Yes
83470,Yes
83471,No
83472,No
83473,Yes
83474,Yes
83475,No
83476,No
83477,No
83478,Yes
83479,Yes
83480,No
83481,Yes
83482,Yes
83483,No
83484,Yes
83485,No
83486,Yes
83487,Yes
83488,No
83489,Yes
83490,Yes
83491,Yes
83492,Yes
83493,Yes
83494,Yes
83495,Yes
83496,Yes
83497,Yes
83498,Yes
83499,Yes
83500,No
83501,No
83502,Yes
83503,Yes
83504,Yes
83505,Yes
83506,No
83507,Yes
83508,No
83509,Yes
83510,Yes
83511,Yes
83512,No
83513,No
83514,No
83515,Yes
83516,No
83517,No
83518,Yes
83519,No
83520,No
83521,Yes
83522,No
83523,Yes
83524,Yes
83525,Yes
83526,Yes
83527,No
83528,Yes
83529,Yes
83530,No
83531,Yes
83532,No
83533,Yes
83534,No
83535,Yes
83536,No
83537,Yes
83538,Yes
83539,Yes
83540,Yes
83541,No
83542,Yes
83543,Yes
83544,Yes
83545,No
83546,No
83547,No
83548,No
83549,Yes
83550,No
83551,Yes
83552,Yes
83553,Yes
83554,Yes
83555,No
83556,Yes
83557,Yes
83558,Yes
83559,Yes
83560,Yes
83561,No
83562,Yes
83563,Yes
83564,Yes
83565,Yes
83566,Yes
83567,No
83568,No
83569,Yes
83570,Yes
83571,Yes
83572,Yes
83573,Yes
83574,No
83575,Yes
83576,Yes
83577,No
83578,Yes
83579,Yes
83580,Yes
83581,Yes
83582,No
83583,Yes
83584,Yes
83585,Yes
83586,Yes
83587,Yes
83588,No
83589,Yes
83590,No
83591,Yes
83592,Yes
83593,Yes
83594,No
83595,No
83596,Yes
83597,No
83598,No
83599,Yes
83600,Yes
83601,Yes
83602,No
83603,Yes
83604,Yes
83605,Yes
83606,Yes
83607,Yes
83608,No
83609,Yes
83610,No
83611,No
83612,Yes
83613,Yes
83614,Yes
83615,No
83616,Yes
83617,Yes
83618,Yes
83619,No
83620,No
83621,Yes
83622,Yes
83623,Yes
83624,No
83625,Yes
83626,Yes
83627,No
83628,Yes
83629,Yes
83630,No
83631,No
83632,Yes
83633,No
83634,Yes
83635,Yes
83636,No
83637,No
83638,No
83639,Yes
83640,No
83641,Yes
83642,Yes
83643,Yes
83644,No
83645,Yes
83646,No
83647,Yes
83648,No
83649,Yes
83650,Yes
83651,No
83652,Yes
83653,Yes
83654,Yes
83655,Yes
83656,Yes
83657,No
83658,Yes
83659,Yes
83660,Yes
83661,No
83662,Yes
83663,No
83664,Yes
83665,Yes
83666,Yes
83667,Yes
83668,Yes
83669,Yes
83670,Yes
83671,Yes
83672,Yes
83673,Yes
83674,Yes
83675,Yes
83676,No
83677,Yes
83678,Yes
83679,No
83680,Yes
83681,Yes
83682,No
83683,Yes
83684,No
83685,Yes
83686,No
83687,No
83688,Yes
83689,Yes
83690,Yes
83691,Yes
83692,Yes
83693,No
83694,No
83695,Yes
83696,Yes
83697,Yes
83698,Yes
83699,Yes
83700,No
83701,No
83702,Yes
83703,Yes
83704,No
83705,No
83706,Yes
83707,Yes
83708,Yes
83709,Yes
83710,No
83711,No
83712,Yes
83713,Yes
83714,Yes
83715,No
83716,Yes
83717,No
83718,Yes
83719,No
83720,Yes
83721,Yes
83722,No
83723,Yes
83724,Yes
83725,Yes
83726,Yes
83727,Yes
83728,Yes
83729,Yes
83730,Yes
83731,Yes
83732,Yes
83733,No
83734,No
83735,Yes
83736,Yes
83737,No
83738,Yes
83739,No
83740,Yes
83741,No
83742,No
83743,No
83744,Yes
83745,No
83746,No
83747,Yes
83748,Yes
83749,Yes
83750,No
83751,Yes
83752,No
83753,Yes
83754,Yes
83755,Yes
83756,No
83757,Yes
83758,Yes
83759,No
83760,Yes
83761,Yes
83762,No
83763,Yes
83764,Yes
83765,Yes
83766,Yes
83767,Yes
83768,Yes
83769,Yes
83770,No
83771,Yes
83772,Yes
83773,Yes
83774,Yes
83775,Yes
83776,No
83777,Yes
83778,Yes
83779,No
83780,Yes
83781,Yes
83782,No
83783,Yes
83784,Yes
83785,No
83786,Yes
83787,Yes
83788,Yes
83789,Yes
83790,Yes
83791,No
83792,No
83793,Yes
83794,Yes
83795,Yes
83796,Yes
83797,Yes
83798,Yes
83799,Yes
83800,Yes
83801,Yes
83802,Yes
83803,Yes
83804,Yes
83805,Yes
83806,Yes
83807,Yes
83808,Yes
83809,Yes
83810,No
83811,No
83812,Yes
83813,No
83814,Yes
83815,Yes
83816,No
83817,No
83818,Yes
83819,Yes
83820,No
83821,Yes
83822,No
83823,No
83824,Yes
83825,No
83826,Yes
83827,Yes
83828,Yes
83829,Yes
83830,Yes
83831,No
83832,Yes
83833,Yes
83834,Yes
83835,No
83836,No
83837,No
83838,No
83839,No
83840,Yes
83841,Yes
83842,No
83843,Yes
83844,Yes
83845,Yes
83846,No
83847,No
83848,Yes
83849,Yes
83850,No
83851,Yes
83852,Yes
83853,Yes
83854,Yes
83855,Yes
83856,Yes
83857,Yes
83858,No
83859,No
83860,Yes
83861,No
83862,Yes
83863,No
83864,No
83865,No
83866,No
83867,Yes
83868,Yes
83869,Yes
83870,Yes
83871,Yes
83872,Yes
83873,Yes
83874,No
83875,No
83876,No
83877,Yes
83878,Yes
83879,Yes
83880,No
83881,Yes
83882,No
83883,No
83884,Yes
83885,Yes
83886,No
83887,No
83888,Yes
83889,No
83890,No
83891,Yes
83892,No
83893,No
83894,Yes
83895,Yes
83896,No
83897,Yes
83898,Yes
83899,No
83900,No
83901,Yes
83902,Yes
83903,No
83904,No
83905,Yes
83906,Yes
83907,Yes
83908,Yes
83909,Yes
83910,No
83911,No
83912,No
83913,Yes
83914,No
83915,Yes
83916,No
83917,Yes
83918,Yes
83919,Yes
83920,No
83921,No
83922,Yes
83923,No
83924,Yes
83925,No
83926,No
83927,No
83928,No
83929,Yes
83930,Yes
83931,Yes
83932,No
83933,No
83934,No
83935,No
83936,Yes
83937,No
83938,Yes
83939,Yes
83940,Yes
83941,No
83942,No
83943,No
83944,Yes
83945,No
83946,Yes
83947,Yes
83948,No
83949,No
83950,Yes
83951,Yes
83952,Yes
83953,Yes
83954,No
83955,Yes
83956,No
83957,No
83958,No
83959,No
83960,Yes
83961,Yes
83962,Yes
83963,Yes
83964,Yes
83965,Yes
83966,No
83967,No
83968,Yes
83969,Yes
83970,No
83971,Yes
83972,No
83973,Yes
83974,Yes
83975,Yes
83976,Yes
83977,No
83978,Yes
83979,Yes
83980,Yes
83981,Yes
83982,Yes
83983,No
83984,Yes
83985,No
83986,Yes
83987,Yes
83988,Yes
83989,No
83990,No
83991,No
83992,Yes
83993,Yes
83994,No
83995,Yes
83996,Yes
83997,No
83998,No
83999,Yes
84000,Yes
84001,Yes
84002,No
84003,Yes
84004,Yes
84005,Yes
84006,Yes
84007,No
84008,Yes
84009,Yes
84010,Yes
84011,No
84012,No
84013,Yes
84014,Yes
84015,Yes
84016,Yes
84017,Yes
84018,Yes
84019,Yes
84020,Yes
84021,No
84022,Yes
84023,Yes
84024,Yes
84025,No
84026,Yes
84027,No
84028,No
84029,Yes
84030,Yes
84031,Yes
84032,Yes
84033,No
84034,Yes
84035,No
84036,No
84037,No
84038,No
84039,Yes
84040,Yes
84041,Yes
84042,No
84043,Yes
84044,Yes
84045,No
84046,Yes
84047,Yes
84048,Yes
84049,No
84050,Yes
84051,No
84052,No
84053,Yes
84054,No
84055,Yes
84056,No
84057,Yes
84058,Yes
84059,Yes
84060,No
84061,Yes
84062,No
84063,Yes
84064,Yes
84065,Yes
84066,No
84067,Yes
84068,Yes
84069,No
84070,Yes
84071,No
84072,Yes
84073,No
84074,No
84075,Yes
84076,Yes
84077,Yes
84078,Yes
84079,No
84080,Yes
84081,No
84082,Yes
84083,Yes
84084,Yes
84085,Yes
84086,Yes
84087,No
84088,Yes
84089,No
84090,Yes
84091,Yes
84092,Yes
84093,Yes
84094,No
84095,Yes
84096,No
84097,No
84098,Yes
84099,No
84100,No
84101,Yes
84102,No
84103,Yes
84104,Yes
84105,Yes
84106,No
84107,Yes
84108,Yes
84109,Yes
84110,No
84111,Yes
84112,Yes
84113,Yes
84114,Yes
84115,No
84116,Yes
84117,No
84118,No
84119,No
84120,No
84121,Yes
84122,Yes
84123,Yes
84124,No
84125,No
84126,Yes
84127,Yes
84128,Yes
84129,Yes
84130,Yes
84131,Yes
84132,Yes
84133,No
84134,Yes
84135,Yes
84136,Yes
84137,Yes
84138,No
84139,Yes
84140,No
84141,Yes
84142,Yes
84143,Yes
84144,No
84145,Yes
84146,Yes
84147,Yes
84148,Yes
84149,Yes
84150,Yes
84151,Yes
84152,Yes
84153,Yes
84154,No
84155,Yes
84156,No
84157,No
84158,Yes
84159,Yes
84160,Yes
84161,Yes
84162,Yes
84163,No
84164,Yes
84165,Yes
84166,Yes
84167,Yes
84168,No
84169,No
84170,Yes
84171,No
84172,Yes
84173,Yes
84174,Yes
84175,Yes
84176,Yes
84177,Yes
84178,No
84179,No
84180,No
84181,Yes
84182,Yes
84183,Yes
84184,Yes
84185,Yes
84186,No
84187,No
84188,Yes
84189,No
84190,Yes
84191,Yes
84192,No
84193,No
84194,No
84195,Yes
84196,Yes
84197,Yes
84198,No
84199,Yes
84200,Yes
84201,Yes
84202,Yes
84203,Yes
84204,Yes
84205,No
84206,Yes
84207,Yes
84208,Yes
84209,Yes
84210,Yes
84211,No
84212,Yes
84213,Yes
84214,No
84215,Yes
84216,Yes
84217,Yes
84218,Yes
84219,Yes
84220,Yes
84221,No
84222,No
84223,Yes
84224,Yes
84225,Yes
84226,No
84227,No
84228,Yes
84229,Yes
84230,Yes
84231,No
84232,Yes
84233,No
84234,No
84235,Yes
84236,Yes
84237,No
84238,Yes
84239,Yes
84240,Yes
84241,Yes
84242,Yes
84243,No
84244,Yes
84245,Yes
84246,No
84247,Yes
84248,Yes
84249,Yes
84250,Yes
84251,Yes
84252,No
84253,No
84254,Yes
84255,Yes
84256,No
84257,Yes
84258,No
84259,Yes
84260,Yes
84261,Yes
84262,Yes
84263,Yes
84264,Yes
84265,Yes
84266,Yes
84267,Yes
84268,Yes
84269,Yes
84270,No
84271,Yes
84272,Yes
84273,No
84274,Yes
84275,Yes
84276,Yes
84277,No
84278,Yes
84279,No
84280,Yes
84281,No
84282,Yes
84283,No
84284,Yes
84285,No
84286,Yes
84287,No
84288,Yes
84289,Yes
84290,Yes
84291,Yes
84292,No
84293,No
84294,No
84295,Yes
84296,Yes
84297,No
84298,Yes
84299,Yes
84300,Yes
84301,Yes
84302,Yes
84303,No
84304,No
84305,No
84306,Yes
84307,No
84308,No
84309,Yes
84310,Yes
84311,Yes
84312,Yes
84313,Yes
84314,Yes
84315,Yes
84316,No
84317,Yes
84318,Yes
84319,Yes
84320,Yes
84321,Yes
84322,No
84323,Yes
84324,Yes
84325,No
84326,No
84327,No
84328,No
84329,Yes
84330,Yes
84331,Yes
84332,Yes
84333,No
84334,Yes
84335,Yes
84336,No
84337,No
84338,No
84339,Yes
84340,Yes
84341,Yes
84342,No
84343,Yes
84344,Yes
84345,No
84346,No
84347,No
84348,Yes
84349,No
84350,Yes
84351,No
84352,Yes
84353,Yes
84354,Yes
84355,No
84356,No
84357,Yes
84358,No
84359,No
84360,Yes
84361,Yes
84362,Yes
84363,Yes
84364,Yes
84365,Yes
84366,No
84367,Yes
84368,Yes
84369,No
84370,Yes
84371,Yes
84372,Yes
84373,Yes
84374,Yes
84375,No
84376,Yes
84377,Yes
84378,Yes
84379,Yes
84380,Yes
84381,Yes
84382,Yes
84383,Yes
84384,Yes
84385,Yes
84386,No
84387,No
84388,Yes
84389,Yes
84390,Yes
84391,Yes
84392,No
84393,Yes
84394,Yes
84395,Yes
84396,Yes
84397,Yes
84398,Yes
84399,Yes
84400,No
84401,Yes
84402,Yes
84403,Yes
84404,No
84405,No
84406,Yes
84407,Yes
84408,Yes
84409,No
84410,Yes
84411,Yes
84412,Yes
84413,No
84414,No
84415,Yes
84416,Yes
84417,Yes
84418,Yes
84419,Yes
84420,Yes
84421,Yes
84422,Yes
84423,Yes
84424,No
84425,Yes
84426,Yes
84427,No
84428,Yes
84429,Yes
84430,Yes
84431,Yes
84432,Yes
84433,No
84434,No
84435,No
84436,Yes
84437,No
84438,Yes
84439,Yes
84440,Yes
84441,Yes
84442,Yes
84443,Yes
84444,Yes
84445,No
84446,Yes
84447,Yes
84448,Yes
84449,Yes
84450,No
84451,Yes
84452,No
84453,Yes
84454,Yes
84455,Yes
84456,No
84457,Yes
84458,No
84459,Yes
84460,Yes
84461,Yes
84462,Yes
84463,No
84464,Yes
84465,No
84466,Yes
84467,Yes
84468,No
84469,Yes
84470,Yes
84471,Yes
84472,No
84473,No
84474,Yes
84475,No
84476,Yes
84477,Yes
84478,No
84479,Yes
84480,No
84481,No
84482,Yes
84483,Yes
84484,No
84485,Yes
84486,No
84487,Yes
84488,Yes
84489,Yes
84490,No
84491,Yes
84492,Yes
84493,Yes
84494,Yes
84495,No
84496,No
84497,Yes
84498,Yes
84499,Yes
84500,Yes
84501,Yes
84502,No
84503,Yes
84504,Yes
84505,No
84506,Yes
84507,Yes
84508,Yes
84509,No
84510,No
84511,Yes
84512,Yes
84513,No
84514,Yes
84515,No
84516,No
84517,No
84518,No
84519,No
84520,Yes
84521,Yes
84522,Yes
84523,No
84524,No
84525,No
84526,Yes
84527,No
84528,No
84529,Yes
84530,Yes
84531,Yes
84532,Yes
84533,Yes
84534,No
84535,No
84536,No
84537,Yes
84538,Yes
84539,Yes
84540,No
84541,Yes
84542,Yes
84543,Yes
84544,Yes
84545,Yes
84546,Yes
84547,Yes
84548,Yes
84549,No
84550,Yes
84551,Yes
84552,No
84553,Yes
84554,Yes
84555,Yes
84556,No
84557,Yes
84558,Yes
84559,Yes
84560,No
84561,Yes
84562,No
84563,No
84564,Yes
84565,No
84566,Yes
84567,Yes
84568,Yes
84569,Yes
84570,Yes
84571,No
84572,No
84573,No
84574,No
84575,Yes
84576,Yes
84577,Yes
84578,Yes
84579,No
84580,Yes
84581,Yes
84582,No
84583,Yes
84584,Yes
84585,No
84586,No
84587,No
84588,Yes
84589,Yes
84590,No
84591,Yes
84592,No
84593,No
84594,No
84595,Yes
84596,No
84597,No
84598,Yes
84599,Yes
84600,Yes
84601,Yes
84602,Yes
84603,Yes
84604,Yes
84605,Yes
84606,Yes
84607,Yes
84608,No
84609,Yes
84610,Yes
84611,Yes
84612,Yes
84613,No
84614,No
84615,Yes
84616,Yes
84617,Yes
84618,No
84619,Yes
84620,Yes
84621,Yes
84622,No
84623,Yes
84624,Yes
84625,Yes
84626,Yes
84627,No
84628,No
84629,Yes
84630,Yes
84631,Yes
84632,No
84633,No
84634,Yes
84635,No
84636,Yes
84637,Yes
84638,Yes
84639,Yes
84640,Yes
84641,No
84642,Yes
84643,Yes
84644,Yes
84645,Yes
84646,No
84647,Yes
84648,No
84649,Yes
84650,Yes
84651,Yes
84652,No
84653,No
84654,Yes
84655,No
84656,No
84657,No
84658,Yes
84659,Yes
84660,Yes
84661,Yes
84662,Yes
84663,Yes
84664,Yes
84665,Yes
84666,Yes
84667,Yes
84668,Yes
84669,No
84670,Yes
84671,No
84672,No
84673,Yes
84674,No
84675,Yes
84676,Yes
84677,No
84678,Yes
84679,Yes
84680,No
84681,Yes
84682,Yes
84683,No
84684,Yes
84685,Yes
84686,Yes
84687,Yes
84688,Yes
84689,No
84690,Yes
84691,Yes
84692,Yes
84693,Yes
84694,No
84695,Yes
84696,No
84697,No
84698,No
84699,Yes
84700,No
84701,Yes
84702,Yes
84703,Yes
84704,No
84705,Yes
84706,Yes
84707,Yes
84708,Yes
84709,No
84710,No
84711,Yes
84712,Yes
84713,No
84714,No
84715,Yes
84716,Yes
84717,Yes
84718,No
84719,No
84720,No
84721,No
84722,Yes
84723,No
84724,Yes
84725,Yes
84726,Yes
84727,Yes
84728,Yes
84729,No
84730,Yes
84731,Yes
84732,Yes
84733,No
84734,Yes
84735,No
84736,No
84737,No
84738,Yes
84739,Yes
84740,Yes
84741,No
84742,No
84743,Yes
84744,Yes
84745,Yes
84746,Yes
84747,Yes
84748,Yes
84749,No
84750,Yes
84751,Yes
84752,No
84753,Yes
84754,Yes
84755,Yes
84756,No
84757,No
84758,Yes
84759,No
84760,Yes
84761,Yes
84762,Yes
84763,Yes
84764,Yes
84765,Yes
84766,Yes
84767,No
84768,Yes
84769,No
84770,Yes
84771,Yes
84772,Yes
84773,Yes
84774,Yes
84775,No
84776,Yes
84777,No
84778,Yes
84779,No
84780,Yes
84781,Yes
84782,Yes
84783,No
84784,Yes
84785,No
84786,Yes
84787,Yes
84788,Yes
84789,Yes
84790,No
84791,Yes
84792,No
84793,No
84794,Yes
84795,Yes
84796,Yes
84797,Yes
84798,Yes
84799,Yes
84800,Yes
84801,Yes
84802,Yes
84803,No
84804,No
84805,Yes
84806,No
84807,Yes
84808,No
84809,Yes
84810,Yes
84811,No
84812,Yes
84813,Yes
84814,No
84815,No
84816,Yes
84817,Yes
84818,No
84819,Yes
84820,Yes
84821,Yes
84822,No
84823,Yes
84824,Yes
84825,Yes
84826,Yes
84827,No
84828,Yes
84829,Yes
84830,No
84831,Yes
84832,Yes
84833,Yes
84834,Yes
84835,Yes
84836,No
84837,No
84838,No
84839,No
84840,Yes
84841,Yes
84842,No
84843,No
84844,No
84845,Yes
84846,Yes
84847,No
84848,No
84849,No
84850,Yes
84851,Yes
84852,Yes
84853,Yes
84854,Yes
84855,Yes
84856,No
84857,Yes
84858,Yes
84859,No
84860,No
84861,Yes
84862,Yes
84863,Yes
84864,No
84865,No
84866,Yes
84867,Yes
84868,Yes
84869,Yes
84870,No
84871,No
84872,Yes
84873,No
84874,Yes
84875,Yes
84876,No
84877,Yes
84878,No
84879,Yes
84880,No
84881,No
84882,Yes
84883,Yes
84884,Yes
84885,No
84886,Yes
84887,No
84888,Yes
84889,Yes
84890,Yes
84891,Yes
84892,Yes
84893,Yes
84894,Yes
84895,Yes
84896,Yes
84897,No
84898,No
84899,No
84900,Yes
84901,No
84902,No
84903,Yes
84904,No
84905,Yes
84906,Yes
84907,Yes
84908,No
84909,Yes
84910,Yes
84911,Yes
84912,No
84913,Yes
84914,No
84915,Yes
84916,No
84917,Yes
84918,Yes
84919,No
84920,No
84921,Yes
84922,Yes
84923,Yes
84924,Yes
84925,No
84926,Yes
84927,No
84928,No
84929,No
84930,No
84931,Yes
84932,No
84933,No
84934,Yes
84935,Yes
84936,Yes
84937,Yes
84938,Yes
84939,Yes
84940,Yes
84941,Yes
84942,Yes
84943,Yes
84944,Yes
84945,No
84946,Yes
84947,Yes
84948,Yes
84949,No
84950,Yes
84951,No
84952,Yes
84953,No
84954,Yes
84955,No
84956,Yes
84957,Yes
84958,Yes
84959,No
84960,Yes
84961,Yes
84962,Yes
84963,Yes
84964,Yes
84965,Yes
84966,Yes
84967,Yes
84968,Yes
84969,Yes
84970,Yes
84971,Yes
84972,No
84973,No
84974,Yes
84975,Yes
84976,Yes
84977,Yes
84978,No
84979,No
84980,Yes
84981,No
84982,Yes
84983,No
84984,Yes
84985,Yes
84986,Yes
84987,Yes
84988,No
84989,No
84990,Yes
84991,Yes
84992,Yes
84993,No
84994,Yes
84995,Yes
84996,No
84997,Yes
84998,No
84999,Yes
85000,Yes
85001,Yes
85002,Yes
85003,Yes
85004,Yes
85005,No
85006,Yes
85007,Yes
85008,Yes
85009,No
85010,No
85011,Yes
85012,Yes
85013,No
85014,Yes
85015,Yes
85016,Yes
85017,Yes
85018,Yes
85019,Yes
85020,Yes
85021,Yes
85022,Yes
85023,Yes
85024,No
85025,Yes
85026,Yes
85027,Yes
85028,Yes
85029,Yes
85030,Yes
85031,Yes
85032,No
85033,No
85034,Yes
85035,Yes
85036,Yes
85037,No
85038,Yes
85039,No
85040,Yes
85041,Yes
85042,Yes
85043,No
85044,Yes
85045,Yes
85046,Yes
85047,Yes
85048,No
85049,Yes
85050,Yes
85051,Yes
85052,No
85053,No
85054,No
85055,No
85056,Yes
85057,Yes
85058,Yes
85059,No
85060,No
85061,No
85062,No
85063,No
85064,Yes
85065,Yes
85066,Yes
85067,No
85068,Yes
85069,Yes
85070,No
85071,Yes
85072,Yes
85073,Yes
85074,No
85075,Yes
85076,No
85077,No
85078,Yes
85079,Yes
85080,Yes
85081,Yes
85082,No
85083,No
85084,Yes
85085,Yes
85086,Yes
85087,Yes
85088,Yes
85089,No
85090,Yes
85091,Yes
85092,Yes
85093,No
85094,Yes
85095,Yes
85096,No
85097,No
85098,No
85099,Yes
85100,Yes
85101,No
85102,Yes
85103,Yes
85104,No
85105,No
85106,No
85107,No
85108,No
85109,Yes
85110,Yes
85111,No
85112,Yes
85113,Yes
85114,Yes
85115,Yes
85116,Yes
85117,Yes
85118,Yes
85119,Yes
85120,Yes
85121,Yes
85122,No
85123,Yes
85124,No
85125,No
85126,Yes
85127,Yes
85128,No
85129,Yes
85130,Yes
85131,Yes
85132,Yes
85133,Yes
85134,No
85135,No
85136,Yes
85137,Yes
85138,No
85139,Yes
85140,No
85141,Yes
85142,Yes
85143,Yes
85144,No
85145,Yes
85146,Yes
85147,Yes
85148,No
85149,Yes
85150,No
85151,Yes
85152,No
85153,Yes
85154,Yes
85155,No
85156,Yes
85157,Yes
85158,No
85159,No
85160,No
85161,No
85162,No
85163,Yes
85164,Yes
85165,Yes
85166,Yes
85167,Yes
85168,No
85169,Yes
85170,Yes
85171,No
85172,Yes
85173,Yes
85174,Yes
85175,Yes
85176,Yes
85177,Yes
85178,Yes
85179,Yes
85180,Yes
85181,Yes
85182,Yes
85183,Yes
85184,Yes
85185,Yes
85186,No
85187,No
85188,Yes
85189,Yes
85190,Yes
85191,No
85192,Yes
85193,Yes
85194,Yes
85195,Yes
85196,No
85197,Yes
85198,Yes
85199,No
85200,Yes
85201,Yes
85202,No
85203,Yes
85204,Yes
85205,Yes
85206,Yes
85207,Yes
85208,Yes
85209,No
85210,No
85211,No
85212,Yes
85213,No
85214,Yes
85215,Yes
85216,No
85217,Yes
85218,Yes
85219,Yes
85220,Yes
85221,Yes
85222,No
85223,No
85224,No
85225,Yes
85226,No
85227,No
85228,Yes
85229,Yes
85230,Yes
85231,Yes
85232,No
85233,Yes
85234,No
85235,Yes
85236,Yes
85237,No
85238,Yes
85239,No
85240,Yes
85241,Yes
85242,Yes
85243,Yes
85244,Yes
85245,Yes
85246,No
85247,Yes
85248,No
85249,Yes
85250,Yes
85251,No
85252,Yes
85253,Yes
85254,No
85255,No
85256,Yes
85257,No
85258,Yes
85259,Yes
85260,Yes
85261,No
85262,Yes
85263,Yes
85264,Yes
85265,Yes
85266,Yes
85267,Yes
85268,No
85269,No
85270,No
85271,Yes
85272,No
85273,Yes
85274,No
85275,Yes
85276,Yes
85277,Yes
85278,Yes
85279,Yes
85280,Yes
85281,No
85282,Yes
85283,No
85284,No
85285,No
85286,Yes
85287,No
85288,No
85289,Yes
85290,Yes
85291,Yes
85292,Yes
85293,No
85294,Yes
85295,No
85296,No
85297,No
85298,No
85299,Yes
85300,Yes
85301,Yes
85302,No
85303,No
85304,Yes
85305,No
85306,Yes
85307,No
85308,Yes
85309,No
85310,Yes
85311,No
85312,Yes
85313,Yes
85314,Yes
85315,Yes
85316,Yes
85317,No
85318,No
85319,Yes
85320,No
85321,Yes
85322,Yes
85323,Yes
85324,No
85325,Yes
85326,Yes
85327,No
85328,Yes
85329,No
85330,No
85331,Yes
85332,Yes
85333,No
85334,Yes
85335,No
85336,Yes
85337,Yes
85338,Yes
85339,Yes
85340,Yes
85341,Yes
85342,No
85343,Yes
85344,Yes
85345,Yes
85346,No
85347,Yes
85348,Yes
85349,Yes
85350,Yes
85351,No
85352,Yes
85353,No
85354,Yes
85355,Yes
85356,Yes
85357,Yes
85358,Yes
85359,Yes
85360,Yes
85361,Yes
85362,Yes
85363,Yes
85364,Yes
85365,Yes
85366,Yes
85367,Yes
85368,No
85369,Yes
85370,Yes
85371,Yes
85372,No
85373,Yes
85374,Yes
85375,No
85376,Yes
85377,Yes
85378,Yes
85379,Yes
85380,Yes
85381,No
85382,Yes
85383,Yes
85384,No
85385,Yes
85386,No
85387,Yes
85388,No
85389,No
85390,Yes
85391,No
85392,Yes
85393,Yes
85394,Yes
85395,Yes
85396,Yes
85397,No
85398,No
85399,Yes
85400,Yes
85401,No
85402,Yes
85403,Yes
85404,Yes
85405,Yes
85406,Yes
85407,No
85408,Yes
85409,Yes
85410,Yes
85411,Yes
85412,Yes
85413,Yes
85414,Yes
85415,Yes
85416,Yes
85417,Yes
85418,No
85419,No
85420,No
85421,Yes
85422,Yes
85423,No
85424,Yes
85425,Yes
85426,Yes
85427,Yes
85428,Yes
85429,Yes
85430,No
85431,No
85432,Yes
85433,No
85434,No
85435,Yes
85436,Yes
85437,Yes
85438,No
85439,Yes
85440,No
85441,Yes
85442,Yes
85443,Yes
85444,Yes
85445,Yes
85446,Yes
85447,No
85448,No
85449,Yes
85450,Yes
85451,No
85452,Yes
85453,Yes
85454,No
85455,No
85456,Yes
85457,Yes
85458,No
85459,Yes
85460,No
85461,No
85462,Yes
85463,Yes
85464,Yes
85465,No
85466,No
85467,Yes
85468,No
85469,Yes
85470,Yes
85471,Yes
85472,Yes
85473,No
85474,Yes
85475,No
85476,No
85477,Yes
85478,No
85479,Yes
85480,Yes
85481,Yes
85482,Yes
85483,Yes
85484,Yes
85485,No
85486,No
85487,No
85488,Yes
85489,Yes
85490,No
85491,Yes
85492,No
85493,No
85494,No
85495,No
85496,Yes
85497,No
85498,Yes
85499,Yes
85500,Yes
85501,Yes
85502,No
85503,No
85504,Yes
85505,Yes
85506,No
85507,Yes
85508,Yes
85509,No
85510,Yes
85511,Yes
85512,No
85513,No
85514,No
85515,Yes
85516,Yes
85517,Yes
85518,No
85519,Yes
85520,Yes
85521,Yes
85522,Yes
85523,Yes
85524,Yes
85525,Yes
85526,Yes
85527,No
85528,Yes
85529,Yes
85530,Yes
85531,Yes
85532,Yes
85533,Yes
85534,Yes
85535,No
85536,Yes
85537,No
85538,Yes
85539,Yes
85540,No
85541,Yes
85542,Yes
85543,No
85544,No
85545,No
85546,No
85547,Yes
85548,Yes
85549,Yes
85550,Yes
85551,Yes
85552,No
85553,No
85554,Yes
85555,Yes
85556,Yes
85557,Yes
85558,No
85559,Yes
85560,Yes
85561,Yes
85562,No
85563,Yes
85564,No
85565,No
85566,No
85567,Yes
85568,No
85569,Yes
85570,No
85571,No
85572,Yes
85573,Yes
85574,Yes
85575,No
85576,Yes
85577,Yes
85578,Yes
85579,Yes
85580,Yes
85581,No
85582,Yes
85583,Yes
85584,Yes
85585,No
85586,Yes
85587,Yes
85588,Yes
85589,No
85590,Yes
85591,Yes
85592,Yes
85593,Yes
85594,No
85595,No
85596,No
85597,Yes
85598,No
85599,Yes
85600,Yes
85601,Yes
85602,Yes
85603,No
85604,No
85605,No
85606,Yes
85607,Yes
85608,No
85609,Yes
85610,Yes
85611,No
85612,Yes
85613,Yes
85614,Yes
85615,No
85616,No
85617,Yes
85618,Yes
85619,No
85620,Yes
85621,No
85622,Yes
85623,Yes
85624,Yes
85625,Yes
85626,Yes
85627,No
85628,No
85629,Yes
85630,Yes
85631,No
85632,Yes
85633,Yes
85634,Yes
85635,No
85636,No
85637,Yes
85638,Yes
85639,Yes
85640,Yes
85641,Yes
85642,No
85643,Yes
85644,Yes
85645,No
85646,Yes
85647,Yes
85648,Yes
85649,Yes
85650,Yes
85651,Yes
85652,Yes
85653,Yes
85654,Yes
85655,Yes
85656,No
85657,Yes
85658,Yes
85659,No
85660,Yes
85661,Yes
85662,Yes
85663,Yes
85664,Yes
85665,No
85666,No
85667,Yes
85668,Yes
85669,Yes
85670,Yes
85671,Yes
85672,No
85673,Yes
85674,Yes
85675,Yes
85676,Yes
85677,Yes
85678,No
85679,No
85680,Yes
85681,No
85682,Yes
85683,Yes
85684,Yes
85685,Yes
85686,No
85687,Yes
85688,Yes
85689,Yes
85690,Yes
85691,No
85692,Yes
85693,No
85694,Yes
85695,Yes
85696,No
85697,Yes
85698,Yes
85699,Yes
85700,No
85701,Yes
85702,Yes
85703,Yes
85704,Yes
85705,Yes
85706,No
85707,Yes
85708,No
85709,Yes
85710,Yes
85711,Yes
85712,Yes
85713,Yes
85714,Yes
85715,Yes
85716,No
85717,No
85718,Yes
85719,Yes
85720,No
85721,Yes
85722,No
85723,No
85724,No
85725,No
85726,Yes
85727,Yes
85728,Yes
85729,No
85730,Yes
85731,Yes
85732,No
85733,Yes
85734,Yes
85735,No
85736,No
85737,Yes
85738,Yes
85739,No
85740,Yes
85741,No
85742,No
85743,No
85744,No
85745,Yes
85746,Yes
85747,No
85748,Yes
85749,No
85750,No
85751,No
85752,No
85753,Yes
85754,Yes
85755,No
85756,Yes
85757,Yes
85758,No
85759,Yes
85760,Yes
85761,Yes
85762,Yes
85763,No
85764,Yes
85765,Yes
85766,No
85767,Yes
85768,Yes
85769,No
85770,No
85771,Yes
85772,Yes
85773,Yes
85774,Yes
85775,No
85776,Yes
85777,Yes
85778,No
85779,No
85780,No
85781,Yes
85782,Yes
85783,No
85784,No
85785,No
85786,Yes
85787,Yes
85788,No
85789,Yes
85790,No
85791,Yes
85792,Yes
85793,Yes
85794,Yes
85795,Yes
85796,Yes
85797,Yes
85798,No
85799,Yes
85800,No
85801,Yes
85802,Yes
85803,Yes
85804,Yes
85805,Yes
85806,No
85807,No
85808,Yes
85809,Yes
85810,No
85811,No
85812,No
85813,Yes
85814,Yes
85815,No
85816,No
85817,No
85818,Yes
85819,Yes
85820,Yes
85821,No
85822,No
85823,Yes
85824,Yes
85825,Yes
85826,Yes
85827,No
85828,Yes
85829,No
85830,Yes
85831,Yes
85832,Yes
85833,Yes
85834,No
85835,No
85836,Yes
85837,Yes
85838,No
85839,Yes
85840,No
85841,No
85842,No
85843,Yes
85844,No
85845,Yes
85846,No
85847,Yes
85848,Yes
85849,Yes
85850,Yes
85851,Yes
85852,No
85853,Yes
85854,No
85855,No
85856,Yes
85857,Yes
85858,Yes
85859,No
85860,No
85861,Yes
85862,Yes
85863,Yes
85864,Yes
85865,No
85866,Yes
85867,No
85868,No
85869,No
85870,Yes
85871,No
85872,Yes
85873,No
85874,Yes
85875,Yes
85876,No
85877,Yes
85878,No
85879,No
85880,Yes
85881,Yes
85882,Yes
85883,No
85884,No
85885,Yes
85886,Yes
85887,Yes
85888,Yes
85889,Yes
85890,Yes
85891,Yes
85892,Yes
85893,Yes
85894,Yes
85895,Yes
85896,No
85897,No
85898,Yes
85899,Yes
85900,No
85901,Yes
85902,Yes
85903,No
85904,Yes
85905,Yes
85906,No
85907,Yes
85908,Yes
85909,Yes
85910,Yes
85911,Yes
85912,Yes
85913,Yes
85914,Yes
85915,Yes
85916,Yes
85917,Yes
85918,Yes
85919,Yes
85920,No
85921,Yes
85922,Yes
85923,Yes
85924,Yes
85925,Yes
85926,Yes
85927,Yes
85928,Yes
85929,No
85930,Yes
85931,Yes
85932,No
85933,Yes
85934,No
85935,Yes
85936,Yes
85937,Yes
85938,Yes
85939,Yes
85940,Yes
85941,No
85942,Yes
85943,No
85944,Yes
85945,Yes
85946,Yes
85947,Yes
85948,Yes
85949,Yes
85950,No
85951,Yes
85952,Yes
85953,Yes
85954,Yes
85955,Yes
85956,No
85957,Yes
85958,No
85959,Yes
85960,Yes
85961,Yes
85962,Yes
85963,No
85964,Yes
85965,Yes
85966,Yes
85967,Yes
85968,No
85969,Yes
85970,Yes
85971,Yes
85972,Yes
85973,Yes
85974,Yes
85975,Yes
85976,No
85977,Yes
85978,Yes
85979,Yes
85980,No
85981,No
85982,Yes
85983,No
85984,Yes
85985,No
85986,Yes
85987,No
85988,No
85989,Yes
85990,Yes
85991,Yes
85992,No
85993,Yes
85994,No
85995,Yes
85996,Yes
85997,No
85998,No
85999,Yes
86000,Yes
86001,Yes
86002,Yes
86003,No
86004,Yes
86005,Yes
86006,No
86007,Yes
86008,Yes
86009,Yes
86010,Yes
86011,Yes
86012,Yes
86013,Yes
86014,No
86015,Yes
86016,No
86017,Yes
86018,No
86019,No
86020,Yes
86021,Yes
86022,Yes
86023,No
86024,Yes
86025,No
86026,Yes
86027,Yes
86028,Yes
86029,Yes
86030,Yes
86031,No
86032,Yes
86033,Yes
86034,No
86035,No
86036,Yes
86037,No
86038,Yes
86039,Yes
86040,No
86041,No
86042,Yes
86043,No
86044,Yes
86045,Yes
86046,Yes
86047,Yes
86048,Yes
86049,Yes
86050,No
86051,No
86052,Yes
86053,Yes
86054,Yes
86055,Yes
86056,No
86057,Yes
86058,No
86059,No
86060,Yes
86061,No
86062,Yes
86063,No
86064,Yes
86065,No
86066,No
86067,No
86068,No
86069,Yes
86070,Yes
86071,Yes
86072,No
86073,Yes
86074,Yes
86075,No
86076,No
86077,No
86078,No
86079,No
86080,Yes
86081,Yes
86082,Yes
86083,Yes
86084,No
86085,Yes
86086,No
86087,Yes
86088,No
86089,Yes
86090,No
86091,No
86092,No
86093,No
86094,Yes
86095,Yes
86096,Yes
86097,Yes
86098,No
86099,No
86100,Yes
86101,Yes
86102,No
86103,Yes
86104,Yes
86105,Yes
86106,No
86107,Yes
86108,Yes
86109,Yes
86110,No
86111,No
86112,No
86113,No
86114,No
86115,No
86116,Yes
86117,No
86118,No
86119,Yes
86120,Yes
86121,Yes
86122,Yes
86123,Yes
86124,Yes
86125,No
86126,No
86127,No
86128,Yes
86129,Yes
86130,Yes
86131,Yes
86132,No
86133,No
86134,No
86135,Yes
86136,Yes
86137,Yes
86138,No
86139,Yes
86140,Yes
86141,Yes
86142,No
86143,Yes
86144,Yes
86145,No
86146,Yes
86147,Yes
86148,No
86149,Yes
86150,No
86151,Yes
86152,Yes
86153,Yes
86154,Yes
86155,No
86156,No
86157,Yes
86158,No
86159,Yes
86160,No
86161,No
86162,Yes
86163,No
86164,Yes
86165,Yes
86166,No
86167,No
86168,No
86169,Yes
86170,Yes
86171,Yes
86172,Yes
86173,Yes
86174,No
86175,No
86176,Yes
86177,Yes
86178,No
86179,No
86180,No
86181,Yes
86182,No
86183,Yes
86184,Yes
86185,No
86186,Yes
86187,Yes
86188,Yes
86189,No
86190,Yes
86191,Yes
86192,Yes
86193,Yes
86194,No
86195,No
86196,Yes
86197,Yes
86198,No
86199,Yes
86200,Yes
86201,Yes
86202,No
86203,Yes
86204,Yes
86205,Yes
86206,Yes
86207,Yes
86208,Yes
86209,Yes
86210,Yes
86211,Yes
86212,Yes
86213,No
86214,No
86215,No
86216,Yes
86217,Yes
86218,No
86219,No
86220,No
86221,Yes
86222,No
86223,Yes
86224,Yes
86225,Yes
86226,Yes
86227,No
86228,Yes
86229,Yes
86230,Yes
86231,No
86232,Yes
86233,Yes
86234,Yes
86235,Yes
86236,Yes
86237,Yes
86238,No
86239,Yes
86240,No
86241,Yes
86242,Yes
86243,Yes
86244,Yes
86245,Yes
86246,No
86247,No
86248,Yes
86249,Yes
86250,Yes
86251,Yes
86252,Yes
86253,No
86254,Yes
86255,No
86256,No
86257,No
86258,Yes
86259,No
86260,Yes
86261,Yes
86262,Yes
86263,Yes
86264,Yes
86265,Yes
86266,Yes
86267,Yes
86268,No
86269,No
86270,Yes
86271,Yes
86272,Yes
86273,Yes
86274,No
86275,No
86276,Yes
86277,No
86278,Yes
86279,Yes
86280,Yes
86281,No
86282,Yes
86283,Yes
86284,No
86285,No
86286,Yes
86287,Yes
86288,Yes
86289,No
86290,No
86291,Yes
86292,Yes
86293,Yes
86294,No
86295,Yes
86296,Yes
86297,Yes
86298,No
86299,Yes
86300,Yes
86301,No
86302,No
86303,Yes
86304,Yes
86305,Yes
86306,No
86307,Yes
86308,Yes
86309,Yes
86310,Yes
86311,Yes
86312,Yes
86313,Yes
86314,No
86315,Yes
86316,Yes
86317,No
86318,Yes
86319,Yes
86320,Yes
86321,Yes
86322,Yes
86323,Yes
86324,Yes
86325,Yes
86326,No
86327,No
86328,No
86329,Yes
86330,No
86331,No
86332,No
86333,No
86334,Yes
86335,Yes
86336,No
86337,Yes
86338,Yes
86339,Yes
86340,Yes
86341,No
86342,No
86343,Yes
86344,Yes
86345,Yes
86346,Yes
86347,Yes
86348,Yes
86349,Yes
86350,Yes
86351,Yes
86352,Yes
86353,Yes
86354,Yes
86355,Yes
86356,No
86357,Yes
86358,Yes
86359,Yes
86360,No
86361,Yes
86362,No
86363,Yes
86364,Yes
86365,Yes
86366,Yes
86367,Yes
86368,Yes
86369,Yes
86370,No
86371,Yes
86372,No
86373,Yes
86374,No
86375,Yes
86376,Yes
86377,No
86378,Yes
86379,Yes
86380,Yes
86381,Yes
86382,Yes
86383,Yes
86384,Yes
86385,Yes
86386,Yes
86387,Yes
86388,Yes
86389,No
86390,Yes
86391,Yes
86392,No
86393,Yes
86394,Yes
86395,Yes
86396,No
86397,Yes
86398,No
86399,Yes
86400,Yes
86401,No
86402,Yes
86403,Yes
86404,Yes
86405,Yes
86406,No
86407,Yes
86408,Yes
86409,Yes
86410,Yes
86411,Yes
86412,No
86413,No
86414,No
86415,Yes
86416,No
86417,Yes
86418,Yes
86419,No
86420,Yes
86421,Yes
86422,Yes
86423,Yes
86424,Yes
86425,Yes
86426,Yes
86427,No
86428,Yes
86429,Yes
86430,Yes
86431,Yes
86432,Yes
86433,Yes
86434,Yes
86435,Yes
86436,No
86437,No
86438,Yes
86439,Yes
86440,Yes
86441,Yes
86442,Yes
86443,Yes
86444,Yes
86445,Yes
86446,Yes
86447,No
86448,Yes
86449,No
86450,Yes
86451,No
86452,Yes
86453,Yes
86454,No
86455,No
86456,Yes
86457,Yes
86458,Yes
86459,Yes
86460,Yes
86461,No
86462,Yes
86463,Yes
86464,No
86465,No
86466,No
86467,No
86468,Yes
86469,Yes
86470,Yes
86471,Yes
86472,Yes
86473,Yes
86474,Yes
86475,No
86476,No
86477,Yes
86478,Yes
86479,Yes
86480,Yes
86481,Yes
86482,Yes
86483,Yes
86484,Yes
86485,Yes
86486,Yes
86487,Yes
86488,No
86489,Yes
86490,Yes
86491,No
86492,Yes
86493,Yes
86494,Yes
86495,Yes
86496,No
86497,Yes
86498,No
86499,Yes
86500,No
86501,Yes
86502,Yes
86503,Yes
86504,No
86505,No
86506,Yes
86507,No
86508,Yes
86509,Yes
86510,Yes
86511,Yes
86512,Yes
86513,Yes
86514,No
86515,Yes
86516,No
86517,Yes
86518,Yes
86519,Yes
86520,No
86521,Yes
86522,No
86523,No
86524,No
86525,Yes
86526,Yes
86527,No
86528,Yes
86529,No
86530,Yes
86531,Yes
86532,Yes
86533,Yes
86534,Yes
86535,Yes
86536,Yes
86537,Yes
86538,Yes
86539,Yes
86540,Yes
86541,Yes
86542,No
86543,No
86544,Yes
86545,No
86546,No
86547,No
86548,Yes
86549,Yes
86550,Yes
86551,No
86552,Yes
86553,Yes
86554,No
86555,No
86556,Yes
86557,No
86558,Yes
86559,No
86560,Yes
86561,Yes
86562,No
86563,No
86564,Yes
86565,No
86566,Yes
86567,Yes
86568,Yes
86569,Yes
86570,Yes
86571,No
86572,Yes
86573,Yes
86574,Yes
86575,Yes
86576,Yes
86577,Yes
86578,Yes
86579,No
86580,Yes
86581,Yes
86582,Yes
86583,No
86584,No
86585,Yes
86586,Yes
86587,Yes
86588,Yes
86589,Yes
86590,No
86591,Yes
86592,No
86593,Yes
86594,Yes
86595,Yes
86596,Yes
86597,Yes
86598,Yes
86599,No
86600,Yes
86601,Yes
86602,Yes
86603,Yes
86604,Yes
86605,Yes
86606,No
86607,Yes
86608,No
86609,Yes
86610,Yes
86611,No
86612,No
86613,Yes
86614,No
86615,Yes
86616,Yes
86617,Yes
86618,Yes
86619,Yes
86620,Yes
86621,No
86622,Yes
86623,Yes
86624,No
86625,Yes
86626,Yes
86627,Yes
86628,Yes
86629,Yes
86630,No
86631,Yes
86632,Yes
86633,Yes
86634,Yes
86635,Yes
86636,No
86637,Yes
86638,No
86639,Yes
86640,Yes
86641,No
86642,No
86643,Yes
86644,No
86645,No
86646,Yes
86647,Yes
86648,No
86649,Yes
86650,Yes
86651,Yes
86652,No
86653,No
86654,No
86655,No
86656,Yes
86657,No
86658,Yes
86659,Yes
86660,No
86661,Yes
86662,No
86663,Yes
86664,Yes
86665,Yes
86666,No
86667,Yes
86668,Yes
86669,Yes
86670,Yes
86671,Yes
86672,No
86673,Yes
86674,No
86675,Yes
86676,Yes
86677,Yes
86678,No
86679,Yes
86680,Yes
86681,Yes
86682,No
86683,No
86684,No
86685,Yes
86686,No
86687,Yes
86688,No
86689,Yes
86690,Yes
86691,Yes
86692,Yes
86693,Yes
86694,Yes
86695,Yes
86696,No
86697,Yes
86698,Yes
86699,Yes
86700,Yes
86701,No
86702,No
86703,Yes
86704,Yes
86705,Yes
86706,Yes
86707,Yes
86708,No
86709,No
86710,Yes
86711,Yes
86712,Yes
86713,No
86714,No
86715,Yes
86716,No
86717,No
86718,No
86719,No
86720,Yes
86721,Yes
86722,Yes
86723,Yes
86724,Yes
86725,Yes
86726,Yes
86727,Yes
86728,No
86729,Yes
86730,No
86731,No
86732,Yes
86733,Yes
86734,Yes
86735,Yes
86736,Yes
86737,Yes
86738,No
86739,Yes
86740,Yes
86741,No
86742,Yes
86743,Yes
86744,Yes
86745,Yes
86746,Yes
86747,Yes
86748,Yes
86749,Yes
86750,No
86751,No
86752,Yes
86753,No
86754,No
86755,Yes
86756,No
86757,Yes
86758,Yes
86759,Yes
86760,Yes
86761,Yes
86762,No
86763,Yes
86764,Yes
86765,No
86766,No
86767,Yes
86768,No
86769,Yes
86770,Yes
86771,No
86772,No
86773,Yes
86774,Yes
86775,Yes
86776,No
86777,No
86778,Yes
86779,Yes
86780,Yes
86781,Yes
86782,Yes
86783,Yes
86784,No
86785,Yes
86786,No
86787,Yes
86788,Yes
86789,No
86790,Yes
86791,Yes
86792,Yes
86793,Yes
86794,Yes
86795,Yes
86796,No
86797,Yes
86798,Yes
86799,Yes
86800,No
86801,Yes
86802,Yes
86803,Yes
86804,Yes
86805,No
86806,No
86807,Yes
86808,Yes
86809,No
86810,Yes
86811,Yes
86812,Yes
86813,Yes
86814,Yes
86815,Yes
86816,Yes
86817,Yes
86818,Yes
86819,Yes
86820,No
86821,No
86822,No
86823,Yes
86824,No
86825,Yes
86826,Yes
86827,Yes
86828,Yes
86829,Yes
86830,Yes
86831,Yes
86832,Yes
86833,Yes
86834,Yes
86835,No
86836,No
86837,Yes
86838,No
86839,No
86840,Yes
86841,Yes
86842,Yes
86843,No
86844,No
86845,Yes
86846,Yes
86847,Yes
86848,Yes
86849,Yes
86850,Yes
86851,Yes
86852,No
86853,Yes
86854,No
86855,Yes
86856,Yes
86857,No
86858,Yes
86859,Yes
86860,No
86861,Yes
86862,Yes
86863,No
86864,Yes
86865,No
86866,No
86867,Yes
86868,Yes
86869,No
86870,Yes
86871,No
86872,Yes
86873,No
86874,No
86875,No
86876,No
86877,No
86878,No
86879,Yes
86880,No
86881,No
86882,Yes
86883,No
86884,Yes
86885,Yes
86886,No
86887,Yes
86888,Yes
86889,No
86890,Yes
86891,Yes
86892,No
86893,No
86894,Yes
86895,Yes
86896,Yes
86897,Yes
86898,No
86899,Yes
86900,Yes
86901,Yes
86902,Yes
86903,Yes
86904,Yes
86905,No
86906,No
86907,Yes
86908,Yes
86909,Yes
86910,No
86911,No
86912,No
86913,No
86914,No
86915,Yes
86916,Yes
86917,Yes
86918,Yes
86919,Yes
86920,Yes
86921,No
86922,No
86923,No
86924,No
86925,No
86926,Yes
86927,No
86928,No
86929,Yes
86930,No
86931,No
86932,Yes
86933,Yes
86934,Yes
86935,Yes
86936,No
86937,Yes
86938,Yes
86939,Yes
86940,Yes
86941,Yes
86942,Yes
86943,Yes
86944,No
86945,Yes
86946,Yes
86947,Yes
86948,No
86949,Yes
86950,Yes
86951,Yes
86952,Yes
86953,Yes
86954,Yes
86955,No
86956,Yes
86957,No
86958,Yes
86959,Yes
86960,No
86961,Yes
86962,No
86963,No
86964,Yes
86965,Yes
86966,Yes
86967,Yes
86968,No
86969,No
86970,No
86971,Yes
86972,Yes
86973,Yes
86974,Yes
86975,Yes
86976,Yes
86977,No
86978,Yes
86979,No
86980,No
86981,Yes
86982,No
86983,Yes
86984,Yes
86985,Yes
86986,Yes
86987,Yes
86988,Yes
86989,No
86990,No
86991,No
86992,Yes
86993,Yes
86994,Yes
86995,No
86996,Yes
86997,Yes
86998,Yes
86999,Yes
87000,Yes
87001,Yes
87002,No
87003,Yes
87004,Yes
87005,No
87006,No
87007,No
87008,No
87009,No
87010,Yes
87011,No
87012,No
87013,Yes
87014,Yes
87015,Yes
87016,Yes
87017,Yes
87018,Yes
87019,Yes
87020,No
87021,No
87022,Yes
87023,Yes
87024,No
87025,No
87026,Yes
87027,Yes
87028,Yes
87029,No
87030,Yes
87031,Yes
87032,No
87033,No
87034,Yes
87035,No
87036,No
87037,Yes
87038,No
87039,No
87040,No
87041,No
87042,Yes
87043,Yes
87044,No
87045,Yes
87046,Yes
87047,No
87048,Yes
87049,No
87050,No
87051,Yes
87052,Yes
87053,Yes
87054,No
87055,No
87056,Yes
87057,No
87058,No
87059,Yes
87060,No
87061,Yes
87062,No
87063,No
87064,Yes
87065,Yes
87066,Yes
87067,Yes
87068,Yes
87069,No
87070,Yes
87071,Yes
87072,Yes
87073,Yes
87074,Yes
87075,Yes
87076,No
87077,Yes
87078,Yes
87079,Yes
87080,No
87081,No
87082,Yes
87083,No
87084,Yes
87085,Yes
87086,Yes
87087,Yes
87088,Yes
87089,Yes
87090,Yes
87091,No
87092,Yes
87093,No
87094,No
87095,Yes
87096,No
87097,No
87098,No
87099,No
87100,Yes
87101,Yes
87102,Yes
87103,Yes
87104,Yes
87105,Yes
87106,Yes
87107,Yes
87108,Yes
87109,Yes
87110,Yes
87111,Yes
87112,Yes
87113,Yes
87114,Yes
87115,Yes
87116,No
87117,Yes
87118,No
87119,Yes
87120,Yes
87121,No
87122,No
87123,Yes
87124,Yes
87125,Yes
87126,Yes
87127,No
87128,No
87129,Yes
87130,Yes
87131,No
87132,No
87133,Yes
87134,No
87135,Yes
87136,Yes
87137,No
87138,No
87139,Yes
87140,Yes
87141,Yes
87142,Yes
87143,Yes
87144,Yes
87145,Yes
87146,Yes
87147,Yes
87148,No
87149,Yes
87150,Yes
87151,Yes
87152,No
87153,Yes
87154,No
87155,No
87156,Yes
87157,Yes
87158,No
87159,No
87160,No
87161,Yes
87162,Yes
87163,Yes
87164,Yes
87165,No
87166,Yes
87167,Yes
87168,No
87169,No
87170,Yes
87171,No
87172,No
87173,No
87174,No
87175,Yes
87176,No
87177,Yes
87178,Yes
87179,No
87180,Yes
87181,Yes
87182,No
87183,No
87184,Yes
87185,Yes
87186,Yes
87187,Yes
87188,Yes
87189,Yes
87190,Yes
87191,Yes
87192,Yes
87193,Yes
87194,Yes
87195,Yes
87196,Yes
87197,Yes
87198,Yes
87199,Yes
87200,Yes
87201,No
87202,Yes
87203,Yes
87204,Yes
87205,Yes
87206,Yes
87207,No
87208,Yes
87209,Yes
87210,Yes
87211,Yes
87212,Yes
87213,Yes
87214,Yes
87215,No
87216,No
87217,Yes
87218,Yes
87219,No
87220,Yes
87221,No
87222,Yes
87223,No
87224,No
87225,No
87226,Yes
87227,Yes
87228,Yes
87229,Yes
87230,Yes
87231,Yes
87232,No
87233,Yes
87234,Yes
87235,No
87236,No
87237,No
87238,Yes
87239,Yes
87240,No
87241,Yes
87242,No
87243,No
87244,No
87245,No
87246,Yes
87247,Yes
87248,Yes
87249,Yes
87250,Yes
87251,Yes
87252,Yes
87253,Yes
87254,Yes
87255,Yes
87256,Yes
87257,Yes
87258,Yes
87259,No
87260,No
87261,Yes
87262,No
87263,Yes
87264,No
87265,No
87266,Yes
87267,No
87268,Yes
87269,No
87270,Yes
87271,Yes
87272,Yes
87273,Yes
87274,Yes
87275,Yes
87276,Yes
87277,Yes
87278,Yes
87279,Yes
87280,Yes
87281,Yes
87282,No
87283,Yes
87284,Yes
87285,No
87286,Yes
87287,No
87288,Yes
87289,Yes
87290,Yes
87291,No
87292,No
87293,Yes
87294,Yes
87295,No
87296,Yes
87297,Yes
87298,Yes
87299,Yes
87300,No
87301,No
87302,Yes
87303,No
87304,Yes
87305,Yes
87306,Yes
87307,Yes
87308,Yes
87309,Yes
87310,No
87311,No
87312,Yes
87313,Yes
87314,Yes
87315,Yes
87316,No
87317,Yes
87318,Yes
87319,Yes
87320,Yes
87321,Yes
87322,No
87323,Yes
87324,No
87325,Yes
87326,Yes
87327,No
87328,Yes
87329,Yes
87330,Yes
87331,Yes
87332,Yes
87333,Yes
87334,Yes
87335,Yes
87336,Yes
87337,Yes
87338,Yes
87339,Yes
87340,Yes
87341,Yes
87342,Yes
87343,Yes
87344,Yes
87345,No
87346,No
87347,No
87348,Yes
87349,No
87350,Yes
87351,No
87352,Yes
87353,Yes
87354,Yes
87355,Yes
87356,No
87357,No
87358,No
87359,Yes
87360,Yes
87361,Yes
87362,Yes
87363,No
87364,Yes
87365,Yes
87366,Yes
87367,No
87368,No
87369,No
87370,Yes
87371,Yes
87372,Yes
87373,No
87374,Yes
87375,Yes
87376,Yes
87377,Yes
87378,Yes
87379,No
87380,Yes
87381,No
87382,Yes
87383,Yes
87384,Yes
87385,No
87386,Yes
87387,Yes
87388,Yes
87389,Yes
87390,Yes
87391,No
87392,Yes
87393,Yes
87394,Yes
87395,Yes
87396,Yes
87397,No
87398,Yes
87399,No
87400,No
87401,Yes
87402,Yes
87403,No
87404,No
87405,Yes
87406,Yes
87407,Yes
87408,No
87409,Yes
87410,Yes
87411,Yes
87412,Yes
87413,No
87414,Yes
87415,Yes
87416,Yes
87417,Yes
87418,Yes
87419,No
87420,Yes
87421,Yes
87422,No
87423,Yes
87424,Yes
87425,Yes
87426,Yes
87427,No
87428,No
87429,Yes
87430,Yes
87431,Yes
87432,Yes
87433,No
87434,Yes
87435,Yes
87436,Yes
87437,No
87438,Yes
87439,Yes
87440,No
87441,Yes
87442,Yes
87443,No
87444,No
87445,Yes
87446,Yes
87447,Yes
87448,Yes
87449,Yes
87450,Yes
87451,No
87452,No
87453,Yes
87454,Yes
87455,Yes
87456,Yes
87457,No
87458,Yes
87459,Yes
87460,No
87461,Yes
87462,No
87463,Yes
87464,Yes
87465,Yes
87466,Yes
87467,No
87468,Yes
87469,No
87470,No
87471,Yes
87472,Yes
87473,Yes
87474,Yes
87475,No
87476,Yes
87477,Yes
87478,Yes
87479,Yes
87480,No
87481,Yes
87482,Yes
87483,No
87484,No
87485,Yes
87486,Yes
87487,Yes
87488,Yes
87489,Yes
87490,No
87491,No
87492,Yes
87493,Yes
87494,No
87495,Yes
87496,Yes
87497,No
87498,Yes
87499,Yes
87500,Yes
87501,Yes
87502,Yes
87503,Yes
87504,Yes
87505,Yes
87506,Yes
87507,Yes
87508,Yes
87509,No
87510,Yes
87511,No
87512,Yes
87513,No
87514,Yes
87515,Yes
87516,Yes
87517,Yes
87518,Yes
87519,Yes
87520,No
87521,Yes
87522,No
87523,Yes
87524,Yes
87525,Yes
87526,No
87527,No
87528,Yes
87529,No
87530,Yes
87531,Yes
87532,No
87533,Yes
87534,Yes
87535,Yes
87536,No
87537,Yes
87538,No
87539,Yes
87540,No
87541,Yes
87542,Yes
87543,Yes
87544,Yes
87545,Yes
87546,Yes
87547,Yes
87548,Yes
87549,Yes
87550,No
87551,Yes
87552,Yes
87553,No
87554,Yes
87555,Yes
87556,Yes
87557,Yes
87558,No
87559,No
87560,Yes
87561,Yes
87562,No
87563,No
87564,Yes
87565,Yes
87566,No
87567,No
87568,No
87569,Yes
87570,No
87571,No
87572,Yes
87573,Yes
87574,Yes
87575,Yes
87576,Yes
87577,Yes
87578,Yes
87579,No
87580,Yes
87581,Yes
87582,Yes
87583,Yes
87584,No
87585,No
87586,Yes
87587,Yes
87588,No
87589,Yes
87590,Yes
87591,Yes
87592,Yes
87593,No
87594,Yes
87595,No
87596,Yes
87597,Yes
87598,Yes
87599,Yes
87600,No
87601,Yes
87602,Yes
87603,Yes
87604,Yes
87605,Yes
87606,Yes
87607,Yes
87608,Yes
87609,Yes
87610,No
87611,Yes
87612,Yes
87613,Yes
87614,Yes
87615,Yes
87616,Yes
87617,No
87618,Yes
87619,Yes
87620,Yes
87621,Yes
87622,Yes
87623,Yes
87624,Yes
87625,Yes
87626,Yes
87627,Yes
87628,Yes
87629,No
87630,Yes
87631,Yes
87632,Yes
87633,Yes
87634,No
87635,Yes
87636,Yes
87637,No
87638,Yes
87639,Yes
87640,Yes
87641,Yes
87642,Yes
87643,Yes
87644,Yes
87645,Yes
87646,Yes
87647,Yes
87648,No
87649,Yes
87650,Yes
87651,Yes
87652,Yes
87653,Yes
87654,Yes
87655,No
87656,Yes
87657,No
87658,Yes
87659,No
87660,No
87661,Yes
87662,Yes
87663,No
87664,No
87665,Yes
87666,Yes
87667,No
87668,Yes
87669,Yes
87670,Yes
87671,Yes
87672,Yes
87673,Yes
87674,Yes
87675,Yes
87676,No
87677,No
87678,No
87679,No
87680,Yes
87681,Yes
87682,Yes
87683,Yes
87684,Yes
87685,Yes
87686,Yes
87687,Yes
87688,Yes
87689,Yes
87690,Yes
87691,Yes
87692,Yes
87693,Yes
87694,Yes
87695,Yes
87696,Yes
87697,Yes
87698,Yes
87699,Yes
87700,Yes
87701,Yes
87702,Yes
87703,No
87704,No
87705,No
87706,No
87707,Yes
87708,Yes
87709,Yes
87710,Yes
87711,Yes
87712,Yes
87713,Yes
87714,Yes
87715,No
87716,Yes
87717,Yes
87718,No
87719,Yes
87720,Yes
87721,Yes
87722,Yes
87723,Yes
87724,No
87725,Yes
87726,Yes
87727,No
87728,Yes
87729,Yes
87730,No
87731,Yes
87732,Yes
87733,No
87734,No
87735,Yes
87736,Yes
87737,No
87738,Yes
87739,Yes
87740,Yes
87741,Yes
87742,Yes
87743,Yes
87744,Yes
87745,Yes
87746,Yes
87747,Yes
87748,Yes
87749,Yes
87750,Yes
87751,Yes
87752,No
87753,Yes
87754,Yes
87755,Yes
87756,No
87757,Yes
87758,Yes
87759,No
87760,Yes
87761,Yes
87762,Yes
87763,Yes
87764,No
87765,Yes
87766,Yes
87767,Yes
87768,No
87769,Yes
87770,Yes
87771,Yes
87772,Yes
87773,Yes
87774,Yes
87775,Yes
87776,Yes
87777,No
87778,Yes
87779,Yes
87780,Yes
87781,Yes
87782,Yes
87783,Yes
87784,No
87785,No
87786,Yes
87787,Yes
87788,Yes
87789,Yes
87790,No
87791,Yes
87792,No
87793,Yes
87794,Yes
87795,No
87796,Yes
87797,No
87798,No
87799,No
87800,Yes
87801,No
87802,Yes
87803,Yes
87804,Yes
87805,No
87806,Yes
87807,Yes
87808,Yes
87809,No
87810,Yes
87811,Yes
87812,Yes
87813,No
87814,No
87815,Yes
87816,No
87817,Yes
87818,Yes
87819,Yes
87820,Yes
87821,Yes
87822,No
87823,Yes
87824,No
87825,No
87826,No
87827,Yes
87828,No
87829,Yes
87830,Yes
87831,Yes
87832,Yes
87833,No
87834,Yes
87835,Yes
87836,Yes
87837,Yes
87838,No
87839,No
87840,No
87841,No
87842,No
87843,No
87844,Yes
87845,No
87846,Yes
87847,Yes
87848,Yes
87849,Yes
87850,Yes
87851,Yes
87852,Yes
87853,Yes
87854,Yes
87855,Yes
87856,Yes
87857,Yes
87858,Yes
87859,Yes
87860,No
87861,Yes
87862,Yes
87863,Yes
87864,Yes
87865,Yes
87866,No
87867,Yes
87868,Yes
87869,Yes
87870,No
87871,No
87872,No
87873,Yes
87874,Yes
87875,Yes
87876,Yes
87877,No
87878,Yes
87879,Yes
87880,No
87881,Yes
87882,Yes
87883,No
87884,Yes
87885,Yes
87886,Yes
87887,Yes
87888,No
87889,Yes
87890,Yes
87891,No
87892,Yes
87893,No
87894,No
87895,No
87896,Yes
87897,Yes
87898,Yes
87899,Yes
87900,Yes
87901,Yes
87902,Yes
87903,Yes
87904,Yes
87905,Yes
87906,No
87907,No
87908,Yes
87909,Yes
87910,Yes
87911,No
87912,Yes
87913,Yes
87914,No
87915,No
87916,Yes
87917,No
87918,No
87919,No
87920,No
87921,Yes
87922,No
87923,No
87924,Yes
87925,Yes
87926,No
87927,Yes
87928,No
87929,Yes
87930,Yes
87931,Yes
87932,Yes
87933,No
87934,No
87935,No
87936,Yes
87937,No
87938,Yes
87939,Yes
87940,Yes
87941,Yes
87942,No
87943,Yes
87944,Yes
87945,No
87946,No
87947,No
87948,Yes
87949,No
87950,Yes
87951,No
87952,Yes
87953,No
87954,Yes
87955,Yes
87956,No
87957,Yes
87958,No
87959,No
87960,Yes
87961,Yes
87962,Yes
87963,Yes
87964,Yes
87965,No
87966,Yes
87967,No
87968,Yes
87969,Yes
87970,No
87971,No
87972,Yes
87973,No
87974,No
87975,No
87976,Yes
87977,Yes
87978,No
87979,Yes
87980,Yes
87981,Yes
87982,No
87983,Yes
87984,Yes
87985,Yes
87986,No
87987,No
87988,Yes
87989,No
87990,No
87991,No
87992,Yes
87993,Yes
87994,Yes
87995,No
87996,Yes
87997,No
87998,Yes
87999,No
88000,Yes
88001,Yes
88002,Yes
88003,No
88004,No
88005,Yes
88006,No
88007,Yes
88008,Yes
88009,Yes
88010,Yes
88011,Yes
88012,Yes
88013,Yes
88014,Yes
88015,Yes
88016,Yes
88017,Yes
88018,Yes
88019,Yes
88020,No
88021,No
88022,No
88023,Yes
88024,Yes
88025,Yes
88026,No
88027,No
88028,Yes
88029,Yes
88030,No
88031,No
88032,No
88033,No
88034,No
88035,No
88036,No
88037,No
88038,No
88039,No
88040,Yes
88041,Yes
88042,No
88043,Yes
88044,Yes
88045,No
88046,No
88047,No
88048,Yes
88049,No
88050,No
88051,Yes
88052,Yes
88053,Yes
88054,Yes
88055,Yes
88056,Yes
88057,Yes
88058,Yes
88059,Yes
88060,No
88061,No
88062,Yes
88063,Yes
88064,Yes
88065,Yes
88066,No
88067,Yes
88068,Yes
88069,No
88070,Yes
88071,Yes
88072,Yes
88073,Yes
88074,Yes
88075,Yes
88076,Yes
88077,Yes
88078,Yes
88079,No
88080,Yes
88081,No
88082,Yes
88083,No
88084,Yes
88085,Yes
88086,No
88087,No
88088,No
88089,Yes
88090,No
88091,Yes
88092,Yes
88093,Yes
88094,Yes
88095,Yes
88096,Yes
88097,Yes
88098,Yes
88099,Yes
88100,No
88101,No
88102,Yes
88103,No
88104,No
88105,Yes
88106,No
88107,Yes
88108,Yes
88109,Yes
88110,No
88111,Yes
88112,Yes
88113,Yes
88114,No
88115,Yes
88116,Yes
88117,No
88118,Yes
88119,Yes
88120,Yes
88121,Yes
88122,Yes
88123,No
88124,No
88125,No
88126,Yes
88127,Yes
88128,Yes
88129,No
88130,No
88131,Yes
88132,Yes
88133,No
88134,Yes
88135,Yes
88136,Yes
88137,Yes
88138,No
88139,No
88140,No
88141,Yes
88142,Yes
88143,No
88144,Yes
88145,Yes
88146,Yes
88147,Yes
88148,Yes
88149,Yes
88150,Yes
88151,No
88152,No
88153,Yes
88154,Yes
88155,No
88156,Yes
88157,Yes
88158,No
88159,No
88160,Yes
88161,No
88162,Yes
88163,No
88164,No
88165,Yes
88166,Yes
88167,No
88168,Yes
88169,Yes
88170,Yes
88171,Yes
88172,No
88173,Yes
88174,Yes
88175,No
88176,Yes
88177,Yes
88178,Yes
88179,No
88180,Yes
88181,Yes
88182,Yes
88183,No
88184,No
88185,Yes
88186,Yes
88187,Yes
88188,Yes
88189,No
88190,Yes
88191,Yes
88192,Yes
88193,Yes
88194,Yes
88195,Yes
88196,Yes
88197,No
88198,No
88199,Yes
88200,No
88201,Yes
88202,No
88203,Yes
88204,No
88205,No
88206,Yes
88207,No
88208,Yes
88209,Yes
88210,Yes
88211,No
88212,Yes
88213,No
88214,Yes
88215,Yes
88216,No
88217,No
88218,No
88219,No
88220,No
88221,Yes
88222,No
88223,No
88224,Yes
88225,No
88226,Yes
88227,No
88228,No
88229,Yes
88230,No
88231,Yes
88232,Yes
88233,Yes
88234,Yes
88235,Yes
88236,Yes
88237,No
88238,Yes
88239,Yes
88240,Yes
88241,No
88242,No
88243,Yes
88244,No
88245,Yes
88246,No
88247,Yes
88248,Yes
88249,Yes
88250,No
88251,No
88252,No
88253,Yes
88254,No
88255,No
88256,Yes
88257,Yes
88258,Yes
88259,Yes
88260,No
88261,Yes
88262,No
88263,Yes
88264,Yes
88265,Yes
88266,Yes
88267,Yes
88268,No
88269,No
88270,Yes
88271,Yes
88272,Yes
88273,Yes
88274,No
88275,No
88276,Yes
88277,Yes
88278,No
88279,Yes
88280,Yes
88281,No
88282,No
88283,No
88284,Yes
88285,No
88286,Yes
88287,Yes
88288,Yes
88289,No
88290,Yes
88291,No
88292,Yes
88293,Yes
88294,Yes
88295,Yes
88296,No
88297,Yes
88298,No
88299,Yes
88300,Yes
88301,No
88302,No
88303,Yes
88304,No
88305,Yes
88306,Yes
88307,Yes
88308,No
88309,Yes
88310,Yes
88311,Yes
88312,Yes
88313,Yes
88314,No
88315,Yes
88316,Yes
88317,Yes
88318,Yes
88319,No
88320,Yes
88321,No
88322,Yes
88323,Yes
88324,Yes
88325,No
88326,Yes
88327,No
88328,Yes
88329,Yes
88330,Yes
88331,Yes
88332,Yes
88333,Yes
88334,Yes
88335,No
88336,Yes
88337,Yes
88338,Yes
88339,Yes
88340,No
88341,Yes
88342,No
88343,No
88344,No
88345,No
88346,Yes
88347,Yes
88348,Yes
88349,Yes
88350,No
88351,Yes
88352,No
88353,Yes
88354,No
88355,No
88356,Yes
88357,Yes
88358,Yes
88359,Yes
88360,Yes
88361,Yes
88362,Yes
88363,Yes
88364,Yes
88365,Yes
88366,No
88367,No
88368,Yes
88369,Yes
88370,Yes
88371,Yes
88372,No
88373,No
88374,No
88375,Yes
88376,No
88377,No
88378,No
88379,No
88380,No
88381,Yes
88382,Yes
88383,Yes
88384,No
88385,Yes
88386,Yes
88387,Yes
88388,Yes
88389,No
88390,No
88391,No
88392,No
88393,No
88394,Yes
88395,Yes
88396,Yes
88397,Yes
88398,No
88399,Yes
88400,Yes
88401,Yes
88402,No
88403,No
88404,Yes
88405,Yes
88406,Yes
88407,Yes
88408,No
88409,No
88410,Yes
88411,Yes
88412,Yes
88413,Yes
88414,Yes
88415,Yes
88416,No
88417,Yes
88418,Yes
88419,Yes
88420,No
88421,No
88422,No
88423,No
88424,Yes
88425,Yes
88426,Yes
88427,Yes
88428,Yes
88429,Yes
88430,Yes
88431,Yes
88432,Yes
88433,Yes
88434,Yes
88435,Yes
88436,Yes
88437,Yes
88438,Yes
88439,No
88440,No
88441,No
88442,Yes
88443,No
88444,No
88445,Yes
88446,No
88447,Yes
88448,Yes
88449,No
88450,No
88451,Yes
88452,Yes
88453,Yes
88454,Yes
88455,Yes
88456,Yes
88457,No
88458,No
88459,Yes
88460,No
88461,No
88462,No
88463,Yes
88464,Yes
88465,Yes
88466,No
88467,Yes
88468,Yes
88469,No
88470,Yes
88471,Yes
88472,No
88473,Yes
88474,Yes
88475,No
88476,Yes
88477,Yes
88478,Yes
88479,Yes
88480,No
88481,Yes
88482,Yes
88483,No
88484,Yes
88485,Yes
88486,Yes
88487,Yes
88488,Yes
88489,Yes
88490,Yes
88491,Yes
88492,No
88493,Yes
88494,Yes
88495,Yes
88496,No
88497,No
88498,No
88499,Yes
88500,Yes
88501,No
88502,Yes
88503,Yes
88504,Yes
88505,Yes
88506,No
88507,Yes
88508,Yes
88509,No
88510,No
88511,Yes
88512,Yes
88513,Yes
88514,No
88515,Yes
88516,No
88517,Yes
88518,Yes
88519,Yes
88520,Yes
88521,No
88522,Yes
88523,Yes
88524,No
88525,No
88526,Yes
88527,No
88528,No
88529,No
88530,Yes
88531,No
88532,Yes
88533,Yes
88534,Yes
88535,No
88536,Yes
88537,Yes
88538,Yes
88539,Yes
88540,No
88541,Yes
88542,Yes
88543,No
88544,No
88545,No
88546,No
88547,No
88548,Yes
88549,Yes
88550,Yes
88551,Yes
88552,Yes
88553,No
88554,No
88555,Yes
88556,Yes
88557,Yes
88558,No
88559,Yes
88560,No
88561,Yes
88562,Yes
88563,Yes
88564,Yes
88565,Yes
88566,No
88567,Yes
88568,Yes
88569,Yes
88570,Yes
88571,No
88572,No
88573,Yes
88574,Yes
88575,Yes
88576,Yes
88577,No
88578,Yes
88579,No
88580,Yes
88581,No
88582,No
88583,Yes
88584,No
88585,Yes
88586,Yes
88587,Yes
88588,Yes
88589,No
88590,No
88591,Yes
88592,Yes
88593,Yes
88594,No
88595,No
88596,Yes
88597,Yes
88598,Yes
88599,Yes
88600,Yes
88601,No
88602,Yes
88603,Yes
88604,Yes
88605,Yes
88606,No
88607,Yes
88608,No
88609,Yes
88610,Yes
88611,Yes
88612,No
88613,Yes
88614,Yes
88615,Yes
88616,Yes
88617,No
88618,No
88619,Yes
88620,No
88621,Yes
88622,No
88623,Yes
88624,Yes
88625,Yes
88626,Yes
88627,No
88628,Yes
88629,Yes
88630,No
88631,No
88632,Yes
88633,Yes
88634,Yes
88635,Yes
88636,Yes
88637,Yes
88638,No
88639,Yes
88640,No
88641,No
88642,Yes
88643,Yes
88644,No
88645,No
88646,Yes
88647,Yes
88648,Yes
88649,No
88650,No
88651,Yes
88652,No
88653,Yes
88654,No
88655,Yes
88656,Yes
88657,Yes
88658,Yes
88659,Yes
88660,Yes
88661,Yes
88662,Yes
88663,Yes
88664,No
88665,Yes
88666,No
88667,Yes
88668,No
88669,Yes
88670,Yes
88671,Yes
88672,No
88673,Yes
88674,Yes
88675,Yes
88676,Yes
88677,No
88678,Yes
88679,Yes
88680,Yes
88681,Yes
88682,Yes
88683,Yes
88684,Yes
88685,Yes
88686,Yes
88687,No
88688,No
88689,Yes
88690,Yes
88691,Yes
88692,No
88693,Yes
88694,No
88695,Yes
88696,Yes
88697,No
88698,Yes
88699,No
88700,No
88701,Yes
88702,Yes
88703,Yes
88704,Yes
88705,Yes
88706,Yes
88707,Yes
88708,Yes
88709,No
88710,Yes
88711,Yes
88712,No
88713,Yes
88714,Yes
88715,No
88716,Yes
88717,Yes
88718,Yes
88719,Yes
88720,Yes
88721,No
88722,Yes
88723,Yes
88724,No
88725,No
88726,No
88727,Yes
88728,Yes
88729,No
88730,No
88731,Yes
88732,Yes
88733,No
88734,Yes
88735,No
88736,Yes
88737,Yes
88738,No
88739,No
88740,Yes
88741,No
88742,Yes
88743,Yes
88744,No
88745,No
88746,Yes
88747,Yes
88748,No
88749,Yes
88750,Yes
88751,Yes
88752,No
88753,Yes
88754,Yes
88755,Yes
88756,Yes
88757,No
88758,Yes
88759,Yes
88760,No
88761,Yes
88762,Yes
88763,No
88764,Yes
88765,No
88766,Yes
88767,Yes
88768,No
88769,Yes
88770,No
88771,No
88772,Yes
88773,No
88774,Yes
88775,No
88776,Yes
88777,Yes
88778,Yes
88779,Yes
88780,Yes
88781,Yes
88782,Yes
88783,No
88784,Yes
88785,No
88786,No
88787,No
88788,Yes
88789,No
88790,Yes
88791,Yes
88792,No
88793,Yes
88794,No
88795,Yes
88796,Yes
88797,No
88798,No
88799,Yes
88800,Yes
88801,Yes
88802,No
88803,Yes
88804,No
88805,No
88806,Yes
88807,Yes
88808,No
88809,Yes
88810,Yes
88811,Yes
88812,Yes
88813,No
88814,Yes
88815,No
88816,Yes
88817,Yes
88818,No
88819,Yes
88820,Yes
88821,Yes
88822,Yes
88823,Yes
88824,No
88825,Yes
88826,No
88827,No
88828,Yes
88829,Yes
88830,Yes
88831,Yes
88832,Yes
88833,Yes
88834,Yes
88835,Yes
88836,Yes
88837,Yes
88838,No
88839,Yes
88840,No
88841,Yes
88842,No
88843,No
88844,Yes
88845,Yes
88846,No
88847,Yes
88848,Yes
88849,Yes
88850,No
88851,Yes
88852,Yes
88853,Yes
88854,Yes
88855,No
88856,Yes
88857,Yes
88858,Yes
88859,Yes
88860,Yes
88861,Yes
88862,Yes
88863,Yes
88864,Yes
88865,No
88866,No
88867,No
88868,Yes
88869,Yes
88870,Yes
88871,No
88872,Yes
88873,Yes
88874,Yes
88875,Yes
88876,No
88877,No
88878,Yes
88879,Yes
88880,Yes
88881,No
88882,No
88883,No
88884,Yes
88885,Yes
88886,Yes
88887,No
88888,No
88889,No
88890,Yes
88891,Yes
88892,No
88893,No
88894,Yes
88895,No
88896,Yes
88897,No
88898,Yes
88899,Yes
88900,Yes
88901,Yes
88902,Yes
88903,Yes
88904,Yes
88905,Yes
88906,No
88907,Yes
88908,Yes
88909,Yes
88910,Yes
88911,No
88912,Yes
88913,Yes
88914,No
88915,Yes
88916,No
88917,Yes
88918,No
88919,Yes
88920,Yes
88921,No
88922,Yes
88923,Yes
88924,Yes
88925,No
88926,Yes
88927,Yes
88928,No
88929,No
88930,Yes
88931,Yes
88932,Yes
88933,Yes
88934,No
88935,Yes
88936,Yes
88937,Yes
88938,No
88939,Yes
88940,Yes
88941,Yes
88942,Yes
88943,No
88944,Yes
88945,Yes
88946,Yes
88947,No
88948,No
88949,Yes
88950,Yes
88951,Yes
88952,Yes
88953,Yes
88954,No
88955,Yes
88956,Yes
88957,Yes
88958,Yes
88959,Yes
88960,No
88961,No
88962,Yes
88963,No
88964,No
88965,No
88966,Yes
88967,Yes
88968,No
88969,Yes
88970,Yes
88971,Yes
88972,Yes
88973,No
88974,Yes
88975,Yes
88976,Yes
88977,No
88978,Yes
88979,Yes
88980,No
88981,Yes
88982,Yes
88983,No
88984,No
88985,Yes
88986,No
88987,Yes
88988,Yes
88989,Yes
88990,Yes
88991,Yes
88992,No
88993,No
88994,Yes
88995,Yes
88996,No
88997,No
88998,No
88999,No
89000,Yes
89001,Yes
89002,Yes
89003,Yes
89004,Yes
89005,Yes
89006,No
89007,No
89008,No
89009,Yes
89010,Yes
89011,Yes
89012,No
89013,Yes
89014,No
89015,Yes
89016,No
89017,No
89018,Yes
89019,No
89020,Yes
89021,No
89022,No
89023,Yes
89024,No
89025,No
89026,Yes
89027,Yes
89028,Yes
89029,No
89030,No
89031,Yes
89032,No
89033,Yes
89034,Yes
89035,Yes
89036,Yes
89037,Yes
89038,Yes
89039,Yes
89040,No
89041,No
89042,Yes
89043,Yes
89044,No
89045,No
89046,Yes
89047,Yes
89048,No
89049,Yes
89050,Yes
89051,Yes
89052,Yes
89053,No
89054,Yes
89055,No
89056,No
89057,No
89058,Yes
89059,No
89060,Yes
89061,No
89062,No
89063,No
89064,No
89065,Yes
89066,Yes
89067,Yes
89068,No
89069,Yes
89070,No
89071,Yes
89072,No
89073,No
89074,Yes
89075,No
89076,Yes
89077,Yes
89078,Yes
89079,Yes
89080,Yes
89081,Yes
89082,Yes
89083,Yes
89084,No
89085,No
89086,Yes
89087,No
89088,No
89089,Yes
89090,Yes
89091,Yes
89092,No
89093,Yes
89094,No
89095,Yes
89096,Yes
89097,Yes
89098,Yes
89099,Yes
89100,Yes
89101,Yes
89102,Yes
89103,Yes
89104,Yes
89105,No
89106,Yes
89107,Yes
89108,No
89109,Yes
89110,Yes
89111,Yes
89112,Yes
89113,Yes
89114,Yes
89115,Yes
89116,Yes
89117,Yes
89118,Yes
89119,Yes
89120,Yes
89121,Yes
89122,Yes
89123,Yes
89124,Yes
89125,Yes
89126,Yes
89127,Yes
89128,Yes
89129,Yes
89130,No
89131,Yes
89132,Yes
89133,Yes
89134,Yes
89135,Yes
89136,Yes
89137,Yes
89138,Yes
89139,Yes
89140,Yes
89141,Yes
89142,Yes
89143,Yes
89144,No
89145,Yes
89146,No
89147,No
89148,No
89149,No
89150,No
89151,Yes
89152,Yes
89153,Yes
89154,No
89155,No
89156,No
89157,Yes
89158,No
89159,No
89160,Yes
89161,Yes
89162,No
89163,Yes
89164,No
89165,Yes
89166,Yes
89167,No
89168,Yes
89169,No
89170,Yes
89171,No
89172,Yes
89173,Yes
89174,No
89175,No
89176,No
89177,Yes
89178,No
89179,No
89180,Yes
89181,Yes
89182,Yes
89183,No
89184,No
89185,No
89186,Yes
89187,No
89188,Yes
89189,Yes
89190,Yes
89191,No
89192,Yes
89193,No
89194,No
89195,Yes
89196,No
89197,No
89198,No
89199,No
89200,Yes
89201,Yes
89202,No
89203,Yes
89204,Yes
89205,Yes
89206,Yes
89207,No
89208,No
89209,Yes
89210,No
89211,No
89212,Yes
89213,Yes
89214,No
89215,Yes
89216,No
89217,Yes
89218,Yes
89219,Yes
89220,No
89221,Yes
89222,No
89223,Yes
89224,Yes
89225,Yes
89226,Yes
89227,Yes
89228,Yes
89229,No
89230,Yes
89231,No
89232,No
89233,Yes
89234,Yes
89235,Yes
89236,Yes
89237,No
89238,Yes
89239,No
89240,No
89241,Yes
89242,Yes
89243,Yes
89244,No
89245,No
89246,No
89247,Yes
89248,Yes
89249,Yes
89250,No
89251,Yes
89252,Yes
89253,No
89254,Yes
89255,Yes
89256,Yes
89257,Yes
89258,Yes
89259,Yes
89260,No
89261,No
89262,No
89263,Yes
89264,Yes
89265,Yes
89266,Yes
89267,Yes
89268,Yes
89269,No
89270,Yes
89271,Yes
89272,Yes
89273,Yes
89274,No
89275,No
89276,Yes
89277,No
89278,Yes
89279,Yes
89280,No
89281,No
89282,No
89283,Yes
89284,Yes
89285,No
89286,No
89287,No
89288,No
89289,No
89290,Yes
89291,No
89292,Yes
89293,Yes
89294,Yes
89295,No
89296,Yes
89297,Yes
89298,No
89299,Yes
89300,Yes
89301,Yes
89302,Yes
89303,Yes
89304,No
89305,Yes
89306,Yes
89307,Yes
89308,Yes
89309,Yes
89310,No
89311,Yes
89312,No
89313,No
89314,No
89315,Yes
89316,Yes
89317,No
89318,No
89319,Yes
89320,Yes
89321,Yes
89322,Yes
89323,No
89324,No
89325,No
89326,Yes
89327,No
89328,No
89329,Yes
89330,Yes
89331,Yes
89332,Yes
89333,Yes
89334,Yes
89335,Yes
89336,Yes
89337,Yes
89338,Yes
89339,Yes
89340,Yes
89341,Yes
89342,Yes
89343,Yes
89344,No
89345,Yes
89346,No
89347,No
89348,No
89349,No
89350,Yes
89351,No
89352,No
89353,Yes
89354,Yes
89355,Yes
89356,Yes
89357,No
89358,Yes
89359,Yes
89360,Yes
89361,Yes
89362,No
89363,No
89364,No
89365,No
89366,No
89367,Yes
89368,No
89369,Yes
89370,Yes
89371,Yes
89372,Yes
89373,Yes
89374,Yes
89375,Yes
89376,Yes
89377,Yes
89378,Yes
89379,No
89380,Yes
89381,No
89382,Yes
89383,No
89384,Yes
89385,No
89386,Yes
89387,No
89388,Yes
89389,Yes
89390,Yes
89391,Yes
89392,No
89393,Yes
89394,No
89395,No
89396,Yes
89397,Yes
89398,Yes
89399,Yes
89400,No
89401,No
89402,Yes
89403,Yes
89404,Yes
89405,Yes
89406,Yes
89407,Yes
89408,Yes
89409,No
89410,Yes
89411,Yes
89412,Yes
89413,Yes
89414,Yes
89415,No
89416,No
89417,Yes
89418,No
89419,Yes
89420,Yes
89421,Yes
89422,No
89423,Yes
89424,Yes
89425,No
89426,Yes
89427,No
89428,Yes
89429,No
89430,Yes
89431,Yes
89432,Yes
89433,Yes
89434,Yes
89435,Yes
89436,Yes
89437,No
89438,Yes
89439,Yes
89440,Yes
89441,Yes
89442,Yes
89443,Yes
89444,Yes
89445,Yes
89446,No
89447,Yes
89448,Yes
89449,Yes
89450,Yes
89451,Yes
89452,Yes
89453,Yes
89454,Yes
89455,Yes
89456,No
89457,Yes
89458,No
89459,Yes
89460,No
89461,No
89462,Yes
89463,No
89464,Yes
89465,Yes
89466,No
89467,No
89468,No
89469,Yes
89470,No
89471,Yes
89472,No
89473,No
89474,Yes
89475,No
89476,Yes
89477,Yes
89478,Yes
89479,Yes
89480,No
89481,Yes
89482,No
89483,No
89484,Yes
89485,No
89486,No
89487,No
89488,Yes
89489,No
89490,No
89491,Yes
89492,No
89493,Yes
89494,No
89495,Yes
89496,No
89497,Yes
89498,Yes
89499,Yes
89500,Yes
89501,No
89502,Yes
89503,No
89504,Yes
89505,Yes
89506,No
89507,Yes
89508,Yes
89509,No
89510,Yes
89511,No
89512,Yes
89513,Yes
89514,No
89515,Yes
89516,Yes
89517,No
89518,Yes
89519,No
89520,No
89521,Yes
89522,Yes
89523,Yes
89524,Yes
89525,Yes
89526,Yes
89527,Yes
89528,Yes
89529,Yes
89530,Yes
89531,No
89532,Yes
89533,Yes
89534,No
89535,Yes
89536,Yes
89537,Yes
89538,No
89539,Yes
89540,No
89541,Yes
89542,Yes
89543,Yes
89544,Yes
89545,No
89546,No
89547,No
89548,No
89549,No
89550,Yes
89551,No
89552,Yes
89553,Yes
89554,No
89555,Yes
89556,Yes
89557,Yes
89558,Yes
89559,No
89560,Yes
89561,Yes
89562,Yes
89563,No
89564,No
89565,Yes
89566,No
89567,No
89568,Yes
89569,No
89570,Yes
89571,Yes
89572,Yes
89573,Yes
89574,No
89575,Yes
89576,No
89577,No
89578,Yes
89579,No
89580,Yes
89581,No
89582,No
89583,Yes
89584,Yes
89585,Yes
89586,No
89587,Yes
89588,Yes
89589,No
89590,No
89591,Yes
89592,Yes
89593,No
89594,Yes
89595,No
89596,Yes
89597,Yes
89598,Yes
89599,Yes
89600,No
89601,Yes
89602,No
89603,Yes
89604,Yes
89605,Yes
89606,Yes
89607,No
89608,Yes
89609,Yes
89610,No
89611,No
89612,No
89613,Yes
89614,Yes
89615,Yes
89616,Yes
89617,Yes
89618,Yes
89619,No
89620,Yes
89621,Yes
89622,Yes
89623,No
89624,No
89625,No
89626,Yes
89627,Yes
89628,Yes
89629,No
89630,Yes
89631,Yes
89632,Yes
89633,Yes
89634,Yes
89635,Yes
89636,Yes
89637,Yes
89638,Yes
89639,Yes
89640,No
89641,Yes
89642,Yes
89643,No
89644,No
89645,No
89646,No
89647,No
89648,Yes
89649,No
89650,Yes
89651,Yes
89652,Yes
89653,No
89654,No
89655,Yes
89656,Yes
89657,Yes
89658,Yes
89659,Yes
89660,No
89661,Yes
89662,Yes
89663,Yes
89664,Yes
89665,Yes
89666,Yes
89667,Yes
89668,Yes
89669,Yes
89670,Yes
89671,Yes
89672,Yes
89673,Yes
89674,Yes
89675,No
89676,Yes
89677,Yes
89678,No
89679,Yes
89680,Yes
89681,No
89682,Yes
89683,Yes
89684,No
89685,Yes
89686,No
89687,No
89688,Yes
89689,Yes
89690,Yes
89691,Yes
89692,Yes
89693,No
89694,Yes
89695,Yes
89696,Yes
89697,Yes
89698,Yes
89699,Yes
89700,No
89701,No
89702,No
89703,Yes
89704,No
89705,No
89706,Yes
89707,Yes
89708,No
89709,Yes
89710,No
89711,No
89712,Yes
89713,Yes
89714,Yes
89715,Yes
89716,No
89717,Yes
89718,No
89719,Yes
89720,Yes
89721,No
89722,Yes
89723,Yes
89724,No
89725,No
89726,No
89727,Yes
89728,Yes
89729,Yes
89730,Yes
89731,Yes
89732,Yes
89733,Yes
89734,Yes
89735,No
89736,Yes
89737,Yes
89738,No
89739,Yes
89740,No
89741,Yes
89742,Yes
89743,Yes
89744,Yes
89745,Yes
89746,Yes
89747,Yes
89748,Yes
89749,No
89750,No
89751,Yes
89752,Yes
89753,Yes
89754,Yes
89755,Yes
89756,No
89757,Yes
89758,Yes
89759,Yes
89760,No
89761,Yes
89762,Yes
89763,No
89764,Yes
89765,No
89766,Yes
89767,Yes
89768,Yes
89769,Yes
89770,No
89771,No
89772,No
89773,Yes
89774,No
89775,Yes
89776,Yes
89777,No
89778,Yes
89779,Yes
89780,No
89781,Yes
89782,Yes
89783,No
89784,Yes
89785,Yes
89786,Yes
89787,Yes
89788,Yes
89789,No
89790,No
89791,No
89792,Yes
89793,Yes
89794,No
89795,Yes
89796,No
89797,Yes
89798,Yes
89799,No
89800,Yes
89801,Yes
89802,Yes
89803,Yes
89804,Yes
89805,No
89806,Yes
89807,No
89808,No
89809,Yes
89810,Yes
89811,Yes
89812,Yes
89813,Yes
89814,Yes
89815,Yes
89816,Yes
89817,Yes
89818,Yes
89819,No
89820,No
89821,No
89822,Yes
89823,No
89824,No
89825,Yes
89826,Yes
89827,Yes
89828,Yes
89829,Yes
89830,Yes
89831,No
89832,Yes
89833,Yes
89834,Yes
89835,Yes
89836,No
89837,No
89838,Yes
89839,Yes
89840,No
89841,Yes
89842,Yes
89843,No
89844,No
89845,No
89846,Yes
89847,Yes
89848,Yes
89849,Yes
89850,Yes
89851,No
89852,Yes
89853,Yes
89854,Yes
89855,No
89856,Yes
89857,No
89858,Yes
89859,Yes
89860,Yes
89861,Yes
89862,No
89863,Yes
89864,Yes
89865,Yes
89866,No
89867,Yes
89868,Yes
89869,No
89870,No
89871,No
89872,No
89873,Yes
89874,Yes
89875,Yes
89876,Yes
89877,Yes
89878,Yes
89879,Yes
89880,Yes
89881,Yes
89882,Yes
89883,Yes
89884,Yes
89885,Yes
89886,Yes
89887,No
89888,Yes
89889,No
89890,Yes
89891,No
89892,No
89893,No
89894,Yes
89895,Yes
89896,No
89897,No
89898,Yes
89899,Yes
89900,No
89901,Yes
89902,No
89903,Yes
89904,No
89905,Yes
89906,Yes
89907,No
89908,Yes
89909,Yes
89910,No
89911,Yes
89912,Yes
89913,Yes
89914,No
89915,No
89916,Yes
89917,Yes
89918,Yes
89919,No
89920,Yes
89921,Yes
89922,Yes
89923,No
89924,No
89925,Yes
89926,Yes
89927,Yes
89928,Yes
89929,Yes
89930,Yes
89931,No
89932,No
89933,No
89934,No
89935,Yes
89936,Yes
89937,No
89938,Yes
89939,No
89940,Yes
89941,Yes
89942,Yes
89943,Yes
89944,Yes
89945,No
89946,Yes
89947,Yes
89948,Yes
89949,No
89950,Yes
89951,Yes
89952,Yes
89953,No
89954,No
89955,No
89956,No
89957,Yes
89958,Yes
89959,Yes
89960,Yes
89961,Yes
89962,Yes
89963,Yes
89964,Yes
89965,No
89966,Yes
89967,No
89968,Yes
89969,No
89970,No
89971,Yes
89972,Yes
89973,Yes
89974,Yes
89975,Yes
89976,Yes
89977,Yes
89978,Yes
89979,Yes
89980,Yes
89981,No
89982,Yes
89983,Yes
89984,No
89985,Yes
89986,No
89987,Yes
89988,Yes
89989,Yes
89990,No
89991,Yes
89992,Yes
89993,No
89994,Yes
89995,No
89996,No
89997,Yes
89998,Yes
89999,No
90000,No
90001,Yes
90002,Yes
90003,Yes
90004,No
90005,No
90006,Yes
90007,No
90008,Yes
90009,Yes
90010,Yes
90011,Yes
90012,No
90013,No
90014,Yes
90015,Yes
90016,Yes
90017,Yes
90018,Yes
90019,Yes
90020,Yes
90021,No
90022,Yes
90023,No
90024,No
90025,Yes
90026,No
90027,No
90028,No
90029,Yes
90030,Yes
90031,Yes
90032,Yes
90033,Yes
90034,Yes
90035,Yes
90036,No
90037,No
90038,Yes
90039,Yes
90040,Yes
90041,No
90042,No
90043,No
90044,No
90045,No
90046,No
90047,No
90048,Yes
90049,No
90050,No
90051,Yes
90052,No
90053,Yes
90054,Yes
90055,No
90056,Yes
90057,Yes
90058,Yes
90059,Yes
90060,Yes
90061,Yes
90062,Yes
90063,Yes
90064,Yes
90065,Yes
90066,No
90067,Yes
90068,No
90069,Yes
90070,No
90071,Yes
90072,Yes
90073,Yes
90074,No
90075,Yes
90076,No
90077,No
90078,No
90079,Yes
90080,No
90081,Yes
90082,No
90083,Yes
90084,Yes
90085,Yes
90086,No
90087,Yes
90088,Yes
90089,Yes
90090,No
90091,No
90092,Yes
90093,Yes
90094,Yes
90095,Yes
90096,No
90097,Yes
90098,Yes
90099,Yes
90100,No
90101,Yes
90102,Yes
90103,Yes
90104,Yes
90105,Yes
90106,No
90107,Yes
90108,No
90109,Yes
90110,No
90111,Yes
90112,Yes
90113,No
90114,Yes
90115,No
90116,Yes
90117,Yes
90118,Yes
90119,Yes
90120,Yes
90121,Yes
90122,Yes
90123,No
90124,No
90125,Yes
90126,Yes
90127,Yes
90128,No
90129,No
90130,Yes
90131,Yes
90132,Yes
90133,Yes
90134,Yes
90135,No
90136,Yes
90137,Yes
90138,Yes
90139,No
90140,Yes
90141,Yes
90142,Yes
90143,Yes
90144,Yes
90145,Yes
90146,Yes
90147,No
90148,Yes
90149,Yes
90150,No
90151,No
90152,No
90153,Yes
90154,Yes
90155,Yes
90156,No
90157,No
90158,Yes
90159,No
90160,Yes
90161,Yes
90162,Yes
90163,No
90164,Yes
90165,No
90166,Yes
90167,Yes
90168,No
90169,Yes
90170,No
90171,Yes
90172,No
90173,No
90174,No
90175,No
90176,No
90177,Yes
90178,Yes
90179,Yes
90180,Yes
90181,Yes
90182,Yes
90183,No
90184,Yes
90185,Yes
90186,Yes
90187,Yes
90188,Yes
90189,Yes
90190,Yes
90191,Yes
90192,No
90193,Yes
90194,Yes
90195,No
90196,Yes
90197,No
90198,No
90199,Yes
90200,Yes
90201,Yes
90202,Yes
90203,No
90204,Yes
90205,Yes
90206,Yes
90207,Yes
90208,No
90209,Yes
90210,Yes
90211,No
90212,Yes
90213,No
90214,No
90215,Yes
90216,Yes
90217,Yes
90218,Yes
90219,Yes
90220,Yes
90221,Yes
90222,No
90223,No
90224,Yes
90225,No
90226,Yes
90227,Yes
90228,No
90229,Yes
90230,Yes
90231,No
90232,Yes
90233,Yes
90234,Yes
90235,Yes
90236,Yes
90237,Yes
90238,Yes
90239,Yes
90240,Yes
90241,Yes
90242,Yes
90243,No
90244,Yes
90245,No
90246,Yes
90247,No
90248,Yes
90249,Yes
90250,No
90251,Yes
90252,Yes
90253,Yes
90254,Yes
90255,Yes
90256,Yes
90257,No
90258,Yes
90259,Yes
90260,Yes
90261,Yes
90262,No
90263,Yes
90264,Yes
90265,No
90266,Yes
90267,No
90268,Yes
90269,Yes
90270,Yes
90271,No
90272,No
90273,No
90274,No
90275,Yes
90276,No
90277,No
90278,No
90279,Yes
90280,Yes
90281,Yes
90282,Yes
90283,Yes
90284,Yes
90285,No
90286,Yes
90287,Yes
90288,Yes
90289,No
90290,Yes
90291,Yes
90292,Yes
90293,Yes
90294,Yes
90295,No
90296,Yes
90297,Yes
90298,Yes
90299,No
90300,Yes
90301,Yes
90302,No
90303,Yes
90304,Yes
90305,Yes
90306,No
90307,Yes
90308,No
90309,No
90310,Yes
90311,No
90312,No
90313,No
90314,Yes
90315,Yes
90316,No
90317,Yes
90318,Yes
90319,No
90320,Yes
90321,Yes
90322,Yes
90323,Yes
90324,Yes
90325,Yes
90326,Yes
90327,Yes
90328,No
90329,Yes
90330,No
90331,Yes
90332,No
90333,Yes
90334,Yes
90335,No
90336,No
90337,No
90338,Yes
90339,Yes
90340,Yes
90341,No
90342,Yes
90343,Yes
90344,Yes
90345,Yes
90346,Yes
90347,Yes
90348,Yes
90349,Yes
90350,Yes
90351,Yes
90352,Yes
90353,Yes
90354,Yes
90355,Yes
90356,No
90357,No
90358,Yes
90359,Yes
90360,No
90361,Yes
90362,Yes
90363,No
90364,Yes
90365,No
90366,No
90367,Yes
90368,Yes
90369,Yes
90370,Yes
90371,Yes
90372,No
90373,No
90374,Yes
90375,No
90376,Yes
90377,No
90378,Yes
90379,Yes
90380,Yes
90381,Yes
90382,Yes
90383,Yes
90384,Yes
90385,Yes
90386,No
90387,No
90388,Yes
90389,Yes
90390,Yes
90391,No
90392,Yes
90393,No
90394,Yes
90395,Yes
90396,Yes
90397,Yes
90398,No
90399,Yes
90400,Yes
90401,Yes
90402,No
90403,Yes
90404,Yes
90405,Yes
90406,Yes
90407,Yes
90408,No
90409,Yes
90410,No
90411,Yes
90412,Yes
90413,Yes
90414,No
90415,Yes
90416,No
90417,Yes
90418,Yes
90419,Yes
90420,No
90421,No
90422,No
90423,Yes
90424,Yes
90425,Yes
90426,Yes
90427,No
90428,No
90429,Yes
90430,No
90431,Yes
90432,Yes
90433,Yes
90434,No
90435,No
90436,Yes
90437,No
90438,Yes
90439,No
90440,Yes
90441,No
90442,Yes
90443,Yes
90444,Yes
90445,Yes
90446,Yes
90447,Yes
90448,Yes
90449,Yes
90450,Yes
90451,Yes
90452,Yes
90453,No
90454,Yes
90455,Yes
90456,No
90457,Yes
90458,Yes
90459,No
90460,Yes
90461,Yes
90462,No
90463,No
90464,Yes
90465,Yes
90466,Yes
90467,No
90468,Yes
90469,No
90470,Yes
90471,Yes
90472,Yes
90473,No
90474,Yes
90475,Yes
90476,Yes
90477,Yes
90478,Yes
90479,Yes
90480,Yes
90481,No
90482,Yes
90483,No
90484,Yes
90485,Yes
90486,Yes
90487,Yes
90488,Yes
90489,No
90490,Yes
90491,No
90492,Yes
90493,Yes
90494,No
90495,Yes
90496,Yes
90497,Yes
90498,Yes
90499,Yes
90500,No
90501,Yes
90502,Yes
90503,No
90504,No
90505,No
90506,Yes
90507,No
90508,Yes
90509,Yes
90510,Yes
90511,Yes
90512,Yes
90513,Yes
90514,Yes
90515,No
90516,Yes
90517,No
90518,No
90519,Yes
90520,Yes
90521,Yes
90522,Yes
90523,No
90524,Yes
90525,Yes
90526,Yes
90527,Yes
90528,Yes
90529,Yes
90530,No
90531,No
90532,Yes
90533,Yes
90534,Yes
90535,Yes
90536,No
90537,No
90538,Yes
90539,Yes
90540,No
90541,No
90542,No
90543,No
90544,No
90545,Yes
90546,No
90547,No
90548,Yes
90549,Yes
90550,Yes
90551,Yes
90552,Yes
90553,Yes
90554,Yes
90555,Yes
90556,No
90557,Yes
90558,No
90559,No
90560,Yes
90561,Yes
90562,Yes
90563,No
90564,Yes
90565,Yes
90566,Yes
90567,No
90568,Yes
90569,Yes
90570,Yes
90571,Yes
90572,No
90573,Yes
90574,Yes
90575,Yes
90576,Yes
90577,Yes
90578,Yes
90579,Yes
90580,Yes
90581,No
90582,No
90583,No
90584,Yes
90585,Yes
90586,Yes
90587,Yes
90588,No
90589,Yes
90590,No
90591,Yes
90592,No
90593,Yes
90594,Yes
90595,Yes
90596,Yes
90597,No
90598,No
90599,Yes
90600,Yes
90601,Yes
90602,Yes
90603,Yes
90604,Yes
90605,Yes
90606,Yes
90607,No
90608,Yes
90609,No
90610,Yes
90611,No
90612,Yes
90613,Yes
90614,Yes
90615,No
90616,Yes
90617,No
90618,Yes
90619,Yes
90620,Yes
90621,No
90622,No
90623,Yes
90624,Yes
90625,No
90626,Yes
90627,Yes
90628,No
90629,No
90630,Yes
90631,No
90632,Yes
90633,Yes
90634,No
90635,Yes
90636,Yes
90637,Yes
90638,Yes
90639,No
90640,Yes
90641,Yes
90642,Yes
90643,No
90644,No
90645,Yes
90646,No
90647,Yes
90648,Yes
90649,Yes
90650,No
90651,No
90652,Yes
90653,Yes
90654,No
90655,No
90656,No
90657,No
90658,Yes
90659,Yes
90660,Yes
90661,No
90662,Yes
90663,No
90664,Yes
90665,Yes
90666,Yes
90667,No
90668,Yes
90669,Yes
90670,No
90671,Yes
90672,Yes
90673,No
90674,Yes
90675,No
90676,No
90677,No
90678,No
90679,No
90680,Yes
90681,No
90682,Yes
90683,No
90684,Yes
90685,Yes
90686,No
90687,Yes
90688,Yes
90689,Yes
90690,No
90691,No
90692,No
90693,No
90694,Yes
90695,Yes
90696,Yes
90697,Yes
90698,Yes
90699,No
90700,Yes
90701,No
90702,No
90703,Yes
90704,No
90705,No
90706,No
90707,No
90708,Yes
90709,No
90710,Yes
90711,No
90712,Yes
90713,Yes
90714,Yes
90715,Yes
90716,Yes
90717,Yes
90718,No
90719,No
90720,Yes
90721,Yes
90722,Yes
90723,Yes
90724,No
90725,Yes
90726,Yes
90727,No
90728,No
90729,Yes
90730,Yes
90731,No
90732,No
90733,Yes
90734,No
90735,Yes
90736,Yes
90737,No
90738,No
90739,Yes
90740,Yes
90741,No
90742,Yes
90743,Yes
90744,Yes
90745,Yes
90746,Yes
90747,Yes
90748,No
90749,No
90750,No
90751,No
90752,Yes
90753,Yes
90754,Yes
90755,Yes
90756,Yes
90757,Yes
90758,Yes
90759,Yes
90760,Yes
90761,No
90762,No
90763,Yes
90764,Yes
90765,Yes
90766,No
90767,Yes
90768,Yes
90769,Yes
90770,No
90771,No
90772,Yes
90773,Yes
90774,Yes
90775,Yes
90776,No
90777,Yes
90778,Yes
90779,No
90780,No
90781,Yes
90782,No
90783,No
90784,No
90785,No
90786,No
90787,Yes
90788,Yes
90789,Yes
90790,Yes
90791,No
90792,No
90793,Yes
90794,Yes
90795,No
90796,Yes
90797,Yes
90798,Yes
90799,No
90800,No
90801,No
90802,Yes
90803,No
90804,Yes
90805,Yes
90806,Yes
90807,Yes
90808,Yes
90809,Yes
90810,No
90811,No
90812,Yes
90813,No
90814,Yes
90815,No
90816,No
90817,No
90818,Yes
90819,Yes
90820,No
90821,Yes
90822,No
90823,Yes
90824,Yes
90825,No
90826,Yes
90827,Yes
90828,No
90829,No
90830,Yes
90831,No
90832,No
90833,Yes
90834,Yes
90835,No
90836,Yes
90837,Yes
90838,Yes
90839,Yes
90840,No
90841,Yes
90842,No
90843,Yes
90844,Yes
90845,Yes
90846,Yes
90847,No
90848,Yes
90849,Yes
90850,Yes
90851,No
90852,Yes
90853,Yes
90854,No
90855,No
90856,Yes
90857,Yes
90858,No
90859,Yes
90860,Yes
90861,Yes
90862,Yes
90863,Yes
90864,Yes
90865,No
90866,Yes
90867,No
90868,Yes
90869,No
90870,No
90871,Yes
90872,Yes
90873,Yes
90874,No
90875,No
90876,Yes
90877,Yes
90878,No
90879,No
90880,Yes
90881,Yes
90882,Yes
90883,Yes
90884,No
90885,No
90886,No
90887,Yes
90888,Yes
90889,No
90890,No
90891,Yes
90892,Yes
90893,No
90894,No
90895,No
90896,No
90897,Yes
90898,Yes
90899,No
90900,No
90901,No
90902,Yes
90903,Yes
90904,No
90905,Yes
90906,Yes
90907,Yes
90908,Yes
90909,Yes
90910,Yes
90911,Yes
90912,Yes
90913,No
90914,Yes
90915,No
90916,Yes
90917,Yes
90918,Yes
90919,No
90920,Yes
90921,Yes
90922,No
90923,Yes
90924,No
90925,Yes
90926,Yes
90927,Yes
90928,Yes
90929,Yes
90930,Yes
90931,No
90932,No
90933,No
90934,Yes
90935,Yes
90936,Yes
90937,No
90938,No
90939,Yes
90940,Yes
90941,Yes
90942,No
90943,Yes
90944,No
90945,Yes
90946,Yes
90947,Yes
90948,No
90949,No
90950,Yes
90951,No
90952,No
90953,Yes
90954,Yes
90955,Yes
90956,Yes
90957,Yes
90958,Yes
90959,No
90960,Yes
90961,Yes
90962,No
90963,Yes
90964,Yes
90965,Yes
90966,Yes
90967,No
90968,No
90969,Yes
90970,Yes
90971,Yes
90972,Yes
90973,Yes
90974,Yes
90975,No
90976,Yes
90977,Yes
90978,No
90979,Yes
90980,No
90981,No
90982,Yes
90983,Yes
90984,Yes
90985,Yes
90986,No
90987,No
90988,Yes
90989,No
90990,Yes
90991,Yes
90992,Yes
90993,Yes
90994,Yes
90995,Yes
90996,Yes
90997,Yes
90998,Yes
90999,No
91000,No
91001,No
91002,Yes
91003,No
91004,No
91005,Yes
91006,No
91007,No
91008,No
91009,Yes
91010,Yes
91011,Yes
91012,No
91013,Yes
91014,No
91015,Yes
91016,Yes
91017,Yes
91018,Yes
91019,Yes
91020,Yes
91021,Yes
91022,Yes
91023,No
91024,No
91025,Yes
91026,No
91027,Yes
91028,Yes
91029,No
91030,Yes
91031,Yes
91032,Yes
91033,Yes
91034,Yes
91035,Yes
91036,Yes
91037,No
91038,Yes
91039,No
91040,Yes
91041,Yes
91042,Yes
91043,Yes
91044,Yes
91045,Yes
91046,Yes
91047,Yes
91048,Yes
91049,Yes
91050,No
91051,Yes
91052,Yes
91053,Yes
91054,Yes
91055,Yes
91056,No
91057,No
91058,Yes
91059,Yes
91060,Yes
91061,Yes
91062,Yes
91063,Yes
91064,Yes
91065,Yes
91066,No
91067,Yes
91068,Yes
91069,No
91070,Yes
91071,Yes
91072,Yes
91073,Yes
91074,Yes
91075,Yes
91076,Yes
91077,No
91078,Yes
91079,Yes
91080,Yes
91081,No
91082,Yes
91083,Yes
91084,Yes
91085,Yes
91086,Yes
91087,Yes
91088,Yes
91089,Yes
91090,No
91091,No
91092,Yes
91093,Yes
91094,Yes
91095,Yes
91096,Yes
91097,Yes
91098,Yes
91099,No
91100,No
91101,Yes
91102,No
91103,Yes
91104,Yes
91105,Yes
91106,No
91107,Yes
91108,Yes
91109,Yes
91110,Yes
91111,Yes
91112,Yes
91113,Yes
91114,No
91115,Yes
91116,Yes
91117,No
91118,No
91119,No
91120,No
91121,Yes
91122,Yes
91123,No
91124,Yes
91125,No
91126,Yes
91127,No
91128,No
91129,Yes
91130,No
91131,No
91132,Yes
91133,Yes
91134,No
91135,Yes
91136,Yes
91137,Yes
91138,No
91139,No
91140,No
91141,No
91142,Yes
91143,No
91144,Yes
91145,No
91146,Yes
91147,Yes
91148,Yes
91149,Yes
91150,No
91151,No
91152,No
91153,Yes
91154,No
91155,Yes
91156,Yes
91157,No
91158,Yes
91159,Yes
91160,Yes
91161,Yes
91162,Yes
91163,No
91164,No
91165,No
91166,Yes
91167,No
91168,No
91169,Yes
91170,No
91171,Yes
91172,Yes
91173,Yes
91174,Yes
91175,No
91176,Yes
91177,No
91178,Yes
91179,No
91180,Yes
91181,No
91182,No
91183,Yes
91184,No
91185,No
91186,Yes
91187,Yes
91188,No
91189,No
91190,Yes
91191,Yes
91192,Yes
91193,Yes
91194,No
91195,No
91196,No
91197,No
91198,Yes
91199,Yes
91200,No
91201,No
91202,Yes
91203,Yes
91204,Yes
91205,Yes
91206,No
91207,Yes
91208,Yes
91209,Yes
91210,Yes
91211,Yes
91212,No
91213,Yes
91214,No
91215,Yes
91216,Yes
91217,No
91218,No
91219,No
91220,Yes
91221,Yes
91222,Yes
91223,Yes
91224,No
91225,Yes
91226,Yes
91227,Yes
91228,Yes
91229,Yes
91230,No
91231,Yes
91232,Yes
91233,Yes
91234,Yes
91235,Yes
91236,Yes
91237,Yes
91238,No
91239,Yes
91240,No
91241,Yes
91242,Yes
91243,Yes
91244,Yes
91245,No
91246,No
91247,Yes
91248,No
91249,Yes
91250,No
91251,No
91252,No
91253,Yes
91254,No
91255,Yes
91256,No
91257,No
91258,Yes
91259,Yes
91260,Yes
91261,No
91262,No
91263,Yes
91264,Yes
91265,Yes
91266,Yes
91267,Yes
91268,Yes
91269,Yes
91270,No
91271,Yes
91272,No
91273,Yes
91274,No
91275,Yes
91276,Yes
91277,Yes
91278,Yes
91279,Yes
91280,Yes
91281,Yes
91282,Yes
91283,Yes
91284,No
91285,Yes
91286,Yes
91287,Yes
91288,Yes
91289,Yes
91290,No
91291,Yes
91292,Yes
91293,Yes
91294,Yes
91295,Yes
91296,Yes
91297,No
91298,No
91299,Yes
91300,Yes
91301,Yes
91302,Yes
91303,Yes
91304,No
91305,Yes
91306,No
91307,No
91308,No
91309,Yes
91310,Yes
91311,Yes
91312,No
91313,No
91314,No
91315,Yes
91316,Yes
91317,Yes
91318,Yes
91319,Yes
91320,Yes
91321,No
91322,No
91323,No
91324,Yes
91325,No
91326,Yes
91327,Yes
91328,No
91329,Yes
91330,Yes
91331,No
91332,Yes
91333,Yes
91334,No
91335,No
91336,Yes
91337,No
91338,No
91339,Yes
91340,Yes
91341,No
91342,No
91343,No
91344,No
91345,Yes
91346,Yes
91347,Yes
91348,Yes
91349,Yes
91350,Yes
91351,Yes
91352,Yes
91353,Yes
91354,Yes
91355,No
91356,Yes
91357,Yes
91358,Yes
91359,No
91360,No
91361,No
91362,Yes
91363,No
91364,No
91365,Yes
91366,Yes
91367,Yes
91368,Yes
91369,Yes
91370,No
91371,No
91372,Yes
91373,Yes
91374,Yes
91375,Yes
91376,No
91377,Yes
91378,Yes
91379,Yes
91380,Yes
91381,Yes
91382,Yes
91383,Yes
91384,Yes
91385,Yes
91386,Yes
91387,Yes
91388,Yes
91389,Yes
91390,Yes
91391,Yes
91392,Yes
91393,Yes
91394,Yes
91395,No
91396,Yes
91397,No
91398,No
91399,No
91400,No
91401,No
91402,No
91403,Yes
91404,Yes
91405,Yes
91406,Yes
91407,No
91408,Yes
91409,Yes
91410,No
91411,No
91412,Yes
91413,No
91414,Yes
91415,No
91416,Yes
91417,Yes
91418,Yes
91419,No
91420,No
91421,Yes
91422,No
91423,Yes
91424,Yes
91425,No
91426,Yes
91427,Yes
91428,No
91429,Yes
91430,Yes
91431,Yes
91432,Yes
91433,No
91434,Yes
91435,No
91436,No
91437,Yes
91438,No
91439,No
91440,Yes
91441,Yes
91442,Yes
91443,Yes
91444,Yes
91445,No
91446,No
91447,Yes
91448,Yes
91449,Yes
91450,Yes
91451,No
91452,Yes
91453,Yes
91454,No
91455,Yes
91456,No
91457,Yes
91458,Yes
91459,Yes
91460,No
91461,No
91462,Yes
91463,No
91464,No
91465,Yes
91466,No
91467,No
91468,No
91469,Yes
91470,No
91471,Yes
91472,No
91473,Yes
91474,No
91475,Yes
91476,Yes
91477,Yes
91478,No
91479,Yes
91480,Yes
91481,Yes
91482,Yes
91483,Yes
91484,Yes
91485,Yes
91486,No
91487,No
91488,Yes
91489,Yes
91490,No
91491,Yes
91492,Yes
91493,Yes
91494,Yes
91495,Yes
91496,No
91497,No
91498,No
91499,Yes
91500,Yes
91501,Yes
91502,No
91503,Yes
91504,Yes
91505,Yes
91506,No
91507,Yes
91508,No
91509,Yes
91510,No
91511,Yes
91512,Yes
91513,Yes
91514,Yes
91515,Yes
91516,No
91517,Yes
91518,Yes
91519,Yes
91520,No
91521,Yes
91522,No
91523,Yes
91524,Yes
91525,Yes
91526,No
91527,Yes
91528,No
91529,Yes
91530,Yes
91531,No
91532,No
91533,Yes
91534,Yes
91535,No
91536,Yes
91537,No
91538,Yes
91539,No
91540,No
91541,Yes
91542,No
91543,Yes
91544,No
91545,No
91546,Yes
91547,Yes
91548,Yes
91549,Yes
91550,Yes
91551,Yes
91552,No
91553,No
91554,No
91555,No
91556,Yes
91557,No
91558,Yes
91559,Yes
91560,Yes
91561,Yes
91562,No
91563,Yes
91564,Yes
91565,No
91566,Yes
91567,No
91568,Yes
91569,Yes
91570,Yes
91571,Yes
91572,Yes
91573,Yes
91574,Yes
91575,Yes
91576,Yes
91577,No
91578,Yes
91579,Yes
91580,Yes
91581,No
91582,No
91583,Yes
91584,Yes
91585,Yes
91586,Yes
91587,Yes
91588,No
91589,Yes
91590,No
91591,Yes
91592,Yes
91593,Yes
91594,Yes
91595,Yes
91596,Yes
91597,Yes
91598,Yes
91599,Yes
91600,Yes
91601,No
91602,No
91603,Yes
91604,Yes
91605,Yes
91606,No
91607,Yes
91608,Yes
91609,Yes
91610,Yes
91611,Yes
91612,Yes
91613,No
91614,Yes
91615,Yes
91616,No
91617,Yes
91618,No
91619,Yes
91620,No
91621,Yes
91622,Yes
91623,Yes
91624,Yes
91625,Yes
91626,Yes
91627,Yes
91628,Yes
91629,No
91630,No
91631,Yes
91632,Yes
91633,Yes
91634,No
91635,Yes
91636,No
91637,Yes
91638,Yes
91639,No
91640,No
91641,Yes
91642,Yes
91643,Yes
91644,Yes
91645,No
91646,No
91647,Yes
91648,Yes
91649,No
91650,Yes
91651,Yes
91652,No
91653,Yes
91654,Yes
91655,Yes
91656,Yes
91657,Yes
91658,Yes
91659,Yes
91660,Yes
91661,No
91662,Yes
91663,No
91664,Yes
91665,No
91666,Yes
91667,Yes
91668,Yes
91669,No
91670,No
91671,No
91672,Yes
91673,No
91674,Yes
91675,Yes
91676,No
91677,No
91678,Yes
91679,Yes
91680,Yes
91681,Yes
91682,Yes
91683,Yes
91684,Yes
91685,Yes
91686,No
91687,No
91688,No
91689,Yes
91690,No
91691,Yes
91692,Yes
91693,Yes
91694,Yes
91695,No
91696,Yes
91697,Yes
91698,No
91699,No
91700,Yes
91701,Yes
91702,No
91703,Yes
91704,Yes
91705,Yes
91706,Yes
91707,Yes
91708,No
91709,Yes
91710,Yes
91711,Yes
91712,No
91713,Yes
91714,No
91715,Yes
91716,Yes
91717,Yes
91718,Yes
91719,Yes
91720,Yes
91721,Yes
91722,Yes
91723,Yes
91724,No
91725,Yes
91726,No
91727,Yes
91728,No
91729,Yes
91730,Yes
91731,No
91732,Yes
91733,Yes
91734,Yes
91735,Yes
91736,No
91737,Yes
91738,Yes
91739,Yes
91740,No
91741,Yes
91742,Yes
91743,No
91744,Yes
91745,No
91746,Yes
91747,Yes
91748,Yes
91749,No
91750,Yes
91751,Yes
91752,Yes
91753,Yes
91754,Yes
91755,Yes
91756,Yes
91757,No
91758,Yes
91759,No
91760,Yes
91761,Yes
91762,No
91763,Yes
91764,Yes
91765,Yes
91766,Yes
91767,No
91768,Yes
91769,Yes
91770,No
91771,No
91772,Yes
91773,Yes
91774,No
91775,No
91776,No
91777,Yes
91778,No
91779,Yes
91780,Yes
91781,No
91782,Yes
91783,Yes
91784,Yes
91785,Yes
91786,Yes
91787,Yes
91788,Yes
91789,Yes
91790,No
91791,No
91792,Yes
91793,Yes
91794,No
91795,Yes
91796,No
91797,No
91798,No
91799,Yes
91800,No
91801,No
91802,Yes
91803,Yes
91804,Yes
91805,Yes
91806,Yes
91807,Yes
91808,Yes
91809,Yes
91810,Yes
91811,No
91812,No
91813,No
91814,Yes
91815,No
91816,Yes
91817,No
91818,No
91819,Yes
91820,Yes
91821,Yes
91822,Yes
91823,No
91824,No
91825,Yes
91826,Yes
91827,No
91828,Yes
91829,No
91830,Yes
91831,No
91832,No
91833,No
91834,Yes
91835,Yes
91836,Yes
91837,Yes
91838,No
91839,Yes
91840,Yes
91841,No
91842,No
91843,No
91844,Yes
91845,No
91846,Yes
91847,No
91848,No
91849,Yes
91850,Yes
91851,Yes
91852,Yes
91853,Yes
91854,Yes
91855,Yes
91856,No
91857,Yes
91858,Yes
91859,Yes
91860,No
91861,Yes
91862,No
91863,No
91864,Yes
91865,Yes
91866,No
91867,No
91868,Yes
91869,Yes
91870,Yes
91871,Yes
91872,Yes
91873,Yes
91874,Yes
91875,No
91876,No
91877,No
91878,Yes
91879,Yes
91880,Yes
91881,Yes
91882,No
91883,Yes
91884,Yes
91885,Yes
91886,Yes
91887,Yes
91888,No
91889,Yes
91890,No
91891,Yes
91892,Yes
91893,Yes
91894,Yes
91895,No
91896,No
91897,No
91898,Yes
91899,Yes
91900,No
91901,Yes
91902,Yes
91903,Yes
91904,No
91905,No
91906,No
91907,No
91908,Yes
91909,No
91910,Yes
91911,No
91912,No
91913,Yes
91914,Yes
91915,No
91916,Yes
91917,Yes
91918,Yes
91919,No
91920,No
91921,Yes
91922,Yes
91923,Yes
91924,Yes
91925,Yes
91926,No
91927,Yes
91928,Yes
91929,Yes
91930,Yes
91931,Yes
91932,No
91933,No
91934,No
91935,No
91936,No
91937,Yes
91938,Yes
91939,No
91940,Yes
91941,No
91942,No
91943,No
91944,Yes
91945,Yes
91946,Yes
91947,Yes
91948,Yes
91949,Yes
91950,Yes
91951,Yes
91952,No
91953,Yes
91954,Yes
91955,No
91956,No
91957,No
91958,Yes
91959,No
91960,No
91961,Yes
91962,Yes
91963,Yes
91964,No
91965,Yes
91966,No
91967,Yes
91968,No
91969,Yes
91970,No
91971,Yes
91972,Yes
91973,Yes
91974,No
91975,Yes
91976,Yes
91977,Yes
91978,Yes
91979,Yes
91980,Yes
91981,Yes
91982,No
91983,Yes
91984,No
91985,Yes
91986,Yes
91987,Yes
91988,Yes
91989,Yes
91990,Yes
91991,Yes
91992,Yes
91993,Yes
91994,Yes
91995,No
91996,No
91997,Yes
91998,Yes
91999,No
92000,No
92001,No
92002,Yes
92003,No
92004,Yes
92005,Yes
92006,Yes
92007,No
92008,Yes
92009,Yes
92010,No
92011,Yes
92012,No
92013,Yes
92014,Yes
92015,No
92016,Yes
92017,Yes
92018,Yes
92019,Yes
92020,Yes
92021,Yes
92022,No
92023,No
92024,No
92025,Yes
92026,No
92027,Yes
92028,No
92029,Yes
92030,No
92031,Yes
92032,No
92033,Yes
92034,No
92035,Yes
92036,No
92037,No
92038,No
92039,Yes
92040,Yes
92041,No
92042,No
92043,No
92044,No
92045,Yes
92046,No
92047,No
92048,No
92049,No
92050,Yes
92051,Yes
92052,Yes
92053,No
92054,Yes
92055,Yes
92056,Yes
92057,Yes
92058,Yes
92059,No
92060,Yes
92061,No
92062,Yes
92063,No
92064,Yes
92065,No
92066,No
92067,Yes
92068,Yes
92069,No
92070,Yes
92071,No
92072,Yes
92073,No
92074,Yes
92075,Yes
92076,Yes
92077,No
92078,No
92079,Yes
92080,Yes
92081,Yes
92082,No
92083,No
92084,Yes
92085,Yes
92086,No
92087,Yes
92088,Yes
92089,Yes
92090,Yes
92091,Yes
92092,Yes
92093,No
92094,Yes
92095,No
92096,Yes
92097,Yes
92098,Yes
92099,Yes
92100,No
92101,No
92102,No
92103,No
92104,Yes
92105,No
92106,No
92107,Yes
92108,No
92109,Yes
92110,Yes
92111,Yes
92112,Yes
92113,Yes
92114,Yes
92115,Yes
92116,Yes
92117,Yes
92118,Yes
92119,Yes
92120,Yes
92121,Yes
92122,No
92123,Yes
92124,Yes
92125,Yes
92126,Yes
92127,Yes
92128,No
92129,Yes
92130,No
92131,Yes
92132,Yes
92133,Yes
92134,Yes
92135,Yes
92136,No
92137,Yes
92138,Yes
92139,Yes
92140,No
92141,Yes
92142,No
92143,No
92144,Yes
92145,Yes
92146,No
92147,Yes
92148,Yes
92149,Yes
92150,No
92151,Yes
92152,Yes
92153,Yes
92154,Yes
92155,No
92156,Yes
92157,No
92158,No
92159,Yes
92160,Yes
92161,Yes
92162,Yes
92163,Yes
92164,Yes
92165,No
92166,Yes
92167,Yes
92168,Yes
92169,No
92170,Yes
92171,Yes
92172,Yes
92173,Yes
92174,Yes
92175,Yes
92176,No
92177,No
92178,Yes
92179,No
92180,No
92181,No
92182,No
92183,No
92184,No
92185,Yes
92186,Yes
92187,Yes
92188,Yes
92189,Yes
92190,No
92191,Yes
92192,Yes
92193,Yes
92194,No
92195,No
92196,Yes
92197,No
92198,No
92199,Yes
92200,Yes
92201,Yes
92202,Yes
92203,Yes
92204,Yes
92205,Yes
92206,Yes
92207,Yes
92208,Yes
92209,Yes
92210,Yes
92211,No
92212,No
92213,Yes
92214,No
92215,Yes
92216,No
92217,No
92218,Yes
92219,Yes
92220,No
92221,Yes
92222,No
92223,No
92224,No
92225,No
92226,Yes
92227,No
92228,Yes
92229,Yes
92230,Yes
92231,Yes
92232,Yes
92233,Yes
92234,Yes
92235,Yes
92236,No
92237,Yes
92238,No
92239,Yes
92240,No
92241,Yes
92242,Yes
92243,Yes
92244,Yes
92245,Yes
92246,No
92247,No
92248,No
92249,No
92250,Yes
92251,No
92252,No
92253,Yes
92254,No
92255,Yes
92256,No
92257,Yes
92258,Yes
92259,No
92260,Yes
92261,Yes
92262,Yes
92263,No
92264,No
92265,No
92266,Yes
92267,Yes
92268,Yes
92269,Yes
92270,Yes
92271,No
92272,Yes
92273,No
92274,Yes
92275,Yes
92276,Yes
92277,No
92278,Yes
92279,No
92280,Yes
92281,No
92282,Yes
92283,No
92284,Yes
92285,Yes
92286,Yes
92287,Yes
92288,Yes
92289,Yes
92290,No
92291,No
92292,Yes
92293,No
92294,No
92295,Yes
92296,Yes
92297,Yes
92298,Yes
92299,Yes
92300,No
92301,No
92302,Yes
92303,No
92304,Yes
92305,Yes
92306,Yes
92307,Yes
92308,No
92309,No
92310,No
92311,Yes
92312,Yes
92313,Yes
92314,Yes
92315,Yes
92316,No
92317,Yes
92318,Yes
92319,Yes
92320,Yes
92321,No
92322,No
92323,No
92324,Yes
92325,No
92326,Yes
92327,Yes
92328,Yes
92329,Yes
92330,Yes
92331,No
92332,Yes
92333,Yes
92334,Yes
92335,No
92336,No
92337,Yes
92338,No
92339,Yes
92340,No
92341,Yes
92342,Yes
92343,No
92344,Yes
92345,Yes
92346,No
92347,No
92348,No
92349,No
92350,Yes
92351,Yes
92352,No
92353,Yes
92354,Yes
92355,No
92356,Yes
92357,Yes
92358,No
92359,Yes
92360,Yes
92361,Yes
92362,Yes
92363,Yes
92364,Yes
92365,Yes
92366,Yes
92367,Yes
92368,No
92369,Yes
92370,Yes
92371,Yes
92372,Yes
92373,No
92374,Yes
92375,Yes
92376,Yes
92377,No
92378,Yes
92379,Yes
92380,No
92381,No
92382,Yes
92383,Yes
92384,Yes
92385,Yes
92386,No
92387,Yes
92388,No
92389,Yes
92390,Yes
92391,Yes
92392,Yes
92393,Yes
92394,Yes
92395,Yes
92396,Yes
92397,No
92398,Yes
92399,Yes
92400,Yes
92401,Yes
92402,No
92403,Yes
92404,Yes
92405,Yes
92406,No
92407,Yes
92408,Yes
92409,Yes
92410,No
92411,Yes
92412,No
92413,Yes
92414,No
92415,Yes
92416,Yes
92417,Yes
92418,Yes
92419,Yes
92420,Yes
92421,No
92422,No
92423,Yes
92424,No
92425,Yes
92426,Yes
92427,Yes
92428,Yes
92429,Yes
92430,Yes
92431,Yes
92432,Yes
92433,No
92434,No
92435,No
92436,Yes
92437,Yes
92438,Yes
92439,Yes
92440,Yes
92441,No
92442,Yes
92443,No
92444,No
92445,Yes
92446,Yes
92447,No
92448,Yes
92449,No
92450,Yes
92451,No
92452,Yes
92453,Yes
92454,No
92455,Yes
92456,No
92457,No
92458,No
92459,No
92460,No
92461,No
92462,Yes
92463,No
92464,Yes
92465,Yes
92466,No
92467,No
92468,Yes
92469,Yes
92470,Yes
92471,Yes
92472,Yes
92473,Yes
92474,No
92475,Yes
92476,Yes
92477,No
92478,Yes
92479,No
92480,Yes
92481,Yes
92482,Yes
92483,Yes
92484,No
92485,No
92486,No
92487,Yes
92488,Yes
92489,Yes
92490,No
92491,No
92492,Yes
92493,No
92494,Yes
92495,Yes
92496,No
92497,No
92498,Yes
92499,No
92500,Yes
92501,Yes
92502,No
92503,Yes
92504,Yes
92505,Yes
92506,Yes
92507,No
92508,No
92509,Yes
92510,No
92511,Yes
92512,Yes
92513,No
92514,Yes
92515,Yes
92516,No
92517,No
92518,No
92519,Yes
92520,Yes
92521,No
92522,Yes
92523,Yes
92524,Yes
92525,No
92526,Yes
92527,Yes
92528,No
92529,No
92530,Yes
92531,Yes
92532,No
92533,Yes
92534,Yes
92535,Yes
92536,No
92537,Yes
92538,No
92539,Yes
92540,No
92541,No
92542,No
92543,Yes
92544,Yes
92545,No
92546,Yes
92547,No
92548,Yes
92549,No
92550,Yes
92551,Yes
92552,Yes
92553,Yes
92554,No
92555,No
92556,Yes
92557,Yes
92558,Yes
92559,Yes
92560,Yes
92561,No
92562,No
92563,No
92564,No
92565,Yes
92566,Yes
92567,Yes
92568,No
92569,No
92570,Yes
92571,No
92572,Yes
92573,No
92574,Yes
92575,Yes
92576,Yes
92577,Yes
92578,Yes
92579,No
92580,No
92581,Yes
92582,Yes
92583,Yes
92584,Yes
92585,Yes
92586,No
92587,Yes
92588,No
92589,No
92590,Yes
92591,Yes
92592,Yes
92593,No
92594,No
92595,Yes
92596,Yes
92597,Yes
92598,Yes
92599,No
92600,Yes
92601,Yes
92602,Yes
92603,Yes
92604,Yes
92605,No
92606,No
92607,Yes
92608,No
92609,Yes
92610,Yes
92611,Yes
92612,Yes
92613,Yes
92614,Yes
92615,No
92616,No
92617,No
92618,Yes
92619,Yes
92620,Yes
92621,Yes
92622,Yes
92623,No
92624,Yes
92625,No
92626,Yes
92627,Yes
92628,Yes
92629,Yes
92630,Yes
92631,Yes
92632,No
92633,Yes
92634,Yes
92635,Yes
92636,Yes
92637,Yes
92638,Yes
92639,Yes
92640,No
92641,Yes
92642,Yes
92643,Yes
92644,Yes
92645,No
92646,Yes
92647,Yes
92648,No
92649,No
92650,Yes
92651,Yes
92652,No
92653,Yes
92654,Yes
92655,No
92656,Yes
92657,Yes
92658,Yes
92659,Yes
92660,Yes
92661,Yes
92662,Yes
92663,No
92664,No
92665,Yes
92666,Yes
92667,No
92668,No
92669,No
92670,Yes
92671,Yes
92672,Yes
92673,Yes
92674,No
92675,Yes
92676,Yes
92677,Yes
92678,No
92679,Yes
92680,Yes
92681,Yes
92682,Yes
92683,Yes
92684,No
92685,No
92686,Yes
92687,No
92688,No
92689,Yes
92690,No
92691,No
92692,Yes
92693,Yes
92694,Yes
92695,Yes
92696,Yes
92697,Yes
92698,Yes
92699,No
92700,No
92701,Yes
92702,Yes
92703,Yes
92704,Yes
92705,No
92706,Yes
92707,Yes
92708,Yes
92709,Yes
92710,No
92711,Yes
92712,No
92713,No
92714,Yes
92715,Yes
92716,Yes
92717,Yes
92718,No
92719,Yes
92720,Yes
92721,Yes
92722,Yes
92723,Yes
92724,Yes
92725,Yes
92726,No
92727,No
92728,Yes
92729,Yes
92730,Yes
92731,Yes
92732,Yes
92733,No
92734,Yes
92735,Yes
92736,No
92737,No
92738,No
92739,Yes
92740,Yes
92741,Yes
92742,No
92743,Yes
92744,Yes
92745,No
92746,No
92747,Yes
92748,Yes
92749,Yes
92750,Yes
92751,Yes
92752,Yes
92753,No
92754,Yes
92755,No
92756,Yes
92757,Yes
92758,No
92759,Yes
92760,Yes
92761,Yes
92762,Yes
92763,Yes
92764,Yes
92765,Yes
92766,No
92767,Yes
92768,Yes
92769,Yes
92770,No
92771,Yes
92772,No
92773,Yes
92774,Yes
92775,Yes
92776,Yes
92777,No
92778,Yes
92779,Yes
92780,Yes
92781,No
92782,No
92783,No
92784,Yes
92785,Yes
92786,No
92787,No
92788,Yes
92789,Yes
92790,Yes
92791,Yes
92792,No
92793,Yes
92794,Yes
92795,No
92796,No
92797,No
92798,No
92799,Yes
92800,Yes
92801,Yes
92802,No
92803,No
92804,Yes
92805,Yes
92806,No
92807,No
92808,Yes
92809,No
92810,Yes
92811,No
92812,Yes
92813,Yes
92814,No
92815,No
92816,Yes
92817,Yes
92818,Yes
92819,Yes
92820,No
92821,Yes
92822,Yes
92823,Yes
92824,No
92825,Yes
92826,No
92827,No
92828,Yes
92829,Yes
92830,Yes
92831,No
92832,Yes
92833,Yes
92834,No
92835,Yes
92836,No
92837,Yes
92838,No
92839,Yes
92840,Yes
92841,Yes
92842,Yes
92843,No
92844,No
92845,Yes
92846,Yes
92847,Yes
92848,Yes
92849,Yes
92850,Yes
92851,Yes
92852,Yes
92853,No
92854,Yes
92855,Yes
92856,Yes
92857,Yes
92858,Yes
92859,Yes
92860,Yes
92861,Yes
92862,Yes
92863,No
92864,Yes
92865,Yes
92866,No
92867,No
92868,Yes
92869,No
92870,No
92871,Yes
92872,Yes
92873,No
92874,Yes
92875,Yes
92876,No
92877,Yes
92878,Yes
92879,No
92880,Yes
92881,Yes
92882,No
92883,No
92884,No
92885,No
92886,No
92887,Yes
92888,Yes
92889,Yes
92890,Yes
92891,Yes
92892,Yes
92893,Yes
92894,No
92895,Yes
92896,Yes
92897,Yes
92898,Yes
92899,Yes
92900,Yes
92901,No
92902,Yes
92903,Yes
92904,No
92905,Yes
92906,No
92907,Yes
92908,Yes
92909,Yes
92910,No
92911,No
92912,Yes
92913,No
92914,Yes
92915,Yes
92916,Yes
92917,Yes
92918,No
92919,Yes
92920,No
92921,Yes
92922,No
92923,Yes
92924,No
92925,Yes
92926,Yes
92927,Yes
92928,No
92929,Yes
92930,No
92931,Yes
92932,Yes
92933,Yes
92934,Yes
92935,Yes
92936,Yes
92937,Yes
92938,Yes
92939,Yes
92940,No
92941,Yes
92942,No
92943,Yes
92944,Yes
92945,No
92946,Yes
92947,Yes
92948,Yes
92949,Yes
92950,No
92951,No
92952,Yes
92953,Yes
92954,Yes
92955,No
92956,Yes
92957,Yes
92958,Yes
92959,Yes
92960,Yes
92961,No
92962,Yes
92963,Yes
92964,Yes
92965,No
92966,Yes
92967,No
92968,Yes
92969,No
92970,Yes
92971,Yes
92972,No
92973,No
92974,No
92975,Yes
92976,Yes
92977,Yes
92978,Yes
92979,Yes
92980,No
92981,Yes
92982,No
92983,Yes
92984,No
92985,No
92986,Yes
92987,Yes
92988,Yes
92989,Yes
92990,Yes
92991,Yes
92992,Yes
92993,Yes
92994,No
92995,No
92996,Yes
92997,No
92998,No
92999,Yes
93000,No
93001,Yes
93002,No
93003,Yes
93004,No
93005,Yes
93006,Yes
93007,No
93008,Yes
93009,No
93010,Yes
93011,Yes
93012,No
93013,Yes
93014,Yes
93015,No
93016,Yes
93017,No
93018,Yes
93019,Yes
93020,Yes
93021,Yes
93022,Yes
93023,Yes
93024,No
93025,Yes
93026,Yes
93027,No
93028,Yes
93029,Yes
93030,No
93031,No
93032,Yes
93033,Yes
93034,Yes
93035,Yes
93036,No
93037,No
93038,No
93039,Yes
93040,Yes
93041,No
93042,No
93043,Yes
93044,Yes
93045,Yes
93046,Yes
93047,Yes
93048,Yes
93049,Yes
93050,Yes
93051,No
93052,No
93053,Yes
93054,Yes
93055,Yes
93056,Yes
93057,No
93058,Yes
93059,Yes
93060,Yes
93061,No
93062,Yes
93063,Yes
93064,Yes
93065,No
93066,Yes
93067,Yes
93068,Yes
93069,Yes
93070,Yes
93071,Yes
93072,Yes
93073,No
93074,No
93075,No
93076,No
93077,Yes
93078,No
93079,Yes
93080,Yes
93081,No
93082,No
93083,Yes
93084,Yes
93085,Yes
93086,Yes
93087,Yes
93088,Yes
93089,No
93090,No
93091,Yes
93092,No
93093,Yes
93094,Yes
93095,Yes
93096,Yes
93097,Yes
93098,Yes
93099,Yes
93100,Yes
93101,Yes
93102,Yes
93103,Yes
93104,Yes
93105,Yes
93106,No
93107,Yes
93108,Yes
93109,Yes
93110,No
93111,No
93112,No
93113,No
93114,Yes
93115,Yes
93116,Yes
93117,No
93118,Yes
93119,No
93120,Yes
93121,No
93122,No
93123,Yes
93124,No
93125,Yes
93126,Yes
93127,Yes
93128,Yes
93129,Yes
93130,Yes
93131,Yes
93132,No
93133,No
93134,Yes
93135,No
93136,Yes
93137,Yes
93138,No
93139,Yes
93140,Yes
93141,Yes
93142,Yes
93143,Yes
93144,Yes
93145,No
93146,No
93147,Yes
93148,No
93149,No
93150,Yes
93151,Yes
93152,No
93153,Yes
93154,No
93155,No
93156,Yes
93157,Yes
93158,No
93159,Yes
93160,Yes
93161,No
93162,No
93163,Yes
93164,No
93165,Yes
93166,No
93167,No
93168,Yes
93169,No
93170,No
93171,Yes
93172,Yes
93173,Yes
93174,Yes
93175,No
93176,Yes
93177,No
93178,Yes
93179,Yes
93180,Yes
93181,No
93182,Yes
93183,No
93184,Yes
93185,Yes
93186,Yes
93187,Yes
93188,No
93189,Yes
93190,No
93191,No
93192,No
93193,No
93194,Yes
93195,No
93196,Yes
93197,Yes
93198,Yes
93199,Yes
93200,Yes
93201,Yes
93202,No
93203,Yes
93204,No
93205,Yes
93206,Yes
93207,No
93208,Yes
93209,Yes
93210,Yes
93211,Yes
93212,Yes
93213,Yes
93214,No
93215,No
93216,Yes
93217,Yes
93218,No
93219,Yes
93220,Yes
93221,Yes
93222,Yes
93223,Yes
93224,No
93225,No
93226,Yes
93227,No
93228,Yes
93229,No
93230,Yes
93231,Yes
93232,No
93233,Yes
93234,Yes
93235,Yes
93236,Yes
93237,Yes
93238,Yes
93239,No
93240,Yes
93241,Yes
93242,Yes
93243,No
93244,Yes
93245,Yes
93246,No
93247,Yes
93248,Yes
93249,Yes
93250,Yes
93251,No
93252,Yes
93253,Yes
93254,No
93255,Yes
93256,Yes
93257,Yes
93258,Yes
93259,Yes
93260,No
93261,Yes
93262,Yes
93263,No
93264,No
93265,No
93266,Yes
93267,Yes
93268,No
93269,Yes
93270,Yes
93271,Yes
93272,No
93273,Yes
93274,Yes
93275,Yes
93276,No
93277,No
93278,Yes
93279,Yes
93280,No
93281,No
93282,Yes
93283,Yes
93284,Yes
93285,Yes
93286,Yes
93287,No
93288,Yes
93289,Yes
93290,No
93291,No
93292,No
93293,Yes
93294,Yes
93295,Yes
93296,Yes
93297,Yes
93298,No
93299,Yes
93300,No
93301,No
93302,No
93303,Yes
93304,Yes
93305,Yes
93306,No
93307,Yes
93308,Yes
93309,No
93310,Yes
93311,Yes
93312,No
93313,Yes
93314,Yes
93315,Yes
93316,No
93317,No
93318,No
93319,No
93320,No
93321,No
93322,Yes
93323,Yes
93324,Yes
93325,Yes
93326,Yes
93327,Yes
93328,No
93329,Yes
93330,No
93331,Yes
93332,No
93333,Yes
93334,Yes
93335,Yes
93336,No
93337,Yes
93338,No
93339,No
93340,Yes
93341,Yes
93342,Yes
93343,Yes
93344,Yes
93345,No
93346,Yes
93347,No
93348,Yes
93349,Yes
93350,Yes
93351,Yes
93352,No
93353,No
93354,Yes
93355,Yes
93356,Yes
93357,Yes
93358,Yes
93359,Yes
93360,No
93361,Yes
93362,Yes
93363,Yes
93364,Yes
93365,Yes
93366,No
93367,Yes
93368,No
93369,Yes
93370,Yes
93371,Yes
93372,No
93373,Yes
93374,No
93375,Yes
93376,Yes
93377,No
93378,No
93379,Yes
93380,Yes
93381,Yes
93382,Yes
93383,No
93384,Yes
93385,Yes
93386,Yes
93387,Yes
93388,Yes
93389,Yes
93390,Yes
93391,No
93392,Yes
93393,No
93394,Yes
93395,No
93396,Yes
93397,Yes
93398,Yes
93399,No
93400,No
93401,No
93402,Yes
93403,Yes
93404,Yes
93405,No
93406,No
93407,Yes
93408,No
93409,No
93410,Yes
93411,Yes
93412,Yes
93413,Yes
93414,Yes
93415,Yes
93416,Yes
93417,No
93418,No
93419,Yes
93420,Yes
93421,Yes
93422,No
93423,Yes
93424,Yes
93425,No
93426,No
93427,Yes
93428,Yes
93429,No
93430,No
93431,Yes
93432,No
93433,Yes
93434,Yes
93435,No
93436,Yes
93437,Yes
93438,Yes
93439,No
93440,No
93441,Yes
93442,Yes
93443,Yes
93444,No
93445,Yes
93446,No
93447,No
93448,No
93449,Yes
93450,Yes
93451,Yes
93452,Yes
93453,Yes
93454,Yes
93455,No
93456,No
93457,Yes
93458,No
93459,No
93460,No
93461,Yes
93462,Yes
93463,Yes
93464,No
93465,Yes
93466,No
93467,Yes
93468,Yes
93469,Yes
93470,Yes
93471,No
93472,Yes
93473,No
93474,Yes
93475,No
93476,Yes
93477,Yes
93478,Yes
93479,Yes
93480,Yes
93481,Yes
93482,No
93483,No
93484,Yes
93485,No
93486,Yes
93487,Yes
93488,Yes
93489,Yes
93490,No
93491,No
93492,No
93493,Yes
93494,No
93495,Yes
93496,Yes
93497,Yes
93498,Yes
93499,Yes
93500,Yes
93501,Yes
93502,Yes
93503,Yes
93504,Yes
93505,Yes
93506,Yes
93507,Yes
93508,Yes
93509,No
93510,Yes
93511,Yes
93512,No
93513,Yes
93514,No
93515,Yes
93516,Yes
93517,Yes
93518,No
93519,Yes
93520,Yes
93521,Yes
93522,Yes
93523,Yes
93524,No
93525,Yes
93526,Yes
93527,Yes
93528,No
93529,Yes
93530,No
93531,Yes
93532,Yes
93533,Yes
93534,Yes
93535,Yes
93536,No
93537,Yes
93538,No
93539,Yes
93540,Yes
93541,Yes
93542,No
93543,No
93544,Yes
93545,Yes
93546,Yes
93547,No
93548,Yes
93549,Yes
93550,No
93551,Yes
93552,Yes
93553,Yes
93554,Yes
93555,Yes
93556,No
93557,No
93558,Yes
93559,Yes
93560,Yes
93561,Yes
93562,No
93563,No
93564,Yes
93565,No
93566,Yes
93567,No
93568,Yes
93569,No
93570,No
93571,No
93572,Yes
93573,Yes
93574,Yes
93575,Yes
93576,Yes
93577,Yes
93578,Yes
93579,No
93580,Yes
93581,Yes
93582,No
93583,No
93584,No
93585,Yes
93586,Yes
93587,Yes
93588,Yes
93589,Yes
93590,No
93591,No
93592,No
93593,No
93594,Yes
93595,No
93596,Yes
93597,Yes
93598,Yes
93599,No
93600,Yes
93601,No
93602,Yes
93603,Yes
93604,Yes
93605,Yes
93606,Yes
93607,Yes
93608,No
93609,Yes
93610,Yes
93611,Yes
93612,No
93613,Yes
93614,No
93615,Yes
93616,Yes
93617,Yes
93618,Yes
93619,No
93620,No
93621,Yes
93622,No
93623,No
93624,No
93625,Yes
93626,Yes
93627,Yes
93628,No
93629,Yes
93630,Yes
93631,Yes
93632,No
93633,Yes
93634,Yes
93635,Yes
93636,Yes
93637,Yes
93638,Yes
93639,Yes
93640,Yes
93641,Yes
93642,Yes
93643,No
93644,Yes
93645,Yes
93646,Yes
93647,No
93648,Yes
93649,No
93650,No
93651,Yes
93652,Yes
93653,Yes
93654,No
93655,No
93656,No
93657,No
93658,No
93659,Yes
93660,Yes
93661,No
93662,Yes
93663,No
93664,Yes
93665,Yes
93666,Yes
93667,No
93668,Yes
93669,Yes
93670,No
93671,No
93672,No
93673,No
93674,Yes
93675,Yes
93676,Yes
93677,Yes
93678,Yes
93679,Yes
93680,Yes
93681,Yes
93682,No
93683,Yes
93684,Yes
93685,Yes
93686,Yes
93687,Yes
93688,Yes
93689,No
93690,Yes
93691,No
93692,Yes
93693,No
93694,Yes
93695,No
93696,Yes
93697,Yes
93698,Yes
93699,Yes
93700,Yes
93701,No
93702,Yes
93703,No
93704,Yes
93705,No
93706,No
93707,Yes
93708,Yes
93709,No
93710,Yes
93711,Yes
93712,Yes
93713,No
93714,Yes
93715,Yes
93716,No
93717,Yes
93718,Yes
93719,Yes
93720,Yes
93721,Yes
93722,No
93723,Yes
93724,Yes
93725,No
93726,No
93727,Yes
93728,Yes
93729,No
93730,Yes
93731,No
93732,Yes
93733,No
93734,Yes
93735,Yes
93736,Yes
93737,No
93738,No
93739,No
93740,Yes
93741,No
93742,No
93743,Yes
93744,No
93745,No
93746,Yes
93747,No
93748,Yes
93749,Yes
93750,No
93751,Yes
93752,No
93753,No
93754,No
93755,Yes
93756,No
93757,Yes
93758,Yes
93759,Yes
93760,No
93761,Yes
93762,Yes
93763,Yes
93764,Yes
93765,Yes
93766,No
93767,Yes
93768,Yes
93769,Yes
93770,No
93771,Yes
93772,No
93773,Yes
93774,No
93775,No
93776,Yes
93777,Yes
93778,No
93779,Yes
93780,No
93781,No
93782,Yes
93783,Yes
93784,Yes
93785,No
93786,Yes
93787,Yes
93788,Yes
93789,No
93790,Yes
93791,Yes
93792,Yes
93793,Yes
93794,No
93795,Yes
93796,Yes
93797,Yes
93798,Yes
93799,No
93800,No
93801,Yes
93802,No
93803,No
93804,No
93805,Yes
93806,Yes
93807,No
93808,No
93809,Yes
93810,Yes
93811,No
93812,Yes
93813,No
93814,Yes
93815,Yes
93816,Yes
93817,Yes
93818,Yes
93819,No
93820,No
93821,No
93822,No
93823,No
93824,Yes
93825,Yes
93826,No
93827,Yes
93828,Yes
93829,Yes
93830,No
93831,Yes
93832,No
93833,Yes
93834,Yes
93835,Yes
93836,No
93837,No
93838,Yes
93839,Yes
93840,No
93841,Yes
93842,Yes
93843,No
93844,Yes
93845,Yes
93846,Yes
93847,Yes
93848,Yes
93849,No
93850,Yes
93851,Yes
93852,Yes
93853,Yes
93854,No
93855,No
93856,Yes
93857,Yes
93858,No
93859,Yes
93860,Yes
93861,Yes
93862,No
93863,Yes
93864,No
93865,Yes
93866,Yes
93867,Yes
93868,Yes
93869,No
93870,Yes
93871,Yes
93872,Yes
93873,Yes
93874,Yes
93875,Yes
93876,Yes
93877,No
93878,No
93879,Yes
93880,No
93881,Yes
93882,No
93883,No
93884,No
93885,No
93886,Yes
93887,Yes
93888,Yes
93889,Yes
93890,Yes
93891,No
93892,Yes
93893,Yes
93894,Yes
93895,No
93896,Yes
93897,Yes
93898,No
93899,Yes
93900,Yes
93901,Yes
93902,Yes
93903,No
93904,Yes
93905,Yes
93906,Yes
93907,No
93908,Yes
93909,No
93910,No
93911,Yes
93912,No
93913,Yes
93914,No
93915,Yes
93916,Yes
93917,Yes
93918,Yes
93919,No
93920,Yes
93921,Yes
93922,No
93923,Yes
93924,Yes
93925,Yes
93926,Yes
93927,No
93928,Yes
93929,Yes
93930,Yes
93931,Yes
93932,No
93933,Yes
93934,No
93935,Yes
93936,No
93937,No
93938,Yes
93939,Yes
93940,Yes
93941,Yes
93942,Yes
93943,Yes
93944,No
93945,No
93946,Yes
93947,No
93948,Yes
93949,Yes
93950,Yes
93951,Yes
93952,Yes
93953,Yes
93954,Yes
93955,Yes
93956,No
93957,No
93958,Yes
93959,Yes
93960,No
93961,No
93962,No
93963,No
93964,No
93965,Yes
93966,Yes
93967,Yes
93968,Yes
93969,Yes
93970,Yes
93971,Yes
93972,No
93973,Yes
93974,Yes
93975,No
93976,Yes
93977,No
93978,Yes
93979,Yes
93980,No
93981,Yes
93982,Yes
93983,Yes
93984,Yes
93985,Yes
93986,Yes
93987,Yes
93988,No
93989,Yes
93990,Yes
93991,No
93992,Yes
93993,No
93994,Yes
93995,Yes
93996,No
93997,Yes
93998,No
93999,No
94000,No
94001,Yes
94002,No
94003,Yes
94004,Yes
94005,Yes
94006,Yes
94007,No
94008,Yes
94009,No
94010,Yes
94011,Yes
94012,No
94013,Yes
94014,No
94015,Yes
94016,Yes
94017,Yes
94018,No
94019,Yes
94020,Yes
94021,Yes
94022,Yes
94023,Yes
94024,Yes
94025,No
94026,Yes
94027,Yes
94028,Yes
94029,Yes
94030,Yes
94031,No
94032,Yes
94033,No
94034,No
94035,No
94036,No
94037,Yes
94038,Yes
94039,No
94040,Yes
94041,Yes
94042,Yes
94043,Yes
94044,No
94045,Yes
94046,Yes
94047,Yes
94048,No
94049,Yes
94050,Yes
94051,No
94052,Yes
94053,Yes
94054,Yes
94055,Yes
94056,Yes
94057,No
94058,Yes
94059,Yes
94060,No
94061,Yes
94062,No
94063,Yes
94064,No
94065,No
94066,Yes
94067,No
94068,No
94069,No
94070,Yes
94071,Yes
94072,Yes
94073,Yes
94074,Yes
94075,Yes
94076,No
94077,Yes
94078,Yes
94079,Yes
94080,No
94081,Yes
94082,Yes
94083,Yes
94084,Yes
94085,Yes
94086,No
94087,Yes
94088,Yes
94089,Yes
94090,Yes
94091,No
94092,No
94093,Yes
94094,Yes
94095,No
94096,No
94097,Yes
94098,Yes
94099,No
94100,Yes
94101,Yes
94102,Yes
94103,No
94104,Yes
94105,Yes
94106,Yes
94107,Yes
94108,Yes
94109,Yes
94110,No
94111,Yes
94112,No
94113,No
94114,Yes
94115,Yes
94116,Yes
94117,No
94118,Yes
94119,No
94120,Yes
94121,No
94122,Yes
94123,Yes
94124,Yes
94125,Yes
94126,No
94127,No
94128,Yes
94129,No
94130,No
94131,Yes
94132,Yes
94133,Yes
94134,No
94135,No
94136,No
94137,No
94138,No
94139,No
94140,Yes
94141,Yes
94142,No
94143,No
94144,No
94145,Yes
94146,Yes
94147,No
94148,No
94149,Yes
94150,Yes
94151,Yes
94152,No
94153,No
94154,Yes
94155,Yes
94156,No
94157,Yes
94158,Yes
94159,Yes
94160,Yes
94161,Yes
94162,No
94163,No
94164,Yes
94165,No
94166,Yes
94167,No
94168,Yes
94169,No
94170,No
94171,No
94172,Yes
94173,No
94174,Yes
94175,Yes
94176,No
94177,Yes
94178,No
94179,No
94180,Yes
94181,Yes
94182,No
94183,Yes
94184,Yes
94185,Yes
94186,Yes
94187,Yes
94188,No
94189,No
94190,No
94191,Yes
94192,Yes
94193,Yes
94194,No
94195,No
94196,Yes
94197,Yes
94198,No
94199,Yes
94200,Yes
94201,Yes
94202,Yes
94203,No
94204,No
94205,Yes
94206,Yes
94207,Yes
94208,Yes
94209,No
94210,Yes
94211,Yes
94212,Yes
94213,No
94214,Yes
94215,No
94216,Yes
94217,Yes
94218,Yes
94219,No
94220,No
94221,No
94222,No
94223,Yes
94224,No
94225,No
94226,Yes
94227,Yes
94228,No
94229,No
94230,Yes
94231,Yes
94232,No
94233,Yes
94234,Yes
94235,No
94236,No
94237,Yes
94238,No
94239,Yes
94240,No
94241,Yes
94242,Yes
94243,No
94244,Yes
94245,Yes
94246,Yes
94247,No
94248,Yes
94249,Yes
94250,No
94251,Yes
94252,No
94253,Yes
94254,Yes
94255,Yes
94256,Yes
94257,Yes
94258,No
94259,Yes
94260,Yes
94261,Yes
94262,Yes
94263,No
94264,Yes
94265,Yes
94266,Yes
94267,No
94268,Yes
94269,Yes
94270,Yes
94271,Yes
94272,Yes
94273,Yes
94274,Yes
94275,Yes
94276,Yes
94277,No
94278,No
94279,Yes
94280,No
94281,Yes
94282,Yes
94283,Yes
94284,Yes
94285,Yes
94286,No
94287,Yes
94288,No
94289,Yes
94290,Yes
94291,Yes
94292,Yes
94293,Yes
94294,No
94295,Yes
94296,No
94297,Yes
94298,Yes
94299,Yes
94300,Yes
94301,No
94302,No
94303,Yes
94304,Yes
94305,Yes
94306,Yes
94307,Yes
94308,Yes
94309,No
94310,No
94311,Yes
94312,Yes
94313,No
94314,No
94315,Yes
94316,No
94317,Yes
94318,Yes
94319,Yes
94320,Yes
94321,Yes
94322,Yes
94323,Yes
94324,Yes
94325,Yes
94326,Yes
94327,Yes
94328,Yes
94329,Yes
94330,Yes
94331,No
94332,No
94333,Yes
94334,No
94335,No
94336,Yes
94337,Yes
94338,Yes
94339,Yes
94340,Yes
94341,No
94342,No
94343,Yes
94344,Yes
94345,Yes
94346,Yes
94347,No
94348,Yes
94349,No
94350,Yes
94351,No
94352,No
94353,Yes
94354,Yes
94355,Yes
94356,Yes
94357,No
94358,No
94359,No
94360,No
94361,Yes
94362,Yes
94363,Yes
94364,Yes
94365,Yes
94366,Yes
94367,Yes
94368,Yes
94369,Yes
94370,Yes
94371,Yes
94372,No
94373,Yes
94374,Yes
94375,Yes
94376,No
94377,No
94378,No
94379,Yes
94380,Yes
94381,Yes
94382,Yes
94383,No
94384,Yes
94385,Yes
94386,Yes
94387,Yes
94388,Yes
94389,Yes
94390,Yes
94391,Yes
94392,Yes
94393,No
94394,Yes
94395,Yes
94396,Yes
94397,Yes
94398,Yes
94399,Yes
94400,Yes
94401,Yes
94402,Yes
94403,No
94404,Yes
94405,Yes
94406,Yes
94407,Yes
94408,No
94409,Yes
94410,Yes
94411,Yes
94412,Yes
94413,Yes
94414,Yes
94415,Yes
94416,No
94417,No
94418,No
94419,No
94420,No
94421,Yes
94422,Yes
94423,Yes
94424,No
94425,No
94426,Yes
94427,Yes
94428,Yes
94429,Yes
94430,Yes
94431,Yes
94432,Yes
94433,No
94434,Yes
94435,Yes
94436,Yes
94437,Yes
94438,Yes
94439,Yes
94440,Yes
94441,Yes
94442,Yes
94443,Yes
94444,No
94445,Yes
94446,Yes
94447,No
94448,Yes
94449,Yes
94450,Yes
94451,Yes
94452,Yes
94453,Yes
94454,Yes
94455,No
94456,No
94457,Yes
94458,Yes
94459,Yes
94460,No
94461,Yes
94462,No
94463,Yes
94464,Yes
94465,Yes
94466,Yes
94467,No
94468,Yes
94469,Yes
94470,Yes
94471,No
94472,Yes
94473,Yes
94474,No
94475,Yes
94476,Yes
94477,Yes
94478,Yes
94479,Yes
94480,Yes
94481,No
94482,Yes
94483,No
94484,Yes
94485,Yes
94486,Yes
94487,Yes
94488,Yes
94489,Yes
94490,Yes
94491,Yes
94492,Yes
94493,No
94494,Yes
94495,Yes
94496,Yes
94497,Yes
94498,Yes
94499,Yes
94500,Yes
94501,No
94502,Yes
94503,No
94504,No
94505,Yes
94506,Yes
94507,Yes
94508,No
94509,Yes
94510,Yes
94511,Yes
94512,Yes
94513,No
94514,No
94515,No
94516,No
94517,No
94518,Yes
94519,Yes
94520,Yes
94521,Yes
94522,No
94523,Yes
94524,No
94525,Yes
94526,Yes
94527,No
94528,Yes
94529,No
94530,No
94531,No
94532,Yes
94533,No
94534,No
94535,Yes
94536,No
94537,No
94538,Yes
94539,Yes
94540,Yes
94541,Yes
94542,No
94543,Yes
94544,Yes
94545,Yes
94546,Yes
94547,No
94548,No
94549,Yes
94550,No
94551,Yes
94552,Yes
94553,Yes
94554,No
94555,Yes
94556,Yes
94557,Yes
94558,No
94559,Yes
94560,Yes
94561,Yes
94562,Yes
94563,Yes
94564,No
94565,Yes
94566,Yes
94567,Yes
94568,No
94569,Yes
94570,No
94571,Yes
94572,No
94573,Yes
94574,Yes
94575,No
94576,Yes
94577,No
94578,Yes
94579,Yes
94580,Yes
94581,Yes
94582,Yes
94583,Yes
94584,No
94585,No
94586,Yes
94587,No
94588,Yes
94589,No
94590,Yes
94591,Yes
94592,Yes
94593,No
94594,Yes
94595,Yes
94596,Yes
94597,Yes
94598,No
94599,No
94600,Yes
94601,Yes
94602,Yes
94603,Yes
94604,No
94605,Yes
94606,No
94607,No
94608,Yes
94609,No
94610,Yes
94611,Yes
94612,Yes
94613,Yes
94614,Yes
94615,Yes
94616,No
94617,No
94618,No
94619,Yes
94620,Yes
94621,No
94622,Yes
94623,No
94624,Yes
94625,Yes
94626,No
94627,No
94628,Yes
94629,Yes
94630,Yes
94631,Yes
94632,Yes
94633,Yes
94634,No
94635,Yes
94636,Yes
94637,Yes
94638,Yes
94639,No
94640,No
94641,No
94642,No
94643,No
94644,Yes
94645,Yes
94646,Yes
94647,No
94648,Yes
94649,No
94650,Yes
94651,No
94652,Yes
94653,No
94654,No
94655,No
94656,Yes
94657,No
94658,Yes
94659,No
94660,No
94661,Yes
94662,Yes
94663,No
94664,Yes
94665,Yes
94666,Yes
94667,Yes
94668,No
94669,Yes
94670,Yes
94671,Yes
94672,Yes
94673,Yes
94674,Yes
94675,Yes
94676,No
94677,Yes
94678,No
94679,No
94680,No
94681,No
94682,Yes
94683,Yes
94684,Yes
94685,Yes
94686,Yes
94687,Yes
94688,No
94689,No
94690,No
94691,No
94692,Yes
94693,No
94694,Yes
94695,Yes
94696,Yes
94697,Yes
94698,Yes
94699,Yes
94700,Yes
94701,Yes
94702,Yes
94703,No
94704,No
94705,No
94706,Yes
94707,Yes
94708,No
94709,Yes
94710,Yes
94711,Yes
94712,Yes
94713,Yes
94714,No
94715,No
94716,Yes
94717,Yes
94718,Yes
94719,Yes
94720,Yes
94721,Yes
94722,Yes
94723,Yes
94724,No
94725,Yes
94726,No
94727,No
94728,No
94729,No
94730,No
94731,No
94732,Yes
94733,Yes
94734,No
94735,Yes
94736,Yes
94737,Yes
94738,Yes
94739,No
94740,Yes
94741,Yes
94742,Yes
94743,No
94744,Yes
94745,Yes
94746,No
94747,Yes
94748,No
94749,Yes
94750,Yes
94751,Yes
94752,Yes
94753,Yes
94754,Yes
94755,No
94756,Yes
94757,No
94758,No
94759,Yes
94760,Yes
94761,Yes
94762,Yes
94763,Yes
94764,No
94765,Yes
94766,Yes
94767,No
94768,Yes
94769,No
94770,Yes
94771,No
94772,Yes
94773,No
94774,Yes
94775,Yes
94776,Yes
94777,No
94778,Yes
94779,Yes
94780,Yes
94781,Yes
94782,No
94783,Yes
94784,No
94785,Yes
94786,Yes
94787,Yes
94788,Yes
94789,Yes
94790,Yes
94791,No
94792,Yes
94793,Yes
94794,No
94795,No
94796,Yes
94797,Yes
94798,Yes
94799,No
94800,Yes
94801,Yes
94802,Yes
94803,Yes
94804,No
94805,Yes
94806,No
94807,No
94808,No
94809,Yes
94810,Yes
94811,No
94812,Yes
94813,Yes
94814,Yes
94815,Yes
94816,Yes
94817,No
94818,No
94819,Yes
94820,Yes
94821,No
94822,Yes
94823,Yes
94824,No
94825,No
94826,No
94827,Yes
94828,No
94829,Yes
94830,Yes
94831,No
94832,No
94833,Yes
94834,No
94835,Yes
94836,Yes
94837,Yes
94838,Yes
94839,Yes
94840,Yes
94841,Yes
94842,No
94843,Yes
94844,No
94845,Yes
94846,Yes
94847,Yes
94848,Yes
94849,Yes
94850,Yes
94851,No
94852,Yes
94853,Yes
94854,No
94855,No
94856,No
94857,Yes
94858,Yes
94859,Yes
94860,No
94861,No
94862,Yes
94863,Yes
94864,Yes
94865,No
94866,Yes
94867,No
94868,Yes
94869,Yes
94870,Yes
94871,No
94872,Yes
94873,No
94874,Yes
94875,Yes
94876,Yes
94877,Yes
94878,Yes
94879,No
94880,No
94881,Yes
94882,Yes
94883,Yes
94884,No
94885,Yes
94886,No
94887,No
94888,Yes
94889,Yes
94890,Yes
94891,No
94892,Yes
94893,Yes
94894,No
94895,Yes
94896,Yes
94897,Yes
94898,No
94899,Yes
94900,No
94901,No
94902,No
94903,Yes
94904,Yes
94905,Yes
94906,Yes
94907,Yes
94908,Yes
94909,No
94910,No
94911,No
94912,Yes
94913,No
94914,Yes
94915,No
94916,Yes
94917,No
94918,No
94919,Yes
94920,Yes
94921,No
94922,No
94923,Yes
94924,Yes
94925,Yes
94926,Yes
94927,No
94928,Yes
94929,Yes
94930,No
94931,Yes
94932,Yes
94933,Yes
94934,No
94935,Yes
94936,Yes
94937,Yes
94938,No
94939,Yes
94940,Yes
94941,No
94942,Yes
94943,Yes
94944,No
94945,Yes
94946,No
94947,Yes
94948,No
94949,Yes
94950,Yes
94951,Yes
94952,Yes
94953,Yes
94954,No
94955,Yes
94956,Yes
94957,Yes
94958,Yes
94959,Yes
94960,Yes
94961,Yes
94962,Yes
94963,Yes
94964,Yes
94965,No
94966,Yes
94967,No
94968,Yes
94969,No
94970,Yes
94971,Yes
94972,No
94973,Yes
94974,No
94975,Yes
94976,No
94977,Yes
94978,No
94979,Yes
94980,No
94981,Yes
94982,Yes
94983,Yes
94984,Yes
94985,Yes
94986,No
94987,No
94988,No
94989,No
94990,No
94991,Yes
94992,Yes
94993,Yes
94994,Yes
94995,Yes
94996,Yes
94997,No
94998,Yes
94999,No
95000,Yes
95001,Yes
95002,No
95003,No
95004,Yes
95005,No
95006,Yes
95007,Yes
95008,Yes
95009,No
95010,No
95011,Yes
95012,Yes
95013,Yes
95014,Yes
95015,Yes
95016,Yes
95017,Yes
95018,Yes
95019,Yes
95020,No
95021,No
95022,Yes
95023,Yes
95024,No
95025,Yes
95026,Yes
95027,No
95028,Yes
95029,Yes
95030,Yes
95031,Yes
95032,No
95033,No
95034,No
95035,No
95036,No
95037,No
95038,No
95039,Yes
95040,Yes
95041,Yes
95042,Yes
95043,No
95044,Yes
95045,Yes
95046,Yes
95047,Yes
95048,No
95049,Yes
95050,Yes
95051,Yes
95052,Yes
95053,No
95054,Yes
95055,Yes
95056,Yes
95057,Yes
95058,Yes
95059,Yes
95060,No
95061,Yes
95062,No
95063,Yes
95064,No
95065,Yes
95066,No
95067,No
95068,Yes
95069,Yes
95070,Yes
95071,Yes
95072,No
95073,Yes
95074,Yes
95075,No
95076,No
95077,Yes
95078,Yes
95079,Yes
95080,Yes
95081,No
95082,No
95083,Yes
95084,Yes
95085,Yes
95086,Yes
95087,No
95088,Yes
95089,No
95090,Yes
95091,No
95092,No
95093,Yes
95094,Yes
95095,Yes
95096,No
95097,Yes
95098,Yes
95099,No
95100,No
95101,No
95102,Yes
95103,Yes
95104,Yes
95105,Yes
95106,No
95107,Yes
95108,Yes
95109,Yes
95110,No
95111,Yes
95112,Yes
95113,No
95114,Yes
95115,No
95116,Yes
95117,Yes
95118,Yes
95119,No
95120,Yes
95121,Yes
95122,Yes
95123,Yes
95124,Yes
95125,No
95126,Yes
95127,Yes
95128,Yes
95129,Yes
95130,Yes
95131,Yes
95132,No
95133,Yes
95134,No
95135,Yes
95136,Yes
95137,Yes
95138,Yes
95139,Yes
95140,No
95141,Yes
95142,Yes
95143,Yes
95144,Yes
95145,Yes
95146,No
95147,No
95148,Yes
95149,No
95150,No
95151,Yes
95152,Yes
95153,Yes
95154,No
95155,No
95156,Yes
95157,Yes
95158,Yes
95159,Yes
95160,No
95161,Yes
95162,Yes
95163,Yes
95164,No
95165,Yes
95166,Yes
95167,Yes
95168,No
95169,No
95170,Yes
95171,No
95172,Yes
95173,Yes
95174,No
95175,Yes
95176,No
95177,Yes
95178,Yes
95179,Yes
95180,Yes
95181,Yes
95182,Yes
95183,No
95184,Yes
95185,Yes
95186,Yes
95187,No
95188,No
95189,Yes
95190,No
95191,No
95192,No
95193,Yes
95194,No
95195,Yes
95196,Yes
95197,Yes
95198,Yes
95199,Yes
95200,Yes
95201,Yes
95202,Yes
95203,No
95204,Yes
95205,No
95206,No
95207,Yes
95208,Yes
95209,Yes
95210,Yes
95211,No
95212,Yes
95213,No
95214,No
95215,No
95216,Yes
95217,Yes
95218,Yes
95219,Yes
95220,No
95221,Yes
95222,No
95223,Yes
95224,Yes
95225,Yes
95226,Yes
95227,Yes
95228,Yes
95229,Yes
95230,No
95231,Yes
95232,Yes
95233,No
95234,No
95235,Yes
95236,Yes
95237,No
95238,No
95239,No
95240,Yes
95241,Yes
95242,Yes
95243,No
95244,Yes
95245,Yes
95246,Yes
95247,Yes
95248,Yes
95249,No
95250,Yes
95251,Yes
95252,No
95253,No
95254,Yes
95255,Yes
95256,No
95257,Yes
95258,Yes
95259,Yes
95260,Yes
95261,Yes
95262,Yes
95263,No
95264,Yes
95265,No
95266,No
95267,Yes
95268,No
95269,Yes
95270,Yes
95271,Yes
95272,Yes
95273,Yes
95274,No
95275,No
95276,Yes
95277,Yes
95278,Yes
95279,Yes
95280,Yes
95281,Yes
95282,No
95283,No
95284,Yes
95285,Yes
95286,Yes
95287,Yes
95288,No
95289,No
95290,Yes
95291,Yes
95292,Yes
95293,No
95294,Yes
95295,Yes
95296,No
95297,Yes
95298,No
95299,Yes
95300,Yes
95301,Yes
95302,No
95303,Yes
95304,Yes
95305,Yes
95306,Yes
95307,Yes
95308,No
95309,Yes
95310,No
95311,Yes
95312,Yes
95313,Yes
95314,Yes
95315,Yes
95316,Yes
95317,Yes
95318,Yes
95319,Yes
95320,No
95321,No
95322,Yes
95323,Yes
95324,Yes
95325,No
95326,Yes
95327,No
95328,Yes
95329,Yes
95330,Yes
95331,Yes
95332,No
95333,No
95334,No
95335,No
95336,Yes
95337,Yes
95338,Yes
95339,Yes
95340,Yes
95341,No
95342,Yes
95343,Yes
95344,Yes
95345,Yes
95346,Yes
95347,No
95348,Yes
95349,Yes
95350,No
95351,Yes
95352,No
95353,Yes
95354,No
95355,Yes
95356,Yes
95357,Yes
95358,No
95359,Yes
95360,No
95361,No
95362,Yes
95363,Yes
95364,Yes
95365,No
95366,No
95367,No
95368,Yes
95369,Yes
95370,No
95371,Yes
95372,Yes
95373,Yes
95374,No
95375,Yes
95376,No
95377,Yes
95378,Yes
95379,Yes
95380,Yes
95381,Yes
95382,Yes
95383,Yes
95384,No
95385,No
95386,Yes
95387,Yes
95388,Yes
95389,No
95390,Yes
95391,No
95392,No
95393,Yes
95394,No
95395,Yes
95396,Yes
95397,Yes
95398,Yes
95399,No
95400,Yes
95401,Yes
95402,Yes
95403,Yes
95404,No
95405,No
95406,No
95407,No
95408,No
95409,No
95410,No
95411,Yes
95412,No
95413,Yes
95414,Yes
95415,Yes
95416,Yes
95417,Yes
95418,Yes
95419,No
95420,Yes
95421,No
95422,Yes
95423,No
95424,Yes
95425,Yes
95426,Yes
95427,Yes
95428,Yes
95429,Yes
95430,Yes
95431,No
95432,No
95433,Yes
95434,No
95435,Yes
95436,No
95437,Yes
95438,Yes
95439,Yes
95440,Yes
95441,Yes
95442,Yes
95443,Yes
95444,Yes
95445,Yes
95446,Yes
95447,Yes
95448,Yes
95449,Yes
95450,Yes
95451,No
95452,Yes
95453,Yes
95454,Yes
95455,No
95456,Yes
95457,Yes
95458,Yes
95459,Yes
95460,Yes
95461,Yes
95462,Yes
95463,No
95464,Yes
95465,No
95466,Yes
95467,Yes
95468,Yes
95469,No
95470,No
95471,Yes
95472,Yes
95473,Yes
95474,Yes
95475,Yes
95476,Yes
95477,No
95478,No
95479,No
95480,Yes
95481,No
95482,Yes
95483,Yes
95484,No
95485,Yes
95486,Yes
95487,Yes
95488,No
95489,Yes
95490,Yes
95491,Yes
95492,No
95493,Yes
95494,No
95495,No
95496,Yes
95497,Yes
95498,No
95499,Yes
95500,Yes
95501,Yes
95502,No
95503,Yes
95504,Yes
95505,No
95506,Yes
95507,Yes
95508,No
95509,Yes
95510,No
95511,No
95512,Yes
95513,Yes
95514,Yes
95515,Yes
95516,No
95517,No
95518,Yes
95519,Yes
95520,Yes
95521,No
95522,Yes
95523,No
95524,Yes
95525,No
95526,Yes
95527,Yes
95528,Yes
95529,Yes
95530,No
95531,Yes
95532,No
95533,Yes
95534,Yes
95535,No
95536,Yes
95537,Yes
95538,Yes
95539,No
95540,Yes
95541,Yes
95542,Yes
95543,Yes
95544,Yes
95545,No
95546,Yes
95547,Yes
95548,Yes
95549,Yes
95550,Yes
95551,Yes
95552,Yes
95553,No
95554,Yes
95555,Yes
95556,No
95557,No
95558,Yes
95559,Yes
95560,No
95561,Yes
95562,Yes
95563,Yes
95564,Yes
95565,Yes
95566,Yes
95567,Yes
95568,Yes
95569,Yes
95570,Yes
95571,Yes
95572,Yes
95573,Yes
95574,No
95575,Yes
95576,Yes
95577,Yes
95578,Yes
95579,Yes
95580,Yes
95581,Yes
95582,No
95583,Yes
95584,Yes
95585,Yes
95586,No
95587,No
95588,Yes
95589,Yes
95590,Yes
95591,Yes
95592,Yes
95593,Yes
95594,Yes
95595,Yes
95596,No
95597,No
95598,Yes
95599,Yes
95600,No
95601,No
95602,Yes
95603,Yes
95604,Yes
95605,Yes
95606,Yes
95607,Yes
95608,Yes
95609,Yes
95610,Yes
95611,Yes
95612,Yes
95613,No
95614,Yes
95615,No
95616,No
95617,Yes
95618,No
95619,No
95620,Yes
95621,Yes
95622,Yes
95623,Yes
95624,Yes
95625,No
95626,No
95627,No
95628,Yes
95629,No
95630,No
95631,No
95632,Yes
95633,Yes
95634,Yes
95635,Yes
95636,No
95637,Yes
95638,Yes
95639,Yes
95640,Yes
95641,Yes
95642,Yes
95643,Yes
95644,Yes
95645,Yes
95646,Yes
95647,Yes
95648,No
95649,Yes
95650,No
95651,No
95652,Yes
95653,Yes
95654,Yes
95655,No
95656,No
95657,Yes
95658,No
95659,No
95660,No
95661,No
95662,Yes
95663,No
95664,No
95665,Yes
95666,No
95667,No
95668,Yes
95669,Yes
95670,Yes
95671,No
95672,No
95673,Yes
95674,No
95675,No
95676,Yes
95677,Yes
95678,No
95679,Yes
95680,Yes
95681,No
95682,Yes
95683,Yes
95684,No
95685,Yes
95686,No
95687,No
95688,Yes
95689,No
95690,Yes
95691,No
95692,No
95693,Yes
95694,Yes
95695,Yes
95696,No
95697,Yes
95698,Yes
95699,Yes
95700,No
95701,Yes
95702,No
95703,No
95704,Yes
95705,No
95706,Yes
95707,Yes
95708,No
95709,Yes
95710,No
95711,No
95712,No
95713,Yes
95714,No
95715,Yes
95716,Yes
95717,No
95718,No
95719,No
95720,No
95721,No
95722,No
95723,No
95724,No
95725,No
95726,Yes
95727,No
95728,Yes
95729,Yes
95730,Yes
95731,Yes
95732,No
95733,Yes
95734,Yes
95735,Yes
95736,No
95737,Yes
95738,Yes
95739,Yes
95740,Yes
95741,Yes
95742,No
95743,No
95744,Yes
95745,Yes
95746,Yes
95747,Yes
95748,Yes
95749,No
95750,Yes
95751,Yes
95752,No
95753,Yes
95754,No
95755,Yes
95756,Yes
95757,Yes
95758,Yes
95759,No
95760,Yes
95761,No
95762,Yes
95763,Yes
95764,No
95765,Yes
95766,No
95767,No
95768,Yes
95769,Yes
95770,Yes
95771,No
95772,Yes
95773,Yes
95774,No
95775,Yes
95776,No
95777,No
95778,Yes
95779,No
95780,Yes
95781,Yes
95782,Yes
95783,Yes
95784,Yes
95785,No
95786,No
95787,No
95788,Yes
95789,Yes
95790,Yes
95791,Yes
95792,Yes
95793,Yes
95794,Yes
95795,No
95796,Yes
95797,No
95798,No
95799,Yes
95800,Yes
95801,Yes
95802,Yes
95803,No
95804,Yes
95805,Yes
95806,Yes
95807,No
95808,Yes
95809,Yes
95810,No
95811,Yes
95812,No
95813,Yes
95814,Yes
95815,Yes
95816,No
95817,No
95818,Yes
95819,Yes
95820,No
95821,Yes
95822,Yes
95823,No
95824,Yes
95825,No
95826,No
95827,Yes
95828,Yes
95829,No
95830,Yes
95831,No
95832,Yes
95833,Yes
95834,Yes
95835,No
95836,No
95837,No
95838,No
95839,Yes
95840,Yes
95841,No
95842,No
95843,Yes
95844,No
95845,Yes
95846,Yes
95847,Yes
95848,Yes
95849,No
95850,No
95851,Yes
95852,Yes
95853,Yes
95854,Yes
95855,No
95856,No
95857,Yes
95858,Yes
95859,No
95860,Yes
95861,Yes
95862,Yes
95863,Yes
95864,No
95865,No
95866,Yes
95867,No
95868,Yes
95869,Yes
95870,No
95871,No
95872,Yes
95873,No
95874,Yes
95875,Yes
95876,No
95877,Yes
95878,Yes
95879,Yes
95880,Yes
95881,No
95882,Yes
95883,Yes
95884,Yes
95885,Yes
95886,No
95887,Yes
95888,Yes
95889,No
95890,No
95891,Yes
95892,Yes
95893,Yes
95894,No
95895,No
95896,No
95897,No
95898,Yes
95899,Yes
95900,No
95901,Yes
95902,No
95903,Yes
95904,Yes
95905,Yes
95906,Yes
95907,No
95908,No
95909,Yes
95910,No
95911,Yes
95912,Yes
95913,Yes
95914,No
95915,No
95916,Yes
95917,Yes
95918,No
95919,Yes
95920,Yes
95921,Yes
95922,No
95923,Yes
95924,Yes
95925,Yes
95926,Yes
95927,Yes
95928,Yes
95929,No
95930,Yes
95931,Yes
95932,Yes
95933,Yes
95934,Yes
95935,No
95936,No
95937,Yes
95938,Yes
95939,No
95940,Yes
95941,Yes
95942,Yes
95943,No
95944,No
95945,Yes
95946,Yes
95947,No
95948,No
95949,Yes
95950,Yes
95951,Yes
95952,Yes
95953,Yes
95954,No
95955,Yes
95956,Yes
95957,Yes
95958,Yes
95959,No
95960,No
95961,No
95962,Yes
95963,Yes
95964,Yes
95965,Yes
95966,Yes
95967,Yes
95968,Yes
95969,No
95970,No
95971,Yes
95972,No
95973,No
95974,Yes
95975,Yes
95976,Yes
95977,Yes
95978,No
95979,No
95980,Yes
95981,Yes
95982,Yes
95983,Yes
95984,No
95985,Yes
95986,Yes
95987,Yes
95988,Yes
95989,Yes
95990,Yes
95991,Yes
95992,Yes
95993,Yes
95994,Yes
95995,No
95996,No
95997,Yes
95998,Yes
95999,Yes
96000,Yes
96001,Yes
96002,Yes
96003,Yes
96004,Yes
96005,Yes
96006,No
96007,No
96008,Yes
96009,Yes
96010,Yes
96011,Yes
96012,Yes
96013,Yes
96014,Yes
96015,Yes
96016,No
96017,No
96018,Yes
96019,No
96020,No
96021,Yes
96022,Yes
96023,No
96024,Yes
96025,No
96026,Yes
96027,No
96028,Yes
96029,No
96030,No
96031,Yes
96032,Yes
96033,Yes
96034,Yes
96035,Yes
96036,Yes
96037,Yes
96038,Yes
96039,Yes
96040,No
96041,Yes
96042,Yes
96043,No
96044,Yes
96045,Yes
96046,Yes
96047,No
96048,Yes
96049,No
96050,No
96051,No
96052,Yes
96053,No
96054,Yes
96055,No
96056,Yes
96057,Yes
96058,Yes
96059,Yes
96060,Yes
96061,Yes
96062,Yes
96063,No
96064,No
96065,Yes
96066,Yes
96067,No
96068,Yes
96069,Yes
96070,Yes
96071,No
96072,Yes
96073,No
96074,Yes
96075,No
96076,No
96077,Yes
96078,Yes
96079,Yes
96080,Yes
96081,No
96082,No
96083,Yes
96084,No
96085,No
96086,Yes
96087,Yes
96088,Yes
96089,No
96090,Yes
96091,Yes
96092,Yes
96093,No
96094,Yes
96095,Yes
96096,Yes
96097,Yes
96098,Yes
96099,No
96100,Yes
96101,Yes
96102,No
96103,No
96104,No
96105,Yes
96106,No
96107,Yes
96108,No
96109,Yes
96110,No
96111,Yes
96112,Yes
96113,Yes
96114,No
96115,Yes
96116,Yes
96117,Yes
96118,No
96119,Yes
96120,Yes
96121,No
96122,No
96123,No
96124,No
96125,Yes
96126,No
96127,Yes
96128,Yes
96129,No
96130,No
96131,No
96132,No
96133,No
96134,No
96135,Yes
96136,Yes
96137,No
96138,Yes
96139,Yes
96140,Yes
96141,No
96142,No
96143,Yes
96144,Yes
96145,No
96146,No
96147,Yes
96148,Yes
96149,Yes
96150,Yes
96151,Yes
96152,No
96153,Yes
96154,Yes
96155,Yes
96156,Yes
96157,Yes
96158,Yes
96159,Yes
96160,No
96161,Yes
96162,No
96163,Yes
96164,No
96165,No
96166,Yes
96167,Yes
96168,Yes
96169,Yes
96170,Yes
96171,Yes
96172,Yes
96173,No
96174,Yes
96175,No
96176,Yes
96177,No
96178,Yes
96179,No
96180,No
96181,Yes
96182,No
96183,No
96184,No
96185,No
96186,No
96187,Yes
96188,Yes
96189,Yes
96190,Yes
96191,Yes
96192,Yes
96193,Yes
96194,No
96195,Yes
96196,No
96197,Yes
96198,Yes
96199,Yes
96200,Yes
96201,Yes
96202,Yes
96203,No
96204,Yes
96205,No
96206,Yes
96207,Yes
96208,Yes
96209,Yes
96210,Yes
96211,Yes
96212,Yes
96213,Yes
96214,Yes
96215,No
96216,No
96217,No
96218,Yes
96219,No
96220,Yes
96221,Yes
96222,No
96223,No
96224,Yes
96225,Yes
96226,Yes
96227,No
96228,Yes
96229,Yes
96230,Yes
96231,Yes
96232,Yes
96233,No
96234,Yes
96235,No
96236,Yes
96237,No
96238,Yes
96239,No
96240,Yes
96241,Yes
96242,No
96243,Yes
96244,Yes
96245,Yes
96246,Yes
96247,No
96248,Yes
96249,Yes
96250,Yes
96251,Yes
96252,No
96253,Yes
96254,No
96255,Yes
96256,Yes
96257,Yes
96258,Yes
96259,No
96260,Yes
96261,Yes
96262,No
96263,Yes
96264,No
96265,Yes
96266,Yes
96267,No
96268,No
96269,Yes
96270,Yes
96271,Yes
96272,Yes
96273,Yes
96274,No
96275,Yes
96276,Yes
96277,No
96278,Yes
96279,Yes
96280,Yes
96281,Yes
96282,Yes
96283,Yes
96284,No
96285,Yes
96286,Yes
96287,Yes
96288,Yes
96289,No
96290,Yes
96291,Yes
96292,No
96293,No
96294,Yes
96295,No
96296,No
96297,Yes
96298,Yes
96299,No
96300,Yes
96301,No
96302,Yes
96303,Yes
96304,Yes
96305,Yes
96306,No
96307,Yes
96308,Yes
96309,Yes
96310,Yes
96311,Yes
96312,Yes
96313,No
96314,No
96315,No
96316,Yes
96317,Yes
96318,Yes
96319,Yes
96320,Yes
96321,Yes
96322,No
96323,Yes
96324,Yes
96325,Yes
96326,Yes
96327,Yes
96328,Yes
96329,Yes
96330,No
96331,No
96332,Yes
96333,Yes
96334,No
96335,Yes
96336,No
96337,No
96338,No
96339,Yes
96340,No
96341,Yes
96342,No
96343,Yes
96344,Yes
96345,Yes
96346,Yes
96347,No
96348,No
96349,No
96350,No
96351,Yes
96352,No
96353,Yes
96354,No
96355,Yes
96356,Yes
96357,Yes
96358,Yes
96359,No
96360,Yes
96361,No
96362,Yes
96363,Yes
96364,Yes
96365,Yes
96366,Yes
96367,Yes
96368,Yes
96369,No
96370,Yes
96371,Yes
96372,Yes
96373,No
96374,Yes
96375,Yes
96376,Yes
96377,No
96378,Yes
96379,Yes
96380,Yes
96381,No
96382,No
96383,No
96384,No
96385,No
96386,Yes
96387,Yes
96388,No
96389,Yes
96390,Yes
96391,Yes
96392,Yes
96393,Yes
96394,No
96395,Yes
96396,No
96397,Yes
96398,No
96399,No
96400,No
96401,Yes
96402,Yes
96403,Yes
96404,No
96405,Yes
96406,Yes
96407,Yes
96408,No
96409,Yes
96410,No
96411,Yes
96412,Yes
96413,Yes
96414,Yes
96415,No
96416,No
96417,No
96418,No
96419,Yes
96420,Yes
96421,Yes
96422,No
96423,No
96424,Yes
96425,No
96426,Yes
96427,No
96428,Yes
96429,Yes
96430,Yes
96431,Yes
96432,Yes
96433,Yes
96434,No
96435,Yes
96436,No
96437,Yes
96438,No
96439,No
96440,No
96441,Yes
96442,Yes
96443,Yes
96444,Yes
96445,Yes
96446,No
96447,Yes
96448,Yes
96449,No
96450,Yes
96451,No
96452,Yes
96453,Yes
96454,Yes
96455,Yes
96456,Yes
96457,No
96458,Yes
96459,No
96460,Yes
96461,No
96462,Yes
96463,Yes
96464,Yes
96465,Yes
96466,Yes
96467,Yes
96468,Yes
96469,Yes
96470,No
96471,Yes
96472,No
96473,Yes
96474,Yes
96475,Yes
96476,Yes
96477,Yes
96478,No
96479,Yes
96480,Yes
96481,No
96482,No
96483,Yes
96484,No
96485,No
96486,Yes
96487,No
96488,Yes
96489,Yes
96490,Yes
96491,No
96492,Yes
96493,No
96494,No
96495,No
96496,No
96497,No
96498,Yes
96499,Yes
96500,No
96501,No
96502,No
96503,Yes
96504,Yes
96505,Yes
96506,No
96507,No
96508,Yes
96509,Yes
96510,No
96511,Yes
96512,Yes
96513,Yes
96514,No
96515,Yes
96516,Yes
96517,Yes
96518,Yes
96519,Yes
96520,No
96521,No
96522,Yes
96523,Yes
96524,No
96525,Yes
96526,Yes
96527,Yes
96528,Yes
96529,No
96530,No
96531,No
96532,Yes
96533,No
96534,Yes
96535,Yes
96536,Yes
96537,Yes
96538,Yes
96539,Yes
96540,Yes
96541,Yes
96542,Yes
96543,Yes
96544,Yes
96545,No
96546,No
96547,No
96548,Yes
96549,Yes
96550,Yes
96551,Yes
96552,Yes
96553,Yes
96554,Yes
96555,No
96556,Yes
96557,No
96558,Yes
96559,Yes
96560,Yes
96561,Yes
96562,No
96563,No
96564,No
96565,Yes
96566,Yes
96567,Yes
96568,No
96569,Yes
96570,Yes
96571,No
96572,Yes
96573,Yes
96574,Yes
96575,No
96576,Yes
96577,Yes
96578,Yes
96579,No
96580,No
96581,Yes
96582,Yes
96583,No
96584,Yes
96585,Yes
96586,No
96587,Yes
96588,No
96589,Yes
96590,Yes
96591,Yes
96592,No
96593,No
96594,Yes
96595,Yes
96596,No
96597,No
96598,No
96599,Yes
96600,No
96601,No
96602,Yes
96603,No
96604,Yes
96605,Yes
96606,No
96607,Yes
96608,Yes
96609,No
96610,No
96611,Yes
96612,No
96613,Yes
96614,Yes
96615,Yes
96616,No
96617,Yes
96618,No
96619,Yes
96620,No
96621,Yes
96622,Yes
96623,No
96624,Yes
96625,Yes
96626,No
96627,Yes
96628,Yes
96629,Yes
96630,No
96631,Yes
96632,Yes
96633,No
96634,Yes
96635,No
96636,Yes
96637,Yes
96638,Yes
96639,No
96640,Yes
96641,No
96642,Yes
96643,No
96644,No
96645,No
96646,No
96647,Yes
96648,No
96649,Yes
96650,No
96651,Yes
96652,No
96653,Yes
96654,Yes
96655,Yes
96656,No
96657,No
96658,No
96659,No
96660,Yes
96661,Yes
96662,Yes
96663,Yes
96664,No
96665,Yes
96666,Yes
96667,Yes
96668,Yes
96669,Yes
96670,Yes
96671,Yes
96672,Yes
96673,No
96674,No
96675,No
96676,No
96677,Yes
96678,No
96679,Yes
96680,Yes
96681,No
96682,No
96683,Yes
96684,Yes
96685,No
96686,No
96687,Yes
96688,Yes
96689,Yes
96690,Yes
96691,Yes
96692,Yes
96693,No
96694,Yes
96695,No
96696,No
96697,Yes
96698,No
96699,No
96700,Yes
96701,No
96702,No
96703,Yes
96704,Yes
96705,Yes
96706,No
96707,Yes
96708,No
96709,Yes
96710,Yes
96711,No
96712,No
96713,Yes
96714,No
96715,No
96716,Yes
96717,Yes
96718,Yes
96719,No
96720,Yes
96721,No
96722,No
96723,Yes
96724,Yes
96725,Yes
96726,Yes
96727,Yes
96728,No
96729,No
96730,No
96731,Yes
96732,Yes
96733,Yes
96734,Yes
96735,No
96736,Yes
96737,Yes
96738,Yes
96739,Yes
96740,Yes
96741,Yes
96742,Yes
96743,No
96744,No
96745,No
96746,No
96747,Yes
96748,Yes
96749,Yes
96750,Yes
96751,Yes
96752,Yes
96753,Yes
96754,No
96755,Yes
96756,No
96757,Yes
96758,Yes
96759,Yes
96760,No
96761,No
96762,Yes
96763,No
96764,No
96765,Yes
96766,Yes
96767,Yes
96768,No
96769,Yes
96770,Yes
96771,Yes
96772,No
96773,No
96774,Yes
96775,No
96776,Yes
96777,No
96778,Yes
96779,No
96780,Yes
96781,No
96782,Yes
96783,No
96784,Yes
96785,Yes
96786,Yes
96787,Yes
96788,Yes
96789,Yes
96790,No
96791,Yes
96792,Yes
96793,No
96794,No
96795,No
96796,Yes
96797,Yes
96798,No
96799,No
96800,No
96801,Yes
96802,No
96803,Yes
96804,No
96805,Yes
96806,Yes
96807,No
96808,No
96809,No
96810,Yes
96811,Yes
96812,No
96813,Yes
96814,Yes
96815,Yes
96816,Yes
96817,No
96818,No
96819,Yes
96820,No
96821,No
96822,Yes
96823,Yes
96824,Yes
96825,Yes
96826,Yes
96827,Yes
96828,No
96829,Yes
96830,Yes
96831,No
96832,Yes
96833,Yes
96834,Yes
96835,Yes
96836,Yes
96837,Yes
96838,Yes
96839,Yes
96840,Yes
96841,Yes
96842,No
96843,Yes
96844,Yes
96845,Yes
96846,Yes
96847,Yes
96848,Yes
96849,Yes
96850,No
96851,Yes
96852,No
96853,Yes
96854,No
96855,Yes
96856,Yes
96857,Yes
96858,Yes
96859,Yes
96860,No
96861,Yes
96862,No
96863,Yes
96864,No
96865,Yes
96866,Yes
96867,Yes
96868,Yes
96869,No
96870,Yes
96871,No
96872,No
96873,No
96874,Yes
96875,Yes
96876,Yes
96877,Yes
96878,Yes
96879,Yes
96880,Yes
96881,Yes
96882,Yes
96883,Yes
96884,Yes
96885,Yes
96886,Yes
96887,Yes
96888,Yes
96889,No
96890,Yes
96891,Yes
96892,Yes
96893,Yes
96894,No
96895,Yes
96896,No
96897,No
96898,No
96899,No
96900,Yes
96901,Yes
96902,No
96903,No
96904,Yes
96905,Yes
96906,No
96907,Yes
96908,Yes
96909,Yes
96910,Yes
96911,No
96912,Yes
96913,Yes
96914,Yes
96915,Yes
96916,No
96917,Yes
96918,No
96919,Yes
96920,No
96921,Yes
96922,No
96923,Yes
96924,Yes
96925,Yes
96926,Yes
96927,No
96928,Yes
96929,No
96930,Yes
96931,No
96932,Yes
96933,Yes
96934,Yes
96935,No
96936,Yes
96937,Yes
96938,Yes
96939,Yes
96940,Yes
96941,Yes
96942,Yes
96943,Yes
96944,Yes
96945,No
96946,No
96947,No
96948,Yes
96949,Yes
96950,No
96951,Yes
96952,No
96953,No
96954,No
96955,Yes
96956,Yes
96957,Yes
96958,Yes
96959,No
96960,Yes
96961,Yes
96962,Yes
96963,No
96964,No
96965,Yes
96966,Yes
96967,No
96968,No
96969,Yes
96970,Yes
96971,Yes
96972,No
96973,Yes
96974,Yes
96975,Yes
96976,Yes
96977,No
96978,No
96979,Yes
96980,No
96981,No
96982,No
96983,No
96984,Yes
96985,Yes
96986,No
96987,No
96988,Yes
96989,No
96990,Yes
96991,Yes
96992,Yes
96993,No
96994,No
96995,Yes
96996,Yes
96997,No
96998,Yes
96999,No
97000,Yes
97001,No
97002,Yes
97003,No
97004,Yes
97005,Yes
97006,Yes
97007,No
97008,Yes
97009,Yes
97010,Yes
97011,Yes
97012,Yes
97013,Yes
97014,Yes
97015,No
97016,No
97017,No
97018,Yes
97019,Yes
97020,No
97021,Yes
97022,Yes
97023,Yes
97024,Yes
97025,Yes
97026,Yes
97027,No
97028,Yes
97029,No
97030,No
97031,No
97032,No
97033,Yes
97034,No
97035,Yes
97036,Yes
97037,Yes
97038,Yes
97039,Yes
97040,No
97041,Yes
97042,Yes
97043,No
97044,Yes
97045,Yes
97046,Yes
97047,Yes
97048,No
97049,Yes
97050,No
97051,Yes
97052,Yes
97053,No
97054,Yes
97055,Yes
97056,Yes
97057,No
97058,Yes
97059,Yes
97060,Yes
97061,Yes
97062,Yes
97063,Yes
97064,Yes
97065,Yes
97066,Yes
97067,Yes
97068,Yes
97069,Yes
97070,No
97071,No
97072,Yes
97073,Yes
97074,No
97075,Yes
97076,Yes
97077,Yes
97078,Yes
97079,No
97080,Yes
97081,Yes
97082,Yes
97083,No
97084,No
97085,No
97086,Yes
97087,No
97088,No
97089,Yes
97090,Yes
97091,No
97092,Yes
97093,No
97094,Yes
97095,Yes
97096,Yes
97097,Yes
97098,Yes
97099,No
97100,Yes
97101,Yes
97102,No
97103,Yes
97104,No
97105,Yes
97106,Yes
97107,Yes
97108,No
97109,No
97110,Yes
97111,No
97112,Yes
97113,No
97114,Yes
97115,Yes
97116,No
97117,Yes
97118,No
97119,Yes
97120,No
97121,No
97122,Yes
97123,No
97124,Yes
97125,No
97126,Yes
97127,No
97128,No
97129,Yes
97130,Yes
97131,Yes
97132,No
97133,Yes
97134,Yes
97135,Yes
97136,Yes
97137,No
97138,Yes
97139,No
97140,No
97141,Yes
97142,No
97143,Yes
97144,Yes
97145,No
97146,Yes
97147,Yes
97148,Yes
97149,Yes
97150,Yes
97151,Yes
97152,Yes
97153,Yes
97154,Yes
97155,Yes
97156,Yes
97157,No
97158,Yes
97159,Yes
97160,Yes
97161,No
97162,No
97163,Yes
97164,Yes
97165,No
97166,Yes
97167,Yes
97168,Yes
97169,Yes
97170,No
97171,Yes
97172,Yes
97173,Yes
97174,Yes
97175,Yes
97176,Yes
97177,Yes
97178,Yes
97179,No
97180,Yes
97181,No
97182,Yes
97183,Yes
97184,No
97185,Yes
97186,No
97187,Yes
97188,Yes
97189,Yes
97190,No
97191,Yes
97192,No
97193,Yes
97194,Yes
97195,Yes
97196,No
97197,Yes
97198,No
97199,Yes
97200,Yes
97201,Yes
97202,No
97203,Yes
97204,No
97205,No
97206,No
97207,Yes
97208,No
97209,Yes
97210,Yes
97211,No
97212,No
97213,Yes
97214,Yes
97215,No
97216,No
97217,No
97218,Yes
97219,Yes
97220,No
97221,Yes
97222,Yes
97223,No
97224,Yes
97225,Yes
97226,No
97227,No
97228,Yes
97229,Yes
97230,No
97231,No
97232,Yes
97233,No
97234,Yes
97235,No
97236,No
97237,Yes
97238,Yes
97239,No
97240,Yes
97241,Yes
97242,Yes
97243,Yes
97244,No
97245,Yes
97246,No
97247,No
97248,No
97249,Yes
97250,Yes
97251,No
97252,No
97253,Yes
97254,Yes
97255,No
97256,Yes
97257,Yes
97258,No
97259,Yes
97260,Yes
97261,No
97262,Yes
97263,No
97264,No
97265,Yes
97266,No
97267,Yes
97268,Yes
97269,Yes
97270,Yes
97271,No
97272,Yes
97273,No
97274,No
97275,Yes
97276,Yes
97277,Yes
97278,Yes
97279,No
97280,No
97281,Yes
97282,Yes
97283,No
97284,No
97285,No
97286,Yes
97287,Yes
97288,Yes
97289,Yes
97290,No
97291,Yes
97292,Yes
97293,Yes
97294,No
97295,Yes
97296,Yes
97297,No
97298,No
97299,Yes
97300,No
97301,No
97302,No
97303,Yes
97304,Yes
97305,Yes
97306,Yes
97307,Yes
97308,No
97309,Yes
97310,No
97311,Yes
97312,No
97313,Yes
97314,No
97315,Yes
97316,Yes
97317,No
97318,Yes
97319,No
97320,Yes
97321,No
97322,No
97323,Yes
97324,No
97325,Yes
97326,No
97327,No
97328,No
97329,Yes
97330,Yes
97331,Yes
97332,Yes
97333,Yes
97334,Yes
97335,Yes
97336,Yes
97337,Yes
97338,No
97339,No
97340,Yes
97341,Yes
97342,No
97343,Yes
97344,No
97345,Yes
97346,No
97347,No
97348,Yes
97349,Yes
97350,No
97351,No
97352,Yes
97353,Yes
97354,Yes
97355,Yes
97356,Yes
97357,Yes
97358,Yes
97359,No
97360,No
97361,Yes
97362,No
97363,No
97364,Yes
97365,No
97366,Yes
97367,Yes
97368,Yes
97369,Yes
97370,Yes
97371,Yes
97372,No
97373,Yes
97374,Yes
97375,Yes
97376,Yes
97377,No
97378,Yes
97379,Yes
97380,Yes
97381,Yes
97382,Yes
97383,Yes
97384,Yes
97385,Yes
97386,Yes
97387,Yes
97388,Yes
97389,Yes
97390,No
97391,Yes
97392,Yes
97393,No
97394,Yes
97395,Yes
97396,Yes
97397,Yes
97398,Yes
97399,Yes
97400,Yes
97401,Yes
97402,No
97403,Yes
97404,Yes
97405,No
97406,Yes
97407,Yes
97408,Yes
97409,Yes
97410,Yes
97411,Yes
97412,Yes
97413,Yes
97414,Yes
97415,Yes
97416,Yes
97417,Yes
97418,Yes
97419,No
97420,Yes
97421,No
97422,Yes
97423,No
97424,Yes
97425,Yes
97426,No
97427,No
97428,No
97429,No
97430,No
97431,No
97432,Yes
97433,No
97434,No
97435,Yes
97436,No
97437,Yes
97438,Yes
97439,Yes
97440,No
97441,Yes
97442,Yes
97443,No
97444,Yes
97445,Yes
97446,Yes
97447,Yes
97448,Yes
97449,Yes
97450,No
97451,Yes
97452,No
97453,No
97454,Yes
97455,Yes
97456,No
97457,No
97458,No
97459,Yes
97460,No
97461,No
97462,Yes
97463,No
97464,Yes
97465,No
97466,Yes
97467,Yes
97468,Yes
97469,Yes
97470,Yes
97471,Yes
97472,Yes
97473,Yes
97474,Yes
97475,No
97476,Yes
97477,Yes
97478,No
97479,No
97480,No
97481,No
97482,No
97483,No
97484,No
97485,No
97486,Yes
97487,Yes
97488,No
97489,No
97490,Yes
97491,Yes
97492,Yes
97493,Yes
97494,Yes
97495,No
97496,Yes
97497,Yes
97498,Yes
97499,No
97500,Yes
97501,Yes
97502,Yes
97503,No
97504,Yes
97505,Yes
97506,Yes
97507,Yes
97508,Yes
97509,Yes
97510,Yes
97511,Yes
97512,Yes
97513,No
97514,Yes
97515,Yes
97516,No
97517,No
97518,Yes
97519,Yes
97520,Yes
97521,No
97522,Yes
97523,Yes
97524,Yes
97525,Yes
97526,Yes
97527,No
97528,No
97529,Yes
97530,No
97531,Yes
97532,No
97533,Yes
97534,Yes
97535,Yes
97536,Yes
97537,Yes
97538,Yes
97539,No
97540,Yes
97541,Yes
97542,Yes
97543,Yes
97544,Yes
97545,Yes
97546,Yes
97547,No
97548,Yes
97549,Yes
97550,Yes
97551,Yes
97552,No
97553,Yes
97554,No
97555,Yes
97556,Yes
97557,Yes
97558,Yes
97559,Yes
97560,No
97561,Yes
97562,Yes
97563,Yes
97564,Yes
97565,Yes
97566,Yes
97567,No
97568,Yes
97569,Yes
97570,Yes
97571,Yes
97572,No
97573,No
97574,No
97575,Yes
97576,Yes
97577,Yes
97578,Yes
97579,No
97580,Yes
97581,Yes
97582,No
97583,Yes
97584,No
97585,Yes
97586,Yes
97587,Yes
97588,No
97589,Yes
97590,No
97591,Yes
97592,Yes
97593,Yes
97594,Yes
97595,Yes
97596,Yes
97597,Yes
97598,Yes
97599,Yes
97600,Yes
97601,Yes
97602,No
97603,Yes
97604,Yes
97605,No
97606,Yes
97607,No
97608,Yes
97609,Yes
97610,Yes
97611,Yes
97612,No
97613,No
97614,Yes
97615,Yes
97616,No
97617,Yes
97618,No
97619,No
97620,Yes
97621,Yes
97622,No
97623,Yes
97624,No
97625,Yes
97626,No
97627,No
97628,Yes
97629,No
97630,Yes
97631,No
97632,Yes
97633,Yes
97634,No
97635,Yes
97636,Yes
97637,Yes
97638,Yes
97639,Yes
97640,Yes
97641,No
97642,No
97643,Yes
97644,No
97645,No
97646,Yes
97647,Yes
97648,No
97649,Yes
97650,Yes
97651,Yes
97652,Yes
97653,Yes
97654,Yes
97655,No
97656,No
97657,Yes
97658,No
97659,Yes
97660,No
97661,Yes
97662,Yes
97663,Yes
97664,No
97665,Yes
97666,Yes
97667,No
97668,Yes
97669,Yes
97670,Yes
97671,No
97672,No
97673,No
97674,No
97675,Yes
97676,Yes
97677,No
97678,No
97679,No
97680,Yes
97681,Yes
97682,Yes
97683,Yes
97684,Yes
97685,Yes
97686,No
97687,No
97688,Yes
97689,No
97690,No
97691,Yes
97692,Yes
97693,Yes
97694,Yes
97695,Yes
97696,Yes
97697,No
97698,Yes
97699,Yes
97700,No
97701,Yes
97702,Yes
97703,Yes
97704,Yes
97705,Yes
97706,No
97707,No
97708,Yes
97709,Yes
97710,Yes
97711,No
97712,Yes
97713,No
97714,No
97715,Yes
97716,No
97717,Yes
97718,Yes
97719,Yes
97720,No
97721,No
97722,Yes
97723,No
97724,No
97725,Yes
97726,Yes
97727,Yes
97728,No
97729,Yes
97730,Yes
97731,Yes
97732,Yes
97733,Yes
97734,Yes
97735,Yes
97736,Yes
97737,No
97738,No
97739,Yes
97740,Yes
97741,Yes
97742,No
97743,Yes
97744,Yes
97745,Yes
97746,Yes
97747,Yes
97748,Yes
97749,No
97750,Yes
97751,Yes
97752,No
97753,Yes
97754,Yes
97755,No
97756,Yes
97757,No
97758,No
97759,No
97760,Yes
97761,Yes
97762,Yes
97763,Yes
97764,No
97765,No
97766,Yes
97767,Yes
97768,No
97769,Yes
97770,Yes
97771,Yes
97772,Yes
97773,No
97774,Yes
97775,Yes
97776,No
97777,Yes
97778,No
97779,Yes
97780,Yes
97781,No
97782,No
97783,No
97784,No
97785,Yes
97786,Yes
97787,No
97788,No
97789,No
97790,Yes
97791,Yes
97792,No
97793,Yes
97794,Yes
97795,Yes
97796,Yes
97797,Yes
97798,Yes
97799,Yes
97800,Yes
97801,Yes
97802,Yes
97803,Yes
97804,No
97805,Yes
97806,Yes
97807,No
97808,Yes
97809,Yes
97810,Yes
97811,Yes
97812,No
97813,Yes
97814,Yes
97815,No
97816,Yes
97817,Yes
97818,Yes
97819,No
97820,Yes
97821,No
97822,Yes
97823,Yes
97824,Yes
97825,No
97826,Yes
97827,Yes
97828,Yes
97829,Yes
97830,Yes
97831,Yes
97832,Yes
97833,No
97834,Yes
97835,Yes
97836,Yes
97837,No
97838,Yes
97839,No
97840,Yes
97841,No
97842,No
97843,No
97844,Yes
97845,Yes
97846,Yes
97847,Yes
97848,Yes
97849,Yes
97850,Yes
97851,Yes
97852,Yes
97853,Yes
97854,No
97855,Yes
97856,No
97857,No
97858,Yes
97859,Yes
97860,No
97861,Yes
97862,No
97863,Yes
97864,Yes
97865,Yes
97866,Yes
97867,Yes
97868,Yes
97869,Yes
97870,Yes
97871,Yes
97872,Yes
97873,No
97874,No
97875,No
97876,Yes
97877,Yes
97878,No
97879,No
97880,Yes
97881,Yes
97882,Yes
97883,No
97884,Yes
97885,No
97886,Yes
97887,Yes
97888,Yes
97889,Yes
97890,Yes
97891,Yes
97892,Yes
97893,Yes
97894,Yes
97895,Yes
97896,Yes
97897,No
97898,No
97899,Yes
97900,Yes
97901,Yes
97902,Yes
97903,Yes
97904,No
97905,No
97906,Yes
97907,Yes
97908,Yes
97909,Yes
97910,Yes
97911,Yes
97912,No
97913,Yes
97914,Yes
97915,Yes
97916,Yes
97917,Yes
97918,Yes
97919,Yes
97920,Yes
97921,Yes
97922,Yes
97923,Yes
97924,Yes
97925,Yes
97926,Yes
97927,Yes
97928,No
97929,Yes
97930,Yes
97931,Yes
97932,Yes
97933,No
97934,Yes
97935,No
97936,Yes
97937,No
97938,No
97939,No
97940,Yes
97941,Yes
97942,Yes
97943,Yes
97944,No
97945,Yes
97946,No
97947,No
97948,Yes
97949,Yes
97950,Yes
97951,No
97952,Yes
97953,No
97954,No
97955,Yes
97956,Yes
97957,Yes
97958,No
97959,Yes
97960,Yes
97961,No
97962,No
97963,Yes
97964,Yes
97965,Yes
97966,No
97967,Yes
97968,Yes
97969,Yes
97970,Yes
97971,No
97972,Yes
97973,No
97974,Yes
97975,Yes
97976,Yes
97977,No
97978,Yes
97979,No
97980,No
97981,Yes
97982,No
97983,Yes
97984,Yes
97985,Yes
97986,Yes
97987,Yes
97988,No
97989,Yes
97990,Yes
97991,No
97992,Yes
97993,Yes
97994,Yes
97995,Yes
97996,Yes
97997,No
97998,Yes
97999,Yes
98000,No
98001,Yes
98002,Yes
98003,Yes
98004,Yes
98005,Yes
98006,Yes
98007,Yes
98008,No
98009,Yes
98010,No
98011,No
98012,Yes
98013,No
98014,Yes
98015,No
98016,No
98017,Yes
98018,Yes
98019,Yes
98020,Yes
98021,Yes
98022,Yes
98023,No
98024,No
98025,No
98026,No
98027,Yes
98028,No
98029,No
98030,Yes
98031,Yes
98032,Yes
98033,Yes
98034,Yes
98035,Yes
98036,No
98037,No
98038,Yes
98039,Yes
98040,No
98041,No
98042,Yes
98043,Yes
98044,Yes
98045,Yes
98046,Yes
98047,Yes
98048,No
98049,No
98050,No
98051,No
98052,Yes
98053,No
98054,Yes
98055,No
98056,Yes
98057,Yes
98058,Yes
98059,No
98060,Yes
98061,No
98062,Yes
98063,No
98064,Yes
98065,Yes
98066,No
98067,No
98068,No
98069,Yes
98070,Yes
98071,No
98072,No
98073,Yes
98074,Yes
98075,Yes
98076,Yes
98077,Yes
98078,Yes
98079,Yes
98080,Yes
98081,Yes
98082,Yes
98083,Yes
98084,No
98085,Yes
98086,No
98087,Yes
98088,Yes
98089,Yes
98090,Yes
98091,Yes
98092,No
98093,No
98094,Yes
98095,Yes
98096,No
98097,No
98098,Yes
98099,Yes
98100,No
98101,Yes
98102,Yes
98103,No
98104,Yes
98105,No
98106,Yes
98107,Yes
98108,Yes
98109,Yes
98110,No
98111,Yes
98112,Yes
98113,Yes
98114,No
98115,Yes
98116,No
98117,Yes
98118,Yes
98119,No
98120,Yes
98121,No
98122,No
98123,Yes
98124,Yes
98125,Yes
98126,Yes
98127,Yes
98128,No
98129,Yes
98130,Yes
98131,No
98132,No
98133,No
98134,Yes
98135,No
98136,Yes
98137,Yes
98138,Yes
98139,Yes
98140,Yes
98141,No
98142,Yes
98143,Yes
98144,No
98145,Yes
98146,Yes
98147,No
98148,No
98149,No
98150,Yes
98151,Yes
98152,No
98153,No
98154,Yes
98155,Yes
98156,No
98157,Yes
98158,Yes
98159,No
98160,Yes
98161,Yes
98162,Yes
98163,Yes
98164,No
98165,Yes
98166,No
98167,Yes
98168,No
98169,Yes
98170,No
98171,Yes
98172,Yes
98173,No
98174,Yes
98175,Yes
98176,No
98177,Yes
98178,Yes
98179,Yes
98180,Yes
98181,Yes
98182,Yes
98183,Yes
98184,Yes
98185,Yes
98186,Yes
98187,No
98188,Yes
98189,No
98190,Yes
98191,No
98192,No
98193,No
98194,Yes
98195,No
98196,Yes
98197,No
98198,No
98199,Yes
98200,No
98201,No
98202,No
98203,No
98204,Yes
98205,Yes
98206,Yes
98207,Yes
98208,Yes
98209,Yes
98210,Yes
98211,Yes
98212,No
98213,Yes
98214,No
98215,Yes
98216,No
98217,Yes
98218,Yes
98219,Yes
98220,Yes
98221,No
98222,Yes
98223,Yes
98224,Yes
98225,Yes
98226,No
98227,No
98228,Yes
98229,Yes
98230,Yes
98231,No
98232,Yes
98233,Yes
98234,Yes
98235,Yes
98236,Yes
98237,Yes
98238,No
98239,Yes
98240,No
98241,Yes
98242,No
98243,No
98244,Yes
98245,No
98246,Yes
98247,Yes
98248,Yes
98249,No
98250,No
98251,Yes
98252,No
98253,Yes
98254,Yes
98255,Yes
98256,Yes
98257,Yes
98258,Yes
98259,No
98260,No
98261,Yes
98262,Yes
98263,No
98264,Yes
98265,No
98266,Yes
98267,Yes
98268,Yes
98269,Yes
98270,Yes
98271,No
98272,Yes
98273,No
98274,Yes
98275,Yes
98276,Yes
98277,No
98278,Yes
98279,Yes
98280,Yes
98281,No
98282,Yes
98283,Yes
98284,No
98285,No
98286,No
98287,No
98288,No
98289,Yes
98290,Yes
98291,No
98292,Yes
98293,No
98294,Yes
98295,No
98296,Yes
98297,No
98298,Yes
98299,No
98300,Yes
98301,No
98302,Yes
98303,No
98304,Yes
98305,Yes
98306,Yes
98307,Yes
98308,Yes
98309,Yes
98310,Yes
98311,No
98312,Yes
98313,No
98314,Yes
98315,Yes
98316,No
98317,No
98318,Yes
98319,No
98320,Yes
98321,Yes
98322,No
98323,Yes
98324,No
98325,Yes
98326,Yes
98327,No
98328,No
98329,No
98330,Yes
98331,Yes
98332,Yes
98333,No
98334,Yes
98335,No
98336,Yes
98337,Yes
98338,Yes
98339,No
98340,Yes
98341,Yes
98342,Yes
98343,Yes
98344,Yes
98345,No
98346,No
98347,No
98348,No
98349,No
98350,Yes
98351,Yes
98352,No
98353,Yes
98354,No
98355,No
98356,No
98357,Yes
98358,Yes
98359,Yes
98360,No
98361,No
98362,Yes
98363,No
98364,No
98365,Yes
98366,Yes
98367,Yes
98368,Yes
98369,Yes
98370,Yes
98371,Yes
98372,No
98373,Yes
98374,Yes
98375,Yes
98376,Yes
98377,Yes
98378,Yes
98379,Yes
98380,Yes
98381,No
98382,No
98383,Yes
98384,Yes
98385,Yes
98386,Yes
98387,Yes
98388,Yes
98389,No
98390,Yes
98391,Yes
98392,Yes
98393,Yes
98394,No
98395,Yes
98396,No
98397,No
98398,Yes
98399,Yes
98400,Yes
98401,Yes
98402,No
98403,Yes
98404,Yes
98405,Yes
98406,No
98407,Yes
98408,Yes
98409,Yes
98410,Yes
98411,No
98412,Yes
98413,Yes
98414,No
98415,Yes
98416,No
98417,Yes
98418,Yes
98419,Yes
98420,Yes
98421,Yes
98422,No
98423,Yes
98424,No
98425,No
98426,No
98427,No
98428,No
98429,Yes
98430,Yes
98431,Yes
98432,Yes
98433,Yes
98434,Yes
98435,No
98436,Yes
98437,Yes
98438,No
98439,Yes
98440,No
98441,No
98442,Yes
98443,Yes
98444,Yes
98445,Yes
98446,Yes
98447,No
98448,Yes
98449,Yes
98450,No
98451,Yes
98452,No
98453,Yes
98454,Yes
98455,Yes
98456,Yes
98457,Yes
98458,Yes
98459,No
98460,No
98461,Yes
98462,Yes
98463,No
98464,No
98465,Yes
98466,No
98467,Yes
98468,Yes
98469,No
98470,Yes
98471,No
98472,Yes
98473,Yes
98474,No
98475,Yes
98476,Yes
98477,No
98478,No
98479,No
98480,No
98481,Yes
98482,Yes
98483,Yes
98484,Yes
98485,No
98486,Yes
98487,No
98488,Yes
98489,Yes
98490,Yes
98491,No
98492,No
98493,Yes
98494,Yes
98495,No
98496,No
98497,Yes
98498,Yes
98499,No
98500,Yes
98501,Yes
98502,No
98503,No
98504,Yes
98505,No
98506,Yes
98507,Yes
98508,No
98509,Yes
98510,Yes
98511,No
98512,No
98513,Yes
98514,Yes
98515,Yes
98516,No
98517,Yes
98518,No
98519,Yes
98520,Yes
98521,Yes
98522,Yes
98523,No
98524,Yes
98525,Yes
98526,No
98527,Yes
98528,Yes
98529,No
98530,Yes
98531,No
98532,No
98533,Yes
98534,Yes
98535,Yes
98536,No
98537,No
98538,Yes
98539,Yes
98540,Yes
98541,No
98542,No
98543,Yes
98544,Yes
98545,Yes
98546,Yes
98547,No
98548,No
98549,No
98550,No
98551,Yes
98552,Yes
98553,Yes
98554,Yes
98555,No
98556,No
98557,Yes
98558,No
98559,Yes
98560,No
98561,Yes
98562,Yes
98563,Yes
98564,Yes
98565,Yes
98566,No
98567,Yes
98568,No
98569,No
98570,No
98571,No
98572,Yes
98573,Yes
98574,Yes
98575,Yes
98576,Yes
98577,Yes
98578,No
98579,Yes
98580,Yes
98581,Yes
98582,Yes
98583,Yes
98584,Yes
98585,Yes
98586,No
98587,Yes
98588,No
98589,No
98590,Yes
98591,No
98592,No
98593,No
98594,Yes
98595,No
98596,Yes
98597,Yes
98598,Yes
98599,No
98600,Yes
98601,No
98602,No
98603,No
98604,Yes
98605,Yes
98606,Yes
98607,Yes
98608,Yes
98609,Yes
98610,Yes
98611,Yes
98612,Yes
98613,Yes
98614,No
98615,Yes
98616,No
98617,No
98618,Yes
98619,No
98620,Yes
98621,Yes
98622,Yes
98623,No
98624,Yes
98625,No
98626,Yes
98627,Yes
98628,Yes
98629,Yes
98630,Yes
98631,No
98632,Yes
98633,No
98634,No
98635,Yes
98636,Yes
98637,No
98638,Yes
98639,No
98640,No
98641,No
98642,No
98643,No
98644,Yes
98645,No
98646,Yes
98647,No
98648,Yes
98649,Yes
98650,Yes
98651,No
98652,Yes
98653,Yes
98654,Yes
98655,Yes
98656,Yes
98657,No
98658,No
98659,No
98660,Yes
98661,Yes
98662,Yes
98663,Yes
98664,Yes
98665,Yes
98666,Yes
98667,Yes
98668,No
98669,Yes
98670,Yes
98671,No
98672,Yes
98673,Yes
98674,No
98675,Yes
98676,No
98677,Yes
98678,Yes
98679,Yes
98680,No
98681,Yes
98682,Yes
98683,No
98684,No
98685,Yes
98686,Yes
98687,No
98688,Yes
98689,Yes
98690,Yes
98691,Yes
98692,Yes
98693,Yes
98694,Yes
98695,No
98696,No
98697,Yes
98698,Yes
98699,No
98700,Yes
98701,No
98702,Yes
98703,Yes
98704,Yes
98705,No
98706,No
98707,No
98708,Yes
98709,Yes
98710,No
98711,Yes
98712,No
98713,Yes
98714,Yes
98715,Yes
98716,No
98717,No
98718,Yes
98719,Yes
98720,Yes
98721,No
98722,Yes
98723,Yes
98724,No
98725,Yes
98726,Yes
98727,Yes
98728,Yes
98729,Yes
98730,No
98731,Yes
98732,No
98733,No
98734,No
98735,No
98736,Yes
98737,Yes
98738,Yes
98739,Yes
98740,Yes
98741,Yes
98742,Yes
98743,Yes
98744,Yes
98745,Yes
98746,Yes
98747,Yes
98748,Yes
98749,Yes
98750,Yes
98751,Yes
98752,No
98753,No
98754,No
98755,Yes
98756,No
98757,Yes
98758,Yes
98759,Yes
98760,No
98761,Yes
98762,Yes
98763,Yes
98764,Yes
98765,No
98766,Yes
98767,Yes
98768,Yes
98769,Yes
98770,Yes
98771,Yes
98772,Yes
98773,No
98774,No
98775,Yes
98776,No
98777,Yes
98778,No
98779,Yes
98780,No
98781,Yes
98782,No
98783,Yes
98784,No
98785,Yes
98786,Yes
98787,Yes
98788,Yes
98789,Yes
98790,Yes
98791,Yes
98792,Yes
98793,Yes
98794,No
98795,Yes
98796,Yes
98797,No
98798,Yes
98799,No
98800,No
98801,Yes
98802,Yes
98803,Yes
98804,Yes
98805,No
98806,Yes
98807,Yes
98808,Yes
98809,No
98810,Yes
98811,No
98812,Yes
98813,Yes
98814,Yes
98815,Yes
98816,Yes
98817,No
98818,No
98819,Yes
98820,Yes
98821,Yes
98822,Yes
98823,Yes
98824,Yes
98825,No
98826,No
98827,Yes
98828,Yes
98829,Yes
98830,Yes
98831,Yes
98832,Yes
98833,Yes
98834,Yes
98835,Yes
98836,Yes
98837,Yes
98838,Yes
98839,Yes
98840,No
98841,Yes
98842,Yes
98843,Yes
98844,No
98845,Yes
98846,Yes
98847,Yes
98848,Yes
98849,Yes
98850,No
98851,Yes
98852,Yes
98853,Yes
98854,Yes
98855,Yes
98856,Yes
98857,No
98858,No
98859,Yes
98860,Yes
98861,No
98862,Yes
98863,No
98864,No
98865,No
98866,No
98867,Yes
98868,Yes
98869,No
98870,No
98871,Yes
98872,Yes
98873,Yes
98874,No
98875,Yes
98876,Yes
98877,Yes
98878,Yes
98879,Yes
98880,Yes
98881,Yes
98882,Yes
98883,No
98884,Yes
98885,No
98886,No
98887,No
98888,Yes
98889,Yes
98890,Yes
98891,Yes
98892,No
98893,Yes
98894,No
98895,No
98896,Yes
98897,Yes
98898,Yes
98899,Yes
98900,Yes
98901,Yes
98902,Yes
98903,Yes
98904,Yes
98905,No
98906,Yes
98907,Yes
98908,Yes
98909,No
98910,Yes
98911,Yes
98912,No
98913,Yes
98914,Yes
98915,Yes
98916,Yes
98917,Yes
98918,Yes
98919,Yes
98920,Yes
98921,Yes
98922,Yes
98923,Yes
98924,Yes
98925,No
98926,No
98927,Yes
98928,Yes
98929,Yes
98930,Yes
98931,Yes
98932,Yes
98933,Yes
98934,Yes
98935,No
98936,Yes
98937,Yes
98938,No
98939,No
98940,Yes
98941,No
98942,Yes
98943,Yes
98944,Yes
98945,Yes
98946,Yes
98947,Yes
98948,Yes
98949,No
98950,Yes
98951,No
98952,Yes
98953,Yes
98954,No
98955,No
98956,Yes
98957,No
98958,No
98959,Yes
98960,Yes
98961,Yes
98962,Yes
98963,Yes
98964,Yes
98965,Yes
98966,Yes
98967,Yes
98968,Yes
98969,Yes
98970,Yes
98971,Yes
98972,Yes
98973,Yes
98974,Yes
98975,Yes
98976,Yes
98977,No
98978,Yes
98979,Yes
98980,Yes
98981,Yes
98982,No
98983,No
98984,No
98985,Yes
98986,Yes
98987,No
98988,No
98989,No
98990,Yes
98991,Yes
98992,No
98993,No
98994,Yes
98995,No
98996,Yes
98997,Yes
98998,Yes
98999,Yes
99000,Yes
99001,Yes
99002,Yes
99003,Yes
99004,No
99005,No
99006,Yes
99007,Yes
99008,Yes
99009,Yes
99010,Yes
99011,Yes
99012,Yes
99013,Yes
99014,No
99015,Yes
99016,No
99017,No
99018,Yes
99019,Yes
99020,Yes
99021,Yes
99022,No
99023,Yes
99024,Yes
99025,No
99026,Yes
99027,Yes
99028,Yes
99029,Yes
99030,No
99031,Yes
99032,Yes
99033,Yes
99034,Yes
99035,Yes
99036,Yes
99037,Yes
99038,No
99039,Yes
99040,Yes
99041,Yes
99042,No
99043,No
99044,Yes
99045,Yes
99046,No
99047,No
99048,Yes
99049,No
99050,Yes
99051,No
99052,Yes
99053,No
99054,No
99055,Yes
99056,Yes
99057,Yes
99058,Yes
99059,Yes
99060,Yes
99061,Yes
99062,No
99063,Yes
99064,Yes
99065,No
99066,Yes
99067,No
99068,Yes
99069,Yes
99070,No
99071,Yes
99072,Yes
99073,No
99074,Yes
99075,No
99076,Yes
99077,Yes
99078,Yes
99079,Yes
99080,Yes
99081,Yes
99082,Yes
99083,Yes
99084,No
99085,Yes
99086,No
99087,Yes
99088,No
99089,Yes
99090,Yes
99091,Yes
99092,Yes
99093,Yes
99094,Yes
99095,Yes
99096,No
99097,Yes
99098,No
99099,Yes
99100,No
99101,Yes
99102,No
99103,Yes
99104,Yes
99105,Yes
99106,Yes
99107,Yes
99108,Yes
99109,No
99110,Yes
99111,Yes
99112,Yes
99113,Yes
99114,No
99115,Yes
99116,Yes
99117,No
99118,No
99119,No
99120,Yes
99121,No
99122,Yes
99123,Yes
99124,Yes
99125,Yes
99126,Yes
99127,No
99128,Yes
99129,No
99130,Yes
99131,Yes
99132,No
99133,No
99134,No
99135,Yes
99136,Yes
99137,No
99138,Yes
99139,No
99140,Yes
99141,No
99142,No
99143,Yes
99144,Yes
99145,Yes
99146,Yes
99147,No
99148,Yes
99149,Yes
99150,No
99151,No
99152,Yes
99153,Yes
99154,Yes
99155,Yes
99156,Yes
99157,Yes
99158,Yes
99159,Yes
99160,Yes
99161,Yes
99162,Yes
99163,Yes
99164,No
99165,Yes
99166,Yes
99167,Yes
99168,Yes
99169,No
99170,No
99171,No
99172,No
99173,Yes
99174,No
99175,No
99176,Yes
99177,Yes
99178,Yes
99179,Yes
99180,Yes
99181,Yes
99182,Yes
99183,No
99184,Yes
99185,No
99186,Yes
99187,Yes
99188,Yes
99189,Yes
99190,Yes
99191,No
99192,No
99193,Yes
99194,Yes
99195,No
99196,Yes
99197,Yes
99198,No
99199,No
99200,Yes
99201,Yes
99202,Yes
99203,Yes
99204,Yes
99205,No
99206,Yes
99207,No
99208,Yes
99209,Yes
99210,Yes
99211,Yes
99212,Yes
99213,Yes
99214,Yes
99215,No
99216,No
99217,Yes
99218,No
99219,Yes
99220,Yes
99221,Yes
99222,Yes
99223,Yes
99224,No
99225,Yes
99226,No
99227,No
99228,Yes
99229,Yes
99230,No
99231,No
99232,Yes
99233,No
99234,Yes
99235,No
99236,Yes
99237,Yes
99238,Yes
99239,No
99240,Yes
99241,Yes
99242,Yes
99243,Yes
99244,Yes
99245,No
99246,Yes
99247,Yes
99248,Yes
99249,No
99250,Yes
99251,Yes
99252,Yes
99253,Yes
99254,Yes
99255,Yes
99256,Yes
99257,Yes
99258,No
99259,Yes
99260,No
99261,Yes
99262,Yes
99263,Yes
99264,No
99265,Yes
99266,Yes
99267,Yes
99268,Yes
99269,No
99270,Yes
99271,Yes
99272,Yes
99273,No
99274,Yes
99275,Yes
99276,Yes
99277,Yes
99278,No
99279,Yes
99280,Yes
99281,No
99282,No
99283,Yes
99284,Yes
99285,Yes
99286,Yes
99287,No
99288,Yes
99289,Yes
99290,No
99291,Yes
99292,No
99293,Yes
99294,Yes
99295,Yes
99296,No
99297,Yes
99298,Yes
99299,No
99300,No
99301,Yes
99302,Yes
99303,Yes
99304,No
99305,Yes
99306,Yes
99307,No
99308,No
99309,No
99310,Yes
99311,No
99312,Yes
99313,Yes
99314,Yes
99315,No
99316,No
99317,Yes
99318,Yes
99319,Yes
99320,Yes
99321,No
99322,Yes
99323,Yes
99324,Yes
99325,Yes
99326,Yes
99327,Yes
99328,Yes
99329,Yes
99330,No
99331,No
99332,Yes
99333,Yes
99334,Yes
99335,Yes
99336,Yes
99337,No
99338,Yes
99339,Yes
99340,Yes
99341,Yes
99342,Yes
99343,Yes
99344,Yes
99345,Yes
99346,Yes
99347,Yes
99348,Yes
99349,Yes
99350,Yes
99351,Yes
99352,No
99353,No
99354,Yes
99355,Yes
99356,Yes
99357,No
99358,Yes
99359,Yes
99360,No
99361,Yes
99362,Yes
99363,Yes
99364,No
99365,Yes
99366,Yes
99367,Yes
99368,Yes
99369,Yes
99370,Yes
99371,No
99372,Yes
99373,No
99374,Yes
99375,Yes
99376,No
99377,Yes
99378,Yes
99379,No
99380,Yes
99381,Yes
99382,Yes
99383,No
99384,Yes
99385,Yes
99386,Yes
99387,Yes
99388,No
99389,Yes
99390,No
99391,No
99392,Yes
99393,Yes
99394,Yes
99395,No
99396,Yes
99397,No
99398,Yes
99399,Yes
99400,Yes
99401,Yes
99402,Yes
99403,Yes
99404,Yes
99405,No
99406,Yes
99407,Yes
99408,No
99409,No
99410,Yes
99411,No
99412,Yes
99413,Yes
99414,Yes
99415,Yes
99416,No
99417,Yes
99418,Yes
99419,Yes
99420,Yes
99421,Yes
99422,Yes
99423,No
99424,Yes
99425,Yes
99426,Yes
99427,Yes
99428,Yes
99429,No
99430,No
99431,Yes
99432,Yes
99433,Yes
99434,Yes
99435,Yes
99436,No
99437,Yes
99438,Yes
99439,Yes
99440,Yes
99441,No
99442,Yes
99443,No
99444,Yes
99445,Yes
99446,Yes
99447,Yes
99448,No
99449,Yes
99450,Yes
99451,Yes
99452,Yes
99453,Yes
99454,Yes
99455,Yes
99456,No
99457,Yes
99458,Yes
99459,Yes
99460,Yes
99461,No
99462,No
99463,No
99464,No
99465,Yes
99466,Yes
99467,Yes
99468,No
99469,Yes
99470,Yes
99471,No
99472,No
99473,Yes
99474,Yes
99475,Yes
99476,Yes
99477,No
99478,Yes
99479,Yes
99480,No
99481,No
99482,Yes
99483,No
99484,No
99485,Yes
99486,Yes
99487,Yes
99488,No
99489,Yes
99490,Yes
99491,No
99492,No
99493,Yes
99494,Yes
99495,No
99496,Yes
99497,Yes
99498,No
99499,No
99500,No
99501,Yes
99502,No
99503,Yes
99504,Yes
99505,Yes
99506,Yes
99507,Yes
99508,No
99509,Yes
99510,Yes
99511,Yes
99512,No
99513,Yes
99514,Yes
99515,No
99516,Yes
99517,Yes
99518,Yes
99519,Yes
99520,Yes
99521,No
99522,No
99523,Yes
99524,No
99525,Yes
99526,No
99527,Yes
99528,Yes
99529,Yes
99530,Yes
99531,Yes
99532,No
99533,Yes
99534,Yes
99535,Yes
99536,Yes
99537,Yes
99538,Yes
99539,Yes
99540,Yes
99541,Yes
99542,Yes
99543,No
99544,Yes
99545,Yes
99546,No
99547,Yes
99548,No
99549,Yes
99550,No
99551,Yes
99552,No
99553,No
99554,No
99555,Yes
99556,No
99557,Yes
99558,No
99559,No
99560,No
99561,Yes
99562,Yes
99563,No
99564,Yes
99565,Yes
99566,Yes
99567,No
99568,No
99569,No
99570,No
99571,No
99572,No
99573,No
99574,Yes
99575,Yes
99576,No
99577,Yes
99578,No
99579,Yes
99580,Yes
99581,Yes
99582,No
99583,No
99584,No
99585,Yes
99586,Yes
99587,No
99588,Yes
99589,Yes
99590,No
99591,No
99592,No
99593,Yes
99594,Yes
99595,No
99596,Yes
99597,Yes
99598,Yes
99599,No
99600,Yes
99601,Yes
99602,Yes
99603,No
99604,No
99605,No
99606,Yes
99607,Yes
99608,No
99609,No
99610,No
99611,Yes
99612,Yes
99613,Yes
99614,Yes
99615,Yes
99616,No
99617,Yes
99618,No
99619,Yes
99620,Yes
99621,Yes
99622,Yes
99623,Yes
99624,No
99625,Yes
99626,Yes
99627,Yes
99628,Yes
99629,Yes
99630,Yes
99631,No
99632,Yes
99633,Yes
99634,Yes
99635,Yes
99636,Yes
99637,Yes
99638,Yes
99639,Yes
99640,Yes
99641,No
99642,Yes
99643,Yes
99644,Yes
99645,Yes
99646,No
99647,No
99648,Yes
99649,Yes
99650,Yes
99651,No
99652,Yes
99653,No
99654,Yes
99655,Yes
99656,Yes
99657,No
99658,No
99659,No
99660,No
99661,Yes
99662,Yes
99663,No
99664,Yes
99665,Yes
99666,Yes
99667,Yes
99668,Yes
99669,No
99670,No
99671,No
99672,Yes
99673,Yes
99674,Yes
99675,Yes
99676,Yes
99677,No
99678,Yes
99679,Yes
99680,Yes
99681,Yes
99682,Yes
99683,Yes
99684,Yes
99685,Yes
99686,No
99687,Yes
99688,Yes
99689,Yes
99690,No
99691,Yes
99692,Yes
99693,No
99694,No
99695,Yes
99696,Yes
99697,Yes
99698,Yes
99699,Yes
99700,No
99701,Yes
99702,Yes
99703,No
99704,Yes
99705,Yes
99706,Yes
99707,Yes
99708,Yes
99709,Yes
99710,No
99711,No
99712,Yes
99713,No
99714,Yes
99715,Yes
99716,No
99717,Yes
99718,No
99719,Yes
99720,Yes
99721,No
99722,Yes
99723,Yes
99724,Yes
99725,No
99726,Yes
99727,No
99728,No
99729,No
99730,Yes
99731,Yes
99732,Yes
99733,Yes
99734,No
99735,No
99736,Yes
99737,No
99738,No
99739,No
99740,Yes
99741,No
99742,Yes
99743,Yes
99744,Yes
99745,No
99746,Yes
99747,Yes
99748,Yes
99749,Yes
99750,No
99751,No
99752,No
99753,No
99754,Yes
99755,Yes
99756,Yes
99757,No
99758,Yes
99759,Yes
99760,Yes
99761,No
99762,Yes
99763,No
99764,Yes
99765,No
99766,Yes
99767,Yes
99768,No
99769,Yes
99770,Yes
99771,Yes
99772,No
99773,Yes
99774,Yes
99775,Yes
99776,Yes
99777,Yes
99778,No
99779,Yes
99780,Yes
99781,Yes
99782,Yes
99783,No
99784,Yes
99785,Yes
99786,No
99787,Yes
99788,No
99789,Yes
99790,Yes
99791,Yes
99792,Yes
99793,Yes
99794,No
99795,No
99796,Yes
99797,Yes
99798,Yes
99799,Yes
99800,Yes
99801,Yes
99802,Yes
99803,Yes
99804,Yes
99805,No
99806,Yes
99807,Yes
99808,No
99809,Yes
99810,Yes
99811,Yes
99812,Yes
99813,Yes
99814,Yes
99815,No
99816,Yes
99817,No
99818,Yes
99819,No
99820,Yes
99821,No
99822,Yes
99823,No
99824,No
99825,Yes
99826,No
99827,Yes
99828,Yes
99829,No
99830,No
99831,Yes
99832,Yes
99833,No
99834,No
99835,Yes
99836,No
99837,Yes
99838,Yes
99839,Yes
99840,No
99841,No
99842,No
99843,No
99844,No
99845,Yes
99846,No
99847,Yes
99848,Yes
99849,Yes
99850,Yes
99851,Yes
99852,No
99853,Yes
99854,Yes
99855,No
99856,Yes
99857,Yes
99858,Yes
99859,Yes
99860,No
99861,Yes
99862,Yes
99863,Yes
99864,Yes
99865,Yes
99866,No
99867,Yes
99868,Yes
99869,Yes
99870,No
99871,No
99872,Yes
99873,Yes
99874,No
99875,No
99876,Yes
99877,Yes
99878,Yes
99879,Yes
99880,Yes
99881,Yes
99882,Yes
99883,Yes
99884,No
99885,Yes
99886,Yes
99887,No
99888,Yes
99889,Yes
99890,Yes
99891,No
99892,Yes
99893,No
99894,Yes
99895,Yes
99896,Yes
99897,No
99898,Yes
99899,No
99900,Yes
99901,Yes
99902,No
99903,No
99904,Yes
99905,Yes
99906,Yes
99907,No
99908,Yes
99909,Yes
99910,No
99911,No
99912,Yes
99913,Yes
99914,No
99915,No
99916,Yes
99917,Yes
99918,Yes
99919,Yes
99920,Yes
99921,No
99922,Yes
99923,No
99924,Yes
99925,Yes
99926,Yes
99927,Yes
99928,Yes
99929,Yes
99930,Yes
99931,Yes
99932,No
99933,No
99934,No
99935,No
99936,Yes
99937,No
99938,Yes
99939,Yes
99940,No
99941,Yes
99942,Yes
99943,Yes
99944,No
99945,Yes
99946,Yes
99947,Yes
99948,No
99949,Yes
99950,Yes
99951,Yes
99952,No
99953,No
99954,No
99955,No
99956,Yes
99957,Yes
99958,Yes
99959,No
99960,Yes
99961,Yes
99962,Yes
99963,Yes
99964,No
99965,Yes
99966,No
99967,No
99968,Yes
99969,Yes
99970,No
99971,Yes
99972,Yes
99973,Yes
99974,Yes
99975,Yes
99976,Yes
99977,No
99978,Yes
99979,No
99980,Yes
99981,No
99982,No
99983,Yes
99984,Yes
99985,Yes
99986,Yes
99987,Yes
99988,Yes
99989,No
99990,Yes
99991,Yes
99992,No
99993,Yes
99994,Yes
99995,Yes
99996,Yes
99997,Yes
99998,No
99999,Yes
100000,No
100001,Yes
100002,Yes
100003,No
100004,Yes
100005,Yes
100006,No
100007,Yes
100008,Yes
100009,Yes
100010,Yes
100011,No
100012,No
100013,Yes
100014,Yes
100015,Yes
100016,Yes
100017,Yes
100018,Yes
100019,Yes
100020,Yes
100021,No
100022,No
100023,Yes
100024,No
100025,Yes
100026,Yes
100027,No
100028,Yes
100029,No
100030,Yes
100031,No
100032,Yes
100033,No
100034,Yes
100035,Yes
100036,Yes
100037,Yes
100038,Yes
100039,Yes
100040,Yes
100041,No
100042,Yes
100043,Yes
100044,Yes
100045,No
100046,No
100047,Yes
100048,Yes
100049,Yes
100050,Yes
100051,Yes
100052,Yes
100053,Yes
100054,Yes
100055,Yes
100056,Yes
100057,Yes
100058,Yes
100059,No
100060,Yes
100061,Yes
100062,Yes
100063,Yes
100064,Yes
100065,Yes
100066,No
100067,No
100068,No
100069,Yes
100070,Yes
100071,No
100072,Yes
100073,Yes
100074,No
100075,No
100076,Yes
100077,Yes
100078,No
100079,Yes
100080,Yes
100081,Yes
100082,No
100083,Yes
100084,No
100085,Yes
100086,Yes
100087,Yes
100088,No
100089,No
100090,Yes
100091,No
100092,Yes
100093,No
100094,Yes
100095,Yes
100096,Yes
100097,Yes
100098,Yes
100099,No
100100,Yes
100101,Yes
100102,No
100103,Yes
100104,No
100105,Yes
100106,No
100107,Yes
100108,No
100109,Yes
100110,Yes
100111,Yes
100112,Yes
100113,Yes
100114,Yes
100115,Yes
100116,Yes
100117,Yes
100118,Yes
100119,Yes
100120,Yes
100121,Yes
100122,Yes
100123,Yes
100124,Yes
100125,Yes
100126,No
100127,Yes
100128,No
100129,Yes
100130,Yes
100131,Yes
100132,Yes
100133,No
100134,No
100135,No
100136,No
100137,Yes
100138,Yes
100139,Yes
100140,No
100141,Yes
100142,Yes
100143,Yes
100144,Yes
100145,Yes
100146,Yes
100147,No
100148,Yes
100149,Yes
100150,Yes
100151,Yes
100152,Yes
100153,Yes
100154,Yes
100155,No
100156,Yes
100157,Yes
100158,No
100159,Yes
100160,No
100161,No
100162,No
100163,No
100164,Yes
100165,No
100166,No
100167,Yes
100168,Yes
100169,Yes
100170,Yes
100171,Yes
100172,Yes
100173,Yes
100174,No
100175,No
100176,Yes
100177,Yes
100178,Yes
100179,Yes
100180,Yes
100181,No
100182,Yes
100183,Yes
100184,No
100185,Yes
100186,No
100187,Yes
100188,Yes
100189,Yes
100190,Yes
100191,Yes
100192,Yes
100193,Yes
100194,No
100195,No
100196,Yes
100197,Yes
100198,No
100199,Yes
100200,Yes
100201,Yes
100202,Yes
100203,Yes
100204,Yes
100205,Yes
100206,Yes
100207,No
100208,Yes
100209,No
100210,No
100211,Yes
100212,Yes
100213,No
100214,Yes
100215,No
100216,Yes
100217,No
100218,No
100219,Yes
100220,Yes
100221,Yes
100222,No
100223,Yes
100224,Yes
100225,Yes
100226,Yes
100227,Yes
100228,Yes
100229,Yes
100230,Yes
100231,No
100232,Yes
100233,Yes
100234,Yes
100235,Yes
100236,No
100237,No
100238,No
100239,No
100240,Yes
100241,Yes
100242,Yes
100243,No
100244,No
100245,No
100246,No
100247,Yes
100248,Yes
100249,Yes
100250,Yes
100251,Yes
100252,No
100253,Yes
100254,Yes
100255,Yes
100256,Yes
100257,Yes
100258,Yes
100259,No
100260,No
100261,Yes
100262,Yes
100263,Yes
100264,No
100265,Yes
100266,No
100267,Yes
100268,No
100269,Yes
100270,Yes
100271,Yes
100272,Yes
100273,Yes
100274,Yes
100275,Yes
100276,Yes
100277,Yes
100278,Yes
100279,Yes
100280,Yes
100281,Yes
100282,Yes
100283,Yes
100284,Yes
100285,Yes
100286,Yes
100287,No
100288,No
100289,No
100290,Yes
100291,No
100292,No
100293,No
100294,No
100295,Yes
100296,Yes
100297,Yes
100298,Yes
100299,Yes
100300,No
100301,No
100302,No
100303,Yes
100304,Yes
100305,No
100306,No
100307,No
100308,No
100309,No
100310,No
100311,Yes
100312,No
100313,Yes
100314,No
100315,No
100316,Yes
100317,Yes
100318,No
100319,No
100320,Yes
100321,Yes
100322,Yes
100323,No
100324,Yes
100325,No
100326,Yes
100327,Yes
100328,Yes
100329,Yes
100330,No
100331,Yes
100332,Yes
100333,No
100334,Yes
100335,No
100336,No
100337,Yes
100338,Yes
100339,No
100340,Yes
100341,No
100342,Yes
100343,Yes
100344,Yes
100345,No
100346,No
100347,No
100348,No
100349,No
100350,Yes
100351,Yes
100352,Yes
100353,Yes
100354,Yes
100355,Yes
100356,Yes
100357,Yes
100358,No
100359,Yes
100360,Yes
100361,No
100362,Yes
100363,No
100364,No
100365,Yes
100366,Yes
100367,No
100368,No
100369,Yes
100370,Yes
100371,Yes
100372,Yes
100373,No
100374,Yes
100375,Yes
100376,Yes
100377,No
100378,Yes
100379,No
100380,Yes
100381,Yes
100382,Yes
100383,Yes
100384,Yes
100385,Yes
100386,No
100387,No
100388,No
100389,Yes
100390,Yes
100391,No
100392,No
100393,Yes
100394,Yes
100395,Yes
100396,Yes
100397,Yes
100398,No
100399,Yes
100400,No
100401,Yes
100402,Yes
100403,No
100404,Yes
100405,Yes
100406,Yes
100407,Yes
100408,No
100409,Yes
100410,No
100411,Yes
100412,Yes
100413,Yes
100414,No
100415,No
100416,Yes
100417,Yes
100418,Yes
100419,No
100420,No
100421,Yes
100422,No
100423,No
100424,No
100425,Yes
100426,No
100427,Yes
100428,Yes
100429,Yes
100430,No
100431,No
100432,Yes
100433,No
100434,Yes
100435,No
100436,Yes
100437,Yes
100438,Yes
100439,Yes
100440,Yes
100441,No
100442,Yes
100443,Yes
100444,Yes
100445,Yes
100446,No
100447,Yes
100448,No
100449,Yes
100450,Yes
100451,No
100452,Yes
100453,Yes
100454,No
100455,Yes
100456,No
100457,Yes
100458,No
100459,Yes
100460,Yes
100461,Yes
100462,Yes
100463,Yes
100464,Yes
100465,Yes
100466,Yes
100467,No
100468,No
100469,No
100470,Yes
100471,Yes
100472,Yes
100473,No
100474,No
100475,Yes
100476,Yes
100477,Yes
100478,No
100479,No
100480,Yes
100481,Yes
100482,Yes
100483,Yes
100484,Yes
100485,Yes
100486,Yes
100487,Yes
100488,No
100489,Yes
100490,No
100491,Yes
100492,Yes
100493,No
100494,No
100495,No
100496,Yes
100497,Yes
100498,Yes
100499,Yes
100500,No
100501,Yes
100502,No
100503,Yes
100504,No
100505,Yes
100506,Yes
100507,Yes
100508,No
100509,Yes
100510,No
100511,Yes
100512,Yes
100513,Yes
100514,Yes
100515,Yes
100516,No
100517,Yes
100518,Yes
100519,No
100520,Yes
100521,No
100522,Yes
100523,No
100524,No
100525,Yes
100526,Yes
100527,Yes
100528,Yes
100529,Yes
100530,Yes
100531,Yes
100532,Yes
100533,No
100534,Yes
100535,Yes
100536,Yes
100537,Yes
100538,Yes
100539,No
100540,No
100541,No
100542,No
100543,Yes
100544,Yes
100545,Yes
100546,Yes
100547,Yes
100548,Yes
100549,No
100550,Yes
100551,Yes
100552,No
100553,Yes
100554,No
100555,No
100556,No
100557,No
100558,Yes
100559,No
100560,No
100561,No
100562,Yes
100563,No
100564,No
100565,Yes
100566,Yes
100567,Yes
100568,Yes
100569,No
100570,Yes
100571,No
100572,Yes
100573,Yes
100574,No
100575,Yes
100576,Yes
100577,Yes
100578,Yes
100579,Yes
100580,No
100581,Yes
100582,Yes
100583,Yes
100584,Yes
100585,Yes
100586,Yes
100587,No
100588,Yes
100589,Yes
100590,No
100591,No
100592,Yes
100593,No
100594,No
100595,Yes
100596,No
100597,Yes
100598,Yes
100599,Yes
100600,Yes
100601,Yes
100602,Yes
100603,No
100604,Yes
100605,No
100606,No
100607,Yes
100608,No
100609,Yes
100610,No
100611,Yes
100612,Yes
100613,Yes
100614,Yes
100615,Yes
100616,No
100617,No
100618,Yes
100619,Yes
100620,No
100621,Yes
100622,Yes
100623,No
100624,Yes
100625,Yes
100626,No
100627,No
100628,Yes
100629,No
100630,No
100631,Yes
100632,Yes
100633,No
100634,Yes
100635,Yes
100636,Yes
100637,Yes
100638,Yes
100639,Yes
100640,Yes
100641,No
100642,Yes
100643,No
100644,No
100645,Yes
100646,Yes
100647,Yes
100648,Yes
100649,Yes
100650,No
100651,No
100652,Yes
100653,Yes
100654,No
100655,No
100656,Yes
100657,Yes
100658,No
100659,No
100660,Yes
100661,No
100662,Yes
100663,Yes
100664,Yes
100665,Yes
100666,Yes
100667,No
100668,No
100669,No
100670,Yes
100671,Yes
100672,Yes
100673,No
100674,Yes
100675,No
100676,Yes
100677,Yes
100678,Yes
100679,Yes
100680,No
100681,Yes
100682,Yes
100683,No
100684,No
100685,Yes
100686,Yes
100687,Yes
100688,Yes
100689,No
100690,Yes
100691,No
100692,No
100693,Yes
100694,Yes
100695,No
100696,Yes
100697,No
100698,No
100699,Yes
100700,Yes
100701,Yes
100702,Yes
100703,Yes
100704,Yes
100705,Yes
100706,Yes
100707,Yes
100708,No
100709,Yes
100710,Yes
100711,Yes
100712,Yes
100713,Yes
100714,No
100715,Yes
100716,No
100717,No
100718,No
100719,Yes
100720,No
100721,No
100722,No
100723,Yes
100724,Yes
100725,Yes
100726,No
100727,Yes
100728,No
100729,Yes
100730,Yes
100731,Yes
100732,No
100733,Yes
100734,Yes
100735,Yes
100736,Yes
100737,Yes
100738,Yes
100739,Yes
100740,Yes
100741,Yes
100742,No
100743,Yes
100744,No
100745,Yes
100746,Yes
100747,Yes
100748,Yes
100749,Yes
100750,No
100751,Yes
100752,No
100753,Yes
100754,Yes
100755,Yes
100756,No
100757,Yes
100758,No
100759,Yes
100760,No
100761,Yes
100762,Yes
100763,Yes
100764,Yes
100765,Yes
100766,No
100767,Yes
100768,No
100769,No
100770,No
100771,Yes
100772,No
100773,No
100774,Yes
100775,Yes
100776,Yes
100777,No
100778,Yes
100779,Yes
100780,No
100781,Yes
100782,Yes
100783,No
100784,Yes
100785,Yes
100786,Yes
100787,No
100788,Yes
100789,Yes
100790,No
100791,Yes
100792,Yes
100793,No
100794,No
100795,Yes
100796,No
100797,No
100798,No
100799,No
100800,No
100801,Yes
100802,Yes
100803,Yes
100804,No
100805,Yes
100806,Yes
100807,No
100808,Yes
100809,Yes
100810,No
100811,Yes
100812,No
100813,Yes
100814,Yes
100815,Yes
100816,No
100817,Yes
100818,Yes
100819,Yes
100820,No
100821,No
100822,Yes
100823,No
100824,No
100825,Yes
100826,Yes
100827,No
100828,No
100829,Yes
100830,Yes
100831,No
100832,No
100833,Yes
100834,Yes
100835,No
100836,No
100837,Yes
100838,No
100839,Yes
100840,Yes
100841,Yes
100842,Yes
100843,Yes
100844,No
100845,No
100846,Yes
100847,Yes
100848,Yes
100849,Yes
100850,Yes
100851,No
100852,Yes
100853,Yes
100854,Yes
100855,Yes
100856,Yes
100857,No
100858,No
100859,No
100860,No
100861,Yes
100862,No
100863,Yes
100864,Yes
100865,Yes
100866,No
100867,Yes
100868,Yes
100869,No
100870,No
100871,No
100872,No
100873,Yes
100874,Yes
100875,Yes
100876,Yes
100877,Yes
100878,Yes
100879,Yes
100880,Yes
100881,Yes
100882,Yes
100883,Yes
100884,Yes
100885,Yes
100886,No
100887,No
100888,Yes
100889,No
100890,Yes
100891,Yes
100892,No
100893,Yes
100894,Yes
100895,Yes
100896,No
100897,Yes
100898,Yes
100899,Yes
100900,Yes
100901,Yes
100902,Yes
100903,No
100904,Yes
100905,No
100906,Yes
100907,Yes
100908,Yes
100909,No
100910,Yes
100911,No
100912,Yes
100913,Yes
100914,Yes
100915,Yes
100916,No
100917,Yes
100918,No
100919,No
100920,Yes
100921,No
100922,Yes
100923,No
100924,No
100925,Yes
100926,Yes
100927,No
100928,Yes
100929,Yes
100930,Yes
100931,Yes
100932,No
100933,Yes
100934,No
100935,Yes
100936,Yes
100937,No
100938,Yes
100939,No
100940,Yes
100941,Yes
100942,Yes
100943,Yes
100944,Yes
100945,Yes
100946,Yes
100947,Yes
100948,Yes
100949,Yes
100950,No
100951,Yes
100952,No
100953,No
100954,Yes
100955,No
100956,Yes
100957,Yes
100958,No
100959,Yes
100960,Yes
100961,Yes
100962,No
100963,Yes
100964,Yes
100965,Yes
100966,Yes
100967,No
100968,Yes
100969,Yes
100970,Yes
100971,Yes
100972,No
100973,No
100974,Yes
100975,Yes
100976,Yes
100977,Yes
100978,No
100979,Yes
100980,Yes
100981,Yes
100982,Yes
100983,Yes
100984,Yes
100985,Yes
100986,Yes
100987,Yes
100988,Yes
100989,No
100990,No
100991,Yes
100992,Yes
100993,Yes
100994,No
100995,Yes
100996,Yes
100997,No
100998,Yes
100999,Yes
101000,Yes
101001,Yes
101002,No
101003,No
101004,No
101005,Yes
101006,No
101007,Yes
101008,No
101009,No
101010,Yes
101011,No
101012,Yes
101013,Yes
101014,No
101015,Yes
101016,Yes
101017,Yes
101018,No
101019,Yes
101020,No
101021,Yes
101022,Yes
101023,Yes
101024,No
101025,Yes
101026,No
101027,Yes
101028,Yes
101029,Yes
101030,Yes
101031,Yes
101032,Yes
101033,No
101034,Yes
101035,No
101036,Yes
101037,Yes
101038,No
101039,Yes
101040,No
101041,No
101042,Yes
101043,No
101044,Yes
101045,Yes
101046,No
101047,No
101048,Yes
101049,No
101050,Yes
101051,No
101052,No
101053,Yes
101054,Yes
101055,Yes
101056,Yes
101057,No
101058,No
101059,Yes
101060,Yes
101061,No
101062,Yes
101063,Yes
101064,Yes
101065,Yes
101066,No
101067,Yes
101068,Yes
101069,Yes
101070,Yes
101071,No
101072,Yes
101073,No
101074,Yes
101075,Yes
101076,Yes
101077,Yes
101078,Yes
101079,Yes
101080,Yes
101081,Yes
101082,Yes
101083,Yes
101084,No
101085,Yes
101086,Yes
101087,No
101088,Yes
101089,Yes
101090,Yes
101091,No
101092,No
101093,Yes
101094,Yes
101095,Yes
101096,No
101097,Yes
101098,Yes
101099,No
101100,Yes
101101,No
101102,Yes
101103,Yes
101104,Yes
101105,Yes
101106,Yes
101107,Yes
101108,Yes
101109,No
101110,No
101111,Yes
101112,Yes
101113,Yes
101114,Yes
101115,No
101116,Yes
101117,Yes
101118,Yes
101119,Yes
101120,No
101121,Yes
101122,Yes
101123,Yes
101124,Yes
101125,Yes
101126,Yes
101127,Yes
101128,Yes
101129,Yes
101130,Yes
101131,Yes
101132,Yes
101133,Yes
101134,Yes
101135,No
101136,Yes
101137,Yes
101138,Yes
101139,Yes
101140,No
101141,Yes
101142,Yes
101143,Yes
101144,No
101145,No
101146,Yes
101147,Yes
101148,Yes
101149,Yes
101150,Yes
101151,Yes
101152,Yes
101153,Yes
101154,Yes
101155,No
101156,Yes
101157,Yes
101158,No
101159,Yes
101160,No
101161,No
101162,No
101163,Yes
101164,Yes
101165,No
101166,Yes
101167,Yes
101168,Yes
101169,Yes
101170,Yes
101171,Yes
101172,Yes
101173,No
101174,Yes
101175,Yes
101176,Yes
101177,Yes
101178,Yes
101179,No
101180,No
101181,Yes
101182,Yes
101183,Yes
101184,Yes
101185,Yes
101186,No
101187,Yes
101188,No
101189,Yes
101190,No
101191,No
101192,Yes
101193,No
101194,Yes
101195,Yes
101196,Yes
101197,Yes
101198,Yes
101199,No
101200,Yes
101201,Yes
101202,Yes
101203,Yes
101204,Yes
101205,Yes
101206,Yes
101207,Yes
101208,Yes
101209,No
101210,Yes
101211,Yes
101212,Yes
101213,Yes
101214,Yes
101215,Yes
101216,Yes
101217,Yes
101218,No
101219,Yes
101220,Yes
101221,Yes
101222,Yes
101223,Yes
101224,Yes
101225,Yes
101226,Yes
101227,No
101228,Yes
101229,Yes
101230,Yes
101231,Yes
101232,Yes
101233,No
101234,Yes
101235,No
101236,No
101237,No
101238,Yes
101239,No
101240,Yes
101241,Yes
101242,Yes
101243,Yes
101244,Yes
101245,Yes
101246,Yes
101247,Yes
101248,Yes
101249,Yes
101250,Yes
101251,Yes
101252,No
101253,No
101254,Yes
101255,No
101256,No
101257,Yes
101258,Yes
101259,No
101260,Yes
101261,Yes
101262,No
101263,Yes
101264,Yes
101265,Yes
101266,Yes
101267,Yes
101268,Yes
101269,Yes
101270,No
101271,Yes
101272,Yes
101273,No
101274,No
101275,Yes
101276,Yes
101277,No
101278,Yes
101279,No
101280,Yes
101281,Yes
101282,Yes
101283,Yes
101284,Yes
101285,No
101286,No
101287,Yes
101288,Yes
101289,No
101290,Yes
101291,Yes
101292,No
101293,No
101294,Yes
101295,Yes
101296,No
101297,No
101298,Yes
101299,Yes
101300,Yes
101301,Yes
101302,Yes
101303,Yes
101304,No
101305,Yes
101306,Yes
101307,Yes
101308,Yes
101309,Yes
101310,Yes
101311,No
101312,Yes
101313,Yes
101314,Yes
101315,Yes
101316,No
101317,Yes
101318,Yes
101319,No
101320,No
101321,Yes
101322,Yes
101323,Yes
101324,Yes
101325,No
101326,No
101327,No
101328,No
101329,No
101330,Yes
101331,Yes
101332,Yes
101333,No
101334,Yes
101335,Yes
101336,No
101337,Yes
101338,Yes
101339,Yes
101340,Yes
101341,Yes
101342,Yes
101343,Yes
101344,No
101345,Yes
101346,Yes
101347,Yes
101348,Yes
101349,Yes
101350,No
101351,Yes
101352,Yes
101353,Yes
101354,Yes
101355,Yes
101356,Yes
101357,Yes
101358,No
101359,Yes
101360,Yes
101361,Yes
101362,Yes
101363,Yes
101364,Yes
101365,Yes
101366,Yes
101367,No
101368,Yes
101369,No
101370,No
101371,Yes
101372,Yes
101373,No
101374,Yes
101375,Yes
101376,Yes
101377,Yes
101378,No
101379,Yes
101380,Yes
101381,No
101382,Yes
101383,Yes
101384,No
101385,No
101386,Yes
101387,No
101388,No
101389,Yes
101390,No
101391,Yes
101392,No
101393,Yes
101394,Yes
101395,No
101396,No
101397,Yes
101398,Yes
101399,Yes
101400,No
101401,Yes
101402,No
101403,Yes
101404,Yes
101405,Yes
101406,No
101407,Yes
101408,Yes
101409,No
101410,Yes
101411,Yes
101412,Yes
101413,Yes
101414,Yes
101415,Yes
101416,Yes
101417,Yes
101418,Yes
101419,No
101420,No
101421,Yes
101422,Yes
101423,Yes
101424,No
101425,Yes
101426,No
101427,No
101428,Yes
101429,Yes
101430,No
101431,No
101432,Yes
101433,Yes
101434,Yes
101435,Yes
101436,Yes
101437,Yes
101438,Yes
101439,Yes
101440,Yes
101441,No
101442,No
101443,Yes
101444,Yes
101445,Yes
101446,No
101447,Yes
101448,Yes
101449,Yes
101450,Yes
101451,Yes
101452,No
101453,Yes
101454,Yes
101455,No
101456,Yes
101457,No
101458,Yes
101459,No
101460,Yes
101461,Yes
101462,Yes
101463,No
101464,Yes
101465,Yes
101466,Yes
101467,Yes
101468,Yes
101469,Yes
101470,No
101471,Yes
101472,No
101473,No
101474,Yes
101475,Yes
101476,No
101477,Yes
101478,Yes
101479,Yes
101480,No
101481,Yes
101482,Yes
101483,Yes
101484,No
101485,Yes
101486,Yes
101487,Yes
101488,Yes
101489,Yes
101490,No
101491,Yes
101492,No
101493,No
101494,No
101495,Yes
101496,No
101497,Yes
101498,Yes
101499,Yes
101500,Yes
101501,Yes
101502,Yes
101503,Yes
101504,Yes
101505,Yes
101506,No
101507,Yes
101508,Yes
101509,Yes
101510,No
101511,Yes
101512,Yes
101513,Yes
101514,Yes
101515,Yes
101516,Yes
101517,Yes
101518,No
101519,Yes
101520,No
101521,No
101522,Yes
101523,No
101524,No
101525,Yes
101526,Yes
101527,Yes
101528,Yes
101529,No
101530,Yes
101531,Yes
101532,Yes
101533,Yes
101534,Yes
101535,Yes
101536,Yes
101537,No
101538,Yes
101539,No
101540,Yes
101541,Yes
101542,Yes
101543,Yes
101544,No
101545,Yes
101546,Yes
101547,No
101548,Yes
101549,No
101550,Yes
101551,Yes
101552,Yes
101553,Yes
101554,Yes
101555,Yes
101556,Yes
101557,Yes
101558,Yes
101559,Yes
101560,Yes
101561,No
101562,No
101563,Yes
101564,Yes
101565,No
101566,Yes
101567,No
101568,Yes
101569,Yes
101570,No
101571,Yes
101572,Yes
101573,Yes
101574,Yes
101575,Yes
101576,Yes
101577,No
101578,Yes
101579,Yes
101580,No
101581,Yes
101582,No
101583,Yes
101584,No
101585,Yes
101586,Yes
101587,No
101588,Yes
101589,No
101590,Yes
101591,No
101592,Yes
101593,Yes
101594,Yes
101595,Yes
101596,Yes
101597,Yes
101598,No
101599,Yes
101600,Yes
101601,Yes
101602,Yes
101603,No
101604,No
101605,Yes
101606,Yes
101607,No
101608,Yes
101609,No
101610,Yes
101611,Yes
101612,Yes
101613,Yes
101614,Yes
101615,No
101616,Yes
101617,Yes
101618,No
101619,Yes
101620,No
101621,No
101622,Yes
101623,Yes
101624,No
101625,Yes
101626,No
101627,No
101628,Yes
101629,No
101630,No
101631,No
101632,Yes
101633,Yes
101634,Yes
101635,Yes
101636,No
101637,No
101638,Yes
101639,No
101640,Yes
101641,No
101642,Yes
101643,No
101644,Yes
101645,No
101646,No
101647,No
101648,Yes
101649,Yes
101650,Yes
101651,Yes
101652,Yes
101653,No
101654,Yes
101655,No
101656,Yes
101657,No
101658,No
101659,Yes
101660,Yes
101661,Yes
101662,Yes
101663,Yes
101664,No
101665,Yes
101666,Yes
101667,Yes
101668,No
101669,No
101670,Yes
101671,Yes
101672,No
101673,Yes
101674,Yes
101675,Yes
101676,Yes
101677,Yes
101678,No
101679,No
101680,Yes
101681,Yes
101682,Yes
101683,Yes
101684,No
101685,Yes
101686,No
101687,Yes
101688,Yes
101689,Yes
101690,Yes
101691,Yes
101692,Yes
101693,Yes
101694,No
101695,No
101696,Yes
101697,Yes
101698,Yes
101699,No
101700,Yes
101701,Yes
101702,Yes
101703,Yes
101704,Yes
101705,Yes
101706,Yes
101707,Yes
101708,Yes
101709,Yes
101710,No
101711,Yes
101712,Yes
101713,Yes
101714,Yes
101715,No
101716,No
101717,Yes
101718,No
101719,Yes
101720,No
101721,Yes
101722,Yes
101723,Yes
101724,Yes
101725,Yes
101726,Yes
101727,Yes
101728,No
101729,No
101730,No
101731,Yes
101732,Yes
101733,No
101734,Yes
101735,No
101736,Yes
101737,Yes
101738,No
101739,Yes
101740,No
101741,Yes
101742,Yes
101743,No
101744,Yes
101745,Yes
101746,Yes
101747,Yes
101748,No
101749,Yes
101750,No
101751,Yes
101752,Yes
101753,No
101754,No
101755,Yes
101756,No
101757,Yes
101758,Yes
101759,Yes
101760,No
101761,Yes
101762,Yes
101763,No
101764,No
101765,Yes
101766,Yes
101767,Yes
101768,No
101769,No
101770,No
101771,No
101772,No
101773,No
101774,No
101775,No
101776,Yes
101777,No
101778,Yes
101779,Yes
101780,No
101781,Yes
101782,Yes
101783,Yes
101784,Yes
101785,Yes
101786,No
101787,Yes
101788,Yes
101789,Yes
101790,No
101791,Yes
101792,No
101793,Yes
101794,Yes
101795,Yes
101796,No
101797,Yes
101798,No
101799,No
101800,Yes
101801,Yes
101802,No
101803,No
101804,No
101805,Yes
101806,Yes
101807,Yes
101808,Yes
101809,Yes
101810,Yes
101811,Yes
101812,Yes
101813,Yes
101814,Yes
101815,Yes
101816,Yes
101817,Yes
101818,Yes
101819,Yes
101820,Yes
101821,No
101822,No
101823,No
101824,Yes
101825,Yes
101826,Yes
101827,Yes
101828,Yes
101829,No
101830,No
101831,Yes
101832,Yes
101833,No
101834,No
101835,No
101836,No
101837,Yes
101838,Yes
101839,Yes
101840,No
101841,No
101842,No
101843,Yes
101844,No
101845,Yes
101846,Yes
101847,No
101848,Yes
101849,Yes
101850,Yes
101851,Yes
101852,No
101853,No
101854,No
101855,No
101856,Yes
101857,No
101858,No
101859,Yes
101860,Yes
101861,Yes
101862,Yes
101863,Yes
101864,No
101865,Yes
101866,No
101867,No
101868,Yes
101869,No
101870,No
101871,No
101872,No
101873,Yes
101874,No
101875,Yes
101876,Yes
101877,Yes
101878,Yes
101879,Yes
101880,No
101881,No
101882,Yes
101883,No
101884,Yes
101885,Yes
101886,Yes
101887,Yes
101888,Yes
101889,Yes
101890,Yes
101891,No
101892,Yes
101893,Yes
101894,No
101895,Yes
101896,Yes
101897,No
101898,Yes
101899,Yes
101900,Yes
101901,No
101902,Yes
101903,Yes
101904,No
101905,Yes
101906,Yes
101907,Yes
101908,Yes
101909,Yes
101910,No
101911,Yes
101912,Yes
101913,Yes
101914,No
101915,No
101916,Yes
101917,Yes
101918,Yes
101919,No
101920,No
101921,Yes
101922,Yes
101923,Yes
101924,No
101925,No
101926,No
101927,Yes
101928,Yes
101929,Yes
101930,Yes
101931,No
101932,No
101933,Yes
101934,Yes
101935,No
101936,Yes
101937,No
101938,Yes
101939,Yes
101940,Yes
101941,Yes
101942,Yes
101943,No
101944,Yes
101945,Yes
101946,Yes
101947,Yes
101948,Yes
101949,Yes
101950,No
101951,No
101952,Yes
101953,Yes
101954,Yes
101955,Yes
101956,Yes
101957,Yes
101958,Yes
101959,Yes
101960,No
101961,Yes
101962,No
101963,Yes
101964,Yes
101965,Yes
101966,Yes
101967,No
101968,Yes
101969,Yes
101970,No
101971,No
101972,Yes
101973,Yes
101974,No
101975,No
101976,No
101977,No
101978,Yes
101979,Yes
101980,Yes
101981,Yes
101982,No
101983,No
101984,No
101985,No
101986,Yes
101987,Yes
101988,No
101989,No
101990,No
101991,Yes
101992,Yes
101993,Yes
101994,Yes
101995,No
101996,Yes
101997,Yes
101998,No
101999,No
102000,Yes
102001,Yes
102002,Yes
102003,Yes
102004,Yes
102005,No
102006,No
102007,Yes
102008,Yes
102009,No
102010,Yes
102011,Yes
102012,Yes
102013,Yes
102014,Yes
102015,Yes
102016,Yes
102017,No
102018,No
102019,No
102020,No
102021,No
102022,No
102023,Yes
102024,No
102025,No
102026,No
102027,No
102028,No
102029,Yes
102030,Yes
102031,No
102032,No
102033,No
102034,Yes
102035,Yes
102036,Yes
102037,Yes
102038,Yes
102039,Yes
102040,No
102041,Yes
102042,No
102043,No
102044,Yes
102045,Yes
102046,Yes
102047,Yes
102048,No
102049,No
102050,Yes
102051,No
102052,Yes
102053,No
102054,Yes
102055,Yes
102056,No
102057,No
102058,No
102059,No
102060,No
102061,Yes
102062,Yes
102063,Yes
102064,Yes
102065,Yes
102066,Yes
102067,Yes
102068,No
102069,No
102070,No
102071,Yes
102072,Yes
102073,Yes
102074,No
102075,No
102076,Yes
102077,No
102078,No
102079,Yes
102080,Yes
102081,Yes
102082,Yes
102083,No
102084,Yes
102085,Yes
102086,Yes
102087,No
102088,Yes
102089,No
102090,Yes
102091,Yes
102092,Yes
102093,Yes
102094,Yes
102095,Yes
102096,Yes
102097,Yes
102098,Yes
102099,No
102100,No
102101,Yes
102102,Yes
102103,Yes
102104,Yes
102105,No
102106,Yes
102107,No
102108,Yes
102109,No
102110,No
102111,Yes
102112,Yes
102113,No
102114,Yes
102115,Yes
102116,Yes
102117,No
102118,Yes
102119,No
102120,Yes
102121,Yes
102122,Yes
102123,Yes
102124,No
102125,Yes
102126,No
102127,No
102128,Yes
102129,Yes
102130,No
102131,Yes
102132,Yes
102133,Yes
102134,No
102135,Yes
102136,Yes
102137,Yes
102138,No
102139,Yes
102140,No
102141,Yes
102142,Yes
102143,No
102144,No
102145,Yes
102146,No
102147,Yes
102148,No
102149,Yes
102150,Yes
102151,Yes
102152,No
102153,Yes
102154,Yes
102155,Yes
102156,Yes
102157,Yes
102158,Yes
102159,No
102160,Yes
102161,No
102162,Yes
102163,Yes
102164,No
102165,Yes
102166,Yes
102167,Yes
102168,Yes
102169,No
102170,Yes
102171,Yes
102172,Yes
102173,Yes
102174,No
102175,Yes
102176,Yes
102177,Yes
102178,Yes
102179,Yes
102180,No
102181,Yes
102182,Yes
102183,Yes
102184,No
102185,No
102186,Yes
102187,Yes
102188,No
102189,Yes
102190,Yes
102191,No
102192,Yes
102193,Yes
102194,No
102195,Yes
102196,Yes
102197,No
102198,Yes
102199,Yes
102200,Yes
102201,Yes
102202,No
102203,Yes
102204,Yes
102205,Yes
102206,Yes
102207,Yes
102208,Yes
102209,No
102210,Yes
102211,Yes
102212,Yes
102213,Yes
102214,Yes
102215,Yes
102216,Yes
102217,Yes
102218,No
102219,Yes
102220,Yes
102221,No
102222,No
102223,Yes
102224,No
102225,Yes
102226,Yes
102227,No
102228,Yes
102229,No
102230,Yes
102231,No
102232,Yes
102233,Yes
102234,Yes
102235,Yes
102236,Yes
102237,Yes
102238,No
102239,Yes
102240,No
102241,Yes
102242,Yes
102243,Yes
102244,No
102245,Yes
102246,Yes
102247,Yes
102248,No
102249,Yes
102250,No
102251,No
102252,Yes
102253,Yes
102254,Yes
102255,Yes
102256,Yes
102257,No
102258,Yes
102259,Yes
102260,Yes
102261,Yes
102262,No
102263,Yes
102264,No
102265,No
102266,No
102267,No
102268,No
102269,No
102270,Yes
102271,Yes
102272,No
102273,Yes
102274,No
102275,Yes
102276,Yes
102277,No
102278,No
102279,No
102280,No
102281,No
102282,No
102283,Yes
102284,Yes
102285,Yes
102286,No
102287,Yes
102288,Yes
102289,No
102290,No
102291,Yes
102292,Yes
102293,No
102294,No
102295,No
102296,No
102297,No
102298,No
102299,Yes
102300,Yes
102301,Yes
102302,No
102303,Yes
102304,Yes
102305,No
102306,Yes
102307,Yes
102308,Yes
102309,No
102310,Yes
102311,Yes
102312,Yes
102313,Yes
102314,Yes
102315,No
102316,No
102317,Yes
102318,No
102319,Yes
102320,No
102321,Yes
102322,No
102323,Yes
102324,No
102325,Yes
102326,Yes
102327,Yes
102328,Yes
102329,No
102330,Yes
102331,No
102332,Yes
102333,No
102334,No
102335,No
102336,No
102337,Yes
102338,Yes
102339,Yes
102340,Yes
102341,No
102342,No
102343,Yes
102344,Yes
102345,Yes
102346,Yes
102347,No
102348,Yes
102349,Yes
102350,Yes
102351,Yes
102352,No
102353,Yes
102354,No
102355,Yes
102356,Yes
102357,Yes
102358,Yes
102359,No
102360,No
102361,No
102362,Yes
102363,Yes
102364,No
102365,Yes
102366,Yes
102367,Yes
102368,Yes
102369,Yes
102370,No
102371,Yes
102372,Yes
102373,Yes
102374,Yes
102375,No
102376,Yes
102377,Yes
102378,Yes
102379,Yes
102380,Yes
102381,No
102382,Yes
102383,Yes
102384,Yes
102385,Yes
102386,No
102387,No
102388,Yes
102389,No
102390,No
102391,Yes
102392,Yes
102393,Yes
102394,Yes
102395,No
102396,No
102397,Yes
102398,Yes
102399,No
102400,No
102401,Yes
102402,Yes
102403,Yes
102404,No
102405,No
102406,Yes
102407,No
102408,Yes
102409,No
102410,Yes
102411,Yes
102412,No
102413,Yes
102414,Yes
102415,No
102416,No
102417,Yes
102418,Yes
102419,Yes
102420,No
102421,Yes
102422,Yes
102423,Yes
102424,Yes
102425,Yes
102426,Yes
102427,Yes
102428,Yes
102429,Yes
102430,No
102431,No
102432,No
102433,No
102434,No
102435,Yes
102436,Yes
102437,Yes
102438,Yes
102439,Yes
102440,Yes
102441,Yes
102442,Yes
102443,Yes
102444,Yes
102445,Yes
102446,No
102447,Yes
102448,No
102449,No
102450,No
102451,Yes
102452,No
102453,Yes
102454,No
102455,Yes
102456,No
102457,No
102458,No
102459,No
102460,Yes
102461,Yes
102462,No
102463,No
102464,No
102465,No
102466,Yes
102467,Yes
102468,Yes
102469,Yes
102470,Yes
102471,Yes
102472,Yes
102473,No
102474,No
102475,No
102476,No
102477,No
102478,Yes
102479,No
102480,Yes
102481,Yes
102482,No
102483,Yes
102484,No
102485,No
102486,Yes
102487,No
102488,No
102489,Yes
102490,Yes
102491,No
102492,No
102493,Yes
102494,Yes
102495,No
102496,Yes
102497,Yes
102498,No
102499,No
102500,Yes
102501,No
102502,Yes
102503,Yes
102504,Yes
102505,No
102506,Yes
102507,No
102508,No
102509,Yes
102510,Yes
102511,No
102512,Yes
102513,Yes
102514,Yes
102515,No
102516,Yes
102517,No
102518,Yes
102519,Yes
102520,No
102521,Yes
102522,No
102523,Yes
102524,Yes
102525,Yes
102526,Yes
102527,No
102528,Yes
102529,Yes
102530,Yes
102531,Yes
102532,Yes
102533,Yes
102534,No
102535,No
102536,Yes
102537,Yes
102538,No
102539,Yes
102540,Yes
102541,Yes
102542,Yes
102543,No
102544,Yes
102545,No
102546,Yes
102547,No
102548,Yes
102549,Yes
102550,Yes
102551,No
102552,Yes
102553,Yes
102554,No
102555,No
102556,No
102557,Yes
102558,Yes
102559,Yes
102560,No
102561,No
102562,No
102563,Yes
102564,No
102565,Yes
102566,Yes
102567,Yes
102568,Yes
102569,No
102570,Yes
102571,No
102572,Yes
102573,Yes
102574,Yes
102575,No
102576,Yes
102577,Yes
102578,No
102579,No
102580,Yes
102581,Yes
102582,Yes
102583,No
102584,Yes
102585,Yes
102586,No
102587,Yes
102588,No
102589,No
102590,No
102591,Yes
102592,Yes
102593,Yes
102594,Yes
102595,Yes
102596,No
102597,No
102598,Yes
102599,Yes
102600,Yes
102601,No
102602,Yes
102603,No
102604,Yes
102605,No
102606,Yes
102607,Yes
102608,Yes
102609,No
102610,Yes
102611,Yes
102612,Yes
102613,Yes
102614,Yes
102615,No
102616,Yes
102617,Yes
102618,Yes
102619,Yes
102620,Yes
102621,Yes
102622,Yes
102623,Yes
102624,Yes
102625,No
102626,Yes
102627,Yes
102628,Yes
102629,Yes
102630,Yes
102631,Yes
102632,Yes
102633,No
102634,No
102635,Yes
102636,Yes
102637,Yes
102638,Yes
102639,Yes
102640,Yes
102641,No
102642,No
102643,No
102644,Yes
102645,Yes
102646,Yes
102647,No
102648,No
102649,Yes
102650,Yes
102651,Yes
102652,Yes
102653,Yes
102654,No
102655,No
102656,Yes
102657,No
102658,Yes
102659,Yes
102660,Yes
102661,Yes
102662,No
102663,Yes
102664,No
102665,Yes
102666,Yes
102667,No
102668,Yes
102669,Yes
102670,Yes
102671,No
102672,No
102673,Yes
102674,Yes
102675,Yes
102676,Yes
102677,Yes
102678,Yes
102679,Yes
102680,Yes
102681,Yes
102682,Yes
102683,No
102684,Yes
102685,No
102686,Yes
102687,Yes
102688,Yes
102689,Yes
102690,Yes
102691,Yes
102692,Yes
102693,No
102694,No
102695,No
102696,Yes
102697,Yes
102698,No
102699,No
102700,Yes
102701,No
102702,Yes
102703,Yes
102704,No
102705,Yes
102706,Yes
102707,Yes
102708,Yes
102709,Yes
102710,Yes
102711,Yes
102712,Yes
102713,Yes
102714,Yes
102715,Yes
102716,No
102717,Yes
102718,Yes
102719,Yes
102720,No
102721,Yes
102722,Yes
102723,No
102724,Yes
102725,Yes
102726,No
102727,No
102728,No
102729,No
102730,Yes
102731,No
102732,No
102733,No
102734,No
102735,Yes
102736,No
102737,Yes
102738,Yes
102739,Yes
102740,No
102741,Yes
102742,Yes
102743,No
102744,Yes
102745,No
102746,No
102747,No
102748,Yes
102749,Yes
102750,Yes
102751,Yes
102752,No
102753,Yes
102754,Yes
102755,No
102756,No
102757,Yes
102758,Yes
102759,Yes
102760,Yes
102761,Yes
102762,No
102763,Yes
102764,Yes
102765,No
102766,No
102767,Yes
102768,No
102769,Yes
102770,Yes
102771,No
102772,Yes
102773,No
102774,No
102775,Yes
102776,Yes
102777,No
102778,Yes
102779,Yes
102780,Yes
102781,No
102782,Yes
102783,Yes
102784,Yes
102785,Yes
102786,No
102787,Yes
102788,No
102789,Yes
102790,Yes
102791,Yes
102792,Yes
102793,Yes
102794,No
102795,Yes
102796,No
102797,Yes
102798,Yes
102799,No
102800,No
102801,Yes
102802,No
102803,Yes
102804,Yes
102805,No
102806,Yes
102807,Yes
102808,Yes
102809,Yes
102810,Yes
102811,Yes
102812,Yes
102813,Yes
102814,No
102815,No
102816,Yes
102817,No
102818,Yes
102819,Yes
102820,Yes
102821,Yes
102822,No
102823,No
102824,No
102825,No
102826,Yes
102827,No
102828,No
102829,Yes
102830,Yes
102831,Yes
102832,No
102833,Yes
102834,Yes
102835,Yes
102836,Yes
102837,No
102838,Yes
102839,Yes
102840,No
102841,Yes
102842,No
102843,No
102844,No
102845,Yes
102846,No
102847,No
102848,Yes
102849,Yes
102850,No
102851,Yes
102852,Yes
102853,Yes
102854,Yes
102855,Yes
102856,Yes
102857,Yes
102858,Yes
102859,Yes
102860,Yes
102861,No
102862,Yes
102863,Yes
102864,Yes
102865,No
102866,No
102867,Yes
102868,No
102869,Yes
102870,Yes
102871,Yes
102872,No
102873,No
102874,Yes
102875,No
102876,No
102877,Yes
102878,No
102879,No
102880,Yes
102881,No
102882,Yes
102883,Yes
102884,Yes
102885,Yes
102886,Yes
102887,No
102888,Yes
102889,Yes
102890,No
102891,Yes
102892,Yes
102893,Yes
102894,Yes
102895,Yes
102896,No
102897,Yes
102898,No
102899,No
102900,Yes
102901,Yes
102902,Yes
102903,Yes
102904,No
102905,No
102906,Yes
102907,Yes
102908,Yes
102909,No
102910,Yes
102911,No
102912,Yes
102913,No
102914,Yes
102915,Yes
102916,Yes
102917,Yes
102918,Yes
102919,Yes
102920,Yes
102921,Yes
102922,Yes
102923,No
102924,Yes
102925,Yes
102926,No
102927,Yes
102928,Yes
102929,Yes
102930,Yes
102931,No
102932,Yes
102933,Yes
102934,Yes
102935,No
102936,Yes
102937,Yes
102938,Yes
102939,No
102940,Yes
102941,Yes
102942,Yes
102943,No
102944,Yes
102945,Yes
102946,Yes
102947,No
102948,Yes
102949,Yes
102950,Yes
102951,Yes
102952,Yes
102953,Yes
102954,No
102955,Yes
102956,Yes
102957,Yes
102958,Yes
102959,Yes
102960,Yes
102961,Yes
102962,Yes
102963,No
102964,Yes
102965,Yes
102966,Yes
102967,Yes
102968,Yes
102969,No
102970,Yes
102971,Yes
102972,No
102973,Yes
102974,No
102975,Yes
102976,No
102977,No
102978,Yes
102979,Yes
102980,No
102981,No
102982,Yes
102983,Yes
102984,No
102985,Yes
102986,Yes
102987,No
102988,No
102989,Yes
102990,Yes
102991,No
102992,No
102993,Yes
102994,No
102995,Yes
102996,No
102997,Yes
102998,Yes
102999,Yes
103000,Yes
103001,No
103002,Yes
103003,No
103004,No
103005,Yes
103006,Yes
103007,Yes
103008,Yes
103009,Yes
103010,Yes
103011,Yes
103012,No
103013,Yes
103014,No
103015,No
103016,Yes
103017,Yes
103018,Yes
103019,No
103020,Yes
103021,Yes
103022,Yes
103023,Yes
103024,Yes
103025,Yes
103026,Yes
103027,Yes
103028,No
103029,Yes
103030,No
103031,No
103032,Yes
103033,Yes
103034,No
103035,Yes
103036,Yes
103037,Yes
103038,Yes
103039,Yes
103040,No
103041,Yes
103042,Yes
103043,No
103044,Yes
103045,Yes
103046,Yes
103047,Yes
103048,No
103049,Yes
103050,No
103051,Yes
103052,Yes
103053,Yes
103054,Yes
103055,Yes
103056,Yes
103057,Yes
103058,No
103059,Yes
103060,Yes
103061,No
103062,Yes
103063,Yes
103064,Yes
103065,No
103066,No
103067,Yes
103068,Yes
103069,Yes
103070,No
103071,Yes
103072,Yes
103073,Yes
103074,Yes
103075,Yes
103076,Yes
103077,No
103078,Yes
103079,Yes
103080,Yes
103081,Yes
103082,No
103083,No
103084,Yes
103085,Yes
103086,No
103087,Yes
103088,No
103089,No
103090,Yes
103091,No
103092,No
103093,No
103094,No
103095,Yes
103096,Yes
103097,Yes
103098,Yes
103099,Yes
103100,No
103101,Yes
103102,No
103103,Yes
103104,Yes
103105,Yes
103106,No
103107,Yes
103108,Yes
103109,No
103110,Yes
103111,Yes
103112,No
103113,Yes
103114,No
103115,Yes
103116,Yes
103117,Yes
103118,No
103119,Yes
103120,Yes
103121,Yes
103122,No
103123,Yes
103124,Yes
103125,Yes
103126,Yes
103127,No
103128,Yes
103129,Yes
103130,Yes
103131,Yes
103132,Yes
103133,Yes
103134,No
103135,Yes
103136,Yes
103137,Yes
103138,No
103139,Yes
103140,Yes
103141,Yes
103142,Yes
103143,No
103144,No
103145,Yes
103146,Yes
103147,Yes
103148,Yes
103149,No
103150,Yes
103151,Yes
103152,Yes
103153,Yes
103154,No
103155,Yes
103156,No
103157,Yes
103158,Yes
103159,Yes
103160,Yes
103161,No
103162,Yes
103163,Yes
103164,No
103165,No
103166,Yes
103167,Yes
103168,Yes
103169,No
103170,Yes
103171,Yes
103172,No
103173,Yes
103174,No
103175,Yes
103176,Yes
103177,No
103178,No
103179,Yes
103180,Yes
103181,No
103182,No
103183,Yes
103184,No
103185,Yes
103186,Yes
103187,No
103188,Yes
103189,Yes
103190,Yes
103191,Yes
103192,No
103193,No
103194,Yes
103195,Yes
103196,No
103197,Yes
103198,Yes
103199,Yes
103200,No
103201,Yes
103202,Yes
103203,Yes
103204,Yes
103205,No
103206,Yes
103207,Yes
103208,Yes
103209,No
103210,Yes
103211,Yes
103212,Yes
103213,Yes
103214,Yes
103215,No
103216,Yes
103217,No
103218,No
103219,No
103220,Yes
103221,No
103222,Yes
103223,Yes
103224,Yes
103225,No
103226,No
103227,Yes
103228,Yes
103229,No
103230,Yes
103231,No
103232,No
103233,Yes
103234,No
103235,Yes
103236,No
103237,No
103238,No
103239,No
103240,Yes
103241,No
103242,No
103243,No
103244,No
103245,Yes
103246,No
103247,Yes
103248,Yes
103249,Yes
103250,No
103251,Yes
103252,Yes
103253,No
103254,No
103255,Yes
103256,Yes
103257,Yes
103258,Yes
103259,No
103260,Yes
103261,Yes
103262,Yes
103263,Yes
103264,No
103265,Yes
103266,Yes
103267,Yes
103268,No
103269,No
103270,Yes
103271,Yes
103272,Yes
103273,Yes
103274,Yes
103275,No
103276,Yes
103277,Yes
103278,Yes
103279,Yes
103280,Yes
103281,Yes
103282,Yes
103283,No
103284,No
103285,Yes
103286,Yes
103287,Yes
103288,Yes
103289,Yes
103290,No
103291,No
103292,Yes
103293,No
103294,Yes
103295,No
103296,No
103297,Yes
103298,Yes
103299,No
103300,No
103301,No
103302,No
103303,Yes
103304,No
103305,Yes
103306,No
103307,No
103308,Yes
103309,Yes
103310,Yes
103311,Yes
103312,Yes
103313,Yes
103314,No
103315,Yes
103316,No
103317,Yes
103318,Yes
103319,Yes
103320,Yes
103321,Yes
103322,Yes
103323,Yes
103324,Yes
103325,No
103326,Yes
103327,Yes
103328,No
103329,Yes
103330,Yes
103331,Yes
103332,No
103333,Yes
103334,No
103335,Yes
103336,Yes
103337,Yes
103338,No
103339,Yes
103340,Yes
103341,Yes
103342,Yes
103343,Yes
103344,No
103345,Yes
103346,No
103347,No
103348,No
103349,Yes
103350,No
103351,No
103352,Yes
103353,No
103354,Yes
103355,No
103356,No
103357,No
103358,Yes
103359,Yes
103360,Yes
103361,Yes
103362,Yes
103363,No
103364,Yes
103365,Yes
103366,No
103367,No
103368,Yes
103369,Yes
103370,Yes
103371,Yes
103372,Yes
103373,Yes
103374,Yes
103375,Yes
103376,No
103377,No
103378,No
103379,No
103380,No
103381,No
103382,No
103383,No
103384,Yes
103385,Yes
103386,Yes
103387,Yes
103388,No
103389,Yes
103390,Yes
103391,Yes
103392,No
103393,Yes
103394,Yes
103395,Yes
103396,Yes
103397,No
103398,No
103399,Yes
103400,No
103401,Yes
103402,Yes
103403,Yes
103404,Yes
103405,No
103406,Yes
103407,Yes
103408,Yes
103409,No
103410,Yes
103411,No
103412,Yes
103413,Yes
103414,No
103415,No
103416,No
103417,Yes
103418,Yes
103419,Yes
103420,Yes
103421,No
103422,Yes
103423,Yes
103424,No
103425,No
103426,Yes
103427,Yes
103428,No
103429,Yes
103430,No
103431,Yes
103432,No
103433,Yes
103434,No
103435,Yes
103436,Yes
103437,Yes
103438,Yes
103439,No
103440,Yes
103441,Yes
103442,Yes
103443,Yes
103444,No
103445,Yes
103446,Yes
103447,No
103448,Yes
103449,Yes
103450,Yes
103451,Yes
103452,Yes
103453,Yes
103454,No
103455,Yes
103456,Yes
103457,No
103458,Yes
103459,Yes
103460,No
103461,Yes
103462,Yes
103463,No
103464,No
103465,No
103466,No
103467,Yes
103468,No
103469,Yes
103470,No
103471,Yes
103472,No
103473,No
103474,No
103475,No
103476,Yes
103477,Yes
103478,Yes
103479,Yes
103480,No
103481,Yes
103482,Yes
103483,No
103484,Yes
103485,Yes
103486,No
103487,Yes
103488,Yes
103489,Yes
103490,No
103491,Yes
103492,No
103493,No
103494,No
103495,Yes
103496,No
103497,Yes
103498,Yes
103499,No
103500,Yes
103501,Yes
103502,Yes
103503,Yes
103504,Yes
103505,Yes
103506,Yes
103507,Yes
103508,Yes
103509,No
103510,No
103511,No
103512,Yes
103513,No
103514,No
103515,Yes
103516,Yes
103517,No
103518,Yes
103519,Yes
103520,No
103521,Yes
103522,No
103523,No
103524,Yes
103525,No
103526,No
103527,No
103528,Yes
103529,No
103530,No
103531,Yes
103532,Yes
103533,No
103534,Yes
103535,Yes
103536,No
103537,No
103538,Yes
103539,Yes
103540,Yes
103541,Yes
103542,Yes
103543,Yes
103544,Yes
103545,No
103546,No
103547,No
103548,No
103549,Yes
103550,No
103551,No
103552,Yes
103553,Yes
103554,Yes
103555,Yes
103556,Yes
103557,Yes
103558,Yes
103559,No
103560,Yes
103561,Yes
103562,No
103563,No
103564,Yes
103565,No
103566,Yes
103567,Yes
103568,Yes
103569,Yes
103570,Yes
103571,Yes
103572,Yes
103573,Yes
103574,Yes
103575,Yes
103576,Yes
103577,No
103578,Yes
103579,Yes
103580,Yes
103581,Yes
103582,Yes
103583,Yes
103584,No
103585,No
103586,Yes
103587,Yes
103588,No
103589,No
103590,No
103591,Yes
103592,Yes
103593,Yes
103594,No
103595,Yes
103596,Yes
103597,Yes
103598,Yes
103599,Yes
103600,Yes
103601,Yes
103602,No
103603,Yes
103604,Yes
103605,Yes
103606,No
103607,Yes
103608,Yes
103609,Yes
103610,Yes
103611,Yes
103612,No
103613,Yes
103614,Yes
103615,Yes
103616,Yes
103617,Yes
103618,No
103619,No
103620,No
103621,No
103622,No
103623,Yes
103624,Yes
103625,Yes
103626,Yes
103627,Yes
103628,Yes
103629,Yes
103630,No
103631,No
103632,No
103633,Yes
103634,No
103635,Yes
103636,Yes
103637,Yes
103638,Yes
103639,Yes
103640,No
103641,Yes
103642,Yes
103643,Yes
103644,No
103645,Yes
103646,Yes
103647,Yes
103648,No
103649,Yes
103650,Yes
103651,Yes
103652,Yes
103653,Yes
103654,Yes
103655,Yes
103656,Yes
103657,Yes
103658,Yes
103659,No
103660,Yes
103661,Yes
103662,No
103663,No
103664,Yes
103665,No
103666,No
103667,No
103668,Yes
103669,Yes
103670,Yes
103671,Yes
103672,Yes
103673,Yes
103674,No
103675,Yes
103676,No
103677,Yes
103678,Yes
103679,Yes
103680,Yes
103681,No
103682,Yes
103683,Yes
103684,Yes
103685,Yes
103686,Yes
103687,No
103688,Yes
103689,Yes
103690,Yes
103691,No
103692,Yes
103693,Yes
103694,No
103695,Yes
103696,No
103697,Yes
103698,Yes
103699,Yes
103700,Yes
103701,Yes
103702,No
103703,Yes
103704,Yes
103705,No
103706,Yes
103707,No
103708,Yes
103709,No
103710,Yes
103711,Yes
103712,No
103713,Yes
103714,No
103715,Yes
103716,Yes
103717,No
103718,Yes
103719,Yes
103720,Yes
103721,Yes
103722,Yes
103723,Yes
103724,Yes
103725,No
103726,No
103727,Yes
103728,Yes
103729,No
103730,Yes
103731,Yes
103732,No
103733,No
103734,Yes
103735,Yes
103736,Yes
103737,Yes
103738,No
103739,Yes
103740,Yes
103741,No
103742,Yes
103743,No
103744,Yes
103745,No
103746,Yes
103747,Yes
103748,Yes
103749,No
103750,No
103751,Yes
103752,No
103753,Yes
103754,No
103755,No
103756,Yes
103757,No
103758,No
103759,No
103760,No
103761,Yes
103762,Yes
103763,Yes
103764,Yes
103765,No
103766,No
103767,Yes
103768,No
103769,Yes
103770,Yes
103771,Yes
103772,No
103773,No
103774,No
103775,Yes
103776,Yes
103777,No
103778,No
103779,Yes
103780,Yes
103781,Yes
103782,Yes
103783,No
103784,No
103785,No
103786,No
103787,Yes
103788,No
103789,Yes
103790,No
103791,No
103792,Yes
103793,Yes
103794,Yes
103795,Yes
103796,Yes
103797,Yes
103798,No
103799,No
103800,Yes
103801,Yes
103802,No
103803,Yes
103804,No
103805,Yes
103806,Yes
103807,No
103808,No
103809,No
103810,No
103811,Yes
103812,No
103813,Yes
103814,Yes
103815,Yes
103816,Yes
103817,Yes
103818,No
103819,No
103820,Yes
103821,Yes
103822,No
103823,No
103824,Yes
103825,Yes
103826,Yes
103827,No
103828,No
103829,No
103830,Yes
103831,Yes
103832,Yes
103833,Yes
103834,No
103835,No
103836,Yes
103837,No
103838,Yes
103839,Yes
103840,Yes
103841,Yes
103842,Yes
103843,No
103844,Yes
103845,Yes
103846,Yes
103847,Yes
103848,Yes
103849,Yes
103850,No
103851,Yes
103852,No
103853,Yes
103854,No
103855,Yes
103856,Yes
103857,No
103858,Yes
103859,Yes
103860,No
103861,No
103862,Yes
103863,Yes
103864,No
103865,No
103866,Yes
103867,No
103868,Yes
103869,No
103870,No
103871,No
103872,Yes
103873,Yes
103874,No
103875,Yes
103876,Yes
103877,Yes
103878,Yes
103879,Yes
103880,No
103881,Yes
103882,No
103883,No
103884,Yes
103885,No
103886,Yes
103887,Yes
103888,Yes
103889,No
103890,Yes
103891,Yes
103892,Yes
103893,Yes
103894,No
103895,Yes
103896,Yes
103897,Yes
103898,Yes
103899,No
103900,No
103901,Yes
103902,No
103903,No
103904,No
103905,Yes
103906,No
103907,Yes
103908,Yes
103909,Yes
103910,No
103911,Yes
103912,Yes
103913,Yes
103914,Yes
103915,Yes
103916,Yes
103917,No
103918,Yes
103919,Yes
103920,Yes
103921,Yes
103922,Yes
103923,No
103924,Yes
103925,Yes
103926,Yes
103927,No
103928,No
103929,No
103930,Yes
103931,Yes
103932,Yes
103933,Yes
103934,Yes
103935,No
103936,Yes
103937,Yes
103938,No
103939,Yes
103940,No
103941,No
103942,Yes
103943,Yes
103944,Yes
103945,Yes
103946,Yes
103947,No
103948,Yes
103949,Yes
103950,Yes
103951,No
103952,No
103953,No
103954,Yes
103955,No
103956,Yes
103957,Yes
103958,No
103959,Yes
103960,Yes
103961,No
103962,Yes
103963,No
103964,Yes
103965,Yes
103966,Yes
103967,Yes
103968,Yes
103969,No
103970,Yes
103971,Yes
103972,Yes
103973,No
103974,No
103975,Yes
103976,Yes
103977,Yes
103978,Yes
103979,No
103980,No
103981,No
103982,Yes
103983,Yes
103984,No
103985,No
103986,No
103987,No
103988,Yes
103989,Yes
103990,Yes
103991,Yes
103992,Yes
103993,Yes
103994,Yes
103995,Yes
103996,No
103997,No
103998,Yes
103999,No
104000,No
104001,Yes
104002,No
104003,Yes
104004,Yes
104005,Yes
104006,No
104007,Yes
104008,Yes
104009,No
104010,Yes
104011,Yes
104012,Yes
104013,Yes
104014,Yes
104015,Yes
104016,Yes
104017,No
104018,No
104019,No
104020,Yes
104021,Yes
104022,Yes
104023,No
104024,Yes
104025,Yes
104026,Yes
104027,Yes
104028,No
104029,Yes
104030,No
104031,No
104032,Yes
104033,No
104034,Yes
104035,Yes
104036,Yes
104037,Yes
104038,Yes
104039,Yes
104040,No
104041,Yes
104042,Yes
104043,Yes
104044,Yes
104045,Yes
104046,Yes
104047,No
104048,No
104049,No
104050,Yes
104051,No
104052,Yes
104053,No
104054,Yes
104055,No
104056,No
104057,No
104058,No
104059,Yes
104060,No
104061,Yes
104062,Yes
104063,Yes
104064,No
104065,Yes
104066,Yes
104067,Yes
104068,Yes
104069,Yes
104070,No
104071,No
104072,Yes
104073,Yes
104074,Yes
104075,Yes
104076,Yes
104077,Yes
104078,Yes
104079,No
104080,Yes
104081,Yes
104082,Yes
104083,Yes
104084,Yes
104085,Yes
104086,Yes
104087,No
104088,Yes
104089,Yes
104090,Yes
104091,No
104092,No
104093,Yes
104094,Yes
104095,Yes
104096,Yes
104097,Yes
104098,Yes
104099,No
104100,No
104101,Yes
104102,No
104103,No
104104,No
104105,No
104106,No
104107,No
104108,Yes
104109,Yes
104110,Yes
104111,No
104112,Yes
104113,Yes
104114,Yes
104115,No
104116,Yes
104117,Yes
104118,Yes
104119,Yes
104120,Yes
104121,No
104122,Yes
104123,No
104124,No
104125,Yes
104126,No
104127,Yes
104128,No
104129,Yes
104130,No
104131,Yes
104132,Yes
104133,No
104134,Yes
104135,No
104136,No
104137,No
104138,Yes
104139,No
104140,No
104141,Yes
104142,No
104143,No
104144,No
104145,Yes
104146,Yes
104147,Yes
104148,Yes
104149,No
104150,Yes
104151,Yes
104152,Yes
104153,Yes
104154,No
104155,Yes
104156,No
104157,Yes
104158,Yes
104159,Yes
104160,Yes
104161,No
104162,Yes
104163,No
104164,No
104165,Yes
104166,Yes
104167,Yes
104168,No
104169,No
104170,No
104171,Yes
104172,Yes
104173,No
104174,Yes
104175,No
104176,Yes
104177,Yes
104178,Yes
104179,Yes
104180,Yes
104181,Yes
104182,No
104183,Yes
104184,No
104185,No
104186,Yes
104187,Yes
104188,Yes
104189,Yes
104190,Yes
104191,Yes
104192,Yes
104193,Yes
104194,Yes
104195,No
104196,Yes
104197,No
104198,No
104199,Yes
104200,No
104201,No
104202,No
104203,Yes
104204,No
104205,Yes
104206,Yes
104207,No
104208,Yes
104209,No
104210,Yes
104211,Yes
104212,Yes
104213,No
104214,Yes
104215,Yes
104216,No
104217,Yes
104218,Yes
104219,Yes
104220,Yes
104221,Yes
104222,Yes
104223,Yes
104224,Yes
104225,No
104226,Yes
104227,Yes
104228,Yes
104229,Yes
104230,No
104231,Yes
104232,No
104233,No
104234,Yes
104235,Yes
104236,Yes
104237,Yes
104238,No
104239,Yes
104240,No
104241,No
104242,Yes
104243,Yes
104244,Yes
104245,No
104246,Yes
104247,Yes
104248,Yes
104249,Yes
104250,Yes
104251,No
104252,Yes
104253,No
104254,No
104255,Yes
104256,Yes
104257,Yes
104258,No
104259,No
104260,Yes
104261,Yes
104262,Yes
104263,Yes
104264,Yes
104265,No
104266,Yes
104267,No
104268,No
104269,Yes
104270,Yes
104271,Yes
104272,No
104273,No
104274,Yes
104275,No
104276,No
104277,Yes
104278,Yes
104279,Yes
104280,Yes
104281,No
104282,Yes
104283,Yes
104284,Yes
104285,Yes
104286,Yes
104287,No
104288,No
104289,Yes
104290,Yes
104291,Yes
104292,Yes
104293,Yes
104294,Yes
104295,No
104296,No
104297,Yes
104298,Yes
104299,No
104300,No
104301,Yes
104302,Yes
104303,Yes
104304,Yes
104305,Yes
104306,Yes
104307,No
104308,No
104309,Yes
104310,Yes
104311,Yes
104312,No
104313,Yes
104314,Yes
104315,No
104316,Yes
104317,Yes
104318,Yes
104319,Yes
104320,Yes
104321,No
104322,No
104323,Yes
104324,Yes
104325,No
104326,Yes
104327,Yes
104328,Yes
104329,Yes
104330,Yes
104331,Yes
104332,No
104333,Yes
104334,Yes
104335,Yes
104336,Yes
104337,Yes
104338,Yes
104339,Yes
104340,Yes
104341,No
104342,No
104343,Yes
104344,Yes
104345,Yes
104346,No
104347,No
104348,No
104349,Yes
104350,Yes
104351,No
104352,No
104353,Yes
104354,Yes
104355,No
104356,Yes
104357,Yes
104358,Yes
104359,No
104360,Yes
104361,Yes
104362,No
104363,Yes
104364,No
104365,Yes
104366,Yes
104367,No
104368,No
104369,Yes
104370,Yes
104371,Yes
104372,Yes
104373,Yes
104374,Yes
104375,Yes
104376,No
104377,Yes
104378,Yes
104379,No
104380,Yes
104381,Yes
104382,Yes
104383,Yes
104384,Yes
104385,No
104386,Yes
104387,Yes
104388,Yes
104389,No
104390,No
104391,No
104392,Yes
104393,Yes
104394,No
104395,Yes
104396,No
104397,No
104398,Yes
104399,Yes
104400,Yes
104401,Yes
104402,Yes
104403,No
104404,Yes
104405,No
104406,No
104407,Yes
104408,Yes
104409,Yes
104410,Yes
104411,No
104412,No
104413,Yes
104414,No
104415,Yes
104416,Yes
104417,Yes
104418,Yes
104419,No
104420,Yes
104421,Yes
104422,No
104423,Yes
104424,Yes
104425,Yes
104426,Yes
104427,Yes
104428,Yes
104429,No
104430,Yes
104431,No
104432,Yes
104433,No
104434,Yes
104435,Yes
104436,No
104437,No
104438,Yes
104439,Yes
104440,No
104441,Yes
104442,Yes
104443,Yes
104444,Yes
104445,Yes
104446,Yes
104447,Yes
104448,Yes
104449,Yes
104450,Yes
104451,Yes
104452,No
104453,Yes
104454,Yes
104455,No
104456,Yes
104457,No
104458,Yes
104459,Yes
104460,Yes
104461,Yes
104462,Yes
104463,Yes
104464,No
104465,No
104466,No
104467,No
104468,Yes
104469,Yes
104470,Yes
104471,No
104472,No
104473,No
104474,Yes
104475,Yes
104476,Yes
104477,No
104478,Yes
104479,Yes
104480,No
104481,No
104482,Yes
104483,Yes
104484,Yes
104485,Yes
104486,Yes
104487,No
104488,Yes
104489,Yes
104490,Yes
104491,No
104492,Yes
104493,Yes
104494,No
104495,Yes
104496,Yes
104497,Yes
104498,Yes
104499,Yes
104500,No
104501,Yes
104502,Yes
104503,No
104504,Yes
104505,Yes
104506,No
104507,Yes
104508,Yes
104509,Yes
104510,Yes
104511,Yes
104512,No
104513,Yes
104514,Yes
104515,No
104516,Yes
104517,Yes
104518,Yes
104519,Yes
104520,No
104521,No
104522,Yes
104523,No
104524,No
104525,Yes
104526,No
104527,No
104528,Yes
104529,Yes
104530,Yes
104531,Yes
104532,No
104533,Yes
104534,Yes
104535,No
104536,Yes
104537,Yes
104538,Yes
104539,Yes
104540,Yes
104541,Yes
104542,Yes
104543,Yes
104544,No
104545,Yes
104546,No
104547,No
104548,No
104549,Yes
104550,Yes
104551,Yes
104552,Yes
104553,No
104554,Yes
104555,No
104556,Yes
104557,Yes
104558,Yes
104559,Yes
104560,Yes
104561,Yes
104562,Yes
104563,Yes
104564,Yes
104565,No
104566,Yes
104567,Yes
104568,Yes
104569,Yes
104570,Yes
104571,Yes
104572,No
104573,Yes
104574,Yes
104575,Yes
104576,Yes
104577,Yes
104578,Yes
104579,Yes
104580,Yes
104581,No
104582,No
104583,Yes
104584,Yes
104585,No
104586,Yes
104587,Yes
104588,No
104589,No
104590,Yes
104591,Yes
104592,Yes
104593,Yes
104594,No
104595,Yes
104596,Yes
104597,Yes
104598,Yes
104599,Yes
104600,Yes
104601,Yes
104602,Yes
104603,No
104604,Yes
104605,No
104606,Yes
104607,No
104608,Yes
104609,No
104610,No
104611,Yes
104612,Yes
104613,No
104614,No
104615,Yes
104616,Yes
104617,Yes
104618,Yes
104619,Yes
104620,No
104621,No
104622,Yes
104623,Yes
104624,No
104625,Yes
104626,Yes
104627,Yes
104628,Yes
104629,Yes
104630,Yes
104631,Yes
104632,Yes
104633,Yes
104634,Yes
104635,No
104636,No
104637,Yes
104638,Yes
104639,Yes
104640,Yes
104641,No
104642,Yes
104643,Yes
104644,Yes
104645,Yes
104646,Yes
104647,No
104648,Yes
104649,Yes
104650,Yes
104651,No
104652,No
104653,Yes
104654,No
104655,Yes
104656,Yes
104657,Yes
104658,No
104659,No
104660,Yes
104661,Yes
104662,No
104663,Yes
104664,Yes
104665,No
104666,No
104667,No
104668,Yes
104669,No
104670,Yes
104671,Yes
104672,Yes
104673,Yes
104674,No
104675,Yes
104676,No
104677,Yes
104678,Yes
104679,Yes
104680,Yes
104681,Yes
104682,Yes
104683,Yes
104684,Yes
104685,Yes
104686,Yes
104687,Yes
104688,Yes
104689,Yes
104690,No
104691,Yes
104692,Yes
104693,Yes
104694,Yes
104695,No
104696,No
104697,Yes
104698,No
104699,Yes
104700,No
104701,No
104702,No
104703,Yes
104704,Yes
104705,No
104706,Yes
104707,Yes
104708,Yes
104709,No
104710,Yes
104711,Yes
104712,Yes
104713,Yes
104714,Yes
104715,No
104716,Yes
104717,No
104718,Yes
104719,No
104720,Yes
104721,No
104722,Yes
104723,Yes
104724,Yes
104725,Yes
104726,No
104727,No
104728,No
104729,Yes
104730,Yes
104731,Yes
104732,Yes
104733,No
104734,No
104735,Yes
104736,Yes
104737,Yes
104738,No
104739,Yes
104740,No
104741,Yes
104742,Yes
104743,No
104744,Yes
104745,No
104746,Yes
104747,Yes
104748,Yes
104749,Yes
104750,No
104751,Yes
104752,Yes
104753,Yes
104754,Yes
104755,Yes
104756,Yes
104757,Yes
104758,Yes
104759,Yes
104760,Yes
104761,No
104762,Yes
104763,No
104764,No
104765,Yes
104766,Yes
104767,Yes
104768,Yes
104769,Yes
104770,Yes
104771,Yes
104772,Yes
104773,No
104774,Yes
104775,Yes
104776,Yes
104777,No
104778,Yes
104779,Yes
104780,No
104781,Yes
104782,Yes
104783,No
104784,No
104785,Yes
104786,No
104787,Yes
104788,Yes
104789,No
104790,Yes
104791,Yes
104792,Yes
104793,Yes
104794,Yes
104795,No
104796,Yes
104797,Yes
104798,Yes
104799,No
104800,No
104801,No
104802,No
104803,Yes
104804,No
104805,Yes
104806,Yes
104807,Yes
104808,Yes
104809,No
104810,Yes
104811,Yes
104812,Yes
104813,Yes
104814,Yes
104815,Yes
104816,Yes
104817,No
104818,Yes
104819,Yes
104820,Yes
104821,Yes
104822,Yes
104823,Yes
104824,Yes
104825,Yes
104826,Yes
104827,No
104828,No
104829,Yes
104830,Yes
104831,No
104832,Yes
104833,Yes
104834,No
104835,Yes
104836,Yes
104837,Yes
104838,Yes
104839,No
104840,No
104841,No
104842,No
104843,No
104844,No
104845,No
104846,No
104847,Yes
104848,No
104849,Yes
104850,No
104851,Yes
104852,No
104853,No
104854,Yes
104855,Yes
104856,No
104857,No
104858,No
104859,No
104860,Yes
104861,Yes
104862,Yes
104863,No
104864,No
104865,No
104866,No
104867,Yes
104868,Yes
104869,Yes
104870,Yes
104871,Yes
104872,Yes
104873,Yes
104874,Yes
104875,Yes
104876,Yes
104877,Yes
104878,Yes
104879,Yes
104880,Yes
104881,Yes
104882,No
104883,No
104884,No
104885,Yes
104886,Yes
104887,Yes
104888,No
104889,No
104890,No
104891,Yes
104892,Yes
104893,No
104894,No
104895,Yes
104896,No
104897,Yes
104898,No
104899,Yes
104900,No
104901,Yes
104902,Yes
104903,Yes
104904,No
104905,No
104906,Yes
104907,Yes
104908,Yes
104909,Yes
104910,No
104911,Yes
104912,Yes
104913,Yes
104914,Yes
104915,Yes
104916,Yes
104917,No
104918,Yes
104919,No
104920,Yes
104921,No
104922,No
104923,No
104924,Yes
104925,Yes
104926,Yes
104927,Yes
104928,Yes
104929,Yes
104930,No
104931,Yes
104932,Yes
104933,No
104934,Yes
104935,No
104936,Yes
104937,No
104938,Yes
104939,Yes
104940,Yes
104941,Yes
104942,Yes
104943,No
104944,Yes
104945,Yes
104946,Yes
104947,Yes
104948,Yes
104949,No
104950,Yes
104951,Yes
104952,No
104953,No
104954,Yes
104955,No
104956,Yes
104957,No
104958,Yes
104959,Yes
104960,Yes
104961,Yes
104962,Yes
104963,No
104964,Yes
104965,Yes
104966,Yes
104967,Yes
104968,Yes
104969,Yes
104970,Yes
104971,No
104972,No
104973,Yes
104974,Yes
104975,Yes
104976,Yes
104977,Yes
104978,Yes
104979,Yes
104980,Yes
104981,No
104982,No
104983,Yes
104984,Yes
104985,Yes
104986,Yes
104987,No
104988,Yes
104989,Yes
104990,No
104991,Yes
104992,No
104993,Yes
104994,Yes
104995,Yes
104996,Yes
104997,Yes
104998,Yes
104999,Yes
105000,Yes
105001,Yes
105002,Yes
105003,Yes
105004,No
105005,Yes
105006,Yes
105007,Yes
105008,Yes
105009,Yes
105010,No
105011,Yes
105012,Yes
105013,Yes
105014,Yes
105015,Yes
105016,No
105017,Yes
105018,Yes
105019,Yes
105020,No
105021,No
105022,No
105023,Yes
105024,Yes
105025,Yes
105026,Yes
105027,Yes
105028,No
105029,Yes
105030,Yes
105031,No
105032,No
105033,Yes
105034,No
105035,No
105036,No
105037,Yes
105038,Yes
105039,No
105040,Yes
105041,Yes
105042,Yes
105043,Yes
105044,Yes
105045,Yes
105046,Yes
105047,No
105048,Yes
105049,No
105050,No
105051,Yes
105052,No
105053,Yes
105054,Yes
105055,Yes
105056,No
105057,Yes
105058,Yes
105059,No
105060,Yes
105061,No
105062,Yes
105063,No
105064,Yes
105065,Yes
105066,No
105067,Yes
105068,No
105069,Yes
105070,Yes
105071,Yes
105072,Yes
105073,Yes
105074,No
105075,Yes
105076,Yes
105077,Yes
105078,No
105079,Yes
105080,Yes
105081,Yes
105082,Yes
105083,Yes
105084,Yes
105085,No
105086,Yes
105087,No
105088,Yes
105089,Yes
105090,Yes
105091,Yes
105092,Yes
105093,Yes
105094,Yes
105095,No
105096,Yes
105097,Yes
105098,Yes
105099,Yes
105100,Yes
105101,No
105102,Yes
105103,Yes
105104,Yes
105105,Yes
105106,No
105107,Yes
105108,No
105109,Yes
105110,Yes
105111,No
105112,No
105113,Yes
105114,Yes
105115,Yes
105116,Yes
105117,No
105118,Yes
105119,Yes
105120,Yes
105121,Yes
105122,No
105123,No
105124,Yes
105125,No
105126,No
105127,Yes
105128,Yes
105129,No
105130,Yes
105131,Yes
105132,Yes
105133,Yes
105134,Yes
105135,No
105136,Yes
105137,Yes
105138,No
105139,No
105140,Yes
105141,Yes
105142,No
105143,No
105144,No
105145,Yes
105146,Yes
105147,Yes
105148,Yes
105149,No
105150,Yes
105151,Yes
105152,Yes
105153,No
105154,No
105155,Yes
105156,Yes
105157,Yes
105158,No
105159,Yes
105160,Yes
105161,Yes
105162,Yes
105163,Yes
105164,No
105165,Yes
105166,Yes
105167,No
105168,No
105169,Yes
105170,Yes
105171,Yes
105172,Yes
105173,Yes
105174,Yes
105175,Yes
105176,Yes
105177,Yes
105178,No
105179,Yes
105180,Yes
105181,Yes
105182,Yes
105183,Yes
105184,Yes
105185,Yes
105186,Yes
105187,No
105188,No
105189,Yes
105190,Yes
105191,Yes
105192,No
105193,Yes
105194,Yes
105195,Yes
105196,No
105197,No
105198,No
105199,Yes
105200,Yes
105201,Yes
105202,No
105203,No
105204,No
105205,Yes
105206,Yes
105207,Yes
105208,Yes
105209,Yes
105210,Yes
105211,Yes
105212,Yes
105213,No
105214,Yes
105215,Yes
105216,Yes
105217,Yes
105218,No
105219,Yes
105220,Yes
105221,Yes
105222,Yes
105223,Yes
105224,Yes
105225,Yes
105226,Yes
105227,Yes
105228,No
105229,Yes
105230,Yes
105231,Yes
105232,Yes
105233,No
105234,No
105235,No
105236,Yes
105237,Yes
105238,Yes
105239,Yes
105240,No
105241,Yes
105242,Yes
105243,Yes
105244,No
105245,Yes
105246,No
105247,Yes
105248,No
105249,Yes
105250,No
105251,Yes
105252,Yes
105253,No
105254,Yes
105255,No
105256,Yes
105257,Yes
105258,Yes
105259,Yes
105260,Yes
105261,Yes
105262,Yes
105263,Yes
105264,Yes
105265,No
105266,Yes
105267,Yes
105268,No
105269,Yes
105270,No
105271,Yes
105272,Yes
105273,Yes
105274,Yes
105275,Yes
105276,Yes
105277,Yes
105278,No
105279,Yes
105280,Yes
105281,Yes
105282,Yes
105283,No
105284,Yes
105285,Yes
105286,Yes
105287,No
105288,Yes
105289,No
105290,Yes
105291,Yes
105292,Yes
105293,Yes
105294,Yes
105295,Yes
105296,Yes
105297,Yes
105298,No
105299,No
105300,No
105301,Yes
105302,Yes
105303,Yes
105304,No
105305,No
105306,No
105307,Yes
105308,No
105309,Yes
105310,Yes
105311,Yes
105312,Yes
105313,Yes
105314,Yes
105315,Yes
105316,No
105317,Yes
105318,No
105319,No
105320,Yes
105321,Yes
105322,Yes
105323,Yes
105324,No
105325,Yes
105326,Yes
105327,Yes
105328,No
105329,Yes
105330,Yes
105331,No
105332,No
105333,Yes
105334,No
105335,Yes
105336,Yes
105337,No
105338,Yes
105339,Yes
105340,Yes
105341,No
105342,Yes
105343,Yes
105344,Yes
105345,No
105346,Yes
105347,Yes
105348,Yes
105349,Yes
105350,Yes
105351,Yes
105352,Yes
105353,Yes
105354,No
105355,Yes
105356,No
105357,Yes
105358,No
105359,No
105360,Yes
105361,No
105362,No
105363,No
105364,Yes
105365,No
105366,No
105367,No
105368,Yes
105369,Yes
105370,No
105371,No
105372,Yes
105373,Yes
105374,Yes
105375,Yes
105376,Yes
105377,No
105378,Yes
105379,No
105380,Yes
105381,Yes
105382,Yes
105383,No
105384,Yes
105385,Yes
105386,Yes
105387,Yes
105388,No
105389,No
105390,Yes
105391,Yes
105392,Yes
105393,No
105394,Yes
105395,Yes
105396,No
105397,Yes
105398,No
105399,No
105400,Yes
105401,No
105402,No
105403,Yes
105404,Yes
105405,Yes
105406,Yes
105407,No
105408,Yes
105409,No
105410,No
105411,No
105412,Yes
105413,No
105414,Yes
105415,Yes
105416,No
105417,No
105418,No
105419,No
105420,Yes
105421,Yes
105422,No
105423,Yes
105424,Yes
105425,Yes
105426,Yes
105427,Yes
105428,Yes
105429,No
105430,Yes
105431,Yes
105432,No
105433,No
105434,No
105435,Yes
105436,No
105437,No
105438,Yes
105439,Yes
105440,Yes
105441,No
105442,No
105443,Yes
105444,Yes
105445,Yes
105446,No
105447,Yes
105448,Yes
105449,Yes
105450,No
105451,Yes
105452,No
105453,Yes
105454,Yes
105455,Yes
105456,Yes
105457,Yes
105458,No
105459,No
105460,Yes
105461,Yes
105462,Yes
105463,Yes
105464,Yes
105465,Yes
105466,Yes
105467,Yes
105468,No
105469,Yes
105470,Yes
105471,Yes
105472,Yes
105473,Yes
105474,Yes
105475,Yes
105476,Yes
105477,Yes
105478,No
105479,Yes
105480,Yes
105481,Yes
105482,No
105483,Yes
105484,Yes
105485,Yes
105486,Yes
105487,No
105488,Yes
105489,Yes
105490,No
105491,Yes
105492,Yes
105493,Yes
105494,Yes
105495,No
105496,Yes
105497,Yes
105498,Yes
105499,No
105500,No
105501,Yes
105502,Yes
105503,Yes
105504,Yes
105505,Yes
105506,No
105507,No
105508,No
105509,No
105510,No
105511,No
105512,No
105513,No
105514,No
105515,Yes
105516,Yes
105517,Yes
105518,No
105519,Yes
105520,Yes
105521,Yes
105522,Yes
105523,Yes
105524,No
105525,Yes
105526,Yes
105527,Yes
105528,Yes
105529,No
105530,Yes
105531,No
105532,Yes
105533,No
105534,No
105535,Yes
105536,Yes
105537,Yes
105538,Yes
105539,Yes
105540,Yes
105541,No
105542,No
105543,No
105544,Yes
105545,Yes
105546,Yes
105547,Yes
105548,Yes
105549,Yes
105550,No
105551,Yes
105552,Yes
105553,Yes
105554,Yes
105555,Yes
105556,Yes
105557,No
105558,Yes
105559,Yes
105560,Yes
105561,Yes
105562,No
105563,Yes
105564,Yes
105565,Yes
105566,No
105567,Yes
105568,No
105569,No
105570,Yes
105571,Yes
105572,No
105573,No
105574,No
105575,No
105576,No
105577,Yes
105578,Yes
105579,Yes
105580,Yes
105581,Yes
105582,Yes
105583,No
105584,No
105585,Yes
105586,Yes
105587,Yes
105588,Yes
105589,No
105590,No
105591,Yes
105592,Yes
105593,Yes
105594,No
105595,No
105596,No
105597,No
105598,Yes
105599,Yes
105600,Yes
105601,Yes
105602,Yes
105603,Yes
105604,Yes
105605,Yes
105606,Yes
105607,No
105608,Yes
105609,Yes
105610,No
105611,Yes
105612,Yes
105613,Yes
105614,No
105615,No
105616,No
105617,No
105618,No
105619,Yes
105620,No
105621,No
105622,Yes
105623,Yes
105624,No
105625,No
105626,Yes
105627,Yes
105628,No
105629,No
105630,Yes
105631,No
105632,Yes
105633,Yes
105634,Yes
105635,Yes
105636,Yes
105637,Yes
105638,No
105639,Yes
105640,Yes
105641,Yes
105642,Yes
105643,Yes
105644,Yes
105645,Yes
105646,No
105647,Yes
105648,Yes
105649,Yes
105650,No
105651,No
105652,Yes
105653,Yes
105654,No
105655,No
105656,No
105657,No
105658,Yes
105659,Yes
105660,Yes
105661,No
105662,No
105663,Yes
105664,Yes
105665,Yes
105666,Yes
105667,No
105668,Yes
105669,Yes
105670,Yes
105671,Yes
105672,Yes
105673,Yes
105674,Yes
105675,Yes
105676,No
105677,No
105678,No
105679,Yes
105680,Yes
105681,Yes
105682,No
105683,Yes
105684,Yes
105685,Yes
105686,No
105687,Yes
105688,Yes
105689,Yes
105690,Yes
105691,Yes
105692,Yes
105693,Yes
105694,Yes
105695,No
105696,Yes
105697,Yes
105698,Yes
105699,No
105700,No
105701,Yes
105702,Yes
105703,Yes
105704,Yes
105705,Yes
105706,No
105707,Yes
105708,Yes
105709,Yes
105710,Yes
105711,No
105712,Yes
105713,Yes
105714,Yes
105715,Yes
105716,No
105717,No
105718,No
105719,Yes
105720,Yes
105721,Yes
105722,Yes
105723,Yes
105724,Yes
105725,No
105726,Yes
105727,Yes
105728,No
105729,No
105730,Yes
105731,Yes
105732,Yes
105733,Yes
105734,Yes
105735,Yes
105736,Yes
105737,No
105738,Yes
105739,Yes
105740,Yes
105741,Yes
105742,Yes
105743,Yes
105744,Yes
105745,No
105746,Yes
105747,No
105748,Yes
105749,Yes
105750,Yes
105751,Yes
105752,Yes
105753,No
105754,Yes
105755,Yes
105756,No
105757,Yes
105758,Yes
105759,Yes
105760,Yes
105761,No
105762,Yes
105763,Yes
105764,Yes
105765,No
105766,Yes
105767,Yes
105768,Yes
105769,Yes
105770,Yes
105771,Yes
105772,No
105773,No
105774,Yes
105775,No
105776,No
105777,Yes
105778,No
105779,No
105780,Yes
105781,Yes
105782,No
105783,Yes
105784,Yes
105785,Yes
105786,Yes
105787,No
105788,Yes
105789,Yes
105790,Yes
105791,Yes
105792,No
105793,Yes
105794,Yes
105795,Yes
105796,No
105797,Yes
105798,Yes
105799,Yes
105800,No
105801,Yes
105802,Yes
105803,No
105804,No
105805,Yes
105806,No
105807,No
105808,Yes
105809,No
105810,Yes
105811,Yes
105812,Yes
105813,No
105814,No
105815,Yes
105816,Yes
105817,Yes
105818,Yes
105819,Yes
105820,Yes
105821,Yes
105822,Yes
105823,Yes
105824,No
105825,Yes
105826,Yes
105827,Yes
105828,Yes
105829,No
105830,No
105831,Yes
105832,Yes
105833,Yes
105834,Yes
105835,Yes
105836,Yes
105837,Yes
105838,No
105839,Yes
105840,No
105841,Yes
105842,No
105843,Yes
105844,No
105845,Yes
105846,No
105847,No
105848,Yes
105849,Yes
105850,Yes
105851,Yes
105852,No
105853,No
105854,Yes
105855,Yes
105856,No
105857,Yes
105858,No
105859,Yes
105860,Yes
105861,Yes
105862,Yes
105863,Yes
105864,Yes
105865,Yes
105866,Yes
105867,Yes
105868,Yes
105869,Yes
105870,No
105871,Yes
105872,No
105873,No
105874,Yes
105875,Yes
105876,Yes
105877,Yes
105878,Yes
105879,Yes
105880,Yes
105881,No
105882,No
105883,Yes
105884,Yes
105885,Yes
105886,Yes
105887,Yes
105888,Yes
105889,Yes
105890,No
105891,No
105892,Yes
105893,Yes
105894,Yes
105895,Yes
105896,No
105897,Yes
105898,Yes
105899,Yes
105900,No
105901,Yes
105902,Yes
105903,Yes
105904,No
105905,Yes
105906,No
105907,Yes
105908,Yes
105909,Yes
105910,Yes
105911,Yes
105912,No
105913,Yes
105914,No
105915,Yes
105916,Yes
105917,Yes
105918,Yes
105919,Yes
105920,No
105921,Yes
105922,No
105923,Yes
105924,Yes
105925,No
105926,Yes
105927,No
105928,Yes
105929,No
105930,Yes
105931,No
105932,No
105933,Yes
105934,Yes
105935,Yes
105936,Yes
105937,Yes
105938,Yes
105939,Yes
105940,Yes
105941,Yes
105942,Yes
105943,Yes
105944,Yes
105945,Yes
105946,No
105947,Yes
105948,No
105949,No
105950,Yes
105951,No
105952,Yes
105953,Yes
105954,Yes
105955,No
105956,Yes
105957,Yes
105958,No
105959,Yes
105960,No
105961,Yes
105962,Yes
105963,No
105964,No
105965,No
105966,Yes
105967,Yes
105968,Yes
105969,No
105970,No
105971,No
105972,Yes
105973,No
105974,Yes
105975,Yes
105976,Yes
105977,No
105978,Yes
105979,Yes
105980,No
105981,Yes
105982,Yes
105983,Yes
105984,Yes
105985,Yes
105986,No
105987,Yes
105988,Yes
105989,No
105990,Yes
105991,No
105992,Yes
105993,Yes
105994,Yes
105995,Yes
105996,No
105997,No
105998,Yes
105999,No
106000,Yes
106001,Yes
106002,Yes
106003,Yes
106004,Yes
106005,No
106006,Yes
106007,Yes
106008,No
106009,Yes
106010,Yes
106011,Yes
106012,No
106013,Yes
106014,Yes
106015,No
106016,No
106017,No
106018,Yes
106019,No
106020,Yes
106021,No
106022,Yes
106023,Yes
106024,Yes
106025,No
106026,No
106027,Yes
106028,No
106029,Yes
106030,No
106031,No
106032,Yes
106033,Yes
106034,No
106035,Yes
106036,No
106037,No
106038,No
106039,No
106040,Yes
106041,Yes
106042,Yes
106043,Yes
106044,Yes
106045,Yes
106046,Yes
106047,Yes
106048,Yes
106049,Yes
106050,Yes
106051,Yes
106052,Yes
106053,Yes
106054,No
106055,No
106056,Yes
106057,No
106058,No
106059,Yes
106060,Yes
106061,Yes
106062,Yes
106063,Yes
106064,Yes
106065,Yes
106066,No
106067,Yes
106068,No
106069,Yes
106070,No
106071,Yes
106072,Yes
106073,No
106074,No
106075,No
106076,Yes
106077,No
106078,Yes
106079,Yes
106080,No
106081,Yes
106082,Yes
106083,No
106084,No
106085,Yes
106086,No
106087,Yes
106088,No
106089,Yes
106090,No
106091,Yes
106092,Yes
106093,Yes
106094,Yes
106095,Yes
106096,No
106097,Yes
106098,No
106099,No
106100,Yes
106101,Yes
106102,No
106103,No
106104,Yes
106105,Yes
106106,Yes
106107,Yes
106108,Yes
106109,Yes
106110,Yes
106111,Yes
106112,Yes
106113,Yes
106114,Yes
106115,Yes
106116,No
106117,Yes
106118,No
106119,Yes
106120,Yes
106121,Yes
106122,Yes
106123,Yes
106124,Yes
106125,Yes
106126,No
106127,No
106128,Yes
106129,Yes
106130,No
106131,Yes
106132,Yes
106133,Yes
106134,Yes
106135,No
106136,Yes
106137,No
106138,Yes
106139,Yes
106140,Yes
106141,Yes
106142,No
106143,Yes
106144,Yes
106145,No
106146,Yes
106147,No
106148,Yes
106149,Yes
106150,Yes
106151,No
106152,No
106153,No
106154,Yes
106155,Yes
106156,No
106157,No
106158,Yes
106159,No
106160,No
106161,Yes
106162,No
106163,Yes
106164,No
106165,Yes
106166,Yes
106167,Yes
106168,No
106169,No
106170,Yes
106171,Yes
106172,Yes
106173,Yes
106174,No
106175,Yes
106176,Yes
106177,Yes
106178,No
106179,Yes
106180,No
106181,Yes
106182,Yes
106183,No
106184,No
106185,No
106186,Yes
106187,No
106188,No
106189,Yes
106190,Yes
106191,No
106192,Yes
106193,Yes
106194,No
106195,Yes
106196,Yes
106197,Yes
106198,No
106199,Yes
106200,Yes
106201,Yes
106202,No
106203,No
106204,No
106205,No
106206,Yes
106207,No
106208,No
106209,Yes
106210,Yes
106211,Yes
106212,Yes
106213,Yes
106214,Yes
106215,No
106216,Yes
106217,Yes
106218,Yes
106219,Yes
106220,Yes
106221,Yes
106222,No
106223,Yes
106224,Yes
106225,Yes
106226,No
106227,Yes
106228,No
106229,No
106230,Yes
106231,No
106232,Yes
106233,Yes
106234,No
106235,No
106236,No
106237,Yes
106238,Yes
106239,No
106240,No
106241,No
106242,Yes
106243,Yes
106244,Yes
106245,No
106246,No
106247,No
106248,Yes
106249,Yes
106250,No
106251,Yes
106252,No
106253,Yes
106254,Yes
106255,Yes
106256,Yes
106257,Yes
106258,Yes
106259,No
106260,No
106261,Yes
106262,Yes
106263,No
106264,No
106265,No
106266,Yes
106267,No
106268,Yes
106269,No
106270,Yes
106271,No
106272,Yes
106273,No
106274,Yes
106275,Yes
106276,Yes
106277,Yes
106278,Yes
106279,No
106280,No
106281,No
106282,Yes
106283,Yes
106284,Yes
106285,Yes
106286,Yes
106287,Yes
106288,Yes
106289,Yes
106290,Yes
106291,Yes
106292,No
106293,No
106294,No
106295,No
106296,No
106297,Yes
106298,No
106299,Yes
106300,Yes
106301,No
106302,Yes
106303,No
106304,Yes
106305,Yes
106306,Yes
106307,Yes
106308,Yes
106309,Yes
106310,No
106311,Yes
106312,Yes
106313,Yes
106314,Yes
106315,No
106316,No
106317,Yes
106318,Yes
106319,No
106320,Yes
106321,No
106322,Yes
106323,No
106324,Yes
106325,Yes
106326,Yes
106327,Yes
106328,No
106329,No
106330,No
106331,No
106332,Yes
106333,Yes
106334,No
106335,Yes
106336,No
106337,Yes
106338,Yes
106339,Yes
106340,No
106341,Yes
106342,No
106343,Yes
106344,No
106345,Yes
106346,No
106347,Yes
106348,No
106349,Yes
106350,Yes
106351,No
106352,Yes
106353,Yes
106354,Yes
106355,Yes
106356,Yes
106357,No
106358,Yes
106359,Yes
106360,Yes
106361,Yes
106362,Yes
106363,Yes
106364,Yes
106365,Yes
106366,Yes
106367,Yes
106368,Yes
106369,Yes
106370,Yes
106371,Yes
106372,Yes
106373,Yes
106374,Yes
106375,Yes
106376,Yes
106377,No
106378,Yes
106379,No
106380,Yes
106381,No
106382,Yes
106383,No
106384,Yes
106385,No
106386,Yes
106387,No
106388,No
106389,Yes
106390,Yes
106391,Yes
106392,Yes
106393,Yes
106394,No
106395,No
106396,No
106397,Yes
106398,Yes
106399,No
106400,Yes
106401,Yes
106402,Yes
106403,No
106404,No
106405,Yes
106406,Yes
106407,No
106408,Yes
106409,Yes
106410,No
106411,No
106412,Yes
106413,Yes
106414,Yes
106415,No
106416,Yes
106417,Yes
106418,Yes
106419,No
106420,Yes
106421,Yes
106422,Yes
106423,No
106424,Yes
106425,Yes
106426,Yes
106427,No
106428,No
106429,Yes
106430,Yes
106431,Yes
106432,Yes
106433,Yes
106434,Yes
106435,Yes
106436,No
106437,No
106438,Yes
106439,No
106440,No
106441,Yes
106442,Yes
106443,Yes
106444,No
106445,No
106446,Yes
106447,Yes
106448,Yes
106449,Yes
106450,No
106451,No
106452,Yes
106453,Yes
106454,Yes
106455,No
106456,Yes
106457,Yes
106458,Yes
106459,Yes
106460,No
106461,No
106462,Yes
106463,No
106464,No
106465,No
106466,Yes
106467,No
106468,Yes
106469,Yes
106470,Yes
106471,No
106472,Yes
106473,Yes
106474,Yes
106475,No
106476,Yes
106477,No
106478,Yes
106479,Yes
106480,No
106481,Yes
106482,Yes
106483,Yes
106484,Yes
106485,Yes
106486,No
106487,Yes
106488,Yes
106489,Yes
106490,Yes
106491,No
106492,Yes
106493,No
106494,Yes
106495,No
106496,No
106497,No
106498,Yes
106499,Yes
106500,No
106501,Yes
106502,No
106503,Yes
106504,Yes
106505,Yes
106506,Yes
106507,Yes
106508,Yes
106509,No
106510,Yes
106511,No
106512,Yes
106513,No
106514,Yes
106515,Yes
106516,Yes
106517,No
106518,Yes
106519,Yes
106520,Yes
106521,No
106522,Yes
106523,Yes
106524,No
106525,Yes
106526,Yes
106527,No
106528,Yes
106529,No
106530,Yes
106531,Yes
106532,No
106533,No
106534,No
106535,No
106536,No
106537,Yes
106538,No
106539,Yes
106540,Yes
106541,Yes
106542,Yes
106543,Yes
106544,No
106545,Yes
106546,No
106547,Yes
106548,Yes
106549,Yes
106550,Yes
106551,Yes
106552,Yes
106553,No
106554,No
106555,Yes
106556,Yes
106557,No
106558,Yes
106559,No
106560,No
106561,Yes
106562,No
106563,No
106564,Yes
106565,Yes
106566,No
106567,Yes
106568,Yes
106569,Yes
106570,No
106571,Yes
106572,Yes
106573,Yes
106574,No
106575,No
106576,Yes
106577,Yes
106578,Yes
106579,Yes
106580,Yes
106581,Yes
106582,Yes
106583,No
106584,Yes
106585,No
106586,No
106587,No
106588,Yes
106589,Yes
106590,No
106591,Yes
106592,Yes
106593,Yes
106594,Yes
106595,Yes
106596,Yes
106597,No
106598,No
106599,No
106600,Yes
106601,Yes
106602,Yes
106603,Yes
106604,Yes
106605,Yes
106606,Yes
106607,Yes
106608,Yes
106609,Yes
106610,Yes
106611,Yes
106612,No
106613,Yes
106614,No
106615,Yes
106616,Yes
106617,No
106618,No
106619,Yes
106620,No
106621,No
106622,Yes
106623,Yes
106624,Yes
106625,Yes
106626,Yes
106627,Yes
106628,Yes
106629,Yes
106630,No
106631,No
106632,Yes
106633,Yes
106634,No
106635,No
106636,No
106637,Yes
106638,Yes
106639,Yes
106640,Yes
106641,Yes
106642,Yes
106643,Yes
106644,No
106645,Yes
106646,Yes
106647,Yes
106648,No
106649,No
106650,No
106651,No
106652,Yes
106653,Yes
106654,Yes
106655,No
106656,Yes
106657,Yes
106658,Yes
106659,Yes
106660,No
106661,Yes
106662,Yes
106663,Yes
106664,Yes
106665,No
106666,Yes
106667,No
106668,Yes
106669,Yes
106670,Yes
106671,Yes
106672,No
106673,No
106674,Yes
106675,No
106676,No
106677,Yes
106678,No
106679,No
106680,Yes
106681,Yes
106682,No
106683,No
106684,Yes
106685,Yes
106686,Yes
106687,Yes
106688,No
106689,No
106690,No
106691,No
106692,Yes
106693,Yes
106694,No
106695,Yes
106696,No
106697,No
106698,Yes
106699,Yes
106700,Yes
106701,Yes
106702,Yes
106703,Yes
106704,Yes
106705,No
106706,No
106707,No
106708,Yes
106709,Yes
106710,No
106711,No
106712,Yes
106713,Yes
106714,Yes
106715,Yes
106716,Yes
106717,Yes
106718,No
106719,Yes
106720,No
106721,Yes
106722,Yes
106723,Yes
106724,Yes
106725,Yes
106726,Yes
106727,Yes
106728,Yes
106729,No
106730,No
106731,Yes
106732,No
106733,Yes
106734,Yes
106735,Yes
106736,Yes
106737,Yes
106738,Yes
106739,Yes
106740,Yes
106741,No
106742,Yes
106743,No
106744,Yes
106745,No
106746,Yes
106747,Yes
106748,Yes
106749,Yes
106750,No
106751,Yes
106752,Yes
106753,Yes
106754,Yes
106755,Yes
106756,Yes
106757,No
106758,No
106759,Yes
106760,Yes
106761,No
106762,No
106763,Yes
106764,No
106765,Yes
106766,Yes
106767,No
106768,Yes
106769,No
106770,Yes
106771,Yes
106772,Yes
106773,Yes
106774,Yes
106775,Yes
106776,Yes
106777,Yes
106778,Yes
106779,Yes
106780,Yes
106781,Yes
106782,Yes
106783,No
106784,Yes
106785,Yes
106786,No
106787,No
106788,Yes
106789,Yes
106790,Yes
106791,Yes
106792,No
106793,Yes
106794,No
106795,No
106796,No
106797,No
106798,Yes
106799,Yes
106800,Yes
106801,Yes
106802,Yes
106803,No
106804,Yes
106805,Yes
106806,Yes
106807,Yes
106808,Yes
106809,No
106810,Yes
106811,No
106812,Yes
106813,No
106814,Yes
106815,No
106816,Yes
106817,Yes
106818,Yes
106819,Yes
106820,Yes
106821,Yes
106822,Yes
106823,Yes
106824,Yes
106825,Yes
106826,Yes
106827,Yes
106828,Yes
106829,Yes
106830,Yes
106831,Yes
106832,No
106833,Yes
106834,No
106835,Yes
106836,No
106837,Yes
106838,Yes
106839,Yes
106840,Yes
106841,Yes
106842,No
106843,Yes
106844,Yes
106845,Yes
106846,Yes
106847,Yes
106848,No
106849,No
106850,No
106851,Yes
106852,No
106853,Yes
106854,Yes
106855,Yes
106856,Yes
106857,No
106858,Yes
106859,No
106860,Yes
106861,No
106862,No
106863,Yes
106864,Yes
106865,Yes
106866,Yes
106867,Yes
106868,No
106869,No
106870,Yes
106871,Yes
106872,Yes
106873,Yes
106874,No
106875,Yes
106876,Yes
106877,No
106878,Yes
106879,No
106880,Yes
106881,No
106882,No
106883,Yes
106884,No
106885,Yes
106886,No
106887,No
106888,Yes
106889,Yes
106890,No
106891,No
106892,No
106893,No
106894,Yes
106895,Yes
106896,No
106897,Yes
106898,Yes
106899,No
106900,No
106901,No
106902,Yes
106903,Yes
106904,Yes
106905,Yes
106906,No
106907,Yes
106908,No
106909,Yes
106910,No
106911,No
106912,Yes
106913,Yes
106914,No
106915,No
106916,Yes
106917,Yes
106918,No
106919,Yes
106920,No
106921,Yes
106922,No
106923,No
106924,Yes
106925,Yes
106926,Yes
106927,No
106928,Yes
106929,No
106930,Yes
106931,No
106932,No
106933,No
106934,Yes
106935,Yes
106936,Yes
106937,Yes
106938,No
106939,Yes
106940,No
106941,Yes
106942,No
106943,No
106944,Yes
106945,No
106946,No
106947,Yes
106948,Yes
106949,Yes
106950,Yes
106951,No
106952,Yes
106953,No
106954,Yes
106955,No
106956,No
106957,No
106958,Yes
106959,No
106960,Yes
106961,No
106962,Yes
106963,Yes
106964,Yes
106965,Yes
106966,No
106967,Yes
106968,No
106969,No
106970,No
106971,No
106972,Yes
106973,Yes
106974,Yes
106975,Yes
106976,No
106977,No
106978,Yes
106979,No
106980,No
106981,Yes
106982,No
106983,Yes
106984,No
106985,Yes
106986,Yes
106987,No
106988,Yes
106989,Yes
106990,Yes
106991,Yes
106992,Yes
106993,No
106994,Yes
106995,Yes
106996,Yes
106997,Yes
106998,Yes
106999,No
107000,No
107001,Yes
107002,Yes
107003,No
107004,No
107005,Yes
107006,No
107007,Yes
107008,No
107009,Yes
107010,Yes
107011,Yes
107012,Yes
107013,No
107014,No
107015,Yes
107016,Yes
107017,Yes
107018,No
107019,No
107020,Yes
107021,Yes
107022,No
107023,No
107024,Yes
107025,No
107026,No
107027,Yes
107028,No
107029,Yes
107030,No
107031,Yes
107032,Yes
107033,No
107034,Yes
107035,Yes
107036,Yes
107037,Yes
107038,Yes
107039,Yes
107040,No
107041,Yes
107042,Yes
107043,Yes
107044,No
107045,Yes
107046,Yes
107047,Yes
107048,Yes
107049,No
107050,Yes
107051,No
107052,No
107053,Yes
107054,Yes
107055,Yes
107056,Yes
107057,Yes
107058,Yes
107059,No
107060,No
107061,No
107062,Yes
107063,Yes
107064,Yes
107065,Yes
107066,Yes
107067,Yes
107068,No
107069,No
107070,Yes
107071,Yes
107072,No
107073,Yes
107074,No
107075,Yes
107076,No
107077,Yes
107078,No
107079,No
107080,Yes
107081,Yes
107082,Yes
107083,No
107084,No
107085,No
107086,Yes
107087,Yes
107088,Yes
107089,No
107090,No
107091,No
107092,No
107093,Yes
107094,No
107095,Yes
107096,Yes
107097,No
107098,Yes
107099,No
107100,Yes
107101,Yes
107102,No
107103,No
107104,Yes
107105,Yes
107106,Yes
107107,No
107108,Yes
107109,Yes
107110,Yes
107111,Yes
107112,Yes
107113,Yes
107114,No
107115,Yes
107116,Yes
107117,Yes
107118,Yes
107119,No
107120,Yes
107121,Yes
107122,No
107123,Yes
107124,No
107125,Yes
107126,Yes
107127,Yes
107128,No
107129,No
107130,Yes
107131,No
107132,No
107133,Yes
107134,Yes
107135,No
107136,No
107137,Yes
107138,No
107139,No
107140,No
107141,No
107142,Yes
107143,No
107144,Yes
107145,Yes
107146,Yes
107147,Yes
107148,Yes
107149,Yes
107150,Yes
107151,No
107152,Yes
107153,Yes
107154,Yes
107155,Yes
107156,No
107157,No
107158,No
107159,Yes
107160,No
107161,Yes
107162,No
107163,No
107164,Yes
107165,Yes
107166,Yes
107167,Yes
107168,Yes
107169,No
107170,Yes
107171,Yes
107172,No
107173,Yes
107174,No
107175,Yes
107176,Yes
107177,Yes
107178,Yes
107179,Yes
107180,Yes
107181,Yes
107182,No
107183,Yes
107184,Yes
107185,Yes
107186,Yes
107187,Yes
107188,Yes
107189,No
107190,Yes
107191,No
107192,Yes
107193,No
107194,Yes
107195,No
107196,Yes
107197,No
107198,Yes
107199,No
107200,Yes
107201,Yes
107202,Yes
107203,Yes
107204,Yes
107205,Yes
107206,No
107207,No
107208,Yes
107209,No
107210,No
107211,Yes
107212,No
107213,No
107214,Yes
107215,Yes
107216,Yes
107217,Yes
107218,Yes
107219,Yes
107220,Yes
107221,No
107222,Yes
107223,No
107224,Yes
107225,Yes
107226,No
107227,No
107228,Yes
107229,Yes
107230,No
107231,No
107232,Yes
107233,Yes
107234,No
107235,Yes
107236,Yes
107237,No
107238,Yes
107239,No
107240,Yes
107241,Yes
107242,Yes
107243,Yes
107244,Yes
107245,Yes
107246,Yes
107247,No
107248,No
107249,Yes
107250,Yes
107251,Yes
107252,Yes
107253,Yes
107254,No
107255,No
107256,Yes
107257,Yes
107258,Yes
107259,No
107260,No
107261,Yes
107262,Yes
107263,No
107264,Yes
107265,No
107266,Yes
107267,Yes
107268,Yes
107269,Yes
107270,No
107271,Yes
107272,Yes
107273,No
107274,Yes
107275,Yes
107276,Yes
107277,Yes
107278,Yes
107279,Yes
107280,Yes
107281,No
107282,Yes
107283,No
107284,No
107285,No
107286,No
107287,Yes
107288,Yes
107289,Yes
107290,Yes
107291,Yes
107292,Yes
107293,No
107294,Yes
107295,Yes
107296,No
107297,Yes
107298,Yes
107299,Yes
107300,No
107301,Yes
107302,Yes
107303,No
107304,No
107305,No
107306,Yes
107307,Yes
107308,No
107309,Yes
107310,Yes
107311,No
107312,No
107313,No
107314,No
107315,No
107316,Yes
107317,No
107318,No
107319,No
107320,Yes
107321,No
107322,Yes
107323,No
107324,Yes
107325,Yes
107326,Yes
107327,Yes
107328,Yes
107329,Yes
107330,Yes
107331,Yes
107332,No
107333,No
107334,No
107335,Yes
107336,Yes
107337,Yes
107338,Yes
107339,No
107340,Yes
107341,Yes
107342,Yes
107343,Yes
107344,Yes
107345,No
107346,Yes
107347,Yes
107348,Yes
107349,Yes
107350,Yes
107351,Yes
107352,No
107353,Yes
107354,Yes
107355,Yes
107356,No
107357,No
107358,Yes
107359,Yes
107360,Yes
107361,Yes
107362,Yes
107363,Yes
107364,No
107365,Yes
107366,Yes
107367,No
107368,No
107369,Yes
107370,No
107371,No
107372,Yes
107373,No
107374,No
107375,Yes
107376,Yes
107377,Yes
107378,Yes
107379,Yes
107380,Yes
107381,Yes
107382,Yes
107383,Yes
107384,No
107385,Yes
107386,Yes
107387,No
107388,Yes
107389,No
107390,Yes
107391,Yes
107392,No
107393,Yes
107394,Yes
107395,Yes
107396,Yes
107397,No
107398,Yes
107399,Yes
107400,No
107401,Yes
107402,Yes
107403,Yes
107404,Yes
107405,Yes
107406,Yes
107407,No
107408,Yes
107409,Yes
107410,No
107411,No
107412,Yes
107413,Yes
107414,Yes
107415,Yes
107416,No
107417,Yes
107418,Yes
107419,Yes
107420,No
107421,Yes
107422,Yes
107423,Yes
107424,Yes
107425,Yes
107426,Yes
107427,No
107428,Yes
107429,No
107430,Yes
107431,Yes
107432,Yes
107433,No
107434,Yes
107435,Yes
107436,Yes
107437,No
107438,Yes
107439,No
107440,Yes
107441,Yes
107442,Yes
107443,No
107444,Yes
107445,Yes
107446,Yes
107447,Yes
107448,No
107449,No
107450,Yes
107451,Yes
107452,No
107453,No
107454,Yes
107455,Yes
107456,No
107457,Yes
107458,Yes
107459,Yes
107460,Yes
107461,Yes
107462,Yes
107463,No
107464,Yes
107465,Yes
107466,Yes
107467,No
107468,No
107469,Yes
107470,Yes
107471,No
107472,Yes
107473,Yes
107474,No
107475,Yes
107476,Yes
107477,Yes
107478,Yes
107479,Yes
107480,Yes
107481,Yes
107482,Yes
107483,Yes
107484,Yes
107485,No
107486,Yes
107487,Yes
107488,No
107489,No
107490,No
107491,Yes
107492,Yes
107493,Yes
107494,Yes
107495,Yes
107496,No
107497,Yes
107498,Yes
107499,Yes
107500,No
107501,No
107502,No
107503,No
107504,Yes
107505,Yes
107506,Yes
107507,No
107508,Yes
107509,Yes
107510,No
107511,Yes
107512,No
107513,No
107514,Yes
107515,Yes
107516,No
107517,No
107518,Yes
107519,No
107520,Yes
107521,Yes
107522,Yes
107523,Yes
107524,No
107525,Yes
107526,No
107527,Yes
107528,Yes
107529,Yes
107530,No
107531,No
107532,Yes
107533,Yes
107534,Yes
107535,No
107536,Yes
107537,No
107538,Yes
107539,Yes
107540,No
107541,Yes
107542,Yes
107543,No
107544,Yes
107545,Yes
107546,Yes
107547,Yes
107548,Yes
107549,Yes
107550,Yes
107551,Yes
107552,No
107553,No
107554,No
107555,Yes
107556,Yes
107557,Yes
107558,Yes
107559,Yes
107560,Yes
107561,Yes
107562,Yes
107563,No
107564,Yes
107565,No
107566,No
107567,No
107568,Yes
107569,No
107570,Yes
107571,No
107572,No
107573,Yes
107574,Yes
107575,No
107576,Yes
107577,Yes
107578,Yes
107579,Yes
107580,Yes
107581,Yes
107582,Yes
107583,Yes
107584,Yes
107585,No
107586,No
107587,No
107588,Yes
107589,Yes
107590,No
107591,Yes
107592,Yes
107593,No
107594,No
107595,Yes
107596,Yes
107597,No
107598,Yes
107599,No
107600,Yes
107601,Yes
107602,No
107603,Yes
107604,Yes
107605,No
107606,Yes
107607,Yes
107608,No
107609,Yes
107610,Yes
107611,No
107612,Yes
107613,Yes
107614,No
107615,Yes
107616,Yes
107617,No
107618,Yes
107619,No
107620,Yes
107621,Yes
107622,Yes
107623,Yes
107624,No
107625,Yes
107626,Yes
107627,Yes
107628,No
107629,Yes
107630,Yes
107631,Yes
107632,Yes
107633,Yes
107634,Yes
107635,Yes
107636,Yes
107637,No
107638,Yes
107639,No
107640,No
107641,Yes
107642,Yes
107643,Yes
107644,No
107645,Yes
107646,Yes
107647,Yes
107648,Yes
107649,No
107650,Yes
107651,Yes
107652,No
107653,Yes
107654,Yes
107655,No
107656,Yes
107657,Yes
107658,Yes
107659,Yes
107660,Yes
107661,Yes
107662,Yes
107663,Yes
107664,Yes
107665,Yes
107666,No
107667,Yes
107668,Yes
107669,Yes
107670,No
107671,Yes
107672,No
107673,Yes
107674,Yes
107675,Yes
107676,Yes
107677,Yes
107678,Yes
107679,No
107680,Yes
107681,Yes
107682,No
107683,Yes
107684,Yes
107685,Yes
107686,Yes
107687,No
107688,Yes
107689,No
107690,Yes
107691,Yes
107692,No
107693,No
107694,Yes
107695,No
107696,No
107697,Yes
107698,Yes
107699,No
107700,No
107701,Yes
107702,No
107703,Yes
107704,Yes
107705,No
107706,No
107707,Yes
107708,Yes
107709,No
107710,No
107711,Yes
107712,Yes
107713,No
107714,No
107715,Yes
107716,Yes
107717,Yes
107718,Yes
107719,Yes
107720,Yes
107721,Yes
107722,No
107723,Yes
107724,Yes
107725,Yes
107726,Yes
107727,No
107728,Yes
107729,Yes
107730,Yes
107731,Yes
107732,Yes
107733,No
107734,Yes
107735,Yes
107736,Yes
107737,No
107738,Yes
107739,Yes
107740,Yes
107741,Yes
107742,No
107743,Yes
107744,Yes
107745,Yes
107746,Yes
107747,No
107748,Yes
107749,No
107750,No
107751,Yes
107752,No
107753,Yes
107754,Yes
107755,Yes
107756,Yes
107757,Yes
107758,Yes
107759,Yes
107760,Yes
107761,Yes
107762,Yes
107763,Yes
107764,Yes
107765,Yes
107766,Yes
107767,Yes
107768,Yes
107769,Yes
107770,Yes
107771,No
107772,Yes
107773,Yes
107774,Yes
107775,Yes
107776,No
107777,Yes
107778,Yes
107779,Yes
107780,Yes
107781,No
107782,Yes
107783,No
107784,Yes
107785,Yes
107786,No
107787,Yes
107788,Yes
107789,Yes
107790,No
107791,Yes
107792,No
107793,No
107794,Yes
107795,No
107796,No
107797,Yes
107798,Yes
107799,Yes
107800,Yes
107801,No
107802,No
107803,Yes
107804,Yes
107805,No
107806,Yes
107807,Yes
107808,No
107809,Yes
107810,Yes
107811,Yes
107812,No
107813,No
107814,Yes
107815,Yes
107816,Yes
107817,No
107818,Yes
107819,Yes
107820,No
107821,No
107822,Yes
107823,No
107824,Yes
107825,No
107826,No
107827,No
107828,Yes
107829,No
107830,Yes
107831,No
107832,No
107833,Yes
107834,Yes
107835,No
107836,Yes
107837,Yes
107838,Yes
107839,Yes
107840,Yes
107841,No
107842,Yes
107843,Yes
107844,Yes
107845,Yes
107846,Yes
107847,Yes
107848,No
107849,Yes
107850,Yes
107851,Yes
107852,No
107853,No
107854,No
107855,Yes
107856,Yes
107857,Yes
107858,Yes
107859,Yes
107860,Yes
107861,No
107862,No
107863,Yes
107864,No
107865,Yes
107866,Yes
107867,No
107868,No
107869,Yes
107870,Yes
107871,Yes
107872,No
107873,Yes
107874,Yes
107875,Yes
107876,No
107877,No
107878,No
107879,No
107880,Yes
107881,Yes
107882,No
107883,Yes
107884,Yes
107885,Yes
107886,Yes
107887,Yes
107888,No
107889,Yes
107890,Yes
107891,No
107892,Yes
107893,No
107894,Yes
107895,Yes
107896,Yes
107897,Yes
107898,Yes
107899,No
107900,Yes
107901,No
107902,No
107903,Yes
107904,Yes
107905,Yes
107906,Yes
107907,Yes
107908,Yes
107909,Yes
107910,No
107911,Yes
107912,No
107913,Yes
107914,Yes
107915,No
107916,No
107917,Yes
107918,Yes
107919,Yes
107920,No
107921,No
107922,No
107923,Yes
107924,No
107925,Yes
107926,No
107927,No
107928,Yes
107929,Yes
107930,Yes
107931,Yes
107932,Yes
107933,No
107934,No
107935,No
107936,Yes
107937,No
107938,Yes
107939,Yes
107940,Yes
107941,Yes
107942,Yes
107943,Yes
107944,Yes
107945,No
107946,No
107947,Yes
107948,Yes
107949,Yes
107950,Yes
107951,No
107952,Yes
107953,Yes
107954,Yes
107955,Yes
107956,No
107957,Yes
107958,Yes
107959,No
107960,Yes
107961,Yes
107962,Yes
107963,Yes
107964,Yes
107965,No
107966,No
107967,Yes
107968,Yes
107969,Yes
107970,Yes
107971,Yes
107972,Yes
107973,Yes
107974,Yes
107975,Yes
107976,Yes
107977,Yes
107978,Yes
107979,Yes
107980,Yes
107981,No
107982,Yes
107983,Yes
107984,No
107985,Yes
107986,Yes
107987,Yes
107988,No
107989,No
107990,Yes
107991,No
107992,Yes
107993,Yes
107994,No
107995,Yes
107996,No
107997,Yes
107998,Yes
107999,Yes
108000,Yes
108001,No
108002,Yes
108003,Yes
108004,Yes
108005,Yes
108006,Yes
108007,No
108008,No
108009,No
108010,No
108011,No
108012,No
108013,Yes
108014,Yes
108015,Yes
108016,Yes
108017,Yes
108018,Yes
108019,Yes
108020,Yes
108021,No
108022,Yes
108023,Yes
108024,Yes
108025,No
108026,No
108027,Yes
108028,No
108029,Yes
108030,Yes
108031,Yes
108032,Yes
108033,Yes
108034,No
108035,Yes
108036,Yes
108037,Yes
108038,Yes
108039,Yes
108040,Yes
108041,Yes
108042,Yes
108043,No
108044,Yes
108045,Yes
108046,Yes
108047,No
108048,Yes
108049,Yes
108050,No
108051,Yes
108052,Yes
108053,Yes
108054,Yes
108055,Yes
108056,No
108057,Yes
108058,Yes
108059,Yes
108060,Yes
108061,Yes
108062,Yes
108063,Yes
108064,No
108065,Yes
108066,Yes
108067,Yes
108068,Yes
108069,No
108070,No
108071,Yes
108072,Yes
108073,Yes
108074,Yes
108075,Yes
108076,Yes
108077,Yes
108078,Yes
108079,Yes
108080,Yes
108081,Yes
108082,Yes
108083,Yes
108084,Yes
108085,No
108086,Yes
108087,Yes
108088,Yes
108089,No
108090,No
108091,No
108092,No
108093,Yes
108094,No
108095,Yes
108096,Yes
108097,Yes
108098,Yes
108099,Yes
108100,Yes
108101,No
108102,No
108103,Yes
108104,No
108105,Yes
108106,Yes
108107,Yes
108108,Yes
108109,Yes
108110,Yes
108111,Yes
108112,Yes
108113,Yes
108114,Yes
108115,No
108116,No
108117,Yes
108118,Yes
108119,Yes
108120,Yes
108121,No
108122,Yes
108123,No
108124,Yes
108125,No
108126,Yes
108127,Yes
108128,Yes
108129,No
108130,No
108131,Yes
108132,Yes
108133,Yes
108134,No
108135,Yes
108136,Yes
108137,Yes
108138,Yes
108139,No
108140,No
108141,Yes
108142,No
108143,Yes
108144,No
108145,Yes
108146,No
108147,No
108148,Yes
108149,Yes
108150,Yes
108151,Yes
108152,Yes
108153,Yes
108154,Yes
108155,Yes
108156,No
108157,Yes
108158,Yes
108159,Yes
108160,Yes
108161,Yes
108162,Yes
108163,Yes
108164,Yes
108165,Yes
108166,Yes
108167,Yes
108168,Yes
108169,Yes
108170,Yes
108171,Yes
108172,Yes
108173,No
108174,No
108175,Yes
108176,Yes
108177,Yes
108178,No
108179,Yes
108180,Yes
108181,Yes
108182,No
108183,No
108184,Yes
108185,Yes
108186,No
108187,No
108188,Yes
108189,No
108190,Yes
108191,Yes
108192,Yes
108193,Yes
108194,Yes
108195,No
108196,Yes
108197,Yes
108198,No
108199,Yes
108200,Yes
108201,No
108202,Yes
108203,Yes
108204,No
108205,Yes
108206,Yes
108207,Yes
108208,No
108209,No
108210,Yes
108211,Yes
108212,Yes
108213,No
108214,Yes
108215,Yes
108216,No
108217,Yes
108218,Yes
108219,No
108220,No
108221,Yes
108222,Yes
108223,Yes
108224,Yes
108225,No
108226,Yes
108227,Yes
108228,Yes
108229,No
108230,Yes
108231,Yes
108232,Yes
108233,Yes
108234,Yes
108235,No
108236,Yes
108237,Yes
108238,No
108239,Yes
108240,No
108241,Yes
108242,Yes
108243,Yes
108244,Yes
108245,Yes
108246,Yes
108247,No
108248,Yes
108249,No
108250,Yes
108251,No
108252,Yes
108253,Yes
108254,No
108255,No
108256,Yes
108257,No
108258,Yes
108259,Yes
108260,Yes
108261,Yes
108262,No
108263,Yes
108264,Yes
108265,Yes
108266,Yes
108267,Yes
108268,Yes
108269,Yes
108270,No
108271,No
108272,Yes
108273,Yes
108274,No
108275,Yes
108276,No
108277,No
108278,No
108279,Yes
108280,Yes
108281,Yes
108282,Yes
108283,Yes
108284,Yes
108285,Yes
108286,No
108287,Yes
108288,Yes
108289,Yes
108290,No
108291,Yes
108292,Yes
108293,Yes
108294,Yes
108295,Yes
108296,No
108297,No
108298,Yes
108299,Yes
108300,No
108301,Yes
108302,Yes
108303,No
108304,No
108305,Yes
108306,No
108307,No
108308,Yes
108309,Yes
108310,Yes
108311,Yes
108312,No
108313,No
108314,Yes
108315,No
108316,Yes
108317,No
108318,No
108319,Yes
108320,Yes
108321,Yes
108322,Yes
108323,Yes
108324,Yes
108325,No
108326,No
108327,Yes
108328,Yes
108329,Yes
108330,Yes
108331,No
108332,Yes
108333,Yes
108334,Yes
108335,Yes
108336,No
108337,Yes
108338,Yes
108339,Yes
108340,Yes
108341,Yes
108342,No
108343,Yes
108344,Yes
108345,No
108346,Yes
108347,Yes
108348,Yes
108349,Yes
108350,Yes
108351,No
108352,No
108353,No
108354,Yes
108355,No
108356,Yes
108357,Yes
108358,Yes
108359,Yes
108360,Yes
108361,Yes
108362,Yes
108363,Yes
108364,Yes
108365,Yes
108366,No
108367,No
108368,Yes
108369,Yes
108370,Yes
108371,No
108372,Yes
108373,Yes
108374,Yes
108375,Yes
108376,Yes
108377,Yes
108378,No
108379,No
108380,Yes
108381,Yes
108382,Yes
108383,Yes
108384,Yes
108385,Yes
108386,Yes
108387,No
108388,No
108389,Yes
108390,Yes
108391,Yes
108392,Yes
108393,Yes
108394,Yes
108395,Yes
108396,Yes
108397,Yes
108398,Yes
108399,No
108400,No
108401,Yes
108402,Yes
108403,Yes
108404,Yes
108405,Yes
108406,No
108407,Yes
108408,Yes
108409,No
108410,Yes
108411,Yes
108412,Yes
108413,No
108414,Yes
108415,Yes
108416,Yes
108417,Yes
108418,Yes
108419,Yes
108420,No
108421,Yes
108422,Yes
108423,Yes
108424,Yes
108425,Yes
108426,No
108427,No
108428,Yes
108429,Yes
108430,No
108431,Yes
108432,No
108433,Yes
108434,Yes
108435,Yes
108436,Yes
108437,Yes
108438,Yes
108439,Yes
108440,No
108441,Yes
108442,Yes
108443,Yes
108444,Yes
108445,Yes
108446,No
108447,Yes
108448,Yes
108449,Yes
108450,No
108451,No
108452,Yes
108453,Yes
108454,Yes
108455,No
108456,Yes
108457,No
108458,No
108459,No
108460,Yes
108461,Yes
108462,Yes
108463,Yes
108464,No
108465,No
108466,No
108467,No
108468,No
108469,No
108470,Yes
108471,Yes
108472,No
108473,Yes
108474,Yes
108475,No
108476,Yes
108477,No
108478,Yes
108479,Yes
108480,Yes
108481,Yes
108482,Yes
108483,Yes
108484,No
108485,Yes
108486,Yes
108487,No
108488,Yes
108489,Yes
108490,Yes
108491,Yes
108492,Yes
108493,No
108494,Yes
108495,Yes
108496,No
108497,No
108498,Yes
108499,Yes
108500,Yes
108501,Yes
108502,Yes
108503,Yes
108504,No
108505,No
108506,No
108507,No
108508,No
108509,Yes
108510,Yes
108511,Yes
108512,Yes
108513,Yes
108514,Yes
108515,Yes
108516,Yes
108517,No
108518,Yes
108519,Yes
108520,No
108521,Yes
108522,Yes
108523,Yes
108524,Yes
108525,Yes
108526,No
108527,Yes
108528,No
108529,Yes
108530,Yes
108531,Yes
108532,Yes
108533,No
108534,No
108535,Yes
108536,Yes
108537,No
108538,No
108539,Yes
108540,Yes
108541,No
108542,No
108543,Yes
108544,No
108545,Yes
108546,No
108547,Yes
108548,No
108549,Yes
108550,Yes
108551,Yes
108552,Yes
108553,No
108554,Yes
108555,Yes
108556,No
108557,Yes
108558,No
108559,No
108560,Yes
108561,Yes
108562,Yes
108563,No
108564,Yes
108565,No
108566,Yes
108567,Yes
108568,Yes
108569,Yes
108570,No
108571,No
108572,Yes
108573,No
108574,No
108575,Yes
108576,No
108577,No
108578,Yes
108579,No
108580,No
108581,Yes
108582,Yes
108583,No
108584,No
108585,No
108586,Yes
108587,Yes
108588,Yes
108589,No
108590,Yes
108591,Yes
108592,Yes
108593,No
108594,No
108595,Yes
108596,Yes
108597,No
108598,Yes
108599,No
108600,Yes
108601,Yes
108602,Yes
108603,Yes
108604,No
108605,Yes
108606,Yes
108607,No
108608,No
108609,No
108610,No
108611,No
108612,Yes
108613,No
108614,Yes
108615,No
108616,Yes
108617,Yes
108618,Yes
108619,No
108620,Yes
108621,No
108622,Yes
108623,Yes
108624,Yes
108625,Yes
108626,Yes
108627,Yes
108628,No
108629,Yes
108630,Yes
108631,Yes
108632,No
108633,Yes
108634,Yes
108635,Yes
108636,Yes
108637,Yes
108638,Yes
108639,No
108640,Yes
108641,No
108642,Yes
108643,Yes
108644,Yes
108645,No
108646,Yes
108647,Yes
108648,Yes
108649,No
108650,Yes
108651,Yes
108652,Yes
108653,Yes
108654,No
108655,No
108656,No
108657,Yes
108658,Yes
108659,No
108660,No
108661,Yes
108662,No
108663,No
108664,No
108665,Yes
108666,Yes
108667,No
108668,Yes
108669,No
108670,Yes
108671,Yes
108672,Yes
108673,Yes
108674,No
108675,Yes
108676,Yes
108677,No
108678,No
108679,Yes
108680,Yes
108681,Yes
108682,No
108683,Yes
108684,No
108685,No
108686,Yes
108687,No
108688,Yes
108689,Yes
108690,Yes
108691,Yes
108692,Yes
108693,Yes
108694,Yes
108695,Yes
108696,Yes
108697,Yes
108698,No
108699,Yes
108700,Yes
108701,Yes
108702,No
108703,Yes
108704,Yes
108705,No
108706,Yes
108707,No
108708,Yes
108709,No
108710,No
108711,Yes
108712,Yes
108713,Yes
108714,Yes
108715,Yes
108716,Yes
108717,Yes
108718,No
108719,Yes
108720,Yes
108721,No
108722,No
108723,Yes
108724,No
108725,No
108726,Yes
108727,No
108728,Yes
108729,Yes
108730,No
108731,Yes
108732,No
108733,Yes
108734,Yes
108735,No
108736,Yes
108737,No
108738,No
108739,Yes
108740,No
108741,Yes
108742,Yes
108743,Yes
108744,No
108745,No
108746,No
108747,Yes
108748,Yes
108749,No
108750,Yes
108751,Yes
108752,Yes
108753,Yes
108754,No
108755,Yes
108756,Yes
108757,Yes
108758,No
108759,Yes
108760,Yes
108761,Yes
108762,Yes
108763,Yes
108764,Yes
108765,Yes
108766,No
108767,No
108768,Yes
108769,Yes
108770,No
108771,Yes
108772,No
108773,Yes
108774,No
108775,Yes
108776,Yes
108777,Yes
108778,No
108779,Yes
108780,Yes
108781,No
108782,No
108783,No
108784,Yes
108785,No
108786,No
108787,Yes
108788,Yes
108789,No
108790,Yes
108791,No
108792,Yes
108793,No
108794,No
108795,Yes
108796,No
108797,Yes
108798,Yes
108799,Yes
108800,Yes
108801,Yes
108802,Yes
108803,No
108804,Yes
108805,No
108806,No
108807,Yes
108808,No
108809,Yes
108810,No
108811,Yes
108812,No
108813,Yes
108814,No
108815,No
108816,Yes
108817,Yes
108818,Yes
108819,Yes
108820,Yes
108821,Yes
108822,Yes
108823,Yes
108824,Yes
108825,Yes
108826,Yes
108827,No
108828,Yes
108829,No
108830,Yes
108831,No
108832,No
108833,No
108834,No
108835,Yes
108836,Yes
108837,No
108838,Yes
108839,Yes
108840,Yes
108841,Yes
108842,No
108843,Yes
108844,Yes
108845,Yes
108846,Yes
108847,Yes
108848,Yes
108849,Yes
108850,Yes
108851,No
108852,Yes
108853,No
108854,No
108855,Yes
108856,Yes
108857,Yes
108858,No
108859,No
108860,No
108861,Yes
108862,Yes
108863,Yes
108864,Yes
108865,Yes
108866,Yes
108867,No
108868,Yes
108869,Yes
108870,No
108871,Yes
108872,Yes
108873,Yes
108874,No
108875,Yes
108876,Yes
108877,Yes
108878,Yes
108879,No
108880,Yes
108881,Yes
108882,Yes
108883,No
108884,Yes
108885,Yes
108886,Yes
108887,Yes
108888,Yes
108889,No
108890,No
108891,Yes
108892,Yes
108893,Yes
108894,Yes
108895,Yes
108896,Yes
108897,No
108898,Yes
108899,No
108900,No
108901,No
108902,Yes
108903,Yes
108904,No
108905,Yes
108906,Yes
108907,No
108908,Yes
108909,No
108910,No
108911,Yes
108912,Yes
108913,Yes
108914,No
108915,No
108916,No
108917,Yes
108918,No
108919,Yes
108920,No
108921,Yes
108922,Yes
108923,Yes
108924,No
108925,Yes
108926,Yes
108927,Yes
108928,Yes
108929,No
108930,No
108931,Yes
108932,Yes
108933,No
108934,Yes
108935,Yes
108936,Yes
108937,Yes
108938,Yes
108939,No
108940,No
108941,Yes
108942,Yes
108943,No
108944,Yes
108945,No
108946,Yes
108947,Yes
108948,Yes
108949,No
108950,No
108951,Yes
108952,Yes
108953,Yes
108954,Yes
108955,Yes
108956,Yes
108957,No
108958,Yes
108959,Yes
108960,Yes
108961,No
108962,Yes
108963,No
108964,Yes
108965,No
108966,No
108967,No
108968,Yes
108969,Yes
108970,No
108971,Yes
108972,Yes
108973,Yes
108974,No
108975,Yes
108976,Yes
108977,Yes
108978,Yes
108979,Yes
108980,Yes
108981,No
108982,Yes
108983,Yes
108984,Yes
108985,No
108986,Yes
108987,Yes
108988,Yes
108989,No
108990,Yes
108991,Yes
108992,Yes
108993,Yes
108994,Yes
108995,Yes
108996,No
108997,No
108998,Yes
108999,Yes
109000,No
109001,No
109002,Yes
109003,Yes
109004,Yes
109005,Yes
109006,Yes
109007,Yes
109008,Yes
109009,Yes
109010,Yes
109011,Yes
109012,No
109013,Yes
109014,Yes
109015,Yes
109016,Yes
109017,No
109018,Yes
109019,Yes
109020,Yes
109021,Yes
109022,No
109023,Yes
109024,Yes
109025,Yes
109026,Yes
109027,Yes
109028,Yes
109029,No
109030,No
109031,Yes
109032,Yes
109033,Yes
109034,Yes
109035,No
109036,No
109037,Yes
109038,Yes
109039,No
109040,Yes
109041,No
109042,Yes
109043,No
109044,Yes
109045,No
109046,Yes
109047,Yes
109048,Yes
109049,No
109050,Yes
109051,Yes
109052,No
109053,Yes
109054,Yes
109055,Yes
109056,Yes
109057,Yes
109058,No
109059,Yes
109060,Yes
109061,No
109062,Yes
109063,Yes
109064,Yes
109065,Yes
109066,No
109067,No
109068,Yes
109069,No
109070,Yes
109071,Yes
109072,No
109073,Yes
109074,No
109075,Yes
109076,No
109077,Yes
109078,Yes
109079,Yes
109080,Yes
109081,No
109082,Yes
109083,Yes
109084,Yes
109085,No
109086,No
109087,Yes
109088,Yes
109089,Yes
109090,Yes
109091,Yes
109092,No
109093,No
109094,Yes
109095,Yes
109096,No
109097,Yes
109098,Yes
109099,No
109100,Yes
109101,No
109102,No
109103,Yes
109104,No
109105,Yes
109106,Yes
109107,Yes
109108,Yes
109109,Yes
109110,No
109111,Yes
109112,No
109113,Yes
109114,Yes
109115,Yes
109116,Yes
109117,Yes
109118,Yes
109119,Yes
109120,Yes
109121,Yes
109122,Yes
109123,No
109124,Yes
109125,Yes
109126,No
109127,No
109128,Yes
109129,No
109130,No
109131,No
109132,Yes
109133,Yes
109134,Yes
109135,Yes
109136,No
109137,Yes
109138,Yes
109139,Yes
109140,No
109141,No
109142,Yes
109143,Yes
109144,Yes
109145,Yes
109146,Yes
109147,Yes
109148,Yes
109149,Yes
109150,Yes
109151,No
109152,Yes
109153,Yes
109154,Yes
109155,No
109156,Yes
109157,Yes
109158,Yes
109159,No
109160,No
109161,No
109162,Yes
109163,Yes
109164,Yes
109165,Yes
109166,No
109167,No
109168,Yes
109169,Yes
109170,Yes
109171,Yes
109172,No
109173,Yes
109174,No
109175,Yes
109176,Yes
109177,No
109178,No
109179,No
109180,Yes
109181,Yes
109182,Yes
109183,No
109184,Yes
109185,No
109186,Yes
109187,Yes
109188,Yes
109189,Yes
109190,Yes
109191,No
109192,Yes
109193,Yes
109194,No
109195,No
109196,No
109197,Yes
109198,Yes
109199,No
109200,Yes
109201,Yes
109202,Yes
109203,No
109204,No
109205,No
109206,Yes
109207,Yes
109208,Yes
109209,Yes
109210,Yes
109211,No
109212,No
109213,Yes
109214,No
109215,No
109216,Yes
109217,Yes
109218,Yes
109219,Yes
109220,Yes
109221,Yes
109222,Yes
109223,Yes
109224,Yes
109225,Yes
109226,Yes
109227,Yes
109228,Yes
109229,Yes
109230,Yes
109231,Yes
109232,No
109233,No
109234,No
109235,No
109236,Yes
109237,No
109238,Yes
109239,Yes
109240,No
109241,No
109242,Yes
109243,No
109244,Yes
109245,Yes
109246,No
109247,Yes
109248,Yes
109249,Yes
109250,Yes
109251,Yes
109252,No
109253,Yes
109254,Yes
109255,Yes
109256,No
109257,No
109258,No
109259,Yes
109260,Yes
109261,No
109262,No
109263,Yes
109264,Yes
109265,Yes
109266,Yes
109267,Yes
109268,No
109269,Yes
109270,Yes
109271,Yes
109272,No
109273,No
109274,Yes
109275,No
109276,Yes
109277,Yes
109278,Yes
109279,No
109280,Yes
109281,Yes
109282,No
109283,No
109284,Yes
109285,Yes
109286,Yes
109287,Yes
109288,No
109289,Yes
109290,Yes
109291,Yes
109292,Yes
109293,Yes
109294,No
109295,No
109296,Yes
109297,Yes
109298,Yes
109299,No
109300,No
109301,Yes
109302,No
109303,Yes
109304,No
109305,No
109306,No
109307,Yes
109308,Yes
109309,Yes
109310,Yes
109311,Yes
109312,Yes
109313,Yes
109314,No
109315,No
109316,Yes
109317,No
109318,No
109319,No
109320,No
109321,Yes
109322,Yes
109323,No
109324,Yes
109325,Yes
109326,Yes
109327,Yes
109328,Yes
109329,Yes
109330,Yes
109331,No
109332,Yes
109333,Yes
109334,Yes
109335,Yes
109336,Yes
109337,No
109338,No
109339,Yes
109340,Yes
109341,No
109342,No
109343,Yes
109344,Yes
109345,No
109346,Yes
109347,Yes
109348,Yes
109349,Yes
109350,Yes
109351,No
109352,No
109353,Yes
109354,Yes
109355,Yes
109356,No
109357,No
109358,Yes
109359,Yes
109360,No
109361,No
109362,No
109363,Yes
109364,Yes
109365,Yes
109366,Yes
109367,No
109368,Yes
109369,Yes
109370,No
109371,Yes
109372,Yes
109373,Yes
109374,Yes
109375,Yes
109376,Yes
109377,Yes
109378,Yes
109379,No
109380,Yes
109381,Yes
109382,No
109383,Yes
109384,Yes
109385,Yes
109386,Yes
109387,Yes
109388,Yes
109389,Yes
109390,Yes
109391,No
109392,Yes
109393,Yes
109394,Yes
109395,Yes
109396,Yes
109397,Yes
109398,Yes
109399,No
109400,Yes
109401,Yes
109402,Yes
109403,Yes
109404,Yes
109405,Yes
109406,Yes
109407,No
109408,Yes
109409,Yes
109410,Yes
109411,No
109412,Yes
109413,No
109414,Yes
109415,No
109416,Yes
109417,Yes
109418,Yes
109419,Yes
109420,Yes
109421,Yes
109422,No
109423,No
109424,Yes
109425,Yes
109426,Yes
109427,Yes
109428,Yes
109429,Yes
109430,Yes
109431,Yes
109432,Yes
109433,No
109434,No
109435,Yes
109436,Yes
109437,No
109438,Yes
109439,No
109440,Yes
109441,Yes
109442,No
109443,No
109444,Yes
109445,Yes
109446,Yes
109447,No
109448,Yes
109449,No
109450,Yes
109451,Yes
109452,Yes
109453,Yes
109454,No
109455,Yes
109456,Yes
109457,No
109458,Yes
109459,Yes
109460,Yes
109461,Yes
109462,No
109463,Yes
109464,Yes
109465,Yes
109466,No
109467,No
109468,Yes
109469,Yes
109470,Yes
109471,Yes
109472,No
109473,No
109474,Yes
109475,Yes
109476,No
109477,No
109478,Yes
109479,Yes
109480,No
109481,Yes
109482,Yes
109483,Yes
109484,Yes
109485,Yes
109486,Yes
109487,Yes
109488,No
109489,No
109490,Yes
109491,No
109492,Yes
109493,No
109494,Yes
109495,Yes
109496,No
109497,No
109498,Yes
109499,Yes
109500,Yes
109501,Yes
109502,Yes
109503,Yes
109504,No
109505,No
109506,No
109507,Yes
109508,Yes
109509,Yes
109510,Yes
109511,Yes
109512,Yes
109513,Yes
109514,No
109515,No
109516,No
109517,Yes
109518,Yes
109519,Yes
109520,Yes
109521,Yes
109522,Yes
109523,Yes
109524,Yes
109525,Yes
109526,Yes
109527,Yes
109528,No
109529,No
109530,Yes
109531,Yes
109532,Yes
109533,Yes
109534,No
109535,Yes
109536,Yes
109537,No
109538,No
109539,No
109540,No
109541,Yes
109542,Yes
109543,Yes
109544,Yes
109545,No
109546,Yes
109547,Yes
109548,No
109549,Yes
109550,Yes
109551,No
109552,No
109553,Yes
109554,Yes
109555,Yes
109556,Yes
109557,No
109558,No
109559,No
109560,Yes
109561,Yes
109562,No
109563,No
109564,Yes
109565,No
109566,Yes
109567,Yes
109568,No
109569,Yes
109570,No
109571,Yes
109572,Yes
109573,Yes
109574,Yes
109575,No
109576,Yes
109577,No
109578,Yes
109579,Yes
109580,No
109581,No
109582,Yes
109583,Yes
109584,Yes
109585,Yes
109586,No
109587,No
109588,Yes
109589,No
109590,Yes
109591,No
109592,Yes
109593,No
109594,Yes
109595,No
109596,No
109597,Yes
109598,No
109599,Yes
109600,No
109601,Yes
109602,Yes
109603,No
109604,Yes
109605,Yes
109606,Yes
109607,Yes
109608,No
109609,Yes
109610,Yes
109611,No
109612,No
109613,No
109614,Yes
109615,Yes
109616,Yes
109617,Yes
109618,No
109619,Yes
109620,No
109621,Yes
109622,Yes
109623,Yes
109624,No
109625,No
109626,Yes
109627,Yes
109628,Yes
109629,No
109630,No
109631,Yes
109632,No
109633,Yes
109634,Yes
109635,Yes
109636,No
109637,Yes
109638,Yes
109639,No
109640,Yes
109641,No
109642,Yes
109643,Yes
109644,No
109645,Yes
109646,No
109647,Yes
109648,No
109649,Yes
109650,Yes
109651,Yes
109652,Yes
109653,Yes
109654,No
109655,Yes
109656,Yes
109657,Yes
109658,Yes
109659,Yes
109660,Yes
109661,No
109662,Yes
109663,Yes
109664,Yes
109665,No
109666,Yes
109667,No
109668,Yes
109669,No
109670,Yes
109671,Yes
109672,No
109673,No
109674,No
109675,No
109676,Yes
109677,Yes
109678,No
109679,Yes
109680,Yes
109681,Yes
109682,No
109683,Yes
109684,Yes
109685,Yes
109686,Yes
109687,No
109688,Yes
109689,Yes
109690,Yes
109691,Yes
109692,No
109693,Yes
109694,Yes
109695,Yes
109696,Yes
109697,No
109698,Yes
109699,No
109700,No
109701,Yes
109702,Yes
109703,Yes
109704,No
109705,Yes
109706,No
109707,Yes
109708,Yes
109709,No
109710,Yes
109711,Yes
109712,Yes
109713,Yes
109714,Yes
109715,Yes
109716,Yes
109717,Yes
109718,No
109719,No
109720,Yes
109721,Yes
109722,Yes
109723,Yes
109724,Yes
109725,No
109726,No
109727,Yes
109728,Yes
109729,Yes
109730,Yes
109731,Yes
109732,Yes
109733,Yes
109734,Yes
109735,No
109736,No
109737,No
109738,No
109739,Yes
109740,No
109741,Yes
109742,Yes
109743,Yes
109744,Yes
109745,Yes
109746,No
109747,No
109748,No
109749,Yes
109750,No
109751,Yes
109752,No
109753,No
109754,Yes
109755,Yes
109756,Yes
109757,No
109758,Yes
109759,Yes
109760,No
109761,Yes
109762,Yes
109763,Yes
109764,Yes
109765,No
109766,Yes
109767,Yes
109768,No
109769,Yes
109770,Yes
109771,Yes
109772,Yes
109773,No
109774,Yes
109775,No
109776,No
109777,No
109778,No
109779,Yes
109780,Yes
109781,Yes
109782,Yes
109783,No
109784,Yes
109785,Yes
109786,Yes
109787,Yes
109788,Yes
109789,Yes
109790,Yes
109791,Yes
109792,Yes
109793,Yes
109794,Yes
109795,Yes
109796,Yes
109797,Yes
109798,No
109799,No
109800,Yes
109801,Yes
109802,No
109803,Yes
109804,Yes
109805,No
109806,Yes
109807,Yes
109808,No
109809,No
109810,Yes
109811,Yes
109812,No
109813,Yes
109814,Yes
109815,No
109816,No
109817,No
109818,Yes
109819,Yes
109820,No
109821,Yes
109822,Yes
109823,No
109824,No
109825,No
109826,No
109827,No
109828,Yes
109829,No
109830,Yes
109831,Yes
109832,Yes
109833,Yes
109834,No
109835,No
109836,Yes
109837,No
109838,Yes
109839,Yes
109840,Yes
109841,Yes
109842,No
109843,Yes
109844,No
109845,Yes
109846,Yes
109847,Yes
109848,Yes
109849,No
109850,Yes
109851,No
109852,Yes
109853,No
109854,Yes
109855,Yes
109856,Yes
109857,Yes
109858,Yes
109859,Yes
109860,Yes
109861,No
109862,Yes
109863,Yes
109864,No
109865,Yes
109866,Yes
109867,Yes
109868,No
109869,No
109870,Yes
109871,Yes
109872,No
109873,Yes
109874,No
109875,No
109876,No
109877,Yes
109878,No
109879,Yes
109880,No
109881,Yes
109882,No
109883,Yes
109884,Yes
109885,Yes
109886,No
109887,No
109888,Yes
109889,Yes
109890,No
109891,Yes
109892,No
109893,Yes
109894,Yes
109895,Yes
109896,Yes
109897,Yes
109898,Yes
109899,Yes
109900,Yes
109901,No
109902,Yes
109903,Yes
109904,No
109905,Yes
109906,Yes
109907,No
109908,Yes
109909,Yes
109910,Yes
109911,No
109912,Yes
109913,Yes
109914,No
109915,Yes
109916,Yes
109917,Yes
109918,No
109919,Yes
109920,No
109921,Yes
109922,Yes
109923,Yes
109924,No
109925,Yes
109926,Yes
109927,Yes
109928,No
109929,No
109930,Yes
109931,No
109932,No
109933,No
109934,Yes
109935,Yes
109936,Yes
109937,Yes
109938,Yes
109939,Yes
109940,Yes
109941,Yes
109942,No
109943,No
109944,Yes
109945,Yes
109946,Yes
109947,No
109948,Yes
109949,No
109950,Yes
109951,Yes
109952,Yes
109953,No
109954,No
109955,Yes
109956,Yes
109957,Yes
109958,Yes
109959,Yes
109960,Yes
109961,Yes
109962,Yes
109963,Yes
109964,Yes
109965,Yes
109966,No
109967,Yes
109968,Yes
109969,Yes
109970,Yes
109971,No
109972,No
109973,Yes
109974,Yes
109975,Yes
109976,Yes
109977,Yes
109978,No
109979,No
109980,Yes
109981,Yes
109982,Yes
109983,Yes
109984,No
109985,Yes
109986,Yes
109987,Yes
109988,Yes
109989,Yes
109990,No
109991,Yes
109992,Yes
109993,No
109994,No
109995,Yes
109996,Yes
109997,Yes
109998,Yes
109999,No
110000,Yes
110001,Yes
110002,Yes
110003,Yes
110004,No
110005,No
110006,No
110007,Yes
110008,Yes
110009,Yes
110010,Yes
110011,No
110012,Yes
110013,Yes
110014,No
110015,No
110016,Yes
110017,Yes
110018,No
110019,No
110020,No
110021,Yes
110022,Yes
110023,No
110024,Yes
110025,Yes
110026,Yes
110027,No
110028,Yes
110029,Yes
110030,Yes
110031,No
110032,No
110033,No
110034,Yes
110035,Yes
110036,Yes
110037,Yes
110038,Yes
110039,Yes
110040,Yes
110041,Yes
110042,Yes
110043,Yes
110044,Yes
110045,Yes
110046,Yes
110047,No
110048,No
110049,Yes
110050,Yes
110051,No
110052,Yes
110053,No
110054,Yes
110055,No
110056,No
110057,Yes
110058,Yes
110059,Yes
110060,Yes
110061,Yes
110062,Yes
110063,No
110064,Yes
110065,Yes
110066,Yes
110067,Yes
110068,Yes
110069,Yes
110070,Yes
110071,Yes
110072,Yes
110073,No
110074,Yes
110075,Yes
110076,Yes
110077,Yes
110078,Yes
110079,Yes
110080,Yes
110081,No
110082,Yes
110083,No
110084,No
110085,No
110086,Yes
110087,Yes
110088,No
110089,No
110090,Yes
110091,Yes
110092,Yes
110093,Yes
110094,No
110095,Yes
110096,No
110097,Yes
110098,No
110099,Yes
110100,Yes
110101,Yes
110102,No
110103,No
110104,Yes
110105,Yes
110106,Yes
110107,Yes
110108,No
110109,Yes
110110,Yes
110111,Yes
110112,No
110113,Yes
110114,Yes
110115,Yes
110116,No
110117,Yes
110118,Yes
110119,Yes
110120,No
110121,Yes
110122,Yes
110123,Yes
110124,No
110125,No
110126,Yes
110127,Yes
110128,No
110129,Yes
110130,Yes
110131,Yes
110132,Yes
110133,No
110134,Yes
110135,No
110136,Yes
110137,No
110138,No
110139,Yes
110140,No
110141,Yes
110142,No
110143,No
110144,Yes
110145,No
110146,No
110147,Yes
110148,Yes
110149,Yes
110150,Yes
110151,Yes
110152,Yes
110153,Yes
110154,Yes
110155,Yes
110156,Yes
110157,Yes
110158,Yes
110159,Yes
110160,Yes
110161,Yes
110162,Yes
110163,No
110164,No
110165,No
110166,Yes
110167,Yes
110168,No
110169,Yes
110170,No
110171,Yes
110172,Yes
110173,No
110174,Yes
110175,Yes
110176,Yes
110177,No
110178,Yes
110179,Yes
110180,Yes
110181,No
110182,Yes
110183,Yes
110184,No
110185,Yes
110186,Yes
110187,No
110188,Yes
110189,Yes
110190,Yes
110191,No
110192,No
110193,Yes
110194,No
110195,Yes
110196,Yes
110197,No
110198,Yes
110199,Yes
110200,No
110201,Yes
110202,Yes
110203,No
110204,Yes
110205,Yes
110206,Yes
110207,Yes
110208,No
110209,Yes
110210,Yes
110211,No
110212,Yes
110213,No
110214,No
110215,No
110216,Yes
110217,Yes
110218,Yes
110219,Yes
110220,No
110221,No
110222,Yes
110223,No
110224,Yes
110225,Yes
110226,No
110227,Yes
110228,Yes
110229,No
110230,No
110231,Yes
110232,Yes
110233,Yes
110234,Yes
110235,No
110236,No
110237,No
110238,Yes
110239,No
110240,No
110241,Yes
110242,Yes
110243,Yes
110244,Yes
110245,Yes
110246,No
110247,No
110248,No
110249,No
110250,No
110251,No
110252,No
110253,Yes
110254,No
110255,Yes
110256,Yes
110257,Yes
110258,No
110259,No
110260,Yes
110261,No
110262,No
110263,Yes
110264,Yes
110265,Yes
110266,Yes
110267,Yes
110268,Yes
110269,No
110270,Yes
110271,Yes
110272,Yes
110273,Yes
110274,Yes
110275,Yes
110276,No
110277,Yes
110278,Yes
110279,Yes
110280,Yes
110281,Yes
110282,No
110283,No
110284,No
110285,Yes
110286,Yes
110287,Yes
110288,No
110289,Yes
110290,Yes
110291,Yes
110292,Yes
110293,Yes
110294,Yes
110295,Yes
110296,Yes
110297,No
110298,Yes
110299,Yes
110300,Yes
110301,No
110302,No
110303,No
110304,No
110305,Yes
110306,No
110307,Yes
110308,No
110309,Yes
110310,Yes
110311,Yes
110312,Yes
110313,No
110314,Yes
110315,No
110316,Yes
110317,Yes
110318,No
110319,Yes
110320,No
110321,Yes
110322,Yes
110323,No
110324,Yes
110325,Yes
110326,Yes
110327,No
110328,Yes
110329,No
110330,Yes
110331,Yes
110332,Yes
110333,Yes
110334,Yes
110335,Yes
110336,Yes
110337,No
110338,Yes
110339,Yes
110340,No
110341,Yes
110342,Yes
110343,Yes
110344,Yes
110345,No
110346,Yes
110347,Yes
110348,Yes
110349,No
110350,Yes
110351,No
110352,Yes
110353,Yes
110354,Yes
110355,Yes
110356,Yes
110357,No
110358,No
110359,Yes
110360,No
110361,Yes
110362,Yes
110363,Yes
110364,No
110365,Yes
110366,Yes
110367,Yes
110368,No
110369,Yes
110370,No
110371,No
110372,Yes
110373,No
110374,No
110375,No
110376,Yes
110377,Yes
110378,No
110379,No
110380,No
110381,No
110382,Yes
110383,No
110384,Yes
110385,No
110386,No
110387,No
110388,No
110389,Yes
110390,Yes
110391,No
110392,Yes
110393,No
110394,Yes
110395,No
110396,Yes
110397,Yes
110398,No
110399,Yes
110400,Yes
110401,Yes
110402,Yes
110403,Yes
110404,Yes
110405,Yes
110406,Yes
110407,Yes
110408,Yes
110409,Yes
110410,Yes
110411,Yes
110412,No
110413,Yes
110414,No
110415,Yes
110416,Yes
110417,Yes
110418,No
110419,Yes
110420,Yes
110421,Yes
110422,Yes
110423,Yes
110424,Yes
110425,No
110426,Yes
110427,Yes
110428,Yes
110429,Yes
110430,No
110431,Yes
110432,Yes
110433,Yes
110434,No
110435,Yes
110436,Yes
110437,Yes
110438,Yes
110439,Yes
110440,Yes
110441,No
110442,Yes
110443,Yes
110444,Yes
110445,No
110446,Yes
110447,Yes
110448,Yes
110449,Yes
110450,Yes
110451,Yes
110452,No
110453,No
110454,Yes
110455,No
110456,No
110457,No
110458,Yes
110459,Yes
110460,Yes
110461,Yes
110462,Yes
110463,No
110464,Yes
110465,No
110466,Yes
110467,No
110468,Yes
110469,Yes
110470,Yes
110471,Yes
110472,Yes
110473,No
110474,No
110475,No
110476,Yes
110477,Yes
110478,No
110479,Yes
110480,Yes
110481,No
110482,Yes
110483,No
110484,No
110485,Yes
110486,Yes
110487,Yes
110488,Yes
110489,No
110490,No
110491,No
110492,Yes
110493,No
110494,Yes
110495,No
110496,Yes
110497,No
110498,Yes
110499,Yes
110500,No
110501,Yes
110502,Yes
110503,Yes
110504,Yes
110505,No
110506,Yes
110507,Yes
110508,Yes
110509,Yes
110510,No
110511,Yes
110512,No
110513,No
110514,No
110515,Yes
110516,Yes
110517,Yes
110518,Yes
110519,Yes
110520,No
110521,Yes
110522,No
110523,Yes
110524,No
110525,No
110526,Yes
110527,Yes
110528,No
110529,Yes
110530,Yes
110531,Yes
110532,No
110533,No
110534,Yes
110535,Yes
110536,No
110537,No
110538,Yes
110539,Yes
110540,Yes
110541,Yes
110542,Yes
110543,No
110544,Yes
110545,Yes
110546,Yes
110547,Yes
110548,Yes
110549,No
110550,Yes
110551,Yes
110552,No
110553,Yes
110554,Yes
110555,No
110556,Yes
110557,Yes
110558,Yes
110559,Yes
110560,Yes
110561,No
110562,Yes
110563,Yes
110564,No
110565,Yes
110566,Yes
110567,Yes
110568,Yes
110569,No
110570,Yes
110571,No
110572,Yes
110573,No
110574,Yes
110575,No
110576,Yes
110577,Yes
110578,No
110579,Yes
110580,Yes
110581,Yes
110582,No
110583,Yes
110584,Yes
110585,Yes
110586,Yes
110587,No
110588,Yes
110589,Yes
110590,No
110591,No
110592,No
110593,Yes
110594,Yes
110595,Yes
110596,Yes
110597,No
110598,Yes
110599,Yes
110600,Yes
110601,Yes
110602,Yes
110603,No
110604,No
110605,Yes
110606,No
110607,Yes
110608,No
110609,Yes
110610,Yes
110611,No
110612,No
110613,Yes
110614,Yes
110615,Yes
110616,Yes
110617,Yes
110618,Yes
110619,Yes
110620,No
110621,Yes
110622,Yes
110623,No
110624,Yes
110625,Yes
110626,No
110627,Yes
110628,Yes
110629,Yes
110630,No
110631,No
110632,Yes
110633,No
110634,Yes
110635,No
110636,Yes
110637,Yes
110638,Yes
110639,Yes
110640,Yes
110641,Yes
110642,Yes
110643,Yes
110644,No
110645,Yes
110646,Yes
110647,No
110648,Yes
110649,Yes
110650,No
110651,Yes
110652,Yes
110653,Yes
110654,Yes
110655,Yes
110656,No
110657,Yes
110658,Yes
110659,Yes
110660,Yes
110661,Yes
110662,No
110663,Yes
110664,Yes
110665,No
110666,Yes
110667,Yes
110668,Yes
110669,Yes
110670,Yes
110671,No
110672,Yes
110673,Yes
110674,Yes
110675,No
110676,No
110677,No
110678,Yes
110679,No
110680,No
110681,Yes
110682,Yes
110683,Yes
110684,No
110685,No
110686,No
110687,Yes
110688,Yes
110689,No
110690,No
110691,Yes
110692,Yes
110693,Yes
110694,Yes
110695,Yes
110696,Yes
110697,Yes
110698,Yes
110699,Yes
110700,Yes
110701,Yes
110702,Yes
110703,No
110704,Yes
110705,Yes
110706,Yes
110707,No
110708,Yes
110709,Yes
110710,Yes
110711,Yes
110712,No
110713,No
110714,No
110715,Yes
110716,No
110717,Yes
110718,No
110719,Yes
110720,No
110721,No
110722,No
110723,Yes
110724,Yes
110725,Yes
110726,Yes
110727,Yes
110728,Yes
110729,Yes
110730,Yes
110731,No
110732,Yes
110733,Yes
110734,Yes
110735,No
110736,No
110737,Yes
110738,Yes
110739,Yes
110740,Yes
110741,Yes
110742,Yes
110743,No
110744,Yes
110745,Yes
110746,Yes
110747,Yes
110748,Yes
110749,Yes
110750,Yes
110751,Yes
110752,Yes
110753,No
110754,No
110755,Yes
110756,No
110757,Yes
110758,Yes
110759,Yes
110760,Yes
110761,No
110762,Yes
110763,Yes
110764,Yes
110765,No
110766,Yes
110767,Yes
110768,Yes
110769,Yes
110770,Yes
110771,No
110772,Yes
110773,Yes
110774,Yes
110775,Yes
110776,Yes
110777,Yes
110778,No
110779,Yes
110780,Yes
110781,Yes
110782,No
110783,No
110784,Yes
110785,Yes
110786,No
110787,Yes
110788,No
110789,No
110790,No
110791,No
110792,Yes
110793,No
110794,Yes
110795,Yes
110796,Yes
110797,Yes
110798,Yes
110799,Yes
110800,No
110801,Yes
110802,Yes
110803,Yes
110804,Yes
110805,No
110806,Yes
110807,No
110808,No
110809,Yes
110810,No
110811,No
110812,No
110813,Yes
110814,Yes
110815,Yes
110816,No
110817,No
110818,No
110819,Yes
110820,No
110821,No
110822,Yes
110823,No
110824,Yes
110825,Yes
110826,Yes
110827,No
110828,Yes
110829,Yes
110830,No
110831,Yes
110832,Yes
110833,Yes
110834,No
110835,Yes
110836,Yes
110837,Yes
110838,Yes
110839,Yes
110840,Yes
110841,Yes
110842,No
110843,Yes
110844,Yes
110845,No
110846,Yes
110847,No
110848,Yes
110849,Yes
110850,No
110851,No
110852,Yes
110853,No
110854,Yes
110855,Yes
110856,No
110857,No
110858,Yes
110859,Yes
110860,Yes
110861,Yes
110862,No
110863,No
110864,No
110865,Yes
110866,Yes
110867,No
110868,No
110869,Yes
110870,Yes
110871,Yes
110872,Yes
110873,Yes
110874,Yes
110875,No
110876,Yes
110877,Yes
110878,No
110879,No
110880,Yes
110881,Yes
110882,No
110883,Yes
110884,Yes
110885,No
110886,Yes
110887,Yes
110888,Yes
110889,No
110890,Yes
110891,Yes
110892,Yes
110893,Yes
110894,No
110895,Yes
110896,Yes
110897,No
110898,Yes
110899,Yes
110900,No
110901,Yes
110902,Yes
110903,Yes
110904,Yes
110905,Yes
110906,No
110907,Yes
110908,No
110909,Yes
110910,Yes
110911,Yes
110912,No
110913,No
110914,Yes
110915,Yes
110916,Yes
110917,No
110918,Yes
110919,Yes
110920,Yes
110921,No
110922,Yes
110923,No
110924,Yes
110925,No
110926,No
110927,Yes
110928,Yes
110929,Yes
110930,Yes
110931,No
110932,Yes
110933,Yes
110934,Yes
110935,No
110936,No
110937,Yes
110938,No
110939,No
110940,Yes
110941,Yes
110942,Yes
110943,Yes
110944,No
110945,Yes
110946,Yes
110947,No
110948,No
110949,Yes
110950,Yes
110951,Yes
110952,No
110953,Yes
110954,Yes
110955,Yes
110956,Yes
110957,No
110958,No
110959,Yes
110960,No
110961,No
110962,No
110963,Yes
110964,Yes
110965,Yes
110966,Yes
110967,Yes
110968,Yes
110969,Yes
110970,No
110971,Yes
110972,Yes
110973,Yes
110974,No
110975,No
110976,Yes
110977,Yes
110978,No
110979,No
110980,Yes
110981,Yes
110982,Yes
110983,Yes
110984,Yes
110985,Yes
110986,Yes
110987,No
110988,Yes
110989,Yes
110990,Yes
110991,Yes
110992,Yes
110993,Yes
110994,Yes
110995,Yes
110996,Yes
110997,No
110998,No
110999,Yes
111000,Yes
111001,No
111002,Yes
111003,Yes
111004,No
111005,No
111006,No
111007,Yes
111008,No
111009,No
111010,No
111011,No
111012,Yes
111013,Yes
111014,Yes
111015,Yes
111016,Yes
111017,Yes
111018,No
111019,No
111020,No
111021,No
111022,Yes
111023,Yes
111024,No
111025,Yes
111026,No
111027,Yes
111028,Yes
111029,Yes
111030,Yes
111031,Yes
111032,Yes
111033,No
111034,Yes
111035,Yes
111036,No
111037,No
111038,Yes
111039,Yes
111040,No
111041,No
111042,Yes
111043,No
111044,No
111045,No
111046,No
111047,No
111048,Yes
111049,Yes
111050,No
111051,No
111052,Yes
111053,No
111054,Yes
111055,No
111056,Yes
111057,No
111058,Yes
111059,Yes
111060,No
111061,Yes
111062,Yes
111063,No
111064,Yes
111065,Yes
111066,No
111067,No
111068,Yes
111069,No
111070,Yes
111071,Yes
111072,Yes
111073,Yes
111074,Yes
111075,Yes
111076,Yes
111077,Yes
111078,Yes
111079,Yes
111080,Yes
111081,Yes
111082,Yes
111083,Yes
111084,No
111085,No
111086,Yes
111087,No
111088,Yes
111089,Yes
111090,No
111091,Yes
111092,No
111093,Yes
111094,No
111095,Yes
111096,No
111097,Yes
111098,Yes
111099,No
111100,Yes
111101,Yes
111102,Yes
111103,Yes
111104,Yes
111105,Yes
111106,Yes
111107,Yes
111108,Yes
111109,No
111110,Yes
111111,Yes
111112,No
111113,Yes
111114,No
111115,No
111116,Yes
111117,No
111118,No
111119,Yes
111120,No
111121,Yes
111122,No
111123,Yes
111124,Yes
111125,Yes
111126,Yes
111127,No
111128,Yes
111129,No
111130,Yes
111131,Yes
111132,No
111133,Yes
111134,Yes
111135,Yes
111136,Yes
111137,Yes
111138,No
111139,Yes
111140,Yes
111141,Yes
111142,Yes
111143,Yes
111144,Yes
111145,Yes
111146,Yes
111147,Yes
111148,Yes
111149,Yes
111150,Yes
111151,Yes
111152,No
111153,Yes
111154,Yes
111155,No
111156,No
111157,Yes
111158,No
111159,Yes
111160,Yes
111161,Yes
111162,Yes
111163,No
111164,No
111165,Yes
111166,No
111167,Yes
111168,No
111169,No
111170,Yes
111171,No
111172,Yes
111173,No
111174,Yes
111175,No
111176,Yes
111177,Yes
111178,No
111179,Yes
111180,Yes
111181,Yes
111182,No
111183,Yes
111184,Yes
111185,No
111186,Yes
111187,Yes
111188,Yes
111189,Yes
111190,Yes
111191,Yes
111192,No
111193,No
111194,Yes
111195,No
111196,Yes
111197,Yes
111198,No
111199,No
111200,Yes
111201,Yes
111202,No
111203,Yes
111204,No
111205,No
111206,Yes
111207,No
111208,Yes
111209,No
111210,Yes
111211,No
111212,Yes
111213,No
111214,Yes
111215,Yes
111216,Yes
111217,Yes
111218,Yes
111219,No
111220,Yes
111221,No
111222,Yes
111223,Yes
111224,No
111225,Yes
111226,Yes
111227,Yes
111228,Yes
111229,No
111230,Yes
111231,No
111232,Yes
111233,Yes
111234,Yes
111235,No
111236,Yes
111237,No
111238,No
111239,Yes
111240,Yes
111241,Yes
111242,Yes
111243,Yes
111244,No
111245,No
111246,Yes
111247,No
111248,Yes
111249,No
111250,Yes
111251,No
111252,Yes
111253,Yes
111254,Yes
111255,Yes
111256,No
111257,Yes
111258,Yes
111259,Yes
111260,No
111261,Yes
111262,No
111263,No
111264,No
111265,No
111266,Yes
111267,Yes
111268,No
111269,Yes
111270,No
111271,Yes
111272,Yes
111273,No
111274,Yes
111275,Yes
111276,No
111277,Yes
111278,Yes
111279,Yes
111280,No
111281,Yes
111282,No
111283,Yes
111284,Yes
111285,Yes
111286,No
111287,Yes
111288,Yes
111289,Yes
111290,Yes
111291,Yes
111292,Yes
111293,Yes
111294,No
111295,Yes
111296,Yes
111297,No
111298,Yes
111299,Yes
111300,Yes
111301,Yes
111302,Yes
111303,Yes
111304,Yes
111305,Yes
111306,Yes
111307,Yes
111308,Yes
111309,Yes
111310,Yes
111311,Yes
111312,No
111313,Yes
111314,No
111315,No
111316,Yes
111317,Yes
111318,No
111319,No
111320,Yes
111321,No
111322,No
111323,Yes
111324,Yes
111325,Yes
111326,Yes
111327,Yes
111328,Yes
111329,No
111330,Yes
111331,No
111332,Yes
111333,Yes
111334,No
111335,Yes
111336,Yes
111337,No
111338,Yes
111339,Yes
111340,Yes
111341,Yes
111342,Yes
111343,No
111344,Yes
111345,No
111346,Yes
111347,Yes
111348,No
111349,No
111350,Yes
111351,Yes
111352,Yes
111353,Yes
111354,Yes
111355,Yes
111356,Yes
111357,Yes
111358,No
111359,Yes
111360,Yes
111361,Yes
111362,Yes
111363,Yes
111364,No
111365,Yes
111366,Yes
111367,No
111368,Yes
111369,No
111370,Yes
111371,Yes
111372,No
111373,No
111374,Yes
111375,Yes
111376,Yes
111377,Yes
111378,No
111379,Yes
111380,Yes
111381,Yes
111382,No
111383,No
111384,Yes
111385,Yes
111386,No
111387,Yes
111388,No
111389,Yes
111390,Yes
111391,Yes
111392,No
111393,Yes
111394,Yes
111395,Yes
111396,Yes
111397,No
111398,Yes
111399,No
111400,Yes
111401,Yes
111402,No
111403,Yes
111404,Yes
111405,Yes
111406,Yes
111407,Yes
111408,Yes
111409,No
111410,No
111411,No
111412,No
111413,No
111414,Yes
111415,Yes
111416,No
111417,Yes
111418,Yes
111419,No
111420,Yes
111421,No
111422,Yes
111423,No
111424,Yes
111425,Yes
111426,Yes
111427,Yes
111428,Yes
111429,Yes
111430,No
111431,Yes
111432,No
111433,Yes
111434,No
111435,Yes
111436,Yes
111437,Yes
111438,Yes
111439,No
111440,Yes
111441,No
111442,No
111443,No
111444,Yes
111445,Yes
111446,Yes
111447,No
111448,Yes
111449,Yes
111450,Yes
111451,Yes
111452,Yes
111453,Yes
111454,Yes
111455,Yes
111456,No
111457,No
111458,No
111459,Yes
111460,No
111461,No
111462,No
111463,No
111464,No
111465,Yes
111466,Yes
111467,No
111468,Yes
111469,No
111470,Yes
111471,Yes
111472,Yes
111473,Yes
111474,Yes
111475,Yes
111476,Yes
111477,No
111478,Yes
111479,Yes
111480,Yes
111481,Yes
111482,Yes
111483,No
111484,No
111485,Yes
111486,Yes
111487,Yes
111488,No
111489,No
111490,Yes
111491,Yes
111492,No
111493,Yes
111494,Yes
111495,No
111496,Yes
111497,Yes
111498,Yes
111499,Yes
111500,Yes
111501,No
111502,Yes
111503,No
111504,Yes
111505,Yes
111506,Yes
111507,Yes
111508,Yes
111509,Yes
111510,Yes
111511,No
111512,Yes
111513,No
111514,Yes
111515,Yes
111516,Yes
111517,Yes
111518,Yes
111519,Yes
111520,Yes
111521,Yes
111522,Yes
111523,Yes
111524,Yes
111525,Yes
111526,Yes
111527,No
111528,Yes
111529,No
111530,Yes
111531,No
111532,Yes
111533,Yes
111534,Yes
111535,Yes
111536,Yes
111537,No
111538,No
111539,Yes
111540,Yes
111541,Yes
111542,Yes
111543,No
111544,Yes
111545,Yes
111546,Yes
111547,Yes
111548,Yes
111549,No
111550,No
111551,Yes
111552,Yes
111553,Yes
111554,No
111555,No
111556,Yes
111557,No
111558,No
111559,No
111560,No
111561,Yes
111562,Yes
111563,Yes
111564,No
111565,Yes
111566,No
111567,Yes
111568,No
111569,No
111570,No
111571,No
111572,Yes
111573,Yes
111574,No
111575,Yes
111576,Yes
111577,No
111578,Yes
111579,Yes
111580,No
111581,Yes
111582,Yes
111583,Yes
111584,Yes
111585,Yes
111586,No
111587,Yes
111588,Yes
111589,Yes
111590,No
111591,No
111592,Yes
111593,Yes
111594,Yes
111595,Yes
111596,No
111597,Yes
111598,No
111599,No
111600,Yes
111601,Yes
111602,No
111603,No
111604,No
111605,Yes
111606,Yes
111607,Yes
111608,Yes
111609,No
111610,No
111611,Yes
111612,Yes
111613,Yes
111614,Yes
111615,Yes
111616,No
111617,No
111618,Yes
111619,No
111620,Yes
111621,No
111622,Yes
111623,Yes
111624,No
111625,No
111626,No
111627,No
111628,Yes
111629,No
111630,No
111631,Yes
111632,Yes
111633,Yes
111634,Yes
111635,Yes
111636,Yes
111637,Yes
111638,No
111639,Yes
111640,Yes
111641,No
111642,Yes
111643,Yes
111644,Yes
111645,Yes
111646,No
111647,Yes
111648,Yes
111649,No
111650,Yes
111651,Yes
111652,No
111653,Yes
111654,Yes
111655,No
111656,Yes
111657,Yes
111658,No
111659,No
111660,No
111661,No
111662,Yes
111663,No
111664,Yes
111665,Yes
111666,No
111667,No
111668,Yes
111669,Yes
111670,No
111671,Yes
111672,Yes
111673,Yes
111674,No
111675,Yes
111676,Yes
111677,Yes
111678,No
111679,Yes
111680,Yes
111681,No
111682,No
111683,Yes
111684,Yes
111685,No
111686,No
111687,No
111688,Yes
111689,Yes
111690,Yes
111691,No
111692,Yes
111693,Yes
111694,No
111695,Yes
111696,Yes
111697,Yes
111698,No
111699,Yes
111700,No
111701,Yes
111702,Yes
111703,Yes
111704,Yes
111705,No
111706,Yes
111707,No
111708,Yes
111709,No
111710,No
111711,Yes
111712,Yes
111713,No
111714,Yes
111715,Yes
111716,No
111717,No
111718,Yes
111719,Yes
111720,Yes
111721,Yes
111722,Yes
111723,Yes
111724,Yes
111725,No
111726,Yes
111727,Yes
111728,Yes
111729,Yes
111730,Yes
111731,No
111732,Yes
111733,No
111734,Yes
111735,Yes
111736,No
111737,No
111738,Yes
111739,Yes
111740,Yes
111741,Yes
111742,Yes
111743,Yes
111744,Yes
111745,Yes
111746,No
111747,Yes
111748,No
111749,Yes
111750,Yes
111751,No
111752,Yes
111753,Yes
111754,Yes
111755,Yes
111756,Yes
111757,Yes
111758,No
111759,No
111760,No
111761,Yes
111762,Yes
111763,Yes
111764,Yes
111765,Yes
111766,Yes
111767,Yes
111768,Yes
111769,Yes
111770,Yes
111771,No
111772,Yes
111773,Yes
111774,Yes
111775,Yes
111776,Yes
111777,Yes
111778,No
111779,No
111780,No
111781,Yes
111782,No
111783,No
111784,No
111785,Yes
111786,No
111787,No
111788,Yes
111789,No
111790,No
111791,No
111792,Yes
111793,Yes
111794,Yes
111795,No
111796,Yes
111797,Yes
111798,Yes
111799,Yes
111800,Yes
111801,Yes
111802,Yes
111803,Yes
111804,Yes
111805,Yes
111806,Yes
111807,Yes
111808,Yes
111809,Yes
111810,Yes
111811,No
111812,No
111813,No
111814,No
111815,Yes
111816,Yes
111817,No
111818,No
111819,No
111820,Yes
111821,Yes
111822,Yes
111823,No
111824,No
111825,Yes
111826,No
111827,Yes
111828,Yes
111829,Yes
111830,Yes
111831,Yes
111832,Yes
111833,No
111834,Yes
111835,Yes
111836,Yes
111837,Yes
111838,No
111839,Yes
111840,No
111841,Yes
111842,Yes
111843,No
111844,Yes
111845,Yes
111846,No
111847,Yes
111848,No
111849,No
111850,No
111851,No
111852,No
111853,Yes
111854,No
111855,Yes
111856,No
111857,No
111858,Yes
111859,Yes
111860,Yes
111861,Yes
111862,No
111863,Yes
111864,Yes
111865,No
111866,No
111867,No
111868,No
111869,Yes
111870,Yes
111871,Yes
111872,Yes
111873,No
111874,No
111875,No
111876,Yes
111877,Yes
111878,No
111879,Yes
111880,Yes
111881,Yes
111882,Yes
111883,Yes
111884,Yes
111885,No
111886,Yes
111887,Yes
111888,No
111889,Yes
111890,Yes
111891,Yes
111892,Yes
111893,Yes
111894,Yes
111895,Yes
111896,Yes
111897,Yes
111898,Yes
111899,Yes
111900,Yes
111901,No
111902,No
111903,Yes
111904,Yes
111905,No
111906,Yes
111907,Yes
111908,Yes
111909,No
111910,Yes
111911,Yes
111912,Yes
111913,Yes
111914,No
111915,No
111916,Yes
111917,Yes
111918,Yes
111919,Yes
111920,Yes
111921,No
111922,No
111923,No
111924,Yes
111925,Yes
111926,No
111927,No
111928,Yes
111929,Yes
111930,Yes
111931,No
111932,Yes
111933,No
111934,No
111935,No
111936,No
111937,No
111938,No
111939,Yes
111940,No
111941,No
111942,Yes
111943,No
111944,No
111945,Yes
111946,Yes
111947,Yes
111948,Yes
111949,Yes
111950,Yes
111951,No
111952,Yes
111953,No
111954,No
111955,No
111956,Yes
111957,No
111958,Yes
111959,No
111960,Yes
111961,Yes
111962,No
111963,Yes
111964,No
111965,Yes
111966,Yes
111967,Yes
111968,Yes
111969,Yes
111970,Yes
111971,Yes
111972,Yes
111973,Yes
111974,No
111975,Yes
111976,Yes
111977,No
111978,Yes
111979,Yes
111980,Yes
111981,Yes
111982,Yes
111983,Yes
111984,Yes
111985,Yes
111986,Yes
111987,No
111988,Yes
111989,Yes
111990,Yes
111991,No
111992,No
111993,No
111994,Yes
111995,Yes
111996,Yes
111997,No
111998,Yes
111999,No
112000,Yes
112001,Yes
112002,Yes
112003,No
112004,Yes
112005,Yes
112006,Yes
112007,Yes
112008,Yes
112009,No
112010,Yes
112011,Yes
112012,Yes
112013,Yes
112014,Yes
112015,Yes
112016,No
112017,Yes
112018,Yes
112019,No
112020,Yes
112021,Yes
112022,Yes
112023,No
112024,Yes
112025,Yes
112026,Yes
112027,No
112028,Yes
112029,No
112030,Yes
112031,No
112032,Yes
112033,Yes
112034,Yes
112035,Yes
112036,Yes
112037,No
112038,Yes
112039,Yes
112040,Yes
112041,Yes
112042,Yes
112043,No
112044,Yes
112045,Yes
112046,No
112047,Yes
112048,No
112049,Yes
112050,No
112051,Yes
112052,Yes
112053,Yes
112054,No
112055,Yes
112056,Yes
112057,Yes
112058,Yes
112059,No
112060,Yes
112061,No
112062,Yes
112063,Yes
112064,No
112065,No
112066,Yes
112067,No
112068,No
112069,No
112070,Yes
112071,No
112072,Yes
112073,Yes
112074,Yes
112075,Yes
112076,No
112077,No
112078,Yes
112079,Yes
112080,Yes
112081,No
112082,No
112083,Yes
112084,Yes
112085,No
112086,Yes
112087,No
112088,Yes
112089,Yes
112090,Yes
112091,No
112092,Yes
112093,Yes
112094,Yes
112095,Yes
112096,Yes
112097,No
112098,Yes
112099,Yes
112100,No
112101,Yes
112102,Yes
112103,Yes
112104,Yes
112105,Yes
112106,Yes
112107,No
112108,Yes
112109,No
112110,No
112111,Yes
112112,Yes
112113,Yes
112114,No
112115,Yes
112116,Yes
112117,Yes
112118,Yes
112119,Yes
112120,No
112121,Yes
112122,No
112123,Yes
112124,Yes
112125,Yes
112126,Yes
112127,Yes
112128,No
112129,Yes
112130,No
112131,Yes
112132,Yes
112133,No
112134,Yes
112135,Yes
112136,Yes
112137,Yes
112138,Yes
112139,Yes
112140,No
112141,Yes
112142,No
112143,Yes
112144,Yes
112145,Yes
112146,No
112147,Yes
112148,No
112149,No
112150,No
112151,Yes
112152,Yes
112153,Yes
112154,Yes
112155,Yes
112156,Yes
112157,Yes
112158,No
112159,No
112160,Yes
112161,No
112162,No
112163,No
112164,Yes
112165,Yes
112166,Yes
112167,No
112168,Yes
112169,Yes
112170,Yes
112171,No
112172,Yes
112173,Yes
112174,No
112175,Yes
112176,No
112177,Yes
112178,Yes
112179,Yes
112180,No
112181,No
112182,No
112183,Yes
112184,Yes
112185,Yes
112186,Yes
112187,Yes
112188,Yes
112189,No
112190,Yes
112191,Yes
112192,No
112193,Yes
112194,Yes
112195,Yes
112196,Yes
112197,No
112198,Yes
112199,Yes
112200,Yes
112201,Yes
112202,No
112203,Yes
112204,No
112205,No
112206,Yes
112207,Yes
112208,Yes
112209,Yes
112210,No
112211,Yes
112212,No
112213,Yes
112214,Yes
112215,Yes
112216,Yes
112217,Yes
112218,No
112219,No
112220,No
112221,Yes
112222,Yes
112223,Yes
112224,Yes
112225,Yes
112226,Yes
112227,No
112228,Yes
112229,Yes
112230,Yes
112231,No
112232,No
112233,Yes
112234,No
112235,Yes
112236,Yes
112237,Yes
112238,No
112239,No
112240,Yes
112241,Yes
112242,Yes
112243,Yes
112244,No
112245,Yes
112246,No
112247,Yes
112248,Yes
112249,Yes
112250,No
112251,No
112252,No
112253,Yes
112254,No
112255,Yes
112256,Yes
112257,Yes
112258,Yes
112259,Yes
112260,Yes
112261,Yes
112262,Yes
112263,Yes
112264,Yes
112265,Yes
112266,No
112267,No
112268,Yes
112269,Yes
112270,Yes
112271,Yes
112272,Yes
112273,No
112274,Yes
112275,Yes
112276,No
112277,No
112278,Yes
112279,Yes
112280,Yes
112281,No
112282,Yes
112283,No
112284,Yes
112285,Yes
112286,Yes
112287,Yes
112288,No
112289,Yes
112290,Yes
112291,No
112292,No
112293,No
112294,Yes
112295,Yes
112296,Yes
112297,Yes
112298,Yes
112299,No
112300,Yes
112301,Yes
112302,Yes
112303,Yes
112304,No
112305,No
112306,Yes
112307,Yes
112308,No
112309,No
112310,Yes
112311,No
112312,No
112313,Yes
112314,Yes
112315,Yes
112316,Yes
112317,Yes
112318,Yes
112319,Yes
112320,No
112321,Yes
112322,Yes
112323,Yes
112324,Yes
112325,Yes
112326,Yes
112327,Yes
112328,No
112329,No
112330,Yes
112331,Yes
112332,Yes
112333,No
112334,Yes
112335,No
112336,Yes
112337,No
112338,Yes
112339,No
112340,Yes
112341,No
112342,Yes
112343,Yes
112344,No
112345,Yes
112346,No
112347,No
112348,No
112349,Yes
112350,No
112351,Yes
112352,No
112353,Yes
112354,No
112355,Yes
112356,Yes
112357,Yes
112358,Yes
112359,No
112360,Yes
112361,Yes
112362,Yes
112363,Yes
112364,Yes
112365,Yes
112366,No
112367,Yes
112368,Yes
112369,Yes
112370,Yes
112371,Yes
112372,Yes
112373,No
112374,Yes
112375,No
112376,Yes
112377,Yes
112378,Yes
112379,Yes
112380,No
112381,Yes
112382,Yes
112383,No
112384,No
112385,Yes
112386,No
112387,No
112388,Yes
112389,No
112390,Yes
112391,Yes
112392,No
112393,No
112394,Yes
112395,Yes
112396,Yes
112397,Yes
112398,Yes
112399,Yes
112400,Yes
112401,Yes
112402,No
112403,Yes
112404,Yes
112405,Yes
112406,Yes
112407,No
112408,Yes
112409,No
112410,Yes
112411,Yes
112412,No
112413,Yes
112414,Yes
112415,Yes
112416,No
112417,Yes
112418,Yes
112419,Yes
112420,Yes
112421,Yes
112422,Yes
112423,Yes
112424,Yes
112425,Yes
112426,Yes
112427,No
112428,No
112429,Yes
112430,No
112431,Yes
112432,Yes
112433,No
112434,Yes
112435,Yes
112436,Yes
112437,Yes
112438,No
112439,No
112440,Yes
112441,Yes
112442,No
112443,Yes
112444,Yes
112445,Yes
112446,Yes
112447,No
112448,Yes
112449,No
112450,No
112451,Yes
112452,Yes
112453,Yes
112454,No
112455,No
112456,Yes
112457,No
112458,Yes
112459,No
112460,No
112461,Yes
112462,Yes
112463,Yes
112464,Yes
112465,No
112466,No
112467,Yes
112468,No
112469,Yes
112470,Yes
112471,No
112472,No
112473,No
112474,Yes
112475,Yes
112476,Yes
112477,No
112478,Yes
112479,Yes
112480,Yes
112481,No
112482,Yes
112483,No
112484,Yes
112485,Yes
112486,No
112487,Yes
112488,No
112489,Yes
112490,Yes
112491,No
112492,Yes
112493,Yes
112494,No
112495,No
112496,Yes
112497,Yes
112498,Yes
112499,No
112500,No
112501,Yes
112502,No
112503,Yes
112504,Yes
112505,Yes
112506,Yes
112507,Yes
112508,No
112509,Yes
112510,No
112511,Yes
112512,No
112513,Yes
112514,No
112515,Yes
112516,No
112517,No
112518,Yes
112519,Yes
112520,Yes
112521,Yes
112522,Yes
112523,Yes
112524,Yes
112525,Yes
112526,Yes
112527,No
112528,Yes
112529,No
112530,No
112531,Yes
112532,No
112533,Yes
112534,Yes
112535,Yes
112536,No
112537,No
112538,No
112539,Yes
112540,No
112541,No
112542,No
112543,Yes
112544,Yes
112545,Yes
112546,Yes
112547,No
112548,Yes
112549,No
112550,Yes
112551,Yes
112552,Yes
112553,Yes
112554,Yes
112555,No
112556,No
112557,Yes
112558,No
112559,Yes
112560,Yes
112561,Yes
112562,Yes
112563,Yes
112564,No
112565,No
112566,No
112567,No
112568,Yes
112569,Yes
112570,Yes
112571,Yes
112572,Yes
112573,Yes
112574,No
112575,No
112576,No
112577,Yes
112578,Yes
112579,Yes
112580,Yes
112581,Yes
112582,Yes
112583,Yes
112584,No
112585,No
112586,Yes
112587,No
112588,Yes
112589,No
112590,No
112591,Yes
112592,Yes
112593,No
112594,No
112595,Yes
112596,Yes
112597,Yes
112598,Yes
112599,No
112600,Yes
112601,Yes
112602,Yes
112603,No
112604,Yes
112605,Yes
112606,Yes
112607,Yes
112608,Yes
112609,Yes
112610,No
112611,Yes
112612,Yes
112613,Yes
112614,Yes
112615,Yes
112616,Yes
112617,No
112618,No
112619,No
112620,Yes
112621,Yes
112622,Yes
112623,Yes
112624,No
112625,No
112626,Yes
112627,Yes
112628,Yes
112629,No
112630,Yes
112631,Yes
112632,Yes
112633,Yes
112634,No
112635,Yes
112636,No
112637,No
112638,Yes
112639,Yes
112640,No
112641,Yes
112642,No
112643,Yes
112644,No
112645,Yes
112646,No
112647,Yes
112648,Yes
112649,Yes
112650,Yes
112651,Yes
112652,No
112653,Yes
112654,Yes
112655,Yes
112656,No
112657,Yes
112658,No
112659,Yes
112660,No
112661,Yes
112662,Yes
112663,No
112664,Yes
112665,Yes
112666,No
112667,Yes
112668,No
112669,Yes
112670,Yes
112671,Yes
112672,Yes
112673,Yes
112674,No
112675,Yes
112676,Yes
112677,Yes
112678,Yes
112679,No
112680,No
112681,Yes
112682,No
112683,Yes
112684,Yes
112685,Yes
112686,Yes
112687,Yes
112688,No
112689,Yes
112690,No
112691,Yes
112692,No
112693,Yes
112694,Yes
112695,No
112696,No
112697,Yes
112698,Yes
112699,Yes
112700,No
112701,Yes
112702,Yes
112703,Yes
112704,Yes
112705,Yes
112706,Yes
112707,No
112708,Yes
112709,Yes
112710,Yes
112711,Yes
112712,Yes
112713,No
112714,Yes
112715,No
112716,No
112717,Yes
112718,No
112719,Yes
112720,Yes
112721,Yes
112722,Yes
112723,Yes
112724,Yes
112725,Yes
112726,No
112727,Yes
112728,Yes
112729,No
112730,No
112731,No
112732,No
112733,Yes
112734,Yes
112735,Yes
112736,No
112737,Yes
112738,Yes
112739,Yes
112740,No
112741,No
112742,Yes
112743,Yes
112744,No
112745,No
112746,No
112747,Yes
112748,Yes
112749,Yes
112750,No
112751,No
112752,Yes
112753,Yes
112754,Yes
112755,No
112756,Yes
112757,Yes
112758,No
112759,Yes
112760,Yes
112761,Yes
112762,Yes
112763,No
112764,Yes
112765,Yes
112766,No
112767,No
112768,Yes
112769,No
112770,Yes
112771,Yes
112772,Yes
112773,Yes
112774,Yes
112775,Yes
112776,Yes
112777,No
112778,Yes
112779,Yes
112780,Yes
112781,Yes
112782,Yes
112783,Yes
112784,No
112785,No
112786,Yes
112787,Yes
112788,Yes
112789,Yes
112790,Yes
112791,Yes
112792,No
112793,Yes
112794,Yes
112795,No
112796,No
112797,Yes
112798,No
112799,Yes
112800,Yes
112801,No
112802,No
112803,No
112804,Yes
112805,Yes
112806,Yes
112807,Yes
112808,Yes
112809,Yes
112810,Yes
112811,Yes
112812,Yes
112813,Yes
112814,Yes
112815,Yes
112816,Yes
112817,Yes
112818,Yes
112819,Yes
112820,Yes
112821,Yes
112822,No
112823,Yes
112824,Yes
112825,No
112826,Yes
112827,Yes
112828,No
112829,No
112830,Yes
112831,Yes
112832,Yes
112833,No
112834,No
112835,Yes
112836,Yes
112837,No
112838,Yes
112839,Yes
112840,Yes
112841,Yes
112842,No
112843,No
112844,Yes
112845,No
112846,No
112847,Yes
112848,No
112849,No
112850,Yes
112851,Yes
112852,No
112853,Yes
112854,Yes
112855,Yes
112856,Yes
112857,No
112858,No
112859,Yes
112860,No
112861,Yes
112862,No
112863,No
112864,Yes
112865,No
112866,Yes
112867,Yes
112868,Yes
112869,Yes
112870,Yes
112871,Yes
112872,Yes
112873,Yes
112874,Yes
112875,No
112876,No
112877,Yes
112878,Yes
112879,Yes
112880,Yes
112881,No
112882,No
112883,Yes
112884,No
112885,Yes
112886,No
112887,No
112888,Yes
112889,No
112890,No
112891,Yes
112892,Yes
112893,No
112894,No
112895,Yes
112896,Yes
112897,Yes
112898,Yes
112899,Yes
112900,No
112901,Yes
112902,Yes
112903,Yes
112904,Yes
112905,Yes
112906,No
112907,Yes
112908,Yes
112909,Yes
112910,Yes
112911,No
112912,No
112913,No
112914,No
112915,Yes
112916,Yes
112917,No
112918,Yes
112919,Yes
112920,Yes
112921,Yes
112922,Yes
112923,No
112924,No
112925,Yes
112926,No
112927,Yes
112928,Yes
112929,Yes
112930,Yes
112931,Yes
112932,No
112933,Yes
112934,Yes
112935,Yes
112936,Yes
112937,Yes
112938,No
112939,Yes
112940,Yes
112941,Yes
112942,Yes
112943,Yes
112944,No
112945,Yes
112946,No
112947,Yes
112948,Yes
112949,Yes
112950,Yes
112951,Yes
112952,Yes
112953,Yes
112954,No
112955,No
112956,Yes
112957,No
112958,Yes
112959,No
112960,Yes
112961,No
112962,Yes
112963,Yes
112964,Yes
112965,No
112966,Yes
112967,Yes
112968,No
112969,Yes
112970,No
112971,Yes
112972,Yes
112973,No
112974,Yes
112975,No
112976,Yes
112977,Yes
112978,No
112979,No
112980,Yes
112981,Yes
112982,Yes
112983,No
112984,Yes
112985,Yes
112986,No
112987,No
112988,Yes
112989,No
112990,Yes
112991,No
112992,Yes
112993,Yes
112994,Yes
112995,Yes
112996,No
112997,No
112998,No
112999,Yes
113000,No
113001,Yes
113002,Yes
113003,Yes
113004,Yes
113005,Yes
113006,Yes
113007,Yes
113008,Yes
113009,No
113010,No
113011,Yes
113012,Yes
113013,No
113014,Yes
113015,Yes
113016,No
113017,Yes
113018,No
113019,Yes
113020,Yes
113021,Yes
113022,Yes
113023,Yes
113024,Yes
113025,Yes
113026,No
113027,Yes
113028,Yes
113029,Yes
113030,Yes
113031,Yes
113032,No
113033,Yes
113034,No
113035,No
113036,No
113037,Yes
113038,No
113039,Yes
113040,Yes
113041,Yes
113042,Yes
113043,Yes
113044,No
113045,No
113046,Yes
113047,Yes
113048,No
113049,Yes
113050,No
113051,Yes
113052,Yes
113053,Yes
113054,Yes
113055,Yes
113056,Yes
113057,Yes
113058,No
113059,No
113060,Yes
113061,No
113062,Yes
113063,Yes
113064,No
113065,Yes
113066,Yes
113067,Yes
113068,No
113069,Yes
113070,No
113071,Yes
113072,Yes
113073,Yes
113074,Yes
113075,No
113076,Yes
113077,Yes
113078,Yes
113079,Yes
113080,No
113081,Yes
113082,No
113083,Yes
113084,No
113085,Yes
113086,Yes
113087,No
113088,Yes
113089,No
113090,Yes
113091,Yes
113092,Yes
113093,Yes
113094,Yes
113095,Yes
113096,Yes
113097,Yes
113098,Yes
113099,No
113100,Yes
113101,Yes
113102,No
113103,No
113104,Yes
113105,No
113106,No
113107,Yes
113108,No
113109,No
113110,Yes
113111,No
113112,Yes
113113,Yes
113114,No
113115,Yes
113116,Yes
113117,Yes
113118,Yes
113119,No
113120,No
113121,No
113122,Yes
113123,Yes
113124,No
113125,No
113126,Yes
113127,No
113128,Yes
113129,No
113130,No
113131,No
113132,Yes
113133,No
113134,Yes
113135,No
113136,Yes
113137,Yes
113138,Yes
113139,No
113140,Yes
113141,Yes
113142,Yes
113143,No
113144,Yes
113145,Yes
113146,Yes
113147,No
113148,Yes
113149,Yes
113150,Yes
113151,No
113152,No
113153,Yes
113154,Yes
113155,No
113156,Yes
113157,No
113158,Yes
113159,Yes
113160,Yes
113161,Yes
113162,No
113163,Yes
113164,Yes
113165,No
113166,Yes
113167,No
113168,No
113169,No
113170,No
113171,No
113172,No
113173,No
113174,Yes
113175,Yes
113176,Yes
113177,No
113178,Yes
113179,Yes
113180,Yes
113181,Yes
113182,Yes
113183,No
113184,Yes
113185,Yes
113186,Yes
113187,No
113188,Yes
113189,No
113190,No
113191,No
113192,Yes
113193,Yes
113194,Yes
113195,Yes
113196,No
113197,Yes
113198,Yes
113199,Yes
113200,Yes
113201,No
113202,Yes
113203,Yes
113204,No
113205,Yes
113206,Yes
113207,No
113208,Yes
113209,Yes
113210,Yes
113211,Yes
113212,No
113213,Yes
113214,Yes
113215,Yes
113216,Yes
113217,Yes
113218,No
113219,Yes
113220,No
113221,No
113222,Yes
113223,Yes
113224,Yes
113225,Yes
113226,No
113227,Yes
113228,Yes
113229,No
113230,No
113231,No
113232,No
113233,Yes
113234,No
113235,Yes
113236,Yes
113237,No
113238,Yes
113239,No
113240,Yes
113241,Yes
113242,Yes
113243,No
113244,No
113245,Yes
113246,No
113247,No
113248,No
113249,No
113250,No
113251,Yes
113252,Yes
113253,No
113254,Yes
113255,Yes
113256,Yes
113257,Yes
113258,No
113259,No
113260,Yes
113261,No
113262,No
113263,Yes
113264,No
113265,Yes
113266,Yes
113267,No
113268,Yes
113269,Yes
113270,No
113271,Yes
113272,No
113273,Yes
113274,Yes
113275,Yes
113276,Yes
113277,No
113278,Yes
113279,No
113280,No
113281,Yes
113282,No
113283,Yes
113284,Yes
113285,Yes
113286,Yes
113287,Yes
113288,Yes
113289,No
113290,No
113291,No
113292,Yes
113293,Yes
113294,No
113295,No
113296,No
113297,No
113298,No
113299,Yes
113300,Yes
113301,No
113302,No
113303,Yes
113304,No
113305,No
113306,Yes
113307,Yes
113308,Yes
113309,No
113310,Yes
113311,Yes
113312,Yes
113313,Yes
113314,Yes
113315,Yes
113316,Yes
113317,No
113318,Yes
113319,Yes
113320,Yes
113321,No
113322,Yes
113323,No
113324,Yes
113325,Yes
113326,Yes
113327,Yes
113328,Yes
113329,No
113330,Yes
113331,Yes
113332,Yes
113333,Yes
113334,No
113335,Yes
113336,Yes
113337,Yes
113338,Yes
113339,No
113340,Yes
113341,Yes
113342,Yes
113343,No
113344,No
113345,No
113346,No
113347,Yes
113348,Yes
113349,Yes
113350,No
113351,Yes
113352,No
113353,No
113354,Yes
113355,No
113356,No
113357,Yes
113358,Yes
113359,Yes
113360,No
113361,Yes
113362,Yes
113363,Yes
113364,Yes
113365,Yes
113366,Yes
113367,Yes
113368,Yes
113369,Yes
113370,No
113371,No
113372,Yes
113373,Yes
113374,Yes
113375,Yes
113376,No
113377,No
113378,No
113379,Yes
113380,Yes
113381,No
113382,Yes
113383,Yes
113384,Yes
113385,Yes
113386,No
113387,Yes
113388,Yes
113389,No
113390,Yes
113391,Yes
113392,Yes
113393,Yes
113394,Yes
113395,Yes
113396,No
113397,No
113398,No
113399,No
113400,No
113401,No
113402,No
113403,No
113404,Yes
113405,Yes
113406,Yes
113407,No
113408,Yes
113409,Yes
113410,No
113411,Yes
113412,No
113413,Yes
113414,No
113415,Yes
113416,Yes
113417,Yes
113418,Yes
113419,Yes
113420,No
113421,Yes
113422,Yes
113423,No
113424,Yes
113425,No
113426,No
113427,Yes
113428,Yes
113429,Yes
113430,Yes
113431,Yes
113432,Yes
113433,Yes
113434,Yes
113435,Yes
113436,No
113437,No
113438,Yes
113439,Yes
113440,Yes
113441,Yes
113442,No
113443,Yes
113444,Yes
113445,Yes
113446,No
113447,Yes
113448,Yes
113449,No
113450,Yes
113451,No
113452,Yes
113453,No
113454,No
113455,No
113456,No
113457,No
113458,Yes
113459,No
113460,Yes
113461,No
113462,Yes
113463,Yes
113464,Yes
113465,Yes
113466,Yes
113467,No
113468,Yes
113469,Yes
113470,Yes
113471,Yes
113472,Yes
113473,Yes
113474,No
113475,Yes
113476,Yes
113477,Yes
113478,No
113479,Yes
113480,Yes
113481,No
113482,Yes
113483,Yes
113484,No
113485,Yes
113486,Yes
113487,No
113488,Yes
113489,No
113490,Yes
113491,Yes
113492,Yes
113493,No
113494,Yes
113495,Yes
113496,No
113497,Yes
113498,Yes
113499,Yes
113500,Yes
113501,No
113502,No
113503,No
113504,Yes
113505,Yes
113506,No
113507,Yes
113508,No
113509,Yes
113510,Yes
113511,Yes
113512,Yes
113513,Yes
113514,No
113515,Yes
113516,Yes
113517,Yes
113518,Yes
113519,Yes
113520,Yes
113521,Yes
113522,Yes
113523,Yes
113524,Yes
113525,No
113526,Yes
113527,No
113528,No
113529,Yes
113530,Yes
113531,Yes
113532,Yes
113533,Yes
113534,Yes
113535,Yes
113536,No
113537,Yes
113538,Yes
113539,No
113540,No
113541,Yes
113542,Yes
113543,No
113544,Yes
113545,Yes
113546,Yes
113547,Yes
113548,Yes
113549,Yes
113550,No
113551,Yes
113552,Yes
113553,Yes
113554,Yes
113555,No
113556,Yes
113557,No
113558,Yes
113559,No
113560,No
113561,No
113562,Yes
113563,No
113564,Yes
113565,No
113566,Yes
113567,No
113568,No
113569,No
113570,Yes
113571,Yes
113572,No
113573,Yes
113574,Yes
113575,Yes
113576,Yes
113577,Yes
113578,No
113579,Yes
113580,Yes
113581,No
113582,Yes
113583,Yes
113584,Yes
113585,No
113586,Yes
113587,Yes
113588,Yes
113589,No
113590,Yes
113591,Yes
113592,No
113593,Yes
113594,No
113595,Yes
113596,No
113597,Yes
113598,Yes
113599,No
113600,Yes
113601,Yes
113602,Yes
113603,No
113604,Yes
113605,No
113606,No
113607,Yes
113608,Yes
113609,No
113610,Yes
113611,No
113612,No
113613,No
113614,Yes
113615,Yes
113616,No
113617,Yes
113618,Yes
113619,Yes
113620,Yes
113621,Yes
113622,Yes
113623,Yes
113624,Yes
113625,Yes
113626,Yes
113627,Yes
113628,Yes
113629,Yes
113630,No
113631,Yes
113632,Yes
113633,No
113634,Yes
113635,Yes
113636,Yes
113637,Yes
113638,Yes
113639,Yes
113640,No
113641,No
113642,Yes
113643,No
113644,Yes
113645,Yes
113646,No
113647,Yes
113648,No
113649,Yes
113650,No
113651,Yes
113652,Yes
113653,Yes
113654,Yes
113655,Yes
113656,No
113657,Yes
113658,Yes
113659,Yes
113660,No
113661,No
113662,Yes
113663,Yes
113664,No
113665,Yes
113666,Yes
113667,No
113668,No
113669,No
113670,Yes
113671,No
113672,No
113673,Yes
113674,Yes
113675,Yes
113676,No
113677,Yes
113678,Yes
113679,Yes
113680,Yes
113681,Yes
113682,Yes
113683,Yes
113684,Yes
113685,No
113686,Yes
113687,Yes
113688,Yes
113689,Yes
113690,Yes
113691,Yes
113692,Yes
113693,Yes
113694,Yes
113695,Yes
113696,No
113697,Yes
113698,Yes
113699,Yes
113700,Yes
113701,Yes
113702,Yes
113703,No
113704,Yes
113705,Yes
113706,Yes
113707,Yes
113708,No
113709,Yes
113710,Yes
113711,Yes
113712,No
113713,No
113714,Yes
113715,No
113716,Yes
113717,Yes
113718,No
113719,Yes
113720,Yes
113721,Yes
113722,No
113723,Yes
113724,Yes
113725,No
113726,No
113727,No
113728,Yes
113729,No
113730,Yes
113731,Yes
113732,No
113733,Yes
113734,Yes
113735,Yes
113736,Yes
113737,Yes
113738,Yes
113739,Yes
113740,Yes
113741,Yes
113742,No
113743,No
113744,Yes
113745,No
113746,Yes
113747,Yes
113748,Yes
113749,No
113750,No
113751,Yes
113752,Yes
113753,Yes
113754,No
113755,Yes
113756,Yes
113757,Yes
113758,Yes
113759,No
113760,Yes
113761,No
113762,Yes
113763,Yes
113764,No
113765,Yes
113766,Yes
113767,Yes
113768,Yes
113769,No
113770,Yes
113771,Yes
113772,No
113773,Yes
113774,No
113775,Yes
113776,Yes
113777,Yes
113778,Yes
113779,Yes
113780,No
113781,Yes
113782,Yes
113783,Yes
113784,No
113785,Yes
113786,Yes
113787,No
113788,Yes
113789,No
113790,Yes
113791,Yes
113792,Yes
113793,Yes
113794,Yes
113795,Yes
113796,Yes
113797,Yes
113798,No
113799,Yes
113800,Yes
113801,Yes
113802,No
113803,No
113804,No
113805,Yes
113806,Yes
113807,No
113808,No
113809,Yes
113810,No
113811,Yes
113812,Yes
113813,Yes
113814,No
113815,Yes
113816,Yes
113817,Yes
113818,No
113819,Yes
113820,Yes
113821,Yes
113822,No
113823,Yes
113824,Yes
113825,Yes
113826,No
113827,Yes
113828,Yes
113829,Yes
113830,Yes
113831,Yes
113832,Yes
113833,Yes
113834,Yes
113835,No
113836,Yes
113837,Yes
113838,No
113839,Yes
113840,No
113841,Yes
113842,No
113843,Yes
113844,Yes
113845,Yes
113846,No
113847,Yes
113848,Yes
113849,Yes
113850,Yes
113851,Yes
113852,No
113853,Yes
113854,Yes
113855,Yes
113856,Yes
113857,Yes
113858,No
113859,No
113860,Yes
113861,No
113862,No
113863,Yes
113864,No
113865,No
113866,No
113867,Yes
113868,Yes
113869,Yes
113870,Yes
113871,Yes
113872,Yes
113873,Yes
113874,Yes
113875,No
113876,No
113877,Yes
113878,No
113879,Yes
113880,No
113881,No
113882,Yes
113883,No
113884,Yes
113885,Yes
113886,Yes
113887,Yes
113888,Yes
113889,No
113890,Yes
113891,Yes
113892,Yes
113893,Yes
113894,No
113895,Yes
113896,No
113897,Yes
113898,Yes
113899,No
113900,Yes
113901,No
113902,Yes
113903,Yes
113904,Yes
113905,Yes
113906,Yes
113907,No
113908,Yes
113909,Yes
113910,No
113911,Yes
113912,Yes
113913,Yes
113914,No
113915,Yes
113916,Yes
113917,Yes
113918,Yes
113919,Yes
113920,Yes
113921,Yes
113922,No
113923,Yes
113924,Yes
113925,Yes
113926,Yes
113927,Yes
113928,No
113929,No
113930,Yes
113931,Yes
113932,Yes
113933,Yes
113934,Yes
113935,Yes
113936,Yes
113937,Yes
113938,Yes
113939,Yes
113940,Yes
113941,No
113942,Yes
113943,Yes
113944,Yes
113945,Yes
113946,Yes
113947,No
113948,Yes
113949,Yes
113950,Yes
113951,No
113952,No
113953,Yes
113954,No
113955,Yes
113956,No
113957,Yes
113958,Yes
113959,No
113960,No
113961,No
113962,No
113963,No
113964,Yes
113965,No
113966,Yes
113967,No
113968,Yes
113969,Yes
113970,No
113971,Yes
113972,No
113973,Yes
113974,Yes
113975,Yes
113976,Yes
113977,Yes
113978,Yes
113979,Yes
113980,Yes
113981,Yes
113982,Yes
113983,No
113984,Yes
113985,No
113986,Yes
113987,Yes
113988,Yes
113989,No
113990,Yes
113991,No
113992,Yes
113993,No
113994,Yes
113995,No
113996,No
113997,Yes
113998,No
113999,Yes
114000,No
114001,Yes
114002,No
114003,Yes
114004,Yes
114005,No
114006,Yes
114007,Yes
114008,No
114009,Yes
114010,Yes
114011,No
114012,Yes
114013,No
114014,No
114015,Yes
114016,Yes
114017,No
114018,Yes
114019,No
114020,No
114021,Yes
114022,Yes
114023,Yes
114024,Yes
114025,No
114026,Yes
114027,Yes
114028,Yes
114029,Yes
114030,Yes
114031,Yes
114032,Yes
114033,Yes
114034,Yes
114035,Yes
114036,No
114037,Yes
114038,Yes
114039,Yes
114040,Yes
114041,Yes
114042,Yes
114043,Yes
114044,Yes
114045,Yes
114046,No
114047,Yes
114048,Yes
114049,No
114050,Yes
114051,Yes
114052,Yes
114053,Yes
114054,No
114055,Yes
114056,Yes
114057,Yes
114058,Yes
114059,Yes
114060,Yes
114061,Yes
114062,Yes
114063,Yes
114064,No
114065,No
114066,No
114067,Yes
114068,Yes
114069,Yes
114070,Yes
114071,No
114072,Yes
114073,Yes
114074,Yes
114075,No
114076,Yes
114077,Yes
114078,Yes
114079,Yes
114080,No
114081,Yes
114082,Yes
114083,No
114084,Yes
114085,Yes
114086,Yes
114087,No
114088,No
114089,Yes
114090,Yes
114091,No
114092,Yes
114093,Yes
114094,Yes
114095,Yes
114096,Yes
114097,No
114098,No
114099,Yes
114100,No
114101,Yes
114102,Yes
114103,Yes
114104,Yes
114105,Yes
114106,No
114107,No
114108,Yes
114109,Yes
114110,Yes
114111,No
114112,Yes
114113,Yes
114114,Yes
114115,No
114116,Yes
114117,Yes
114118,Yes
114119,No
114120,No
114121,Yes
114122,Yes
114123,Yes
114124,Yes
114125,No
114126,No
114127,Yes
114128,No
114129,Yes
114130,Yes
114131,Yes
114132,No
114133,Yes
114134,No
114135,Yes
114136,No
114137,No
114138,Yes
114139,Yes
114140,Yes
114141,No
114142,No
114143,No
114144,No
114145,Yes
114146,Yes
114147,No
114148,No
114149,Yes
114150,Yes
114151,Yes
114152,Yes
114153,Yes
114154,Yes
114155,Yes
114156,Yes
114157,Yes
114158,No
114159,Yes
114160,No
114161,Yes
114162,No
114163,No
114164,Yes
114165,No
114166,Yes
114167,No
114168,Yes
114169,Yes
114170,No
114171,No
114172,Yes
114173,Yes
114174,No
114175,Yes
114176,Yes
114177,Yes
114178,Yes
114179,Yes
114180,No
114181,Yes
114182,No
114183,Yes
114184,No
114185,Yes
114186,Yes
114187,No
114188,No
114189,Yes
114190,Yes
114191,Yes
114192,Yes
114193,Yes
114194,Yes
114195,No
114196,No
114197,Yes
114198,Yes
114199,Yes
114200,Yes
114201,No
114202,Yes
114203,Yes
114204,No
114205,Yes
114206,Yes
114207,No
114208,Yes
114209,Yes
114210,Yes
114211,Yes
114212,No
114213,Yes
114214,No
114215,No
114216,Yes
114217,No
114218,No
114219,Yes
114220,No
114221,Yes
114222,No
114223,Yes
114224,No
114225,Yes
114226,Yes
114227,Yes
114228,Yes
114229,No
114230,Yes
114231,Yes
114232,Yes
114233,No
114234,Yes
114235,Yes
114236,Yes
114237,Yes
114238,Yes
114239,Yes
114240,Yes
114241,No
114242,No
114243,Yes
114244,Yes
114245,Yes
114246,Yes
114247,No
114248,Yes
114249,Yes
114250,Yes
114251,Yes
114252,Yes
114253,Yes
114254,Yes
114255,Yes
114256,No
114257,No
114258,No
114259,Yes
114260,No
114261,Yes
114262,Yes
114263,No
114264,Yes
114265,No
114266,Yes
114267,No
114268,Yes
114269,Yes
114270,Yes
114271,No
114272,No
114273,Yes
114274,No
114275,No
114276,Yes
114277,No
114278,No
114279,No
114280,Yes
114281,No
114282,Yes
114283,Yes
114284,No
114285,No
114286,Yes
114287,Yes
114288,Yes
114289,Yes
114290,Yes
114291,No
114292,No
114293,Yes
114294,Yes
114295,Yes
114296,Yes
114297,Yes
114298,Yes
114299,No
114300,Yes
114301,Yes
114302,No
114303,No
114304,No
114305,Yes
114306,Yes
114307,Yes
114308,Yes
114309,Yes
114310,No
114311,Yes
114312,No
114313,No
114314,Yes
114315,Yes
114316,Yes
114317,Yes
114318,Yes
114319,Yes
114320,Yes
114321,Yes
114322,Yes
114323,Yes
114324,Yes
114325,No
114326,No
114327,Yes
114328,No
114329,Yes
114330,Yes
114331,No
114332,Yes
114333,No
114334,Yes
114335,Yes
114336,Yes
114337,Yes
114338,Yes
114339,Yes
114340,No
114341,Yes
114342,No
114343,Yes
114344,Yes
114345,Yes
114346,Yes
114347,No
114348,No
114349,Yes
114350,Yes
114351,Yes
114352,Yes
114353,No
114354,Yes
114355,Yes
114356,Yes
114357,Yes
114358,No
114359,No
114360,Yes
114361,No
114362,No
114363,Yes
114364,No
114365,No
114366,No
114367,Yes
114368,Yes
114369,Yes
114370,Yes
114371,Yes
114372,No
114373,No
114374,Yes
114375,Yes
114376,Yes
114377,Yes
114378,Yes
114379,No
114380,Yes
114381,No
114382,Yes
114383,No
114384,Yes
114385,Yes
114386,Yes
114387,Yes
114388,Yes
114389,Yes
114390,No
114391,No
114392,Yes
114393,Yes
114394,No
114395,Yes
114396,Yes
114397,Yes
114398,Yes
114399,Yes
114400,Yes
114401,Yes
114402,No
114403,Yes
114404,No
114405,Yes
114406,Yes
114407,Yes
114408,Yes
114409,No
114410,No
114411,Yes
114412,Yes
114413,Yes
114414,Yes
114415,Yes
114416,Yes
114417,Yes
114418,Yes
114419,Yes
114420,Yes
114421,No
114422,No
114423,Yes
114424,Yes
114425,No
114426,Yes
114427,Yes
114428,Yes
114429,No
114430,Yes
114431,Yes
114432,Yes
114433,Yes
114434,Yes
114435,Yes
114436,Yes
114437,No
114438,Yes
114439,Yes
114440,Yes
114441,Yes
114442,No
114443,No
114444,Yes
114445,Yes
114446,No
114447,Yes
114448,Yes
114449,Yes
114450,No
114451,Yes
114452,Yes
114453,Yes
114454,Yes
114455,Yes
114456,Yes
114457,Yes
114458,Yes
114459,No
114460,Yes
114461,No
114462,No
114463,Yes
114464,Yes
114465,Yes
114466,Yes
114467,Yes
114468,No
114469,Yes
114470,Yes
114471,No
114472,Yes
114473,Yes
114474,Yes
114475,Yes
114476,No
114477,No
114478,Yes
114479,Yes
114480,Yes
114481,Yes
114482,No
114483,Yes
114484,Yes
114485,Yes
114486,No
114487,No
114488,No
114489,No
114490,Yes
114491,No
114492,Yes
114493,Yes
114494,No
114495,No
114496,Yes
114497,No
114498,No
114499,Yes
114500,No
114501,No
114502,Yes
114503,No
114504,No
114505,No
114506,Yes
114507,Yes
114508,Yes
114509,No
114510,Yes
114511,No
114512,No
114513,Yes
114514,No
114515,No
114516,Yes
114517,Yes
114518,No
114519,Yes
114520,No
114521,No
114522,Yes
114523,Yes
114524,No
114525,Yes
114526,Yes
114527,Yes
114528,Yes
114529,No
114530,No
114531,No
114532,No
114533,No
114534,No
114535,No
114536,No
114537,No
114538,No
114539,No
114540,Yes
114541,Yes
114542,Yes
114543,Yes
114544,No
114545,Yes
114546,No
114547,Yes
114548,Yes
114549,Yes
114550,Yes
114551,Yes
114552,Yes
114553,Yes
114554,Yes
114555,Yes
114556,No
114557,Yes
114558,Yes
114559,Yes
114560,No
114561,No
114562,No
114563,No
114564,No
114565,No
114566,Yes
114567,Yes
114568,Yes
114569,Yes
114570,Yes
114571,Yes
114572,Yes
114573,Yes
114574,Yes
114575,No
114576,No
114577,No
114578,Yes
114579,Yes
114580,Yes
114581,No
114582,No
114583,Yes
114584,Yes
114585,Yes
114586,Yes
114587,No
114588,No
114589,Yes
114590,No
114591,Yes
114592,Yes
114593,No
114594,Yes
114595,Yes
114596,No
114597,Yes
114598,Yes
114599,No
114600,No
114601,Yes
114602,No
114603,Yes
114604,No
114605,Yes
114606,Yes
114607,No
114608,No
114609,Yes
114610,Yes
114611,Yes
114612,Yes
114613,Yes
114614,Yes
114615,Yes
114616,Yes
114617,No
114618,Yes
114619,Yes
114620,No
114621,Yes
114622,Yes
114623,Yes
114624,Yes
114625,No
114626,Yes
114627,Yes
114628,Yes
114629,No
114630,Yes
114631,No
114632,Yes
114633,Yes
114634,No
114635,Yes
114636,Yes
114637,Yes
114638,Yes
114639,Yes
114640,Yes
114641,No
114642,No
114643,No
114644,No
114645,Yes
114646,Yes
114647,Yes
114648,No
114649,Yes
114650,No
114651,Yes
114652,Yes
114653,Yes
114654,Yes
114655,Yes
114656,Yes
114657,Yes
114658,No
114659,Yes
114660,Yes
114661,Yes
114662,Yes
114663,Yes
114664,Yes
114665,No
114666,Yes
114667,Yes
114668,No
114669,Yes
114670,No
114671,Yes
114672,Yes
114673,No
114674,No
114675,Yes
114676,Yes
114677,No
114678,No
114679,Yes
114680,Yes
114681,Yes
114682,Yes
114683,Yes
114684,Yes
114685,Yes
114686,Yes
114687,Yes
114688,Yes
114689,Yes
114690,No
114691,No
114692,No
114693,Yes
114694,No
114695,Yes
114696,Yes
114697,Yes
114698,No
114699,Yes
114700,No
114701,Yes
114702,Yes
114703,Yes
114704,Yes
114705,Yes
114706,No
114707,No
114708,Yes
114709,No
114710,Yes
114711,Yes
114712,No
114713,Yes
114714,No
114715,Yes
114716,Yes
114717,Yes
114718,No
114719,Yes
114720,Yes
114721,Yes
114722,No
114723,Yes
114724,Yes
114725,Yes
114726,Yes
114727,Yes
114728,Yes
114729,No
114730,Yes
114731,Yes
114732,No
114733,Yes
114734,Yes
114735,Yes
114736,Yes
114737,No
114738,No
114739,No
114740,No
114741,No
114742,Yes
114743,Yes
114744,Yes
114745,Yes
114746,Yes
114747,No
114748,Yes
114749,No
114750,Yes
114751,Yes
114752,Yes
114753,No
114754,No
114755,Yes
114756,Yes
114757,Yes
114758,Yes
114759,Yes
114760,Yes
114761,Yes
114762,No
114763,Yes
114764,Yes
114765,No
114766,Yes
114767,No
114768,No
114769,No
114770,No
114771,No
114772,No
114773,Yes
114774,No
114775,Yes
114776,Yes
114777,No
114778,No
114779,No
114780,Yes
114781,Yes
114782,Yes
114783,Yes
114784,Yes
114785,Yes
114786,Yes
114787,No
114788,Yes
114789,Yes
114790,Yes
114791,No
114792,Yes
114793,Yes
114794,Yes
114795,Yes
114796,No
114797,Yes
114798,No
114799,Yes
114800,No
114801,Yes
114802,Yes
114803,No
114804,No
114805,Yes
114806,Yes
114807,Yes
114808,No
114809,Yes
114810,No
114811,No
114812,Yes
114813,Yes
114814,Yes
114815,Yes
114816,Yes
114817,No
114818,No
114819,Yes
114820,Yes
114821,Yes
114822,Yes
114823,Yes
114824,Yes
114825,Yes
114826,Yes
114827,Yes
114828,Yes
114829,No
114830,Yes
114831,No
114832,Yes
114833,No
114834,No
114835,Yes
114836,Yes
114837,Yes
114838,Yes
114839,Yes
114840,Yes
114841,No
114842,Yes
114843,Yes
114844,No
114845,No
114846,No
114847,Yes
114848,Yes
114849,Yes
114850,Yes
114851,No
114852,Yes
114853,Yes
114854,Yes
114855,No
114856,No
114857,Yes
114858,No
114859,Yes
114860,No
114861,Yes
114862,Yes
114863,Yes
114864,Yes
114865,Yes
114866,Yes
114867,No
114868,No
114869,No
114870,No
114871,Yes
114872,Yes
114873,No
114874,Yes
114875,Yes
114876,Yes
114877,No
114878,No
114879,Yes
114880,No
114881,No
114882,Yes
114883,Yes
114884,No
114885,Yes
114886,Yes
114887,Yes
114888,No
114889,Yes
114890,Yes
114891,Yes
114892,Yes
114893,No
114894,Yes
114895,Yes
114896,Yes
114897,Yes
114898,Yes
114899,Yes
114900,Yes
114901,Yes
114902,Yes
114903,No
114904,Yes
114905,Yes
114906,Yes
114907,No
114908,Yes
114909,No
114910,No
114911,Yes
114912,Yes
114913,Yes
114914,Yes
114915,No
114916,No
114917,Yes
114918,No
114919,Yes
114920,Yes
114921,No
114922,Yes
114923,Yes
114924,Yes
114925,No
114926,Yes
114927,Yes
114928,Yes
114929,Yes
114930,No
114931,Yes
114932,Yes
114933,Yes
114934,No
114935,Yes
114936,Yes
114937,Yes
114938,No
114939,No
114940,Yes
114941,Yes
114942,Yes
114943,No
114944,Yes
114945,No
114946,Yes
114947,No
114948,Yes
114949,Yes
114950,Yes
114951,Yes
114952,Yes
114953,Yes
114954,No
114955,Yes
114956,Yes
114957,Yes
114958,Yes
114959,Yes
114960,Yes
114961,No
114962,Yes
114963,Yes
114964,Yes
114965,No
114966,No
114967,Yes
114968,No
114969,Yes
114970,Yes
114971,Yes
114972,Yes
114973,Yes
114974,Yes
114975,No
114976,Yes
114977,Yes
114978,Yes
114979,Yes
114980,Yes
114981,Yes
114982,Yes
114983,Yes
114984,No
114985,Yes
114986,Yes
114987,Yes
114988,Yes
114989,Yes
114990,No
114991,Yes
114992,No
114993,No
114994,Yes
114995,Yes
114996,No
114997,No
114998,Yes
114999,Yes
115000,Yes
115001,No
115002,Yes
115003,No
115004,Yes
115005,Yes
115006,Yes
115007,No
115008,Yes
115009,Yes
115010,Yes
115011,Yes
115012,Yes
115013,Yes
115014,No
115015,Yes
115016,Yes
115017,Yes
115018,Yes
115019,Yes
115020,Yes
115021,Yes
115022,Yes
115023,Yes
115024,Yes
115025,Yes
115026,Yes
115027,No
115028,Yes
115029,Yes
115030,No
115031,No
115032,Yes
115033,Yes
115034,Yes
115035,No
115036,No
115037,No
115038,Yes
115039,Yes
115040,No
115041,No
115042,Yes
115043,Yes
115044,No
115045,Yes
115046,No
115047,Yes
115048,Yes
115049,No
115050,No
115051,Yes
115052,No
115053,Yes
115054,No
115055,Yes
115056,No
115057,Yes
115058,Yes
115059,Yes
115060,Yes
115061,Yes
115062,Yes
115063,Yes
115064,Yes
115065,No
115066,No
115067,Yes
115068,Yes
115069,No
115070,Yes
115071,No
115072,No
115073,Yes
115074,Yes
115075,Yes
115076,No
115077,Yes
115078,Yes
115079,No
115080,No
115081,No
115082,No
115083,Yes
115084,Yes
115085,Yes
115086,Yes
115087,Yes
115088,Yes
115089,No
115090,Yes
115091,Yes
115092,Yes
115093,Yes
115094,Yes
115095,Yes
115096,Yes
115097,Yes
115098,Yes
115099,No
115100,No
115101,Yes
115102,Yes
115103,Yes
115104,Yes
115105,No
115106,No
115107,Yes
115108,Yes
115109,Yes
115110,No
115111,Yes
115112,Yes
115113,No
115114,No
115115,No
115116,Yes
115117,Yes
115118,No
115119,No
115120,Yes
115121,No
115122,No
115123,Yes
115124,Yes
115125,Yes
115126,No
115127,Yes
115128,No
115129,Yes
115130,Yes
115131,No
115132,Yes
115133,Yes
115134,Yes
115135,Yes
115136,Yes
115137,Yes
115138,Yes
115139,No
115140,Yes
115141,No
115142,Yes
115143,Yes
115144,No
115145,Yes
115146,Yes
115147,Yes
115148,Yes
115149,No
115150,No
115151,No
115152,Yes
115153,Yes
115154,Yes
115155,Yes
115156,No
115157,Yes
115158,No
115159,Yes
115160,Yes
115161,Yes
115162,No
115163,Yes
115164,Yes
115165,Yes
115166,Yes
115167,No
115168,No
115169,No
115170,Yes
115171,No
115172,No
115173,No
115174,Yes
115175,No
115176,No
115177,Yes
115178,Yes
115179,Yes
115180,Yes
115181,Yes
115182,Yes
115183,No
115184,Yes
115185,No
115186,No
115187,Yes
115188,Yes
115189,Yes
115190,Yes
115191,Yes
115192,No
115193,No
115194,Yes
115195,Yes
115196,Yes
115197,No
115198,Yes
115199,Yes
115200,No
115201,Yes
115202,No
115203,No
115204,No
115205,No
115206,No
115207,Yes
115208,Yes
115209,Yes
115210,Yes
115211,No
115212,No
115213,Yes
115214,Yes
115215,Yes
115216,Yes
115217,Yes
115218,No
115219,Yes
115220,Yes
115221,Yes
115222,Yes
115223,Yes
115224,Yes
115225,Yes
115226,Yes
115227,No
115228,Yes
115229,Yes
115230,Yes
115231,No
115232,No
115233,Yes
115234,Yes
115235,Yes
115236,No
115237,No
115238,No
115239,No
115240,No
115241,No
115242,Yes
115243,No
115244,Yes
115245,Yes
115246,Yes
115247,Yes
115248,No
115249,No
115250,Yes
115251,No
115252,Yes
115253,No
115254,Yes
115255,No
115256,No
115257,Yes
115258,Yes
115259,Yes
115260,Yes
115261,Yes
115262,No
115263,Yes
115264,Yes
115265,No
115266,Yes
115267,Yes
115268,Yes
115269,Yes
115270,Yes
115271,Yes
115272,No
115273,Yes
115274,No
115275,Yes
115276,Yes
115277,No
115278,No
115279,No
115280,No
115281,Yes
115282,No
115283,No
115284,Yes
115285,No
115286,Yes
115287,Yes
115288,Yes
115289,Yes
115290,Yes
115291,Yes
115292,Yes
115293,Yes
115294,Yes
115295,No
115296,Yes
115297,No
115298,Yes
115299,Yes
115300,Yes
115301,Yes
115302,Yes
115303,Yes
115304,Yes
115305,No
115306,Yes
115307,Yes
115308,Yes
115309,No
115310,Yes
115311,Yes
115312,Yes
115313,No
115314,No
115315,Yes
115316,Yes
115317,No
115318,Yes
115319,Yes
115320,Yes
115321,Yes
115322,Yes
115323,No
115324,Yes
115325,No
115326,Yes
115327,No
115328,No
115329,Yes
115330,Yes
115331,No
115332,Yes
115333,No
115334,No
115335,Yes
115336,Yes
115337,Yes
115338,Yes
115339,No
115340,No
115341,Yes
115342,No
115343,Yes
115344,Yes
115345,No
115346,No
115347,Yes
115348,No
115349,Yes
115350,No
115351,No
115352,No
115353,Yes
115354,Yes
115355,Yes
115356,No
115357,No
115358,Yes
115359,Yes
115360,Yes
115361,Yes
115362,Yes
115363,No
115364,No
115365,Yes
115366,Yes
115367,Yes
115368,No
115369,No
115370,Yes
115371,No
115372,No
115373,Yes
115374,Yes
115375,Yes
115376,Yes
115377,Yes
115378,Yes
115379,Yes
115380,Yes
115381,No
115382,Yes
115383,Yes
115384,Yes
115385,Yes
115386,Yes
115387,No
115388,No
115389,Yes
115390,Yes
115391,Yes
115392,Yes
115393,Yes
115394,Yes
115395,Yes
115396,No
115397,Yes
115398,No
115399,Yes
115400,Yes
115401,Yes
115402,Yes
115403,Yes
115404,No
115405,No
115406,Yes
115407,Yes
115408,Yes
115409,Yes
115410,Yes
115411,Yes
115412,Yes
115413,Yes
115414,Yes
115415,Yes
115416,No
115417,No
115418,Yes
115419,Yes
115420,Yes
115421,Yes
115422,No
115423,Yes
115424,No
115425,No
115426,No
115427,Yes
115428,Yes
115429,Yes
115430,Yes
115431,Yes
115432,No
115433,Yes
115434,Yes
115435,Yes
115436,Yes
115437,Yes
115438,Yes
115439,Yes
115440,Yes
115441,Yes
115442,No
115443,Yes
115444,Yes
115445,Yes
115446,Yes
115447,Yes
115448,Yes
115449,Yes
115450,Yes
115451,Yes
115452,No
115453,Yes
115454,Yes
115455,Yes
115456,Yes
115457,Yes
115458,Yes
115459,No
115460,Yes
115461,Yes
115462,Yes
115463,No
115464,No
115465,Yes
115466,No
115467,Yes
115468,Yes
115469,Yes
115470,Yes
115471,Yes
115472,No
115473,Yes
115474,Yes
115475,No
115476,No
115477,No
115478,Yes
115479,Yes
115480,No
115481,No
115482,No
115483,Yes
115484,No
115485,Yes
115486,No
115487,Yes
115488,Yes
115489,Yes
115490,No
115491,No
115492,Yes
115493,Yes
115494,Yes
115495,No
115496,No
115497,No
115498,Yes
115499,No
115500,Yes
115501,Yes
115502,No
115503,Yes
115504,Yes
115505,No
115506,Yes
115507,Yes
115508,Yes
115509,Yes
115510,Yes
115511,Yes
115512,Yes
115513,Yes
115514,Yes
115515,No
115516,Yes
115517,Yes
115518,No
115519,Yes
115520,Yes
115521,No
115522,Yes
115523,No
115524,Yes
115525,Yes
115526,Yes
115527,No
115528,Yes
115529,No
115530,Yes
115531,No
115532,Yes
115533,Yes
115534,No
115535,Yes
115536,No
115537,No
115538,Yes
115539,Yes
115540,Yes
115541,Yes
115542,Yes
115543,Yes
115544,Yes
115545,Yes
115546,Yes
115547,No
115548,Yes
115549,No
115550,Yes
115551,No
115552,No
115553,No
115554,No
115555,Yes
115556,Yes
115557,No
115558,Yes
115559,Yes
115560,Yes
115561,No
115562,No
115563,Yes
115564,Yes
115565,No
115566,Yes
115567,Yes
115568,No
115569,No
115570,Yes
115571,No
115572,Yes
115573,No
115574,No
115575,Yes
115576,Yes
115577,Yes
115578,No
115579,Yes
115580,Yes
115581,Yes
115582,Yes
115583,Yes
115584,No
115585,Yes
115586,Yes
115587,Yes
115588,Yes
115589,Yes
115590,Yes
115591,Yes
115592,No
115593,No
115594,Yes
115595,No
115596,Yes
115597,No
115598,Yes
115599,Yes
115600,Yes
115601,Yes
115602,No
115603,No
115604,Yes
115605,No
115606,Yes
115607,No
115608,Yes
115609,No
115610,No
115611,Yes
115612,Yes
115613,Yes
115614,Yes
115615,Yes
115616,No
115617,Yes
115618,Yes
115619,No
115620,Yes
115621,Yes
115622,Yes
115623,Yes
115624,Yes
115625,Yes
115626,Yes
115627,Yes
115628,Yes
115629,Yes
115630,Yes
115631,No
115632,No
115633,Yes
115634,Yes
115635,No
115636,Yes
115637,Yes
115638,No
115639,Yes
115640,No
115641,No
115642,Yes
115643,No
115644,No
115645,Yes
115646,No
115647,No
115648,No
115649,No
115650,Yes
115651,Yes
115652,Yes
115653,Yes
115654,No
115655,No
115656,No
115657,Yes
115658,Yes
115659,Yes
115660,Yes
115661,Yes
115662,No
115663,Yes
115664,Yes
115665,Yes
115666,Yes
115667,Yes
115668,Yes
115669,Yes
115670,No
115671,Yes
115672,Yes
115673,Yes
115674,Yes
115675,Yes
115676,Yes
115677,Yes
115678,Yes
115679,Yes
115680,Yes
115681,No
115682,No
115683,No
115684,No
115685,Yes
115686,Yes
115687,Yes
115688,No
115689,Yes
115690,No
115691,Yes
115692,No
115693,Yes
115694,Yes
115695,Yes
115696,No
115697,Yes
115698,No
115699,Yes
115700,Yes
115701,No
115702,Yes
115703,Yes
115704,No
115705,No
115706,Yes
115707,No
115708,No
115709,No
115710,Yes
115711,Yes
115712,No
115713,No
115714,Yes
115715,Yes
115716,Yes
115717,Yes
115718,Yes
115719,Yes
115720,No
115721,No
115722,No
115723,Yes
115724,Yes
115725,No
115726,Yes
115727,Yes
115728,Yes
115729,Yes
115730,Yes
115731,Yes
115732,No
115733,No
115734,Yes
115735,No
115736,No
115737,Yes
115738,No
115739,No
115740,Yes
115741,No
115742,No
115743,Yes
115744,Yes
115745,No
115746,No
115747,No
115748,Yes
115749,Yes
115750,No
115751,Yes
115752,No
115753,Yes
115754,Yes
115755,Yes
115756,No
115757,Yes
115758,Yes
115759,Yes
115760,No
115761,Yes
115762,No
115763,No
115764,Yes
115765,Yes
115766,Yes
115767,Yes
115768,No
115769,No
115770,Yes
115771,No
115772,Yes
115773,Yes
115774,No
115775,Yes
115776,Yes
115777,Yes
115778,Yes
115779,No
115780,Yes
115781,Yes
115782,Yes
115783,No
115784,No
115785,Yes
115786,No
115787,Yes
115788,Yes
115789,Yes
115790,Yes
115791,Yes
115792,Yes
115793,Yes
115794,Yes
115795,Yes
115796,Yes
115797,Yes
115798,Yes
115799,No
115800,Yes
115801,Yes
115802,Yes
115803,Yes
115804,Yes
115805,No
115806,Yes
115807,Yes
115808,No
115809,No
115810,Yes
115811,No
115812,No
115813,No
115814,Yes
115815,Yes
115816,Yes
115817,No
115818,No
115819,No
115820,Yes
115821,No
115822,Yes
115823,Yes
115824,Yes
115825,Yes
115826,Yes
115827,No
115828,Yes
115829,No
115830,Yes
115831,Yes
115832,No
115833,Yes
115834,Yes
115835,Yes
115836,Yes
115837,No
115838,Yes
115839,No
115840,No
115841,Yes
115842,No
115843,No
115844,No
115845,Yes
115846,Yes
115847,Yes
115848,Yes
115849,No
115850,No
115851,No
115852,Yes
115853,Yes
115854,Yes
115855,Yes
115856,No
115857,Yes
115858,Yes
115859,Yes
115860,No
115861,Yes
115862,No
115863,Yes
115864,Yes
115865,Yes
115866,Yes
115867,Yes
115868,Yes
115869,No
115870,Yes
115871,Yes
115872,Yes
115873,Yes
115874,No
115875,Yes
115876,No
115877,Yes
115878,Yes
115879,Yes
115880,No
115881,Yes
115882,Yes
115883,Yes
115884,Yes
115885,No
115886,Yes
115887,Yes
115888,Yes
115889,No
115890,Yes
115891,No
115892,Yes
115893,No
115894,No
115895,No
115896,No
115897,Yes
115898,Yes
115899,Yes
115900,Yes
115901,Yes
115902,No
115903,Yes
115904,Yes
115905,Yes
115906,Yes
115907,No
115908,No
115909,Yes
115910,Yes
115911,Yes
115912,Yes
115913,No
115914,No
115915,No
115916,Yes
115917,No
115918,Yes
115919,Yes
115920,Yes
115921,No
115922,Yes
115923,Yes
115924,No
115925,No
115926,Yes
115927,Yes
115928,No
115929,Yes
115930,Yes
115931,No
115932,No
115933,No
115934,No
115935,No
115936,No
115937,Yes
115938,No
115939,No
115940,No
115941,No
115942,Yes
115943,Yes
115944,No
115945,Yes
115946,Yes
115947,No
115948,Yes
115949,Yes
115950,No
115951,Yes
115952,Yes
115953,No
115954,No
115955,Yes
115956,Yes
115957,Yes
115958,No
115959,Yes
115960,No
115961,No
115962,Yes
115963,Yes
115964,No
115965,Yes
115966,No
115967,No
115968,No
115969,Yes
115970,Yes
115971,Yes
115972,Yes
115973,Yes
115974,Yes
115975,Yes
115976,Yes
115977,Yes
115978,Yes
115979,No
115980,No
115981,No
115982,Yes
115983,Yes
115984,Yes
115985,Yes
115986,Yes
115987,Yes
115988,Yes
115989,No
115990,No
115991,Yes
115992,No
115993,No
115994,Yes
115995,No
115996,Yes
115997,No
115998,No
115999,No
116000,Yes
116001,No
116002,Yes
116003,Yes
116004,No
116005,Yes
116006,Yes
116007,Yes
116008,Yes
116009,No
116010,Yes
116011,Yes
116012,Yes
116013,No
116014,No
116015,Yes
116016,Yes
116017,No
116018,Yes
116019,No
116020,No
116021,Yes
116022,Yes
116023,Yes
116024,Yes
116025,Yes
116026,No
116027,No
116028,No
116029,Yes
116030,Yes
116031,Yes
116032,Yes
116033,Yes
116034,No
116035,Yes
116036,Yes
116037,Yes
116038,No
116039,Yes
116040,Yes
116041,Yes
116042,No
116043,Yes
116044,No
116045,Yes
116046,No
116047,No
116048,Yes
116049,Yes
116050,Yes
116051,Yes
116052,Yes
116053,Yes
116054,No
116055,Yes
116056,Yes
116057,Yes
116058,Yes
116059,Yes
116060,Yes
116061,No
116062,Yes
116063,Yes
116064,Yes
116065,Yes
116066,Yes
116067,No
116068,Yes
116069,Yes
116070,Yes
116071,No
116072,Yes
116073,Yes
116074,Yes
116075,Yes
116076,No
116077,Yes
116078,Yes
116079,Yes
116080,Yes
116081,Yes
116082,Yes
116083,Yes
116084,No
116085,Yes
116086,Yes
116087,Yes
116088,No
116089,Yes
116090,Yes
116091,Yes
116092,No
116093,Yes
116094,Yes
116095,No
116096,No
116097,No
116098,No
116099,Yes
116100,Yes
116101,Yes
116102,Yes
116103,Yes
116104,Yes
116105,Yes
116106,No
116107,Yes
116108,No
116109,Yes
116110,Yes
116111,No
116112,Yes
116113,Yes
116114,No
116115,No
116116,No
116117,No
116118,No
116119,No
116120,No
116121,Yes
116122,Yes
116123,Yes
116124,No
116125,Yes
116126,No
116127,No
116128,Yes
116129,Yes
116130,No
116131,Yes
116132,No
116133,Yes
116134,Yes
116135,Yes
116136,Yes
116137,Yes
116138,Yes
116139,Yes
116140,Yes
116141,Yes
116142,Yes
116143,No
116144,No
116145,Yes
116146,Yes
116147,No
116148,Yes
116149,No
116150,No
116151,No
116152,No
116153,No
116154,No
116155,No
116156,Yes
116157,Yes
116158,No
116159,Yes
116160,Yes
116161,Yes
116162,Yes
116163,Yes
116164,Yes
116165,Yes
116166,No
116167,No
116168,No
116169,No
116170,Yes
116171,Yes
116172,Yes
116173,No
116174,Yes
116175,No
116176,Yes
116177,Yes
116178,Yes
116179,Yes
116180,Yes
116181,No
116182,Yes
116183,No
116184,No
116185,Yes
116186,Yes
116187,Yes
116188,No
116189,Yes
116190,Yes
116191,No
116192,Yes
116193,Yes
116194,Yes
116195,Yes
116196,No
116197,Yes
116198,Yes
116199,Yes
116200,No
116201,No
116202,No
116203,Yes
116204,Yes
116205,No
116206,Yes
116207,Yes
116208,Yes
116209,Yes
116210,Yes
116211,No
116212,Yes
116213,Yes
116214,Yes
116215,Yes
116216,No
116217,No
116218,Yes
116219,Yes
116220,Yes
116221,Yes
116222,Yes
116223,Yes
116224,Yes
116225,No
116226,No
116227,No
116228,No
116229,Yes
116230,Yes
116231,Yes
116232,No
116233,No
116234,Yes
116235,Yes
116236,No
116237,No
116238,Yes
116239,Yes
116240,No
116241,Yes
116242,Yes
116243,Yes
116244,No
116245,Yes
116246,Yes
116247,Yes
116248,No
116249,Yes
116250,Yes
116251,Yes
116252,Yes
116253,Yes
116254,Yes
116255,Yes
116256,Yes
116257,No
116258,No
116259,Yes
116260,Yes
116261,Yes
116262,Yes
116263,Yes
116264,Yes
116265,No
116266,Yes
116267,Yes
116268,No
116269,Yes
116270,No
116271,Yes
116272,Yes
116273,Yes
116274,No
116275,Yes
116276,Yes
116277,Yes
116278,No
116279,No
116280,Yes
116281,Yes
116282,Yes
116283,Yes
116284,No
116285,Yes
116286,No
116287,Yes
116288,Yes
116289,No
116290,No
116291,No
116292,No
116293,Yes
116294,Yes
116295,Yes
116296,No
116297,Yes
116298,Yes
116299,Yes
116300,No
116301,Yes
116302,No
116303,No
116304,Yes
116305,Yes
116306,Yes
116307,Yes
116308,No
116309,Yes
116310,Yes
116311,Yes
116312,Yes
116313,Yes
116314,Yes
116315,Yes
116316,Yes
116317,Yes
116318,Yes
116319,No
116320,Yes
116321,Yes
116322,Yes
116323,Yes
116324,Yes
116325,Yes
116326,No
116327,No
116328,No
116329,Yes
116330,Yes
116331,No
116332,Yes
116333,Yes
116334,Yes
116335,Yes
116336,Yes
116337,Yes
116338,No
116339,Yes
116340,Yes
116341,Yes
116342,Yes
116343,Yes
116344,Yes
116345,Yes
116346,Yes
116347,Yes
116348,Yes
116349,Yes
116350,No
116351,Yes
116352,Yes
116353,Yes
116354,Yes
116355,No
116356,Yes
116357,No
116358,No
116359,Yes
116360,Yes
116361,Yes
116362,No
116363,Yes
116364,Yes
116365,Yes
116366,Yes
116367,No
116368,Yes
116369,Yes
116370,Yes
116371,Yes
116372,No
116373,No
116374,Yes
116375,Yes
116376,Yes
116377,No
116378,Yes
116379,Yes
116380,Yes
116381,Yes
116382,Yes
116383,Yes
116384,Yes
116385,Yes
116386,Yes
116387,No
116388,Yes
116389,No
116390,Yes
116391,Yes
116392,Yes
116393,Yes
116394,Yes
116395,Yes
116396,No
116397,Yes
116398,Yes
116399,No
116400,Yes
116401,Yes
116402,Yes
116403,Yes
116404,Yes
116405,No
116406,Yes
116407,Yes
116408,Yes
116409,Yes
116410,Yes
116411,No
116412,Yes
116413,No
116414,No
116415,No
116416,Yes
116417,Yes
116418,Yes
116419,Yes
116420,Yes
116421,No
116422,Yes
116423,Yes
116424,Yes
116425,Yes
116426,Yes
116427,Yes
116428,Yes
116429,No
116430,Yes
116431,Yes
116432,No
116433,Yes
116434,Yes
116435,No
116436,Yes
116437,Yes
116438,Yes
116439,No
116440,Yes
116441,Yes
116442,Yes
116443,Yes
116444,Yes
116445,Yes
116446,No
116447,No
116448,No
116449,Yes
116450,Yes
116451,No
116452,No
116453,No
116454,No
116455,Yes
116456,Yes
116457,Yes
116458,Yes
116459,No
116460,No
116461,No
116462,Yes
116463,No
116464,Yes
116465,No
116466,Yes
116467,Yes
116468,No
116469,Yes
116470,Yes
116471,No
116472,Yes
116473,No
116474,Yes
116475,Yes
116476,Yes
116477,Yes
116478,No
116479,No
116480,Yes
116481,Yes
116482,Yes
116483,Yes
116484,No
116485,Yes
116486,Yes
116487,Yes
116488,No
116489,No
116490,Yes
116491,Yes
116492,No
116493,Yes
116494,No
116495,Yes
116496,Yes
116497,Yes
116498,Yes
116499,Yes
116500,No
116501,No
116502,Yes
116503,No
116504,Yes
116505,Yes
116506,Yes
116507,Yes
116508,Yes
116509,Yes
116510,Yes
116511,No
116512,Yes
116513,Yes
116514,Yes
116515,Yes
116516,Yes
116517,Yes
116518,Yes
116519,Yes
116520,No
116521,Yes
116522,Yes
116523,No
116524,No
116525,No
116526,No
116527,No
116528,No
116529,No
116530,No
116531,Yes
116532,Yes
116533,Yes
116534,Yes
116535,Yes
116536,Yes
116537,No
116538,Yes
116539,No
116540,No
116541,No
116542,Yes
116543,No
116544,Yes
116545,Yes
116546,No
116547,No
116548,Yes
116549,Yes
116550,No
116551,Yes
116552,No
116553,No
116554,No
116555,Yes
116556,Yes
116557,Yes
116558,Yes
116559,Yes
116560,Yes
116561,Yes
116562,Yes
116563,No
116564,No
116565,Yes
116566,Yes
116567,Yes
116568,Yes
116569,No
116570,No
116571,Yes
116572,Yes
116573,Yes
116574,Yes
116575,No
116576,Yes
116577,Yes
116578,No
116579,Yes
116580,Yes
116581,No
116582,Yes
116583,Yes
116584,No
116585,Yes
116586,No
116587,Yes
116588,No
116589,No
116590,Yes
116591,Yes
116592,No
116593,Yes
116594,Yes
116595,Yes
116596,Yes
116597,No
116598,Yes
116599,Yes
116600,Yes
116601,No
116602,Yes
116603,Yes
116604,No
116605,Yes
116606,No
116607,Yes
116608,Yes
116609,Yes
116610,No
116611,Yes
116612,No
116613,No
116614,Yes
116615,Yes
116616,No
116617,Yes
116618,No
116619,No
116620,No
116621,No
116622,Yes
116623,Yes
116624,Yes
116625,Yes
116626,Yes
116627,Yes
116628,Yes
116629,Yes
116630,Yes
116631,Yes
116632,No
116633,Yes
116634,Yes
116635,No
116636,No
116637,Yes
116638,Yes
116639,No
116640,Yes
116641,Yes
116642,Yes
116643,No
116644,Yes
116645,No
116646,Yes
116647,Yes
116648,Yes
116649,Yes
116650,Yes
116651,No
116652,Yes
116653,No
116654,Yes
116655,Yes
116656,No
116657,No
116658,Yes
116659,No
116660,Yes
116661,Yes
116662,No
116663,Yes
116664,No
116665,Yes
116666,Yes
116667,No
116668,Yes
116669,Yes
116670,Yes
116671,Yes
116672,Yes
116673,Yes
116674,No
116675,Yes
116676,No
116677,Yes
116678,Yes
116679,Yes
116680,Yes
116681,No
116682,Yes
116683,Yes
116684,Yes
116685,Yes
116686,Yes
116687,No
116688,Yes
116689,Yes
116690,Yes
116691,No
116692,No
116693,Yes
116694,Yes
116695,Yes
116696,Yes
116697,Yes
116698,Yes
116699,Yes
116700,Yes
116701,No
116702,No
116703,No
116704,Yes
116705,Yes
116706,Yes
116707,Yes
116708,Yes
116709,Yes
116710,No
116711,Yes
116712,Yes
116713,No
116714,No
116715,Yes
116716,Yes
116717,Yes
116718,Yes
116719,Yes
116720,No
116721,Yes
116722,Yes
116723,Yes
116724,No
116725,Yes
116726,Yes
116727,Yes
116728,No
116729,Yes
116730,Yes
116731,Yes
116732,Yes
116733,Yes
116734,Yes
116735,No
116736,Yes
116737,Yes
116738,No
116739,No
116740,No
116741,Yes
116742,Yes
116743,Yes
116744,No
116745,Yes
116746,No
116747,No
116748,No
116749,No
116750,Yes
116751,No
116752,No
116753,No
116754,Yes
116755,No
116756,Yes
116757,Yes
116758,No
116759,Yes
116760,No
116761,Yes
116762,Yes
116763,No
116764,Yes
116765,No
116766,Yes
116767,Yes
116768,No
116769,Yes
116770,No
116771,Yes
116772,No
116773,No
116774,Yes
116775,No
116776,Yes
116777,No
116778,Yes
116779,Yes
116780,Yes
116781,Yes
116782,No
116783,No
116784,No
116785,No
116786,Yes
116787,No
116788,No
116789,Yes
116790,Yes
116791,Yes
116792,Yes
116793,Yes
116794,Yes
116795,Yes
116796,Yes
116797,Yes
116798,Yes
116799,Yes
116800,Yes
116801,No
116802,Yes
116803,No
116804,Yes
116805,Yes
116806,Yes
116807,No
116808,No
116809,No
116810,No
116811,No
116812,Yes
116813,Yes
116814,Yes
116815,Yes
116816,Yes
116817,Yes
116818,No
116819,Yes
116820,Yes
116821,No
116822,Yes
116823,Yes
116824,Yes
116825,Yes
116826,Yes
116827,Yes
116828,Yes
116829,Yes
116830,Yes
116831,No
116832,Yes
116833,Yes
116834,No
116835,No
116836,Yes
116837,No
116838,Yes
116839,No
116840,Yes
116841,No
116842,Yes
116843,No
116844,Yes
116845,No
116846,Yes
116847,No
116848,Yes
116849,Yes
116850,No
116851,Yes
116852,No
116853,Yes
116854,No
116855,Yes
116856,Yes
116857,Yes
116858,No
116859,No
116860,Yes
116861,Yes
116862,Yes
116863,No
116864,Yes
116865,No
116866,Yes
116867,Yes
116868,Yes
116869,Yes
116870,No
116871,Yes
116872,Yes
116873,Yes
116874,Yes
116875,No
116876,Yes
116877,Yes
116878,Yes
116879,Yes
116880,Yes
116881,Yes
116882,No
116883,No
116884,Yes
116885,Yes
116886,Yes
116887,Yes
116888,No
116889,Yes
116890,Yes
116891,No
116892,Yes
116893,Yes
116894,Yes
116895,Yes
116896,Yes
116897,Yes
116898,Yes
116899,Yes
116900,No
116901,Yes
116902,No
116903,No
116904,Yes
116905,Yes
116906,Yes
116907,Yes
116908,Yes
116909,Yes
116910,Yes
116911,Yes
116912,Yes
116913,Yes
116914,Yes
116915,No
116916,Yes
116917,Yes
116918,Yes
116919,No
116920,Yes
116921,No
116922,No
116923,No
116924,Yes
116925,Yes
116926,Yes
116927,Yes
116928,No
116929,Yes
116930,No
116931,No
116932,No
116933,Yes
116934,Yes
116935,Yes
116936,Yes
116937,No
116938,Yes
116939,Yes
116940,No
116941,Yes
116942,No
116943,Yes
116944,Yes
116945,Yes
116946,No
116947,Yes
116948,No
116949,No
116950,Yes
116951,Yes
116952,No
116953,Yes
116954,No
116955,No
116956,Yes
116957,Yes
116958,Yes
116959,No
116960,Yes
116961,No
116962,Yes
116963,Yes
116964,Yes
116965,No
116966,Yes
116967,Yes
116968,No
116969,Yes
116970,No
116971,No
116972,Yes
116973,Yes
116974,No
116975,Yes
116976,No
116977,Yes
116978,Yes
116979,Yes
116980,No
116981,No
116982,Yes
116983,No
116984,Yes
116985,No
116986,Yes
116987,No
116988,Yes
116989,Yes
116990,No
116991,Yes
116992,Yes
116993,Yes
116994,No
116995,Yes
116996,No
116997,Yes
116998,Yes
116999,Yes
117000,Yes
117001,Yes
117002,No
117003,Yes
117004,Yes
117005,No
117006,No
117007,Yes
117008,Yes
117009,No
117010,Yes
117011,Yes
117012,No
117013,Yes
117014,No
117015,No
117016,Yes
117017,Yes
117018,Yes
117019,Yes
117020,No
117021,Yes
117022,Yes
117023,Yes
117024,No
117025,No
117026,No
117027,Yes
117028,Yes
117029,Yes
117030,Yes
117031,Yes
117032,Yes
117033,No
117034,Yes
117035,Yes
117036,Yes
117037,No
117038,No
117039,No
117040,Yes
117041,Yes
117042,Yes
117043,Yes
117044,Yes
117045,No
117046,Yes
117047,Yes
117048,No
117049,Yes
117050,Yes
117051,No
117052,Yes
117053,Yes
117054,Yes
117055,Yes
117056,Yes
117057,No
117058,No
117059,Yes
117060,Yes
117061,Yes
117062,Yes
117063,Yes
117064,Yes
117065,Yes
117066,Yes
117067,Yes
117068,Yes
117069,Yes
117070,Yes
117071,No
117072,Yes
117073,Yes
117074,No
117075,Yes
117076,No
117077,No
117078,Yes
117079,Yes
117080,Yes
117081,Yes
117082,No
117083,Yes
117084,No
117085,Yes
117086,No
117087,Yes
117088,No
117089,Yes
117090,Yes
117091,Yes
117092,Yes
117093,No
117094,No
117095,No
117096,Yes
117097,Yes
117098,Yes
117099,Yes
117100,Yes
117101,No
117102,Yes
117103,No
117104,Yes
117105,No
117106,Yes
117107,Yes
117108,No
117109,Yes
117110,Yes
117111,Yes
117112,No
117113,Yes
117114,Yes
117115,Yes
117116,Yes
117117,Yes
117118,Yes
117119,No
117120,No
117121,No
117122,Yes
117123,Yes
117124,Yes
117125,No
117126,No
117127,No
117128,No
117129,Yes
117130,Yes
117131,Yes
117132,Yes
117133,Yes
117134,Yes
117135,No
117136,No
117137,No
117138,No
117139,Yes
117140,Yes
117141,Yes
117142,Yes
117143,Yes
117144,Yes
117145,Yes
117146,No
117147,Yes
117148,Yes
117149,No
117150,Yes
117151,No
117152,Yes
117153,Yes
117154,No
117155,Yes
117156,Yes
117157,Yes
117158,Yes
117159,Yes
117160,Yes
117161,Yes
117162,Yes
117163,No
117164,Yes
117165,No
117166,No
117167,Yes
117168,Yes
117169,No
117170,No
117171,Yes
117172,No
117173,Yes
117174,Yes
117175,Yes
117176,No
117177,Yes
117178,No
117179,Yes
117180,No
117181,No
117182,Yes
117183,Yes
117184,No
117185,Yes
117186,Yes
117187,No
117188,No
117189,Yes
117190,Yes
117191,Yes
117192,Yes
117193,No
117194,No
117195,Yes
117196,Yes
117197,Yes
117198,No
117199,No
117200,No
117201,Yes
117202,Yes
117203,Yes
117204,No
117205,No
117206,Yes
117207,No
117208,Yes
117209,No
117210,No
117211,No
117212,Yes
117213,Yes
117214,Yes
117215,Yes
117216,No
117217,No
117218,No
117219,Yes
117220,No
117221,No
117222,No
117223,Yes
117224,Yes
117225,No
117226,Yes
117227,Yes
117228,Yes
117229,Yes
117230,Yes
117231,Yes
117232,No
117233,Yes
117234,No
117235,No
117236,No
117237,Yes
117238,Yes
117239,No
117240,No
117241,No
117242,Yes
117243,No
117244,Yes
117245,Yes
117246,No
117247,No
117248,No
117249,Yes
117250,Yes
117251,Yes
117252,No
117253,Yes
117254,Yes
117255,Yes
117256,Yes
117257,Yes
117258,Yes
117259,Yes
117260,Yes
117261,Yes
117262,Yes
117263,No
117264,Yes
117265,Yes
117266,Yes
117267,No
117268,No
117269,Yes
117270,Yes
117271,Yes
117272,Yes
117273,Yes
117274,Yes
117275,Yes
117276,No
117277,Yes
117278,Yes
117279,No
117280,Yes
117281,Yes
117282,Yes
117283,No
117284,Yes
117285,Yes
117286,Yes
117287,No
117288,Yes
117289,Yes
117290,No
117291,Yes
117292,Yes
117293,Yes
117294,Yes
117295,No
117296,No
117297,Yes
117298,Yes
117299,Yes
117300,Yes
117301,No
117302,No
117303,Yes
117304,Yes
117305,Yes
117306,No
117307,Yes
117308,Yes
117309,Yes
117310,Yes
117311,No
117312,Yes
117313,Yes
117314,No
117315,Yes
117316,Yes
117317,No
117318,Yes
117319,Yes
117320,Yes
117321,Yes
117322,Yes
117323,No
117324,Yes
117325,Yes
117326,Yes
117327,Yes
117328,Yes
117329,Yes
117330,Yes
117331,Yes
117332,Yes
117333,Yes
117334,Yes
117335,Yes
117336,No
117337,Yes
117338,Yes
117339,Yes
117340,Yes
117341,Yes
117342,No
117343,Yes
117344,No
117345,Yes
117346,Yes
117347,Yes
117348,Yes
117349,No
117350,Yes
117351,No
117352,No
117353,No
117354,No
117355,Yes
117356,Yes
117357,Yes
117358,No
117359,No
117360,Yes
117361,Yes
117362,Yes
117363,Yes
117364,Yes
117365,Yes
117366,No
117367,Yes
117368,Yes
117369,Yes
117370,Yes
117371,No
117372,Yes
117373,No
117374,Yes
117375,Yes
117376,Yes
117377,Yes
117378,Yes
117379,Yes
117380,Yes
117381,No
117382,No
117383,Yes
117384,No
117385,Yes
117386,No
117387,Yes
117388,Yes
117389,Yes
117390,No
117391,Yes
117392,No
117393,Yes
117394,Yes
117395,Yes
117396,Yes
117397,No
117398,Yes
117399,Yes
117400,No
117401,No
117402,Yes
117403,Yes
117404,No
117405,Yes
117406,Yes
117407,Yes
117408,No
117409,No
117410,No
117411,Yes
117412,No
117413,Yes
117414,Yes
117415,Yes
117416,Yes
117417,Yes
117418,Yes
117419,Yes
117420,No
117421,Yes
117422,Yes
117423,Yes
117424,No
117425,Yes
117426,No
117427,Yes
117428,No
117429,Yes
117430,No
117431,No
117432,No
117433,No
117434,Yes
117435,Yes
117436,Yes
117437,No
117438,Yes
117439,No
117440,No
117441,No
117442,Yes
117443,Yes
117444,Yes
117445,Yes
117446,No
117447,No
117448,Yes
117449,Yes
117450,Yes
117451,Yes
117452,Yes
117453,Yes
117454,Yes
117455,Yes
117456,No
117457,No
117458,Yes
117459,Yes
117460,Yes
117461,Yes
117462,Yes
117463,Yes
117464,Yes
117465,Yes
117466,Yes
117467,Yes
117468,No
117469,Yes
117470,No
117471,Yes
117472,No
117473,Yes
117474,Yes
117475,No
117476,Yes
117477,No
117478,Yes
117479,Yes
117480,Yes
117481,Yes
117482,Yes
117483,Yes
117484,Yes
117485,Yes
117486,No
117487,Yes
117488,Yes
117489,Yes
117490,Yes
117491,Yes
117492,Yes
117493,No
117494,Yes
117495,Yes
117496,No
117497,No
117498,Yes
117499,No
117500,Yes
117501,Yes
117502,Yes
117503,No
117504,No
117505,Yes
117506,Yes
117507,No
117508,Yes
117509,No
117510,Yes
117511,Yes
117512,No
117513,Yes
117514,No
117515,Yes
117516,Yes
117517,Yes
117518,Yes
117519,No
117520,Yes
117521,No
117522,Yes
117523,Yes
117524,No
117525,No
117526,Yes
117527,Yes
117528,Yes
117529,Yes
117530,No
117531,Yes
117532,No
117533,No
117534,Yes
117535,Yes
117536,No
117537,Yes
117538,Yes
117539,No
117540,Yes
117541,No
117542,No
117543,No
117544,Yes
117545,Yes
117546,Yes
117547,Yes
117548,Yes
117549,No
117550,Yes
117551,No
117552,Yes
117553,Yes
117554,Yes
117555,Yes
117556,Yes
117557,No
117558,Yes
117559,No
117560,No
117561,Yes
117562,Yes
117563,No
117564,Yes
117565,Yes
117566,No
117567,Yes
117568,Yes
117569,Yes
117570,No
117571,Yes
117572,No
117573,No
117574,Yes
117575,Yes
117576,Yes
117577,Yes
117578,Yes
117579,Yes
117580,Yes
117581,No
117582,Yes
117583,Yes
117584,Yes
117585,Yes
117586,Yes
117587,Yes
117588,No
117589,Yes
117590,Yes
117591,Yes
117592,Yes
117593,No
117594,Yes
117595,No
117596,Yes
117597,Yes
117598,No
117599,Yes
117600,Yes
117601,Yes
117602,No
117603,No
117604,Yes
117605,Yes
117606,No
117607,Yes
117608,No
117609,No
117610,Yes
117611,Yes
117612,No
117613,No
117614,Yes
117615,Yes
117616,No
117617,Yes
117618,No
117619,No
117620,Yes
117621,Yes
117622,No
117623,Yes
117624,Yes
117625,No
117626,No
117627,Yes
117628,Yes
117629,Yes
117630,Yes
117631,Yes
117632,Yes
117633,Yes
117634,Yes
117635,Yes
117636,Yes
117637,No
117638,Yes
117639,Yes
117640,Yes
117641,No
117642,Yes
117643,No
117644,No
117645,Yes
117646,No
117647,No
117648,Yes
117649,No
117650,No
117651,No
117652,Yes
117653,Yes
117654,No
117655,Yes
117656,Yes
117657,Yes
117658,Yes
117659,No
117660,Yes
117661,Yes
117662,No
117663,Yes
117664,Yes
117665,No
117666,No
117667,Yes
117668,No
117669,Yes
117670,Yes
117671,Yes
117672,Yes
117673,No
117674,Yes
117675,No
117676,Yes
117677,Yes
117678,Yes
117679,Yes
117680,No
117681,Yes
117682,Yes
117683,Yes
117684,Yes
117685,Yes
117686,No
117687,Yes
117688,Yes
117689,Yes
117690,Yes
117691,Yes
117692,Yes
117693,Yes
117694,Yes
117695,Yes
117696,Yes
117697,No
117698,Yes
117699,No
117700,Yes
117701,No
117702,Yes
117703,Yes
117704,Yes
117705,Yes
117706,Yes
117707,No
117708,Yes
117709,No
117710,Yes
117711,Yes
117712,Yes
117713,Yes
117714,No
117715,Yes
117716,Yes
117717,Yes
117718,Yes
117719,No
117720,Yes
117721,Yes
117722,No
117723,Yes
117724,Yes
117725,Yes
117726,Yes
117727,No
117728,Yes
117729,Yes
117730,Yes
117731,Yes
117732,No
117733,Yes
117734,Yes
117735,Yes
117736,Yes
117737,No
117738,Yes
117739,Yes
117740,No
117741,No
117742,Yes
117743,No
117744,Yes
117745,Yes
117746,Yes
117747,Yes
117748,Yes
117749,Yes
117750,Yes
117751,No
117752,Yes
117753,Yes
117754,Yes
117755,Yes
117756,Yes
117757,No
117758,No
117759,No
117760,No
117761,Yes
117762,No
117763,Yes
117764,No
117765,No
117766,No
117767,Yes
117768,No
117769,Yes
117770,No
117771,Yes
117772,Yes
117773,Yes
117774,No
117775,No
117776,No
117777,No
117778,Yes
117779,Yes
117780,Yes
117781,Yes
117782,Yes
117783,Yes
117784,Yes
117785,No
117786,Yes
117787,Yes
117788,Yes
117789,No
117790,Yes
117791,Yes
117792,Yes
117793,Yes
117794,Yes
117795,Yes
117796,Yes
117797,Yes
117798,No
117799,Yes
117800,Yes
117801,Yes
117802,No
117803,Yes
117804,Yes
117805,Yes
117806,No
117807,No
117808,No
117809,Yes
117810,Yes
117811,Yes
117812,Yes
117813,Yes
117814,Yes
117815,Yes
117816,Yes
117817,Yes
117818,Yes
117819,Yes
117820,No
117821,Yes
117822,Yes
117823,Yes
117824,Yes
117825,No
117826,Yes
117827,No
117828,Yes
117829,No
117830,Yes
117831,No
117832,Yes
117833,Yes
117834,Yes
117835,No
117836,Yes
117837,Yes
117838,Yes
117839,Yes
117840,Yes
117841,Yes
117842,Yes
117843,No
117844,No
117845,Yes
117846,Yes
117847,Yes
117848,No
117849,Yes
117850,Yes
117851,Yes
117852,Yes
117853,Yes
117854,Yes
117855,No
117856,Yes
117857,No
117858,Yes
117859,No
117860,Yes
117861,No
117862,Yes
117863,Yes
117864,Yes
117865,Yes
117866,Yes
117867,No
117868,Yes
117869,Yes
117870,Yes
117871,Yes
117872,Yes
117873,No
117874,Yes
117875,Yes
117876,No
117877,No
117878,Yes
117879,Yes
117880,No
117881,Yes
117882,No
117883,No
117884,No
117885,No
117886,Yes
117887,Yes
117888,Yes
117889,No
117890,Yes
117891,Yes
117892,No
117893,No
117894,No
117895,No
117896,Yes
117897,Yes
117898,Yes
117899,Yes
117900,No
117901,Yes
117902,Yes
117903,No
117904,Yes
117905,No
117906,Yes
117907,Yes
117908,Yes
117909,Yes
117910,Yes
117911,No
117912,Yes
117913,Yes
117914,Yes
117915,Yes
117916,Yes
117917,Yes
117918,No
117919,No
117920,Yes
117921,No
117922,No
117923,Yes
117924,Yes
117925,Yes
117926,No
117927,Yes
117928,No
117929,No
117930,Yes
117931,Yes
117932,Yes
117933,No
117934,Yes
117935,Yes
117936,No
117937,No
117938,Yes
117939,No
117940,Yes
117941,Yes
117942,No
117943,Yes
117944,Yes
117945,No
117946,No
117947,Yes
117948,Yes
117949,No
117950,Yes
117951,Yes
117952,Yes
117953,No
117954,No
117955,Yes
117956,Yes
117957,Yes
117958,Yes
117959,Yes
117960,No
117961,Yes
117962,Yes
117963,Yes
117964,Yes
117965,No
117966,No
117967,No
117968,Yes
117969,No
117970,No
117971,Yes
117972,No
117973,Yes
117974,Yes
117975,Yes
117976,No
117977,Yes
117978,Yes
117979,Yes
117980,Yes
117981,Yes
117982,Yes
117983,Yes
117984,Yes
117985,No
117986,Yes
117987,Yes
117988,No
117989,Yes
117990,No
117991,Yes
117992,No
117993,No
117994,Yes
117995,No
117996,No
117997,Yes
117998,No
117999,Yes
118000,No
118001,Yes
118002,Yes
118003,Yes
118004,Yes
118005,Yes
118006,Yes
118007,No
118008,Yes
118009,No
118010,Yes
118011,No
118012,No
118013,Yes
118014,Yes
118015,No
118016,Yes
118017,Yes
118018,Yes
118019,Yes
118020,No
118021,No
118022,No
118023,No
118024,Yes
118025,Yes
118026,No
118027,No
118028,Yes
118029,No
118030,Yes
118031,Yes
118032,No
118033,Yes
118034,Yes
118035,Yes
118036,Yes
118037,No
118038,Yes
118039,Yes
118040,No
118041,Yes
118042,Yes
118043,Yes
118044,No
118045,No
118046,Yes
118047,Yes
118048,Yes
118049,Yes
118050,Yes
118051,Yes
118052,Yes
118053,Yes
118054,No
118055,No
118056,Yes
118057,Yes
118058,Yes
118059,No
118060,No
118061,Yes
118062,Yes
118063,Yes
118064,Yes
118065,No
118066,Yes
118067,Yes
118068,Yes
118069,Yes
118070,Yes
118071,Yes
118072,No
118073,Yes
118074,Yes
118075,No
118076,Yes
118077,No
118078,No
118079,No
118080,Yes
118081,Yes
118082,Yes
118083,No
118084,No
118085,No
118086,Yes
118087,Yes
118088,No
118089,No
118090,No
118091,No
118092,No
118093,No
118094,Yes
118095,Yes
118096,No
118097,Yes
118098,Yes
118099,Yes
118100,Yes
118101,Yes
118102,Yes
118103,Yes
118104,No
118105,Yes
118106,Yes
118107,Yes
118108,Yes
118109,Yes
118110,Yes
118111,No
118112,Yes
118113,Yes
118114,Yes
118115,No
118116,No
118117,No
118118,Yes
118119,Yes
118120,Yes
118121,No
118122,Yes
118123,Yes
118124,Yes
118125,Yes
118126,Yes
118127,No
118128,Yes
118129,Yes
118130,No
118131,No
118132,Yes
118133,Yes
118134,Yes
118135,Yes
118136,Yes
118137,Yes
118138,Yes
118139,No
118140,Yes
118141,No
118142,No
118143,Yes
118144,Yes
118145,Yes
118146,Yes
118147,No
118148,Yes
118149,No
118150,Yes
118151,Yes
118152,Yes
118153,Yes
118154,No
118155,Yes
118156,Yes
118157,No
118158,Yes
118159,Yes
118160,No
118161,No
118162,Yes
118163,No
118164,No
118165,Yes
118166,Yes
118167,No
118168,No
118169,No
118170,Yes
118171,No
118172,No
118173,Yes
118174,Yes
118175,Yes
118176,No
118177,Yes
118178,No
118179,Yes
118180,Yes
118181,Yes
118182,Yes
118183,Yes
118184,Yes
118185,No
118186,Yes
118187,Yes
118188,Yes
118189,Yes
118190,Yes
118191,Yes
118192,Yes
118193,Yes
118194,No
118195,Yes
118196,Yes
118197,Yes
118198,Yes
118199,No
118200,Yes
118201,No
118202,No
118203,Yes
118204,No
118205,Yes
118206,No
118207,Yes
118208,No
118209,No
118210,Yes
118211,Yes
118212,Yes
118213,Yes
118214,Yes
118215,Yes
118216,No
118217,Yes
118218,Yes
118219,Yes
118220,Yes
118221,Yes
118222,Yes
118223,Yes
118224,No
118225,Yes
118226,Yes
118227,Yes
118228,Yes
118229,No
118230,Yes
118231,Yes
118232,No
118233,No
118234,No
118235,No
118236,Yes
118237,No
118238,No
118239,Yes
118240,Yes
118241,Yes
118242,No
118243,Yes
118244,Yes
118245,Yes
118246,No
118247,Yes
118248,No
118249,Yes
118250,Yes
118251,Yes
118252,Yes
118253,Yes
118254,Yes
118255,No
118256,Yes
118257,Yes
118258,Yes
118259,Yes
118260,No
118261,Yes
118262,Yes
118263,Yes
118264,No
118265,Yes
118266,Yes
118267,Yes
118268,No
118269,Yes
118270,Yes
118271,Yes
118272,Yes
118273,Yes
118274,No
118275,No
118276,Yes
118277,Yes
118278,Yes
118279,Yes
118280,No
118281,Yes
118282,No
118283,No
118284,Yes
118285,Yes
118286,Yes
118287,Yes
118288,No
118289,Yes
118290,Yes
118291,Yes
118292,No
118293,No
118294,Yes
118295,No
118296,Yes
118297,Yes
118298,Yes
118299,No
118300,Yes
118301,Yes
118302,Yes
118303,Yes
118304,Yes
118305,Yes
118306,Yes
118307,Yes
118308,Yes
118309,No
118310,Yes
118311,Yes
118312,Yes
118313,Yes
118314,No
118315,No
118316,No
118317,Yes
118318,Yes
118319,Yes
118320,Yes
118321,Yes
118322,Yes
118323,Yes
118324,Yes
118325,No
118326,No
118327,No
118328,Yes
118329,No
118330,Yes
118331,Yes
118332,Yes
118333,Yes
118334,Yes
118335,No
118336,Yes
118337,Yes
118338,No
118339,Yes
118340,Yes
118341,Yes
118342,Yes
118343,No
118344,Yes
118345,Yes
118346,Yes
118347,Yes
118348,No
118349,Yes
118350,Yes
118351,No
118352,No
118353,No
118354,Yes
118355,Yes
118356,Yes
118357,Yes
118358,Yes
118359,Yes
118360,No
118361,No
118362,No
118363,Yes
118364,Yes
118365,No
118366,Yes
118367,Yes
118368,No
118369,Yes
118370,Yes
118371,Yes
118372,Yes
118373,No
118374,Yes
118375,Yes
118376,Yes
118377,No
118378,Yes
118379,Yes
118380,Yes
118381,No
118382,Yes
118383,No
118384,No
118385,No
118386,Yes
118387,Yes
118388,Yes
118389,Yes
118390,Yes
118391,Yes
118392,No
118393,Yes
118394,Yes
118395,No
118396,No
118397,Yes
118398,Yes
118399,Yes
118400,Yes
118401,Yes
118402,Yes
118403,Yes
118404,No
118405,No
118406,Yes
118407,Yes
118408,No
118409,No
118410,Yes
118411,Yes
118412,No
118413,Yes
118414,No
118415,Yes
118416,No
118417,Yes
118418,Yes
118419,No
118420,Yes
118421,Yes
118422,Yes
118423,No
118424,No
118425,No
118426,No
118427,Yes
118428,Yes
118429,No
118430,No
118431,Yes
118432,No
118433,No
118434,Yes
118435,No
118436,No
118437,No
118438,Yes
118439,Yes
118440,No
118441,Yes
118442,Yes
118443,Yes
118444,Yes
118445,Yes
118446,No
118447,Yes
118448,No
118449,Yes
118450,No
118451,Yes
118452,No
118453,Yes
118454,Yes
118455,No
118456,No
118457,Yes
118458,Yes
118459,No
118460,No
118461,Yes
118462,No
118463,No
118464,Yes
118465,Yes
118466,No
118467,Yes
118468,Yes
118469,No
118470,No
118471,Yes
118472,Yes
118473,Yes
118474,Yes
118475,Yes
118476,No
118477,No
118478,No
118479,No
118480,No
118481,Yes
118482,Yes
118483,Yes
118484,Yes
118485,Yes
118486,Yes
118487,Yes
118488,No
118489,Yes
118490,Yes
118491,Yes
118492,Yes
118493,Yes
118494,Yes
118495,Yes
118496,Yes
118497,Yes
118498,No
118499,Yes
118500,No
118501,Yes
118502,No
118503,Yes
118504,No
118505,Yes
118506,Yes
118507,No
118508,No
118509,Yes
118510,No
118511,Yes
118512,Yes
118513,Yes
118514,Yes
118515,No
118516,No
118517,No
118518,Yes
118519,Yes
118520,Yes
118521,Yes
118522,No
118523,Yes
118524,Yes
118525,Yes
118526,Yes
118527,Yes
118528,Yes
118529,Yes
118530,Yes
118531,Yes
118532,Yes
118533,No
118534,Yes
118535,Yes
118536,Yes
118537,Yes
118538,Yes
118539,Yes
118540,Yes
118541,Yes
118542,No
118543,No
118544,Yes
118545,No
118546,Yes
118547,Yes
118548,No
118549,Yes
118550,Yes
118551,Yes
118552,Yes
118553,Yes
118554,Yes
118555,No
118556,Yes
118557,Yes
118558,Yes
118559,Yes
118560,Yes
118561,Yes
118562,No
118563,Yes
118564,No
118565,Yes
118566,Yes
118567,Yes
118568,Yes
118569,No
118570,No
118571,No
118572,No
118573,Yes
118574,Yes
118575,No
118576,Yes
118577,Yes
118578,No
118579,Yes
118580,No
118581,Yes
118582,Yes
118583,No
118584,Yes
118585,Yes
118586,Yes
118587,Yes
118588,Yes
118589,Yes
118590,Yes
118591,Yes
118592,Yes
118593,Yes
118594,No
118595,Yes
118596,No
118597,Yes
118598,No
118599,No
118600,No
118601,Yes
118602,No
118603,No
118604,No
118605,Yes
118606,Yes
118607,Yes
118608,Yes
118609,Yes
118610,Yes
118611,No
118612,Yes
118613,No
118614,Yes
118615,No
118616,Yes
118617,No
118618,Yes
118619,No
118620,Yes
118621,Yes
118622,Yes
118623,Yes
118624,Yes
118625,No
118626,Yes
118627,Yes
118628,Yes
118629,Yes
118630,No
118631,Yes
118632,Yes
118633,No
118634,No
118635,No
118636,No
118637,Yes
118638,Yes
118639,Yes
118640,Yes
118641,No
118642,No
118643,Yes
118644,No
118645,Yes
118646,No
118647,No
118648,No
118649,No
118650,Yes
118651,Yes
118652,Yes
118653,Yes
118654,Yes
118655,Yes
118656,Yes
118657,No
118658,Yes
118659,Yes
118660,Yes
118661,No
118662,No
118663,Yes
118664,Yes
118665,Yes
118666,Yes
118667,No
118668,No
118669,No
118670,Yes
118671,Yes
118672,Yes
118673,Yes
118674,No
118675,Yes
118676,Yes
118677,Yes
118678,Yes
118679,Yes
118680,No
118681,Yes
118682,Yes
118683,Yes
118684,Yes
118685,No
118686,Yes
118687,No
118688,Yes
118689,Yes
118690,Yes
118691,No
118692,Yes
118693,Yes
118694,Yes
118695,No
118696,No
118697,Yes
118698,No
118699,Yes
118700,No
118701,Yes
118702,No
118703,Yes
118704,Yes
118705,Yes
118706,Yes
118707,Yes
118708,Yes
118709,Yes
118710,Yes
118711,Yes
118712,Yes
118713,Yes
118714,No
118715,Yes
118716,No
118717,Yes
118718,No
118719,Yes
118720,Yes
118721,No
118722,No
118723,Yes
118724,Yes
118725,Yes
118726,No
118727,Yes
118728,Yes
118729,Yes
118730,No
118731,Yes
118732,No
118733,No
118734,Yes
118735,Yes
118736,No
118737,No
118738,Yes
118739,Yes
118740,No
118741,Yes
118742,No
118743,Yes
118744,No
118745,Yes
118746,No
118747,No
118748,Yes
118749,No
118750,No
118751,Yes
118752,No
118753,No
118754,Yes
118755,Yes
118756,Yes
118757,Yes
118758,No
118759,Yes
118760,No
118761,No
118762,No
118763,Yes
118764,No
118765,Yes
118766,No
118767,Yes
118768,Yes
118769,Yes
118770,Yes
118771,Yes
118772,No
118773,Yes
118774,Yes
118775,Yes
118776,No
118777,Yes
118778,No
118779,Yes
118780,No
118781,Yes
118782,Yes
118783,Yes
118784,Yes
118785,Yes
118786,Yes
118787,Yes
118788,Yes
118789,No
118790,No
118791,Yes
118792,Yes
118793,No
118794,No
118795,No
118796,No
118797,Yes
118798,Yes
118799,Yes
118800,Yes
118801,No
118802,No
118803,Yes
118804,Yes
118805,Yes
118806,No
118807,No
118808,Yes
118809,Yes
118810,No
118811,Yes
118812,Yes
118813,Yes
118814,No
118815,No
118816,Yes
118817,Yes
118818,No
118819,No
118820,No
118821,Yes
118822,Yes
118823,Yes
118824,Yes
118825,Yes
118826,Yes
118827,Yes
118828,Yes
118829,Yes
118830,Yes
118831,Yes
118832,No
118833,Yes
118834,No
118835,Yes
118836,No
118837,Yes
118838,Yes
118839,Yes
118840,No
118841,No
118842,No
118843,Yes
118844,Yes
118845,Yes
118846,Yes
118847,Yes
118848,Yes
118849,Yes
118850,Yes
118851,No
118852,Yes
118853,Yes
118854,Yes
118855,Yes
118856,Yes
118857,No
118858,Yes
118859,Yes
118860,No
118861,No
118862,Yes
118863,No
118864,Yes
118865,Yes
118866,Yes
118867,Yes
118868,No
118869,No
118870,Yes
118871,Yes
118872,No
118873,No
118874,No
118875,No
118876,Yes
118877,Yes
118878,Yes
118879,Yes
118880,Yes
118881,Yes
118882,Yes
118883,Yes
118884,Yes
118885,Yes
118886,No
118887,Yes
118888,Yes
118889,No
118890,Yes
118891,No
118892,Yes
118893,No
118894,Yes
118895,No
118896,Yes
118897,Yes
118898,No
118899,No
118900,No
118901,Yes
118902,Yes
118903,Yes
118904,Yes
118905,Yes
118906,No
118907,Yes
118908,No
118909,No
118910,Yes
118911,No
118912,Yes
118913,Yes
118914,No
118915,Yes
118916,No
118917,No
118918,Yes
118919,No
118920,Yes
118921,Yes
118922,Yes
118923,Yes
118924,Yes
118925,No
118926,Yes
118927,No
118928,Yes
118929,No
118930,Yes
118931,Yes
118932,No
118933,No
118934,Yes
118935,Yes
118936,No
118937,Yes
118938,No
118939,Yes
118940,Yes
118941,Yes
118942,Yes
118943,Yes
118944,Yes
118945,No
118946,Yes
118947,No
118948,No
118949,Yes
118950,Yes
118951,Yes
118952,Yes
118953,Yes
118954,Yes
118955,No
118956,No
118957,Yes
118958,Yes
118959,Yes
118960,No
118961,Yes
118962,Yes
118963,Yes
118964,No
118965,Yes
118966,Yes
118967,Yes
118968,Yes
118969,No
118970,Yes
118971,Yes
118972,No
118973,Yes
118974,No
118975,Yes
118976,Yes
118977,Yes
118978,Yes
118979,No
118980,Yes
118981,Yes
118982,No
118983,No
118984,No
118985,Yes
118986,Yes
118987,No
118988,No
118989,Yes
118990,No
118991,Yes
118992,No
118993,Yes
118994,Yes
118995,No
118996,No
118997,No
118998,Yes
118999,Yes
119000,No
119001,Yes
119002,No
119003,Yes
119004,Yes
119005,Yes
119006,Yes
119007,No
119008,No
119009,Yes
119010,Yes
119011,Yes
119012,No
119013,No
119014,Yes
119015,Yes
119016,No
119017,Yes
119018,Yes
119019,Yes
119020,No
119021,Yes
119022,Yes
119023,Yes
119024,Yes
119025,No
119026,No
119027,Yes
119028,Yes
119029,No
119030,No
119031,Yes
119032,Yes
119033,Yes
119034,Yes
119035,Yes
119036,Yes
119037,Yes
119038,No
119039,No
119040,Yes
119041,No
119042,Yes
119043,Yes
119044,Yes
119045,No
119046,No
119047,Yes
119048,No
119049,No
119050,No
119051,Yes
119052,Yes
119053,Yes
119054,Yes
119055,Yes
119056,No
119057,Yes
119058,Yes
119059,Yes
119060,No
119061,No
119062,Yes
119063,Yes
119064,Yes
119065,No
119066,Yes
119067,Yes
119068,Yes
119069,No
119070,No
119071,Yes
119072,Yes
119073,Yes
119074,Yes
119075,Yes
119076,No
119077,Yes
119078,Yes
119079,Yes
119080,Yes
119081,No
119082,Yes
119083,No
119084,Yes
119085,No
119086,Yes
119087,Yes
119088,No
119089,No
119090,No
119091,No
119092,Yes
119093,Yes
119094,No
119095,No
119096,Yes
119097,No
119098,No
119099,Yes
119100,Yes
119101,No
119102,Yes
119103,No
119104,No
119105,No
119106,Yes
119107,No
119108,No
119109,No
119110,No
119111,Yes
119112,Yes
119113,Yes
119114,Yes
119115,No
119116,Yes
119117,Yes
119118,No
119119,Yes
119120,Yes
119121,No
119122,Yes
119123,Yes
119124,Yes
119125,No
119126,Yes
119127,Yes
119128,No
119129,No
119130,Yes
119131,Yes
119132,Yes
119133,Yes
119134,Yes
119135,Yes
119136,Yes
119137,Yes
119138,Yes
119139,Yes
119140,No
119141,No
119142,Yes
119143,No
119144,Yes
119145,Yes
119146,Yes
119147,Yes
119148,Yes
119149,No
119150,Yes
119151,Yes
119152,Yes
119153,No
119154,Yes
119155,No
119156,Yes
119157,Yes
119158,Yes
119159,Yes
119160,No
119161,Yes
119162,No
119163,No
119164,Yes
119165,Yes
119166,Yes
119167,Yes
119168,Yes
119169,No
119170,Yes
119171,Yes
119172,Yes
119173,Yes
119174,Yes
119175,Yes
119176,Yes
119177,Yes
119178,No
119179,Yes
119180,Yes
119181,Yes
119182,No
119183,Yes
119184,Yes
119185,Yes
119186,No
119187,Yes
119188,Yes
119189,No
119190,Yes
119191,Yes
119192,Yes
119193,Yes
119194,No
119195,No
119196,Yes
119197,Yes
119198,Yes
119199,Yes
119200,No
119201,No
119202,Yes
119203,Yes
119204,No
119205,No
119206,Yes
119207,Yes
119208,Yes
119209,Yes
119210,Yes
119211,Yes
119212,No
119213,No
119214,Yes
119215,Yes
119216,Yes
119217,Yes
119218,Yes
119219,Yes
119220,No
119221,Yes
119222,Yes
119223,No
119224,Yes
119225,Yes
119226,No
119227,Yes
119228,No
119229,No
119230,Yes
119231,No
119232,Yes
119233,Yes
119234,No
119235,Yes
119236,No
119237,Yes
119238,Yes
119239,No
119240,No
119241,Yes
119242,Yes
119243,Yes
119244,Yes
119245,Yes
119246,No
119247,No
119248,Yes
119249,No
119250,No
119251,Yes
119252,No
119253,Yes
119254,No
119255,Yes
119256,Yes
119257,Yes
119258,Yes
119259,Yes
119260,Yes
119261,Yes
119262,Yes
119263,Yes
119264,Yes
119265,Yes
119266,No
119267,No
119268,No
119269,No
119270,Yes
119271,No
119272,No
119273,Yes
119274,Yes
119275,Yes
119276,Yes
119277,No
119278,Yes
119279,No
119280,Yes
119281,Yes
119282,Yes
119283,Yes
119284,Yes
119285,No
119286,Yes
119287,No
119288,Yes
119289,No
119290,No
119291,No
119292,Yes
119293,No
119294,Yes
119295,Yes
119296,No
119297,Yes
119298,Yes
119299,Yes
119300,Yes
119301,Yes
119302,No
119303,No
119304,No
119305,Yes
119306,No
119307,Yes
119308,No
119309,No
119310,Yes
119311,Yes
119312,Yes
119313,Yes
119314,No
119315,No
119316,No
119317,Yes
119318,No
119319,Yes
119320,Yes
119321,No
119322,Yes
119323,Yes
119324,Yes
119325,Yes
119326,No
119327,Yes
119328,Yes
119329,No
119330,Yes
119331,No
119332,No
119333,Yes
119334,Yes
119335,Yes
119336,Yes
119337,Yes
119338,Yes
119339,Yes
119340,Yes
119341,Yes
119342,Yes
119343,Yes
119344,Yes
119345,Yes
119346,Yes
119347,Yes
119348,Yes
119349,Yes
119350,Yes
119351,No
119352,No
119353,Yes
119354,No
119355,Yes
119356,Yes
119357,Yes
119358,No
119359,Yes
119360,No
119361,No
119362,Yes
119363,Yes
119364,No
119365,Yes
119366,No
119367,Yes
119368,Yes
119369,Yes
119370,No
119371,Yes
119372,No
119373,No
119374,Yes
119375,No
119376,Yes
119377,No
119378,No
119379,Yes
119380,Yes
119381,No
119382,No
119383,Yes
119384,Yes
119385,Yes
119386,No
119387,Yes
119388,Yes
119389,Yes
119390,Yes
119391,No
119392,Yes
119393,No
119394,No
119395,Yes
119396,Yes
119397,No
119398,Yes
119399,Yes
119400,Yes
119401,Yes
119402,Yes
119403,Yes
119404,Yes
119405,Yes
119406,Yes
119407,No
119408,Yes
119409,Yes
119410,Yes
119411,No
119412,Yes
119413,Yes
119414,Yes
119415,No
119416,Yes
119417,Yes
119418,Yes
119419,Yes
119420,No
119421,No
119422,No
119423,Yes
119424,Yes
119425,Yes
119426,No
119427,Yes
119428,No
119429,Yes
119430,Yes
119431,Yes
119432,Yes
119433,No
119434,Yes
119435,Yes
119436,Yes
119437,Yes
119438,Yes
119439,No
119440,Yes
119441,No
119442,Yes
119443,Yes
119444,Yes
119445,Yes
119446,No
119447,Yes
119448,Yes
119449,Yes
119450,Yes
119451,No
119452,Yes
119453,Yes
119454,No
119455,No
119456,No
119457,Yes
119458,Yes
119459,Yes
119460,Yes
119461,Yes
119462,No
119463,Yes
119464,Yes
119465,Yes
119466,Yes
119467,Yes
119468,No
119469,Yes
119470,Yes
119471,No
119472,No
119473,Yes
119474,Yes
119475,Yes
119476,Yes
119477,No
119478,Yes
119479,No
119480,Yes
119481,No
119482,No
119483,Yes
119484,Yes
119485,Yes
119486,Yes
119487,No
119488,Yes
119489,Yes
119490,Yes
119491,Yes
119492,Yes
119493,Yes
119494,No
119495,No
119496,Yes
119497,Yes
119498,No
119499,No
119500,No
119501,No
119502,No
119503,No
119504,Yes
119505,No
119506,No
119507,Yes
119508,Yes
119509,Yes
119510,No
119511,Yes
119512,Yes
119513,No
119514,Yes
119515,Yes
119516,Yes
119517,Yes
119518,Yes
119519,Yes
119520,Yes
119521,No
119522,Yes
119523,Yes
119524,Yes
119525,Yes
119526,Yes
119527,No
119528,No
119529,Yes
119530,Yes
119531,Yes
119532,Yes
119533,Yes
119534,Yes
119535,Yes
119536,No
119537,No
119538,No
119539,Yes
119540,Yes
119541,Yes
119542,No
119543,Yes
119544,Yes
119545,Yes
119546,Yes
119547,Yes
119548,No
119549,Yes
119550,Yes
119551,Yes
119552,Yes
119553,No
119554,No
119555,Yes
119556,No
119557,Yes
119558,Yes
119559,No
119560,Yes
119561,Yes
119562,No
119563,Yes
119564,Yes
119565,No
119566,Yes
119567,Yes
119568,No
119569,No
119570,Yes
119571,Yes
119572,Yes
119573,Yes
119574,Yes
119575,Yes
119576,Yes
119577,No
119578,Yes
119579,Yes
119580,Yes
119581,Yes
119582,Yes
119583,No
119584,Yes
119585,Yes
119586,Yes
119587,No
119588,Yes
119589,No
119590,No
119591,Yes
119592,Yes
119593,Yes
119594,Yes
119595,No
119596,No
119597,Yes
119598,No
119599,Yes
119600,Yes
119601,Yes
119602,Yes
119603,No
119604,Yes
119605,Yes
119606,Yes
119607,Yes
119608,Yes
119609,No
119610,Yes
119611,Yes
119612,No
119613,Yes
119614,No
119615,Yes
119616,Yes
119617,Yes
119618,Yes
119619,Yes
119620,Yes
119621,No
119622,Yes
119623,Yes
119624,Yes
119625,Yes
119626,Yes
119627,Yes
119628,No
119629,Yes
119630,Yes
119631,No
119632,No
119633,Yes
119634,Yes
119635,Yes
119636,No
119637,Yes
119638,No
119639,No
119640,No
119641,No
119642,Yes
119643,No
119644,Yes
119645,No
119646,No
119647,Yes
119648,Yes
119649,Yes
119650,No
119651,Yes
119652,Yes
119653,Yes
119654,Yes
119655,Yes
119656,Yes
119657,Yes
119658,Yes
119659,Yes
119660,Yes
119661,Yes
119662,No
119663,Yes
119664,Yes
119665,Yes
119666,No
119667,Yes
119668,Yes
119669,No
119670,No
119671,Yes
119672,No
119673,Yes
119674,Yes
119675,No
119676,Yes
119677,No
119678,Yes
119679,Yes
119680,Yes
119681,Yes
119682,No
119683,Yes
119684,Yes
119685,No
119686,Yes
119687,Yes
119688,Yes
119689,Yes
119690,Yes
119691,Yes
119692,Yes
119693,No
119694,Yes
119695,Yes
119696,Yes
119697,No
119698,Yes
119699,Yes
119700,Yes
119701,Yes
119702,Yes
119703,No
119704,Yes
119705,Yes
119706,No
119707,Yes
119708,No
119709,Yes
119710,Yes
119711,No
119712,Yes
119713,Yes
119714,Yes
119715,Yes
119716,No
119717,No
119718,Yes
119719,Yes
119720,No
119721,Yes
119722,No
119723,Yes
119724,No
119725,Yes
119726,Yes
119727,No
119728,Yes
119729,Yes
119730,Yes
119731,No
119732,No
119733,Yes
119734,Yes
119735,Yes
119736,Yes
119737,Yes
119738,No
119739,Yes
119740,No
119741,Yes
119742,Yes
119743,No
119744,No
119745,Yes
119746,Yes
119747,Yes
119748,Yes
119749,Yes
119750,Yes
119751,Yes
119752,Yes
119753,No
119754,Yes
119755,Yes
119756,No
119757,No
119758,No
119759,Yes
119760,Yes
119761,Yes
119762,Yes
119763,Yes
119764,Yes
119765,Yes
119766,No
119767,Yes
119768,No
119769,Yes
119770,Yes
119771,Yes
119772,Yes
119773,Yes
119774,Yes
119775,Yes
119776,No
119777,No
119778,Yes
119779,Yes
119780,No
119781,Yes
119782,Yes
119783,Yes
119784,No
119785,No
119786,No
119787,Yes
119788,Yes
119789,Yes
119790,Yes
119791,Yes
119792,Yes
119793,No
119794,No
119795,Yes
119796,Yes
119797,Yes
119798,Yes
119799,Yes
119800,Yes
119801,Yes
119802,No
119803,Yes
119804,Yes
119805,Yes
119806,Yes
119807,No
119808,No
119809,Yes
119810,Yes
119811,No
119812,Yes
119813,Yes
119814,No
119815,No
119816,Yes
119817,Yes
119818,Yes
119819,Yes
119820,Yes
119821,Yes
119822,Yes
119823,Yes
119824,Yes
119825,Yes
119826,Yes
119827,No
119828,Yes
119829,No
119830,No
119831,No
119832,Yes
119833,Yes
119834,No
119835,No
119836,Yes
119837,No
119838,No
119839,Yes
119840,No
119841,Yes
119842,Yes
119843,No
119844,Yes
119845,Yes
119846,No
119847,No
119848,Yes
119849,Yes
119850,Yes
119851,Yes
119852,Yes
119853,No
119854,No
119855,Yes
119856,Yes
119857,Yes
119858,Yes
119859,No
119860,Yes
119861,No
119862,Yes
119863,Yes
119864,No
119865,Yes
119866,Yes
119867,Yes
119868,No
119869,No
119870,Yes
119871,Yes
119872,Yes
119873,No
119874,Yes
119875,Yes
119876,Yes
119877,Yes
119878,Yes
119879,Yes
119880,No
119881,No
119882,Yes
119883,Yes
119884,Yes
119885,Yes
119886,No
119887,Yes
119888,Yes
119889,Yes
119890,Yes
119891,Yes
119892,Yes
119893,Yes
119894,Yes
119895,Yes
119896,No
119897,No
119898,Yes
119899,Yes
119900,No
119901,Yes
119902,No
119903,No
119904,No
119905,Yes
119906,Yes
119907,No
119908,Yes
119909,No
119910,Yes
119911,Yes
119912,No
119913,Yes
119914,No
119915,Yes
119916,No
119917,No
119918,Yes
119919,Yes
119920,Yes
119921,Yes
119922,No
119923,No
119924,Yes
119925,No
119926,Yes
119927,No
119928,Yes
119929,Yes
119930,No
119931,Yes
119932,Yes
119933,Yes
119934,Yes
119935,Yes
119936,Yes
119937,Yes
119938,Yes
119939,Yes
119940,Yes
119941,Yes
119942,No
119943,Yes
119944,No
119945,Yes
119946,Yes
119947,No
119948,Yes
119949,Yes
119950,Yes
119951,Yes
119952,Yes
119953,No
119954,Yes
119955,Yes
119956,No
119957,Yes
119958,No
119959,Yes
119960,No
119961,Yes
119962,Yes
119963,No
119964,Yes
119965,Yes
119966,Yes
119967,No
119968,Yes
119969,No
119970,Yes
119971,No
119972,Yes
119973,No
119974,Yes
119975,Yes
119976,Yes
119977,No
119978,No
119979,No
119980,Yes
119981,Yes
119982,Yes
119983,Yes
119984,Yes
119985,No
119986,No
119987,Yes
119988,Yes
119989,Yes
119990,Yes
119991,Yes
119992,No
119993,Yes
119994,Yes
119995,No
119996,No
119997,Yes
119998,Yes
119999,Yes
120000,No
120001,No
120002,Yes
120003,Yes
120004,No
120005,No
120006,No
120007,Yes
120008,Yes
120009,Yes
120010,Yes
120011,No
120012,Yes
120013,Yes
120014,No
120015,Yes
120016,Yes
120017,Yes
120018,No
120019,No
120020,Yes
120021,Yes
120022,Yes
120023,No
120024,No
120025,Yes
120026,Yes
120027,Yes
120028,Yes
120029,Yes
120030,Yes
120031,Yes
120032,Yes
120033,Yes
120034,Yes
120035,Yes
120036,Yes
120037,Yes
120038,Yes
120039,Yes
120040,No
120041,No
120042,Yes
120043,No
120044,Yes
120045,Yes
120046,No
120047,No
120048,Yes
120049,No
120050,Yes
120051,Yes
120052,Yes
120053,Yes
120054,Yes
120055,No
120056,No
120057,Yes
120058,Yes
120059,No
120060,No
120061,No
120062,Yes
120063,No
120064,Yes
120065,Yes
120066,Yes
120067,Yes
120068,Yes
120069,No
120070,Yes
120071,Yes
120072,No
120073,Yes
120074,No
120075,Yes
120076,Yes
120077,Yes
120078,Yes
120079,No
120080,No
120081,No
120082,No
120083,Yes
120084,No
120085,Yes
120086,Yes
120087,Yes
120088,No
120089,Yes
120090,Yes
120091,Yes
120092,Yes
120093,No
120094,Yes
120095,No
120096,Yes
120097,No
120098,Yes
120099,Yes
120100,No
120101,Yes
120102,No
120103,Yes
120104,Yes
120105,Yes
120106,Yes
120107,No
120108,No
120109,Yes
120110,Yes
120111,Yes
120112,Yes
120113,No
120114,Yes
120115,No
120116,No
120117,Yes
120118,Yes
120119,Yes
120120,Yes
120121,Yes
120122,No
120123,Yes
120124,No
120125,Yes
120126,Yes
120127,No
120128,No
120129,Yes
120130,Yes
120131,No
120132,Yes
120133,No
120134,Yes
120135,No
120136,No
120137,Yes
120138,No
120139,Yes
120140,Yes
120141,Yes
120142,No
120143,No
120144,Yes
120145,Yes
120146,Yes
120147,Yes
120148,No
120149,Yes
120150,Yes
120151,Yes
120152,No
120153,Yes
120154,Yes
120155,Yes
120156,Yes
120157,Yes
120158,Yes
120159,Yes
120160,Yes
120161,Yes
120162,Yes
120163,Yes
120164,No
120165,Yes
120166,Yes
120167,Yes
120168,Yes
120169,No
120170,Yes
120171,Yes
120172,Yes
120173,Yes
120174,Yes
120175,Yes
120176,No
120177,Yes
120178,Yes
120179,No
120180,Yes
120181,Yes
120182,No
120183,Yes
120184,Yes
120185,Yes
120186,Yes
120187,No
120188,Yes
120189,No
120190,Yes
120191,Yes
120192,Yes
120193,Yes
120194,Yes
120195,No
120196,Yes
120197,No
120198,Yes
120199,Yes
120200,No
120201,Yes
120202,Yes
120203,Yes
120204,Yes
120205,Yes
120206,No
120207,Yes
120208,No
120209,Yes
120210,Yes
120211,No
120212,No
120213,Yes
120214,Yes
120215,Yes
120216,Yes
120217,Yes
120218,Yes
120219,Yes
120220,Yes
120221,Yes
120222,Yes
120223,Yes
120224,No
120225,No
120226,Yes
120227,Yes
120228,Yes
120229,Yes
120230,No
120231,No
120232,Yes
120233,Yes
120234,No
120235,Yes
120236,Yes
120237,Yes
120238,No
120239,Yes
120240,Yes
120241,No
120242,Yes
120243,Yes
120244,Yes
120245,No
120246,Yes
120247,Yes
120248,Yes
120249,Yes
120250,No
120251,Yes
120252,Yes
120253,No
120254,Yes
120255,Yes
120256,Yes
120257,Yes
120258,Yes
120259,Yes
120260,Yes
120261,Yes
120262,No
120263,No
120264,Yes
120265,Yes
120266,No
120267,Yes
120268,Yes
120269,No
120270,Yes
120271,No
120272,No
120273,No
120274,Yes
120275,No
120276,No
120277,Yes
120278,Yes
120279,Yes
120280,No
120281,No
120282,No
120283,Yes
120284,No
120285,Yes
120286,No
120287,Yes
120288,Yes
120289,Yes
120290,Yes
120291,Yes
120292,No
120293,No
120294,No
120295,No
120296,No
120297,Yes
120298,Yes
120299,Yes
120300,No
120301,No
120302,Yes
120303,Yes
120304,Yes
120305,Yes
120306,Yes
120307,No
120308,Yes
120309,Yes
120310,No
120311,Yes
120312,Yes
120313,Yes
120314,Yes
120315,Yes
120316,Yes
120317,Yes
120318,Yes
120319,No
120320,Yes
120321,No
120322,Yes
120323,Yes
120324,Yes
120325,Yes
120326,No
120327,Yes
120328,Yes
120329,No
120330,No
120331,No
120332,Yes
120333,Yes
120334,Yes
120335,Yes
120336,No
120337,Yes
120338,No
120339,Yes
120340,No
120341,Yes
120342,Yes
120343,Yes
120344,Yes
120345,No
120346,Yes
120347,No
120348,Yes
120349,No
120350,Yes
120351,No
120352,Yes
120353,No
120354,Yes
120355,Yes
120356,No
120357,Yes
120358,No
120359,No
120360,Yes
120361,No
120362,No
120363,No
120364,Yes
120365,No
120366,Yes
120367,No
120368,No
120369,No
120370,Yes
120371,Yes
120372,Yes
120373,Yes
120374,No
120375,No
120376,Yes
120377,No
120378,Yes
120379,Yes
120380,Yes
120381,Yes
120382,Yes
120383,Yes
120384,Yes
120385,Yes
120386,No
120387,Yes
120388,Yes
120389,Yes
120390,Yes
120391,Yes
120392,No
120393,Yes
120394,Yes
120395,Yes
120396,No
120397,No
120398,Yes
120399,No
120400,No
120401,No
120402,Yes
120403,Yes
120404,Yes
120405,Yes
120406,Yes
120407,No
120408,No
120409,Yes
120410,Yes
120411,No
120412,Yes
120413,Yes
120414,Yes
120415,No
120416,No
120417,No
120418,Yes
120419,Yes
120420,Yes
120421,Yes
120422,Yes
120423,Yes
120424,No
120425,No
120426,Yes
120427,No
120428,Yes
120429,Yes
120430,Yes
120431,Yes
120432,Yes
120433,No
120434,No
120435,No
120436,Yes
120437,Yes
120438,No
120439,No
120440,No
120441,Yes
120442,Yes
120443,Yes
120444,Yes
120445,Yes
120446,Yes
120447,Yes
120448,No
120449,Yes
120450,No
120451,No
120452,Yes
120453,No
120454,Yes
120455,Yes
120456,No
120457,Yes
120458,No
120459,No
120460,No
120461,Yes
120462,Yes
120463,No
120464,Yes
120465,Yes
120466,Yes
120467,Yes
120468,No
120469,Yes
120470,Yes
120471,No
120472,Yes
120473,Yes
120474,No
120475,Yes
120476,No
120477,Yes
120478,No
120479,Yes
120480,No
120481,No
120482,No
120483,Yes
120484,Yes
120485,No
120486,Yes
120487,Yes
120488,Yes
120489,Yes
120490,No
120491,Yes
120492,Yes
120493,No
120494,Yes
120495,No
120496,No
120497,No
120498,Yes
120499,Yes
120500,Yes
120501,No
120502,Yes
120503,Yes
120504,Yes
120505,No
120506,Yes
120507,Yes
120508,Yes
120509,Yes
120510,Yes
120511,Yes
120512,Yes
120513,No
120514,No
120515,Yes
120516,No
120517,No
120518,No
120519,Yes
120520,No
120521,Yes
120522,No
120523,Yes
120524,Yes
120525,Yes
120526,Yes
120527,No
120528,Yes
120529,Yes
120530,Yes
120531,Yes
120532,Yes
120533,Yes
120534,Yes
120535,Yes
120536,No
120537,Yes
120538,No
120539,Yes
120540,Yes
120541,No
120542,No
120543,Yes
120544,No
120545,Yes
120546,Yes
120547,Yes
120548,No
120549,Yes
120550,No
120551,Yes
120552,No
120553,Yes
120554,Yes
120555,Yes
120556,Yes
120557,Yes
120558,Yes
120559,Yes
120560,Yes
120561,No
120562,No
120563,No
120564,Yes
120565,Yes
120566,Yes
120567,Yes
120568,No
120569,No
120570,Yes
120571,Yes
120572,Yes
120573,Yes
120574,Yes
120575,Yes
120576,No
120577,Yes
120578,No
120579,Yes
120580,Yes
120581,No
120582,Yes
120583,Yes
120584,Yes
120585,Yes
120586,No
120587,Yes
120588,Yes
120589,Yes
120590,No
120591,Yes
120592,Yes
120593,Yes
120594,No
120595,No
120596,No
120597,Yes
120598,Yes
120599,No
120600,No
120601,Yes
120602,Yes
120603,Yes
120604,No
120605,Yes
120606,No
120607,No
120608,Yes
120609,Yes
120610,No
120611,Yes
120612,Yes
120613,Yes
120614,Yes
120615,Yes
120616,Yes
120617,No
120618,Yes
120619,Yes
120620,Yes
120621,No
120622,Yes
120623,No
120624,Yes
120625,Yes
120626,Yes
120627,Yes
120628,Yes
120629,Yes
120630,No
120631,Yes
120632,Yes
120633,No
120634,Yes
120635,Yes
120636,Yes
120637,Yes
120638,Yes
120639,Yes
120640,No
120641,No
120642,No
120643,Yes
120644,Yes
120645,No
120646,Yes
120647,Yes
120648,Yes
120649,Yes
120650,Yes
120651,No
120652,Yes
120653,Yes
120654,No
120655,No
120656,Yes
120657,No
120658,No
120659,Yes
120660,Yes
120661,Yes
120662,No
120663,Yes
120664,No
120665,Yes
120666,Yes
120667,Yes
120668,No
120669,Yes
120670,No
120671,No
120672,No
120673,Yes
120674,No
120675,No
120676,No
120677,Yes
120678,Yes
120679,No
120680,No
120681,No
120682,Yes
120683,No
120684,No
120685,Yes
120686,Yes
120687,No
120688,Yes
120689,Yes
120690,No
120691,Yes
120692,No
120693,Yes
120694,Yes
120695,No
120696,No
120697,Yes
120698,Yes
120699,No
120700,Yes
120701,No
120702,No
120703,Yes
120704,Yes
120705,Yes
120706,No
120707,Yes
120708,No
120709,Yes
120710,Yes
120711,Yes
120712,Yes
120713,Yes
120714,Yes
120715,Yes
120716,Yes
120717,Yes
120718,Yes
120719,No
120720,Yes
120721,Yes
120722,No
120723,Yes
120724,Yes
120725,Yes
120726,Yes
120727,Yes
120728,No
120729,No
120730,Yes
120731,Yes
120732,No
120733,Yes
120734,Yes
120735,Yes
120736,Yes
120737,No
120738,Yes
120739,Yes
120740,Yes
120741,Yes
120742,No
120743,No
120744,Yes
120745,No
120746,No
120747,Yes
120748,Yes
120749,Yes
120750,Yes
120751,Yes
120752,Yes
120753,Yes
120754,No
120755,No
120756,Yes
120757,Yes
120758,Yes
120759,Yes
120760,No
120761,No
120762,Yes
120763,No
120764,No
120765,Yes
120766,Yes
120767,Yes
120768,Yes
120769,No
120770,Yes
120771,Yes
120772,Yes
120773,Yes
120774,No
120775,Yes
120776,Yes
120777,No
120778,Yes
120779,Yes
120780,Yes
120781,Yes
120782,Yes
120783,No
120784,Yes
120785,Yes
120786,No
120787,No
120788,Yes
120789,Yes
120790,Yes
120791,No
120792,No
120793,Yes
120794,Yes
120795,Yes
120796,Yes
120797,No
120798,Yes
120799,Yes
120800,Yes
120801,Yes
120802,Yes
120803,Yes
120804,Yes
120805,Yes
120806,No
120807,Yes
120808,Yes
120809,Yes
120810,Yes
120811,Yes
120812,No
120813,Yes
120814,No
120815,Yes
120816,Yes
120817,Yes
120818,Yes
120819,Yes
120820,No
120821,Yes
120822,Yes
120823,Yes
120824,Yes
120825,Yes
120826,Yes
120827,Yes
120828,Yes
120829,Yes
120830,Yes
120831,Yes
120832,No
120833,Yes
120834,Yes
120835,Yes
120836,No
120837,Yes
120838,Yes
120839,No
120840,Yes
120841,No
120842,Yes
120843,No
120844,Yes
120845,Yes
120846,Yes
120847,Yes
120848,Yes
120849,Yes
120850,Yes
120851,No
120852,Yes
120853,Yes
120854,Yes
120855,Yes
120856,Yes
120857,Yes
120858,Yes
120859,Yes
120860,No
120861,Yes
120862,No
120863,Yes
120864,No
120865,Yes
120866,Yes
120867,Yes
120868,No
120869,Yes
120870,No
120871,No
120872,Yes
120873,Yes
120874,Yes
120875,No
120876,Yes
120877,Yes
120878,Yes
120879,No
120880,Yes
120881,No
120882,Yes
120883,No
120884,Yes
120885,No
120886,Yes
120887,Yes
120888,Yes
120889,Yes
120890,Yes
120891,No
120892,Yes
120893,Yes
120894,No
120895,Yes
120896,No
120897,Yes
120898,Yes
120899,Yes
120900,Yes
120901,No
120902,Yes
120903,Yes
120904,No
120905,No
120906,Yes
120907,Yes
120908,No
120909,No
120910,No
120911,Yes
120912,Yes
120913,Yes
120914,Yes
120915,Yes
120916,Yes
120917,Yes
120918,Yes
120919,Yes
120920,Yes
120921,Yes
120922,Yes
120923,Yes
120924,No
120925,No
120926,Yes
120927,Yes
120928,No
120929,Yes
120930,Yes
120931,Yes
120932,Yes
120933,No
120934,No
120935,Yes
120936,Yes
120937,Yes
120938,Yes
120939,No
120940,Yes
120941,No
120942,Yes
120943,No
120944,No
120945,No
120946,No
120947,Yes
120948,Yes
120949,Yes
120950,Yes
120951,Yes
120952,Yes
120953,Yes
120954,Yes
120955,Yes
120956,No
120957,No
120958,Yes
120959,Yes
120960,Yes
120961,Yes
120962,Yes
120963,No
120964,Yes
120965,Yes
120966,Yes
120967,No
120968,Yes
120969,Yes
120970,Yes
120971,No
120972,No
120973,No
120974,Yes
120975,Yes
120976,No
120977,No
120978,No
120979,Yes
120980,Yes
120981,Yes
120982,Yes
120983,No
120984,Yes
120985,No
120986,No
120987,Yes
120988,No
120989,Yes
120990,No
120991,No
120992,No
120993,Yes
120994,Yes
120995,No
120996,No
120997,Yes
120998,Yes
120999,No
121000,Yes
121001,Yes
121002,Yes
121003,Yes
121004,Yes
121005,Yes
121006,Yes
121007,Yes
121008,No
121009,Yes
121010,Yes
121011,Yes
121012,Yes
121013,No
121014,Yes
121015,No
121016,Yes
121017,Yes
121018,No
121019,No
121020,Yes
121021,Yes
121022,Yes
121023,No
121024,Yes
121025,Yes
121026,No
121027,No
121028,Yes
121029,Yes
121030,No
121031,No
121032,Yes
121033,Yes
121034,No
121035,No
121036,Yes
121037,Yes
121038,Yes
121039,Yes
121040,Yes
121041,Yes
121042,Yes
121043,Yes
121044,Yes
121045,No
121046,Yes
121047,Yes
121048,Yes
121049,Yes
121050,No
121051,Yes
121052,Yes
121053,Yes
121054,Yes
121055,Yes
121056,No
121057,No
121058,No
121059,Yes
121060,Yes
121061,Yes
121062,No
121063,Yes
121064,Yes
121065,Yes
121066,Yes
121067,Yes
121068,Yes
121069,No
121070,Yes
121071,Yes
121072,Yes
121073,Yes
121074,Yes
121075,No
121076,Yes
121077,Yes
121078,Yes
121079,No
121080,No
121081,Yes
121082,Yes
121083,Yes
121084,Yes
121085,Yes
121086,Yes
121087,Yes
121088,Yes
121089,Yes
121090,No
121091,Yes
121092,Yes
121093,Yes
121094,No
121095,Yes
121096,Yes
121097,No
121098,Yes
121099,Yes
121100,Yes
121101,Yes
121102,Yes
121103,No
121104,Yes
121105,Yes
121106,Yes
121107,Yes
121108,No
121109,No
121110,No
121111,Yes
121112,No
121113,No
121114,Yes
121115,Yes
121116,No
121117,Yes
121118,No
121119,No
121120,Yes
121121,Yes
121122,Yes
121123,No
121124,Yes
121125,Yes
121126,No
121127,Yes
121128,Yes
121129,Yes
121130,Yes
121131,No
121132,Yes
121133,No
121134,Yes
121135,Yes
121136,Yes
121137,No
121138,Yes
121139,No
121140,Yes
121141,Yes
121142,Yes
121143,Yes
121144,Yes
121145,No
121146,No
121147,No
121148,Yes
121149,No
121150,Yes
121151,No
121152,No
121153,Yes
121154,Yes
121155,Yes
121156,Yes
121157,Yes
121158,No
121159,No
121160,Yes
121161,Yes
121162,No
121163,Yes
121164,Yes
121165,Yes
121166,Yes
121167,No
121168,No
121169,Yes
121170,Yes
121171,Yes
121172,No
121173,Yes
121174,Yes
121175,Yes
121176,No
121177,Yes
121178,Yes
121179,Yes
121180,Yes
121181,No
121182,Yes
121183,No
121184,No
121185,Yes
121186,Yes
121187,Yes
121188,No
121189,Yes
121190,Yes
121191,Yes
121192,No
121193,Yes
121194,Yes
121195,Yes
121196,No
121197,Yes
121198,No
121199,Yes
121200,Yes
121201,Yes
121202,Yes
121203,No
121204,Yes
121205,Yes
121206,Yes
121207,Yes
121208,Yes
121209,Yes
121210,No
121211,No
121212,Yes
121213,Yes
121214,No
121215,Yes
121216,Yes
121217,Yes
121218,Yes
121219,Yes
121220,No
121221,Yes
121222,Yes
121223,Yes
121224,Yes
121225,Yes
121226,No
121227,Yes
121228,Yes
121229,No
121230,Yes
121231,No
121232,No
121233,Yes
121234,No
121235,Yes
121236,Yes
121237,No
121238,Yes
121239,Yes
121240,No
121241,No
121242,No
121243,Yes
121244,Yes
121245,Yes
121246,Yes
121247,No
121248,No
121249,No
121250,Yes
121251,Yes
121252,No
121253,Yes
121254,No
121255,No
121256,No
121257,Yes
121258,Yes
121259,Yes
121260,Yes
121261,Yes
121262,Yes
121263,No
121264,Yes
121265,Yes
121266,Yes
121267,No
121268,Yes
121269,Yes
121270,No
121271,Yes
121272,Yes
121273,No
121274,Yes
121275,Yes
121276,Yes
121277,Yes
121278,Yes
121279,No
121280,Yes
121281,Yes
121282,Yes
121283,Yes
121284,No
121285,Yes
121286,Yes
121287,No
121288,Yes
121289,Yes
121290,Yes
121291,No
121292,Yes
121293,Yes
121294,Yes
121295,Yes
121296,Yes
121297,Yes
121298,Yes
121299,Yes
121300,Yes
121301,Yes
121302,No
121303,Yes
121304,No
121305,Yes
121306,Yes
121307,No
121308,No
121309,Yes
121310,Yes
121311,Yes
121312,Yes
121313,No
121314,Yes
121315,Yes
121316,No
121317,Yes
121318,Yes
121319,Yes
121320,Yes
121321,Yes
121322,Yes
121323,No
121324,Yes
121325,No
121326,Yes
121327,Yes
121328,No
121329,Yes
121330,No
121331,Yes
121332,Yes
121333,Yes
121334,Yes
121335,Yes
121336,No
121337,Yes
121338,Yes
121339,Yes
121340,Yes
121341,Yes
121342,No
121343,No
121344,Yes
121345,Yes
121346,Yes
121347,Yes
121348,Yes
121349,Yes
121350,Yes
121351,Yes
121352,Yes
121353,Yes
121354,Yes
121355,Yes
121356,No
121357,Yes
121358,Yes
121359,No
121360,Yes
121361,No
121362,Yes
121363,Yes
121364,Yes
121365,Yes
121366,Yes
121367,No
121368,Yes
121369,Yes
121370,No
121371,Yes
121372,Yes
121373,No
121374,Yes
121375,Yes
121376,Yes
121377,Yes
121378,Yes
121379,No
121380,Yes
121381,Yes
121382,Yes
121383,Yes
121384,No
121385,Yes
121386,Yes
121387,Yes
121388,No
121389,Yes
121390,No
121391,No
121392,Yes
121393,No
121394,Yes
121395,No
121396,No
121397,No
121398,No
121399,No
121400,No
121401,No
121402,Yes
121403,Yes
121404,Yes
121405,Yes
121406,Yes
121407,Yes
121408,No
121409,No
121410,Yes
121411,Yes
121412,No
121413,Yes
121414,Yes
121415,Yes
121416,No
121417,Yes
121418,Yes
121419,Yes
121420,No
121421,Yes
121422,No
121423,Yes
121424,Yes
121425,No
121426,Yes
121427,Yes
121428,No
121429,No
121430,No
121431,No
121432,Yes
121433,Yes
121434,Yes
121435,Yes
121436,Yes
121437,No
121438,Yes
121439,Yes
121440,Yes
121441,Yes
121442,No
121443,Yes
121444,No
121445,Yes
121446,Yes
121447,No
121448,Yes
121449,No
121450,Yes
121451,Yes
121452,Yes
121453,Yes
121454,Yes
121455,No
121456,Yes
121457,Yes
121458,No
121459,No
121460,No
121461,Yes
121462,No
121463,Yes
121464,Yes
121465,Yes
121466,Yes
121467,No
121468,Yes
121469,Yes
121470,Yes
121471,Yes
121472,Yes
121473,Yes
121474,No
121475,Yes
121476,No
121477,No
121478,Yes
121479,Yes
121480,Yes
121481,No
121482,Yes
121483,Yes
121484,No
121485,Yes
121486,Yes
121487,No
121488,Yes
121489,No
121490,Yes
121491,No
121492,Yes
121493,Yes
121494,Yes
121495,Yes
121496,Yes
121497,Yes
121498,No
121499,No
121500,No
121501,No
121502,Yes
121503,Yes
121504,No
121505,Yes
121506,Yes
121507,Yes
121508,Yes
121509,No
121510,Yes
121511,No
121512,Yes
121513,Yes
121514,No
121515,Yes
121516,Yes
121517,Yes
121518,Yes
121519,No
121520,No
121521,No
121522,Yes
121523,Yes
121524,No
121525,Yes
121526,No
121527,No
121528,Yes
121529,Yes
121530,Yes
121531,Yes
121532,Yes
121533,Yes
121534,Yes
121535,Yes
121536,Yes
121537,Yes
121538,No
121539,Yes
121540,Yes
121541,Yes
121542,No
121543,No
121544,No
121545,Yes
121546,Yes
121547,No
121548,Yes
121549,Yes
121550,No
121551,Yes
121552,No
121553,Yes
121554,Yes
121555,Yes
121556,Yes
121557,Yes
121558,Yes
121559,No
121560,Yes
121561,Yes
121562,No
121563,No
121564,No
121565,Yes
121566,No
121567,No
121568,No
121569,No
121570,Yes
121571,No
121572,Yes
121573,No
121574,Yes
121575,Yes
121576,Yes
121577,Yes
121578,Yes
121579,Yes
121580,Yes
121581,No
121582,Yes
121583,Yes
121584,No
121585,No
121586,Yes
121587,No
121588,No
121589,Yes
121590,No
121591,Yes
121592,Yes
121593,No
121594,No
121595,Yes
121596,Yes
121597,No
121598,Yes
121599,Yes
121600,Yes
121601,Yes
121602,Yes
121603,Yes
121604,Yes
121605,No
121606,Yes
121607,No
121608,Yes
121609,Yes
121610,No
121611,Yes
121612,Yes
121613,Yes
121614,No
121615,Yes
121616,Yes
121617,No
121618,Yes
121619,Yes
121620,No
121621,No
121622,Yes
121623,Yes
121624,No
121625,No
121626,Yes
121627,Yes
121628,Yes
121629,Yes
121630,Yes
121631,Yes
121632,No
121633,No
121634,Yes
121635,Yes
121636,No
121637,No
121638,Yes
121639,Yes
121640,Yes
121641,Yes
121642,No
121643,Yes
121644,Yes
121645,No
121646,Yes
121647,Yes
121648,No
121649,Yes
121650,Yes
121651,Yes
121652,No
121653,Yes
121654,No
121655,Yes
121656,Yes
121657,Yes
121658,No
121659,No
121660,Yes
121661,No
121662,Yes
121663,No
121664,Yes
121665,Yes
121666,Yes
121667,No
121668,No
121669,Yes
121670,No
121671,Yes
121672,Yes
121673,No
121674,No
121675,No
121676,Yes
121677,Yes
121678,Yes
121679,Yes
121680,No
121681,Yes
121682,Yes
121683,Yes
121684,Yes
121685,Yes
121686,No
121687,No
121688,No
121689,No
121690,Yes
121691,Yes
121692,Yes
121693,Yes
121694,No
121695,Yes
121696,No
121697,Yes
121698,No
121699,Yes
121700,Yes
121701,Yes
121702,Yes
121703,Yes
121704,No
121705,No
121706,No
121707,No
121708,Yes
121709,Yes
121710,Yes
121711,No
121712,No
121713,Yes
121714,Yes
121715,Yes
121716,No
121717,Yes
121718,Yes
121719,Yes
121720,Yes
121721,No
121722,Yes
121723,No
121724,Yes
121725,Yes
121726,Yes
121727,Yes
121728,Yes
121729,Yes
121730,Yes
121731,Yes
121732,Yes
121733,No
121734,Yes
121735,Yes
121736,Yes
121737,Yes
121738,Yes
121739,Yes
121740,Yes
121741,No
121742,Yes
121743,No
121744,No
121745,No
121746,Yes
121747,Yes
121748,No
121749,Yes
121750,Yes
121751,No
121752,Yes
121753,No
121754,No
121755,No
121756,No
121757,Yes
121758,Yes
121759,No
121760,Yes
121761,Yes
121762,No
121763,Yes
121764,Yes
121765,Yes
121766,Yes
121767,Yes
121768,Yes
121769,No
121770,Yes
121771,Yes
121772,Yes
121773,Yes
121774,Yes
121775,Yes
121776,Yes
121777,Yes
121778,Yes
121779,Yes
121780,Yes
121781,Yes
121782,Yes
121783,Yes
121784,No
121785,Yes
121786,Yes
121787,Yes
121788,Yes
121789,No
121790,Yes
121791,Yes
121792,No
121793,Yes
121794,Yes
121795,Yes
121796,No
121797,Yes
121798,No
121799,Yes
121800,No
121801,No
121802,No
121803,Yes
121804,Yes
121805,Yes
121806,Yes
121807,Yes
121808,No
121809,Yes
121810,No
121811,Yes
121812,Yes
121813,No
121814,Yes
121815,No
121816,No
121817,No
121818,Yes
121819,Yes
121820,Yes
121821,Yes
121822,No
121823,No
121824,Yes
121825,No
121826,Yes
121827,Yes
121828,Yes
121829,No
121830,Yes
121831,No
121832,Yes
121833,Yes
121834,No
121835,Yes
121836,No
121837,Yes
121838,No
121839,No
121840,Yes
121841,Yes
121842,Yes
121843,Yes
121844,Yes
121845,No
121846,Yes
121847,No
121848,No
121849,Yes
121850,Yes
121851,Yes
121852,Yes
121853,No
121854,No
121855,Yes
121856,Yes
121857,Yes
121858,Yes
121859,Yes
121860,Yes
121861,Yes
121862,Yes
121863,Yes
121864,No
121865,Yes
121866,No
121867,Yes
121868,Yes
121869,Yes
121870,Yes
121871,No
121872,Yes
121873,Yes
121874,Yes
121875,Yes
121876,No
121877,No
121878,No
121879,Yes
121880,No
121881,No
121882,Yes
121883,Yes
121884,No
121885,Yes
121886,No
121887,Yes
121888,Yes
121889,Yes
121890,Yes
121891,Yes
121892,Yes
121893,Yes
121894,Yes
121895,No
121896,No
121897,Yes
121898,Yes
121899,Yes
121900,No
121901,Yes
121902,Yes
121903,Yes
121904,No
121905,Yes
121906,Yes
121907,No
121908,Yes
121909,No
121910,Yes
121911,No
121912,No
121913,Yes
121914,Yes
121915,No
121916,Yes
121917,Yes
121918,Yes
121919,Yes
121920,No
121921,No
121922,Yes
121923,Yes
121924,No
121925,Yes
121926,No
121927,No
121928,Yes
121929,No
121930,Yes
121931,Yes
121932,No
121933,Yes
121934,Yes
121935,Yes
121936,Yes
121937,Yes
121938,Yes
121939,Yes
121940,No
121941,Yes
121942,No
121943,Yes
121944,No
121945,Yes
121946,Yes
121947,Yes
121948,No
121949,Yes
121950,Yes
121951,Yes
121952,Yes
121953,Yes
121954,No
121955,Yes
121956,No
121957,Yes
121958,Yes
121959,Yes
121960,No
121961,Yes
121962,No
121963,No
121964,Yes
121965,Yes
121966,Yes
121967,Yes
121968,Yes
121969,No
121970,Yes
121971,Yes
121972,Yes
121973,Yes
121974,No
121975,Yes
121976,No
121977,No
121978,No
121979,No
121980,Yes
121981,No
121982,No
121983,Yes
121984,Yes
121985,No
121986,Yes
121987,No
121988,No
121989,No
121990,Yes
121991,Yes
121992,No
121993,Yes
121994,No
121995,Yes
121996,Yes
121997,No
121998,Yes
121999,Yes
122000,Yes
122001,Yes
122002,Yes
122003,No
122004,Yes
122005,Yes
122006,Yes
122007,No
122008,No
122009,Yes
122010,No
122011,Yes
122012,Yes
122013,Yes
122014,Yes
122015,No
122016,No
122017,Yes
122018,Yes
122019,Yes
122020,Yes
122021,Yes
122022,No
122023,Yes
122024,No
122025,No
122026,Yes
122027,Yes
122028,No
122029,Yes
122030,Yes
122031,Yes
122032,Yes
122033,No
122034,Yes
122035,Yes
122036,Yes
122037,No
122038,No
122039,Yes
122040,Yes
122041,Yes
122042,Yes
122043,Yes
122044,Yes
122045,Yes
122046,Yes
122047,No
122048,Yes
122049,No
122050,Yes
122051,Yes
122052,Yes
122053,Yes
122054,Yes
122055,Yes
122056,Yes
122057,No
122058,No
122059,Yes
122060,Yes
122061,Yes
122062,Yes
122063,Yes
122064,Yes
122065,Yes
122066,Yes
122067,No
122068,Yes
122069,Yes
122070,No
122071,Yes
122072,Yes
122073,Yes
122074,Yes
122075,Yes
122076,Yes
122077,Yes
122078,No
122079,No
122080,No
122081,Yes
122082,Yes
122083,Yes
122084,No
122085,No
122086,Yes
122087,No
122088,Yes
122089,Yes
122090,Yes
122091,Yes
122092,No
122093,Yes
122094,No
122095,No
122096,Yes
122097,Yes
122098,No
122099,Yes
122100,Yes
122101,Yes
122102,Yes
122103,Yes
122104,Yes
122105,Yes
122106,Yes
122107,No
122108,Yes
122109,Yes
122110,Yes
122111,Yes
122112,Yes
122113,Yes
122114,Yes
122115,Yes
122116,Yes
122117,No
122118,No
122119,Yes
122120,Yes
122121,Yes
122122,Yes
122123,No
122124,No
122125,Yes
122126,Yes
122127,No
122128,Yes
122129,Yes
122130,Yes
122131,Yes
122132,No
122133,No
122134,Yes
122135,Yes
122136,No
122137,Yes
122138,No
122139,No
122140,Yes
122141,Yes
122142,No
122143,Yes
122144,No
122145,Yes
122146,No
122147,Yes
122148,No
122149,Yes
122150,Yes
122151,No
122152,Yes
122153,Yes
122154,No
122155,Yes
122156,Yes
122157,No
122158,No
122159,Yes
122160,Yes
122161,No
122162,No
122163,Yes
122164,Yes
122165,Yes
122166,No
122167,Yes
122168,No
122169,No
122170,Yes
122171,No
122172,Yes
122173,No
122174,Yes
122175,Yes
122176,Yes
122177,Yes
122178,Yes
122179,No
122180,Yes
122181,No
122182,Yes
122183,Yes
122184,Yes
122185,No
122186,Yes
122187,Yes
122188,Yes
122189,Yes
122190,Yes
122191,Yes
122192,No
122193,No
122194,Yes
122195,Yes
122196,Yes
122197,No
122198,Yes
122199,No
122200,Yes
122201,No
122202,Yes
122203,Yes
122204,No
122205,Yes
122206,No
122207,Yes
122208,Yes
122209,Yes
122210,Yes
122211,Yes
122212,Yes
122213,No
122214,No
122215,Yes
122216,No
122217,Yes
122218,Yes
122219,No
122220,No
122221,Yes
122222,Yes
122223,No
122224,Yes
122225,No
122226,Yes
122227,Yes
122228,Yes
122229,Yes
122230,No
122231,No
122232,Yes
122233,No
122234,Yes
122235,Yes
122236,No
122237,Yes
122238,Yes
122239,Yes
122240,Yes
122241,Yes
122242,No
122243,Yes
122244,Yes
122245,Yes
122246,Yes
122247,Yes
122248,No
122249,No
122250,Yes
122251,No
122252,Yes
122253,No
122254,No
122255,Yes
122256,Yes
122257,Yes
122258,Yes
122259,No
122260,No
122261,Yes
122262,Yes
122263,Yes
122264,Yes
122265,Yes
122266,Yes
122267,No
122268,Yes
122269,Yes
122270,Yes
122271,Yes
122272,No
122273,No
122274,Yes
122275,Yes
122276,Yes
122277,Yes
122278,Yes
122279,Yes
122280,No
122281,No
122282,No
122283,Yes
122284,Yes
122285,No
122286,Yes
122287,No
122288,Yes
122289,No
122290,No
122291,Yes
122292,Yes
122293,Yes
122294,No
122295,Yes
122296,Yes
122297,Yes
122298,No
122299,No
122300,No
122301,No
122302,Yes
122303,Yes
122304,Yes
122305,Yes
122306,No
122307,No
122308,No
122309,No
122310,No
122311,No
122312,Yes
122313,Yes
122314,Yes
122315,Yes
122316,Yes
122317,No
122318,No
122319,Yes
122320,Yes
122321,Yes
122322,No
122323,Yes
122324,Yes
122325,Yes
122326,Yes
122327,Yes
122328,No
122329,No
122330,Yes
122331,Yes
122332,Yes
122333,Yes
122334,No
122335,Yes
122336,Yes
122337,Yes
122338,Yes
122339,No
122340,Yes
122341,Yes
122342,No
122343,Yes
122344,Yes
122345,Yes
122346,No
122347,Yes
122348,Yes
122349,No
122350,Yes
122351,No
122352,No
122353,Yes
122354,Yes
122355,Yes
122356,Yes
122357,Yes
122358,No
122359,Yes
122360,Yes
122361,Yes
122362,Yes
122363,No
122364,Yes
122365,Yes
122366,Yes
122367,Yes
122368,No
122369,No
122370,Yes
122371,No
122372,Yes
122373,No
122374,No
122375,Yes
122376,Yes
122377,Yes
122378,Yes
122379,No
122380,Yes
122381,Yes
122382,Yes
122383,Yes
122384,Yes
122385,No
122386,Yes
122387,Yes
122388,Yes
122389,Yes
122390,Yes
122391,No
122392,Yes
122393,No
122394,Yes
122395,No
122396,Yes
122397,No
122398,Yes
122399,Yes
122400,Yes
122401,Yes
122402,Yes
122403,No
122404,Yes
122405,Yes
122406,No
122407,Yes
122408,Yes
122409,No
122410,Yes
122411,Yes
122412,No
122413,Yes
122414,No
122415,Yes
122416,No
122417,Yes
122418,Yes
122419,No
122420,Yes
122421,Yes
122422,Yes
122423,Yes
122424,Yes
122425,Yes
122426,No
122427,Yes
122428,Yes
122429,Yes
122430,Yes
122431,No
122432,Yes
122433,No
122434,Yes
122435,Yes
122436,Yes
122437,No
122438,No
122439,No
122440,No
122441,Yes
122442,Yes
122443,Yes
122444,Yes
122445,Yes
122446,Yes
122447,Yes
122448,No
122449,Yes
122450,Yes
122451,Yes
122452,Yes
122453,Yes
122454,Yes
122455,No
122456,Yes
122457,Yes
122458,No
122459,Yes
122460,Yes
122461,Yes
122462,Yes
122463,No
122464,No
122465,Yes
122466,No
122467,Yes
122468,No
122469,Yes
122470,Yes
122471,Yes
122472,Yes
122473,Yes
122474,Yes
122475,No
122476,No
122477,Yes
122478,No
122479,No
122480,No
122481,No
122482,Yes
122483,Yes
122484,Yes
122485,No
122486,No
122487,Yes
122488,Yes
122489,Yes
122490,No
122491,Yes
122492,No
122493,Yes
122494,No
122495,No
122496,Yes
122497,Yes
122498,Yes
122499,Yes
122500,Yes
122501,Yes
122502,Yes
122503,Yes
122504,No
122505,Yes
122506,Yes
122507,No
122508,Yes
122509,Yes
122510,Yes
122511,Yes
122512,Yes
122513,Yes
122514,Yes
122515,No
122516,Yes
122517,Yes
122518,Yes
122519,Yes
122520,No
122521,Yes
122522,Yes
122523,Yes
122524,Yes
122525,Yes
122526,Yes
122527,Yes
122528,No
122529,Yes
122530,Yes
122531,Yes
122532,Yes
122533,Yes
122534,No
122535,Yes
122536,No
122537,Yes
122538,Yes
122539,Yes
122540,Yes
122541,No
122542,No
122543,No
122544,Yes
122545,Yes
122546,Yes
122547,No
122548,No
122549,Yes
122550,Yes
122551,Yes
122552,Yes
122553,Yes
122554,Yes
122555,Yes
122556,Yes
122557,Yes
122558,No
122559,Yes
122560,No
122561,No
122562,No
122563,Yes
122564,Yes
122565,No
122566,Yes
122567,Yes
122568,No
122569,No
122570,Yes
122571,Yes
122572,Yes
122573,Yes
122574,Yes
122575,Yes
122576,Yes
122577,Yes
122578,No
122579,Yes
122580,No
122581,Yes
122582,Yes
122583,No
122584,Yes
122585,No
122586,Yes
122587,No
122588,Yes
122589,Yes
122590,Yes
122591,Yes
122592,Yes
122593,Yes
122594,No
122595,Yes
122596,No
122597,Yes
122598,Yes
122599,No
122600,Yes
122601,Yes
122602,Yes
122603,Yes
122604,Yes
122605,No
122606,Yes
122607,Yes
122608,No
122609,No
122610,Yes
122611,Yes
122612,Yes
122613,Yes
122614,No
122615,No
122616,Yes
122617,No
122618,No
122619,Yes
122620,No
122621,Yes
122622,Yes
122623,No
122624,Yes
122625,No
122626,No
122627,Yes
122628,No
122629,No
122630,No
122631,No
122632,Yes
122633,Yes
122634,Yes
122635,Yes
122636,No
122637,Yes
122638,Yes
122639,Yes
122640,Yes
122641,Yes
122642,Yes
122643,Yes
122644,No
122645,Yes
122646,Yes
122647,Yes
122648,Yes
122649,No
122650,Yes
122651,Yes
122652,Yes
122653,Yes
122654,Yes
122655,Yes
122656,No
122657,Yes
122658,No
122659,Yes
122660,No
122661,No
122662,Yes
122663,No
122664,Yes
122665,No
122666,Yes
122667,Yes
122668,Yes
122669,No
122670,No
122671,No
122672,Yes
122673,No
122674,Yes
122675,Yes
122676,Yes
122677,No
122678,No
122679,No
122680,Yes
122681,No
122682,Yes
122683,Yes
122684,Yes
122685,Yes
122686,Yes
122687,No
122688,Yes
122689,Yes
122690,Yes
122691,Yes
122692,Yes
122693,Yes
122694,No
122695,Yes
122696,Yes
122697,Yes
122698,No
122699,Yes
122700,No
122701,No
122702,Yes
122703,No
122704,No
122705,No
122706,No
122707,Yes
122708,Yes
122709,Yes
122710,Yes
122711,Yes
122712,Yes
122713,Yes
122714,No
122715,Yes
122716,Yes
122717,Yes
122718,Yes
122719,No
122720,Yes
122721,Yes
122722,Yes
122723,Yes
122724,Yes
122725,Yes
122726,Yes
122727,No
122728,Yes
122729,Yes
122730,Yes
122731,Yes
122732,Yes
122733,No
122734,Yes
122735,Yes
122736,Yes
122737,Yes
122738,Yes
122739,No
122740,Yes
122741,Yes
122742,No
122743,No
122744,Yes
122745,Yes
122746,Yes
122747,No
122748,Yes
122749,Yes
122750,Yes
122751,Yes
122752,No
122753,Yes
122754,No
122755,Yes
122756,No
122757,Yes
122758,Yes
122759,Yes
122760,No
122761,Yes
122762,Yes
122763,No
122764,No
122765,No
122766,No
122767,No
122768,No
122769,No
122770,Yes
122771,Yes
122772,Yes
122773,Yes
122774,Yes
122775,Yes
122776,No
122777,Yes
122778,Yes
122779,Yes
122780,Yes
122781,Yes
122782,Yes
122783,Yes
122784,Yes
122785,No
122786,No
122787,No
122788,Yes
122789,Yes
122790,Yes
122791,No
122792,Yes
122793,Yes
122794,No
122795,Yes
122796,Yes
122797,Yes
122798,No
122799,No
122800,Yes
122801,No
122802,No
122803,No
122804,No
122805,No
122806,Yes
122807,Yes
122808,Yes
122809,Yes
122810,No
122811,Yes
122812,Yes
122813,Yes
122814,Yes
122815,Yes
122816,Yes
122817,Yes
122818,No
122819,Yes
122820,No
122821,Yes
122822,Yes
122823,Yes
122824,Yes
122825,No
122826,No
122827,No
122828,Yes
122829,No
122830,Yes
122831,Yes
122832,Yes
122833,Yes
122834,No
122835,No
122836,No
122837,No
122838,Yes
122839,No
122840,No
122841,No
122842,No
122843,Yes
122844,Yes
122845,No
122846,Yes
122847,No
122848,Yes
122849,No
122850,Yes
122851,No
122852,No
122853,Yes
122854,No
122855,Yes
122856,Yes
122857,Yes
122858,No
122859,No
122860,No
122861,Yes
122862,Yes
122863,No
122864,Yes
122865,Yes
122866,Yes
122867,Yes
122868,No
122869,No
122870,Yes
122871,No
122872,Yes
122873,No
122874,No
122875,No
122876,No
122877,No
122878,Yes
122879,Yes
122880,Yes
122881,Yes
122882,Yes
122883,Yes
122884,No
122885,Yes
122886,No
122887,No
122888,No
122889,Yes
122890,No
122891,Yes
122892,No
122893,No
122894,Yes
122895,No
122896,No
122897,Yes
122898,Yes
122899,No
122900,Yes
122901,No
122902,Yes
122903,No
122904,Yes
122905,Yes
122906,Yes
122907,No
122908,Yes
122909,No
122910,No
122911,Yes
122912,Yes
122913,No
122914,Yes
122915,Yes
122916,No
122917,Yes
122918,No
122919,Yes
122920,Yes
122921,Yes
122922,No
122923,Yes
122924,Yes
122925,No
122926,Yes
122927,Yes
122928,Yes
122929,No
122930,Yes
122931,Yes
122932,Yes
122933,Yes
122934,Yes
122935,Yes
122936,Yes
122937,Yes
122938,No
122939,Yes
122940,Yes
122941,Yes
122942,No
122943,Yes
122944,Yes
122945,Yes
122946,Yes
122947,Yes
122948,No
122949,Yes
122950,No
122951,Yes
122952,No
122953,Yes
122954,Yes
122955,Yes
122956,Yes
122957,Yes
122958,No
122959,No
122960,Yes
122961,Yes
122962,Yes
122963,Yes
122964,Yes
122965,Yes
122966,No
122967,Yes
122968,No
122969,No
122970,Yes
122971,Yes
122972,Yes
122973,No
122974,Yes
122975,Yes
122976,Yes
122977,No
122978,Yes
122979,No
122980,Yes
122981,Yes
122982,No
122983,No
122984,Yes
122985,No
122986,Yes
122987,Yes
122988,Yes
122989,Yes
122990,Yes
122991,Yes
122992,Yes
122993,Yes
122994,Yes
122995,Yes
122996,No
122997,No
122998,Yes
122999,No
123000,Yes
123001,Yes
123002,No
123003,Yes
123004,Yes
123005,Yes
123006,Yes
123007,No
123008,No
123009,Yes
123010,Yes
123011,No
123012,No
123013,Yes
123014,Yes
123015,No
123016,Yes
123017,No
123018,Yes
123019,Yes
123020,Yes
123021,Yes
123022,No
123023,Yes
123024,Yes
123025,No
123026,No
123027,Yes
123028,No
123029,Yes
123030,Yes
123031,No
123032,No
123033,Yes
123034,Yes
123035,No
123036,Yes
123037,Yes
123038,Yes
123039,No
123040,Yes
123041,Yes
123042,Yes
123043,No
123044,Yes
123045,Yes
123046,No
123047,Yes
123048,Yes
123049,Yes
123050,No
123051,Yes
123052,Yes
123053,Yes
123054,Yes
123055,No
123056,Yes
123057,Yes
123058,No
123059,No
123060,Yes
123061,Yes
123062,No
123063,Yes
123064,Yes
123065,No
123066,Yes
123067,Yes
123068,Yes
123069,No
123070,No
123071,No
123072,Yes
123073,Yes
123074,Yes
123075,No
123076,Yes
123077,Yes
123078,Yes
123079,Yes
123080,No
123081,No
123082,No
123083,Yes
123084,Yes
123085,Yes
123086,Yes
123087,No
123088,No
123089,Yes
123090,No
123091,Yes
123092,Yes
123093,No
123094,No
123095,Yes
123096,Yes
123097,No
123098,Yes
123099,Yes
123100,Yes
123101,No
123102,No
123103,No
123104,Yes
123105,Yes
123106,Yes
123107,No
123108,Yes
123109,No
123110,No
123111,Yes
123112,Yes
123113,Yes
123114,No
123115,Yes
123116,No
123117,No
123118,Yes
123119,Yes
123120,Yes
123121,Yes
123122,No
123123,Yes
123124,Yes
123125,Yes
123126,Yes
123127,No
123128,No
123129,Yes
123130,Yes
123131,Yes
123132,Yes
123133,Yes
123134,Yes
123135,Yes
123136,No
123137,Yes
123138,Yes
123139,Yes
123140,No
123141,No
123142,Yes
123143,Yes
123144,Yes
123145,Yes
123146,Yes
123147,No
123148,No
123149,Yes
123150,Yes
123151,Yes
123152,Yes
123153,No
123154,No
123155,No
123156,Yes
123157,Yes
123158,No
123159,Yes
123160,Yes
123161,Yes
123162,Yes
123163,Yes
123164,Yes
123165,Yes
123166,No
123167,No
123168,Yes
123169,No
123170,Yes
123171,No
123172,Yes
123173,Yes
123174,No
123175,Yes
123176,Yes
123177,Yes
123178,Yes
123179,Yes
123180,Yes
123181,No
123182,Yes
123183,Yes
123184,Yes
123185,No
123186,No
123187,Yes
123188,Yes
123189,No
123190,Yes
123191,No
123192,No
123193,Yes
123194,Yes
123195,Yes
123196,Yes
123197,Yes
123198,No
123199,Yes
123200,No
123201,Yes
123202,No
123203,Yes
123204,Yes
123205,Yes
123206,No
123207,Yes
123208,Yes
123209,Yes
123210,Yes
123211,No
123212,No
123213,No
123214,Yes
123215,No
123216,Yes
123217,Yes
123218,Yes
123219,No
123220,Yes
123221,No
123222,No
123223,No
123224,No
123225,Yes
123226,Yes
123227,No
123228,Yes
123229,Yes
123230,Yes
123231,No
123232,Yes
123233,No
123234,Yes
123235,Yes
123236,Yes
123237,No
123238,No
123239,No
123240,Yes
123241,Yes
123242,No
123243,Yes
123244,Yes
123245,Yes
123246,Yes
123247,Yes
123248,No
123249,No
123250,Yes
123251,Yes
123252,Yes
123253,No
123254,No
123255,No
123256,Yes
123257,Yes
123258,No
123259,No
123260,Yes
123261,No
123262,Yes
123263,Yes
123264,No
123265,No
123266,Yes
123267,No
123268,No
123269,Yes
123270,Yes
123271,No
123272,No
123273,No
123274,Yes
123275,No
123276,No
123277,No
123278,No
123279,Yes
123280,Yes
123281,No
123282,No
123283,Yes
123284,No
123285,Yes
123286,Yes
123287,Yes
123288,Yes
123289,No
123290,Yes
123291,Yes
123292,No
123293,Yes
123294,Yes
123295,Yes
123296,Yes
123297,No
123298,Yes
123299,Yes
123300,No
123301,No
123302,Yes
123303,Yes
123304,Yes
123305,Yes
123306,No
123307,Yes
123308,Yes
123309,Yes
123310,No
123311,No
123312,No
123313,No
123314,No
123315,Yes
123316,No
123317,No
123318,No
123319,Yes
123320,No
123321,No
123322,Yes
123323,No
123324,Yes
123325,Yes
123326,Yes
123327,Yes
123328,Yes
123329,Yes
123330,Yes
123331,Yes
123332,Yes
123333,No
123334,Yes
123335,Yes
123336,No
123337,No
123338,No
123339,Yes
123340,Yes
123341,Yes
123342,Yes
123343,No
123344,Yes
123345,Yes
123346,No
123347,Yes
123348,Yes
123349,Yes
123350,Yes
123351,Yes
123352,Yes
123353,No
123354,Yes
123355,Yes
123356,Yes
123357,Yes
123358,Yes
123359,Yes
123360,Yes
123361,Yes
123362,Yes
123363,No
123364,No
123365,Yes
123366,Yes
123367,No
123368,Yes
123369,Yes
123370,Yes
123371,Yes
123372,Yes
123373,No
123374,No
123375,Yes
123376,Yes
123377,No
123378,Yes
123379,Yes
123380,Yes
123381,Yes
123382,Yes
123383,Yes
123384,No
123385,No
123386,No
123387,Yes
123388,No
123389,Yes
123390,Yes
123391,No
123392,Yes
123393,Yes
123394,Yes
123395,No
123396,Yes
123397,No
123398,Yes
123399,No
123400,No
123401,Yes
123402,Yes
123403,Yes
123404,Yes
123405,Yes
123406,No
123407,Yes
123408,Yes
123409,No
123410,Yes
123411,Yes
123412,Yes
123413,Yes
123414,Yes
123415,Yes
123416,No
123417,Yes
123418,No
123419,No
123420,Yes
123421,No
123422,Yes
123423,Yes
123424,Yes
123425,Yes
123426,No
123427,Yes
123428,Yes
123429,Yes
123430,Yes
123431,No
123432,Yes
123433,Yes
123434,No
123435,No
123436,Yes
123437,No
123438,Yes
123439,Yes
123440,No
123441,Yes
123442,Yes
123443,No
123444,No
123445,No
123446,No
123447,No
123448,Yes
123449,Yes
123450,Yes
123451,Yes
123452,No
123453,Yes
123454,No
123455,No
123456,No
123457,No
123458,Yes
123459,Yes
123460,No
123461,Yes
123462,No
123463,No
123464,Yes
123465,No
123466,No
123467,Yes
123468,Yes
123469,Yes
123470,No
123471,Yes
123472,Yes
123473,Yes
123474,Yes
123475,Yes
123476,Yes
123477,No
123478,Yes
123479,Yes
123480,Yes
123481,Yes
123482,No
123483,No
123484,Yes
123485,No
123486,Yes
123487,Yes
123488,Yes
123489,Yes
123490,No
123491,Yes
123492,Yes
123493,Yes
123494,Yes
123495,Yes
123496,Yes
123497,Yes
123498,No
123499,Yes
123500,Yes
123501,Yes
123502,Yes
123503,Yes
123504,Yes
123505,Yes
123506,Yes
123507,Yes
123508,Yes
123509,Yes
123510,No
123511,No
123512,Yes
123513,Yes
123514,Yes
123515,Yes
123516,Yes
123517,Yes
123518,No
123519,Yes
123520,Yes
123521,Yes
123522,Yes
123523,Yes
123524,No
123525,Yes
123526,Yes
123527,Yes
123528,No
123529,Yes
123530,No
123531,Yes
123532,Yes
123533,No
123534,Yes
123535,No
123536,No
123537,Yes
123538,Yes
123539,Yes
123540,Yes
123541,Yes
123542,Yes
123543,Yes
123544,Yes
123545,Yes
123546,No
123547,Yes
123548,Yes
123549,Yes
123550,No
123551,Yes
123552,Yes
123553,Yes
123554,Yes
123555,Yes
123556,Yes
123557,Yes
123558,No
123559,Yes
123560,Yes
123561,No
123562,Yes
123563,No
123564,Yes
123565,Yes
123566,Yes
123567,No
123568,Yes
123569,Yes
123570,Yes
123571,Yes
123572,Yes
123573,Yes
123574,Yes
123575,Yes
123576,Yes
123577,Yes
123578,No
123579,Yes
123580,No
123581,No
123582,Yes
123583,Yes
123584,No
123585,Yes
123586,Yes
123587,Yes
123588,Yes
123589,Yes
123590,Yes
123591,Yes
123592,Yes
123593,Yes
123594,Yes
123595,No
123596,No
123597,Yes
123598,No
123599,Yes
123600,Yes
123601,Yes
123602,Yes
123603,Yes
123604,Yes
123605,Yes
123606,No
123607,Yes
123608,Yes
123609,Yes
123610,Yes
123611,Yes
123612,No
123613,No
123614,No
123615,No
123616,No
123617,Yes
123618,Yes
123619,No
123620,No
123621,No
123622,Yes
123623,Yes
123624,Yes
123625,No
123626,Yes
123627,Yes
123628,Yes
123629,Yes
123630,Yes
123631,Yes
123632,Yes
123633,No
123634,No
123635,Yes
123636,Yes
123637,Yes
123638,No
123639,Yes
123640,No
123641,Yes
123642,No
123643,Yes
123644,Yes
123645,Yes
123646,No
123647,No
123648,Yes
123649,Yes
123650,No
123651,Yes
123652,No
123653,Yes
123654,Yes
123655,Yes
123656,Yes
123657,Yes
123658,Yes
123659,Yes
123660,No
123661,No
123662,No
123663,Yes
123664,Yes
123665,Yes
123666,No
123667,No
123668,Yes
123669,Yes
123670,Yes
123671,No
123672,No
123673,Yes
123674,Yes
123675,Yes
123676,No
123677,Yes
123678,Yes
123679,No
123680,Yes
123681,Yes
123682,Yes
123683,Yes
123684,No
123685,Yes
123686,Yes
123687,Yes
123688,No
123689,No
123690,No
123691,No
123692,Yes
123693,Yes
123694,No
123695,Yes
123696,Yes
123697,Yes
123698,Yes
123699,No
123700,No
123701,Yes
123702,No
123703,Yes
123704,Yes
123705,Yes
123706,Yes
123707,Yes
123708,No
123709,Yes
123710,Yes
123711,No
123712,Yes
123713,No
123714,No
123715,Yes
123716,Yes
123717,No
123718,Yes
123719,Yes
123720,Yes
123721,Yes
123722,Yes
123723,Yes
123724,Yes
123725,Yes
123726,Yes
123727,No
123728,No
123729,Yes
123730,Yes
123731,Yes
123732,Yes
123733,Yes
123734,Yes
123735,Yes
123736,Yes
123737,Yes
123738,Yes
123739,Yes
123740,No
123741,Yes
123742,Yes
123743,Yes
123744,Yes
123745,Yes
123746,No
123747,Yes
123748,Yes
123749,No
123750,No
123751,Yes
123752,No
123753,Yes
123754,Yes
123755,Yes
123756,Yes
123757,Yes
123758,No
123759,Yes
123760,No
123761,Yes
123762,Yes
123763,No
123764,Yes
123765,No
123766,Yes
123767,Yes
123768,Yes
123769,Yes
123770,Yes
123771,Yes
123772,Yes
123773,No
123774,Yes
123775,Yes
123776,No
123777,No
123778,No
123779,No
123780,No
123781,No
123782,No
123783,No
123784,No
123785,Yes
123786,Yes
123787,Yes
123788,Yes
123789,Yes
123790,Yes
123791,Yes
123792,Yes
123793,Yes
123794,Yes
123795,Yes
123796,Yes
123797,Yes
123798,Yes
123799,Yes
123800,Yes
123801,Yes
123802,Yes
123803,Yes
123804,Yes
123805,No
123806,No
123807,No
123808,Yes
123809,Yes
123810,Yes
123811,Yes
123812,Yes
123813,Yes
123814,Yes
123815,Yes
123816,Yes
123817,Yes
123818,No
123819,Yes
123820,Yes
123821,Yes
123822,No
123823,Yes
123824,Yes
123825,No
123826,Yes
123827,No
123828,Yes
123829,Yes
123830,Yes
123831,Yes
123832,Yes
123833,No
123834,Yes
123835,No
123836,No
123837,Yes
123838,Yes
123839,No
123840,No
123841,Yes
123842,Yes
123843,No
123844,No
123845,Yes
123846,Yes
123847,Yes
123848,No
123849,Yes
123850,No
123851,No
123852,Yes
123853,Yes
123854,Yes
123855,No
123856,Yes
123857,No
123858,No
123859,Yes
123860,No
123861,No
123862,No
123863,Yes
123864,No
123865,Yes
123866,Yes
123867,No
123868,No
123869,Yes
123870,No
123871,No
123872,Yes
123873,Yes
123874,No
123875,Yes
123876,Yes
123877,No
123878,Yes
123879,Yes
123880,Yes
123881,No
123882,Yes
123883,Yes
123884,Yes
123885,Yes
123886,Yes
123887,Yes
123888,No
123889,Yes
123890,Yes
123891,Yes
123892,No
123893,No
123894,Yes
123895,Yes
123896,Yes
123897,No
123898,No
123899,Yes
123900,Yes
123901,Yes
123902,No
123903,Yes
123904,Yes
123905,No
123906,No
123907,No
123908,Yes
123909,Yes
123910,Yes
123911,Yes
123912,Yes
123913,Yes
123914,Yes
123915,No
123916,Yes
123917,Yes
123918,Yes
123919,Yes
123920,No
123921,No
123922,Yes
123923,Yes
123924,Yes
123925,Yes
123926,No
123927,Yes
123928,Yes
123929,Yes
123930,Yes
123931,Yes
123932,Yes
123933,Yes
123934,Yes
123935,Yes
123936,Yes
123937,Yes
123938,Yes
123939,No
123940,No
123941,Yes
123942,Yes
123943,No
123944,No
123945,Yes
123946,No
123947,Yes
123948,No
123949,Yes
123950,No
123951,Yes
123952,Yes
123953,No
123954,Yes
123955,Yes
123956,Yes
123957,No
123958,No
123959,Yes
123960,Yes
123961,Yes
123962,Yes
123963,Yes
123964,No
123965,No
123966,No
123967,No
123968,Yes
123969,Yes
123970,No
123971,No
123972,Yes
123973,No
123974,Yes
123975,Yes
123976,Yes
123977,Yes
123978,Yes
123979,Yes
123980,Yes
123981,Yes
123982,No
123983,Yes
123984,No
123985,Yes
123986,Yes
123987,Yes
123988,No
123989,Yes
123990,No
123991,Yes
123992,Yes
123993,Yes
123994,Yes
123995,Yes
123996,Yes
123997,Yes
123998,No
123999,Yes
124000,Yes
124001,Yes
124002,Yes
124003,Yes
124004,No
124005,Yes
124006,Yes
124007,Yes
124008,No
124009,Yes
124010,No
124011,No
124012,Yes
124013,Yes
124014,No
124015,No
124016,No
124017,Yes
124018,Yes
124019,Yes
124020,Yes
124021,Yes
124022,No
124023,Yes
124024,Yes
124025,No
124026,Yes
124027,Yes
124028,Yes
124029,No
124030,Yes
124031,Yes
124032,Yes
124033,No
124034,No
124035,Yes
124036,Yes
124037,Yes
124038,Yes
124039,No
124040,No
124041,Yes
124042,No
124043,Yes
124044,Yes
124045,No
124046,No
124047,Yes
124048,No
124049,No
124050,Yes
124051,Yes
124052,Yes
124053,Yes
124054,No
124055,No
124056,No
124057,Yes
124058,Yes
124059,No
124060,Yes
124061,Yes
124062,Yes
124063,Yes
124064,Yes
124065,No
124066,Yes
124067,Yes
124068,Yes
124069,Yes
124070,No
124071,Yes
124072,No
124073,No
124074,No
124075,Yes
124076,Yes
124077,No
124078,Yes
124079,No
124080,Yes
124081,Yes
124082,Yes
124083,Yes
124084,No
124085,Yes
124086,No
124087,Yes
124088,No
124089,Yes
124090,Yes
124091,No
124092,No
124093,Yes
124094,Yes
124095,Yes
124096,No
124097,Yes
124098,No
124099,Yes
124100,No
124101,Yes
124102,Yes
124103,Yes
124104,Yes
124105,Yes
124106,Yes
124107,Yes
124108,No
124109,Yes
124110,Yes
124111,Yes
124112,Yes
124113,Yes
124114,Yes
124115,No
124116,No
124117,Yes
124118,Yes
124119,No
124120,Yes
124121,Yes
124122,Yes
124123,Yes
124124,No
124125,No
124126,Yes
124127,Yes
124128,Yes
124129,No
124130,Yes
124131,Yes
124132,Yes
124133,Yes
124134,Yes
124135,Yes
124136,Yes
124137,Yes
124138,No
124139,Yes
124140,No
124141,No
124142,No
124143,No
124144,Yes
124145,Yes
124146,Yes
124147,Yes
124148,Yes
124149,No
124150,Yes
124151,Yes
124152,Yes
124153,Yes
124154,Yes
124155,No
124156,Yes
124157,Yes
124158,Yes
124159,No
124160,Yes
124161,No
124162,No
124163,Yes
124164,No
124165,No
124166,Yes
124167,Yes
124168,No
124169,Yes
124170,Yes
124171,Yes
124172,Yes
124173,No
124174,Yes
124175,Yes
124176,Yes
124177,No
124178,No
124179,No
124180,Yes
124181,No
124182,Yes
124183,Yes
124184,Yes
124185,Yes
124186,Yes
124187,No
124188,Yes
124189,Yes
124190,No
124191,No
124192,No
124193,No
124194,Yes
124195,Yes
124196,No
124197,No
124198,Yes
124199,Yes
124200,Yes
124201,Yes
124202,Yes
124203,No
124204,No
124205,Yes
124206,No
124207,Yes
124208,No
124209,Yes
124210,Yes
124211,Yes
124212,Yes
124213,Yes
124214,Yes
124215,Yes
124216,Yes
124217,Yes
124218,Yes
124219,Yes
124220,No
124221,Yes
124222,Yes
124223,No
124224,Yes
124225,No
124226,Yes
124227,Yes
124228,No
124229,Yes
124230,Yes
124231,Yes
124232,Yes
124233,Yes
124234,Yes
124235,Yes
124236,Yes
124237,No
124238,No
124239,Yes
124240,No
124241,No
124242,Yes
124243,No
124244,No
124245,Yes
124246,No
124247,No
124248,Yes
124249,Yes
124250,Yes
124251,Yes
124252,Yes
124253,No
124254,Yes
124255,Yes
124256,Yes
124257,No
124258,No
124259,Yes
124260,Yes
124261,Yes
124262,Yes
124263,Yes
124264,Yes
124265,No
124266,Yes
124267,No
124268,Yes
124269,No
124270,Yes
124271,Yes
124272,Yes
124273,No
124274,Yes
124275,No
124276,Yes
124277,Yes
124278,Yes
124279,No
124280,Yes
124281,Yes
124282,Yes
124283,Yes
124284,Yes
124285,No
124286,Yes
124287,Yes
124288,Yes
124289,Yes
124290,No
124291,Yes
124292,No
124293,Yes
124294,Yes
124295,Yes
124296,No
124297,No
124298,Yes
124299,Yes
124300,Yes
124301,No
124302,Yes
124303,Yes
124304,Yes
124305,Yes
124306,Yes
124307,Yes
124308,Yes
124309,Yes
124310,Yes
124311,Yes
124312,No
124313,Yes
124314,No
124315,Yes
124316,No
124317,No
124318,No
124319,No
124320,Yes
124321,No
124322,Yes
124323,Yes
124324,Yes
124325,Yes
124326,Yes
124327,Yes
124328,Yes
124329,Yes
124330,Yes
124331,Yes
124332,Yes
124333,Yes
124334,No
124335,No
124336,Yes
124337,No
124338,Yes
124339,Yes
124340,Yes
124341,No
124342,Yes
124343,Yes
124344,No
124345,Yes
124346,Yes
124347,Yes
124348,Yes
124349,No
124350,No
124351,No
124352,Yes
124353,Yes
124354,Yes
124355,Yes
124356,Yes
124357,No
124358,Yes
124359,Yes
124360,No
124361,No
124362,No
124363,Yes
124364,No
124365,Yes
124366,Yes
124367,Yes
124368,Yes
124369,No
124370,Yes
124371,Yes
124372,Yes
124373,Yes
124374,Yes
124375,No
124376,Yes
124377,Yes
124378,No
124379,Yes
124380,No
124381,No
124382,Yes
124383,Yes
124384,Yes
124385,No
124386,No
124387,No
124388,No
124389,No
124390,Yes
124391,Yes
124392,Yes
124393,Yes
124394,No
124395,No
124396,No
124397,No
124398,Yes
124399,No
124400,No
124401,Yes
124402,Yes
124403,Yes
124404,No
124405,Yes
124406,Yes
124407,Yes
124408,Yes
124409,No
124410,Yes
124411,No
124412,No
124413,No
124414,Yes
124415,No
124416,No
124417,Yes
124418,Yes
124419,Yes
124420,No
124421,Yes
124422,No
124423,Yes
124424,No
124425,No
124426,Yes
124427,No
124428,Yes
124429,Yes
124430,Yes
124431,Yes
124432,Yes
124433,No
124434,Yes
124435,Yes
124436,Yes
124437,No
124438,No
124439,No
124440,No
124441,Yes
124442,Yes
124443,Yes
124444,No
124445,Yes
124446,Yes
124447,No
124448,No
124449,Yes
124450,Yes
124451,Yes
124452,No
124453,Yes
124454,Yes
124455,Yes
124456,Yes
124457,Yes
124458,Yes
124459,No
124460,Yes
124461,Yes
124462,Yes
124463,No
124464,Yes
124465,Yes
124466,Yes
124467,No
124468,Yes
124469,No
124470,Yes
124471,Yes
124472,Yes
124473,No
124474,No
124475,No
124476,Yes
124477,Yes
124478,No
124479,Yes
124480,Yes
124481,Yes
124482,No
124483,No
124484,No
124485,No
124486,Yes
124487,No
124488,No
124489,No
124490,No
124491,Yes
124492,Yes
124493,No
124494,Yes
124495,No
124496,No
124497,Yes
124498,Yes
124499,Yes
124500,Yes
124501,Yes
124502,No
124503,Yes
124504,Yes
124505,No
124506,No
124507,Yes
124508,No
124509,Yes
124510,Yes
124511,Yes
124512,No
124513,Yes
124514,Yes
124515,No
124516,Yes
124517,Yes
124518,Yes
124519,Yes
124520,Yes
124521,No
124522,No
124523,No
124524,Yes
124525,Yes
124526,Yes
124527,No
124528,Yes
124529,Yes
124530,Yes
124531,Yes
124532,No
124533,Yes
124534,Yes
124535,No
124536,Yes
124537,Yes
124538,No
124539,No
124540,Yes
124541,No
124542,Yes
124543,Yes
124544,No
124545,Yes
124546,No
124547,Yes
124548,Yes
124549,Yes
124550,Yes
124551,Yes
124552,Yes
124553,No
124554,Yes
124555,Yes
124556,Yes
124557,Yes
124558,No
124559,Yes
124560,No
124561,Yes
124562,Yes
124563,Yes
124564,Yes
124565,No
124566,No
124567,Yes
124568,Yes
124569,Yes
124570,No
124571,Yes
124572,Yes
124573,Yes
124574,Yes
124575,No
124576,No
124577,No
124578,No
124579,Yes
124580,No
124581,Yes
124582,Yes
124583,Yes
124584,Yes
124585,Yes
124586,Yes
124587,No
124588,Yes
124589,Yes
124590,Yes
124591,Yes
124592,Yes
124593,No
124594,No
124595,Yes
124596,Yes
124597,No
124598,Yes
124599,Yes
124600,No
124601,No
124602,No
124603,No
124604,Yes
124605,Yes
124606,Yes
124607,Yes
124608,Yes
124609,Yes
124610,Yes
124611,Yes
124612,Yes
124613,Yes
124614,No
124615,No
124616,Yes
124617,No
124618,No
124619,No
124620,Yes
124621,Yes
124622,Yes
124623,Yes
124624,No
124625,No
124626,Yes
124627,Yes
124628,Yes
124629,Yes
124630,No
124631,No
124632,Yes
124633,No
124634,Yes
124635,Yes
124636,Yes
124637,No
124638,No
124639,Yes
124640,Yes
124641,No
124642,Yes
124643,Yes
124644,Yes
124645,Yes
124646,Yes
124647,Yes
124648,Yes
124649,Yes
124650,Yes
124651,Yes
124652,Yes
124653,Yes
124654,Yes
124655,No
124656,Yes
124657,Yes
124658,No
124659,Yes
124660,No
124661,Yes
124662,No
124663,Yes
124664,No
124665,No
124666,Yes
124667,No
124668,Yes
124669,Yes
124670,Yes
124671,Yes
124672,Yes
124673,Yes
124674,Yes
124675,Yes
124676,No
124677,Yes
124678,Yes
124679,No
124680,Yes
124681,No
124682,Yes
124683,No
124684,Yes
124685,Yes
124686,Yes
124687,No
124688,Yes
124689,No
124690,No
124691,No
124692,Yes
124693,No
124694,No
124695,No
124696,Yes
124697,Yes
124698,No
124699,Yes
124700,No
124701,Yes
124702,Yes
124703,No
124704,Yes
124705,No
124706,Yes
124707,Yes
124708,No
124709,No
124710,No
124711,No
124712,Yes
124713,No
124714,Yes
124715,Yes
124716,Yes
124717,Yes
124718,Yes
124719,No
124720,Yes
124721,Yes
124722,No
124723,Yes
124724,Yes
124725,No
124726,Yes
124727,No
124728,No
124729,Yes
124730,Yes
124731,Yes
124732,Yes
124733,Yes
124734,Yes
124735,No
124736,Yes
124737,Yes
124738,Yes
124739,No
124740,Yes
124741,Yes
124742,Yes
124743,Yes
124744,Yes
124745,Yes
124746,Yes
124747,No
124748,Yes
124749,No
124750,Yes
124751,Yes
124752,Yes
124753,No
124754,Yes
124755,Yes
124756,Yes
124757,No
124758,Yes
124759,Yes
124760,No
124761,Yes
124762,No
124763,No
124764,Yes
124765,Yes
124766,Yes
124767,Yes
124768,Yes
124769,Yes
124770,Yes
124771,Yes
124772,Yes
124773,Yes
124774,Yes
124775,Yes
124776,Yes
124777,No
124778,No
124779,Yes
124780,Yes
124781,Yes
124782,Yes
124783,Yes
124784,Yes
124785,Yes
124786,Yes
124787,Yes
124788,Yes
124789,Yes
124790,No
124791,Yes
124792,Yes
124793,No
124794,Yes
124795,Yes
124796,Yes
124797,No
124798,No
124799,Yes
124800,No
124801,No
124802,Yes
124803,Yes
124804,Yes
124805,Yes
124806,No
124807,Yes
124808,No
124809,Yes
124810,Yes
124811,No
124812,Yes
124813,Yes
124814,No
124815,No
124816,Yes
124817,Yes
124818,Yes
124819,Yes
124820,Yes
124821,No
124822,Yes
124823,Yes
124824,Yes
124825,Yes
124826,No
124827,Yes
124828,Yes
124829,Yes
124830,No
124831,No
124832,No
124833,No
124834,No
124835,No
124836,No
124837,Yes
124838,Yes
124839,Yes
124840,Yes
124841,Yes
124842,No
124843,Yes
124844,Yes
124845,Yes
124846,Yes
124847,Yes
124848,Yes
124849,Yes
124850,Yes
124851,Yes
124852,No
124853,Yes
124854,Yes
124855,Yes
124856,Yes
124857,Yes
124858,No
124859,Yes
124860,No
124861,Yes
124862,No
124863,Yes
124864,No
124865,No
124866,Yes
124867,Yes
124868,Yes
124869,Yes
124870,Yes
124871,Yes
124872,Yes
124873,Yes
124874,No
124875,No
124876,No
124877,Yes
124878,Yes
124879,No
124880,No
124881,No
124882,Yes
124883,Yes
124884,No
124885,Yes
124886,Yes
124887,Yes
124888,No
124889,Yes
124890,Yes
124891,Yes
124892,Yes
124893,No
124894,Yes
124895,No
124896,Yes
124897,Yes
124898,Yes
124899,No
124900,Yes
124901,Yes
124902,Yes
124903,Yes
124904,Yes
124905,No
124906,Yes
124907,Yes
124908,Yes
124909,No
124910,Yes
124911,Yes
124912,Yes
124913,Yes
124914,Yes
124915,No
124916,Yes
124917,Yes
124918,No
124919,No
124920,Yes
124921,Yes
124922,Yes
124923,Yes
124924,No
124925,Yes
124926,Yes
124927,No
124928,Yes
124929,No
124930,No
124931,No
124932,Yes
124933,Yes
124934,No
124935,Yes
124936,Yes
124937,Yes
124938,Yes
124939,Yes
124940,Yes
124941,Yes
124942,No
124943,No
124944,Yes
124945,Yes
124946,Yes
124947,Yes
124948,Yes
124949,No
124950,No
124951,Yes
124952,No
124953,No
124954,Yes
124955,Yes
124956,Yes
124957,Yes
124958,No
124959,No
124960,Yes
124961,Yes
124962,Yes
124963,Yes
124964,Yes
124965,No
124966,Yes
124967,Yes
124968,Yes
124969,Yes
124970,Yes
124971,No
124972,No
124973,Yes
124974,Yes
124975,Yes
124976,No
124977,Yes
124978,Yes
124979,Yes
124980,Yes
124981,No
124982,Yes
124983,No
124984,No
124985,Yes
124986,Yes
124987,Yes
124988,Yes
124989,Yes
124990,Yes
124991,Yes
124992,Yes
124993,Yes
124994,Yes
124995,No
124996,No
124997,Yes
124998,No
124999,Yes
125000,Yes
125001,No
125002,No
125003,Yes
125004,Yes
125005,No
125006,No
125007,No
125008,Yes
125009,Yes
125010,Yes
125011,Yes
125012,Yes
125013,Yes
125014,Yes
125015,Yes
125016,No
125017,Yes
125018,Yes
125019,Yes
125020,No
125021,Yes
125022,Yes
125023,No
125024,Yes
125025,Yes
125026,Yes
125027,No
125028,Yes
125029,Yes
125030,Yes
125031,Yes
125032,No
125033,Yes
125034,Yes
125035,No
125036,No
125037,Yes
125038,Yes
125039,Yes
125040,Yes
125041,Yes
125042,Yes
125043,Yes
125044,No
125045,No
125046,Yes
125047,Yes
125048,Yes
125049,Yes
125050,Yes
125051,No
125052,Yes
125053,Yes
125054,Yes
125055,Yes
125056,Yes
125057,Yes
125058,No
125059,Yes
125060,No
125061,Yes
125062,Yes
125063,No
125064,Yes
125065,No
125066,Yes
125067,No
125068,Yes
125069,Yes
125070,Yes
125071,Yes
125072,Yes
125073,Yes
125074,No
125075,Yes
125076,Yes
125077,Yes
125078,Yes
125079,Yes
125080,Yes
125081,No
125082,Yes
125083,Yes
125084,Yes
125085,No
125086,Yes
125087,Yes
125088,Yes
125089,No
125090,Yes
125091,No
125092,Yes
125093,No
125094,Yes
125095,Yes
125096,Yes
125097,Yes
125098,No
125099,No
125100,No
125101,No
125102,Yes
125103,Yes
125104,Yes
125105,Yes
125106,Yes
125107,No
125108,Yes
125109,No
125110,Yes
125111,Yes
125112,Yes
125113,Yes
125114,Yes
125115,No
125116,Yes
125117,Yes
125118,Yes
125119,Yes
125120,No
125121,Yes
125122,No
125123,Yes
125124,No
125125,Yes
125126,Yes
125127,Yes
125128,Yes
125129,No
125130,No
125131,Yes
125132,Yes
125133,No
125134,No
125135,Yes
125136,No
125137,No
125138,No
125139,Yes
125140,No
125141,Yes
125142,No
125143,No
125144,No
125145,Yes
125146,Yes
125147,Yes
125148,No
125149,No
125150,No
125151,Yes
125152,Yes
125153,Yes
125154,No
125155,Yes
125156,Yes
125157,Yes
125158,Yes
125159,No
125160,Yes
125161,No
125162,Yes
125163,Yes
125164,No
125165,No
125166,Yes
125167,Yes
125168,Yes
125169,No
125170,No
125171,Yes
125172,Yes
125173,Yes
125174,Yes
125175,Yes
125176,Yes
125177,No
125178,Yes
125179,No
125180,Yes
125181,No
125182,Yes
125183,No
125184,Yes
125185,Yes
125186,No
125187,No
125188,No
125189,No
125190,No
125191,Yes
125192,Yes
125193,No
125194,Yes
125195,No
125196,No
125197,No
125198,Yes
125199,No
125200,No
125201,Yes
125202,No
125203,Yes
125204,Yes
125205,No
125206,Yes
125207,Yes
125208,No
125209,No
125210,No
125211,Yes
125212,No
125213,Yes
125214,No
125215,Yes
125216,No
125217,Yes
125218,Yes
125219,Yes
125220,Yes
125221,No
125222,No
125223,Yes
125224,No
125225,No
125226,No
125227,No
125228,Yes
125229,Yes
125230,No
125231,Yes
125232,No
125233,Yes
125234,Yes
125235,Yes
125236,Yes
125237,Yes
125238,Yes
125239,Yes
125240,Yes
125241,Yes
125242,Yes
125243,Yes
125244,Yes
125245,Yes
125246,Yes
125247,No
125248,Yes
125249,Yes
125250,Yes
125251,No
125252,No
125253,Yes
125254,No
125255,Yes
125256,No
125257,Yes
125258,No
125259,Yes
125260,Yes
125261,Yes
125262,No
125263,Yes
125264,Yes
125265,No
125266,Yes
125267,Yes
125268,Yes
125269,Yes
125270,No
125271,Yes
125272,Yes
125273,No
125274,Yes
125275,Yes
125276,No
125277,No
125278,No
125279,Yes
125280,No
125281,No
125282,Yes
125283,Yes
125284,Yes
125285,No
125286,Yes
125287,Yes
125288,Yes
125289,No
125290,Yes
125291,Yes
125292,No
125293,No
125294,Yes
125295,Yes
125296,No
125297,Yes
125298,Yes
125299,No
125300,No
125301,No
125302,Yes
125303,No
125304,Yes
125305,Yes
125306,Yes
125307,No
125308,Yes
125309,No
125310,No
125311,No
125312,No
125313,Yes
125314,No
125315,Yes
125316,No
125317,Yes
125318,Yes
125319,Yes
125320,Yes
125321,Yes
125322,Yes
125323,Yes
125324,Yes
125325,Yes
125326,Yes
125327,No
125328,Yes
125329,Yes
125330,No
125331,Yes
125332,Yes
125333,No
125334,No
125335,Yes
125336,Yes
125337,No
125338,Yes
125339,No
125340,No
125341,No
125342,Yes
125343,Yes
125344,No
125345,Yes
125346,Yes
125347,Yes
125348,Yes
125349,No
125350,Yes
125351,Yes
125352,No
125353,Yes
125354,Yes
125355,No
125356,No
125357,No
125358,Yes
125359,Yes
125360,Yes
125361,Yes
125362,Yes
125363,No
125364,Yes
125365,Yes
125366,Yes
125367,Yes
125368,Yes
125369,Yes
125370,No
125371,Yes
125372,Yes
125373,No
125374,Yes
125375,Yes
125376,Yes
125377,Yes
125378,No
125379,Yes
125380,No
125381,No
125382,Yes
125383,Yes
125384,Yes
125385,Yes
125386,No
125387,Yes
125388,Yes
125389,Yes
125390,No
125391,Yes
125392,Yes
125393,No
125394,Yes
125395,Yes
125396,Yes
125397,No
125398,No
125399,Yes
125400,Yes
125401,No
125402,Yes
125403,Yes
125404,Yes
125405,Yes
125406,Yes
125407,Yes
125408,Yes
125409,Yes
125410,Yes
125411,No
125412,Yes
125413,Yes
125414,Yes
125415,Yes
125416,No
125417,Yes
125418,Yes
125419,Yes
125420,Yes
125421,Yes
125422,Yes
125423,Yes
125424,No
125425,No
125426,No
125427,Yes
125428,Yes
125429,Yes
125430,Yes
125431,Yes
125432,Yes
125433,No
125434,Yes
125435,Yes
125436,Yes
125437,Yes
125438,Yes
125439,Yes
125440,Yes
125441,No
125442,Yes
125443,No
125444,No
125445,No
125446,Yes
125447,No
125448,Yes
125449,No
125450,No
125451,Yes
125452,Yes
125453,Yes
125454,Yes
125455,Yes
125456,Yes
125457,Yes
125458,Yes
125459,Yes
125460,No
125461,Yes
125462,No
125463,Yes
125464,Yes
125465,Yes
125466,Yes
125467,No
125468,Yes
125469,No
125470,Yes
125471,Yes
125472,Yes
125473,Yes
125474,No
125475,Yes
125476,Yes
125477,No
125478,Yes
125479,Yes
125480,No
125481,Yes
125482,Yes
125483,Yes
125484,Yes
125485,Yes
125486,Yes
125487,Yes
125488,Yes
125489,Yes
125490,Yes
125491,No
125492,No
125493,Yes
125494,No
125495,Yes
125496,Yes
125497,Yes
125498,Yes
125499,Yes
125500,No
125501,Yes
125502,No
125503,Yes
125504,Yes
125505,Yes
125506,Yes
125507,No
125508,No
125509,Yes
125510,Yes
125511,Yes
125512,Yes
125513,No
125514,Yes
125515,Yes
125516,Yes
125517,No
125518,Yes
125519,Yes
125520,No
125521,Yes
125522,Yes
125523,Yes
125524,No
125525,Yes
125526,Yes
125527,Yes
125528,No
125529,Yes
125530,Yes
125531,Yes
125532,Yes
125533,Yes
125534,No
125535,Yes
125536,Yes
125537,Yes
125538,No
125539,Yes
125540,Yes
125541,Yes
125542,No
125543,Yes
125544,Yes
125545,No
125546,No
125547,No
125548,Yes
125549,No
125550,Yes
125551,Yes
125552,Yes
125553,No
125554,Yes
125555,Yes
125556,Yes
125557,Yes
125558,No
125559,Yes
125560,Yes
125561,Yes
125562,No
125563,Yes
125564,No
125565,No
125566,Yes
125567,Yes
125568,Yes
125569,Yes
125570,Yes
125571,Yes
125572,No
125573,Yes
125574,Yes
125575,Yes
125576,Yes
125577,No
125578,Yes
125579,No
125580,No
125581,Yes
125582,Yes
125583,Yes
125584,No
125585,Yes
125586,Yes
125587,Yes
125588,Yes
125589,No
125590,No
125591,No
125592,Yes
125593,Yes
125594,Yes
125595,Yes
125596,Yes
125597,No
125598,No
125599,Yes
125600,Yes
125601,Yes
125602,Yes
125603,Yes
125604,No
125605,Yes
125606,Yes
125607,Yes
125608,No
125609,Yes
125610,Yes
125611,Yes
125612,Yes
125613,Yes
125614,Yes
125615,Yes
125616,Yes
125617,Yes
125618,Yes
125619,Yes
125620,Yes
125621,Yes
125622,Yes
125623,Yes
125624,No
125625,Yes
125626,No
125627,Yes
125628,No
125629,Yes
125630,Yes
125631,Yes
125632,No
125633,Yes
125634,No
125635,Yes
125636,No
125637,Yes
125638,Yes
125639,Yes
125640,Yes
125641,No
125642,Yes
125643,Yes
125644,Yes
125645,Yes
125646,Yes
125647,Yes
125648,Yes
125649,No
125650,No
125651,Yes
125652,Yes
125653,Yes
125654,Yes
125655,Yes
125656,No
125657,Yes
125658,Yes
125659,Yes
125660,Yes
125661,Yes
125662,Yes
125663,No
125664,Yes
125665,No
125666,Yes
125667,No
125668,Yes
125669,Yes
125670,Yes
125671,Yes
125672,Yes
125673,Yes
125674,No
125675,Yes
125676,No
125677,No
125678,Yes
125679,Yes
125680,No
125681,Yes
125682,Yes
125683,Yes
125684,Yes
125685,Yes
125686,Yes
125687,Yes
125688,No
125689,Yes
125690,No
125691,Yes
125692,Yes
125693,Yes
125694,Yes
125695,No
125696,Yes
125697,Yes
125698,Yes
125699,Yes
125700,Yes
125701,Yes
125702,Yes
125703,No
125704,Yes
125705,No
125706,Yes
125707,No
125708,Yes
125709,No
125710,Yes
125711,Yes
125712,Yes
125713,Yes
125714,Yes
125715,Yes
125716,No
125717,Yes
125718,Yes
125719,Yes
125720,No
125721,Yes
125722,Yes
125723,Yes
125724,Yes
125725,No
125726,Yes
125727,No
125728,No
125729,Yes
125730,Yes
125731,Yes
125732,Yes
125733,No
125734,No
125735,No
125736,No
125737,Yes
125738,Yes
125739,No
125740,No
125741,Yes
125742,No
125743,No
125744,Yes
125745,Yes
125746,Yes
125747,No
125748,Yes
125749,Yes
125750,Yes
125751,No
125752,Yes
125753,No
125754,No
125755,Yes
125756,Yes
125757,Yes
125758,Yes
125759,Yes
125760,No
125761,No
125762,Yes
125763,Yes
125764,No
125765,Yes
125766,Yes
125767,No
125768,Yes
125769,Yes
125770,Yes
125771,Yes
125772,No
125773,Yes
125774,No
125775,Yes
125776,Yes
125777,Yes
125778,Yes
125779,No
125780,No
125781,Yes
125782,Yes
125783,No
125784,No
125785,Yes
125786,Yes
125787,Yes
125788,No
125789,No
125790,No
125791,No
125792,Yes
125793,Yes
125794,Yes
125795,Yes
125796,Yes
125797,No
125798,No
125799,No
125800,No
125801,No
125802,Yes
125803,No
125804,No
125805,Yes
125806,Yes
125807,Yes
125808,Yes
125809,No
125810,Yes
125811,Yes
125812,Yes
125813,No
125814,Yes
125815,No
125816,No
125817,Yes
125818,Yes
125819,Yes
125820,Yes
125821,Yes
125822,No
125823,Yes
125824,Yes
125825,Yes
125826,No
125827,Yes
125828,Yes
125829,Yes
125830,No
125831,Yes
125832,No
125833,Yes
125834,Yes
125835,Yes
125836,No
125837,Yes
125838,Yes
125839,No
125840,Yes
125841,Yes
125842,Yes
125843,No
125844,Yes
125845,Yes
125846,Yes
125847,Yes
125848,Yes
125849,No
125850,Yes
125851,Yes
125852,Yes
125853,Yes
125854,Yes
125855,Yes
125856,No
125857,Yes
125858,No
125859,Yes
125860,Yes
125861,Yes
125862,Yes
125863,No
125864,Yes
125865,No
125866,No
125867,Yes
125868,No
125869,No
125870,Yes
125871,Yes
125872,Yes
125873,Yes
125874,Yes
125875,Yes
125876,Yes
125877,Yes
125878,No
125879,No
125880,No
125881,No
125882,No
125883,Yes
125884,Yes
125885,Yes
125886,Yes
125887,No
125888,Yes
125889,Yes
125890,Yes
125891,Yes
125892,Yes
125893,No
125894,Yes
125895,No
125896,No
125897,No
125898,No
125899,Yes
125900,Yes
125901,Yes
125902,No
125903,Yes
125904,Yes
125905,Yes
125906,Yes
125907,Yes
125908,Yes
125909,Yes
125910,Yes
125911,Yes
125912,Yes
125913,Yes
125914,Yes
125915,Yes
125916,Yes
125917,No
125918,Yes
125919,Yes
125920,Yes
125921,Yes
125922,No
125923,Yes
125924,Yes
125925,Yes
125926,No
125927,Yes
125928,Yes
125929,Yes
125930,Yes
125931,Yes
125932,Yes
125933,No
125934,Yes
125935,Yes
125936,Yes
125937,No
125938,No
125939,Yes
125940,No
125941,No
125942,Yes
125943,No
125944,Yes
125945,No
125946,Yes
125947,Yes
125948,No
125949,Yes
125950,Yes
125951,Yes
125952,No
125953,No
125954,No
125955,Yes
125956,Yes
125957,Yes
125958,No
125959,Yes
125960,Yes
125961,No
125962,Yes
125963,No
125964,No
125965,Yes
125966,Yes
125967,Yes
125968,Yes
125969,Yes
125970,Yes
125971,No
125972,Yes
125973,Yes
125974,No
125975,No
125976,Yes
125977,Yes
125978,Yes
125979,Yes
125980,No
125981,No
125982,Yes
125983,No
125984,Yes
125985,Yes
125986,Yes
125987,Yes
125988,No
125989,No
125990,Yes
125991,Yes
125992,No
125993,Yes
125994,Yes
125995,No
125996,No
125997,Yes
125998,Yes
125999,Yes
126000,Yes
126001,No
126002,Yes
126003,Yes
126004,Yes
126005,Yes
126006,No
126007,Yes
126008,Yes
126009,Yes
126010,No
126011,Yes
126012,No
126013,Yes
126014,Yes
126015,Yes
126016,No
126017,Yes
126018,No
126019,Yes
126020,Yes
126021,Yes
126022,No
126023,No
126024,Yes
126025,Yes
126026,Yes
126027,No
126028,Yes
126029,No
126030,No
126031,No
126032,No
126033,Yes
126034,Yes
126035,Yes
126036,No
126037,No
126038,Yes
126039,No
126040,Yes
126041,Yes
126042,Yes
126043,Yes
126044,No
126045,Yes
126046,No
126047,No
126048,Yes
126049,Yes
126050,Yes
126051,Yes
126052,Yes
126053,No
126054,Yes
126055,Yes
126056,No
126057,Yes
126058,Yes
126059,Yes
126060,Yes
126061,Yes
126062,Yes
126063,No
126064,No
126065,Yes
126066,No
126067,Yes
126068,Yes
126069,No
126070,Yes
126071,Yes
126072,Yes
126073,No
126074,Yes
126075,Yes
126076,Yes
126077,Yes
126078,Yes
126079,No
126080,Yes
126081,Yes
126082,Yes
126083,Yes
126084,Yes
126085,Yes
126086,Yes
126087,Yes
126088,Yes
126089,No
126090,No
126091,Yes
126092,Yes
126093,Yes
126094,Yes
126095,Yes
126096,No
126097,Yes
126098,Yes
126099,No
126100,Yes
126101,Yes
126102,No
126103,Yes
126104,No
126105,Yes
126106,No
126107,No
126108,Yes
126109,Yes
126110,No
126111,Yes
126112,No
126113,Yes
126114,Yes
126115,Yes
126116,No
126117,No
126118,No
126119,Yes
126120,Yes
126121,No
126122,No
126123,No
126124,Yes
126125,Yes
126126,Yes
126127,Yes
126128,Yes
126129,No
126130,Yes
126131,Yes
126132,Yes
126133,No
126134,No
126135,Yes
126136,No
126137,Yes
126138,No
126139,Yes
126140,Yes
126141,Yes
126142,Yes
126143,No
126144,Yes
126145,No
126146,Yes
126147,Yes
126148,Yes
126149,Yes
126150,Yes
126151,No
126152,No
126153,No
126154,No
126155,Yes
126156,No
126157,Yes
126158,Yes
126159,Yes
126160,Yes
126161,Yes
126162,No
126163,Yes
126164,Yes
126165,Yes
126166,No
126167,Yes
126168,No
126169,Yes
126170,Yes
126171,Yes
126172,Yes
126173,Yes
126174,No
126175,Yes
126176,Yes
126177,No
126178,Yes
126179,Yes
126180,Yes
126181,No
126182,Yes
126183,Yes
126184,Yes
126185,Yes
126186,Yes
126187,No
126188,No
126189,No
126190,Yes
126191,Yes
126192,Yes
126193,No
126194,Yes
126195,Yes
126196,Yes
126197,Yes
126198,Yes
126199,Yes
126200,Yes
126201,Yes
126202,Yes
126203,No
126204,Yes
126205,Yes
126206,No
126207,Yes
126208,Yes
126209,No
126210,Yes
126211,Yes
126212,Yes
126213,No
126214,No
126215,Yes
126216,Yes
126217,Yes
126218,Yes
126219,Yes
126220,No
126221,Yes
126222,No
126223,No
126224,Yes
126225,Yes
126226,Yes
126227,Yes
126228,Yes
126229,No
126230,Yes
126231,No
126232,Yes
126233,Yes
126234,No
126235,No
126236,Yes
126237,Yes
126238,No
126239,Yes
126240,Yes
126241,Yes
126242,Yes
126243,Yes
126244,Yes
126245,No
126246,No
126247,No
126248,Yes
126249,No
126250,Yes
126251,Yes
126252,No
126253,Yes
126254,Yes
126255,No
126256,Yes
126257,Yes
126258,Yes
126259,Yes
126260,No
126261,Yes
126262,No
126263,Yes
126264,No
126265,Yes
126266,Yes
126267,Yes
126268,Yes
126269,No
126270,Yes
126271,Yes
126272,Yes
126273,Yes
126274,Yes
126275,Yes
126276,Yes
126277,Yes
126278,Yes
126279,Yes
126280,No
126281,Yes
126282,No
126283,Yes
126284,Yes
126285,No
126286,No
126287,Yes
126288,Yes
126289,Yes
126290,Yes
126291,Yes
126292,Yes
126293,Yes
126294,Yes
126295,Yes
126296,Yes
126297,No
126298,Yes
126299,Yes
126300,No
126301,No
126302,No
126303,Yes
126304,No
126305,No
126306,Yes
126307,No
126308,Yes
126309,Yes
126310,No
126311,No
126312,No
126313,Yes
126314,Yes
126315,Yes
126316,No
126317,Yes
126318,Yes
126319,Yes
126320,Yes
126321,No
126322,No
126323,Yes
126324,Yes
126325,Yes
126326,No
126327,Yes
126328,Yes
126329,No
126330,No
126331,No
126332,Yes
126333,Yes
126334,Yes
126335,Yes
126336,No
126337,Yes
126338,No
126339,Yes
126340,Yes
126341,Yes
126342,Yes
126343,No
126344,Yes
126345,Yes
126346,Yes
126347,No
126348,No
126349,Yes
126350,Yes
126351,Yes
126352,Yes
126353,Yes
126354,No
126355,Yes
126356,No
126357,Yes
126358,Yes
126359,Yes
126360,Yes
126361,No
126362,Yes
126363,Yes
126364,Yes
126365,Yes
126366,Yes
126367,Yes
126368,Yes
126369,Yes
126370,No
126371,No
126372,Yes
126373,No
126374,Yes
126375,Yes
126376,Yes
126377,No
126378,Yes
126379,No
126380,Yes
126381,No
126382,Yes
126383,Yes
126384,Yes
126385,Yes
126386,No
126387,No
126388,No
126389,Yes
126390,Yes
126391,Yes
126392,Yes
126393,Yes
126394,Yes
126395,No
126396,Yes
126397,No
126398,No
126399,No
126400,Yes
126401,Yes
126402,Yes
126403,Yes
126404,Yes
126405,No
126406,No
126407,Yes
126408,Yes
126409,Yes
126410,Yes
126411,No
126412,Yes
126413,Yes
126414,Yes
126415,Yes
126416,Yes
126417,Yes
126418,Yes
126419,Yes
126420,Yes
126421,Yes
126422,No
126423,Yes
126424,Yes
126425,No
126426,Yes
126427,No
126428,No
126429,No
126430,Yes
126431,No
126432,No
126433,Yes
126434,No
126435,No
126436,Yes
126437,Yes
126438,No
126439,Yes
126440,No
126441,Yes
126442,Yes
126443,Yes
126444,No
126445,Yes
126446,Yes
126447,Yes
126448,Yes
126449,Yes
126450,Yes
126451,Yes
126452,Yes
126453,No
126454,Yes
126455,Yes
126456,Yes
126457,Yes
126458,Yes
126459,No
126460,Yes
126461,Yes
126462,Yes
126463,Yes
126464,Yes
126465,Yes
126466,No
126467,Yes
126468,Yes
126469,Yes
126470,Yes
126471,No
126472,Yes
126473,Yes
126474,Yes
126475,Yes
126476,Yes
126477,No
126478,No
126479,No
126480,Yes
126481,Yes
126482,No
126483,Yes
126484,Yes
126485,Yes
126486,No
126487,No
126488,Yes
126489,No
126490,Yes
126491,Yes
126492,Yes
126493,Yes
126494,No
126495,Yes
126496,Yes
126497,Yes
126498,No
126499,No
126500,Yes
126501,Yes
126502,Yes
126503,Yes
126504,Yes
126505,No
126506,No
126507,Yes
126508,Yes
126509,Yes
126510,No
126511,Yes
126512,Yes
126513,Yes
126514,Yes
126515,No
126516,No
126517,Yes
126518,Yes
126519,No
126520,Yes
126521,Yes
126522,No
126523,Yes
126524,No
126525,No
126526,Yes
126527,Yes
126528,Yes
126529,Yes
126530,No
126531,No
126532,Yes
126533,Yes
126534,Yes
126535,No
126536,No
126537,No
126538,Yes
126539,No
126540,Yes
126541,Yes
126542,No
126543,Yes
126544,No
126545,Yes
126546,Yes
126547,Yes
126548,Yes
126549,No
126550,No
126551,Yes
126552,No
126553,Yes
126554,No
126555,Yes
126556,Yes
126557,Yes
126558,Yes
126559,No
126560,Yes
126561,Yes
126562,No
126563,Yes
126564,Yes
126565,Yes
126566,Yes
126567,No
126568,Yes
126569,Yes
126570,Yes
126571,No
126572,No
126573,No
126574,Yes
126575,Yes
126576,No
126577,No
126578,No
126579,Yes
126580,No
126581,No
126582,Yes
126583,Yes
126584,Yes
126585,Yes
126586,Yes
126587,Yes
126588,No
126589,Yes
126590,Yes
126591,Yes
126592,No
126593,Yes
126594,Yes
126595,Yes
126596,No
126597,Yes
126598,Yes
126599,Yes
126600,Yes
126601,No
126602,Yes
126603,Yes
126604,Yes
126605,No
126606,Yes
126607,Yes
126608,Yes
126609,Yes
126610,Yes
126611,No
126612,No
126613,Yes
126614,Yes
126615,Yes
126616,No
126617,Yes
126618,No
126619,Yes
126620,Yes
126621,Yes
126622,Yes
126623,No
126624,No
126625,Yes
126626,Yes
126627,Yes
126628,Yes
126629,Yes
126630,No
126631,Yes
126632,No
126633,No
126634,Yes
126635,Yes
126636,Yes
126637,No
126638,Yes
126639,Yes
126640,Yes
126641,Yes
126642,Yes
126643,Yes
126644,Yes
126645,Yes
126646,No
126647,No
126648,Yes
126649,Yes
126650,No
126651,Yes
126652,Yes
126653,No
126654,No
126655,Yes
126656,No
126657,No
126658,No
126659,No
126660,Yes
126661,Yes
126662,No
126663,No
126664,No
126665,Yes
126666,Yes
126667,No
126668,Yes
126669,Yes
126670,No
126671,No
126672,No
126673,Yes
126674,Yes
126675,No
126676,No
126677,Yes
126678,Yes
126679,Yes
126680,Yes
126681,Yes
126682,No
126683,Yes
126684,Yes
126685,Yes
126686,Yes
126687,Yes
126688,Yes
126689,No
126690,No
126691,Yes
126692,Yes
126693,Yes
126694,No
126695,Yes
126696,Yes
126697,Yes
126698,Yes
126699,No
126700,Yes
126701,Yes
126702,No
126703,No
126704,Yes
126705,Yes
126706,Yes
126707,Yes
126708,No
126709,No
126710,No
126711,Yes
126712,Yes
126713,Yes
126714,Yes
126715,Yes
126716,No
126717,Yes
126718,Yes
126719,Yes
126720,Yes
126721,No
126722,Yes
126723,Yes
126724,Yes
126725,Yes
126726,Yes
126727,Yes
126728,No
126729,Yes
126730,Yes
126731,Yes
126732,Yes
126733,No
126734,Yes
126735,No
126736,Yes
126737,Yes
126738,No
126739,Yes
126740,Yes
126741,Yes
126742,No
126743,Yes
126744,No
126745,Yes
126746,No
126747,Yes
126748,No
126749,Yes
126750,Yes
126751,Yes
126752,No
126753,Yes
126754,Yes
126755,Yes
126756,Yes
126757,Yes
126758,Yes
126759,Yes
126760,Yes
126761,No
126762,Yes
126763,Yes
126764,Yes
126765,Yes
126766,No
126767,Yes
126768,No
126769,Yes
126770,Yes
126771,No
126772,Yes
126773,Yes
126774,Yes
126775,Yes
126776,Yes
126777,Yes
126778,Yes
126779,No
126780,Yes
126781,Yes
126782,No
126783,Yes
126784,Yes
126785,Yes
126786,No
126787,Yes
126788,Yes
126789,Yes
126790,No
126791,Yes
126792,Yes
126793,Yes
126794,No
126795,Yes
126796,No
126797,No
126798,Yes
126799,No
126800,No
126801,Yes
126802,No
126803,Yes
126804,Yes
126805,Yes
126806,Yes
126807,Yes
126808,No
126809,Yes
126810,Yes
126811,Yes
126812,Yes
126813,Yes
126814,No
126815,Yes
126816,No
126817,Yes
126818,Yes
126819,Yes
126820,Yes
126821,Yes
126822,No
126823,No
126824,No
126825,Yes
126826,Yes
126827,No
126828,Yes
126829,Yes
126830,No
126831,Yes
126832,No
126833,Yes
126834,No
126835,Yes
126836,Yes
126837,No
126838,Yes
126839,No
126840,No
126841,No
126842,Yes
126843,No
126844,No
126845,Yes
126846,Yes
126847,Yes
126848,Yes
126849,No
126850,No
126851,Yes
126852,No
126853,Yes
126854,Yes
126855,No
126856,Yes
126857,Yes
126858,No
126859,Yes
126860,Yes
126861,Yes
126862,Yes
126863,Yes
126864,Yes
126865,Yes
126866,Yes
126867,Yes
126868,Yes
126869,Yes
126870,Yes
126871,Yes
126872,No
126873,No
126874,No
126875,No
126876,Yes
126877,No
126878,Yes
126879,Yes
126880,No
126881,Yes
126882,No
126883,Yes
126884,Yes
126885,No
126886,Yes
126887,Yes
126888,No
126889,Yes
126890,Yes
126891,Yes
126892,Yes
126893,Yes
126894,Yes
126895,Yes
126896,Yes
126897,Yes
126898,No
126899,Yes
126900,Yes
126901,Yes
126902,No
126903,No
126904,Yes
126905,Yes
126906,Yes
126907,Yes
126908,Yes
126909,No
126910,Yes
126911,Yes
126912,No
126913,Yes
126914,Yes
126915,No
126916,No
126917,Yes
126918,Yes
126919,No
126920,Yes
126921,Yes
126922,No
126923,Yes
126924,Yes
126925,No
126926,No
126927,Yes
126928,No
126929,No
126930,Yes
126931,Yes
126932,Yes
126933,No
126934,Yes
126935,No
126936,Yes
126937,Yes
126938,No
126939,Yes
126940,No
126941,Yes
126942,No
126943,Yes
126944,Yes
126945,Yes
126946,No
126947,No
126948,No
126949,Yes
126950,Yes
126951,No
126952,Yes
126953,Yes
126954,Yes
126955,No
126956,Yes
126957,Yes
126958,Yes
126959,Yes
126960,No
126961,Yes
126962,Yes
126963,Yes
126964,No
126965,Yes
126966,Yes
126967,No
126968,Yes
126969,Yes
126970,No
126971,No
126972,Yes
126973,Yes
126974,Yes
126975,Yes
126976,No
126977,Yes
126978,Yes
126979,Yes
126980,Yes
126981,Yes
126982,Yes
126983,No
126984,Yes
126985,Yes
126986,Yes
126987,No
126988,Yes
126989,Yes
126990,Yes
126991,Yes
126992,Yes
126993,No
126994,No
126995,No
126996,Yes
126997,No
126998,Yes
126999,Yes
127000,Yes
127001,No
127002,Yes
127003,Yes
127004,Yes
127005,No
127006,No
127007,No
127008,Yes
127009,No
127010,Yes
127011,Yes
127012,Yes
127013,No
127014,No
127015,Yes
127016,Yes
127017,No
127018,Yes
127019,Yes
127020,No
127021,Yes
127022,Yes
127023,Yes
127024,Yes
127025,Yes
127026,Yes
127027,No
127028,Yes
127029,Yes
127030,No
127031,Yes
127032,Yes
127033,Yes
127034,Yes
127035,No
127036,No
127037,Yes
127038,Yes
127039,No
127040,No
127041,Yes
127042,No
127043,No
127044,Yes
127045,No
127046,Yes
127047,No
127048,Yes
127049,No
127050,No
127051,No
127052,Yes
127053,Yes
127054,Yes
127055,No
127056,No
127057,Yes
127058,Yes
127059,Yes
127060,Yes
127061,Yes
127062,No
127063,No
127064,Yes
127065,Yes
127066,Yes
127067,No
127068,Yes
127069,Yes
127070,Yes
127071,Yes
127072,Yes
127073,Yes
127074,Yes
127075,Yes
127076,Yes
127077,Yes
127078,Yes
127079,No
127080,Yes
127081,Yes
127082,Yes
127083,Yes
127084,Yes
127085,Yes
127086,Yes
127087,No
127088,No
127089,No
127090,No
127091,Yes
127092,Yes
127093,No
127094,Yes
127095,Yes
127096,No
127097,Yes
127098,Yes
127099,No
127100,Yes
127101,Yes
127102,Yes
127103,Yes
127104,Yes
127105,Yes
127106,Yes
127107,Yes
127108,No
127109,Yes
127110,No
127111,Yes
127112,Yes
127113,Yes
127114,No
127115,Yes
127116,Yes
127117,Yes
127118,Yes
127119,No
127120,No
127121,Yes
127122,No
127123,No
127124,Yes
127125,No
127126,Yes
127127,No
127128,Yes
127129,No
127130,Yes
127131,Yes
127132,No
127133,Yes
127134,No
127135,Yes
127136,Yes
127137,No
127138,Yes
127139,Yes
127140,Yes
127141,No
127142,Yes
127143,No
127144,No
127145,No
127146,Yes
127147,Yes
127148,Yes
127149,No
127150,No
127151,No
127152,Yes
127153,Yes
127154,Yes
127155,Yes
127156,Yes
127157,Yes
127158,Yes
127159,Yes
127160,Yes
127161,No
127162,Yes
127163,Yes
127164,Yes
127165,Yes
127166,No
127167,Yes
127168,Yes
127169,Yes
127170,No
127171,Yes
127172,No
127173,No
127174,Yes
127175,Yes
127176,No
127177,No
127178,Yes
127179,Yes
127180,No
127181,Yes
127182,Yes
127183,Yes
127184,Yes
127185,No
127186,No
127187,Yes
127188,Yes
127189,Yes
127190,Yes
127191,Yes
127192,Yes
127193,Yes
127194,Yes
127195,Yes
127196,Yes
127197,Yes
127198,Yes
127199,Yes
127200,No
127201,Yes
127202,Yes
127203,Yes
127204,No
127205,Yes
127206,No
127207,Yes
127208,Yes
127209,No
127210,No
127211,No
127212,Yes
127213,Yes
127214,No
127215,No
127216,No
127217,Yes
127218,Yes
127219,Yes
127220,Yes
127221,No
127222,Yes
127223,Yes
127224,No
127225,Yes
127226,Yes
127227,No
127228,Yes
127229,Yes
127230,No
127231,Yes
127232,Yes
127233,Yes
127234,No
127235,No
127236,Yes
127237,Yes
127238,Yes
127239,No
127240,Yes
127241,Yes
127242,Yes
127243,Yes
127244,No
127245,Yes
127246,Yes
127247,No
127248,Yes
127249,Yes
127250,No
127251,Yes
127252,Yes
127253,No
127254,Yes
127255,No
127256,Yes
127257,Yes
127258,Yes
127259,No
127260,No
127261,No
127262,Yes
127263,No
127264,Yes
127265,Yes
127266,No
127267,Yes
127268,No
127269,Yes
127270,Yes
127271,Yes
127272,Yes
127273,Yes
127274,No
127275,Yes
127276,Yes
127277,No
127278,Yes
127279,Yes
127280,No
127281,Yes
127282,Yes
127283,No
127284,Yes
127285,No
127286,Yes
127287,Yes
127288,Yes
127289,Yes
127290,Yes
127291,No
127292,No
127293,Yes
127294,No
127295,Yes
127296,Yes
127297,Yes
127298,Yes
127299,No
127300,Yes
127301,Yes
127302,No
127303,Yes
127304,Yes
127305,Yes
127306,No
127307,Yes
127308,Yes
127309,No
127310,No
127311,Yes
127312,Yes
127313,Yes
127314,Yes
127315,Yes
127316,Yes
127317,Yes
127318,Yes
127319,No
127320,No
127321,Yes
127322,Yes
127323,Yes
127324,Yes
127325,Yes
127326,Yes
127327,No
127328,Yes
127329,Yes
127330,Yes
127331,No
127332,No
127333,Yes
127334,Yes
127335,No
127336,No
127337,Yes
127338,Yes
127339,Yes
127340,Yes
127341,No
127342,No
127343,Yes
127344,Yes
127345,Yes
127346,Yes
127347,Yes
127348,Yes
127349,No
127350,Yes
127351,Yes
127352,Yes
127353,Yes
127354,No
127355,Yes
127356,Yes
127357,Yes
127358,No
127359,No
127360,Yes
127361,No
127362,Yes
127363,Yes
127364,Yes
127365,Yes
127366,No
127367,No
127368,Yes
127369,No
127370,Yes
127371,Yes
127372,No
127373,Yes
127374,No
127375,No
127376,No
127377,Yes
127378,No
127379,No
127380,Yes
127381,Yes
127382,No
127383,Yes
127384,No
127385,No
127386,Yes
127387,Yes
127388,No
127389,No
127390,No
127391,Yes
127392,Yes
127393,Yes
127394,Yes
127395,Yes
127396,Yes
127397,Yes
127398,No
127399,Yes
127400,Yes
127401,No
127402,Yes
127403,No
127404,Yes
127405,Yes
127406,No
127407,Yes
127408,No
127409,Yes
127410,No
127411,No
127412,No
127413,No
127414,Yes
127415,Yes
127416,Yes
127417,Yes
127418,Yes
127419,Yes
127420,Yes
127421,Yes
127422,No
127423,Yes
127424,Yes
127425,Yes
127426,Yes
127427,Yes
127428,Yes
127429,Yes
127430,No
127431,Yes
127432,Yes
127433,Yes
127434,Yes
127435,No
127436,No
127437,Yes
127438,No
127439,No
127440,No
127441,No
127442,No
127443,Yes
127444,Yes
127445,Yes
127446,Yes
127447,No
127448,Yes
127449,No
127450,Yes
127451,No
127452,Yes
127453,Yes
127454,Yes
127455,Yes
127456,Yes
127457,Yes
127458,Yes
127459,Yes
127460,Yes
127461,Yes
127462,Yes
127463,No
127464,Yes
127465,Yes
127466,Yes
127467,Yes
127468,No
127469,No
127470,Yes
127471,No
127472,Yes
127473,Yes
127474,Yes
127475,Yes
127476,Yes
127477,No
127478,Yes
127479,Yes
127480,Yes
127481,Yes
127482,Yes
127483,Yes
127484,Yes
127485,Yes
127486,Yes
127487,Yes
127488,Yes
127489,Yes
127490,No
127491,Yes
127492,Yes
127493,Yes
127494,No
127495,Yes
127496,Yes
127497,Yes
127498,Yes
127499,No
127500,No
127501,Yes
127502,No
127503,No
127504,Yes
127505,Yes
127506,Yes
127507,No
127508,Yes
127509,Yes
127510,Yes
127511,No
127512,Yes
127513,Yes
127514,Yes
127515,Yes
127516,No
127517,Yes
127518,No
127519,Yes
127520,Yes
127521,Yes
127522,Yes
127523,Yes
127524,Yes
127525,Yes
127526,Yes
127527,Yes
127528,Yes
127529,Yes
127530,Yes
127531,Yes
127532,Yes
127533,Yes
127534,Yes
127535,Yes
127536,Yes
127537,No
127538,Yes
127539,No
127540,Yes
127541,Yes
127542,Yes
127543,Yes
127544,No
127545,Yes
127546,Yes
127547,No
127548,Yes
127549,Yes
127550,Yes
127551,No
127552,Yes
127553,No
127554,No
127555,No
127556,No
127557,Yes
127558,Yes
127559,Yes
127560,Yes
127561,Yes
127562,Yes
127563,Yes
127564,Yes
127565,No
127566,No
127567,No
127568,Yes
127569,Yes
127570,No
127571,No
127572,No
127573,Yes
127574,Yes
127575,Yes
127576,No
127577,No
127578,No
127579,Yes
127580,Yes
127581,No
127582,Yes
127583,No
127584,Yes
127585,Yes
127586,Yes
127587,Yes
127588,Yes
127589,Yes
127590,No
127591,No
127592,No
127593,Yes
127594,No
127595,Yes
127596,No
127597,Yes
127598,Yes
127599,No
127600,Yes
127601,Yes
127602,Yes
127603,No
127604,No
127605,No
127606,Yes
127607,No
127608,No
127609,Yes
127610,Yes
127611,No
127612,Yes
127613,No
127614,Yes
127615,Yes
127616,Yes
127617,Yes
127618,No
127619,Yes
127620,Yes
127621,No
127622,Yes
127623,Yes
127624,Yes
127625,Yes
127626,No
127627,No
127628,Yes
127629,No
127630,Yes
127631,Yes
127632,No
127633,Yes
127634,Yes
127635,Yes
127636,Yes
127637,No
127638,Yes
127639,Yes
127640,Yes
127641,Yes
127642,Yes
127643,Yes
127644,No
127645,Yes
127646,Yes
127647,No
127648,Yes
127649,Yes
127650,No
127651,No
127652,Yes
127653,Yes
127654,No
127655,No
127656,Yes
127657,Yes
127658,Yes
127659,Yes
127660,No
127661,Yes
127662,No
127663,No
127664,No
127665,Yes
127666,Yes
127667,Yes
127668,Yes
127669,Yes
127670,Yes
127671,No
127672,Yes
127673,Yes
127674,Yes
127675,No
127676,Yes
127677,Yes
127678,No
127679,No
127680,Yes
127681,Yes
127682,No
127683,Yes
127684,Yes
127685,Yes
127686,Yes
127687,No
127688,Yes
127689,Yes
127690,Yes
127691,Yes
127692,Yes
127693,Yes
127694,No
127695,Yes
127696,No
127697,Yes
127698,Yes
127699,Yes
127700,No
127701,No
127702,Yes
127703,Yes
127704,Yes
127705,Yes
127706,Yes
127707,No
127708,Yes
127709,Yes
127710,Yes
127711,Yes
127712,Yes
127713,No
127714,Yes
127715,Yes
127716,Yes
127717,No
127718,No
127719,No
127720,Yes
127721,Yes
127722,Yes
127723,No
127724,Yes
127725,Yes
127726,Yes
127727,No
127728,Yes
127729,Yes
127730,No
127731,No
127732,Yes
127733,No
127734,No
127735,Yes
127736,Yes
127737,Yes
127738,Yes
127739,Yes
127740,Yes
127741,Yes
127742,No
127743,Yes
127744,No
127745,Yes
127746,No
127747,Yes
127748,Yes
127749,No
127750,Yes
127751,Yes
127752,No
127753,Yes
127754,Yes
127755,Yes
127756,No
127757,Yes
127758,Yes
127759,Yes
127760,Yes
127761,No
127762,Yes
127763,Yes
127764,Yes
127765,No
127766,Yes
127767,Yes
127768,Yes
127769,Yes
127770,Yes
127771,No
127772,No
127773,Yes
127774,No
127775,Yes
127776,Yes
127777,Yes
127778,Yes
127779,Yes
127780,Yes
127781,Yes
127782,No
127783,Yes
127784,Yes
127785,No
127786,Yes
127787,No
127788,No
127789,Yes
127790,Yes
127791,Yes
127792,Yes
127793,No
127794,Yes
127795,No
127796,No
127797,Yes
127798,No
127799,No
127800,Yes
127801,Yes
127802,Yes
127803,Yes
127804,Yes
127805,Yes
127806,Yes
127807,Yes
127808,Yes
127809,Yes
127810,Yes
127811,No
127812,No
127813,Yes
127814,No
127815,Yes
127816,Yes
127817,Yes
127818,Yes
127819,Yes
127820,No
127821,Yes
127822,Yes
127823,No
127824,Yes
127825,Yes
127826,Yes
127827,No
127828,No
127829,Yes
127830,No
127831,Yes
127832,No
127833,Yes
127834,Yes
127835,Yes
127836,Yes
127837,Yes
127838,Yes
127839,Yes
127840,No
127841,Yes
127842,No
127843,No
127844,Yes
127845,Yes
127846,No
127847,Yes
127848,Yes
127849,No
127850,No
127851,Yes
127852,No
127853,No
127854,No
127855,No
127856,Yes
127857,Yes
127858,No
127859,No
127860,Yes
127861,No
127862,Yes
127863,Yes
127864,Yes
127865,Yes
127866,No
127867,Yes
127868,No
127869,Yes
127870,Yes
127871,Yes
127872,No
127873,No
127874,Yes
127875,Yes
127876,Yes
127877,No
127878,Yes
127879,Yes
127880,Yes
127881,No
127882,Yes
127883,No
127884,Yes
127885,Yes
127886,Yes
127887,Yes
127888,Yes
127889,Yes
127890,No
127891,Yes
127892,Yes
127893,Yes
127894,Yes
127895,Yes
127896,Yes
127897,No
127898,Yes
127899,Yes
127900,No
127901,Yes
127902,Yes
127903,Yes
127904,Yes
127905,No
127906,No
127907,No
127908,No
127909,Yes
127910,Yes
127911,No
127912,Yes
127913,Yes
127914,Yes
127915,Yes
127916,Yes
127917,Yes
127918,Yes
127919,Yes
127920,No
127921,Yes
127922,No
127923,Yes
127924,Yes
127925,Yes
127926,Yes
127927,No
127928,No
127929,No
127930,Yes
127931,Yes
127932,No
127933,Yes
127934,No
127935,No
127936,Yes
127937,No
127938,Yes
127939,Yes
127940,Yes
127941,No
127942,Yes
127943,Yes
127944,No
127945,Yes
127946,Yes
127947,No
127948,No
127949,No
127950,No
127951,Yes
127952,No
127953,Yes
127954,Yes
127955,No
127956,Yes
127957,Yes
127958,Yes
127959,No
127960,Yes
127961,Yes
127962,Yes
127963,Yes
127964,Yes
127965,Yes
127966,Yes
127967,No
127968,Yes
127969,Yes
127970,Yes
127971,Yes
127972,Yes
127973,Yes
127974,Yes
127975,Yes
127976,Yes
127977,Yes
127978,Yes
127979,No
127980,Yes
127981,Yes
127982,Yes
127983,Yes
127984,Yes
127985,Yes
127986,Yes
127987,Yes
127988,Yes
127989,No
127990,Yes
127991,Yes
127992,No
127993,Yes
127994,Yes
127995,Yes
127996,Yes
127997,Yes
127998,No
127999,Yes
128000,Yes
128001,Yes
128002,Yes
128003,Yes
128004,No
128005,Yes
128006,Yes
128007,No
128008,Yes
128009,Yes
128010,Yes
128011,No
128012,Yes
128013,Yes
128014,No
128015,No
128016,Yes
128017,No
128018,No
128019,Yes
128020,Yes
128021,Yes
128022,Yes
128023,Yes
128024,No
128025,No
128026,Yes
128027,Yes
128028,Yes
128029,No
128030,No
128031,No
128032,No
128033,No
128034,No
128035,No
128036,Yes
128037,No
128038,No
128039,Yes
128040,Yes
128041,Yes
128042,No
128043,Yes
128044,No
128045,Yes
128046,No
128047,Yes
128048,Yes
128049,Yes
128050,Yes
128051,Yes
128052,Yes
128053,Yes
128054,No
128055,Yes
128056,Yes
128057,Yes
128058,No
128059,No
128060,No
128061,Yes
128062,Yes
128063,No
128064,No
128065,Yes
128066,No
128067,Yes
128068,Yes
128069,No
128070,Yes
128071,Yes
128072,No
128073,No
128074,No
128075,No
128076,Yes
128077,Yes
128078,No
128079,No
128080,Yes
128081,No
128082,Yes
128083,No
128084,Yes
128085,Yes
128086,No
128087,No
128088,Yes
128089,No
128090,Yes
128091,Yes
128092,Yes
128093,Yes
128094,Yes
128095,Yes
128096,Yes
128097,Yes
128098,No
128099,Yes
128100,Yes
128101,Yes
128102,Yes
128103,No
128104,Yes
128105,Yes
128106,Yes
128107,Yes
128108,No
128109,No
128110,No
128111,Yes
128112,Yes
128113,Yes
128114,No
128115,No
128116,Yes
128117,Yes
128118,No
128119,No
128120,No
128121,Yes
128122,Yes
128123,Yes
128124,Yes
128125,Yes
128126,Yes
128127,Yes
128128,Yes
128129,Yes
128130,No
128131,No
128132,No
128133,Yes
128134,No
128135,Yes
128136,No
128137,Yes
128138,No
128139,No
128140,Yes
128141,Yes
128142,Yes
128143,No
128144,Yes
128145,Yes
128146,Yes
128147,Yes
128148,Yes
128149,Yes
128150,Yes
128151,Yes
128152,Yes
128153,Yes
128154,Yes
128155,Yes
128156,No
128157,No
128158,Yes
128159,Yes
128160,Yes
128161,Yes
128162,Yes
128163,Yes
128164,Yes
128165,Yes
128166,No
128167,Yes
128168,No
128169,Yes
128170,Yes
128171,Yes
128172,No
128173,Yes
128174,No
128175,Yes
128176,No
128177,Yes
128178,No
128179,Yes
128180,Yes
128181,Yes
128182,Yes
128183,Yes
128184,No
128185,Yes
128186,Yes
128187,Yes
128188,No
128189,Yes
128190,Yes
128191,Yes
128192,Yes
128193,Yes
128194,Yes
128195,Yes
128196,No
128197,Yes
128198,Yes
128199,No
128200,No
128201,Yes
128202,Yes
128203,Yes
128204,No
128205,Yes
128206,Yes
128207,Yes
128208,Yes
128209,No
128210,No
128211,Yes
128212,Yes
128213,Yes
128214,Yes
128215,Yes
128216,Yes
128217,Yes
128218,Yes
128219,No
128220,No
128221,Yes
128222,Yes
128223,Yes
128224,Yes
128225,Yes
128226,Yes
128227,Yes
128228,Yes
128229,No
128230,No
128231,Yes
128232,Yes
128233,Yes
128234,Yes
128235,Yes
128236,No
128237,No
128238,Yes
128239,Yes
128240,Yes
128241,Yes
128242,Yes
128243,Yes
128244,Yes
128245,Yes
128246,Yes
128247,Yes
128248,Yes
128249,No
128250,Yes
128251,Yes
128252,Yes
128253,No
128254,Yes
128255,Yes
128256,No
128257,No
128258,Yes
128259,Yes
128260,Yes
128261,No
128262,Yes
128263,Yes
128264,Yes
128265,Yes
128266,Yes
128267,Yes
128268,No
128269,Yes
128270,No
128271,Yes
128272,No
128273,Yes
128274,No
128275,Yes
128276,Yes
128277,Yes
128278,Yes
128279,No
128280,Yes
128281,Yes
128282,No
128283,Yes
128284,Yes
128285,No
128286,No
128287,Yes
128288,Yes
128289,Yes
128290,Yes
128291,Yes
128292,No
128293,No
128294,Yes
128295,Yes
128296,Yes
128297,Yes
128298,No
128299,Yes
128300,Yes
128301,Yes
128302,Yes
128303,Yes
128304,Yes
128305,Yes
128306,Yes
128307,Yes
128308,Yes
128309,No
128310,Yes
128311,No
128312,Yes
128313,Yes
128314,No
128315,Yes
128316,No
128317,Yes
128318,No
128319,Yes
128320,No
128321,Yes
128322,No
128323,No
128324,Yes
128325,No
128326,No
128327,Yes
128328,Yes
128329,Yes
128330,No
128331,Yes
128332,No
128333,Yes
128334,No
128335,Yes
128336,No
128337,Yes
128338,Yes
128339,Yes
128340,No
128341,Yes
128342,Yes
128343,Yes
128344,No
128345,Yes
128346,Yes
128347,Yes
128348,No
128349,Yes
128350,Yes
128351,No
128352,No
128353,Yes
128354,No
128355,Yes
128356,No
128357,Yes
128358,Yes
128359,No
128360,No
128361,Yes
128362,Yes
128363,No
128364,Yes
128365,Yes
128366,Yes
128367,No
128368,Yes
128369,Yes
128370,Yes
128371,Yes
128372,Yes
128373,Yes
128374,Yes
128375,No
128376,Yes
128377,Yes
128378,Yes
128379,No
128380,Yes
128381,No
128382,No
128383,Yes
128384,No
128385,Yes
128386,Yes
128387,No
128388,Yes
128389,No
128390,Yes
128391,No
128392,Yes
128393,No
128394,Yes
128395,Yes
128396,Yes
128397,No
128398,Yes
128399,Yes
128400,No
128401,Yes
128402,Yes
128403,Yes
128404,No
128405,No
128406,No
128407,Yes
128408,Yes
128409,Yes
128410,Yes
128411,Yes
128412,Yes
128413,Yes
128414,No
128415,Yes
128416,Yes
128417,Yes
128418,No
128419,Yes
128420,No
128421,Yes
128422,No
128423,Yes
128424,No
128425,No
128426,No
128427,No
128428,Yes
128429,Yes
128430,No
128431,Yes
128432,No
128433,No
128434,Yes
128435,No
128436,No
128437,Yes
128438,No
128439,Yes
128440,No
128441,No
128442,Yes
128443,Yes
128444,Yes
128445,Yes
128446,Yes
128447,Yes
128448,No
128449,Yes
128450,Yes
128451,No
128452,Yes
128453,No
128454,Yes
128455,No
128456,Yes
128457,Yes
128458,Yes
128459,No
128460,Yes
128461,Yes
128462,Yes
128463,No
128464,Yes
128465,Yes
128466,Yes
128467,No
128468,No
128469,No
128470,Yes
128471,Yes
128472,Yes
128473,No
128474,Yes
128475,Yes
128476,No
128477,Yes
128478,No
128479,Yes
128480,No
128481,No
128482,Yes
128483,Yes
128484,Yes
128485,Yes
128486,Yes
128487,Yes
128488,Yes
128489,Yes
128490,Yes
128491,Yes
128492,Yes
128493,No
128494,No
128495,Yes
128496,Yes
128497,No
128498,Yes
128499,Yes
128500,No
128501,No
128502,No
128503,Yes
128504,No
128505,No
128506,Yes
128507,No
128508,Yes
128509,Yes
128510,Yes
128511,Yes
128512,Yes
128513,Yes
128514,No
128515,Yes
128516,Yes
128517,Yes
128518,No
128519,Yes
128520,Yes
128521,No
128522,No
128523,Yes
128524,Yes
128525,Yes
128526,No
128527,Yes
128528,No
128529,No
128530,Yes
128531,Yes
128532,Yes
128533,Yes
128534,No
128535,No
128536,Yes
128537,Yes
128538,No
128539,Yes
128540,No
128541,Yes
128542,Yes
128543,Yes
128544,Yes
128545,Yes
128546,No
128547,Yes
128548,Yes
128549,Yes
128550,No
128551,No
128552,No
128553,No
128554,Yes
128555,Yes
128556,Yes
128557,Yes
128558,No
128559,Yes
128560,Yes
128561,No
128562,Yes
128563,Yes
128564,Yes
128565,Yes
128566,No
128567,Yes
128568,Yes
128569,Yes
128570,No
128571,Yes
128572,No
128573,Yes
128574,Yes
128575,Yes
128576,Yes
128577,No
128578,Yes
128579,Yes
128580,No
128581,Yes
128582,Yes
128583,No
128584,Yes
128585,No
128586,No
128587,Yes
128588,Yes
128589,Yes
128590,Yes
128591,Yes
128592,Yes
128593,Yes
128594,No
128595,No
128596,No
128597,No
128598,Yes
128599,Yes
128600,Yes
128601,No
128602,No
128603,No
128604,Yes
128605,Yes
128606,Yes
128607,Yes
128608,No
128609,No
128610,Yes
128611,Yes
128612,Yes
128613,Yes
128614,Yes
128615,Yes
128616,Yes
128617,No
128618,No
128619,No
128620,Yes
128621,Yes
128622,No
128623,No
128624,Yes
128625,Yes
128626,Yes
128627,No
128628,Yes
128629,Yes
128630,Yes
128631,Yes
128632,Yes
128633,Yes
128634,Yes
128635,No
128636,Yes
128637,Yes
128638,No
128639,No
128640,Yes
128641,No
128642,Yes
128643,Yes
128644,Yes
128645,Yes
128646,Yes
128647,No
128648,Yes
128649,Yes
128650,No
128651,Yes
128652,Yes
128653,Yes
128654,Yes
128655,No
128656,Yes
128657,Yes
128658,Yes
128659,No
128660,No
128661,No
128662,No
128663,Yes
128664,Yes
128665,Yes
128666,No
128667,Yes
128668,Yes
128669,Yes
128670,Yes
128671,Yes
128672,Yes
128673,Yes
128674,No
128675,Yes
128676,Yes
128677,No
128678,Yes
128679,Yes
128680,Yes
128681,Yes
128682,Yes
128683,No
128684,No
128685,Yes
128686,Yes
128687,No
128688,Yes
128689,No
128690,No
128691,Yes
128692,Yes
128693,No
128694,No
128695,Yes
128696,Yes
128697,No
128698,No
128699,Yes
128700,Yes
128701,No
128702,Yes
128703,No
128704,Yes
128705,Yes
128706,No
128707,No
128708,No
128709,Yes
128710,No
128711,Yes
128712,Yes
128713,Yes
128714,Yes
128715,Yes
128716,Yes
128717,No
128718,Yes
128719,No
128720,No
128721,Yes
128722,No
128723,Yes
128724,Yes
128725,No
128726,No
128727,No
128728,Yes
128729,No
128730,Yes
128731,No
128732,Yes
128733,No
128734,Yes
128735,Yes
128736,Yes
128737,No
128738,Yes
128739,Yes
128740,Yes
128741,No
128742,Yes
128743,Yes
128744,No
128745,No
128746,No
128747,Yes
128748,No
128749,Yes
128750,No
128751,Yes
128752,Yes
128753,No
128754,No
128755,Yes
128756,Yes
128757,Yes
128758,No
128759,Yes
128760,No
128761,No
128762,Yes
128763,No
128764,Yes
128765,No
128766,Yes
128767,No
128768,Yes
128769,Yes
128770,Yes
128771,Yes
128772,Yes
128773,Yes
128774,Yes
128775,Yes
128776,Yes
128777,Yes
128778,Yes
128779,Yes
128780,No
128781,Yes
128782,No
128783,Yes
128784,No
128785,No
128786,Yes
128787,No
128788,No
128789,No
128790,Yes
128791,Yes
128792,Yes
128793,Yes
128794,No
128795,No
128796,Yes
128797,No
128798,Yes
128799,Yes
128800,No
128801,No
128802,Yes
128803,Yes
128804,Yes
128805,No
128806,Yes
128807,No
128808,Yes
128809,No
128810,Yes
128811,Yes
128812,Yes
128813,Yes
128814,No
128815,Yes
128816,No
128817,Yes
128818,Yes
128819,Yes
128820,Yes
128821,Yes
128822,No
128823,No
128824,Yes
128825,No
128826,Yes
128827,Yes
128828,No
128829,No
128830,Yes
128831,No
128832,No
128833,Yes
128834,Yes
128835,Yes
128836,Yes
128837,No
128838,Yes
128839,No
128840,Yes
128841,Yes
128842,Yes
128843,No
128844,No
128845,Yes
128846,No
128847,Yes
128848,Yes
128849,Yes
128850,Yes
128851,Yes
128852,Yes
128853,Yes
128854,Yes
128855,Yes
128856,Yes
128857,Yes
128858,Yes
128859,No
128860,Yes
128861,Yes
128862,Yes
128863,No
128864,Yes
128865,No
128866,Yes
128867,Yes
128868,Yes
128869,Yes
128870,Yes
128871,Yes
128872,Yes
128873,Yes
128874,Yes
128875,Yes
128876,Yes
128877,Yes
128878,Yes
128879,Yes
128880,Yes
128881,Yes
128882,No
128883,No
128884,No
128885,No
128886,No
128887,No
128888,Yes
128889,Yes
128890,Yes
128891,Yes
128892,Yes
128893,No
128894,No
128895,Yes
128896,Yes
128897,No
128898,No
128899,Yes
128900,Yes
128901,Yes
128902,Yes
128903,Yes
128904,No
128905,Yes
128906,Yes
128907,Yes
128908,Yes
128909,Yes
128910,No
128911,Yes
128912,No
128913,No
128914,No
128915,Yes
128916,No
128917,No
128918,No
128919,No
128920,Yes
128921,No
128922,Yes
128923,Yes
128924,Yes
128925,Yes
128926,No
128927,No
128928,Yes
128929,Yes
128930,No
128931,No
128932,Yes
128933,Yes
128934,Yes
128935,Yes
128936,Yes
128937,Yes
128938,No
128939,No
128940,No
128941,Yes
128942,No
128943,No
128944,No
128945,Yes
128946,Yes
128947,Yes
128948,Yes
128949,Yes
128950,Yes
128951,Yes
128952,Yes
128953,No
128954,Yes
128955,Yes
128956,No
128957,Yes
128958,Yes
128959,No
128960,Yes
128961,Yes
128962,No
128963,Yes
128964,Yes
128965,No
128966,Yes
128967,No
128968,Yes
128969,No
128970,Yes
128971,Yes
128972,No
128973,Yes
128974,No
128975,No
128976,No
128977,No
128978,Yes
128979,Yes
128980,Yes
128981,No
128982,Yes
128983,Yes
128984,No
128985,Yes
128986,Yes
128987,Yes
128988,Yes
128989,No
128990,No
128991,No
128992,Yes
128993,No
128994,Yes
128995,Yes
128996,Yes
128997,Yes
128998,Yes
128999,Yes
129000,Yes
129001,Yes
129002,Yes
129003,Yes
129004,Yes
129005,No
129006,No
129007,No
129008,Yes
129009,Yes
129010,No
129011,Yes
129012,Yes
129013,Yes
129014,Yes
129015,Yes
129016,Yes
129017,Yes
129018,Yes
129019,Yes
129020,Yes
129021,Yes
129022,Yes
129023,Yes
129024,Yes
129025,Yes
129026,No
129027,Yes
129028,Yes
129029,Yes
129030,Yes
129031,Yes
129032,Yes
129033,No
129034,Yes
129035,Yes
129036,Yes
129037,Yes
129038,No
129039,Yes
129040,Yes
129041,Yes
129042,Yes
129043,Yes
129044,Yes
129045,Yes
129046,Yes
129047,No
129048,Yes
129049,No
129050,Yes
129051,Yes
129052,Yes
129053,Yes
129054,No
129055,Yes
129056,No
129057,Yes
129058,Yes
129059,No
129060,Yes
129061,Yes
129062,No
129063,Yes
129064,No
129065,Yes
129066,No
129067,Yes
129068,Yes
129069,Yes
129070,Yes
129071,No
129072,Yes
129073,No
129074,Yes
129075,Yes
129076,No
129077,Yes
129078,Yes
129079,No
129080,Yes
129081,Yes
129082,No
129083,No
129084,No
129085,Yes
129086,No
129087,Yes
129088,No
129089,Yes
129090,No
129091,Yes
129092,Yes
129093,Yes
129094,No
129095,Yes
129096,Yes
129097,No
129098,Yes
129099,Yes
129100,Yes
129101,No
129102,No
129103,Yes
129104,Yes
129105,No
129106,Yes
129107,Yes
129108,Yes
129109,No
129110,Yes
129111,No
129112,Yes
129113,No
129114,No
129115,No
129116,Yes
129117,Yes
129118,Yes
129119,No
129120,No
129121,Yes
129122,Yes
129123,Yes
129124,Yes
129125,Yes
129126,No
129127,Yes
129128,Yes
129129,Yes
129130,Yes
129131,No
129132,Yes
129133,No
129134,No
129135,Yes
129136,No
129137,Yes
129138,No
129139,No
129140,Yes
129141,No
129142,No
129143,Yes
129144,No
129145,No
129146,Yes
129147,Yes
129148,No
129149,No
129150,Yes
129151,Yes
129152,No
129153,Yes
129154,Yes
129155,Yes
129156,Yes
129157,Yes
129158,Yes
129159,Yes
129160,No
129161,No
129162,No
129163,Yes
129164,Yes
129165,No
129166,No
129167,No
129168,Yes
129169,No
129170,Yes
129171,Yes
129172,Yes
129173,Yes
129174,Yes
129175,Yes
129176,Yes
129177,Yes
129178,Yes
129179,Yes
129180,Yes
129181,Yes
129182,No
129183,No
129184,No
129185,Yes
129186,No
129187,Yes
129188,Yes
129189,Yes
129190,Yes
129191,Yes
129192,No
129193,No
129194,Yes
129195,Yes
129196,Yes
129197,Yes
129198,Yes
129199,Yes
129200,No
129201,Yes
129202,Yes
129203,Yes
129204,No
129205,Yes
129206,Yes
129207,No
129208,Yes
129209,Yes
129210,No
129211,Yes
129212,Yes
129213,No
129214,Yes
129215,No
129216,No
129217,Yes
129218,No
129219,Yes
129220,No
129221,Yes
129222,Yes
129223,No
129224,Yes
129225,Yes
129226,Yes
129227,Yes
129228,Yes
129229,No
129230,Yes
129231,Yes
129232,No
129233,No
129234,Yes
129235,Yes
129236,Yes
129237,Yes
129238,Yes
129239,No
129240,Yes
129241,Yes
129242,No
129243,Yes
129244,Yes
129245,Yes
129246,Yes
129247,Yes
129248,Yes
129249,Yes
129250,Yes
129251,No
129252,Yes
129253,No
129254,No
129255,Yes
129256,Yes
129257,No
129258,Yes
129259,Yes
129260,No
129261,No
129262,Yes
129263,Yes
129264,No
129265,Yes
129266,Yes
129267,Yes
129268,Yes
129269,No
129270,Yes
129271,Yes
129272,Yes
129273,Yes
129274,Yes
129275,Yes
129276,Yes
129277,No
129278,No
129279,Yes
129280,No
129281,Yes
129282,Yes
129283,No
129284,No
129285,No
129286,Yes
129287,No
129288,No
129289,Yes
129290,No
129291,Yes
129292,No
129293,No
129294,Yes
129295,No
129296,No
129297,Yes
129298,No
129299,No
129300,Yes
129301,Yes
129302,Yes
129303,Yes
129304,Yes
129305,Yes
129306,Yes
129307,Yes
129308,Yes
129309,No
129310,No
129311,No
129312,Yes
129313,Yes
129314,No
129315,No
129316,Yes
129317,No
129318,Yes
129319,Yes
129320,Yes
129321,No
129322,Yes
129323,Yes
129324,Yes
129325,Yes
129326,Yes
129327,Yes
129328,Yes
129329,Yes
129330,Yes
129331,No
129332,Yes
129333,Yes
129334,Yes
129335,Yes
129336,Yes
129337,Yes
129338,Yes
129339,Yes
129340,Yes
129341,Yes
129342,Yes
129343,Yes
129344,Yes
129345,No
129346,Yes
129347,No
129348,Yes
129349,Yes
129350,Yes
129351,Yes
129352,No
129353,Yes
129354,No
129355,No
129356,Yes
129357,Yes
129358,Yes
129359,Yes
129360,No
129361,No
129362,Yes
129363,No
129364,Yes
129365,Yes
129366,No
129367,No
129368,Yes
129369,Yes
129370,Yes
129371,Yes
129372,No
129373,Yes
129374,No
129375,Yes
129376,Yes
129377,No
129378,Yes
129379,Yes
129380,Yes
129381,No
129382,Yes
129383,Yes
129384,Yes
129385,Yes
129386,No
129387,No
129388,Yes
129389,No
129390,Yes
129391,Yes
129392,Yes
129393,Yes
129394,Yes
129395,No
129396,Yes
129397,Yes
129398,No
129399,Yes
129400,Yes
129401,Yes
129402,No
129403,Yes
129404,Yes
129405,No
129406,No
129407,No
129408,Yes
129409,Yes
129410,Yes
129411,Yes
129412,No
129413,No
129414,Yes
129415,Yes
129416,Yes
129417,Yes
129418,No
129419,Yes
129420,No
129421,Yes
129422,Yes
129423,No
129424,Yes
129425,Yes
129426,No
129427,Yes
129428,Yes
129429,No
129430,No
129431,Yes
129432,No
129433,Yes
129434,No
129435,No
129436,Yes
129437,Yes
129438,No
129439,No
129440,Yes
129441,Yes
129442,Yes
129443,No
129444,Yes
129445,Yes
129446,Yes
129447,Yes
129448,Yes
129449,Yes
129450,Yes
129451,No
129452,Yes
129453,No
129454,No
129455,Yes
129456,Yes
129457,No
129458,No
129459,No
129460,Yes
129461,No
129462,Yes
129463,Yes
129464,No
129465,No
129466,No
129467,Yes
129468,No
129469,Yes
129470,Yes
129471,No
129472,Yes
129473,No
129474,Yes
129475,Yes
129476,Yes
129477,No
129478,Yes
129479,No
129480,No
129481,No
129482,Yes
129483,Yes
129484,Yes
129485,Yes
129486,No
129487,Yes
129488,No
129489,No
129490,Yes
129491,Yes
129492,Yes
129493,Yes
129494,Yes
129495,Yes
129496,No
129497,Yes
129498,Yes
129499,Yes
129500,Yes
129501,Yes
129502,Yes
129503,Yes
129504,No
129505,Yes
129506,No
129507,Yes
129508,Yes
129509,Yes
129510,No
129511,Yes
129512,No
129513,Yes
129514,No
129515,Yes
129516,Yes
129517,Yes
129518,Yes
129519,Yes
129520,Yes
129521,Yes
129522,Yes
129523,Yes
129524,No
129525,Yes
129526,Yes
129527,Yes
129528,Yes
129529,Yes
129530,Yes
129531,Yes
129532,No
129533,Yes
129534,No
129535,Yes
129536,Yes
129537,Yes
129538,Yes
129539,Yes
129540,No
129541,Yes
129542,Yes
129543,No
129544,Yes
129545,No
129546,Yes
129547,Yes
129548,Yes
129549,Yes
129550,Yes
129551,No
129552,Yes
129553,No
129554,Yes
129555,Yes
129556,No
129557,No
129558,No
129559,No
129560,Yes
129561,No
129562,Yes
129563,Yes
129564,Yes
129565,No
129566,Yes
129567,Yes
129568,Yes
129569,Yes
129570,No
129571,No
129572,Yes
129573,Yes
129574,No
129575,Yes
129576,Yes
129577,Yes
129578,No
129579,Yes
129580,Yes
129581,Yes
129582,No
129583,Yes
129584,No
129585,No
129586,No
129587,No
129588,Yes
129589,No
129590,No
129591,No
129592,Yes
129593,Yes
129594,No
129595,Yes
129596,Yes
129597,No
129598,Yes
129599,No
129600,Yes
129601,Yes
129602,Yes
129603,No
129604,Yes
129605,Yes
129606,Yes
129607,Yes
129608,No
129609,Yes
129610,Yes
129611,Yes
129612,No
129613,No
129614,No
129615,Yes
129616,No
129617,Yes
129618,No
129619,Yes
129620,Yes
129621,Yes
129622,Yes
129623,No
129624,Yes
129625,No
129626,Yes
129627,Yes
129628,Yes
129629,No
129630,Yes
129631,Yes
129632,Yes
129633,No
129634,Yes
129635,No
129636,Yes
129637,Yes
129638,Yes
129639,Yes
129640,Yes
129641,Yes
129642,No
129643,Yes
129644,Yes
129645,No
129646,No
129647,No
129648,Yes
129649,No
129650,Yes
129651,No
129652,Yes
129653,Yes
129654,No
129655,No
129656,Yes
129657,Yes
129658,Yes
129659,Yes
129660,Yes
129661,No
129662,Yes
129663,No
129664,No
129665,Yes
129666,No
129667,Yes
129668,Yes
129669,No
129670,No
129671,Yes
129672,No
129673,Yes
129674,No
129675,No
129676,Yes
129677,No
129678,Yes
129679,Yes
129680,Yes
129681,No
129682,Yes
129683,No
129684,No
129685,Yes
129686,Yes
129687,Yes
129688,Yes
129689,Yes
129690,No
129691,Yes
129692,Yes
129693,Yes
129694,Yes
129695,Yes
129696,Yes
129697,No
129698,No
129699,No
129700,No
129701,No
129702,Yes
129703,Yes
129704,Yes
129705,Yes
129706,No
129707,No
129708,No
129709,Yes
129710,No
129711,Yes
129712,Yes
129713,Yes
129714,Yes
129715,Yes
129716,Yes
129717,Yes
129718,No
129719,Yes
129720,Yes
129721,Yes
129722,Yes
129723,Yes
129724,No
129725,No
129726,No
129727,No
129728,No
129729,Yes
129730,No
129731,No
129732,Yes
129733,No
129734,Yes
129735,No
129736,No
129737,Yes
129738,Yes
129739,Yes
129740,Yes
129741,Yes
129742,No
129743,Yes
129744,No
129745,Yes
129746,No
129747,Yes
129748,Yes
129749,Yes
129750,Yes
129751,Yes
129752,Yes
129753,No
129754,Yes
129755,Yes
129756,No
129757,Yes
129758,No
129759,No
129760,Yes
129761,Yes
129762,No
129763,Yes
129764,No
129765,Yes
129766,Yes
129767,Yes
129768,No
129769,No
129770,Yes
129771,Yes
129772,Yes
129773,Yes
129774,No
129775,No
129776,Yes
129777,Yes
129778,Yes
129779,Yes
129780,Yes
129781,Yes
129782,No
129783,No
129784,No
129785,Yes
129786,No
129787,No
129788,Yes
129789,Yes
129790,Yes
129791,No
129792,No
129793,Yes
129794,Yes
129795,No
129796,Yes
129797,No
129798,Yes
129799,Yes
129800,Yes
129801,Yes
129802,Yes
129803,Yes
129804,Yes
129805,Yes
129806,Yes
129807,Yes
129808,Yes
129809,No
129810,Yes
129811,Yes
129812,Yes
129813,Yes
129814,Yes
129815,Yes
129816,No
129817,No
129818,Yes
129819,Yes
129820,Yes
129821,Yes
129822,Yes
129823,Yes
129824,Yes
129825,Yes
129826,Yes
129827,Yes
129828,Yes
129829,No
129830,Yes
129831,Yes
129832,Yes
129833,No
129834,No
129835,Yes
129836,No
129837,Yes
129838,No
129839,Yes
129840,No
129841,No
129842,Yes
129843,Yes
129844,Yes
129845,Yes
129846,Yes
129847,Yes
129848,Yes
129849,Yes
129850,Yes
129851,Yes
129852,No
129853,Yes
129854,No
129855,No
129856,Yes
129857,No
129858,Yes
129859,Yes
129860,Yes
129861,No
129862,Yes
129863,No
129864,No
129865,Yes
129866,Yes
129867,No
129868,Yes
129869,Yes
129870,No
129871,Yes
129872,Yes
129873,Yes
129874,No
129875,No
129876,Yes
129877,No
129878,No
129879,No
129880,No
129881,Yes
129882,Yes
129883,Yes
129884,Yes
129885,Yes
129886,Yes
129887,No
129888,No
129889,Yes
129890,Yes
129891,Yes
129892,Yes
129893,Yes
129894,Yes
129895,Yes
129896,Yes
129897,No
129898,No
129899,Yes
129900,No
129901,No
129902,No
129903,Yes
129904,No
129905,No
129906,Yes
129907,Yes
129908,No
129909,No
129910,Yes
129911,Yes
129912,Yes
129913,No
129914,Yes
129915,No
129916,Yes
129917,No
129918,No
129919,Yes
129920,No
129921,No
129922,Yes
129923,No
129924,Yes
129925,No
129926,No
129927,No
129928,No
129929,Yes
129930,No
129931,Yes
129932,Yes
129933,Yes
129934,No
129935,Yes
129936,No
129937,Yes
129938,No
129939,Yes
129940,Yes
129941,No
129942,Yes
129943,Yes
129944,No
129945,Yes
129946,Yes
129947,Yes
129948,No
129949,Yes
129950,No
129951,No
129952,Yes
129953,Yes
129954,Yes
129955,No
129956,Yes
129957,No
129958,Yes
129959,No
129960,Yes
129961,Yes
129962,Yes
129963,No
129964,Yes
129965,No
129966,Yes
129967,No
129968,Yes
129969,Yes
129970,Yes
129971,Yes
129972,No
129973,No
129974,No
129975,No
129976,No
129977,No
129978,Yes
129979,Yes
129980,Yes
129981,No
129982,Yes
129983,No
129984,Yes
129985,Yes
129986,No
129987,Yes
129988,Yes
129989,Yes
129990,Yes
129991,Yes
129992,Yes
129993,Yes
129994,Yes
129995,Yes
129996,Yes
129997,Yes
129998,Yes
129999,Yes
130000,No
130001,No
130002,No
130003,Yes
130004,Yes
130005,Yes
130006,Yes
130007,Yes
130008,No
130009,Yes
130010,Yes
130011,No
130012,Yes
130013,Yes
130014,No
130015,No
130016,Yes
130017,Yes
130018,Yes
130019,No
130020,Yes
130021,Yes
130022,No
130023,Yes
130024,Yes
130025,Yes
130026,Yes
130027,Yes
130028,Yes
130029,No
130030,Yes
130031,Yes
130032,Yes
130033,No
130034,Yes
130035,Yes
130036,Yes
130037,Yes
130038,No
130039,No
130040,Yes
130041,Yes
130042,Yes
130043,Yes
130044,Yes
130045,No
130046,Yes
130047,Yes
130048,Yes
130049,Yes
130050,Yes
130051,Yes
130052,Yes
130053,No
130054,No
130055,No
130056,Yes
130057,No
130058,Yes
130059,No
130060,No
130061,No
130062,No
130063,Yes
130064,No
130065,Yes
130066,Yes
130067,No
130068,Yes
130069,Yes
130070,Yes
130071,Yes
130072,Yes
130073,Yes
130074,Yes
130075,Yes
130076,No
130077,Yes
130078,Yes
130079,Yes
130080,No
130081,No
130082,Yes
130083,Yes
130084,No
130085,No
130086,Yes
130087,Yes
130088,Yes
130089,Yes
130090,Yes
130091,Yes
130092,Yes
130093,No
130094,No
130095,No
130096,No
130097,Yes
130098,Yes
130099,Yes
130100,Yes
130101,Yes
130102,Yes
130103,No
130104,Yes
130105,Yes
130106,No
130107,No
130108,No
130109,Yes
130110,No
130111,Yes
130112,No
130113,Yes
130114,Yes
130115,Yes
130116,Yes
130117,Yes
130118,Yes
130119,Yes
130120,No
130121,Yes
130122,No
130123,Yes
130124,Yes
130125,No
130126,Yes
130127,Yes
130128,No
130129,Yes
130130,Yes
130131,Yes
130132,Yes
130133,Yes
130134,Yes
130135,Yes
130136,Yes
130137,No
130138,No
130139,No
130140,Yes
130141,No
130142,Yes
130143,Yes
130144,No
130145,No
130146,Yes
130147,No
130148,Yes
130149,Yes
130150,Yes
130151,Yes
130152,Yes
130153,Yes
130154,No
130155,No
130156,No
130157,No
130158,Yes
130159,Yes
130160,No
130161,No
130162,Yes
130163,Yes
130164,Yes
130165,Yes
130166,Yes
130167,Yes
130168,No
130169,Yes
130170,Yes
130171,Yes
130172,No
130173,Yes
130174,Yes
130175,No
130176,Yes
130177,Yes
130178,Yes
130179,No
130180,Yes
130181,Yes
130182,Yes
130183,Yes
130184,No
130185,No
130186,Yes
130187,Yes
130188,No
130189,Yes
130190,No
130191,Yes
130192,No
130193,Yes
130194,Yes
130195,Yes
130196,Yes
130197,Yes
130198,Yes
130199,Yes
130200,No
130201,Yes
130202,Yes
130203,No
130204,No
130205,Yes
130206,Yes
130207,No
130208,Yes
130209,No
130210,No
130211,No
130212,No
130213,No
130214,Yes
130215,Yes
130216,No
130217,Yes
130218,Yes
130219,Yes
130220,Yes
130221,Yes
130222,Yes
130223,No
130224,Yes
130225,No
130226,Yes
130227,Yes
130228,Yes
130229,Yes
130230,Yes
130231,Yes
130232,No
130233,Yes
130234,Yes
130235,No
130236,Yes
130237,Yes
130238,No
130239,Yes
130240,Yes
130241,Yes
130242,No
130243,Yes
130244,Yes
130245,No
130246,Yes
130247,No
130248,Yes
130249,Yes
130250,Yes
130251,Yes
130252,No
130253,Yes
130254,No
130255,Yes
130256,No
130257,No
130258,No
130259,Yes
130260,Yes
130261,Yes
130262,Yes
130263,Yes
130264,No
130265,Yes
130266,Yes
130267,No
130268,Yes
130269,Yes
130270,Yes
130271,No
130272,No
130273,Yes
130274,No
130275,Yes
130276,Yes
130277,No
130278,Yes
130279,Yes
130280,No
130281,No
130282,No
130283,Yes
130284,No
130285,Yes
130286,No
130287,Yes
130288,Yes
130289,Yes
130290,No
130291,Yes
130292,Yes
130293,Yes
130294,Yes
130295,No
130296,Yes
130297,No
130298,No
130299,Yes
130300,No
130301,Yes
130302,Yes
130303,No
130304,No
130305,Yes
130306,No
130307,Yes
130308,Yes
130309,Yes
130310,No
130311,Yes
130312,Yes
130313,Yes
130314,Yes
130315,Yes
130316,Yes
130317,Yes
130318,Yes
130319,No
130320,Yes
130321,Yes
130322,No
130323,Yes
130324,Yes
130325,Yes
130326,Yes
130327,Yes
130328,Yes
130329,No
130330,No
130331,Yes
130332,Yes
130333,No
130334,Yes
130335,No
130336,No
130337,Yes
130338,Yes
130339,Yes
130340,No
130341,Yes
130342,Yes
130343,No
130344,Yes
130345,No
130346,No
130347,No
130348,Yes
130349,No
130350,Yes
130351,Yes
130352,Yes
130353,Yes
130354,Yes
130355,No
130356,Yes
130357,Yes
130358,Yes
130359,Yes
130360,Yes
130361,Yes
130362,Yes
130363,Yes
130364,Yes
130365,Yes
130366,No
130367,Yes
130368,Yes
130369,Yes
130370,No
130371,Yes
130372,Yes
130373,Yes
130374,Yes
130375,No
130376,Yes
130377,Yes
130378,Yes
130379,Yes
130380,No
130381,Yes
130382,No
130383,Yes
130384,Yes
130385,Yes
130386,Yes
130387,Yes
130388,No
130389,Yes
130390,No
130391,Yes
130392,Yes
130393,Yes
130394,Yes
130395,Yes
130396,Yes
130397,Yes
130398,Yes
130399,No
130400,Yes
130401,Yes
130402,No
130403,Yes
130404,Yes
130405,No
130406,Yes
130407,No
130408,No
130409,Yes
130410,Yes
130411,Yes
130412,Yes
130413,Yes
130414,Yes
130415,Yes
130416,Yes
130417,Yes
130418,No
130419,Yes
130420,Yes
130421,Yes
130422,No
130423,Yes
130424,Yes
130425,Yes
130426,No
130427,Yes
130428,Yes
130429,Yes
130430,Yes
130431,No
130432,Yes
130433,Yes
130434,Yes
130435,Yes
130436,No
130437,No
130438,No
130439,No
130440,No
130441,Yes
130442,No
130443,Yes
130444,Yes
130445,Yes
130446,Yes
130447,Yes
130448,Yes
130449,Yes
130450,Yes
130451,No
130452,Yes
130453,Yes
130454,Yes
130455,Yes
130456,Yes
130457,Yes
130458,Yes
130459,Yes
130460,No
130461,Yes
130462,Yes
130463,No
130464,Yes
130465,No
130466,No
130467,Yes
130468,Yes
130469,Yes
130470,No
130471,No
130472,No
130473,Yes
130474,No
130475,No
130476,No
130477,Yes
130478,Yes
130479,Yes
130480,Yes
130481,Yes
130482,No
130483,No
130484,Yes
130485,No
130486,No
130487,No
130488,Yes
130489,Yes
130490,Yes
130491,Yes
130492,Yes
130493,Yes
130494,Yes
130495,No
130496,Yes
130497,No
130498,Yes
130499,Yes
130500,Yes
130501,Yes
130502,No
130503,Yes
130504,Yes
130505,No
130506,Yes
130507,No
130508,Yes
130509,Yes
130510,No
130511,Yes
130512,Yes
130513,Yes
130514,Yes
130515,Yes
130516,No
130517,Yes
130518,No
130519,No
130520,Yes
130521,Yes
130522,No
130523,Yes
130524,Yes
130525,Yes
130526,Yes
130527,No
130528,Yes
130529,Yes
130530,Yes
130531,No
130532,Yes
130533,Yes
130534,No
130535,No
130536,No
130537,Yes
130538,No
130539,Yes
130540,No
130541,Yes
130542,Yes
130543,Yes
130544,No
130545,Yes
130546,No
130547,No
130548,Yes
130549,Yes
130550,Yes
130551,Yes
130552,Yes
130553,No
130554,No
130555,No
130556,Yes
130557,Yes
130558,Yes
130559,No
130560,Yes
130561,Yes
130562,Yes
130563,Yes
130564,Yes
130565,Yes
130566,Yes
130567,Yes
130568,Yes
130569,Yes
130570,Yes
130571,Yes
130572,Yes
130573,Yes
130574,Yes
130575,Yes
130576,Yes
130577,Yes
130578,No
130579,Yes
130580,Yes
130581,Yes
130582,Yes
130583,Yes
130584,Yes
130585,Yes
130586,Yes
130587,Yes
130588,Yes
130589,Yes
130590,No
130591,Yes
130592,Yes
130593,No
130594,No
130595,Yes
130596,Yes
130597,Yes
130598,No
130599,Yes
130600,Yes
130601,No
130602,No
130603,Yes
130604,Yes
130605,No
130606,Yes
130607,No
130608,No
130609,Yes
130610,No
130611,Yes
130612,No
130613,No
130614,No
130615,No
130616,No
130617,No
130618,Yes
130619,Yes
130620,No
130621,Yes
130622,Yes
130623,No
130624,Yes
130625,No
130626,Yes
130627,No
130628,Yes
130629,No
130630,No
130631,Yes
130632,No
130633,Yes
130634,Yes
130635,Yes
130636,No
130637,Yes
130638,Yes
130639,Yes
130640,Yes
130641,No
130642,Yes
130643,Yes
130644,Yes
130645,No
130646,No
130647,No
130648,Yes
130649,No
130650,Yes
130651,No
130652,No
130653,Yes
130654,Yes
130655,Yes
130656,Yes
130657,Yes
130658,Yes
130659,No
130660,No
130661,No
130662,No
130663,No
130664,No
130665,Yes
130666,Yes
130667,Yes
130668,Yes
130669,Yes
130670,Yes
130671,No
130672,No
130673,Yes
130674,Yes
130675,Yes
130676,No
130677,Yes
130678,No
130679,Yes
130680,No
130681,Yes
130682,Yes
130683,No
130684,Yes
130685,Yes
130686,Yes
130687,No
130688,Yes
130689,Yes
130690,No
130691,Yes
130692,Yes
130693,Yes
130694,No
130695,Yes
130696,Yes
130697,Yes
130698,No
130699,Yes
130700,No
130701,Yes
130702,Yes
130703,No
130704,Yes
130705,No
130706,No
130707,Yes
130708,Yes
130709,Yes
130710,Yes
130711,Yes
130712,No
130713,Yes
130714,No
130715,Yes
130716,No
130717,Yes
130718,No
130719,No
130720,Yes
130721,Yes
130722,Yes
130723,Yes
130724,Yes
130725,No
130726,Yes
130727,Yes
130728,Yes
130729,No
130730,Yes
130731,No
130732,Yes
130733,Yes
130734,Yes
130735,Yes
130736,Yes
130737,No
130738,Yes
130739,Yes
130740,No
130741,No
130742,Yes
130743,Yes
130744,No
130745,No
130746,No
130747,Yes
130748,Yes
130749,Yes
130750,Yes
130751,No
130752,Yes
130753,No
130754,Yes
130755,No
130756,No
130757,Yes
130758,No
130759,No
130760,Yes
130761,Yes
130762,Yes
130763,No
130764,No
130765,No
130766,Yes
130767,Yes
130768,Yes
130769,No
130770,Yes
130771,Yes
130772,Yes
130773,Yes
130774,No
130775,Yes
130776,No
130777,Yes
130778,No
130779,No
130780,No
130781,Yes
130782,Yes
130783,Yes
130784,Yes
130785,Yes
130786,Yes
130787,Yes
130788,No
130789,Yes
130790,Yes
130791,No
130792,Yes
130793,Yes
130794,Yes
130795,No
130796,Yes
130797,Yes
130798,Yes
130799,Yes
130800,Yes
130801,Yes
130802,Yes
130803,Yes
130804,Yes
130805,No
130806,No
130807,Yes
130808,No
130809,No
130810,Yes
130811,No
130812,No
130813,No
130814,Yes
130815,No
130816,No
130817,Yes
130818,No
130819,Yes
130820,Yes
130821,Yes
130822,No
130823,Yes
130824,Yes
130825,No
130826,Yes
130827,No
130828,No
130829,Yes
130830,No
130831,Yes
130832,Yes
130833,Yes
130834,No
130835,Yes
130836,Yes
130837,No
130838,Yes
130839,No
130840,No
130841,Yes
130842,Yes
130843,Yes
130844,Yes
130845,No
130846,Yes
130847,No
130848,Yes
130849,Yes
130850,Yes
130851,No
130852,Yes
130853,Yes
130854,Yes
130855,Yes
130856,Yes
130857,No
130858,Yes
130859,No
130860,Yes
130861,No
130862,Yes
130863,No
130864,Yes
130865,Yes
130866,No
130867,No
130868,No
130869,Yes
130870,Yes
130871,Yes
130872,Yes
130873,Yes
130874,Yes
130875,Yes
130876,Yes
130877,Yes
130878,Yes
130879,Yes
130880,No
130881,Yes
130882,No
130883,Yes
130884,No
130885,No
130886,Yes
130887,Yes
130888,Yes
130889,Yes
130890,No
130891,No
130892,Yes
130893,Yes
130894,Yes
130895,Yes
130896,No
130897,Yes
130898,No
130899,Yes
130900,Yes
130901,Yes
130902,Yes
130903,Yes
130904,Yes
130905,Yes
130906,Yes
130907,Yes
130908,Yes
130909,No
130910,Yes
130911,Yes
130912,No
130913,No
130914,No
130915,Yes
130916,No
130917,Yes
130918,No
130919,Yes
130920,Yes
130921,No
130922,No
130923,No
130924,Yes
130925,No
130926,Yes
130927,Yes
130928,No
130929,Yes
130930,No
130931,No
130932,No
130933,No
130934,Yes
130935,No
130936,Yes
130937,No
130938,No
130939,Yes
130940,Yes
130941,No
130942,Yes
130943,No
130944,No
130945,Yes
130946,Yes
130947,Yes
130948,No
130949,Yes
130950,No
130951,Yes
130952,Yes
130953,Yes
130954,Yes
130955,No
130956,Yes
130957,Yes
130958,No
130959,Yes
130960,No
130961,Yes
130962,Yes
130963,Yes
130964,No
130965,No
130966,Yes
130967,Yes
130968,No
130969,No
130970,Yes
130971,No
130972,No
130973,Yes
130974,Yes
130975,Yes
130976,No
130977,Yes
130978,Yes
130979,Yes
130980,Yes
130981,No
130982,Yes
130983,Yes
130984,Yes
130985,Yes
130986,No
130987,Yes
130988,Yes
130989,Yes
130990,Yes
130991,Yes
130992,Yes
130993,Yes
130994,Yes
130995,Yes
130996,Yes
130997,Yes
130998,No
130999,Yes
131000,Yes
131001,No
131002,Yes
131003,Yes
131004,No
131005,Yes
131006,No
131007,Yes
131008,Yes
131009,Yes
131010,Yes
131011,Yes
131012,No
131013,Yes
131014,Yes
131015,Yes
131016,Yes
131017,Yes
131018,No
131019,No
131020,Yes
131021,Yes
131022,No
131023,No
131024,Yes
131025,Yes
131026,No
131027,No
131028,Yes
131029,Yes
131030,Yes
131031,Yes
131032,No
131033,No
131034,No
131035,Yes
131036,Yes
131037,Yes
131038,Yes
131039,No
131040,No
131041,Yes
131042,No
131043,Yes
131044,Yes
131045,Yes
131046,No
131047,Yes
131048,Yes
131049,Yes
131050,Yes
131051,No
131052,Yes
131053,Yes
131054,Yes
131055,Yes
131056,Yes
131057,Yes
131058,Yes
131059,No
131060,Yes
131061,Yes
131062,Yes
131063,No
131064,Yes
131065,No
131066,No
131067,Yes
131068,Yes
131069,Yes
131070,Yes
131071,Yes
131072,Yes
131073,Yes
131074,Yes
131075,No
131076,Yes
131077,Yes
131078,No
131079,Yes
131080,No
131081,No
131082,No
131083,No
131084,Yes
131085,Yes
131086,Yes
131087,Yes
131088,No
131089,Yes
131090,Yes
131091,No
131092,Yes
131093,No
131094,No
131095,Yes
131096,No
131097,No
131098,Yes
131099,Yes
131100,Yes
131101,No
131102,Yes
131103,Yes
131104,No
131105,Yes
131106,Yes
131107,Yes
131108,Yes
131109,Yes
131110,Yes
131111,Yes
131112,Yes
131113,Yes
131114,Yes
131115,Yes
131116,No
131117,Yes
131118,Yes
131119,Yes
131120,Yes
131121,No
131122,Yes
131123,Yes
131124,Yes
131125,Yes
131126,Yes
131127,No
131128,No
131129,Yes
131130,Yes
131131,No
131132,Yes
131133,No
131134,Yes
131135,No
131136,Yes
131137,No
131138,No
131139,Yes
131140,Yes
131141,Yes
131142,Yes
131143,No
131144,No
131145,Yes
131146,Yes
131147,Yes
131148,Yes
131149,Yes
131150,No
131151,No
131152,Yes
131153,No
131154,Yes
131155,Yes
131156,No
131157,No
131158,Yes
131159,No
131160,Yes
131161,Yes
131162,Yes
131163,Yes
131164,Yes
131165,Yes
131166,Yes
131167,No
131168,Yes
131169,No
131170,Yes
131171,Yes
131172,Yes
131173,Yes
131174,Yes
131175,Yes
131176,No
131177,Yes
131178,Yes
131179,No
131180,No
131181,Yes
131182,Yes
131183,Yes
131184,No
131185,No
131186,Yes
131187,Yes
131188,Yes
131189,No
131190,No
131191,No
131192,Yes
131193,Yes
131194,Yes
131195,No
131196,Yes
131197,No
131198,Yes
131199,No
131200,Yes
131201,Yes
131202,No
131203,Yes
131204,Yes
131205,Yes
131206,Yes
131207,Yes
131208,Yes
131209,No
131210,Yes
131211,Yes
131212,Yes
131213,Yes
131214,Yes
131215,No
131216,Yes
131217,No
131218,Yes
131219,Yes
131220,Yes
131221,Yes
131222,Yes
131223,No
131224,Yes
131225,No
131226,No
131227,Yes
131228,No
131229,Yes
131230,No
131231,Yes
131232,No
131233,Yes
131234,No
131235,Yes
131236,Yes
131237,Yes
131238,Yes
131239,Yes
131240,Yes
131241,Yes
131242,No
131243,Yes
131244,Yes
131245,No
131246,Yes
131247,Yes
131248,Yes
131249,Yes
131250,Yes
131251,Yes
131252,Yes
131253,Yes
131254,No
131255,Yes
131256,Yes
131257,No
131258,Yes
131259,No
131260,Yes
131261,No
131262,Yes
131263,No
131264,Yes
131265,Yes
131266,Yes
131267,Yes
131268,Yes
131269,Yes
131270,No
131271,Yes
131272,No
131273,No
131274,Yes
131275,No
131276,No
131277,No
131278,Yes
131279,Yes
131280,Yes
131281,Yes
131282,No
131283,No
131284,Yes
131285,Yes
131286,Yes
131287,Yes
131288,No
131289,No
131290,No
131291,Yes
131292,Yes
131293,Yes
131294,No
131295,No
131296,Yes
131297,Yes
131298,Yes
131299,Yes
131300,Yes
131301,Yes
131302,No
131303,Yes
131304,Yes
131305,No
131306,Yes
131307,Yes
131308,Yes
131309,Yes
131310,Yes
131311,No
131312,Yes
131313,Yes
131314,Yes
131315,Yes
131316,Yes
131317,Yes
131318,Yes
131319,No
131320,No
131321,Yes
131322,Yes
131323,No
131324,Yes
131325,No
131326,Yes
131327,Yes
131328,Yes
131329,No
131330,Yes
131331,Yes
131332,Yes
131333,No
131334,Yes
131335,No
131336,No
131337,Yes
131338,Yes
131339,Yes
131340,Yes
131341,Yes
131342,No
131343,No
131344,Yes
131345,Yes
131346,Yes
131347,No
131348,No
131349,No
131350,No
131351,Yes
131352,Yes
131353,Yes
131354,No
131355,Yes
131356,Yes
131357,No
131358,Yes
131359,Yes
131360,Yes
131361,Yes
131362,Yes
131363,Yes
131364,No
131365,Yes
131366,No
131367,No
131368,Yes
131369,Yes
131370,No
131371,No
131372,No
131373,Yes
131374,Yes
131375,No
131376,No
131377,No
131378,No
131379,Yes
131380,Yes
131381,Yes
131382,Yes
131383,Yes
131384,Yes
131385,Yes
131386,Yes
131387,Yes
131388,Yes
131389,Yes
131390,Yes
131391,No
131392,No
131393,Yes
131394,Yes
131395,No
131396,Yes
131397,Yes
131398,Yes
131399,Yes
131400,Yes
131401,Yes
131402,No
131403,No
131404,Yes
131405,Yes
131406,No
131407,No
131408,No
131409,Yes
131410,Yes
131411,Yes
131412,Yes
131413,Yes
131414,No
131415,Yes
131416,No
131417,Yes
131418,Yes
131419,Yes
131420,Yes
131421,Yes
131422,Yes
131423,No
131424,Yes
131425,Yes
131426,Yes
131427,No
131428,No
131429,Yes
131430,Yes
131431,No
131432,No
131433,No
131434,Yes
131435,No
131436,Yes
131437,Yes
131438,Yes
131439,Yes
131440,Yes
131441,No
131442,Yes
131443,Yes
131444,Yes
131445,Yes
131446,Yes
131447,Yes
131448,No
131449,Yes
131450,No
131451,Yes
131452,No
131453,No
131454,Yes
131455,Yes
131456,Yes
131457,Yes
131458,Yes
131459,No
131460,Yes
131461,No
131462,Yes
131463,No
131464,No
131465,Yes
131466,Yes
131467,Yes
131468,Yes
131469,Yes
131470,No
131471,No
131472,Yes
131473,Yes
131474,Yes
131475,Yes
131476,No
131477,Yes
131478,Yes
131479,Yes
131480,Yes
131481,Yes
131482,Yes
131483,Yes
131484,No
131485,Yes
131486,Yes
131487,No
131488,Yes
131489,Yes
131490,Yes
131491,Yes
131492,Yes
131493,Yes
131494,Yes
131495,No
131496,No
131497,Yes
131498,Yes
131499,Yes
131500,Yes
131501,No
131502,Yes
131503,Yes
131504,Yes
131505,Yes
131506,Yes
131507,No
131508,Yes
131509,Yes
131510,Yes
131511,Yes
131512,Yes
131513,Yes
131514,No
131515,Yes
131516,Yes
131517,Yes
131518,No
131519,No
131520,Yes
131521,Yes
131522,Yes
131523,Yes
131524,No
131525,Yes
131526,Yes
131527,Yes
131528,Yes
131529,Yes
131530,Yes
131531,Yes
131532,Yes
131533,Yes
131534,No
131535,No
131536,No
131537,No
131538,Yes
131539,No
131540,Yes
131541,Yes
131542,Yes
131543,Yes
131544,Yes
131545,Yes
131546,Yes
131547,No
131548,Yes
131549,Yes
131550,Yes
131551,No
131552,No
131553,Yes
131554,Yes
131555,Yes
131556,No
131557,Yes
131558,Yes
131559,Yes
131560,Yes
131561,Yes
131562,No
131563,No
131564,Yes
131565,Yes
131566,Yes
131567,No
131568,Yes
131569,Yes
131570,Yes
131571,No
131572,No
131573,Yes
131574,Yes
131575,No
131576,Yes
131577,No
131578,No
131579,Yes
131580,Yes
131581,Yes
131582,Yes
131583,No
131584,Yes
131585,Yes
131586,Yes
131587,Yes
131588,Yes
131589,Yes
131590,No
131591,Yes
131592,Yes
131593,Yes
131594,Yes
131595,Yes
131596,Yes
131597,Yes
131598,Yes
131599,Yes
131600,Yes
131601,Yes
131602,Yes
131603,Yes
131604,No
131605,No
131606,Yes
131607,No
131608,Yes
131609,Yes
131610,Yes
131611,Yes
131612,No
131613,Yes
131614,Yes
131615,Yes
131616,No
131617,No
131618,Yes
131619,No
131620,Yes
131621,Yes
131622,No
131623,Yes
131624,Yes
131625,No
131626,Yes
131627,Yes
131628,No
131629,No
131630,No
131631,No
131632,Yes
131633,Yes
131634,Yes
131635,No
131636,Yes
131637,No
131638,Yes
131639,No
131640,No
131641,No
131642,Yes
131643,Yes
131644,No
131645,Yes
131646,Yes
131647,Yes
131648,Yes
131649,No
131650,Yes
131651,Yes
131652,Yes
131653,Yes
131654,No
131655,Yes
131656,Yes
131657,No
131658,Yes
131659,Yes
131660,No
131661,Yes
131662,Yes
131663,No
131664,Yes
131665,No
131666,No
131667,No
131668,No
131669,Yes
131670,No
131671,No
131672,No
131673,No
131674,Yes
131675,Yes
131676,Yes
131677,Yes
131678,Yes
131679,No
131680,Yes
131681,No
131682,No
131683,Yes
131684,Yes
131685,Yes
131686,No
131687,Yes
131688,Yes
131689,No
131690,No
131691,Yes
131692,Yes
131693,Yes
131694,Yes
131695,Yes
131696,Yes
131697,Yes
131698,Yes
131699,Yes
131700,Yes
131701,Yes
131702,Yes
131703,No
131704,No
131705,No
131706,Yes
131707,Yes
131708,Yes
131709,Yes
131710,Yes
131711,Yes
131712,Yes
131713,Yes
131714,Yes
131715,Yes
131716,No
131717,Yes
131718,No
131719,No
131720,Yes
131721,Yes
131722,Yes
131723,No
131724,Yes
131725,Yes
131726,Yes
131727,Yes
131728,Yes
131729,Yes
131730,Yes
131731,Yes
131732,Yes
131733,No
131734,Yes
131735,No
131736,No
131737,No
131738,Yes
131739,Yes
131740,No
131741,Yes
131742,Yes
131743,Yes
131744,Yes
131745,No
131746,No
131747,Yes
131748,Yes
131749,Yes
131750,Yes
131751,Yes
131752,Yes
131753,Yes
131754,No
131755,Yes
131756,Yes
131757,Yes
131758,Yes
131759,Yes
131760,No
131761,No
131762,Yes
131763,No
131764,No
131765,Yes
131766,No
131767,Yes
131768,Yes
131769,Yes
131770,Yes
131771,Yes
131772,No
131773,No
131774,Yes
131775,Yes
131776,Yes
131777,Yes
131778,No
131779,Yes
131780,Yes
131781,Yes
131782,No
131783,Yes
131784,Yes
131785,Yes
131786,Yes
131787,No
131788,No
131789,No
131790,No
131791,Yes
131792,No
131793,No
131794,No
131795,No
131796,No
131797,Yes
131798,No
131799,No
131800,Yes
131801,No
131802,Yes
131803,No
131804,No
131805,Yes
131806,No
131807,No
131808,Yes
131809,No
131810,Yes
131811,Yes
131812,Yes
131813,No
131814,Yes
131815,Yes
131816,No
131817,Yes
131818,No
131819,No
131820,Yes
131821,Yes
131822,Yes
131823,No
131824,Yes
131825,No
131826,No
131827,No
131828,No
131829,Yes
131830,Yes
131831,Yes
131832,No
131833,Yes
131834,Yes
131835,Yes
131836,Yes
131837,Yes
131838,No
131839,Yes
131840,No
131841,Yes
131842,No
131843,No
131844,Yes
131845,No
131846,Yes
131847,No
131848,Yes
131849,Yes
131850,No
131851,Yes
131852,No
131853,No
131854,No
131855,No
131856,Yes
131857,Yes
131858,Yes
131859,No
131860,No
131861,Yes
131862,Yes
131863,Yes
131864,No
131865,Yes
131866,No
131867,Yes
131868,No
131869,Yes
131870,Yes
131871,No
131872,No
131873,Yes
131874,Yes
131875,Yes
131876,No
131877,Yes
131878,Yes
131879,No
131880,No
131881,Yes
131882,Yes
131883,Yes
131884,Yes
131885,Yes
131886,Yes
131887,No
131888,Yes
131889,Yes
131890,No
131891,Yes
131892,No
131893,Yes
131894,Yes
131895,Yes
131896,Yes
131897,Yes
131898,No
131899,Yes
131900,No
131901,No
131902,No
131903,Yes
131904,Yes
131905,Yes
131906,Yes
131907,Yes
131908,No
131909,No
131910,No
131911,Yes
131912,No
131913,Yes
131914,Yes
131915,Yes
131916,Yes
131917,No
131918,Yes
131919,Yes
131920,No
131921,Yes
131922,Yes
131923,Yes
131924,No
131925,Yes
131926,Yes
131927,No
131928,Yes
131929,No
131930,No
131931,Yes
131932,No
131933,Yes
131934,No
131935,Yes
131936,No
131937,Yes
131938,No
131939,No
131940,Yes
131941,Yes
131942,No
131943,Yes
131944,No
131945,No
131946,Yes
131947,Yes
131948,No
131949,No
131950,Yes
131951,Yes
131952,Yes
131953,No
131954,Yes
131955,Yes
131956,No
131957,Yes
131958,Yes
131959,Yes
131960,Yes
131961,Yes
131962,Yes
131963,Yes
131964,Yes
131965,Yes
131966,Yes
131967,No
131968,No
131969,Yes
131970,No
131971,Yes
131972,Yes
131973,Yes
131974,Yes
131975,Yes
131976,Yes
131977,No
131978,No
131979,Yes
131980,Yes
131981,Yes
131982,No
131983,No
131984,No
131985,Yes
131986,Yes
131987,No
131988,Yes
131989,Yes
131990,Yes
131991,No
131992,Yes
131993,Yes
131994,Yes
131995,Yes
131996,No
131997,Yes
131998,Yes
131999,Yes
132000,Yes
132001,Yes
132002,Yes
132003,Yes
132004,No
132005,Yes
132006,Yes
132007,No
132008,No
132009,Yes
132010,No
132011,No
132012,Yes
132013,Yes
132014,No
132015,Yes
132016,Yes
132017,Yes
132018,Yes
132019,Yes
132020,No
132021,No
132022,No
132023,Yes
132024,Yes
132025,Yes
132026,No
132027,Yes
132028,No
132029,Yes
132030,No
132031,Yes
132032,No
132033,Yes
132034,No
132035,Yes
132036,Yes
132037,Yes
132038,Yes
132039,Yes
132040,No
132041,Yes
132042,Yes
132043,Yes
132044,Yes
132045,Yes
132046,No
132047,No
132048,Yes
132049,Yes
132050,No
132051,No
132052,Yes
132053,Yes
132054,No
132055,Yes
132056,Yes
132057,Yes
132058,No
132059,Yes
132060,Yes
132061,Yes
132062,No
132063,No
132064,Yes
132065,Yes
132066,No
132067,No
132068,Yes
132069,Yes
132070,Yes
132071,No
132072,Yes
132073,Yes
132074,Yes
132075,Yes
132076,Yes
132077,Yes
132078,Yes
132079,Yes
132080,No
132081,No
132082,No
132083,No
132084,No
132085,Yes
132086,Yes
132087,Yes
132088,Yes
132089,No
132090,Yes
132091,Yes
132092,Yes
132093,Yes
132094,Yes
132095,No
132096,No
132097,No
132098,No
132099,Yes
132100,Yes
132101,No
132102,Yes
132103,No
132104,No
132105,Yes
132106,Yes
132107,No
132108,Yes
132109,Yes
132110,Yes
132111,Yes
132112,Yes
132113,No
132114,Yes
132115,Yes
132116,Yes
132117,Yes
132118,No
132119,No
132120,No
132121,Yes
132122,Yes
132123,Yes
132124,Yes
132125,Yes
132126,Yes
132127,Yes
132128,No
132129,Yes
132130,Yes
132131,No
132132,Yes
132133,Yes
132134,No
132135,No
132136,No
132137,Yes
132138,No
132139,No
132140,No
132141,Yes
132142,Yes
132143,Yes
132144,Yes
132145,No
132146,Yes
132147,No
132148,No
132149,No
132150,Yes
132151,Yes
132152,No
132153,No
132154,Yes
132155,No
132156,No
132157,Yes
132158,Yes
132159,Yes
132160,No
132161,Yes
132162,Yes
132163,No
132164,Yes
132165,Yes
132166,Yes
132167,No
132168,Yes
132169,Yes
132170,No
132171,Yes
132172,No
132173,Yes
132174,Yes
132175,Yes
132176,Yes
132177,Yes
132178,No
132179,Yes
132180,Yes
132181,No
132182,Yes
132183,Yes
132184,Yes
132185,Yes
132186,No
132187,Yes
132188,Yes
132189,Yes
132190,Yes
132191,Yes
132192,Yes
132193,No
132194,No
132195,Yes
132196,Yes
132197,Yes
132198,No
132199,Yes
132200,No
132201,Yes
132202,Yes
132203,Yes
132204,No
132205,Yes
132206,No
132207,Yes
132208,Yes
132209,Yes
132210,Yes
132211,No
132212,Yes
132213,Yes
132214,No
132215,Yes
132216,Yes
132217,Yes
132218,No
132219,Yes
132220,Yes
132221,No
132222,Yes
132223,Yes
132224,Yes
132225,Yes
132226,Yes
132227,Yes
132228,No
132229,Yes
132230,Yes
132231,Yes
132232,No
132233,Yes
132234,Yes
132235,Yes
132236,Yes
132237,Yes
132238,Yes
132239,No
132240,Yes
132241,Yes
132242,Yes
132243,Yes
132244,No
132245,No
132246,No
132247,Yes
132248,Yes
132249,Yes
132250,Yes
132251,No
132252,Yes
132253,Yes
132254,Yes
132255,Yes
132256,Yes
132257,Yes
132258,Yes
132259,No
132260,No
132261,Yes
132262,Yes
132263,Yes
132264,Yes
132265,Yes
132266,Yes
132267,Yes
132268,No
132269,Yes
132270,Yes
132271,Yes
132272,No
132273,No
132274,Yes
132275,No
132276,No
132277,No
132278,Yes
132279,Yes
132280,Yes
132281,Yes
132282,Yes
132283,No
132284,Yes
132285,Yes
132286,Yes
132287,No
132288,Yes
132289,No
132290,No
132291,No
132292,Yes
132293,Yes
132294,Yes
132295,No
132296,Yes
132297,Yes
132298,No
132299,Yes
132300,Yes
132301,Yes
132302,No
132303,No
132304,Yes
132305,Yes
132306,Yes
132307,Yes
132308,Yes
132309,Yes
132310,Yes
132311,No
132312,Yes
132313,No
132314,Yes
132315,Yes
132316,No
132317,Yes
132318,Yes
132319,No
132320,No
132321,Yes
132322,No
132323,Yes
132324,Yes
132325,Yes
132326,Yes
132327,Yes
132328,Yes
132329,Yes
132330,Yes
132331,No
132332,Yes
132333,Yes
132334,No
132335,Yes
132336,No
132337,No
132338,Yes
132339,Yes
132340,Yes
132341,No
132342,No
132343,Yes
132344,Yes
132345,No
132346,No
132347,Yes
132348,Yes
132349,Yes
132350,No
132351,No
132352,Yes
132353,No
132354,No
132355,No
132356,Yes
132357,No
132358,Yes
132359,Yes
132360,No
132361,Yes
132362,Yes
132363,Yes
132364,No
132365,Yes
132366,Yes
132367,No
132368,Yes
132369,Yes
132370,Yes
132371,Yes
132372,Yes
132373,No
132374,Yes
132375,Yes
132376,Yes
132377,Yes
132378,No
132379,No
132380,No
132381,Yes
132382,Yes
132383,Yes
132384,Yes
132385,Yes
132386,Yes
132387,Yes
132388,Yes
132389,Yes
132390,Yes
132391,Yes
132392,No
132393,Yes
132394,No
132395,Yes
132396,Yes
132397,Yes
132398,No
132399,Yes
132400,Yes
132401,Yes
132402,No
132403,Yes
132404,No
132405,Yes
132406,Yes
132407,No
132408,No
132409,No
132410,Yes
132411,No
132412,Yes
132413,No
132414,Yes
132415,No
132416,Yes
132417,Yes
132418,Yes
132419,No
132420,Yes
132421,No
132422,Yes
132423,Yes
132424,Yes
132425,Yes
132426,Yes
132427,Yes
132428,Yes
132429,Yes
132430,Yes
132431,Yes
132432,Yes
132433,Yes
132434,Yes
132435,Yes
132436,Yes
132437,Yes
132438,Yes
132439,No
132440,Yes
132441,Yes
132442,Yes
132443,No
132444,Yes
132445,No
132446,No
132447,Yes
132448,Yes
132449,No
132450,Yes
132451,No
132452,No
132453,Yes
132454,Yes
132455,Yes
132456,Yes
132457,No
132458,No
132459,No
132460,No
132461,Yes
132462,Yes
132463,Yes
132464,Yes
132465,Yes
132466,No
132467,No
132468,Yes
132469,Yes
132470,Yes
132471,No
132472,Yes
132473,Yes
132474,Yes
132475,Yes
132476,Yes
132477,Yes
132478,Yes
132479,Yes
132480,Yes
132481,Yes
132482,No
132483,No
132484,Yes
132485,Yes
132486,Yes
132487,Yes
132488,No
132489,Yes
132490,Yes
132491,No
132492,Yes
132493,Yes
132494,Yes
132495,Yes
132496,Yes
132497,Yes
132498,No
132499,No
132500,No
132501,Yes
132502,Yes
132503,Yes
132504,Yes
132505,Yes
132506,Yes
132507,No
132508,Yes
132509,Yes
132510,Yes
132511,Yes
132512,No
132513,No
132514,Yes
132515,Yes
132516,No
132517,No
132518,Yes
132519,Yes
132520,Yes
132521,No
132522,No
132523,Yes
132524,Yes
132525,No
132526,No
132527,Yes
132528,No
132529,No
132530,Yes
132531,Yes
132532,Yes
132533,Yes
132534,Yes
132535,Yes
132536,No
132537,Yes
132538,Yes
132539,No
132540,Yes
132541,Yes
132542,Yes
132543,No
132544,Yes
132545,Yes
132546,Yes
132547,Yes
132548,No
132549,Yes
132550,Yes
132551,No
132552,Yes
132553,Yes
132554,No
132555,No
132556,Yes
132557,Yes
132558,Yes
132559,Yes
132560,Yes
132561,No
132562,Yes
132563,Yes
132564,No
132565,Yes
132566,Yes
132567,Yes
132568,Yes
132569,Yes
132570,Yes
132571,Yes
132572,Yes
132573,Yes
132574,Yes
132575,Yes
132576,No
132577,No
132578,Yes
132579,Yes
132580,Yes
132581,No
132582,No
132583,No
132584,Yes
132585,Yes
132586,No
132587,Yes
132588,Yes
132589,Yes
132590,Yes
132591,Yes
132592,Yes
132593,Yes
132594,Yes
132595,Yes
132596,Yes
132597,Yes
132598,Yes
132599,Yes
132600,Yes
132601,Yes
132602,Yes
132603,Yes
132604,Yes
132605,Yes
132606,Yes
132607,Yes
132608,No
132609,Yes
132610,Yes
132611,Yes
132612,No
132613,No
132614,No
132615,Yes
132616,Yes
132617,Yes
132618,Yes
132619,Yes
132620,Yes
132621,Yes
132622,No
132623,No
132624,Yes
132625,No
132626,Yes
132627,Yes
132628,Yes
132629,Yes
132630,Yes
132631,No
132632,Yes
132633,Yes
132634,No
132635,Yes
132636,No
132637,No
132638,No
132639,Yes
132640,No
132641,Yes
132642,Yes
132643,No
132644,No
132645,Yes
132646,Yes
132647,Yes
132648,Yes
132649,Yes
132650,Yes
132651,No
132652,No
132653,Yes
132654,Yes
132655,Yes
132656,No
132657,Yes
132658,No
132659,Yes
132660,No
132661,Yes
132662,No
132663,Yes
132664,Yes
132665,Yes
132666,Yes
132667,No
132668,Yes
132669,Yes
132670,Yes
132671,No
132672,No
132673,No
132674,Yes
132675,No
132676,Yes
132677,Yes
132678,Yes
132679,Yes
132680,Yes
132681,Yes
132682,Yes
132683,Yes
132684,Yes
132685,Yes
132686,No
132687,Yes
132688,Yes
132689,Yes
132690,No
132691,Yes
132692,No
132693,Yes
132694,No
132695,Yes
132696,Yes
132697,Yes
132698,Yes
132699,Yes
132700,No
132701,No
132702,Yes
132703,No
132704,Yes
132705,Yes
132706,Yes
132707,Yes
132708,No
132709,No
132710,Yes
132711,No
132712,No
132713,Yes
132714,No
132715,Yes
132716,Yes
132717,Yes
132718,Yes
132719,Yes
132720,No
132721,Yes
132722,Yes
132723,Yes
132724,No
132725,No
132726,No
132727,Yes
132728,No
132729,Yes
132730,Yes
132731,No
132732,Yes
132733,Yes
132734,Yes
132735,Yes
132736,Yes
132737,Yes
132738,No
132739,Yes
132740,No
132741,No
132742,Yes
132743,Yes
132744,No
132745,No
132746,No
132747,Yes
132748,Yes
132749,No
132750,Yes
132751,No
132752,Yes
132753,No
132754,No
132755,Yes
132756,Yes
132757,No
132758,No
132759,No
132760,Yes
132761,Yes
132762,No
132763,Yes
132764,Yes
132765,Yes
132766,Yes
132767,Yes
132768,Yes
132769,Yes
132770,Yes
132771,Yes
132772,No
132773,Yes
132774,Yes
132775,Yes
132776,Yes
132777,Yes
132778,Yes
132779,Yes
132780,No
132781,No
132782,Yes
132783,Yes
132784,Yes
132785,No
132786,Yes
132787,No
132788,Yes
132789,Yes
132790,No
132791,Yes
132792,Yes
132793,Yes
132794,No
132795,Yes
132796,No
132797,Yes
132798,No
132799,Yes
132800,Yes
132801,Yes
132802,No
132803,No
132804,Yes
132805,No
132806,Yes
132807,No
132808,Yes
132809,No
132810,No
132811,No
132812,Yes
132813,No
132814,Yes
132815,No
132816,Yes
132817,Yes
132818,Yes
132819,Yes
132820,No
132821,Yes
132822,No
132823,No
132824,Yes
132825,Yes
132826,Yes
132827,Yes
132828,Yes
132829,Yes
132830,Yes
132831,No
132832,No
132833,No
132834,No
132835,Yes
132836,No
132837,No
132838,Yes
132839,No
132840,Yes
132841,Yes
132842,No
132843,Yes
132844,Yes
132845,No
132846,Yes
132847,No
132848,No
132849,No
132850,Yes
132851,Yes
132852,Yes
132853,Yes
132854,Yes
132855,No
132856,Yes
132857,No
132858,Yes
132859,Yes
132860,Yes
132861,No
132862,No
132863,No
132864,Yes
132865,Yes
132866,No
132867,Yes
132868,No
132869,Yes
132870,Yes
132871,Yes
132872,Yes
132873,No
132874,Yes
132875,Yes
132876,Yes
132877,No
132878,Yes
132879,Yes
132880,Yes
132881,No
132882,No
132883,No
132884,Yes
132885,Yes
132886,No
132887,Yes
132888,Yes
132889,Yes
132890,Yes
132891,No
132892,Yes
132893,Yes
132894,No
132895,Yes
132896,Yes
132897,Yes
132898,No
132899,Yes
132900,No
132901,Yes
132902,Yes
132903,Yes
132904,No
132905,No
132906,Yes
132907,Yes
132908,Yes
132909,Yes
132910,Yes
132911,No
132912,No
132913,Yes
132914,Yes
132915,Yes
132916,No
132917,No
132918,Yes
132919,Yes
132920,Yes
132921,Yes
132922,No
132923,Yes
132924,Yes
132925,Yes
132926,Yes
132927,Yes
132928,Yes
132929,Yes
132930,Yes
132931,Yes
132932,No
132933,Yes
132934,Yes
132935,No
132936,Yes
132937,Yes
132938,No
132939,Yes
132940,Yes
132941,Yes
132942,No
132943,Yes
132944,Yes
132945,Yes
132946,No
132947,Yes
132948,Yes
132949,No
132950,No
132951,Yes
132952,Yes
132953,Yes
132954,Yes
132955,Yes
132956,Yes
132957,Yes
132958,Yes
132959,Yes
132960,Yes
132961,Yes
132962,Yes
132963,No
132964,Yes
132965,No
132966,Yes
132967,No
132968,Yes
132969,No
132970,Yes
132971,Yes
132972,No
132973,Yes
132974,Yes
132975,No
132976,Yes
132977,Yes
132978,Yes
132979,Yes
132980,No
132981,Yes
132982,Yes
132983,No
132984,Yes
132985,No
132986,Yes
132987,Yes
132988,Yes
132989,No
132990,Yes
132991,No
132992,No
132993,Yes
132994,Yes
132995,Yes
132996,Yes
132997,Yes
132998,Yes
132999,Yes
133000,No
133001,Yes
133002,No
133003,Yes
133004,Yes
133005,Yes
133006,Yes
133007,No
133008,Yes
133009,No
133010,Yes
133011,No
133012,Yes
133013,Yes
133014,Yes
133015,No
133016,Yes
133017,Yes
133018,No
133019,Yes
133020,Yes
133021,No
133022,Yes
133023,Yes
133024,No
133025,Yes
133026,Yes
133027,Yes
133028,No
133029,Yes
133030,Yes
133031,No
133032,No
133033,Yes
133034,No
133035,No
133036,Yes
133037,Yes
133038,Yes
133039,No
133040,No
133041,Yes
133042,No
133043,No
133044,No
133045,Yes
133046,Yes
133047,Yes
133048,Yes
133049,No
133050,Yes
133051,Yes
133052,No
133053,Yes
133054,No
133055,Yes
133056,No
133057,Yes
133058,No
133059,Yes
133060,Yes
133061,No
133062,No
133063,Yes
133064,Yes
133065,Yes
133066,Yes
133067,Yes
133068,Yes
133069,Yes
133070,Yes
133071,No
133072,No
133073,No
133074,No
133075,Yes
133076,No
133077,No
133078,No
133079,No
133080,Yes
133081,No
133082,Yes
133083,Yes
133084,No
133085,No
133086,Yes
133087,Yes
133088,Yes
133089,Yes
133090,Yes
133091,Yes
133092,No
133093,Yes
133094,Yes
133095,Yes
133096,No
133097,Yes
133098,No
133099,Yes
133100,Yes
133101,Yes
133102,No
133103,Yes
133104,Yes
133105,No
133106,No
133107,Yes
133108,No
133109,Yes
133110,Yes
133111,Yes
133112,Yes
133113,Yes
133114,Yes
133115,Yes
133116,No
133117,Yes
133118,Yes
133119,Yes
133120,Yes
133121,Yes
133122,No
133123,No
133124,Yes
133125,Yes
133126,Yes
133127,Yes
133128,No
133129,No
133130,Yes
133131,No
133132,No
133133,Yes
133134,Yes
133135,Yes
133136,Yes
133137,No
133138,Yes
133139,No
133140,Yes
133141,Yes
133142,Yes
133143,Yes
133144,Yes
133145,No
133146,Yes
133147,No
133148,Yes
133149,Yes
133150,Yes
133151,No
133152,Yes
133153,Yes
133154,Yes
133155,Yes
133156,Yes
133157,No
133158,No
133159,No
133160,Yes
133161,No
133162,Yes
133163,Yes
133164,Yes
133165,Yes
133166,No
133167,Yes
133168,Yes
133169,Yes
133170,Yes
133171,No
133172,Yes
133173,Yes
133174,Yes
133175,Yes
133176,No
133177,Yes
133178,Yes
133179,Yes
133180,Yes
133181,No
133182,Yes
133183,Yes
133184,Yes
133185,Yes
133186,No
133187,Yes
133188,No
133189,Yes
133190,No
133191,Yes
133192,No
133193,Yes
133194,Yes
133195,No
133196,No
133197,No
133198,No
133199,No
133200,Yes
133201,Yes
133202,No
133203,Yes
133204,Yes
133205,Yes
133206,No
133207,Yes
133208,Yes
133209,No
133210,Yes
133211,No
133212,No
133213,No
133214,Yes
133215,No
133216,Yes
133217,Yes
133218,Yes
133219,No
133220,Yes
133221,Yes
133222,Yes
133223,Yes
133224,No
133225,Yes
133226,Yes
133227,Yes
133228,Yes
133229,Yes
133230,No
133231,Yes
133232,Yes
133233,Yes
133234,No
133235,Yes
133236,No
133237,No
133238,Yes
133239,No
133240,No
133241,Yes
133242,No
133243,Yes
133244,Yes
133245,Yes
133246,Yes
133247,Yes
133248,No
133249,Yes
133250,Yes
133251,Yes
133252,Yes
133253,Yes
133254,No
133255,Yes
133256,Yes
133257,No
133258,No
133259,Yes
133260,Yes
133261,Yes
133262,Yes
133263,No
133264,Yes
133265,Yes
133266,Yes
133267,No
133268,No
133269,No
133270,Yes
133271,Yes
133272,Yes
133273,Yes
133274,No
133275,No
133276,No
133277,Yes
133278,No
133279,Yes
133280,Yes
133281,No
133282,Yes
133283,Yes
133284,Yes
133285,No
133286,Yes
133287,No
133288,No
133289,Yes
133290,Yes
133291,No
133292,No
133293,Yes
133294,Yes
133295,Yes
133296,Yes
133297,Yes
133298,Yes
133299,Yes
133300,Yes
133301,No
133302,No
133303,No
133304,No
133305,No
133306,Yes
133307,Yes
133308,No
133309,Yes
133310,No
133311,No
133312,Yes
133313,Yes
133314,No
133315,Yes
133316,No
133317,Yes
133318,No
133319,Yes
133320,Yes
133321,No
133322,Yes
133323,Yes
133324,No
133325,Yes
133326,Yes
133327,No
133328,Yes
133329,Yes
133330,Yes
133331,Yes
133332,Yes
133333,No
133334,Yes
133335,No
133336,Yes
133337,No
133338,Yes
133339,No
133340,Yes
133341,Yes
133342,Yes
133343,Yes
133344,No
133345,Yes
133346,No
133347,Yes
133348,Yes
133349,Yes
133350,Yes
133351,No
133352,Yes
133353,No
133354,No
133355,Yes
133356,Yes
133357,No
133358,No
133359,Yes
133360,No
133361,No
133362,Yes
133363,No
133364,No
133365,No
133366,Yes
133367,Yes
133368,Yes
133369,Yes
133370,No
133371,No
133372,Yes
133373,Yes
133374,Yes
133375,No
133376,Yes
133377,Yes
133378,Yes
133379,Yes
133380,Yes
133381,Yes
133382,Yes
133383,No
133384,Yes
133385,No
133386,Yes
133387,Yes
133388,Yes
133389,No
133390,Yes
133391,Yes
133392,No
133393,Yes
133394,Yes
133395,Yes
133396,No
133397,Yes
133398,Yes
133399,Yes
133400,Yes
133401,Yes
133402,No
133403,Yes
133404,No
133405,Yes
133406,No
133407,No
133408,Yes
133409,Yes
133410,Yes
133411,Yes
133412,No
133413,Yes
133414,Yes
133415,Yes
133416,Yes
133417,Yes
133418,No
133419,Yes
133420,No
133421,Yes
133422,Yes
133423,Yes
133424,No
133425,Yes
133426,Yes
133427,Yes
133428,Yes
133429,No
133430,Yes
133431,Yes
133432,Yes
133433,No
133434,No
133435,Yes
133436,Yes
133437,No
133438,No
133439,No
133440,Yes
133441,Yes
133442,No
133443,No
133444,Yes
133445,Yes
133446,Yes
133447,Yes
133448,No
133449,Yes
133450,No
133451,No
133452,Yes
133453,Yes
133454,Yes
133455,Yes
133456,Yes
133457,Yes
133458,Yes
133459,No
133460,No
133461,Yes
133462,Yes
133463,No
133464,Yes
133465,No
133466,Yes
133467,Yes
133468,No
133469,Yes
133470,Yes
133471,Yes
133472,No
133473,Yes
133474,No
133475,Yes
133476,Yes
133477,Yes
133478,Yes
133479,Yes
133480,Yes
133481,No
133482,Yes
133483,Yes
133484,Yes
133485,Yes
133486,Yes
133487,No
133488,No
133489,Yes
133490,Yes
133491,No
133492,Yes
133493,No
133494,No
133495,Yes
133496,Yes
133497,Yes
133498,Yes
133499,No
133500,Yes
133501,Yes
133502,No
133503,Yes
133504,Yes
133505,Yes
133506,No
133507,Yes
133508,Yes
133509,Yes
133510,No
133511,No
133512,No
133513,No
133514,Yes
133515,Yes
133516,No
133517,Yes
133518,No
133519,No
133520,Yes
133521,No
133522,No
133523,Yes
133524,No
133525,No
133526,Yes
133527,Yes
133528,Yes
133529,Yes
133530,Yes
133531,No
133532,No
133533,No
133534,No
133535,Yes
133536,No
133537,Yes
133538,Yes
133539,No
133540,Yes
133541,Yes
133542,No
133543,Yes
133544,No
133545,Yes
133546,Yes
133547,Yes
133548,No
133549,No
133550,Yes
133551,Yes
133552,Yes
133553,No
133554,Yes
133555,Yes
133556,Yes
133557,Yes
133558,Yes
133559,No
133560,Yes
133561,Yes
133562,Yes
133563,Yes
133564,Yes
133565,Yes
133566,Yes
133567,Yes
133568,No
133569,No
133570,Yes
133571,Yes
133572,Yes
133573,Yes
133574,Yes
133575,Yes
133576,Yes
133577,Yes
133578,Yes
133579,Yes
133580,No
133581,No
133582,No
133583,Yes
133584,Yes
133585,Yes
133586,Yes
133587,Yes
133588,Yes
133589,Yes
133590,No
133591,Yes
133592,No
133593,No
133594,Yes
133595,Yes
133596,Yes
133597,No
133598,Yes
133599,No
133600,Yes
133601,Yes
133602,Yes
133603,Yes
133604,Yes
133605,Yes
133606,Yes
133607,No
133608,No
133609,Yes
133610,Yes
133611,Yes
133612,Yes
133613,No
133614,Yes
133615,Yes
133616,No
133617,Yes
133618,No
133619,Yes
133620,Yes
133621,Yes
133622,No
133623,Yes
133624,Yes
133625,No
133626,Yes
133627,Yes
133628,Yes
133629,Yes
133630,Yes
133631,Yes
133632,Yes
133633,Yes
133634,Yes
133635,Yes
133636,Yes
133637,No
133638,Yes
133639,Yes
133640,Yes
133641,Yes
133642,No
133643,Yes
133644,Yes
133645,No
133646,Yes
133647,Yes
133648,Yes
133649,No
133650,No
133651,Yes
133652,Yes
133653,No
133654,Yes
133655,Yes
133656,Yes
133657,No
133658,Yes
133659,Yes
133660,Yes
133661,Yes
133662,No
133663,Yes
133664,Yes
133665,Yes
133666,No
133667,Yes
133668,Yes
133669,No
133670,Yes
133671,Yes
133672,Yes
133673,Yes
133674,Yes
133675,Yes
133676,Yes
133677,Yes
133678,Yes
133679,Yes
133680,Yes
133681,Yes
133682,Yes
133683,Yes
133684,No
133685,No
133686,Yes
133687,No
133688,No
133689,Yes
133690,Yes
133691,No
133692,Yes
133693,Yes
133694,Yes
133695,No
133696,Yes
133697,No
133698,No
133699,Yes
133700,Yes
133701,Yes
133702,Yes
133703,Yes
133704,No
133705,No
133706,No
133707,No
133708,No
133709,Yes
133710,Yes
133711,No
133712,No
133713,Yes
133714,Yes
133715,Yes
133716,Yes
133717,No
133718,Yes
133719,No
133720,No
133721,Yes
133722,No
133723,Yes
133724,Yes
133725,No
133726,No
133727,Yes
133728,Yes
133729,No
133730,Yes
133731,No
133732,Yes
133733,No
133734,Yes
133735,Yes
133736,No
133737,Yes
133738,No
133739,No
133740,Yes
133741,Yes
133742,No
133743,Yes
133744,Yes
133745,Yes
133746,Yes
133747,Yes
133748,Yes
133749,No
133750,Yes
133751,No
133752,No
133753,Yes
133754,Yes
133755,Yes
133756,No
133757,No
133758,No
133759,Yes
133760,Yes
133761,Yes
133762,Yes
133763,Yes
133764,No
133765,No
133766,Yes
133767,Yes
133768,No
133769,Yes
133770,No
133771,Yes
133772,Yes
133773,No
133774,No
133775,No
133776,Yes
133777,Yes
133778,Yes
133779,Yes
133780,Yes
133781,Yes
133782,Yes
133783,No
133784,Yes
133785,Yes
133786,No
133787,No
133788,Yes
133789,Yes
133790,Yes
133791,Yes
133792,No
133793,Yes
133794,Yes
133795,Yes
133796,Yes
133797,No
133798,Yes
133799,Yes
133800,No
133801,Yes
133802,No
133803,Yes
133804,Yes
133805,Yes
133806,No
133807,No
133808,Yes
133809,Yes
133810,Yes
133811,Yes
133812,Yes
133813,Yes
133814,No
133815,Yes
133816,No
133817,Yes
133818,Yes
133819,No
133820,Yes
133821,No
133822,Yes
133823,No
133824,No
133825,No
133826,Yes
133827,Yes
133828,Yes
133829,Yes
133830,Yes
133831,Yes
133832,Yes
133833,Yes
133834,No
133835,Yes
133836,No
133837,No
133838,No
133839,Yes
133840,Yes
133841,No
133842,Yes
133843,Yes
133844,Yes
133845,Yes
133846,Yes
133847,Yes
133848,Yes
133849,No
133850,No
133851,No
133852,No
133853,Yes
133854,Yes
133855,Yes
133856,Yes
133857,Yes
133858,Yes
133859,No
133860,No
133861,Yes
133862,No
133863,Yes
133864,Yes
133865,Yes
133866,Yes
133867,Yes
133868,No
133869,Yes
133870,No
133871,No
133872,No
133873,Yes
133874,Yes
133875,No
133876,Yes
133877,No
133878,No
133879,No
133880,Yes
133881,Yes
133882,Yes
133883,Yes
133884,Yes
133885,Yes
133886,No
133887,Yes
133888,No
133889,No
133890,Yes
133891,Yes
133892,Yes
133893,No
133894,Yes
133895,Yes
133896,No
133897,No
133898,Yes
133899,No
133900,No
133901,Yes
133902,Yes
133903,Yes
133904,Yes
133905,Yes
133906,Yes
133907,Yes
133908,Yes
133909,No
133910,No
133911,No
133912,Yes
133913,Yes
133914,Yes
133915,Yes
133916,Yes
133917,No
133918,Yes
133919,Yes
133920,No
133921,No
133922,Yes
133923,Yes
133924,Yes
133925,Yes
133926,Yes
133927,Yes
133928,Yes
133929,Yes
133930,Yes
133931,No
133932,No
133933,Yes
133934,No
133935,No
133936,Yes
133937,Yes
133938,Yes
133939,Yes
133940,Yes
133941,Yes
133942,Yes
133943,Yes
133944,Yes
133945,Yes
133946,No
133947,Yes
133948,Yes
133949,Yes
133950,No
133951,No
133952,Yes
133953,No
133954,Yes
133955,Yes
133956,Yes
133957,No
133958,Yes
133959,Yes
133960,No
133961,No
133962,Yes
133963,Yes
133964,No
133965,No
133966,Yes
133967,Yes
133968,Yes
133969,Yes
133970,Yes
133971,No
133972,Yes
133973,No
133974,Yes
133975,Yes
133976,Yes
133977,Yes
133978,Yes
133979,No
133980,Yes
133981,No
133982,No
133983,No
133984,Yes
133985,No
133986,No
133987,Yes
133988,Yes
133989,Yes
133990,Yes
133991,Yes
133992,No
133993,Yes
133994,No
133995,No
133996,Yes
133997,Yes
133998,Yes
133999,Yes
134000,Yes
134001,No
134002,Yes
134003,Yes
134004,Yes
134005,Yes
134006,Yes
134007,Yes
134008,Yes
134009,Yes
134010,Yes
134011,No
134012,Yes
134013,No
134014,Yes
134015,Yes
134016,No
134017,No
134018,No
134019,No
134020,Yes
134021,Yes
134022,Yes
134023,No
134024,No
134025,Yes
134026,No
134027,Yes
134028,No
134029,Yes
134030,Yes
134031,No
134032,Yes
134033,Yes
134034,Yes
134035,Yes
134036,Yes
134037,Yes
134038,Yes
134039,Yes
134040,Yes
134041,Yes
134042,Yes
134043,No
134044,Yes
134045,No
134046,Yes
134047,No
134048,No
134049,Yes
134050,Yes
134051,Yes
134052,Yes
134053,Yes
134054,Yes
134055,Yes
134056,Yes
134057,Yes
134058,No
134059,No
134060,Yes
134061,Yes
134062,Yes
134063,Yes
134064,Yes
134065,Yes
134066,No
134067,Yes
134068,Yes
134069,Yes
134070,Yes
134071,Yes
134072,No
134073,Yes
134074,Yes
134075,No
134076,Yes
134077,Yes
134078,Yes
134079,Yes
134080,No
134081,No
134082,No
134083,Yes
134084,Yes
134085,No
134086,Yes
134087,No
134088,Yes
134089,No
134090,Yes
134091,No
134092,Yes
134093,Yes
134094,No
134095,Yes
134096,Yes
134097,No
134098,Yes
134099,Yes
134100,No
134101,Yes
134102,Yes
134103,Yes
134104,Yes
134105,Yes
134106,Yes
134107,Yes
134108,Yes
134109,Yes
134110,Yes
134111,Yes
134112,No
134113,No
134114,Yes
134115,No
134116,No
134117,Yes
134118,No
134119,Yes
134120,Yes
134121,Yes
134122,Yes
134123,Yes
134124,No
134125,Yes
134126,Yes
134127,Yes
134128,Yes
134129,Yes
134130,No
134131,Yes
134132,Yes
134133,No
134134,No
134135,No
134136,Yes
134137,Yes
134138,No
134139,Yes
134140,Yes
134141,Yes
134142,No
134143,Yes
134144,No
134145,Yes
134146,No
134147,No
134148,No
134149,No
134150,Yes
134151,No
134152,No
134153,Yes
134154,No
134155,Yes
134156,No
134157,Yes
134158,Yes
134159,No
134160,Yes
134161,No
134162,Yes
134163,Yes
134164,Yes
134165,Yes
134166,Yes
134167,Yes
134168,Yes
134169,Yes
134170,No
134171,No
134172,No
134173,Yes
134174,Yes
134175,Yes
134176,Yes
134177,Yes
134178,Yes
134179,No
134180,No
134181,Yes
134182,Yes
134183,No
134184,Yes
134185,Yes
134186,Yes
134187,Yes
134188,No
134189,Yes
134190,Yes
134191,Yes
134192,Yes
134193,No
134194,Yes
134195,Yes
134196,Yes
134197,Yes
134198,No
134199,Yes
134200,Yes
134201,No
134202,No
134203,Yes
134204,No
134205,Yes
134206,Yes
134207,No
134208,Yes
134209,No
134210,Yes
134211,Yes
134212,Yes
134213,Yes
134214,Yes
134215,No
134216,Yes
134217,Yes
134218,Yes
134219,Yes
134220,Yes
134221,Yes
134222,No
134223,Yes
134224,No
134225,Yes
134226,Yes
134227,Yes
134228,Yes
134229,No
134230,Yes
134231,No
134232,Yes
134233,Yes
134234,No
134235,Yes
134236,Yes
134237,Yes
134238,No
134239,Yes
134240,Yes
134241,Yes
134242,Yes
134243,Yes
134244,No
134245,Yes
134246,No
134247,Yes
134248,Yes
134249,Yes
134250,No
134251,No
134252,Yes
134253,Yes
134254,Yes
134255,Yes
134256,No
134257,No
134258,Yes
134259,Yes
134260,Yes
134261,Yes
134262,Yes
134263,Yes
134264,Yes
134265,No
134266,Yes
134267,Yes
134268,Yes
134269,Yes
134270,Yes
134271,Yes
134272,No
134273,Yes
134274,Yes
134275,Yes
134276,Yes
134277,No
134278,Yes
134279,No
134280,No
134281,Yes
134282,Yes
134283,Yes
134284,No
134285,Yes
134286,Yes
134287,No
134288,Yes
134289,Yes
134290,No
134291,Yes
134292,Yes
134293,No
134294,Yes
134295,No
134296,No
134297,No
134298,Yes
134299,Yes
134300,No
134301,Yes
134302,Yes
134303,Yes
134304,No
134305,Yes
134306,Yes
134307,No
134308,No
134309,No
134310,Yes
134311,Yes
134312,Yes
134313,No
134314,No
134315,No
134316,Yes
134317,Yes
134318,No
134319,Yes
134320,Yes
134321,Yes
134322,Yes
134323,Yes
134324,Yes
134325,Yes
134326,No
134327,Yes
134328,Yes
134329,Yes
134330,No
134331,No
134332,No
134333,Yes
134334,Yes
134335,Yes
134336,Yes
134337,No
134338,Yes
134339,Yes
134340,Yes
134341,Yes
134342,No
134343,Yes
134344,Yes
134345,Yes
134346,Yes
134347,Yes
134348,No
134349,Yes
134350,Yes
134351,No
134352,No
134353,No
134354,Yes
134355,Yes
134356,Yes
134357,Yes
134358,No
134359,Yes
134360,Yes
134361,Yes
134362,Yes
134363,Yes
134364,Yes
134365,Yes
134366,Yes
134367,No
134368,Yes
134369,Yes
134370,Yes
134371,Yes
134372,Yes
134373,Yes
134374,Yes
134375,No
134376,Yes
134377,Yes
134378,Yes
134379,Yes
134380,No
134381,No
134382,Yes
134383,No
134384,Yes
134385,Yes
134386,Yes
134387,Yes
134388,Yes
134389,Yes
134390,Yes
134391,Yes
134392,Yes
134393,Yes
134394,Yes
134395,Yes
134396,Yes
134397,Yes
134398,No
134399,No
134400,Yes
134401,Yes
134402,No
134403,Yes
134404,No
134405,No
134406,No
134407,Yes
134408,No
134409,No
134410,Yes
134411,Yes
134412,Yes
134413,Yes
134414,Yes
134415,No
134416,Yes
134417,Yes
134418,Yes
134419,Yes
134420,No
134421,Yes
134422,Yes
134423,Yes
134424,No
134425,Yes
134426,Yes
134427,No
134428,Yes
134429,Yes
134430,No
134431,Yes
134432,No
134433,No
134434,Yes
134435,Yes
134436,Yes
134437,Yes
134438,No
134439,No
134440,No
134441,No
134442,Yes
134443,Yes
134444,Yes
134445,Yes
134446,Yes
134447,Yes
134448,Yes
134449,No
134450,Yes
134451,Yes
134452,Yes
134453,Yes
134454,Yes
134455,No
134456,Yes
134457,Yes
134458,Yes
134459,Yes
134460,No
134461,No
134462,Yes
134463,Yes
134464,Yes
134465,No
134466,No
134467,Yes
134468,No
134469,Yes
134470,Yes
134471,Yes
134472,No
134473,Yes
134474,Yes
134475,Yes
134476,Yes
134477,Yes
134478,No
134479,Yes
134480,Yes
134481,Yes
134482,Yes
134483,No
134484,No
134485,No
134486,Yes
134487,Yes
134488,Yes
134489,Yes
134490,No
134491,Yes
134492,No
134493,No
134494,No
134495,Yes
134496,Yes
134497,Yes
134498,No
134499,No
134500,No
134501,No
134502,Yes
134503,No
134504,No
134505,Yes
134506,No
134507,Yes
134508,No
134509,Yes
134510,Yes
134511,No
134512,Yes
134513,Yes
134514,Yes
134515,Yes
134516,Yes
134517,No
134518,No
134519,Yes
134520,No
134521,No
134522,Yes
134523,No
134524,Yes
134525,Yes
134526,Yes
134527,No
134528,Yes
134529,No
134530,No
134531,Yes
134532,Yes
134533,Yes
134534,No
134535,No
134536,Yes
134537,Yes
134538,Yes
134539,Yes
134540,Yes
134541,Yes
134542,Yes
134543,Yes
134544,Yes
134545,Yes
134546,Yes
134547,No
134548,No
134549,Yes
134550,Yes
134551,Yes
134552,Yes
134553,No
134554,No
134555,No
134556,No
134557,Yes
134558,Yes
134559,Yes
134560,Yes
134561,Yes
134562,Yes
134563,No
134564,Yes
134565,No
134566,Yes
134567,Yes
134568,Yes
134569,Yes
134570,No
134571,Yes
134572,No
134573,Yes
134574,Yes
134575,No
134576,No
134577,Yes
134578,Yes
134579,Yes
134580,Yes
134581,No
134582,Yes
134583,Yes
134584,Yes
134585,Yes
134586,No
134587,No
134588,Yes
134589,No
134590,Yes
134591,No
134592,Yes
134593,Yes
134594,Yes
134595,No
134596,Yes
134597,No
134598,Yes
134599,Yes
134600,No
134601,Yes
134602,Yes
134603,Yes
134604,Yes
134605,No
134606,Yes
134607,Yes
134608,Yes
134609,Yes
134610,Yes
134611,Yes
134612,No
134613,Yes
134614,No
134615,Yes
134616,Yes
134617,Yes
134618,Yes
134619,Yes
134620,Yes
134621,No
134622,Yes
134623,Yes
134624,No
134625,Yes
134626,No
134627,No
134628,No
134629,No
134630,Yes
134631,No
134632,No
134633,Yes
134634,Yes
134635,Yes
134636,Yes
134637,No
134638,Yes
134639,Yes
134640,Yes
134641,Yes
134642,Yes
134643,Yes
134644,No
134645,No
134646,Yes
134647,Yes
134648,Yes
134649,Yes
134650,Yes
134651,Yes
134652,Yes
134653,No
134654,Yes
134655,Yes
134656,Yes
134657,No
134658,No
134659,Yes
134660,Yes
134661,Yes
134662,Yes
134663,Yes
134664,Yes
134665,Yes
134666,No
134667,Yes
134668,No
134669,No
134670,Yes
134671,Yes
134672,Yes
134673,No
134674,Yes
134675,No
134676,Yes
134677,Yes
134678,Yes
134679,Yes
134680,No
134681,Yes
134682,No
134683,No
134684,Yes
134685,Yes
134686,Yes
134687,Yes
134688,No
134689,Yes
134690,No
134691,No
134692,Yes
134693,No
134694,Yes
134695,No
134696,No
134697,Yes
134698,Yes
134699,Yes
134700,Yes
134701,Yes
134702,Yes
134703,No
134704,No
134705,No
134706,Yes
134707,No
134708,Yes
134709,No
134710,No
134711,Yes
134712,Yes
134713,No
134714,No
134715,No
134716,Yes
134717,Yes
134718,Yes
134719,Yes
134720,Yes
134721,Yes
134722,Yes
134723,Yes
134724,Yes
134725,Yes
134726,Yes
134727,No
134728,Yes
134729,Yes
134730,No
134731,No
134732,Yes
134733,Yes
134734,No
134735,Yes
134736,No
134737,No
134738,Yes
134739,Yes
134740,Yes
134741,Yes
134742,Yes
134743,Yes
134744,Yes
134745,No
134746,Yes
134747,Yes
134748,Yes
134749,Yes
134750,No
134751,No
134752,No
134753,Yes
134754,Yes
134755,Yes
134756,Yes
134757,Yes
134758,No
134759,Yes
134760,Yes
134761,Yes
134762,No
134763,Yes
134764,Yes
134765,Yes
134766,No
134767,Yes
134768,Yes
134769,Yes
134770,No
134771,Yes
134772,No
134773,Yes
134774,No
134775,Yes
134776,No
134777,Yes
134778,Yes
134779,Yes
134780,Yes
134781,Yes
134782,Yes
134783,Yes
134784,Yes
134785,No
134786,Yes
134787,Yes
134788,No
134789,Yes
134790,Yes
134791,Yes
134792,Yes
134793,Yes
134794,No
134795,No
134796,Yes
134797,Yes
134798,Yes
134799,Yes
134800,No
134801,Yes
134802,Yes
134803,Yes
134804,Yes
134805,No
134806,Yes
134807,Yes
134808,No
134809,No
134810,Yes
134811,Yes
134812,Yes
134813,Yes
134814,No
134815,Yes
134816,Yes
134817,Yes
134818,No
134819,Yes
134820,No
134821,Yes
134822,Yes
134823,Yes
134824,Yes
134825,Yes
134826,Yes
134827,Yes
134828,No
134829,No
134830,Yes
134831,No
134832,Yes
134833,No
134834,No
134835,No
134836,Yes
134837,Yes
134838,No
134839,Yes
134840,No
134841,Yes
134842,Yes
134843,Yes
134844,Yes
134845,No
134846,Yes
134847,Yes
134848,No
134849,Yes
134850,Yes
134851,No
134852,Yes
134853,Yes
134854,Yes
134855,Yes
134856,Yes
134857,Yes
134858,Yes
134859,Yes
134860,No
134861,Yes
134862,No
134863,No
134864,Yes
134865,Yes
134866,Yes
134867,Yes
134868,Yes
134869,Yes
134870,No
134871,No
134872,Yes
134873,Yes
134874,No
134875,Yes
134876,No
134877,Yes
134878,No
134879,Yes
134880,No
134881,Yes
134882,Yes
134883,No
134884,Yes
134885,Yes
134886,Yes
134887,No
134888,No
134889,Yes
134890,Yes
134891,Yes
134892,No
134893,Yes
134894,Yes
134895,Yes
134896,No
134897,No
134898,No
134899,Yes
134900,Yes
134901,No
134902,Yes
134903,Yes
134904,Yes
134905,No
134906,No
134907,Yes
134908,No
134909,Yes
134910,No
134911,Yes
134912,Yes
134913,Yes
134914,Yes
134915,No
134916,Yes
134917,Yes
134918,Yes
134919,Yes
134920,Yes
134921,Yes
134922,No
134923,No
134924,Yes
134925,No
134926,Yes
134927,No
134928,Yes
134929,Yes
134930,Yes
134931,Yes
134932,No
134933,Yes
134934,Yes
134935,Yes
134936,No
134937,No
134938,Yes
134939,Yes
134940,No
134941,No
134942,No
134943,No
134944,Yes
134945,Yes
134946,Yes
134947,Yes
134948,Yes
134949,Yes
134950,No
134951,Yes
134952,No
134953,Yes
134954,No
134955,Yes
134956,No
134957,Yes
134958,Yes
134959,No
134960,No
134961,Yes
134962,Yes
134963,Yes
134964,Yes
134965,Yes
134966,Yes
134967,Yes
134968,Yes
134969,Yes
134970,Yes
134971,No
134972,Yes
134973,Yes
134974,Yes
134975,Yes
134976,No
134977,Yes
134978,Yes
134979,No
134980,Yes
134981,Yes
134982,No
134983,Yes
134984,Yes
134985,Yes
134986,No
134987,Yes
134988,No
134989,No
134990,Yes
134991,Yes
134992,No
134993,No
134994,Yes
134995,Yes
134996,No
134997,No
134998,No
134999,Yes
135000,No
135001,No
135002,No
135003,No
135004,Yes
135005,Yes
135006,Yes
135007,Yes
135008,Yes
135009,Yes
135010,Yes
135011,Yes
135012,Yes
135013,No
135014,Yes
135015,No
135016,No
135017,Yes
135018,Yes
135019,Yes
135020,Yes
135021,Yes
135022,No
135023,Yes
135024,Yes
135025,No
135026,Yes
135027,Yes
135028,Yes
135029,Yes
135030,Yes
135031,Yes
135032,No
135033,No
135034,Yes
135035,Yes
135036,No
135037,No
135038,Yes
135039,Yes
135040,No
135041,Yes
135042,Yes
135043,Yes
135044,No
135045,Yes
135046,No
135047,Yes
135048,Yes
135049,No
135050,Yes
135051,Yes
135052,No
135053,No
135054,No
135055,No
135056,Yes
135057,Yes
135058,Yes
135059,Yes
135060,Yes
135061,Yes
135062,No
135063,Yes
135064,Yes
135065,No
135066,Yes
135067,No
135068,Yes
135069,No
135070,Yes
135071,Yes
135072,No
135073,No
135074,No
135075,No
135076,Yes
135077,No
135078,Yes
135079,No
135080,No
135081,No
135082,Yes
135083,Yes
135084,No
135085,No
135086,Yes
135087,Yes
135088,Yes
135089,No
135090,Yes
135091,Yes
135092,Yes
135093,Yes
135094,Yes
135095,Yes
135096,Yes
135097,Yes
135098,No
135099,Yes
135100,Yes
135101,Yes
135102,Yes
135103,No
135104,Yes
135105,Yes
135106,No
135107,No
135108,Yes
135109,Yes
135110,No
135111,No
135112,Yes
135113,Yes
135114,No
135115,Yes
135116,Yes
135117,No
135118,No
135119,Yes
135120,Yes
135121,Yes
135122,Yes
135123,Yes
135124,No
135125,Yes
135126,No
135127,No
135128,Yes
135129,Yes
135130,No
135131,Yes
135132,Yes
135133,Yes
135134,Yes
135135,No
135136,No
135137,Yes
135138,Yes
135139,No
135140,No
135141,Yes
135142,No
135143,Yes
135144,Yes
135145,Yes
135146,Yes
135147,Yes
135148,Yes
135149,Yes
135150,Yes
135151,Yes
135152,Yes
135153,No
135154,Yes
135155,No
135156,Yes
135157,Yes
135158,Yes
135159,Yes
135160,Yes
135161,Yes
135162,No
135163,Yes
135164,No
135165,No
135166,Yes
135167,No
135168,Yes
135169,Yes
135170,No
135171,Yes
135172,Yes
135173,Yes
135174,Yes
135175,Yes
135176,Yes
135177,Yes
135178,No
135179,Yes
135180,Yes
135181,Yes
135182,Yes
135183,No
135184,Yes
135185,Yes
135186,Yes
135187,Yes
135188,No
135189,Yes
135190,Yes
135191,Yes
135192,No
135193,Yes
135194,Yes
135195,Yes
135196,Yes
135197,Yes
135198,No
135199,No
135200,Yes
135201,No
135202,Yes
135203,Yes
135204,No
135205,No
135206,Yes
135207,Yes
135208,Yes
135209,Yes
135210,Yes
135211,Yes
135212,Yes
135213,Yes
135214,No
135215,Yes
135216,Yes
135217,Yes
135218,No
135219,Yes
135220,Yes
135221,No
135222,No
135223,No
135224,Yes
135225,Yes
135226,Yes
135227,Yes
135228,Yes
135229,No
135230,No
135231,No
135232,Yes
135233,No
135234,No
135235,No
135236,Yes
135237,Yes
135238,Yes
135239,Yes
135240,Yes
135241,Yes
135242,No
135243,No
135244,No
135245,No
135246,Yes
135247,No
135248,Yes
135249,Yes
135250,Yes
135251,No
135252,Yes
135253,No
135254,No
135255,No
135256,Yes
135257,Yes
135258,Yes
135259,No
135260,Yes
135261,Yes
135262,No
135263,Yes
135264,Yes
135265,No
135266,Yes
135267,Yes
135268,Yes
135269,Yes
135270,Yes
135271,No
135272,No
135273,Yes
135274,Yes
135275,Yes
135276,No
135277,No
135278,Yes
135279,Yes
135280,Yes
135281,No
135282,Yes
135283,Yes
135284,Yes
135285,Yes
135286,Yes
135287,Yes
135288,No
135289,Yes
135290,Yes
135291,No
135292,Yes
135293,No
135294,Yes
135295,Yes
135296,Yes
135297,Yes
135298,No
135299,Yes
135300,No
135301,Yes
135302,Yes
135303,No
135304,Yes
135305,Yes
135306,Yes
135307,Yes
135308,Yes
135309,Yes
135310,Yes
135311,No
135312,No
135313,Yes
135314,Yes
135315,No
135316,No
135317,Yes
135318,Yes
135319,Yes
135320,No
135321,Yes
135322,Yes
135323,No
135324,Yes
135325,Yes
135326,Yes
135327,Yes
135328,Yes
135329,No
135330,No
135331,Yes
135332,No
135333,Yes
135334,Yes
135335,Yes
135336,Yes
135337,Yes
135338,Yes
135339,Yes
135340,Yes
135341,Yes
135342,No
135343,Yes
135344,Yes
135345,Yes
135346,Yes
135347,No
135348,Yes
135349,No
135350,Yes
135351,Yes
135352,No
135353,No
135354,Yes
135355,Yes
135356,Yes
135357,Yes
135358,Yes
135359,Yes
135360,Yes
135361,Yes
135362,Yes
135363,Yes
135364,No
135365,Yes
135366,No
135367,No
135368,No
135369,No
135370,Yes
135371,Yes
135372,Yes
135373,Yes
135374,Yes
135375,No
135376,Yes
135377,No
135378,No
135379,No
135380,Yes
135381,Yes
135382,Yes
135383,No
135384,Yes
135385,Yes
135386,Yes
135387,Yes
135388,Yes
135389,Yes
135390,No
135391,Yes
135392,No
135393,No
135394,Yes
135395,No
135396,No
135397,Yes
135398,No
135399,Yes
135400,No
135401,No
135402,No
135403,Yes
135404,Yes
135405,Yes
135406,Yes
135407,Yes
135408,Yes
135409,Yes
135410,Yes
135411,Yes
135412,Yes
135413,Yes
135414,Yes
135415,Yes
135416,No
135417,No
135418,Yes
135419,Yes
135420,No
135421,Yes
135422,No
135423,Yes
135424,No
135425,Yes
135426,Yes
135427,No
135428,No
135429,Yes
135430,Yes
135431,No
135432,Yes
135433,Yes
135434,No
135435,Yes
135436,No
135437,Yes
135438,No
135439,Yes
135440,Yes
135441,No
135442,Yes
135443,Yes
135444,Yes
135445,Yes
135446,Yes
135447,No
135448,Yes
135449,Yes
135450,Yes
135451,No
135452,Yes
135453,Yes
135454,Yes
135455,Yes
135456,Yes
135457,Yes
135458,Yes
135459,Yes
135460,No
135461,Yes
135462,Yes
135463,Yes
135464,Yes
135465,No
135466,No
135467,Yes
135468,Yes
135469,Yes
135470,No
135471,Yes
135472,Yes
135473,Yes
135474,Yes
135475,Yes
135476,Yes
135477,Yes
135478,Yes
135479,Yes
135480,Yes
135481,No
135482,Yes
135483,Yes
135484,Yes
135485,No
135486,Yes
135487,No
135488,Yes
135489,Yes
135490,Yes
135491,Yes
135492,Yes
135493,No
135494,No
135495,Yes
135496,No
135497,Yes
135498,No
135499,No
135500,Yes
135501,Yes
135502,No
135503,Yes
135504,Yes
135505,Yes
135506,No
135507,No
135508,No
135509,Yes
135510,Yes
135511,Yes
135512,Yes
135513,Yes
135514,Yes
135515,No
135516,No
135517,Yes
135518,No
135519,No
135520,Yes
135521,No
135522,Yes
135523,No
135524,Yes
135525,No
135526,No
135527,Yes
135528,Yes
135529,Yes
135530,No
135531,Yes
135532,No
135533,No
135534,No
135535,Yes
135536,Yes
135537,Yes
135538,Yes
135539,Yes
135540,Yes
135541,Yes
135542,Yes
135543,Yes
135544,No
135545,No
135546,Yes
135547,Yes
135548,Yes
135549,Yes
135550,No
135551,No
135552,No
135553,Yes
135554,No
135555,Yes
135556,Yes
135557,Yes
135558,Yes
135559,No
135560,No
135561,No
135562,Yes
135563,Yes
135564,Yes
135565,Yes
135566,No
135567,Yes
135568,No
135569,Yes
135570,Yes
135571,Yes
135572,Yes
135573,No
135574,Yes
135575,Yes
135576,No
135577,No
135578,Yes
135579,Yes
135580,No
135581,No
135582,No
135583,No
135584,Yes
135585,Yes
135586,Yes
135587,Yes
135588,Yes
135589,No
135590,No
135591,No
135592,Yes
135593,Yes
135594,Yes
135595,Yes
135596,No
135597,No
135598,Yes
135599,No
135600,Yes
135601,No
135602,Yes
135603,Yes
135604,Yes
135605,Yes
135606,Yes
135607,No
135608,Yes
135609,No
135610,Yes
135611,Yes
135612,No
135613,Yes
135614,No
135615,No
135616,Yes
135617,Yes
135618,Yes
135619,No
135620,Yes
135621,No
135622,Yes
135623,No
135624,Yes
135625,Yes
135626,Yes
135627,No
135628,Yes
135629,Yes
135630,No
135631,Yes
135632,Yes
135633,Yes
135634,Yes
135635,Yes
135636,Yes
135637,Yes
135638,Yes
135639,Yes
135640,No
135641,Yes
135642,No
135643,Yes
135644,No
135645,No
135646,Yes
135647,No
135648,No
135649,Yes
135650,No
135651,No
135652,Yes
135653,Yes
135654,Yes
135655,Yes
135656,No
135657,Yes
135658,Yes
135659,No
135660,Yes
135661,Yes
135662,Yes
135663,Yes
135664,Yes
135665,No
135666,Yes
135667,No
135668,No
135669,Yes
135670,Yes
135671,Yes
135672,No
135673,Yes
135674,No
135675,No
135676,Yes
135677,Yes
135678,Yes
135679,Yes
135680,Yes
135681,Yes
135682,Yes
135683,Yes
135684,Yes
135685,No
135686,No
135687,No
135688,No
135689,No
135690,No
135691,Yes
135692,Yes
135693,Yes
135694,Yes
135695,Yes
135696,No
135697,No
135698,Yes
135699,No
135700,No
135701,Yes
135702,Yes
135703,Yes
135704,Yes
135705,No
135706,Yes
135707,Yes
135708,No
135709,Yes
135710,Yes
135711,Yes
135712,Yes
135713,Yes
135714,No
135715,No
135716,Yes
135717,Yes
135718,Yes
135719,Yes
135720,No
135721,Yes
135722,Yes
135723,Yes
135724,Yes
135725,No
135726,No
135727,Yes
135728,Yes
135729,No
135730,Yes
135731,Yes
135732,No
135733,Yes
135734,No
135735,Yes
135736,Yes
135737,Yes
135738,No
135739,Yes
135740,Yes
135741,Yes
135742,Yes
135743,Yes
135744,Yes
135745,Yes
135746,Yes
135747,Yes
135748,No
135749,No
135750,Yes
135751,Yes
135752,Yes
135753,No
135754,Yes
135755,Yes
135756,Yes
135757,No
135758,Yes
135759,Yes
135760,No
135761,Yes
135762,Yes
135763,No
135764,No
135765,Yes
135766,No
135767,Yes
135768,No
135769,Yes
135770,Yes
135771,Yes
135772,Yes
135773,No
135774,Yes
135775,Yes
135776,Yes
135777,No
135778,Yes
135779,Yes
135780,Yes
135781,No
135782,Yes
135783,No
135784,Yes
135785,Yes
135786,No
135787,Yes
135788,Yes
135789,No
135790,Yes
135791,Yes
135792,Yes
135793,No
135794,Yes
135795,Yes
135796,Yes
135797,No
135798,Yes
135799,Yes
135800,No
135801,No
135802,No
135803,Yes
135804,Yes
135805,Yes
135806,Yes
135807,No
135808,No
135809,No
135810,Yes
135811,Yes
135812,Yes
135813,No
135814,Yes
135815,No
135816,No
135817,No
135818,Yes
135819,Yes
135820,No
135821,No
135822,No
135823,Yes
135824,No
135825,Yes
135826,Yes
135827,No
135828,Yes
135829,No
135830,Yes
135831,Yes
135832,No
135833,No
135834,Yes
135835,Yes
135836,No
135837,Yes
135838,Yes
135839,No
135840,Yes
135841,Yes
135842,Yes
135843,Yes
135844,Yes
135845,No
135846,Yes
135847,No
135848,Yes
135849,No
135850,Yes
135851,Yes
135852,Yes
135853,No
135854,Yes
135855,Yes
135856,Yes
135857,Yes
135858,Yes
135859,Yes
135860,Yes
135861,Yes
135862,No
135863,Yes
135864,Yes
135865,Yes
135866,Yes
135867,Yes
135868,Yes
135869,Yes
135870,Yes
135871,No
135872,No
135873,Yes
135874,Yes
135875,Yes
135876,Yes
135877,No
135878,Yes
135879,Yes
135880,No
135881,Yes
135882,Yes
135883,No
135884,Yes
135885,No
135886,Yes
135887,Yes
135888,Yes
135889,No
135890,Yes
135891,Yes
135892,Yes
135893,Yes
135894,Yes
135895,Yes
135896,No
135897,Yes
135898,Yes
135899,Yes
135900,Yes
135901,No
135902,Yes
135903,Yes
135904,No
135905,Yes
135906,Yes
135907,Yes
135908,No
135909,Yes
135910,No
135911,No
135912,Yes
135913,No
135914,Yes
135915,Yes
135916,Yes
135917,No
135918,Yes
135919,Yes
135920,Yes
135921,No
135922,No
135923,Yes
135924,No
135925,Yes
135926,Yes
135927,Yes
135928,No
135929,Yes
135930,No
135931,Yes
135932,Yes
135933,No
135934,Yes
135935,Yes
135936,Yes
135937,Yes
135938,Yes
135939,No
135940,Yes
135941,Yes
135942,Yes
135943,No
135944,No
135945,Yes
135946,Yes
135947,Yes
135948,Yes
135949,Yes
135950,Yes
135951,Yes
135952,No
135953,Yes
135954,Yes
135955,Yes
135956,Yes
135957,Yes
135958,Yes
135959,Yes
135960,No
135961,No
135962,Yes
135963,Yes
135964,No
135965,No
135966,No
135967,No
135968,Yes
135969,Yes
135970,Yes
135971,Yes
135972,No
135973,No
135974,Yes
135975,Yes
135976,Yes
135977,Yes
135978,No
135979,No
135980,No
135981,Yes
135982,No
135983,Yes
135984,No
135985,Yes
135986,Yes
135987,No
135988,Yes
135989,Yes
135990,No
135991,Yes
135992,Yes
135993,Yes
135994,Yes
135995,Yes
135996,Yes
135997,Yes
135998,Yes
135999,Yes
136000,Yes
136001,Yes
136002,Yes
136003,Yes
136004,Yes
136005,Yes
136006,Yes
136007,Yes
136008,No
136009,Yes
136010,Yes
136011,Yes
136012,Yes
136013,Yes
136014,No
136015,Yes
136016,Yes
136017,No
136018,Yes
136019,No
136020,Yes
136021,Yes
136022,Yes
136023,Yes
136024,Yes
136025,Yes
136026,Yes
136027,Yes
136028,No
136029,Yes
136030,Yes
136031,Yes
136032,Yes
136033,Yes
136034,Yes
136035,No
136036,Yes
136037,No
136038,No
136039,Yes
136040,Yes
136041,No
136042,No
136043,No
136044,Yes
136045,Yes
136046,No
136047,Yes
136048,No
136049,Yes
136050,No
136051,No
136052,No
136053,Yes
136054,Yes
136055,Yes
136056,No
136057,Yes
136058,Yes
136059,No
136060,Yes
136061,Yes
136062,Yes
136063,No
136064,Yes
136065,No
136066,Yes
136067,Yes
136068,Yes
136069,Yes
136070,No
136071,Yes
136072,Yes
136073,No
136074,Yes
136075,No
136076,Yes
136077,No
136078,No
136079,Yes
136080,No
136081,Yes
136082,Yes
136083,Yes
136084,Yes
136085,No
136086,Yes
136087,Yes
136088,Yes
136089,No
136090,Yes
136091,No
136092,Yes
136093,Yes
136094,Yes
136095,No
136096,Yes
136097,No
136098,Yes
136099,Yes
136100,Yes
136101,Yes
136102,Yes
136103,Yes
136104,Yes
136105,No
136106,Yes
136107,Yes
136108,Yes
136109,Yes
136110,Yes
136111,Yes
136112,No
136113,Yes
136114,No
136115,Yes
136116,Yes
136117,Yes
136118,Yes
136119,Yes
136120,Yes
136121,Yes
136122,No
136123,Yes
136124,Yes
136125,Yes
136126,No
136127,No
136128,No
136129,Yes
136130,No
136131,No
136132,Yes
136133,Yes
136134,No
136135,Yes
136136,No
136137,No
136138,No
136139,No
136140,Yes
136141,Yes
136142,No
136143,Yes
136144,Yes
136145,Yes
136146,No
136147,Yes
136148,Yes
136149,Yes
136150,Yes
136151,Yes
136152,No
136153,No
136154,Yes
136155,Yes
136156,Yes
136157,Yes
136158,Yes
136159,Yes
136160,No
136161,No
136162,Yes
136163,Yes
136164,Yes
136165,Yes
136166,No
136167,Yes
136168,Yes
136169,Yes
136170,No
136171,No
136172,Yes
136173,Yes
136174,No
136175,No
136176,Yes
136177,Yes
136178,No
136179,No
136180,Yes
136181,Yes
136182,Yes
136183,No
136184,No
136185,Yes
136186,Yes
136187,Yes
136188,No
136189,No
136190,Yes
136191,Yes
136192,Yes
136193,No
136194,Yes
136195,Yes
136196,No
136197,No
136198,Yes
136199,No
136200,Yes
136201,No
136202,Yes
136203,No
136204,Yes
136205,No
136206,Yes
136207,Yes
136208,Yes
136209,Yes
136210,No
136211,Yes
136212,No
136213,Yes
136214,No
136215,Yes
136216,No
136217,No
136218,Yes
136219,Yes
136220,Yes
136221,Yes
136222,Yes
136223,Yes
136224,No
136225,Yes
136226,Yes
136227,Yes
136228,Yes
136229,No
136230,No
136231,Yes
136232,Yes
136233,No
136234,No
136235,Yes
136236,No
136237,No
136238,Yes
136239,No
136240,Yes
136241,Yes
136242,Yes
136243,Yes
136244,Yes
136245,Yes
136246,No
136247,No
136248,Yes
136249,No
136250,Yes
136251,Yes
136252,Yes
136253,Yes
136254,Yes
136255,Yes
136256,No
136257,Yes
136258,No
136259,Yes
136260,No
136261,Yes
136262,Yes
136263,Yes
136264,No
136265,Yes
136266,Yes
136267,No
136268,Yes
136269,No
136270,Yes
136271,No
136272,No
136273,No
136274,No
136275,Yes
136276,Yes
136277,Yes
136278,No
136279,Yes
136280,Yes
136281,No
136282,Yes
136283,Yes
136284,Yes
136285,Yes
136286,Yes
136287,Yes
136288,No
136289,Yes
136290,No
136291,Yes
136292,No
136293,Yes
136294,No
136295,Yes
136296,Yes
136297,Yes
136298,No
136299,No
136300,Yes
136301,No
136302,Yes
136303,Yes
136304,Yes
136305,Yes
136306,Yes
136307,No
136308,No
136309,No
136310,Yes
136311,Yes
136312,Yes
136313,No
136314,No
136315,No
136316,Yes
136317,Yes
136318,Yes
136319,No
136320,Yes
136321,Yes
136322,No
136323,Yes
136324,Yes
136325,No
136326,No
136327,No
136328,No
136329,No
136330,No
136331,Yes
136332,Yes
136333,Yes
136334,Yes
136335,Yes
136336,No
136337,Yes
136338,Yes
136339,Yes
136340,No
136341,Yes
136342,No
136343,No
136344,Yes
136345,Yes
136346,Yes
136347,No
136348,No
136349,Yes
136350,No
136351,Yes
136352,No
136353,Yes
136354,Yes
136355,No
136356,Yes
136357,Yes
136358,Yes
136359,No
136360,No
136361,Yes
136362,Yes
136363,Yes
136364,Yes
136365,No
136366,No
136367,Yes
136368,Yes
136369,No
136370,No
136371,Yes
136372,No
136373,Yes
136374,No
136375,Yes
136376,No
136377,Yes
136378,No
136379,Yes
136380,No
136381,Yes
136382,No
136383,Yes
136384,Yes
136385,Yes
136386,Yes
136387,Yes
136388,Yes
136389,Yes
136390,Yes
136391,Yes
136392,Yes
136393,Yes
136394,Yes
136395,Yes
136396,Yes
136397,Yes
136398,Yes
136399,No
136400,Yes
136401,Yes
136402,No
136403,No
136404,Yes
136405,Yes
136406,No
136407,No
136408,Yes
136409,Yes
136410,No
136411,Yes
136412,Yes
136413,Yes
136414,No
136415,Yes
136416,No
136417,Yes
136418,Yes
136419,Yes
136420,Yes
136421,No
136422,Yes
136423,Yes
136424,No
136425,Yes
136426,No
136427,Yes
136428,Yes
136429,Yes
136430,Yes
136431,Yes
136432,Yes
136433,Yes
136434,No
136435,Yes
136436,Yes
136437,Yes
136438,Yes
136439,Yes
136440,Yes
136441,Yes
136442,Yes
136443,Yes
136444,No
136445,Yes
136446,Yes
136447,No
136448,Yes
136449,Yes
136450,Yes
136451,Yes
136452,Yes
136453,No
136454,Yes
136455,Yes
136456,Yes
136457,No
136458,Yes
136459,Yes
136460,Yes
136461,No
136462,No
136463,Yes
136464,Yes
136465,Yes
136466,No
136467,Yes
136468,Yes
136469,No
136470,Yes
136471,No
136472,Yes
136473,Yes
136474,Yes
136475,Yes
136476,No
136477,Yes
136478,Yes
136479,Yes
136480,Yes
136481,Yes
136482,Yes
136483,Yes
136484,No
136485,No
136486,Yes
136487,Yes
136488,Yes
136489,Yes
136490,Yes
136491,Yes
136492,No
136493,Yes
136494,No
136495,Yes
136496,Yes
136497,No
136498,Yes
136499,Yes
136500,Yes
136501,No
136502,Yes
136503,No
136504,Yes
136505,Yes
136506,Yes
136507,Yes
136508,Yes
136509,Yes
136510,Yes
136511,Yes
136512,Yes
136513,No
136514,Yes
136515,No
136516,Yes
136517,Yes
136518,Yes
136519,No
136520,Yes
136521,No
136522,Yes
136523,No
136524,Yes
136525,Yes
136526,Yes
136527,Yes
136528,No
136529,No
136530,Yes
136531,Yes
136532,Yes
136533,No
136534,Yes
136535,Yes
136536,Yes
136537,No
136538,Yes
136539,No
136540,No
136541,No
136542,Yes
136543,Yes
136544,Yes
136545,No
136546,Yes
136547,No
136548,Yes
136549,No
136550,No
136551,Yes
136552,Yes
136553,Yes
136554,Yes
136555,Yes
136556,Yes
136557,No
136558,Yes
136559,No
136560,Yes
136561,Yes
136562,Yes
136563,Yes
136564,Yes
136565,Yes
136566,Yes
136567,No
136568,Yes
136569,No
136570,Yes
136571,Yes
136572,Yes
136573,Yes
136574,Yes
136575,Yes
136576,Yes
136577,No
136578,Yes
136579,No
136580,No
136581,Yes
136582,No
136583,Yes
136584,Yes
136585,No
136586,No
136587,Yes
136588,Yes
136589,Yes
136590,Yes
136591,Yes
136592,No
136593,No
136594,Yes
136595,No
136596,No
136597,Yes
136598,Yes
136599,No
136600,Yes
136601,Yes
136602,Yes
136603,Yes
136604,No
136605,Yes
136606,Yes
136607,Yes
136608,No
136609,No
136610,Yes
136611,Yes
136612,Yes
136613,Yes
136614,No
136615,Yes
136616,No
136617,No
136618,Yes
136619,Yes
136620,Yes
136621,No
136622,Yes
136623,Yes
136624,No
136625,Yes
136626,No
136627,No
136628,Yes
136629,No
136630,Yes
136631,Yes
136632,Yes
136633,Yes
136634,Yes
136635,Yes
136636,Yes
136637,No
136638,No
136639,No
136640,Yes
136641,No
136642,No
136643,No
136644,Yes
136645,Yes
136646,Yes
136647,No
136648,Yes
136649,Yes
136650,Yes
136651,No
136652,Yes
136653,No
136654,Yes
136655,Yes
136656,Yes
136657,No
136658,Yes
136659,No
136660,No
136661,No
136662,No
136663,No
136664,No
136665,Yes
136666,Yes
136667,No
136668,Yes
136669,No
136670,Yes
136671,No
136672,No
136673,Yes
136674,Yes
136675,Yes
136676,No
136677,No
136678,No
136679,Yes
136680,Yes
136681,Yes
136682,Yes
136683,Yes
136684,Yes
136685,Yes
136686,No
136687,Yes
136688,Yes
136689,No
136690,No
136691,No
136692,Yes
136693,Yes
136694,Yes
136695,No
136696,Yes
136697,Yes
136698,Yes
136699,No
136700,Yes
136701,Yes
136702,No
136703,No
136704,Yes
136705,Yes
136706,Yes
136707,Yes
136708,No
136709,No
136710,Yes
136711,Yes
136712,No
136713,Yes
136714,Yes
136715,Yes
136716,No
136717,Yes
136718,Yes
136719,Yes
136720,No
136721,No
136722,Yes
136723,Yes
136724,Yes
136725,Yes
136726,Yes
136727,Yes
136728,No
136729,Yes
136730,Yes
136731,Yes
136732,No
136733,No
136734,Yes
136735,Yes
136736,No
136737,Yes
136738,Yes
136739,Yes
136740,Yes
136741,Yes
136742,Yes
136743,Yes
136744,Yes
136745,Yes
136746,Yes
136747,Yes
136748,No
136749,Yes
136750,No
136751,Yes
136752,Yes
136753,Yes
136754,No
136755,Yes
136756,No
136757,Yes
136758,Yes
136759,Yes
136760,Yes
136761,Yes
136762,Yes
136763,Yes
136764,Yes
136765,No
136766,Yes
136767,Yes
136768,Yes
136769,Yes
136770,Yes
136771,No
136772,Yes
136773,No
136774,Yes
136775,No
136776,Yes
136777,Yes
136778,No
136779,No
136780,Yes
136781,Yes
136782,Yes
136783,Yes
136784,No
136785,Yes
136786,Yes
136787,Yes
136788,Yes
136789,Yes
136790,Yes
136791,Yes
136792,No
136793,Yes
136794,No
136795,Yes
136796,Yes
136797,Yes
136798,Yes
136799,No
136800,Yes
136801,No
136802,Yes
136803,No
136804,Yes
136805,Yes
136806,Yes
136807,No
136808,No
136809,No
136810,Yes
136811,Yes
136812,Yes
136813,No
136814,Yes
136815,Yes
136816,Yes
136817,Yes
136818,Yes
136819,Yes
136820,No
136821,Yes
136822,No
136823,Yes
136824,Yes
136825,Yes
136826,No
136827,Yes
136828,No
136829,Yes
136830,Yes
136831,Yes
136832,No
136833,Yes
136834,Yes
136835,Yes
136836,No
136837,Yes
136838,No
136839,No
136840,Yes
136841,No
136842,Yes
136843,No
136844,Yes
136845,No
136846,No
136847,Yes
136848,Yes
136849,Yes
136850,No
136851,Yes
136852,Yes
136853,No
136854,Yes
136855,Yes
136856,Yes
136857,Yes
136858,Yes
136859,Yes
136860,No
136861,Yes
136862,Yes
136863,Yes
136864,No
136865,No
136866,Yes
136867,No
136868,Yes
136869,Yes
136870,Yes
136871,Yes
136872,Yes
136873,Yes
136874,Yes
136875,Yes
136876,Yes
136877,Yes
136878,Yes
136879,Yes
136880,Yes
136881,No
136882,Yes
136883,Yes
136884,No
136885,No
136886,Yes
136887,Yes
136888,Yes
136889,Yes
136890,No
136891,Yes
136892,No
136893,No
136894,Yes
136895,Yes
136896,Yes
136897,Yes
136898,Yes
136899,Yes
136900,No
136901,Yes
136902,No
136903,Yes
136904,No
136905,Yes
136906,Yes
136907,Yes
136908,Yes
136909,Yes
136910,No
136911,No
136912,Yes
136913,Yes
136914,Yes
136915,Yes
136916,Yes
136917,Yes
136918,Yes
136919,Yes
136920,Yes
136921,No
136922,Yes
136923,Yes
136924,No
136925,No
136926,Yes
136927,Yes
136928,No
136929,Yes
136930,Yes
136931,Yes
136932,Yes
136933,Yes
136934,Yes
136935,No
136936,Yes
136937,No
136938,Yes
136939,Yes
136940,Yes
136941,No
136942,Yes
136943,Yes
136944,Yes
136945,Yes
136946,Yes
136947,Yes
136948,Yes
136949,Yes
136950,No
136951,Yes
136952,No
136953,Yes
136954,No
136955,No
136956,No
136957,No
136958,Yes
136959,No
136960,Yes
136961,Yes
136962,Yes
136963,Yes
136964,Yes
136965,Yes
136966,Yes
136967,Yes
136968,Yes
136969,Yes
136970,Yes
136971,No
136972,Yes
136973,Yes
136974,Yes
136975,Yes
136976,Yes
136977,No
136978,No
136979,No
136980,Yes
136981,No
136982,Yes
136983,No
136984,No
136985,Yes
136986,Yes
136987,Yes
136988,No
136989,No
136990,Yes
136991,Yes
136992,Yes
136993,Yes
136994,Yes
136995,Yes
136996,No
136997,Yes
136998,Yes
136999,Yes
137000,Yes
137001,Yes
137002,No
137003,No
137004,Yes
137005,Yes
137006,Yes
137007,Yes
137008,Yes
137009,Yes
137010,Yes
137011,Yes
137012,Yes
137013,Yes
137014,Yes
137015,Yes
137016,Yes
137017,No
137018,Yes
137019,Yes
137020,Yes
137021,No
137022,Yes
137023,Yes
137024,Yes
137025,No
137026,No
137027,Yes
137028,Yes
137029,Yes
137030,No
137031,No
137032,No
137033,No
137034,Yes
137035,No
137036,Yes
137037,Yes
137038,Yes
137039,Yes
137040,Yes
137041,Yes
137042,Yes
137043,No
137044,No
137045,Yes
137046,No
137047,Yes
137048,Yes
137049,Yes
137050,No
137051,No
137052,Yes
137053,No
137054,Yes
137055,Yes
137056,No
137057,No
137058,No
137059,Yes
137060,Yes
137061,No
137062,No
137063,Yes
137064,Yes
137065,Yes
137066,No
137067,Yes
137068,Yes
137069,No
137070,Yes
137071,Yes
137072,Yes
137073,Yes
137074,Yes
137075,Yes
137076,No
137077,Yes
137078,Yes
137079,Yes
137080,Yes
137081,No
137082,Yes
137083,No
137084,No
137085,No
137086,No
137087,Yes
137088,Yes
137089,Yes
137090,Yes
137091,No
137092,Yes
137093,No
137094,Yes
137095,Yes
137096,Yes
137097,Yes
137098,Yes
137099,Yes
137100,Yes
137101,No
137102,Yes
137103,No
137104,No
137105,Yes
137106,Yes
137107,Yes
137108,Yes
137109,No
137110,Yes
137111,Yes
137112,No
137113,Yes
137114,Yes
137115,Yes
137116,No
137117,Yes
137118,Yes
137119,Yes
137120,Yes
137121,Yes
137122,No
137123,Yes
137124,No
137125,No
137126,Yes
137127,No
137128,No
137129,No
137130,No
137131,Yes
137132,Yes
137133,No
137134,Yes
137135,Yes
137136,Yes
137137,Yes
137138,Yes
137139,No
137140,No
137141,Yes
137142,Yes
137143,No
137144,No
137145,Yes
137146,Yes
137147,No
137148,Yes
137149,Yes
137150,Yes
137151,No
137152,Yes
137153,Yes
137154,Yes
137155,No
137156,No
137157,Yes
137158,Yes
137159,Yes
137160,No
137161,Yes
137162,Yes
137163,Yes
137164,No
137165,Yes
137166,Yes
137167,Yes
137168,Yes
137169,Yes
137170,Yes
137171,No
137172,Yes
137173,Yes
137174,Yes
137175,Yes
137176,Yes
137177,No
137178,No
137179,No
137180,No
137181,No
137182,No
137183,Yes
137184,Yes
137185,No
137186,No
137187,No
137188,Yes
137189,Yes
137190,No
137191,Yes
137192,Yes
137193,Yes
137194,No
137195,No
137196,No
137197,Yes
137198,Yes
137199,Yes
137200,Yes
137201,No
137202,No
137203,No
137204,Yes
137205,No
137206,No
137207,Yes
137208,No
137209,Yes
137210,Yes
137211,Yes
137212,Yes
137213,No
137214,Yes
137215,Yes
137216,Yes
137217,No
137218,Yes
137219,Yes
137220,No
137221,No
137222,Yes
137223,Yes
137224,No
137225,Yes
137226,Yes
137227,Yes
137228,Yes
137229,No
137230,Yes
137231,No
137232,Yes
137233,No
137234,No
137235,No
137236,No
137237,Yes
137238,No
137239,Yes
137240,No
137241,Yes
137242,No
137243,No
137244,Yes
137245,Yes
137246,No
137247,No
137248,Yes
137249,Yes
137250,Yes
137251,Yes
137252,Yes
137253,Yes
137254,Yes
137255,Yes
137256,No
137257,No
137258,Yes
137259,Yes
137260,Yes
137261,Yes
137262,Yes
137263,Yes
137264,Yes
137265,Yes
137266,Yes
137267,No
137268,Yes
137269,Yes
137270,No
137271,Yes
137272,Yes
137273,No
137274,No
137275,Yes
137276,Yes
137277,Yes
137278,No
137279,Yes
137280,No
137281,Yes
137282,Yes
137283,No
137284,Yes
137285,Yes
137286,Yes
137287,Yes
137288,No
137289,Yes
137290,Yes
137291,No
137292,No
137293,No
137294,Yes
137295,No
137296,No
137297,Yes
137298,Yes
137299,Yes
137300,Yes
137301,Yes
137302,Yes
137303,Yes
137304,Yes
137305,No
137306,No
137307,Yes
137308,Yes
137309,Yes
137310,Yes
137311,Yes
137312,Yes
137313,Yes
137314,Yes
137315,Yes
137316,No
137317,Yes
137318,Yes
137319,Yes
137320,No
137321,Yes
137322,No
137323,Yes
137324,No
137325,Yes
137326,Yes
137327,Yes
137328,Yes
137329,Yes
137330,No
137331,Yes
137332,Yes
137333,Yes
137334,Yes
137335,Yes
137336,Yes
137337,Yes
137338,Yes
137339,No
137340,No
137341,Yes
137342,Yes
137343,Yes
137344,Yes
137345,Yes
137346,Yes
137347,Yes
137348,Yes
137349,Yes
137350,No
137351,No
137352,Yes
137353,No
137354,No
137355,Yes
137356,Yes
137357,Yes
137358,Yes
137359,Yes
137360,No
137361,No
137362,Yes
137363,Yes
137364,Yes
137365,Yes
137366,Yes
137367,Yes
137368,Yes
137369,Yes
137370,Yes
137371,Yes
137372,No
137373,No
137374,No
137375,Yes
137376,Yes
137377,Yes
137378,Yes
137379,No
137380,Yes
137381,Yes
137382,No
137383,Yes
137384,Yes
137385,Yes
137386,Yes
137387,Yes
137388,Yes
137389,Yes
137390,Yes
137391,Yes
137392,Yes
137393,Yes
137394,Yes
137395,No
137396,Yes
137397,Yes
137398,Yes
137399,Yes
137400,Yes
137401,Yes
137402,No
137403,Yes
137404,No
137405,Yes
137406,Yes
137407,Yes
137408,No
137409,No
137410,Yes
137411,Yes
137412,No
137413,Yes
137414,Yes
137415,Yes
137416,Yes
137417,Yes
137418,Yes
137419,Yes
137420,Yes
137421,Yes
137422,Yes
137423,Yes
137424,Yes
137425,Yes
137426,Yes
137427,No
137428,No
137429,Yes
137430,Yes
137431,No
137432,Yes
137433,Yes
137434,Yes
137435,No
137436,Yes
137437,Yes
137438,Yes
137439,Yes
137440,No
137441,No
137442,Yes
137443,Yes
137444,No
137445,Yes
137446,No
137447,Yes
137448,Yes
137449,No
137450,Yes
137451,Yes
137452,No
137453,No
137454,Yes
137455,Yes
137456,Yes
137457,Yes
137458,Yes
137459,Yes
137460,Yes
137461,Yes
137462,Yes
137463,Yes
137464,Yes
137465,No
137466,Yes
137467,Yes
137468,No
137469,No
137470,Yes
137471,Yes
137472,No
137473,No
137474,Yes
137475,No
137476,Yes
137477,Yes
137478,Yes
137479,Yes
137480,Yes
137481,No
137482,Yes
137483,No
137484,Yes
137485,No
137486,Yes
137487,No
137488,No
137489,Yes
137490,Yes
137491,Yes
137492,No
137493,Yes
137494,Yes
137495,No
137496,Yes
137497,Yes
137498,No
137499,No
137500,Yes
137501,No
137502,No
137503,Yes
137504,Yes
137505,Yes
137506,No
137507,Yes
137508,No
137509,No
137510,Yes
137511,Yes
137512,No
137513,Yes
137514,No
137515,Yes
137516,Yes
137517,No
137518,No
137519,Yes
137520,Yes
137521,Yes
137522,No
137523,Yes
137524,Yes
137525,No
137526,Yes
137527,Yes
137528,Yes
137529,Yes
137530,Yes
137531,Yes
137532,Yes
137533,Yes
137534,Yes
137535,No
137536,Yes
137537,No
137538,Yes
137539,Yes
137540,No
137541,No
137542,Yes
137543,Yes
137544,Yes
137545,Yes
137546,No
137547,Yes
137548,No
137549,No
137550,No
137551,Yes
137552,Yes
137553,No
137554,Yes
137555,No
137556,Yes
137557,Yes
137558,Yes
137559,No
137560,No
137561,No
137562,No
137563,No
137564,No
137565,No
137566,No
137567,No
137568,Yes
137569,Yes
137570,No
137571,Yes
137572,No
137573,No
137574,Yes
137575,Yes
137576,No
137577,Yes
137578,No
137579,No
137580,Yes
137581,Yes
137582,Yes
137583,Yes
137584,Yes
137585,Yes
137586,Yes
137587,Yes
137588,Yes
137589,Yes
137590,Yes
137591,No
137592,No
137593,Yes
137594,No
137595,No
137596,Yes
137597,No
137598,No
137599,No
137600,No
137601,No
137602,Yes
137603,Yes
137604,No
137605,Yes
137606,No
137607,Yes
137608,No
137609,Yes
137610,Yes
137611,No
137612,Yes
137613,Yes
137614,Yes
137615,No
137616,Yes
137617,No
137618,Yes
137619,No
137620,No
137621,No
137622,Yes
137623,Yes
137624,Yes
137625,Yes
137626,No
137627,Yes
137628,Yes
137629,No
137630,Yes
137631,No
137632,No
137633,Yes
137634,Yes
137635,No
137636,No
137637,No
137638,Yes
137639,Yes
137640,No
137641,No
137642,Yes
137643,Yes
137644,Yes
137645,Yes
137646,No
137647,No
137648,No
137649,Yes
137650,No
137651,Yes
137652,Yes
137653,Yes
137654,Yes
137655,Yes
137656,Yes
137657,No
137658,Yes
137659,Yes
137660,Yes
137661,Yes
137662,Yes
137663,Yes
137664,No
137665,No
137666,Yes
137667,No
137668,Yes
137669,Yes
137670,No
137671,Yes
137672,No
137673,Yes
137674,Yes
137675,Yes
137676,Yes
137677,Yes
137678,Yes
137679,No
137680,Yes
137681,Yes
137682,Yes
137683,Yes
137684,Yes
137685,Yes
137686,No
137687,No
137688,Yes
137689,Yes
137690,Yes
137691,Yes
137692,Yes
137693,No
137694,Yes
137695,Yes
137696,Yes
137697,Yes
137698,No
137699,No
137700,Yes
137701,No
137702,No
137703,Yes
137704,Yes
137705,Yes
137706,No
137707,Yes
137708,No
137709,No
137710,No
137711,No
137712,Yes
137713,No
137714,Yes
137715,No
137716,Yes
137717,Yes
137718,Yes
137719,Yes
137720,Yes
137721,No
137722,No
137723,Yes
137724,No
137725,Yes
137726,No
137727,Yes
137728,Yes
137729,Yes
137730,No
137731,No
137732,Yes
137733,Yes
137734,Yes
137735,Yes
137736,Yes
137737,No
137738,No
137739,Yes
137740,Yes
137741,Yes
137742,Yes
137743,Yes
137744,Yes
137745,Yes
137746,No
137747,Yes
137748,No
137749,Yes
137750,No
137751,Yes
137752,No
137753,Yes
137754,No
137755,Yes
137756,Yes
137757,No
137758,Yes
137759,Yes
137760,Yes
137761,Yes
137762,Yes
137763,Yes
137764,Yes
137765,No
137766,No
137767,Yes
137768,No
137769,No
137770,No
137771,Yes
137772,Yes
137773,No
137774,Yes
137775,Yes
137776,Yes
137777,Yes
137778,Yes
137779,No
137780,Yes
137781,Yes
137782,Yes
137783,No
137784,Yes
137785,Yes
137786,No
137787,Yes
137788,Yes
137789,Yes
137790,Yes
137791,Yes
137792,Yes
137793,Yes
137794,Yes
137795,Yes
137796,Yes
137797,No
137798,Yes
137799,No
137800,Yes
137801,No
137802,Yes
137803,No
137804,No
137805,No
137806,Yes
137807,Yes
137808,No
137809,Yes
137810,Yes
137811,Yes
137812,No
137813,No
137814,Yes
137815,Yes
137816,No
137817,Yes
137818,Yes
137819,Yes
137820,Yes
137821,Yes
137822,Yes
137823,No
137824,No
137825,Yes
137826,No
137827,Yes
137828,No
137829,No
137830,No
137831,Yes
137832,No
137833,Yes
137834,No
137835,No
137836,Yes
137837,Yes
137838,No
137839,No
137840,Yes
137841,Yes
137842,Yes
137843,Yes
137844,Yes
137845,Yes
137846,Yes
137847,No
137848,Yes
137849,No
137850,Yes
137851,Yes
137852,Yes
137853,Yes
137854,Yes
137855,Yes
137856,Yes
137857,Yes
137858,Yes
137859,Yes
137860,Yes
137861,Yes
137862,Yes
137863,Yes
137864,Yes
137865,Yes
137866,Yes
137867,Yes
137868,No
137869,No
137870,Yes
137871,Yes
137872,Yes
137873,Yes
137874,No
137875,No
137876,Yes
137877,No
137878,No
137879,Yes
137880,Yes
137881,Yes
137882,Yes
137883,Yes
137884,Yes
137885,Yes
137886,Yes
137887,Yes
137888,Yes
137889,No
137890,No
137891,No
137892,Yes
137893,Yes
137894,No
137895,Yes
137896,Yes
137897,Yes
137898,Yes
137899,Yes
137900,Yes
137901,Yes
137902,Yes
137903,No
137904,Yes
137905,Yes
137906,Yes
137907,Yes
137908,Yes
137909,Yes
137910,Yes
137911,Yes
137912,Yes
137913,Yes
137914,Yes
137915,Yes
137916,Yes
137917,Yes
137918,No
137919,Yes
137920,Yes
137921,Yes
137922,Yes
137923,Yes
137924,Yes
137925,Yes
137926,No
137927,Yes
137928,Yes
137929,No
137930,No
137931,No
137932,Yes
137933,No
137934,Yes
137935,No
137936,Yes
137937,Yes
137938,No
137939,No
137940,No
137941,No
137942,Yes
137943,No
137944,Yes
137945,No
137946,No
137947,Yes
137948,Yes
137949,Yes
137950,Yes
137951,Yes
137952,Yes
137953,Yes
137954,Yes
137955,Yes
137956,No
137957,No
137958,Yes
137959,No
137960,Yes
137961,Yes
137962,No
137963,No
137964,Yes
137965,No
137966,Yes
137967,Yes
137968,Yes
137969,Yes
137970,No
137971,Yes
137972,No
137973,No
137974,Yes
137975,Yes
137976,No
137977,Yes
137978,Yes
137979,Yes
137980,Yes
137981,No
137982,Yes
137983,No
137984,No
137985,No
137986,Yes
137987,Yes
137988,No
137989,No
137990,Yes
137991,Yes
137992,Yes
137993,No
137994,No
137995,Yes
137996,No
137997,No
137998,Yes
137999,Yes
138000,Yes
138001,Yes
138002,Yes
138003,Yes
138004,Yes
138005,No
138006,Yes
138007,Yes
138008,No
138009,No
138010,Yes
138011,No
138012,No
138013,Yes
138014,Yes
138015,Yes
138016,No
138017,Yes
138018,Yes
138019,No
138020,Yes
138021,Yes
138022,Yes
138023,No
138024,Yes
138025,Yes
138026,Yes
138027,No
138028,No
138029,Yes
138030,No
138031,Yes
138032,Yes
138033,Yes
138034,No
138035,No
138036,Yes
138037,Yes
138038,No
138039,Yes
138040,Yes
138041,Yes
138042,Yes
138043,Yes
138044,No
138045,Yes
138046,Yes
138047,Yes
138048,Yes
138049,No
138050,No
138051,No
138052,Yes
138053,Yes
138054,No
138055,Yes
138056,Yes
138057,Yes
138058,Yes
138059,No
138060,Yes
138061,Yes
138062,Yes
138063,No
138064,Yes
138065,No
138066,Yes
138067,Yes
138068,Yes
138069,No
138070,No
138071,Yes
138072,No
138073,No
138074,Yes
138075,No
138076,No
138077,No
138078,Yes
138079,Yes
138080,No
138081,No
138082,No
138083,No
138084,Yes
138085,Yes
138086,Yes
138087,No
138088,No
138089,Yes
138090,No
138091,No
138092,Yes
138093,Yes
138094,Yes
138095,Yes
138096,Yes
138097,No
138098,No
138099,Yes
138100,No
138101,Yes
138102,Yes
138103,No
138104,Yes
138105,No
138106,Yes
138107,Yes
138108,No
138109,Yes
138110,Yes
138111,Yes
138112,No
138113,No
138114,Yes
138115,Yes
138116,Yes
138117,Yes
138118,Yes
138119,Yes
138120,No
138121,No
138122,Yes
138123,Yes
138124,Yes
138125,Yes
138126,Yes
138127,No
138128,Yes
138129,Yes
138130,Yes
138131,No
138132,Yes
138133,No
138134,Yes
138135,Yes
138136,Yes
138137,Yes
138138,Yes
138139,Yes
138140,No
138141,Yes
138142,Yes
138143,Yes
138144,Yes
138145,Yes
138146,No
138147,No
138148,Yes
138149,Yes
138150,No
138151,Yes
138152,Yes
138153,No
138154,Yes
138155,Yes
138156,Yes
138157,Yes
138158,Yes
138159,Yes
138160,Yes
138161,Yes
138162,Yes
138163,No
138164,Yes
138165,No
138166,Yes
138167,Yes
138168,No
138169,Yes
138170,Yes
138171,No
138172,No
138173,No
138174,No
138175,Yes
138176,Yes
138177,Yes
138178,Yes
138179,Yes
138180,No
138181,No
138182,Yes
138183,Yes
138184,No
138185,Yes
138186,No
138187,Yes
138188,Yes
138189,Yes
138190,Yes
138191,Yes
138192,Yes
138193,Yes
138194,Yes
138195,Yes
138196,No
138197,Yes
138198,No
138199,No
138200,Yes
138201,No
138202,No
138203,Yes
138204,No
138205,Yes
138206,Yes
138207,No
138208,Yes
138209,No
138210,No
138211,Yes
138212,Yes
138213,Yes
138214,Yes
138215,Yes
138216,No
138217,No
138218,No
138219,Yes
138220,Yes
138221,Yes
138222,No
138223,Yes
138224,No
138225,No
138226,Yes
138227,Yes
138228,Yes
138229,Yes
138230,No
138231,Yes
138232,No
138233,No
138234,Yes
138235,Yes
138236,Yes
138237,Yes
138238,Yes
138239,Yes
138240,Yes
138241,No
138242,Yes
138243,Yes
138244,No
138245,Yes
138246,Yes
138247,Yes
138248,Yes
138249,Yes
138250,Yes
138251,Yes
138252,Yes
138253,No
138254,Yes
138255,No
138256,No
138257,Yes
138258,Yes
138259,Yes
138260,No
138261,No
138262,Yes
138263,Yes
138264,Yes
138265,No
138266,Yes
138267,No
138268,No
138269,Yes
138270,Yes
138271,No
138272,Yes
138273,Yes
138274,Yes
138275,Yes
138276,Yes
138277,Yes
138278,No
138279,Yes
138280,Yes
138281,No
138282,Yes
138283,Yes
138284,Yes
138285,Yes
138286,No
138287,No
138288,Yes
138289,Yes
138290,Yes
138291,Yes
138292,Yes
138293,No
138294,Yes
138295,Yes
138296,Yes
138297,Yes
138298,No
138299,Yes
138300,Yes
138301,Yes
138302,No
138303,Yes
138304,Yes
138305,No
138306,Yes
138307,No
138308,Yes
138309,Yes
138310,Yes
138311,Yes
138312,Yes
138313,No
138314,Yes
138315,Yes
138316,Yes
138317,Yes
138318,Yes
138319,Yes
138320,Yes
138321,No
138322,No
138323,Yes
138324,No
138325,No
138326,Yes
138327,Yes
138328,No
138329,Yes
138330,Yes
138331,Yes
138332,No
138333,Yes
138334,No
138335,Yes
138336,No
138337,Yes
138338,No
138339,Yes
138340,Yes
138341,Yes
138342,Yes
138343,No
138344,Yes
138345,Yes
138346,Yes
138347,Yes
138348,Yes
138349,No
138350,Yes
138351,Yes
138352,Yes
138353,Yes
138354,Yes
138355,No
138356,Yes
138357,Yes
138358,Yes
138359,Yes
138360,Yes
138361,Yes
138362,Yes
138363,Yes
138364,Yes
138365,Yes
138366,Yes
138367,Yes
138368,Yes
138369,Yes
138370,Yes
138371,No
138372,No
138373,No
138374,Yes
138375,Yes
138376,Yes
138377,Yes
138378,Yes
138379,Yes
138380,Yes
138381,Yes
138382,Yes
138383,No
138384,Yes
138385,Yes
138386,Yes
138387,Yes
138388,Yes
138389,No
138390,Yes
138391,No
138392,No
138393,Yes
138394,Yes
138395,Yes
138396,Yes
138397,Yes
138398,No
138399,Yes
138400,Yes
138401,Yes
138402,Yes
138403,Yes
138404,Yes
138405,Yes
138406,Yes
138407,Yes
138408,Yes
138409,Yes
138410,No
138411,No
138412,Yes
138413,Yes
138414,No
138415,Yes
138416,No
138417,Yes
138418,Yes
138419,Yes
138420,Yes
138421,Yes
138422,Yes
138423,No
138424,No
138425,Yes
138426,Yes
138427,Yes
138428,No
138429,No
138430,Yes
138431,Yes
138432,Yes
138433,Yes
138434,Yes
138435,Yes
138436,No
138437,Yes
138438,Yes
138439,Yes
138440,No
138441,Yes
138442,Yes
138443,No
138444,Yes
138445,Yes
138446,Yes
138447,No
138448,No
138449,Yes
138450,Yes
138451,Yes
138452,Yes
138453,No
138454,Yes
138455,No
138456,Yes
138457,Yes
138458,Yes
138459,No
138460,Yes
138461,No
138462,Yes
138463,No
138464,Yes
138465,Yes
138466,Yes
138467,No
138468,No
138469,No
138470,Yes
138471,No
138472,No
138473,No
138474,No
138475,Yes
138476,No
138477,Yes
138478,Yes
138479,No
138480,Yes
138481,Yes
138482,Yes
138483,No
138484,No
138485,No
138486,No
138487,No
138488,Yes
138489,Yes
138490,Yes
138491,No
138492,No
138493,Yes
138494,No
138495,No
138496,No
138497,Yes
138498,No
138499,No
138500,Yes
138501,Yes
138502,No
138503,No
138504,Yes
138505,No
138506,Yes
138507,No
138508,Yes
138509,Yes
138510,Yes
138511,Yes
138512,Yes
138513,No
138514,Yes
138515,Yes
138516,Yes
138517,Yes
138518,Yes
138519,No
138520,Yes
138521,Yes
138522,No
138523,Yes
138524,Yes
138525,Yes
138526,No
138527,Yes
138528,Yes
138529,No
138530,Yes
138531,No
138532,Yes
138533,No
138534,No
138535,Yes
138536,No
138537,Yes
138538,No
138539,Yes
138540,Yes
138541,No
138542,No
138543,No
138544,No
138545,Yes
138546,Yes
138547,Yes
138548,Yes
138549,No
138550,Yes
138551,Yes
138552,No
138553,Yes
138554,Yes
138555,No
138556,Yes
138557,No
138558,Yes
138559,Yes
138560,Yes
138561,No
138562,Yes
138563,Yes
138564,No
138565,No
138566,Yes
138567,Yes
138568,No
138569,No
138570,Yes
138571,Yes
138572,No
138573,Yes
138574,No
138575,Yes
138576,Yes
138577,Yes
138578,Yes
138579,Yes
138580,No
138581,No
138582,No
138583,No
138584,Yes
138585,Yes
138586,Yes
138587,No
138588,Yes
138589,Yes
138590,Yes
138591,Yes
138592,Yes
138593,Yes
138594,Yes
138595,No
138596,No
138597,Yes
138598,No
138599,Yes
138600,Yes
138601,Yes
138602,Yes
138603,No
138604,Yes
138605,No
138606,No
138607,Yes
138608,No
138609,Yes
138610,Yes
138611,Yes
138612,Yes
138613,Yes
138614,No
138615,Yes
138616,Yes
138617,No
138618,No
138619,Yes
138620,Yes
138621,Yes
138622,Yes
138623,Yes
138624,Yes
138625,Yes
138626,Yes
138627,Yes
138628,No
138629,Yes
138630,Yes
138631,Yes
138632,Yes
138633,Yes
138634,Yes
138635,Yes
138636,No
138637,No
138638,No
138639,Yes
138640,Yes
138641,Yes
138642,Yes
138643,Yes
138644,Yes
138645,Yes
138646,No
138647,No
138648,Yes
138649,No
138650,Yes
138651,Yes
138652,Yes
138653,Yes
138654,Yes
138655,No
138656,Yes
138657,Yes
138658,Yes
138659,Yes
138660,Yes
138661,Yes
138662,No
138663,Yes
138664,Yes
138665,No
138666,No
138667,Yes
138668,No
138669,Yes
138670,No
138671,No
138672,No
138673,No
138674,Yes
138675,Yes
138676,No
138677,No
138678,Yes
138679,Yes
138680,No
138681,Yes
138682,No
138683,Yes
138684,No
138685,No
138686,Yes
138687,Yes
138688,Yes
138689,No
138690,No
138691,No
138692,Yes
138693,No
138694,Yes
138695,No
138696,Yes
138697,Yes
138698,No
138699,No
138700,Yes
138701,Yes
138702,Yes
138703,No
138704,Yes
138705,Yes
138706,No
138707,Yes
138708,Yes
138709,Yes
138710,Yes
138711,No
138712,Yes
138713,Yes
138714,Yes
138715,No
138716,Yes
138717,No
138718,Yes
138719,Yes
138720,No
138721,Yes
138722,Yes
138723,No
138724,Yes
138725,Yes
138726,Yes
138727,Yes
138728,Yes
138729,Yes
138730,Yes
138731,No
138732,Yes
138733,Yes
138734,Yes
138735,Yes
138736,No
138737,Yes
138738,Yes
138739,Yes
138740,Yes
138741,No
138742,No
138743,Yes
138744,No
138745,No
138746,No
138747,No
138748,No
138749,No
138750,No
138751,Yes
138752,Yes
138753,Yes
138754,Yes
138755,Yes
138756,No
138757,No
138758,No
138759,Yes
138760,Yes
138761,No
138762,No
138763,Yes
138764,Yes
138765,Yes
138766,Yes
138767,No
138768,Yes
138769,Yes
138770,No
138771,Yes
138772,No
138773,No
138774,Yes
138775,No
138776,No
138777,Yes
138778,Yes
138779,No
138780,Yes
138781,Yes
138782,Yes
138783,Yes
138784,Yes
138785,No
138786,No
138787,No
138788,Yes
138789,Yes
138790,Yes
138791,No
138792,Yes
138793,Yes
138794,Yes
138795,Yes
138796,No
138797,No
138798,Yes
138799,Yes
138800,No
138801,No
138802,No
138803,No
138804,Yes
138805,Yes
138806,Yes
138807,Yes
138808,No
138809,No
138810,No
138811,No
138812,No
138813,Yes
138814,Yes
138815,No
138816,No
138817,Yes
138818,No
138819,No
138820,Yes
138821,Yes
138822,Yes
138823,No
138824,No
138825,Yes
138826,Yes
138827,No
138828,No
138829,No
138830,Yes
138831,Yes
138832,No
138833,Yes
138834,No
138835,Yes
138836,Yes
138837,Yes
138838,Yes
138839,Yes
138840,No
138841,Yes
138842,No
138843,Yes
138844,No
138845,Yes
138846,Yes
138847,No
138848,Yes
138849,No
138850,Yes
138851,Yes
138852,Yes
138853,Yes
138854,Yes
138855,Yes
138856,Yes
138857,No
138858,Yes
138859,Yes
138860,Yes
138861,Yes
138862,No
138863,No
138864,No
138865,No
138866,No
138867,Yes
138868,Yes
138869,Yes
138870,No
138871,Yes
138872,No
138873,No
138874,No
138875,Yes
138876,Yes
138877,Yes
138878,No
138879,Yes
138880,Yes
138881,Yes
138882,No
138883,Yes
138884,No
138885,Yes
138886,No
138887,No
138888,Yes
138889,No
138890,Yes
138891,Yes
138892,Yes
138893,No
138894,No
138895,Yes
138896,Yes
138897,Yes
138898,Yes
138899,Yes
138900,Yes
138901,Yes
138902,Yes
138903,No
138904,No
138905,Yes
138906,Yes
138907,No
138908,Yes
138909,Yes
138910,Yes
138911,No
138912,Yes
138913,Yes
138914,No
138915,No
138916,Yes
138917,No
138918,No
138919,Yes
138920,Yes
138921,Yes
138922,Yes
138923,Yes
138924,No
138925,Yes
138926,Yes
138927,No
138928,No
138929,Yes
138930,Yes
138931,Yes
138932,Yes
138933,No
138934,No
138935,No
138936,Yes
138937,No
138938,Yes
138939,Yes
138940,Yes
138941,Yes
138942,Yes
138943,Yes
138944,Yes
138945,Yes
138946,Yes
138947,Yes
138948,Yes
138949,Yes
138950,Yes
138951,Yes
138952,Yes
138953,Yes
138954,Yes
138955,Yes
138956,Yes
138957,Yes
138958,Yes
138959,No
138960,Yes
138961,Yes
138962,Yes
138963,Yes
138964,Yes
138965,Yes
138966,Yes
138967,Yes
138968,No
138969,No
138970,Yes
138971,Yes
138972,Yes
138973,Yes
138974,Yes
138975,Yes
138976,Yes
138977,No
138978,No
138979,Yes
138980,No
138981,No
138982,No
138983,Yes
138984,Yes
138985,Yes
138986,No
138987,No
138988,Yes
138989,Yes
138990,No
138991,No
138992,Yes
138993,No
138994,No
138995,No
138996,Yes
138997,No
138998,No
138999,No
139000,No
139001,Yes
139002,Yes
139003,Yes
139004,Yes
139005,Yes
139006,No
139007,Yes
139008,No
139009,Yes
139010,No
139011,Yes
139012,Yes
139013,No
139014,Yes
139015,Yes
139016,Yes
139017,No
139018,Yes
139019,Yes
139020,Yes
139021,Yes
139022,Yes
139023,Yes
139024,Yes
139025,Yes
139026,No
139027,Yes
139028,Yes
139029,No
139030,Yes
139031,Yes
139032,Yes
139033,Yes
139034,No
139035,Yes
139036,Yes
139037,Yes
139038,Yes
139039,Yes
139040,Yes
139041,No
139042,No
139043,Yes
139044,Yes
139045,No
139046,No
139047,No
139048,No
139049,No
139050,Yes
139051,Yes
139052,Yes
139053,No
139054,Yes
139055,No
139056,No
139057,Yes
139058,Yes
139059,Yes
139060,No
139061,Yes
139062,Yes
139063,Yes
139064,Yes
139065,Yes
139066,No
139067,Yes
139068,Yes
139069,Yes
139070,Yes
139071,Yes
139072,Yes
139073,Yes
139074,Yes
139075,Yes
139076,No
139077,Yes
139078,No
139079,Yes
139080,No
139081,Yes
139082,Yes
139083,No
139084,No
139085,No
139086,No
139087,No
139088,Yes
139089,No
139090,No
139091,Yes
139092,Yes
139093,Yes
139094,Yes
139095,No
139096,Yes
139097,Yes
139098,Yes
139099,Yes
139100,Yes
139101,Yes
139102,Yes
139103,Yes
139104,Yes
139105,No
139106,Yes
139107,Yes
139108,Yes
139109,Yes
139110,No
139111,Yes
139112,Yes
139113,No
139114,No
139115,Yes
139116,Yes
139117,Yes
139118,Yes
139119,Yes
139120,No
139121,No
139122,Yes
139123,Yes
139124,Yes
139125,Yes
139126,No
139127,Yes
139128,Yes
139129,Yes
139130,Yes
139131,No
139132,No
139133,No
139134,Yes
139135,Yes
139136,No
139137,Yes
139138,Yes
139139,Yes
139140,Yes
139141,Yes
139142,No
139143,No
139144,Yes
139145,No
139146,Yes
139147,Yes
139148,Yes
139149,No
139150,No
139151,No
139152,No
139153,No
139154,Yes
139155,No
139156,Yes
139157,No
139158,Yes
139159,No
139160,Yes
139161,Yes
139162,Yes
139163,No
139164,Yes
139165,Yes
139166,Yes
139167,Yes
139168,No
139169,Yes
139170,Yes
139171,Yes
139172,No
139173,Yes
139174,Yes
139175,No
139176,No
139177,Yes
139178,Yes
139179,Yes
139180,No
139181,Yes
139182,Yes
139183,Yes
139184,Yes
139185,Yes
139186,Yes
139187,Yes
139188,Yes
139189,Yes
139190,Yes
139191,No
139192,Yes
139193,Yes
139194,Yes
139195,No
139196,Yes
139197,Yes
139198,No
139199,Yes
139200,No
139201,Yes
139202,No
139203,No
139204,Yes
139205,Yes
139206,Yes
139207,Yes
139208,No
139209,Yes
139210,Yes
139211,Yes
139212,Yes
139213,Yes
139214,Yes
139215,No
139216,Yes
139217,Yes
139218,Yes
139219,No
139220,No
139221,Yes
139222,Yes
139223,Yes
139224,Yes
139225,Yes
139226,Yes
139227,Yes
139228,Yes
139229,Yes
139230,No
139231,No
139232,No
139233,Yes
139234,Yes
139235,No
139236,Yes
139237,No
139238,Yes
139239,Yes
139240,Yes
139241,Yes
139242,Yes
139243,No
139244,No
139245,Yes
139246,Yes
139247,No
139248,Yes
139249,Yes
139250,Yes
139251,Yes
139252,No
139253,No
139254,No
139255,Yes
139256,No
139257,No
139258,Yes
139259,No
139260,Yes
139261,No
139262,Yes
139263,Yes
139264,Yes
139265,Yes
139266,No
139267,Yes
139268,Yes
139269,No
139270,No
139271,No
139272,Yes
139273,No
139274,Yes
139275,Yes
139276,No
139277,Yes
139278,Yes
139279,Yes
139280,Yes
139281,No
139282,Yes
139283,Yes
139284,Yes
139285,No
139286,Yes
139287,No
139288,Yes
139289,Yes
139290,No
139291,Yes
139292,Yes
139293,Yes
139294,No
139295,No
139296,Yes
139297,Yes
139298,No
139299,Yes
139300,Yes
139301,No
139302,Yes
139303,Yes
139304,Yes
139305,No
139306,No
139307,Yes
139308,No
139309,Yes
139310,Yes
139311,Yes
139312,No
139313,Yes
139314,No
139315,Yes
139316,Yes
139317,No
139318,Yes
139319,Yes
139320,Yes
139321,No
139322,No
139323,No
139324,No
139325,Yes
139326,Yes
139327,No
139328,Yes
139329,No
139330,Yes
139331,Yes
139332,Yes
139333,Yes
139334,Yes
139335,No
139336,Yes
139337,No
139338,Yes
139339,Yes
139340,Yes
139341,Yes
139342,No
139343,Yes
139344,No
139345,Yes
139346,Yes
139347,No
139348,Yes
139349,Yes
139350,Yes
139351,Yes
139352,Yes
139353,Yes
139354,No
139355,Yes
139356,Yes
139357,Yes
139358,Yes
139359,Yes
139360,Yes
139361,Yes
139362,No
139363,Yes
139364,Yes
139365,Yes
139366,Yes
139367,Yes
139368,Yes
139369,Yes
139370,Yes
139371,Yes
139372,Yes
139373,No
139374,Yes
139375,No
139376,Yes
139377,Yes
139378,Yes
139379,Yes
139380,No
139381,Yes
139382,No
139383,Yes
139384,Yes
139385,Yes
139386,No
139387,No
139388,No
139389,No
139390,Yes
139391,Yes
139392,Yes
139393,Yes
139394,No
139395,Yes
139396,Yes
139397,No
139398,Yes
139399,No
139400,Yes
139401,No
139402,No
139403,No
139404,No
139405,Yes
139406,No
139407,Yes
139408,No
139409,No
139410,No
139411,No
139412,No
139413,Yes
139414,No
139415,No
139416,No
139417,No
139418,No
139419,Yes
139420,Yes
139421,No
139422,Yes
139423,No
139424,Yes
139425,Yes
139426,Yes
139427,Yes
139428,Yes
139429,Yes
139430,Yes
139431,No
139432,No
139433,No
139434,Yes
139435,Yes
139436,No
139437,Yes
139438,Yes
139439,Yes
139440,No
139441,Yes
139442,Yes
139443,Yes
139444,Yes
139445,No
139446,Yes
139447,No
139448,Yes
139449,Yes
139450,Yes
139451,No
139452,Yes
139453,Yes
139454,No
139455,No
139456,Yes
139457,Yes
139458,Yes
139459,Yes
139460,No
139461,No
139462,Yes
139463,Yes
139464,No
139465,No
139466,Yes
139467,Yes
139468,No
139469,Yes
139470,Yes
139471,No
139472,Yes
139473,No
139474,Yes
139475,No
139476,No
139477,Yes
139478,No
139479,Yes
139480,Yes
139481,Yes
139482,Yes
139483,Yes
139484,Yes
139485,Yes
139486,No
139487,Yes
139488,No
139489,Yes
139490,No
139491,Yes
139492,Yes
139493,No
139494,No
139495,Yes
139496,Yes
139497,Yes
139498,Yes
139499,Yes
139500,Yes
139501,Yes
139502,Yes
139503,Yes
139504,No
139505,No
139506,No
139507,No
139508,No
139509,Yes
139510,Yes
139511,Yes
139512,No
139513,Yes
139514,No
139515,Yes
139516,Yes
139517,Yes
139518,Yes
139519,Yes
139520,Yes
139521,Yes
139522,No
139523,No
139524,No
139525,Yes
139526,Yes
139527,No
139528,No
139529,Yes
139530,Yes
139531,Yes
139532,No
139533,Yes
139534,Yes
139535,Yes
139536,No
139537,Yes
139538,Yes
139539,No
139540,Yes
139541,No
139542,No
139543,Yes
139544,Yes
139545,Yes
139546,No
139547,Yes
139548,Yes
139549,No
139550,No
139551,Yes
139552,No
139553,Yes
139554,Yes
139555,Yes
139556,No
139557,Yes
139558,Yes
139559,No
139560,Yes
139561,Yes
139562,Yes
139563,Yes
139564,Yes
139565,Yes
139566,No
139567,Yes
139568,Yes
139569,Yes
139570,Yes
139571,Yes
139572,No
139573,Yes
139574,No
139575,Yes
139576,No
139577,Yes
139578,No
139579,No
139580,No
139581,No
139582,Yes
139583,Yes
139584,Yes
139585,No
139586,Yes
139587,Yes
139588,No
139589,No
139590,No
139591,Yes
139592,Yes
139593,Yes
139594,No
139595,Yes
139596,No
139597,Yes
139598,Yes
139599,Yes
139600,Yes
139601,No
139602,Yes
139603,No
139604,Yes
139605,No
139606,No
139607,Yes
139608,No
139609,Yes
139610,Yes
139611,Yes
139612,Yes
139613,No
139614,Yes
139615,Yes
139616,No
139617,Yes
139618,Yes
139619,No
139620,No
139621,Yes
139622,Yes
139623,Yes
139624,No
139625,Yes
139626,No
139627,Yes
139628,Yes
139629,Yes
139630,Yes
139631,Yes
139632,No
139633,No
139634,Yes
139635,No
139636,Yes
139637,Yes
139638,Yes
139639,Yes
139640,Yes
139641,Yes
139642,Yes
139643,No
139644,No
139645,No
139646,Yes
139647,No
139648,Yes
139649,Yes
139650,Yes
139651,No
139652,Yes
139653,Yes
139654,No
139655,No
139656,No
139657,Yes
139658,No
139659,Yes
139660,Yes
139661,Yes
139662,Yes
139663,Yes
139664,Yes
139665,Yes
139666,Yes
139667,No
139668,Yes
139669,No
139670,No
139671,Yes
139672,Yes
139673,Yes
139674,Yes
139675,Yes
139676,Yes
139677,Yes
139678,Yes
139679,Yes
139680,Yes
139681,No
139682,Yes
139683,Yes
139684,Yes
139685,Yes
139686,Yes
139687,Yes
139688,Yes
139689,Yes
139690,No
139691,Yes
139692,Yes
139693,Yes
139694,Yes
139695,Yes
139696,No
139697,Yes
139698,Yes
139699,Yes
139700,No
139701,Yes
139702,No
139703,No
139704,Yes
139705,Yes
139706,Yes
139707,No
139708,Yes
139709,Yes
139710,No
139711,Yes
139712,Yes
139713,Yes
139714,No
139715,No
139716,Yes
139717,No
139718,Yes
139719,Yes
139720,Yes
139721,Yes
139722,Yes
139723,Yes
139724,Yes
139725,No
139726,Yes
139727,Yes
139728,Yes
139729,Yes
139730,No
139731,No
139732,Yes
139733,Yes
139734,No
139735,Yes
139736,Yes
139737,No
139738,Yes
139739,Yes
139740,Yes
139741,Yes
139742,Yes
139743,Yes
139744,Yes
139745,No
139746,No
139747,Yes
139748,No
139749,Yes
139750,No
139751,Yes
139752,No
139753,Yes
139754,Yes
139755,Yes
139756,No
139757,Yes
139758,No
139759,Yes
139760,No
139761,Yes
139762,Yes
139763,No
139764,No
139765,No
139766,Yes
139767,Yes
139768,No
139769,Yes
139770,Yes
139771,Yes
139772,Yes
139773,No
139774,No
139775,Yes
139776,Yes
139777,Yes
139778,Yes
139779,No
139780,Yes
139781,Yes
139782,Yes
139783,Yes
139784,Yes
139785,Yes
139786,Yes
139787,Yes
139788,No
139789,No
139790,No
139791,Yes
139792,No
139793,Yes
139794,Yes
139795,No
139796,Yes
139797,No
139798,Yes
139799,Yes
139800,No
139801,No
139802,No
139803,Yes
139804,Yes
139805,Yes
139806,Yes
139807,Yes
139808,Yes
139809,Yes
139810,Yes
139811,Yes
139812,Yes
139813,No
139814,Yes
139815,Yes
139816,Yes
139817,Yes
139818,No
139819,Yes
139820,Yes
139821,No
139822,No
139823,Yes
139824,No
139825,Yes
139826,No
139827,No
139828,Yes
139829,Yes
139830,Yes
139831,Yes
139832,Yes
139833,Yes
139834,Yes
139835,No
139836,Yes
139837,Yes
139838,No
139839,Yes
139840,No
139841,No
139842,Yes
139843,Yes
139844,No
139845,Yes
139846,No
139847,No
139848,Yes
139849,Yes
139850,Yes
139851,No
139852,No
139853,Yes
139854,Yes
139855,Yes
139856,Yes
139857,Yes
139858,Yes
139859,Yes
139860,Yes
139861,No
139862,Yes
139863,Yes
139864,Yes
139865,Yes
139866,Yes
139867,Yes
139868,Yes
139869,No
139870,Yes
139871,No
139872,No
139873,No
139874,Yes
139875,No
139876,No
139877,No
139878,Yes
139879,No
139880,Yes
139881,Yes
139882,No
139883,Yes
139884,Yes
139885,Yes
139886,No
139887,No
139888,Yes
139889,Yes
139890,No
139891,No
139892,No
139893,Yes
139894,No
139895,Yes
139896,Yes
139897,No
139898,Yes
139899,Yes
139900,Yes
139901,No
139902,No
139903,No
139904,Yes
139905,Yes
139906,Yes
139907,No
139908,No
139909,Yes
139910,No
139911,Yes
139912,Yes
139913,No
139914,Yes
139915,No
139916,No
139917,Yes
139918,No
139919,Yes
139920,Yes
139921,Yes
139922,Yes
139923,No
139924,No
139925,Yes
139926,Yes
139927,Yes
139928,No
139929,Yes
139930,No
139931,Yes
139932,No
139933,No
139934,Yes
139935,No
139936,Yes
139937,Yes
139938,Yes
139939,Yes
139940,No
139941,Yes
139942,Yes
139943,Yes
139944,No
139945,Yes
139946,No
139947,Yes
139948,Yes
139949,No
139950,Yes
139951,No
139952,No
139953,No
139954,No
139955,Yes
139956,Yes
139957,Yes
139958,No
139959,Yes
139960,Yes
139961,Yes
139962,No
139963,Yes
139964,Yes
139965,Yes
139966,No
139967,No
139968,Yes
139969,Yes
139970,Yes
139971,No
139972,Yes
139973,Yes
139974,No
139975,Yes
139976,No
139977,No
139978,Yes
139979,Yes
139980,Yes
139981,Yes
139982,No
139983,Yes
139984,No
139985,Yes
139986,Yes
139987,No
139988,Yes
139989,Yes
139990,No
139991,Yes
139992,Yes
139993,No
139994,Yes
139995,Yes
139996,No
139997,Yes
139998,Yes
139999,No
140000,Yes
140001,No
140002,Yes
140003,Yes
140004,No
140005,Yes
140006,Yes
140007,Yes
140008,No
140009,Yes
140010,Yes
140011,No
140012,No
140013,Yes
140014,Yes
140015,Yes
140016,Yes
140017,Yes
140018,Yes
140019,No
140020,No
140021,Yes
140022,Yes
140023,Yes
140024,No
140025,Yes
140026,Yes
140027,Yes
140028,No
140029,No
140030,Yes
140031,No
140032,Yes
140033,No
140034,No
140035,Yes
140036,No
140037,Yes
140038,No
140039,Yes
140040,No
140041,No
140042,Yes
140043,Yes
140044,Yes
140045,No
140046,Yes
140047,Yes
140048,No
140049,Yes
140050,No
140051,No
140052,Yes
140053,Yes
140054,No
140055,Yes
140056,Yes
140057,Yes
140058,Yes
140059,No
140060,No
140061,Yes
140062,Yes
140063,Yes
140064,Yes
140065,Yes
140066,No
140067,Yes
140068,Yes
140069,No
140070,Yes
140071,Yes
140072,Yes
140073,Yes
140074,Yes
140075,Yes
140076,Yes
140077,Yes
140078,No
140079,Yes
140080,No
140081,Yes
140082,Yes
140083,No
140084,Yes
140085,No
140086,No
140087,No
140088,Yes
140089,No
140090,Yes
140091,Yes
140092,No
140093,No
140094,Yes
140095,Yes
140096,Yes
140097,Yes
140098,No
140099,Yes
140100,No
140101,Yes
140102,Yes
140103,Yes
140104,Yes
140105,No
140106,Yes
140107,Yes
140108,Yes
140109,Yes
140110,Yes
140111,No
140112,No
140113,Yes
140114,Yes
140115,Yes
140116,No
140117,Yes
140118,No
140119,Yes
140120,Yes
140121,Yes
140122,Yes
140123,Yes
140124,No
140125,No
140126,Yes
140127,Yes
140128,No
140129,Yes
140130,No
140131,Yes
140132,Yes
140133,Yes
140134,Yes
140135,No
140136,No
140137,Yes
140138,No
140139,Yes
140140,No
140141,No
140142,No
140143,No
140144,No
140145,Yes
140146,Yes
140147,No
140148,Yes
140149,Yes
140150,No
140151,Yes
140152,Yes
140153,No
140154,Yes
140155,No
140156,Yes
140157,Yes
140158,Yes
140159,Yes
140160,Yes
140161,Yes
140162,Yes
140163,Yes
140164,Yes
140165,No
140166,Yes
140167,Yes
140168,Yes
140169,Yes
140170,Yes
140171,No
140172,Yes
140173,Yes
140174,Yes
140175,Yes
140176,Yes
140177,Yes
140178,No
140179,Yes
140180,No
140181,Yes
140182,Yes
140183,Yes
140184,Yes
140185,Yes
140186,Yes
140187,Yes
140188,Yes
140189,No
140190,Yes
140191,Yes
140192,Yes
140193,Yes
140194,Yes
140195,Yes
140196,Yes
140197,No
140198,No
140199,Yes
140200,No
140201,Yes
140202,Yes
140203,No
140204,Yes
140205,Yes
140206,Yes
140207,Yes
140208,Yes
140209,Yes
140210,No
140211,No
140212,Yes
140213,Yes
140214,Yes
140215,Yes
140216,Yes
140217,Yes
140218,Yes
140219,No
140220,No
140221,No
140222,Yes
140223,Yes
140224,No
140225,Yes
140226,Yes
140227,Yes
140228,Yes
140229,No
140230,Yes
140231,No
140232,Yes
140233,Yes
140234,No
140235,No
140236,Yes
140237,Yes
140238,Yes
140239,No
140240,No
140241,Yes
140242,Yes
140243,Yes
140244,Yes
140245,No
140246,Yes
140247,Yes
140248,No
140249,Yes
140250,Yes
140251,No
140252,Yes
140253,Yes
140254,No
140255,Yes
140256,Yes
140257,Yes
140258,Yes
140259,No
140260,Yes
140261,Yes
140262,No
140263,Yes
140264,Yes
140265,Yes
140266,Yes
140267,No
140268,Yes
140269,Yes
140270,Yes
140271,Yes
140272,Yes
140273,Yes
140274,No
140275,No
140276,No
140277,Yes
140278,No
140279,No
140280,No
140281,No
140282,Yes
140283,No
140284,Yes
140285,Yes
140286,Yes
140287,Yes
140288,No
140289,Yes
140290,Yes
140291,Yes
140292,Yes
140293,Yes
140294,Yes
140295,Yes
140296,No
140297,No
140298,Yes
140299,Yes
140300,Yes
140301,Yes
140302,Yes
140303,Yes
140304,Yes
140305,No
140306,No
140307,Yes
140308,Yes
140309,Yes
140310,Yes
140311,No
140312,Yes
140313,Yes
140314,Yes
140315,Yes
140316,Yes
140317,Yes
140318,Yes
140319,Yes
140320,Yes
140321,Yes
140322,Yes
140323,Yes
140324,Yes
140325,Yes
140326,No
140327,Yes
140328,Yes
140329,Yes
140330,Yes
140331,Yes
140332,Yes
140333,Yes
140334,Yes
140335,Yes
140336,No
140337,No
140338,Yes
140339,No
140340,No
140341,No
140342,Yes
140343,Yes
140344,Yes
140345,Yes
140346,Yes
140347,Yes
140348,Yes
140349,No
140350,No
140351,Yes
140352,Yes
140353,Yes
140354,No
140355,No
140356,Yes
140357,Yes
140358,Yes
140359,Yes
140360,Yes
140361,No
140362,Yes
140363,Yes
140364,No
140365,Yes
140366,Yes
140367,Yes
140368,No
140369,Yes
140370,No
140371,Yes
140372,No
140373,Yes
140374,Yes
140375,Yes
140376,Yes
140377,Yes
140378,Yes
140379,Yes
140380,Yes
140381,Yes
140382,Yes
140383,No
140384,No
140385,No
140386,No
140387,Yes
140388,Yes
140389,No
140390,No
140391,Yes
140392,Yes
140393,Yes
140394,Yes
140395,No
140396,Yes
140397,Yes
140398,Yes
140399,Yes
140400,Yes
140401,Yes
140402,No
140403,Yes
140404,Yes
140405,No
140406,Yes
140407,Yes
140408,Yes
140409,Yes
140410,No
140411,No
140412,No
140413,Yes
140414,Yes
140415,Yes
140416,Yes
140417,Yes
140418,Yes
140419,Yes
140420,Yes
140421,Yes
140422,Yes
140423,Yes
140424,No
140425,Yes
140426,No
140427,Yes
140428,No
140429,Yes
140430,No
140431,No
140432,Yes
140433,Yes
140434,No
140435,No
140436,No
140437,No
140438,Yes
140439,Yes
140440,Yes
140441,No
140442,Yes
140443,Yes
140444,Yes
140445,Yes
140446,No
140447,No
140448,Yes
140449,Yes
140450,No
140451,Yes
140452,No
140453,Yes
140454,Yes
140455,Yes
140456,No
140457,No
140458,Yes
140459,Yes
140460,Yes
140461,Yes
140462,Yes
140463,Yes
140464,Yes
140465,Yes
140466,Yes
140467,No
140468,No
140469,Yes
140470,No
140471,Yes
140472,Yes
140473,Yes
140474,Yes
140475,Yes
140476,No
140477,Yes
140478,Yes
140479,Yes
140480,Yes
140481,Yes
140482,No
140483,No
140484,Yes
140485,Yes
140486,No
140487,Yes
140488,No
140489,No
140490,Yes
140491,No
140492,Yes
140493,No
140494,Yes
140495,Yes
140496,No
140497,Yes
140498,Yes
140499,Yes
140500,Yes
140501,No
140502,No
140503,No
140504,Yes
140505,Yes
140506,Yes
140507,No
140508,Yes
140509,Yes
140510,Yes
140511,Yes
140512,Yes
140513,No
140514,Yes
140515,No
140516,Yes
140517,No
140518,Yes
140519,Yes
140520,Yes
140521,Yes
140522,No
140523,Yes
140524,No
140525,No
140526,No
140527,Yes
140528,No
140529,Yes
140530,Yes
140531,Yes
140532,Yes
140533,No
140534,Yes
140535,Yes
140536,No
140537,Yes
140538,Yes
140539,Yes
140540,No
140541,No
140542,Yes
140543,Yes
140544,Yes
140545,Yes
140546,No
140547,Yes
140548,Yes
140549,Yes
140550,No
140551,Yes
140552,No
140553,Yes
140554,No
140555,Yes
140556,Yes
140557,Yes
140558,Yes
140559,No
140560,Yes
140561,No
140562,No
140563,No
140564,No
140565,Yes
140566,Yes
140567,Yes
140568,Yes
140569,No
140570,No
140571,Yes
140572,Yes
140573,No
140574,No
140575,Yes
140576,Yes
140577,Yes
140578,Yes
140579,Yes
140580,No
140581,Yes
140582,Yes
140583,No
140584,Yes
140585,Yes
140586,Yes
140587,Yes
140588,No
140589,No
140590,Yes
140591,Yes
140592,No
140593,Yes
140594,No
140595,No
140596,No
140597,No
140598,Yes
140599,Yes
140600,Yes
140601,No
140602,Yes
140603,Yes
140604,No
140605,No
140606,Yes
140607,No
140608,No
140609,No
140610,Yes
140611,Yes
140612,No
140613,No
140614,No
140615,Yes
140616,Yes
140617,No
140618,Yes
140619,No
140620,Yes
140621,Yes
140622,Yes
140623,Yes
140624,Yes
140625,Yes
140626,Yes
140627,Yes
140628,No
140629,Yes
140630,No
140631,Yes
140632,Yes
140633,No
140634,Yes
140635,Yes
140636,Yes
140637,Yes
140638,Yes
140639,Yes
140640,No
140641,Yes
140642,No
140643,Yes
140644,No
140645,No
140646,Yes
140647,Yes
140648,Yes
140649,No
140650,Yes
140651,No
140652,Yes
140653,No
140654,Yes
140655,Yes
140656,No
140657,Yes
140658,Yes
140659,Yes
140660,No
140661,Yes
140662,Yes
140663,No
140664,Yes
140665,Yes
140666,Yes
140667,Yes
140668,No
140669,No
140670,No
140671,Yes
140672,Yes
140673,No
140674,Yes
140675,No
140676,No
140677,Yes
140678,No
140679,No
140680,Yes
140681,No
140682,No
140683,Yes
140684,Yes
140685,No
140686,Yes
140687,Yes
140688,Yes
140689,Yes
140690,Yes
140691,Yes
140692,Yes
140693,Yes
140694,Yes
140695,No
140696,Yes
140697,Yes
140698,Yes
140699,Yes
140700,Yes
140701,No
140702,Yes
140703,Yes
140704,Yes
140705,Yes
140706,Yes
140707,Yes
140708,No
140709,Yes
140710,Yes
140711,Yes
140712,No
140713,Yes
140714,No
140715,No
140716,Yes
140717,No
140718,Yes
140719,Yes
140720,No
140721,Yes
140722,Yes
140723,Yes
140724,Yes
140725,No
140726,No
140727,No
140728,Yes
140729,Yes
140730,Yes
140731,Yes
140732,Yes
140733,Yes
140734,Yes
140735,Yes
140736,No
140737,No
140738,Yes
140739,Yes
140740,No
140741,Yes
140742,Yes
140743,Yes
140744,No
140745,Yes
140746,No
140747,Yes
140748,Yes
140749,Yes
140750,Yes
140751,Yes
140752,No
140753,Yes
140754,Yes
140755,No
140756,Yes
140757,Yes
140758,Yes
140759,No
140760,Yes
140761,No
140762,Yes
140763,No
140764,No
140765,No
140766,Yes
140767,No
140768,No
140769,Yes
140770,Yes
140771,Yes
140772,Yes
140773,Yes
140774,Yes
140775,Yes
140776,Yes
140777,Yes
140778,No
140779,No
140780,Yes
140781,Yes
140782,Yes
140783,No
140784,Yes
140785,No
140786,Yes
140787,Yes
140788,Yes
140789,Yes
140790,Yes
140791,No
140792,No
140793,Yes
140794,Yes
140795,Yes
140796,Yes
140797,Yes
140798,Yes
140799,No
140800,Yes
140801,Yes
140802,No
140803,No
140804,Yes
140805,No
140806,Yes
140807,Yes
140808,No
140809,No
140810,No
140811,Yes
140812,No
140813,Yes
140814,Yes
140815,No
140816,No
140817,Yes
140818,No
140819,Yes
140820,Yes
140821,Yes
140822,No
140823,Yes
140824,Yes
140825,Yes
140826,Yes
140827,Yes
140828,Yes
140829,No
140830,Yes
140831,Yes
140832,Yes
140833,Yes
140834,No
140835,Yes
140836,Yes
140837,Yes
140838,Yes
140839,Yes
140840,No
140841,Yes
140842,Yes
140843,No
140844,Yes
140845,Yes
140846,Yes
140847,Yes
140848,Yes
140849,Yes
140850,Yes
140851,No
140852,Yes
140853,Yes
140854,No
140855,Yes
140856,No
140857,Yes
140858,Yes
140859,Yes
140860,Yes
140861,Yes
140862,Yes
140863,Yes
140864,Yes
140865,Yes
140866,Yes
140867,Yes
140868,Yes
140869,No
140870,Yes
140871,Yes
140872,Yes
140873,Yes
140874,No
140875,Yes
140876,Yes
140877,Yes
140878,Yes
140879,Yes
140880,Yes
140881,Yes
140882,Yes
140883,Yes
140884,Yes
140885,Yes
140886,Yes
140887,No
140888,Yes
140889,Yes
140890,No
140891,Yes
140892,Yes
140893,No
140894,Yes
140895,Yes
140896,Yes
140897,No
140898,Yes
140899,Yes
140900,Yes
140901,Yes
140902,Yes
140903,No
140904,No
140905,Yes
140906,Yes
140907,Yes
140908,Yes
140909,No
140910,Yes
140911,Yes
140912,Yes
140913,Yes
140914,No
140915,No
140916,Yes
140917,Yes
140918,Yes
140919,Yes
140920,Yes
140921,Yes
140922,Yes
140923,Yes
140924,Yes
140925,Yes
140926,Yes
140927,Yes
140928,No
140929,Yes
140930,Yes
140931,Yes
140932,Yes
140933,Yes
140934,Yes
140935,Yes
140936,Yes
140937,No
140938,No
140939,Yes
140940,Yes
140941,Yes
140942,No
140943,No
140944,Yes
140945,No
140946,Yes
140947,Yes
140948,No
140949,Yes
140950,Yes
140951,Yes
140952,Yes
140953,Yes
140954,No
140955,Yes
140956,No
140957,Yes
140958,No
140959,No
140960,No
140961,Yes
140962,Yes
140963,Yes
140964,Yes
140965,Yes
140966,Yes
140967,Yes
140968,No
140969,Yes
140970,Yes
140971,Yes
140972,No
140973,No
140974,No
140975,Yes
140976,Yes
140977,Yes
140978,Yes
140979,No
140980,No
140981,Yes
140982,Yes
140983,Yes
140984,Yes
140985,Yes
140986,No
140987,No
140988,Yes
140989,Yes
140990,Yes
140991,No
140992,Yes
140993,Yes
140994,Yes
140995,Yes
140996,No
140997,Yes
140998,Yes
140999,Yes
141000,No
141001,Yes
141002,No
141003,Yes
141004,Yes
141005,No
141006,Yes
141007,No
141008,Yes
141009,Yes
141010,Yes
141011,Yes
141012,Yes
141013,No
141014,Yes
141015,Yes
141016,Yes
141017,Yes
141018,No
141019,Yes
141020,Yes
141021,Yes
141022,Yes
141023,Yes
141024,Yes
141025,No
141026,Yes
141027,No
141028,No
141029,Yes
141030,Yes
141031,No
141032,Yes
141033,Yes
141034,Yes
141035,No
141036,Yes
141037,No
141038,Yes
141039,Yes
141040,Yes
141041,Yes
141042,No
141043,Yes
141044,No
141045,Yes
141046,No
141047,No
141048,Yes
141049,Yes
141050,No
141051,Yes
141052,No
141053,No
141054,Yes
141055,Yes
141056,No
141057,Yes
141058,Yes
141059,Yes
141060,Yes
141061,Yes
141062,No
141063,Yes
141064,Yes
141065,Yes
141066,Yes
141067,Yes
141068,Yes
141069,Yes
141070,Yes
141071,Yes
141072,Yes
141073,Yes
141074,No
141075,No
141076,Yes
141077,Yes
141078,Yes
141079,No
141080,Yes
141081,Yes
141082,Yes
141083,Yes
141084,Yes
141085,Yes
141086,Yes
141087,Yes
141088,Yes
141089,Yes
141090,Yes
141091,Yes
141092,Yes
141093,Yes
141094,No
141095,No
141096,Yes
141097,Yes
141098,Yes
141099,No
141100,Yes
141101,Yes
141102,No
141103,Yes
141104,No
141105,No
141106,No
141107,No
141108,No
141109,Yes
141110,Yes
141111,Yes
141112,Yes
141113,No
141114,No
141115,No
141116,Yes
141117,Yes
141118,Yes
141119,Yes
141120,No
141121,Yes
141122,Yes
141123,Yes
141124,Yes
141125,No
141126,No
141127,Yes
141128,No
141129,Yes
141130,No
141131,Yes
141132,Yes
141133,Yes
141134,No
141135,Yes
141136,Yes
141137,No
141138,No
141139,No
141140,Yes
141141,No
141142,No
141143,Yes
141144,No
141145,Yes
141146,Yes
141147,Yes
141148,Yes
141149,Yes
141150,Yes
141151,No
141152,Yes
141153,Yes
141154,Yes
141155,Yes
141156,Yes
141157,Yes
141158,Yes
141159,Yes
141160,No
141161,Yes
141162,No
141163,Yes
141164,No
141165,Yes
141166,No
141167,No
141168,Yes
141169,Yes
141170,Yes
141171,No
141172,Yes
141173,Yes
141174,Yes
141175,Yes
141176,Yes
141177,Yes
141178,Yes
141179,No
141180,No
141181,Yes
141182,Yes
141183,Yes
141184,Yes
141185,Yes
141186,Yes
141187,No
141188,No
141189,Yes
141190,Yes
141191,No
141192,Yes
141193,Yes
141194,No
141195,Yes
141196,No
141197,Yes
141198,Yes
141199,Yes
141200,Yes
141201,No
141202,Yes
141203,Yes
141204,Yes
141205,Yes
141206,Yes
141207,No
141208,Yes
141209,Yes
141210,No
141211,Yes
141212,Yes
141213,Yes
141214,Yes
141215,No
141216,Yes
141217,Yes
141218,No
141219,Yes
141220,Yes
141221,No
141222,Yes
141223,Yes
141224,No
141225,Yes
141226,Yes
141227,Yes
141228,Yes
141229,No
141230,Yes
141231,Yes
141232,No
141233,Yes
141234,Yes
141235,Yes
141236,No
141237,Yes
141238,Yes
141239,Yes
141240,Yes
141241,Yes
141242,No
141243,No
141244,Yes
141245,No
141246,Yes
141247,Yes
141248,Yes
141249,Yes
141250,No
141251,Yes
141252,Yes
141253,No
141254,Yes
141255,Yes
141256,No
141257,Yes
141258,Yes
141259,Yes
141260,Yes
141261,Yes
141262,No
141263,No
141264,Yes
141265,No
141266,Yes
141267,Yes
141268,No
141269,No
141270,Yes
141271,Yes
141272,No
141273,Yes
141274,Yes
141275,Yes
141276,No
141277,No
141278,Yes
141279,Yes
141280,Yes
141281,Yes
141282,No
141283,Yes
141284,Yes
141285,No
141286,Yes
141287,Yes
141288,Yes
141289,Yes
141290,Yes
141291,Yes
141292,Yes
141293,Yes
141294,No
141295,Yes
141296,Yes
141297,Yes
141298,Yes
141299,Yes
141300,No
141301,No
141302,No
141303,Yes
141304,No
141305,No
141306,Yes
141307,Yes
141308,Yes
141309,Yes
141310,No
141311,No
141312,No
141313,Yes
141314,Yes
141315,Yes
141316,No
141317,Yes
141318,Yes
141319,Yes
141320,Yes
141321,No
141322,Yes
141323,No
141324,No
141325,No
141326,Yes
141327,Yes
141328,No
141329,Yes
141330,Yes
141331,No
141332,No
141333,No
141334,No
141335,Yes
141336,No
141337,Yes
141338,Yes
141339,Yes
141340,No
141341,Yes
141342,Yes
141343,Yes
141344,No
141345,Yes
141346,No
141347,Yes
141348,No
141349,Yes
141350,Yes
141351,No
141352,Yes
141353,Yes
141354,No
141355,Yes
141356,Yes
141357,Yes
141358,Yes
141359,Yes
141360,Yes
141361,Yes
141362,Yes
141363,Yes
141364,Yes
141365,No
141366,Yes
141367,Yes
141368,Yes
141369,No
141370,Yes
141371,No
141372,No
141373,No
141374,Yes
141375,No
141376,No
141377,Yes
141378,Yes
141379,No
141380,Yes
141381,Yes
141382,No
141383,Yes
141384,Yes
141385,Yes
141386,Yes
141387,No
141388,Yes
141389,Yes
141390,Yes
141391,No
141392,No
141393,No
141394,No
141395,Yes
141396,No
141397,No
141398,No
141399,Yes
141400,Yes
141401,Yes
141402,Yes
141403,No
141404,Yes
141405,Yes
141406,Yes
141407,Yes
141408,Yes
141409,Yes
141410,Yes
141411,No
141412,Yes
141413,No
141414,Yes
141415,No
141416,Yes
141417,Yes
141418,Yes
141419,No
141420,Yes
141421,No
141422,Yes
141423,No
141424,Yes
141425,Yes
141426,No
141427,Yes
141428,Yes
141429,No
141430,Yes
141431,Yes
141432,Yes
141433,Yes
141434,No
141435,No
141436,No
141437,No
141438,Yes
141439,No
141440,Yes
141441,Yes
141442,Yes
141443,No
141444,Yes
141445,Yes
141446,No
141447,Yes
141448,Yes
141449,No
141450,No
141451,Yes
141452,No
141453,Yes
141454,Yes
141455,Yes
141456,No
141457,No
141458,Yes
141459,Yes
141460,No
141461,No
141462,No
141463,No
141464,Yes
141465,No
141466,No
141467,Yes
141468,No
141469,Yes
141470,Yes
141471,No
141472,No
141473,Yes
141474,Yes
141475,No
141476,Yes
141477,Yes
141478,No
141479,Yes
141480,Yes
141481,Yes
141482,Yes
141483,Yes
141484,No
141485,Yes
141486,No
141487,Yes
141488,Yes
141489,Yes
141490,Yes
141491,Yes
141492,Yes
141493,No
141494,Yes
141495,Yes
141496,Yes
141497,No
141498,Yes
141499,No
141500,No
141501,Yes
141502,No
141503,Yes
141504,Yes
141505,Yes
141506,Yes
141507,Yes
141508,Yes
141509,Yes
141510,Yes
141511,No
141512,Yes
141513,No
141514,Yes
141515,No
141516,No
141517,No
141518,Yes
141519,No
141520,Yes
141521,No
141522,No
141523,Yes
141524,Yes
141525,Yes
141526,Yes
141527,No
141528,No
141529,Yes
141530,Yes
141531,Yes
141532,Yes
141533,Yes
141534,Yes
141535,No
141536,No
141537,No
141538,No
141539,Yes
141540,Yes
141541,Yes
141542,Yes
141543,Yes
141544,No
141545,Yes
141546,No
141547,Yes
141548,Yes
141549,Yes
141550,Yes
141551,Yes
141552,Yes
141553,Yes
141554,Yes
141555,No
141556,No
141557,Yes
141558,No
141559,Yes
141560,Yes
141561,Yes
141562,Yes
141563,Yes
141564,Yes
141565,Yes
141566,Yes
141567,Yes
141568,No
141569,No
141570,Yes
141571,Yes
141572,Yes
141573,Yes
141574,Yes
141575,Yes
141576,Yes
141577,Yes
141578,Yes
141579,No
141580,Yes
141581,Yes
141582,Yes
141583,Yes
141584,Yes
141585,Yes
141586,No
141587,Yes
141588,Yes
141589,No
141590,No
141591,Yes
141592,Yes
141593,Yes
141594,Yes
141595,Yes
141596,Yes
141597,Yes
141598,Yes
141599,Yes
141600,Yes
141601,Yes
141602,No
141603,Yes
141604,Yes
141605,No
141606,Yes
141607,No
141608,Yes
141609,Yes
141610,No
141611,Yes
141612,Yes
141613,Yes
141614,No
141615,No
141616,Yes
141617,Yes
141618,Yes
141619,Yes
141620,Yes
141621,Yes
141622,Yes
141623,Yes
141624,Yes
141625,Yes
141626,Yes
141627,Yes
141628,Yes
141629,Yes
141630,Yes
141631,Yes
141632,Yes
141633,Yes
141634,Yes
141635,No
141636,Yes
141637,Yes
141638,No
141639,Yes
141640,Yes
141641,Yes
141642,No
141643,No
141644,Yes
141645,Yes
141646,Yes
141647,Yes
141648,Yes
141649,Yes
141650,No
141651,Yes
141652,No
141653,No
141654,Yes
141655,No
141656,Yes
141657,Yes
141658,Yes
141659,No
141660,Yes
141661,Yes
141662,Yes
141663,Yes
141664,Yes
141665,Yes
141666,Yes
141667,Yes
141668,Yes
141669,No
141670,Yes
141671,Yes
141672,No
141673,Yes
141674,Yes
141675,Yes
141676,Yes
141677,Yes
141678,Yes
141679,Yes
141680,Yes
141681,Yes
141682,Yes
141683,No
141684,Yes
141685,Yes
141686,Yes
141687,No
141688,Yes
141689,No
141690,Yes
141691,No
141692,Yes
141693,Yes
141694,Yes
141695,Yes
141696,Yes
141697,No
141698,Yes
141699,Yes
141700,No
141701,Yes
141702,Yes
141703,Yes
141704,Yes
141705,Yes
141706,No
141707,Yes
141708,Yes
141709,No
141710,No
141711,Yes
141712,Yes
141713,Yes
141714,Yes
141715,No
141716,Yes
141717,No
141718,Yes
141719,Yes
141720,Yes
141721,Yes
141722,No
141723,No
141724,Yes
141725,No
141726,No
141727,No
141728,Yes
141729,Yes
141730,No
141731,No
141732,Yes
141733,Yes
141734,Yes
141735,Yes
141736,Yes
141737,No
141738,Yes
141739,Yes
141740,No
141741,Yes
141742,Yes
141743,Yes
141744,No
141745,Yes
141746,Yes
141747,Yes
141748,Yes
141749,Yes
141750,Yes
141751,No
141752,No
141753,No
141754,Yes
141755,Yes
141756,Yes
141757,Yes
141758,Yes
141759,No
141760,Yes
141761,No
141762,No
141763,No
141764,Yes
141765,No
141766,Yes
141767,Yes
141768,No
141769,No
141770,Yes
141771,No
141772,Yes
141773,No
141774,Yes
141775,Yes
141776,Yes
141777,Yes
141778,No
141779,Yes
141780,Yes
141781,Yes
141782,Yes
141783,Yes
141784,Yes
141785,No
141786,Yes
141787,Yes
141788,Yes
141789,Yes
141790,Yes
141791,No
141792,No
141793,No
141794,Yes
141795,No
141796,Yes
141797,Yes
141798,No
141799,No
141800,Yes
141801,Yes
141802,Yes
141803,No
141804,Yes
141805,Yes
141806,No
141807,No
141808,Yes
141809,Yes
141810,Yes
141811,Yes
141812,Yes
141813,Yes
141814,No
141815,No
141816,Yes
141817,No
141818,No
141819,Yes
141820,Yes
141821,Yes
141822,Yes
141823,Yes
141824,Yes
141825,Yes
141826,No
141827,No
141828,Yes
141829,Yes
141830,No
141831,Yes
141832,Yes
141833,No
141834,No
141835,Yes
141836,Yes
141837,No
141838,Yes
141839,Yes
141840,Yes
141841,No
141842,No
141843,No
141844,No
141845,No
141846,Yes
141847,Yes
141848,Yes
141849,Yes
141850,Yes
141851,Yes
141852,Yes
141853,Yes
141854,Yes
141855,No
141856,Yes
141857,Yes
141858,Yes
141859,Yes
141860,No
141861,Yes
141862,Yes
141863,No
141864,Yes
141865,Yes
141866,No
141867,Yes
141868,Yes
141869,Yes
141870,No
141871,No
141872,Yes
141873,No
141874,No
141875,Yes
141876,Yes
141877,Yes
141878,Yes
141879,Yes
141880,Yes
141881,No
141882,Yes
141883,Yes
141884,Yes
141885,Yes
141886,Yes
141887,Yes
141888,No
141889,No
141890,Yes
141891,No
141892,Yes
141893,No
141894,Yes
141895,No
141896,No
141897,No
141898,Yes
141899,Yes
141900,No
141901,Yes
141902,No
141903,Yes
141904,Yes
141905,Yes
141906,Yes
141907,Yes
141908,No
141909,Yes
141910,No
141911,No
141912,Yes
141913,Yes
141914,Yes
141915,Yes
141916,No
141917,Yes
141918,Yes
141919,Yes
141920,Yes
141921,Yes
141922,No
141923,Yes
141924,Yes
141925,Yes
141926,Yes
141927,Yes
141928,No
141929,Yes
141930,Yes
141931,Yes
141932,Yes
141933,Yes
141934,Yes
141935,Yes
141936,No
141937,No
141938,No
141939,Yes
141940,Yes
141941,No
141942,Yes
141943,No
141944,Yes
141945,Yes
141946,No
141947,No
141948,Yes
141949,Yes
141950,No
141951,Yes
141952,Yes
141953,Yes
141954,No
141955,Yes
141956,Yes
141957,Yes
141958,Yes
141959,Yes
141960,Yes
141961,No
141962,No
141963,Yes
141964,Yes
141965,No
141966,Yes
141967,No
141968,Yes
141969,Yes
141970,Yes
141971,No
141972,Yes
141973,Yes
141974,Yes
141975,Yes
141976,Yes
141977,Yes
141978,No
141979,No
141980,Yes
141981,Yes
141982,Yes
141983,Yes
141984,Yes
141985,Yes
141986,No
141987,No
141988,Yes
141989,Yes
141990,No
141991,No
141992,Yes
141993,No
141994,Yes
141995,Yes
141996,Yes
141997,Yes
141998,Yes
141999,No
142000,No
142001,No
142002,Yes
142003,Yes
142004,No
142005,Yes
142006,Yes
142007,Yes
142008,Yes
142009,Yes
142010,Yes
142011,Yes
142012,Yes
142013,Yes
142014,Yes
142015,Yes
142016,Yes
142017,Yes
142018,No
142019,Yes
142020,Yes
142021,No
142022,No
142023,No
142024,Yes
142025,No
142026,No
142027,No
142028,Yes
142029,Yes
142030,No
142031,Yes
142032,No
142033,No
142034,Yes
142035,Yes
142036,Yes
142037,Yes
142038,Yes
142039,Yes
142040,No
142041,Yes
142042,Yes
142043,Yes
142044,Yes
142045,Yes
142046,Yes
142047,Yes
142048,No
142049,Yes
142050,Yes
142051,Yes
142052,Yes
142053,No
142054,No
142055,Yes
142056,Yes
142057,Yes
142058,Yes
142059,Yes
142060,No
142061,No
142062,No
142063,No
142064,Yes
142065,Yes
142066,No
142067,No
142068,No
142069,No
142070,No
142071,Yes
142072,Yes
142073,Yes
142074,Yes
142075,Yes
142076,Yes
142077,No
142078,No
142079,Yes
142080,Yes
142081,Yes
142082,Yes
142083,Yes
142084,Yes
142085,Yes
142086,Yes
142087,Yes
142088,No
142089,Yes
142090,Yes
142091,Yes
142092,Yes
142093,No
142094,No
142095,Yes
142096,Yes
142097,Yes
142098,Yes
142099,Yes
142100,No
142101,Yes
142102,No
142103,Yes
142104,No
142105,Yes
142106,Yes
142107,Yes
142108,No
142109,No
142110,No
142111,Yes
142112,Yes
142113,Yes
142114,Yes
142115,No
142116,Yes
142117,Yes
142118,Yes
142119,Yes
142120,Yes
142121,Yes
142122,Yes
142123,No
142124,No
142125,No
142126,No
142127,Yes
142128,No
142129,Yes
142130,Yes
142131,Yes
142132,Yes
142133,Yes
142134,Yes
142135,No
142136,Yes
142137,Yes
142138,No
142139,No
142140,Yes
142141,No
142142,No
142143,No
142144,No
142145,No
142146,Yes
142147,No
142148,Yes
142149,Yes
142150,Yes
142151,Yes
142152,Yes
142153,Yes
142154,Yes
142155,No
142156,No
142157,Yes
142158,No
142159,Yes
142160,Yes
142161,Yes
142162,Yes
142163,No
142164,Yes
142165,No
142166,No
142167,Yes
142168,No
142169,No
142170,Yes
142171,No
142172,Yes
142173,Yes
142174,Yes
142175,No
142176,No
142177,Yes
142178,Yes
142179,Yes
142180,Yes
142181,No
142182,Yes
142183,Yes
142184,No
142185,Yes
142186,Yes
142187,Yes
142188,No
142189,Yes
142190,Yes
142191,Yes
142192,Yes
142193,No
142194,Yes
142195,Yes
142196,No
142197,Yes
142198,No
142199,Yes
142200,Yes
142201,No
142202,Yes
142203,Yes
142204,No
142205,Yes
142206,Yes
142207,Yes
142208,Yes
142209,Yes
142210,No
142211,No
142212,No
142213,Yes
142214,Yes
142215,Yes
142216,No
142217,Yes
142218,Yes
142219,Yes
142220,Yes
142221,Yes
142222,No
142223,Yes
142224,No
142225,Yes
142226,No
142227,No
142228,Yes
142229,Yes
142230,Yes
142231,Yes
142232,No
142233,Yes
142234,No
142235,Yes
142236,No
142237,No
142238,Yes
142239,Yes
142240,Yes
142241,Yes
142242,Yes
142243,Yes
142244,Yes
142245,Yes
142246,Yes
142247,Yes
142248,Yes
142249,Yes
142250,No
142251,No
142252,No
142253,No
142254,Yes
142255,Yes
142256,Yes
142257,No
142258,Yes
142259,Yes
142260,Yes
142261,Yes
142262,No
142263,Yes
142264,No
142265,Yes
142266,Yes
142267,Yes
142268,Yes
142269,No
142270,No
142271,Yes
142272,No
142273,Yes
142274,Yes
142275,No
142276,Yes
142277,No
142278,Yes
142279,No
142280,Yes
142281,Yes
142282,Yes
142283,No
142284,Yes
142285,Yes
142286,Yes
142287,Yes
142288,Yes
142289,Yes
142290,No
142291,Yes
142292,Yes
142293,Yes
142294,Yes
142295,No
142296,Yes
142297,No
142298,Yes
142299,No
142300,Yes
142301,No
142302,No
142303,No
142304,No
142305,No
142306,Yes
142307,Yes
142308,Yes
142309,Yes
142310,Yes
142311,Yes
142312,Yes
142313,Yes
142314,Yes
142315,No
142316,No
142317,Yes
142318,Yes
142319,Yes
142320,Yes
142321,No
142322,Yes
142323,No
142324,No
142325,Yes
142326,Yes
142327,Yes
142328,Yes
142329,Yes
142330,Yes
142331,Yes
142332,Yes
142333,No
142334,Yes
142335,Yes
142336,Yes
142337,Yes
142338,Yes
142339,No
142340,Yes
142341,No
142342,Yes
142343,Yes
142344,Yes
142345,Yes
142346,Yes
142347,No
142348,No
142349,No
142350,No
142351,Yes
142352,Yes
142353,Yes
142354,Yes
142355,Yes
142356,Yes
142357,Yes
142358,No
142359,Yes
142360,Yes
142361,Yes
142362,Yes
142363,No
142364,Yes
142365,Yes
142366,Yes
142367,Yes
142368,No
142369,No
142370,Yes
142371,Yes
142372,Yes
142373,Yes
142374,No
142375,Yes
142376,Yes
142377,No
142378,Yes
142379,Yes
142380,Yes
142381,No
142382,Yes
142383,No
142384,Yes
142385,No
142386,No
142387,No
142388,Yes
142389,Yes
142390,Yes
142391,Yes
142392,Yes
142393,Yes
142394,No
142395,Yes
142396,Yes
142397,Yes
142398,No
142399,Yes
142400,No
142401,Yes
142402,Yes
142403,Yes
142404,Yes
142405,Yes
142406,No
142407,Yes
142408,Yes
142409,No
142410,No
142411,Yes
142412,No
142413,Yes
142414,Yes
142415,Yes
142416,Yes
142417,Yes
142418,Yes
142419,No
142420,Yes
142421,Yes
142422,Yes
142423,Yes
142424,Yes
142425,Yes
142426,No
142427,No
142428,Yes
142429,Yes
142430,No
142431,Yes
142432,Yes
142433,No
142434,Yes
142435,Yes
142436,Yes
142437,Yes
142438,Yes
142439,Yes
142440,Yes
142441,No
142442,Yes
142443,Yes
142444,Yes
142445,Yes
142446,Yes
142447,Yes
142448,Yes
142449,No
142450,Yes
142451,Yes
142452,Yes
142453,No
142454,Yes
142455,No
142456,No
142457,Yes
142458,Yes
142459,Yes
142460,Yes
142461,No
142462,Yes
142463,No
142464,Yes
142465,Yes
142466,No
142467,Yes
142468,Yes
142469,Yes
142470,Yes
142471,Yes
142472,No
142473,Yes
142474,No
142475,Yes
142476,No
142477,Yes
142478,Yes
142479,Yes
142480,No
142481,No
142482,Yes
142483,Yes
142484,Yes
142485,No
142486,No
142487,No
142488,No
142489,Yes
142490,No
142491,Yes
142492,Yes
142493,Yes
142494,Yes
142495,Yes
142496,No
142497,Yes
142498,Yes
142499,Yes
142500,Yes
142501,Yes
142502,Yes
142503,Yes
142504,Yes
142505,Yes
142506,Yes
142507,No
142508,No
142509,No
142510,No
142511,Yes
142512,Yes
142513,No
142514,No
142515,Yes
142516,Yes
142517,Yes
142518,Yes
142519,Yes
142520,Yes
142521,Yes
142522,Yes
142523,No
142524,Yes
142525,Yes
142526,Yes
142527,No
142528,No
142529,No
142530,Yes
142531,No
142532,Yes
142533,No
142534,No
142535,Yes
142536,Yes
142537,Yes
142538,Yes
142539,Yes
142540,No
142541,No
142542,Yes
142543,Yes
142544,No
142545,No
142546,Yes
142547,Yes
142548,No
142549,Yes
142550,Yes
142551,No
142552,Yes
142553,No
142554,Yes
142555,Yes
142556,No
142557,Yes
142558,Yes
142559,Yes
142560,Yes
142561,No
142562,No
142563,Yes
142564,Yes
142565,No
142566,No
142567,Yes
142568,No
142569,Yes
142570,No
142571,Yes
142572,Yes
142573,No
142574,No
142575,Yes
142576,No
142577,Yes
142578,Yes
142579,Yes
142580,No
142581,Yes
142582,No
142583,Yes
142584,No
142585,Yes
142586,Yes
142587,No
142588,Yes
142589,Yes
142590,Yes
142591,Yes
142592,No
142593,Yes
142594,No
142595,Yes
142596,Yes
142597,Yes
142598,No
142599,Yes
142600,Yes
142601,Yes
142602,Yes
142603,No
142604,Yes
142605,Yes
142606,No
142607,Yes
142608,Yes
142609,No
142610,No
142611,No
142612,Yes
142613,Yes
142614,Yes
142615,Yes
142616,Yes
142617,Yes
142618,Yes
142619,Yes
142620,Yes
142621,No
142622,No
142623,Yes
142624,Yes
142625,No
142626,No
142627,No
142628,Yes
142629,Yes
142630,No
142631,Yes
142632,No
142633,Yes
142634,Yes
142635,No
142636,Yes
142637,Yes
142638,Yes
142639,Yes
142640,Yes
142641,Yes
142642,No
142643,No
142644,Yes
142645,Yes
142646,No
142647,Yes
142648,No
142649,Yes
142650,Yes
142651,Yes
142652,No
142653,No
142654,Yes
142655,No
142656,No
142657,Yes
142658,No
142659,No
142660,No
142661,Yes
142662,No
142663,Yes
142664,Yes
142665,Yes
142666,Yes
142667,Yes
142668,Yes
142669,Yes
142670,No
142671,No
142672,No
142673,Yes
142674,Yes
142675,No
142676,No
142677,No
142678,Yes
142679,Yes
142680,Yes
142681,Yes
142682,No
142683,Yes
142684,Yes
142685,No
142686,Yes
142687,No
142688,No
142689,Yes
142690,No
142691,Yes
142692,No
142693,Yes
142694,No
142695,Yes
142696,Yes
142697,No
142698,No
142699,Yes
142700,Yes
142701,No
142702,No
142703,Yes
142704,Yes
142705,No
142706,Yes
142707,Yes
142708,No
142709,No
142710,Yes
142711,Yes
142712,Yes
142713,Yes
142714,No
142715,Yes
142716,Yes
142717,No
142718,No
142719,Yes
142720,Yes
142721,Yes
142722,Yes
142723,No
142724,Yes
142725,Yes
142726,Yes
142727,No
142728,Yes
142729,Yes
142730,No
142731,Yes
142732,No
142733,No
142734,No
142735,Yes
142736,Yes
142737,No
142738,Yes
142739,Yes
142740,Yes
142741,Yes
142742,No
142743,Yes
142744,Yes
142745,Yes
142746,No
142747,No
142748,Yes
142749,Yes
142750,Yes
142751,Yes
142752,Yes
142753,Yes
142754,Yes
142755,Yes
142756,Yes
142757,No
142758,No
142759,No
142760,Yes
142761,Yes
142762,Yes
142763,Yes
142764,No
142765,No
142766,Yes
142767,Yes
142768,Yes
142769,No
142770,Yes
142771,No
142772,Yes
142773,Yes
142774,Yes
142775,Yes
142776,Yes
142777,Yes
142778,Yes
142779,Yes
142780,No
142781,No
142782,Yes
142783,Yes
142784,No
142785,Yes
142786,No
142787,Yes
142788,Yes
142789,No
142790,Yes
142791,Yes
142792,Yes
142793,Yes
142794,No
142795,Yes
142796,Yes
142797,Yes
142798,Yes
142799,Yes
142800,Yes
142801,No
142802,No
142803,Yes
142804,Yes
142805,No
142806,Yes
142807,No
142808,No
142809,No
142810,No
142811,Yes
142812,No
142813,Yes
142814,No
142815,No
142816,Yes
142817,Yes
142818,Yes
142819,Yes
142820,Yes
142821,Yes
142822,No
142823,Yes
142824,Yes
142825,No
142826,Yes
142827,Yes
142828,Yes
142829,Yes
142830,No
142831,Yes
142832,Yes
142833,No
142834,Yes
142835,Yes
142836,Yes
142837,Yes
142838,No
142839,No
142840,Yes
142841,Yes
142842,No
142843,Yes
142844,Yes
142845,Yes
142846,Yes
142847,No
142848,Yes
142849,Yes
142850,No
142851,No
142852,Yes
142853,Yes
142854,No
142855,Yes
142856,No
142857,Yes
142858,Yes
142859,No
142860,No
142861,Yes
142862,Yes
142863,Yes
142864,No
142865,No
142866,Yes
142867,No
142868,Yes
142869,Yes
142870,Yes
142871,Yes
142872,Yes
142873,No
142874,Yes
142875,Yes
142876,Yes
142877,Yes
142878,Yes
142879,No
142880,Yes
142881,Yes
142882,Yes
142883,Yes
142884,Yes
142885,No
142886,Yes
142887,Yes
142888,No
142889,No
142890,Yes
142891,Yes
142892,No
142893,No
142894,No
142895,No
142896,Yes
142897,No
142898,Yes
142899,Yes
142900,Yes
142901,No
142902,Yes
142903,No
142904,No
142905,No
142906,Yes
142907,No
142908,Yes
142909,No
142910,Yes
142911,No
142912,Yes
142913,Yes
142914,Yes
142915,Yes
142916,Yes
142917,Yes
142918,Yes
142919,Yes
142920,Yes
142921,Yes
142922,No
142923,Yes
142924,Yes
142925,No
142926,No
142927,Yes
142928,Yes
142929,Yes
142930,No
142931,No
142932,Yes
142933,Yes
142934,Yes
142935,Yes
142936,Yes
142937,No
142938,Yes
142939,Yes
142940,Yes
142941,No
142942,No
142943,Yes
142944,Yes
142945,Yes
142946,Yes
142947,Yes
142948,Yes
142949,Yes
142950,No
142951,Yes
142952,No
142953,Yes
142954,No
142955,Yes
142956,Yes
142957,Yes
142958,Yes
142959,No
142960,Yes
142961,No
142962,No
142963,Yes
142964,Yes
142965,Yes
142966,Yes
142967,Yes
142968,Yes
142969,No
142970,Yes
142971,Yes
142972,No
142973,Yes
142974,Yes
142975,Yes
142976,Yes
142977,No
142978,Yes
142979,No
142980,Yes
142981,Yes
142982,Yes
142983,Yes
142984,Yes
142985,Yes
142986,Yes
142987,Yes
142988,Yes
142989,No
142990,Yes
142991,Yes
142992,Yes
142993,Yes
142994,Yes
142995,Yes
142996,Yes
142997,Yes
142998,No
142999,Yes
143000,Yes
143001,No
143002,Yes
143003,Yes
143004,Yes
143005,Yes
143006,Yes
143007,Yes
143008,Yes
143009,No
143010,Yes
143011,No
143012,Yes
143013,Yes
143014,No
143015,Yes
143016,Yes
143017,Yes
143018,Yes
143019,Yes
143020,Yes
143021,Yes
143022,Yes
143023,No
143024,Yes
143025,Yes
143026,No
143027,Yes
143028,No
143029,Yes
143030,Yes
143031,Yes
143032,Yes
143033,No
143034,Yes
143035,Yes
143036,Yes
143037,Yes
143038,Yes
143039,Yes
143040,No
143041,Yes
143042,No
143043,Yes
143044,Yes
143045,No
143046,Yes
143047,No
143048,No
143049,No
143050,Yes
143051,Yes
143052,Yes
143053,No
143054,No
143055,No
143056,Yes
143057,Yes
143058,Yes
143059,Yes
143060,Yes
143061,No
143062,No
143063,No
143064,Yes
143065,Yes
143066,No
143067,No
143068,Yes
143069,No
143070,Yes
143071,No
143072,Yes
143073,Yes
143074,Yes
143075,Yes
143076,Yes
143077,Yes
143078,Yes
143079,No
143080,Yes
143081,Yes
143082,Yes
143083,Yes
143084,Yes
143085,Yes
143086,No
143087,Yes
143088,Yes
143089,Yes
143090,Yes
143091,No
143092,Yes
143093,Yes
143094,Yes
143095,Yes
143096,Yes
143097,Yes
143098,Yes
143099,Yes
143100,No
143101,No
143102,No
143103,Yes
143104,Yes
143105,Yes
143106,No
143107,Yes
143108,Yes
143109,Yes
143110,No
143111,Yes
143112,Yes
143113,No
143114,Yes
143115,No
143116,Yes
143117,Yes
143118,Yes
143119,Yes
143120,Yes
143121,Yes
143122,No
143123,No
143124,No
143125,No
143126,No
143127,No
143128,Yes
143129,No
143130,Yes
143131,Yes
143132,No
143133,No
143134,No
143135,No
143136,No
143137,Yes
143138,No
143139,Yes
143140,No
143141,No
143142,Yes
143143,Yes
143144,No
143145,Yes
143146,Yes
143147,Yes
143148,Yes
143149,No
143150,Yes
143151,Yes
143152,Yes
143153,No
143154,No
143155,Yes
143156,Yes
143157,No
143158,Yes
143159,Yes
143160,Yes
143161,No
143162,No
143163,Yes
143164,Yes
143165,Yes
143166,No
143167,Yes
143168,Yes
143169,Yes
143170,Yes
143171,Yes
143172,No
143173,No
143174,Yes
143175,No
143176,Yes
143177,Yes
143178,Yes
143179,Yes
143180,No
143181,Yes
143182,Yes
143183,No
143184,No
143185,Yes
143186,Yes
143187,No
143188,No
143189,No
143190,Yes
143191,Yes
143192,Yes
143193,Yes
143194,Yes
143195,Yes
143196,Yes
143197,No
143198,Yes
143199,No
143200,No
143201,Yes
143202,No
143203,Yes
143204,No
143205,Yes
143206,Yes
143207,Yes
143208,No
143209,No
143210,No
143211,No
143212,No
143213,No
143214,Yes
143215,No
143216,Yes
143217,Yes
143218,No
143219,No
143220,No
143221,Yes
143222,No
143223,Yes
143224,Yes
143225,Yes
143226,No
143227,Yes
143228,No
143229,Yes
143230,Yes
143231,No
143232,Yes
143233,Yes
143234,Yes
143235,Yes
143236,No
143237,Yes
143238,Yes
143239,Yes
143240,Yes
143241,No
143242,Yes
143243,No
143244,No
143245,Yes
143246,Yes
143247,Yes
143248,Yes
143249,No
143250,Yes
143251,Yes
143252,No
143253,No
143254,No
143255,Yes
143256,Yes
143257,No
143258,No
143259,Yes
143260,No
143261,Yes
143262,Yes
143263,No
143264,Yes
143265,Yes
143266,No
143267,Yes
143268,Yes
143269,Yes
143270,No
143271,No
143272,Yes
143273,No
143274,Yes
143275,No
143276,No
143277,Yes
143278,No
143279,No
143280,Yes
143281,Yes
143282,Yes
143283,No
143284,Yes
143285,Yes
143286,No
143287,Yes
143288,No
143289,Yes
143290,Yes
143291,Yes
143292,Yes
143293,No
143294,Yes
143295,Yes
143296,Yes
143297,Yes
143298,No
143299,No
143300,Yes
143301,Yes
143302,No
143303,Yes
143304,Yes
143305,No
143306,Yes
143307,No
143308,No
143309,Yes
143310,Yes
143311,No
143312,Yes
143313,Yes
143314,Yes
143315,No
143316,No
143317,No
143318,No
143319,Yes
143320,Yes
143321,Yes
143322,Yes
143323,Yes
143324,Yes
143325,Yes
143326,No
143327,Yes
143328,No
143329,No
143330,Yes
143331,Yes
143332,No
143333,Yes
143334,Yes
143335,Yes
143336,No
143337,Yes
143338,Yes
143339,Yes
143340,Yes
143341,Yes
143342,No
143343,No
143344,Yes
143345,No
143346,Yes
143347,No
143348,No
143349,Yes
143350,Yes
143351,Yes
143352,No
143353,No
143354,No
143355,Yes
143356,No
143357,Yes
143358,No
143359,No
143360,Yes
143361,Yes
143362,No
143363,No
143364,No
143365,No
143366,Yes
143367,Yes
143368,Yes
143369,No
143370,Yes
143371,Yes
143372,Yes
143373,Yes
143374,No
143375,No
143376,Yes
143377,No
143378,Yes
143379,Yes
143380,No
143381,No
143382,Yes
143383,Yes
143384,Yes
143385,Yes
143386,Yes
143387,No
143388,Yes
143389,Yes
143390,Yes
143391,Yes
143392,Yes
143393,No
143394,Yes
143395,Yes
143396,No
143397,Yes
143398,Yes
143399,Yes
143400,Yes
143401,Yes
143402,No
143403,Yes
143404,Yes
143405,Yes
143406,No
143407,Yes
143408,No
143409,Yes
143410,Yes
143411,No
143412,No
143413,No
143414,Yes
143415,Yes
143416,Yes
143417,Yes
143418,Yes
143419,No
143420,Yes
143421,Yes
143422,Yes
143423,Yes
143424,Yes
143425,Yes
143426,Yes
143427,Yes
143428,Yes
143429,No
143430,Yes
143431,Yes
143432,Yes
143433,No
143434,No
143435,Yes
143436,No
143437,No
143438,Yes
143439,No
143440,Yes
143441,No
143442,No
143443,Yes
143444,No
143445,No
143446,No
143447,Yes
143448,Yes
143449,Yes
143450,Yes
143451,Yes
143452,Yes
143453,Yes
143454,Yes
143455,No
143456,No
143457,Yes
143458,Yes
143459,Yes
143460,Yes
143461,No
143462,Yes
143463,Yes
143464,No
143465,No
143466,Yes
143467,Yes
143468,Yes
143469,No
143470,Yes
143471,No
143472,Yes
143473,No
143474,No
143475,No
143476,No
143477,Yes
143478,No
143479,Yes
143480,Yes
143481,Yes
143482,Yes
143483,Yes
143484,No
143485,No
143486,No
143487,Yes
143488,Yes
143489,No
143490,No
143491,Yes
143492,Yes
143493,Yes
143494,Yes
143495,Yes
143496,Yes
143497,No
143498,No
143499,Yes
143500,Yes
143501,Yes
143502,Yes
143503,Yes
143504,No
143505,Yes
143506,Yes
143507,No
143508,No
143509,Yes
143510,No
143511,Yes
143512,No
143513,Yes
143514,Yes
143515,Yes
143516,Yes
143517,Yes
143518,Yes
143519,Yes
143520,Yes
143521,Yes
143522,Yes
143523,Yes
143524,Yes
143525,Yes
143526,Yes
143527,Yes
143528,Yes
143529,No
143530,Yes
143531,Yes
143532,Yes
143533,No
143534,Yes
143535,No
143536,Yes
143537,Yes
143538,Yes
143539,No
143540,Yes
143541,Yes
143542,Yes
143543,No
143544,Yes
143545,Yes
143546,Yes
143547,Yes
143548,No
143549,Yes
143550,No
143551,No
143552,Yes
143553,Yes
143554,Yes
143555,Yes
143556,No
143557,Yes
143558,Yes
143559,No
143560,No
143561,Yes
143562,Yes
143563,Yes
143564,Yes
143565,Yes
143566,Yes
143567,Yes
143568,Yes
143569,Yes
143570,Yes
143571,Yes
143572,Yes
143573,Yes
143574,Yes
143575,Yes
143576,Yes
143577,Yes
143578,Yes
143579,No
143580,Yes
143581,No
143582,No
143583,Yes
143584,Yes
143585,Yes
143586,Yes
143587,Yes
143588,Yes
143589,No
143590,Yes
143591,Yes
143592,No
143593,Yes
143594,Yes
143595,Yes
143596,No
143597,Yes
143598,Yes
143599,No
143600,Yes
143601,No
143602,No
143603,No
143604,No
143605,No
143606,No
143607,No
143608,Yes
143609,Yes
143610,Yes
143611,No
143612,No
143613,Yes
143614,No
143615,No
143616,No
143617,Yes
143618,Yes
143619,Yes
143620,Yes
143621,Yes
143622,Yes
143623,Yes
143624,Yes
143625,No
143626,Yes
143627,Yes
143628,Yes
143629,No
143630,No
143631,Yes
143632,Yes
143633,Yes
143634,Yes
143635,Yes
143636,No
143637,Yes
143638,Yes
143639,Yes
143640,Yes
143641,Yes
143642,Yes
143643,Yes
143644,Yes
143645,Yes
143646,No
143647,No
143648,Yes
143649,No
143650,Yes
143651,Yes
143652,Yes
143653,Yes
143654,Yes
143655,Yes
143656,Yes
143657,Yes
143658,Yes
143659,Yes
143660,No
143661,Yes
143662,Yes
143663,Yes
143664,Yes
143665,No
143666,No
143667,No
143668,Yes
143669,No
143670,Yes
143671,No
143672,No
143673,No
143674,No
143675,No
143676,No
143677,No
143678,No
143679,Yes
143680,No
143681,No
143682,Yes
143683,No
143684,Yes
143685,No
143686,Yes
143687,Yes
143688,Yes
143689,Yes
143690,Yes
143691,Yes
143692,No
143693,Yes
143694,No
143695,Yes
143696,Yes
143697,Yes
143698,Yes
143699,Yes
143700,Yes
143701,No
143702,Yes
143703,No
143704,No
143705,Yes
143706,Yes
143707,Yes
143708,Yes
143709,No
143710,Yes
143711,Yes
143712,No
143713,Yes
143714,No
143715,Yes
143716,No
143717,Yes
143718,Yes
143719,No
143720,Yes
143721,Yes
143722,Yes
143723,Yes
143724,No
143725,Yes
143726,No
143727,Yes
143728,Yes
143729,Yes
143730,No
143731,Yes
143732,Yes
143733,Yes
143734,No
143735,No
143736,No
143737,Yes
143738,No
143739,Yes
143740,No
143741,Yes
143742,No
143743,Yes
143744,Yes
143745,No
143746,Yes
143747,Yes
143748,Yes
143749,No
143750,Yes
143751,Yes
143752,Yes
143753,Yes
143754,Yes
143755,Yes
143756,Yes
143757,Yes
143758,Yes
143759,No
143760,Yes
143761,Yes
143762,Yes
143763,No
143764,Yes
143765,Yes
143766,No
143767,No
143768,No
143769,Yes
143770,Yes
143771,Yes
143772,No
143773,Yes
143774,No
143775,Yes
143776,Yes
143777,Yes
143778,No
143779,Yes
143780,Yes
143781,Yes
143782,Yes
143783,No
143784,No
143785,No
143786,No
143787,Yes
143788,Yes
143789,Yes
143790,Yes
143791,Yes
143792,Yes
143793,No
143794,Yes
143795,No
143796,Yes
143797,No
143798,No
143799,No
143800,No
143801,Yes
143802,No
143803,Yes
143804,Yes
143805,Yes
143806,Yes
143807,Yes
143808,No
143809,No
143810,Yes
143811,No
143812,Yes
143813,No
143814,Yes
143815,No
143816,No
143817,Yes
143818,No
143819,No
143820,Yes
143821,No
143822,Yes
143823,Yes
143824,No
143825,No
143826,No
143827,Yes
143828,Yes
143829,No
143830,Yes
143831,No
143832,Yes
143833,No
143834,Yes
143835,Yes
143836,Yes
143837,No
143838,No
143839,Yes
143840,Yes
143841,Yes
143842,Yes
143843,Yes
143844,Yes
143845,Yes
143846,No
143847,Yes
143848,Yes
143849,Yes
143850,Yes
143851,Yes
143852,No
143853,No
143854,Yes
143855,Yes
143856,No
143857,No
143858,Yes
143859,No
143860,No
143861,No
143862,Yes
143863,Yes
143864,Yes
143865,No
143866,Yes
143867,Yes
143868,Yes
143869,No
143870,No
143871,Yes
143872,Yes
143873,Yes
143874,Yes
143875,No
143876,Yes
143877,Yes
143878,No
143879,Yes
143880,No
143881,No
143882,Yes
143883,Yes
143884,No
143885,No
143886,Yes
143887,Yes
143888,Yes
143889,Yes
143890,No
143891,No
143892,Yes
143893,No
143894,No
143895,Yes
143896,Yes
143897,Yes
143898,No
143899,No
143900,Yes
143901,Yes
143902,No
143903,Yes
143904,Yes
143905,No
143906,Yes
143907,Yes
143908,No
143909,Yes
143910,No
143911,Yes
143912,Yes
143913,No
143914,Yes
143915,Yes
143916,Yes
143917,Yes
143918,Yes
143919,Yes
143920,Yes
143921,Yes
143922,Yes
143923,Yes
143924,Yes
143925,Yes
143926,Yes
143927,Yes
143928,Yes
143929,No
143930,Yes
143931,Yes
143932,No
143933,Yes
143934,Yes
143935,Yes
143936,Yes
143937,Yes
143938,Yes
143939,Yes
143940,No
143941,No
143942,No
143943,Yes
143944,No
143945,No
143946,Yes
143947,No
143948,Yes
143949,Yes
143950,No
143951,Yes
143952,Yes
143953,No
143954,No
143955,No
143956,No
143957,No
143958,No
143959,No
143960,No
143961,Yes
143962,No
143963,Yes
143964,Yes
143965,No
143966,No
143967,Yes
143968,No
143969,No
143970,No
143971,Yes
143972,No
143973,No
143974,Yes
143975,Yes
143976,Yes
143977,Yes
143978,Yes
143979,Yes
143980,Yes
143981,No
143982,Yes
143983,Yes
143984,Yes
143985,No
143986,Yes
143987,Yes
143988,No
143989,Yes
143990,Yes
143991,No
143992,Yes
143993,Yes
143994,Yes
143995,Yes
143996,Yes
143997,Yes
143998,Yes
143999,Yes
144000,Yes
144001,Yes
144002,Yes
144003,No
144004,Yes
144005,No
144006,Yes
144007,No
144008,Yes
144009,Yes
144010,Yes
144011,Yes
144012,Yes
144013,Yes
144014,Yes
144015,Yes
144016,Yes
144017,No
144018,Yes
144019,Yes
144020,No
144021,No
144022,No
144023,No
144024,Yes
144025,No
144026,No
144027,Yes
144028,Yes
144029,No
144030,Yes
144031,Yes
144032,Yes
144033,No
144034,Yes
144035,Yes
144036,Yes
144037,Yes
144038,Yes
144039,Yes
144040,No
144041,Yes
144042,No
144043,Yes
144044,No
144045,No
144046,No
144047,Yes
144048,Yes
144049,No
144050,No
144051,No
144052,Yes
144053,Yes
144054,Yes
144055,No
144056,No
144057,Yes
144058,Yes
144059,Yes
144060,No
144061,No
144062,Yes
144063,Yes
144064,No
144065,Yes
144066,No
144067,Yes
144068,Yes
144069,Yes
144070,Yes
144071,Yes
144072,No
144073,No
144074,Yes
144075,Yes
144076,Yes
144077,Yes
144078,Yes
144079,Yes
144080,Yes
144081,No
144082,Yes
144083,Yes
144084,No
144085,No
144086,Yes
144087,Yes
144088,Yes
144089,Yes
144090,No
144091,Yes
144092,Yes
144093,Yes
144094,Yes
144095,No
144096,Yes
144097,Yes
144098,No
144099,Yes
144100,Yes
144101,No
144102,Yes
144103,No
144104,No
144105,Yes
144106,Yes
144107,Yes
144108,Yes
144109,Yes
144110,Yes
144111,Yes
144112,Yes
144113,No
144114,No
144115,No
144116,No
144117,Yes
144118,No
144119,Yes
144120,Yes
144121,No
144122,Yes
144123,Yes
144124,Yes
144125,No
144126,Yes
144127,Yes
144128,Yes
144129,Yes
144130,Yes
144131,Yes
144132,Yes
144133,Yes
144134,No
144135,Yes
144136,Yes
144137,Yes
144138,No
144139,No
144140,No
144141,No
144142,No
144143,No
144144,No
144145,No
144146,No
144147,Yes
144148,Yes
144149,Yes
144150,Yes
144151,No
144152,Yes
144153,No
144154,Yes
144155,Yes
144156,Yes
144157,No
144158,Yes
144159,No
144160,Yes
144161,Yes
144162,No
144163,Yes
144164,Yes
144165,Yes
144166,Yes
144167,Yes
144168,Yes
144169,Yes
144170,Yes
144171,Yes
144172,No
144173,Yes
144174,Yes
144175,Yes
144176,No
144177,Yes
144178,Yes
144179,No
144180,No
144181,Yes
144182,No
144183,Yes
144184,Yes
144185,Yes
144186,Yes
144187,Yes
144188,Yes
144189,Yes
144190,Yes
144191,Yes
144192,Yes
144193,Yes
144194,Yes
144195,Yes
144196,Yes
144197,No
144198,Yes
144199,Yes
144200,No
144201,Yes
144202,Yes
144203,Yes
144204,No
144205,No
144206,Yes
144207,Yes
144208,Yes
144209,No
144210,No
144211,Yes
144212,Yes
144213,No
144214,Yes
144215,Yes
144216,Yes
144217,No
144218,No
144219,Yes
144220,No
144221,Yes
144222,Yes
144223,Yes
144224,No
144225,Yes
144226,Yes
144227,Yes
144228,Yes
144229,No
144230,Yes
144231,Yes
144232,Yes
144233,Yes
144234,Yes
144235,No
144236,Yes
144237,Yes
144238,Yes
144239,Yes
144240,No
144241,Yes
144242,Yes
144243,Yes
144244,Yes
144245,No
144246,Yes
144247,Yes
144248,Yes
144249,Yes
144250,Yes
144251,Yes
144252,Yes
144253,Yes
144254,No
144255,Yes
144256,Yes
144257,No
144258,No
144259,No
144260,Yes
144261,Yes
144262,No
144263,Yes
144264,Yes
144265,No
144266,Yes
144267,Yes
144268,Yes
144269,Yes
144270,No
144271,No
144272,Yes
144273,Yes
144274,No
144275,No
144276,No
144277,No
144278,Yes
144279,Yes
144280,Yes
144281,No
144282,No
144283,Yes
144284,No
144285,No
144286,No
144287,Yes
144288,Yes
144289,No
144290,Yes
144291,No
144292,No
144293,No
144294,Yes
144295,Yes
144296,Yes
144297,No
144298,Yes
144299,Yes
144300,No
144301,No
144302,Yes
144303,No
144304,Yes
144305,No
144306,Yes
144307,Yes
144308,Yes
144309,Yes
144310,Yes
144311,No
144312,No
144313,No
144314,Yes
144315,Yes
144316,Yes
144317,No
144318,No
144319,Yes
144320,Yes
144321,Yes
144322,No
144323,Yes
144324,Yes
144325,No
144326,Yes
144327,No
144328,Yes
144329,Yes
144330,No
144331,Yes
144332,Yes
144333,Yes
144334,No
144335,Yes
144336,No
144337,Yes
144338,Yes
144339,No
144340,No
144341,Yes
144342,No
144343,Yes
144344,Yes
144345,Yes
144346,No
144347,Yes
144348,Yes
144349,Yes
144350,Yes
144351,No
144352,Yes
144353,Yes
144354,No
144355,Yes
144356,Yes
144357,No
144358,No
144359,Yes
144360,Yes
144361,Yes
144362,No
144363,No
144364,Yes
144365,Yes
144366,Yes
144367,Yes
144368,Yes
144369,Yes
144370,Yes
144371,Yes
144372,Yes
144373,No
144374,No
144375,Yes
144376,Yes
144377,No
144378,Yes
144379,No
144380,Yes
144381,Yes
144382,Yes
144383,Yes
144384,No
144385,Yes
144386,No
144387,Yes
144388,No
144389,Yes
144390,Yes
144391,No
144392,Yes
144393,Yes
144394,Yes
144395,Yes
144396,Yes
144397,Yes
144398,Yes
144399,Yes
144400,Yes
144401,Yes
144402,Yes
144403,Yes
144404,No
144405,Yes
144406,No
144407,Yes
144408,No
144409,Yes
144410,Yes
144411,Yes
144412,Yes
144413,Yes
144414,Yes
144415,Yes
144416,Yes
144417,Yes
144418,No
144419,Yes
144420,No
144421,Yes
144422,Yes
144423,No
144424,No
144425,Yes
144426,No
144427,No
144428,Yes
144429,Yes
144430,Yes
144431,Yes
144432,Yes
144433,No
144434,Yes
144435,No
144436,Yes
144437,No
144438,Yes
144439,Yes
144440,No
144441,No
144442,No
144443,Yes
144444,Yes
144445,Yes
144446,Yes
144447,Yes
144448,No
144449,Yes
144450,Yes
144451,No
144452,No
144453,Yes
144454,No
144455,No
144456,Yes
144457,No
144458,No
144459,Yes
144460,No
144461,No
144462,Yes
144463,Yes
144464,No
144465,Yes
144466,Yes
144467,Yes
144468,Yes
144469,Yes
144470,Yes
144471,No
144472,Yes
144473,No
144474,No
144475,Yes
144476,Yes
144477,No
144478,Yes
144479,No
144480,Yes
144481,Yes
144482,No
144483,No
144484,No
144485,Yes
144486,Yes
144487,Yes
144488,No
144489,No
144490,No
144491,No
144492,Yes
144493,Yes
144494,Yes
144495,Yes
144496,No
144497,No
144498,No
144499,No
144500,No
144501,No
144502,Yes
144503,Yes
144504,No
144505,No
144506,Yes
144507,Yes
144508,Yes
144509,No
144510,No
144511,Yes
144512,No
144513,Yes
144514,No
144515,Yes
144516,No
144517,Yes
144518,Yes
144519,Yes
144520,No
144521,Yes
144522,Yes
144523,Yes
144524,Yes
144525,Yes
144526,No
144527,Yes
144528,Yes
144529,Yes
144530,Yes
144531,Yes
144532,No
144533,Yes
144534,No
144535,No
144536,Yes
144537,Yes
144538,No
144539,Yes
144540,Yes
144541,No
144542,Yes
144543,Yes
144544,No
144545,Yes
144546,Yes
144547,No
144548,Yes
144549,Yes
144550,No
144551,Yes
144552,Yes
144553,Yes
144554,Yes
144555,Yes
144556,Yes
144557,Yes
144558,No
144559,No
144560,Yes
144561,Yes
144562,Yes
144563,Yes
144564,Yes
144565,Yes
144566,No
144567,Yes
144568,Yes
144569,Yes
144570,No
144571,Yes
144572,Yes
144573,No
144574,Yes
144575,Yes
144576,Yes
144577,No
144578,Yes
144579,Yes
144580,Yes
144581,Yes
144582,Yes
144583,Yes
144584,Yes
144585,Yes
144586,Yes
144587,No
144588,Yes
144589,Yes
144590,Yes
144591,Yes
144592,No
144593,No
144594,Yes
144595,Yes
144596,Yes
144597,No
144598,Yes
144599,No
144600,Yes
144601,Yes
144602,No
144603,Yes
144604,Yes
144605,No
144606,Yes
144607,Yes
144608,No
144609,Yes
144610,Yes
144611,Yes
144612,Yes
144613,No
144614,No
144615,Yes
144616,No
144617,Yes
144618,Yes
144619,Yes
144620,Yes
144621,No
144622,Yes
144623,Yes
144624,Yes
144625,Yes
144626,No
144627,Yes
144628,Yes
144629,Yes
144630,No
144631,Yes
144632,No
144633,Yes
144634,Yes
144635,Yes
144636,Yes
144637,No
144638,Yes
144639,Yes
144640,Yes
144641,Yes
144642,Yes
144643,No
144644,Yes
144645,Yes
144646,No
144647,Yes
144648,Yes
144649,Yes
144650,Yes
144651,Yes
144652,Yes
144653,No
144654,Yes
144655,No
144656,Yes
144657,No
144658,Yes
144659,No
144660,Yes
144661,No
144662,Yes
144663,No
144664,Yes
144665,Yes
144666,Yes
144667,No
144668,Yes
144669,Yes
144670,Yes
144671,Yes
144672,Yes
144673,No
144674,Yes
144675,Yes
144676,Yes
144677,No
144678,Yes
144679,No
144680,Yes
144681,Yes
144682,No
144683,Yes
144684,Yes
144685,Yes
144686,Yes
144687,No
144688,Yes
144689,Yes
144690,Yes
144691,Yes
144692,No
144693,No
144694,No
144695,Yes
144696,Yes
144697,Yes
144698,Yes
144699,Yes
144700,No
144701,No
144702,Yes
144703,Yes
144704,No
144705,Yes
144706,Yes
144707,Yes
144708,Yes
144709,Yes
144710,Yes
144711,Yes
144712,Yes
144713,Yes
144714,No
144715,Yes
144716,Yes
144717,Yes
144718,No
144719,No
144720,Yes
144721,Yes
144722,No
144723,No
144724,Yes
144725,Yes
144726,Yes
144727,Yes
144728,Yes
144729,No
144730,Yes
144731,Yes
144732,No
144733,Yes
144734,Yes
144735,No
144736,No
144737,Yes
144738,Yes
144739,Yes
144740,Yes
144741,No
144742,No
144743,Yes
144744,No
144745,Yes
144746,No
144747,Yes
144748,No
144749,No
144750,No
144751,No
144752,Yes
144753,Yes
144754,Yes
144755,Yes
144756,No
144757,Yes
144758,Yes
144759,Yes
144760,No
144761,Yes
144762,Yes
144763,Yes
144764,Yes
144765,Yes
144766,No
144767,Yes
144768,Yes
144769,No
144770,Yes
144771,Yes
144772,Yes
144773,Yes
144774,Yes
144775,Yes
144776,No
144777,No
144778,No
144779,Yes
144780,No
144781,Yes
144782,Yes
144783,Yes
144784,No
144785,Yes
144786,Yes
144787,No
144788,No
144789,Yes
144790,Yes
144791,Yes
144792,No
144793,Yes
144794,Yes
144795,Yes
144796,No
144797,Yes
144798,No
144799,Yes
144800,Yes
144801,Yes
144802,Yes
144803,Yes
144804,Yes
144805,No
144806,No
144807,Yes
144808,Yes
144809,Yes
144810,No
144811,Yes
144812,Yes
144813,Yes
144814,Yes
144815,Yes
144816,No
144817,No
144818,Yes
144819,Yes
144820,Yes
144821,No
144822,Yes
144823,No
144824,Yes
144825,Yes
144826,Yes
144827,No
144828,Yes
144829,No
144830,Yes
144831,No
144832,Yes
144833,Yes
144834,Yes
144835,No
144836,Yes
144837,No
144838,No
144839,Yes
144840,No
144841,Yes
144842,No
144843,Yes
144844,No
144845,No
144846,Yes
144847,Yes
144848,No
144849,Yes
144850,Yes
144851,Yes
144852,Yes
144853,Yes
144854,Yes
144855,No
144856,Yes
144857,Yes
144858,No
144859,No
144860,Yes
144861,Yes
144862,No
144863,Yes
144864,No
144865,No
144866,Yes
144867,Yes
144868,Yes
144869,No
144870,No
144871,Yes
144872,No
144873,Yes
144874,No
144875,Yes
144876,Yes
144877,Yes
144878,No
144879,No
144880,No
144881,Yes
144882,No
144883,Yes
144884,Yes
144885,Yes
144886,No
144887,No
144888,No
144889,Yes
144890,No
144891,Yes
144892,Yes
144893,Yes
144894,No
144895,No
144896,No
144897,No
144898,Yes
144899,No
144900,No
144901,No
144902,Yes
144903,Yes
144904,Yes
144905,Yes
144906,Yes
144907,Yes
144908,Yes
144909,Yes
144910,Yes
144911,Yes
144912,Yes
144913,No
144914,Yes
144915,Yes
144916,Yes
144917,No
144918,Yes
144919,Yes
144920,No
144921,No
144922,Yes
144923,Yes
144924,No
144925,Yes
144926,Yes
144927,No
144928,No
144929,No
144930,Yes
144931,Yes
144932,Yes
144933,No
144934,Yes
144935,Yes
144936,Yes
144937,Yes
144938,Yes
144939,Yes
144940,Yes
144941,Yes
144942,Yes
144943,Yes
144944,No
144945,No
144946,Yes
144947,No
144948,Yes
144949,Yes
144950,Yes
144951,Yes
144952,Yes
144953,Yes
144954,Yes
144955,Yes
144956,Yes
144957,No
144958,Yes
144959,No
144960,No
144961,Yes
144962,Yes
144963,No
144964,No
144965,No
144966,Yes
144967,Yes
144968,Yes
144969,No
144970,Yes
144971,Yes
144972,Yes
144973,Yes
144974,No
144975,No
144976,Yes
144977,Yes
144978,No
144979,No
144980,Yes
144981,Yes
144982,Yes
144983,Yes
144984,Yes
144985,Yes
144986,Yes
144987,No
144988,No
144989,No
144990,Yes
144991,Yes
144992,No
144993,Yes
144994,No
144995,Yes
144996,No
144997,Yes
144998,Yes
144999,Yes
145000,No
145001,No
145002,Yes
145003,Yes
145004,No
145005,Yes
145006,Yes
145007,No
145008,Yes
145009,No
145010,Yes
145011,Yes
145012,Yes
145013,Yes
145014,No
145015,Yes
145016,No
145017,No
145018,Yes
145019,Yes
145020,No
145021,No
145022,Yes
145023,Yes
145024,No
145025,No
145026,No
145027,No
145028,Yes
145029,No
145030,Yes
145031,Yes
145032,Yes
145033,Yes
145034,No
145035,Yes
145036,Yes
145037,No
145038,Yes
145039,Yes
145040,Yes
145041,No
145042,Yes
145043,Yes
145044,No
145045,No
145046,Yes
145047,No
145048,Yes
145049,No
145050,Yes
145051,No
145052,Yes
145053,Yes
145054,Yes
145055,Yes
145056,No
145057,Yes
145058,Yes
145059,Yes
145060,Yes
145061,Yes
145062,Yes
145063,Yes
145064,No
145065,Yes
145066,Yes
145067,Yes
145068,Yes
145069,No
145070,Yes
145071,Yes
145072,Yes
145073,Yes
145074,Yes
145075,No
145076,Yes
145077,Yes
145078,No
145079,No
145080,Yes
145081,Yes
145082,Yes
145083,No
145084,Yes
145085,Yes
145086,Yes
145087,Yes
145088,No
145089,No
145090,No
145091,Yes
145092,Yes
145093,Yes
145094,No
145095,Yes
145096,Yes
145097,No
145098,No
145099,No
145100,Yes
145101,Yes
145102,Yes
145103,No
145104,No
145105,Yes
145106,Yes
145107,Yes
145108,Yes
145109,No
145110,Yes
145111,Yes
145112,No
145113,Yes
145114,Yes
145115,Yes
145116,No
145117,Yes
145118,Yes
145119,No
145120,Yes
145121,Yes
145122,Yes
145123,Yes
145124,Yes
145125,No
145126,Yes
145127,Yes
145128,Yes
145129,No
145130,No
145131,Yes
145132,Yes
145133,Yes
145134,No
145135,Yes
145136,Yes
145137,No
145138,Yes
145139,No
145140,Yes
145141,Yes
145142,Yes
145143,Yes
145144,No
145145,Yes
145146,Yes
145147,No
145148,Yes
145149,Yes
145150,Yes
145151,Yes
145152,Yes
145153,Yes
145154,No
145155,Yes
145156,Yes
145157,Yes
145158,Yes
145159,No
145160,Yes
145161,Yes
145162,Yes
145163,Yes
145164,Yes
145165,Yes
145166,Yes
145167,Yes
145168,Yes
145169,Yes
145170,Yes
145171,No
145172,Yes
145173,No
145174,Yes
145175,Yes
145176,No
145177,Yes
145178,Yes
145179,No
145180,No
145181,No
145182,No
145183,Yes
145184,Yes
145185,No
145186,Yes
145187,Yes
145188,Yes
145189,Yes
145190,No
145191,No
145192,Yes
145193,Yes
145194,Yes
145195,No
145196,No
145197,No
145198,No
145199,No
145200,Yes
145201,Yes
145202,Yes
145203,No
145204,Yes
145205,No
145206,Yes
145207,No
145208,Yes
145209,Yes
145210,Yes
145211,Yes
145212,Yes
145213,Yes
145214,Yes
145215,Yes
145216,No
145217,Yes
145218,No
145219,No
145220,No
145221,No
145222,Yes
145223,No
145224,Yes
145225,No
145226,Yes
145227,No
145228,Yes
145229,Yes
145230,Yes
145231,No
145232,Yes
145233,Yes
145234,No
145235,Yes
145236,No
145237,Yes
145238,Yes
145239,No
145240,Yes
145241,Yes
145242,Yes
145243,Yes
145244,No
145245,No
145246,Yes
145247,Yes
145248,Yes
145249,Yes
145250,No
145251,No
145252,No
145253,No
145254,No
145255,No
145256,Yes
145257,No
145258,Yes
145259,Yes
145260,Yes
145261,Yes
145262,No
145263,Yes
145264,Yes
145265,Yes
145266,No
145267,Yes
145268,Yes
145269,No
145270,Yes
145271,No
145272,No
145273,No
145274,Yes
145275,Yes
145276,Yes
145277,Yes
145278,No
145279,No
145280,Yes
145281,Yes
145282,Yes
145283,Yes
145284,Yes
145285,Yes
145286,Yes
145287,Yes
145288,Yes
145289,Yes
145290,No
145291,Yes
145292,Yes
145293,Yes
145294,Yes
145295,No
145296,Yes
145297,Yes
145298,Yes
145299,No
145300,No
145301,Yes
145302,No
145303,Yes
145304,Yes
145305,No
145306,Yes
145307,Yes
145308,Yes
145309,No
145310,Yes
145311,Yes
145312,Yes
145313,No
145314,No
145315,Yes
145316,Yes
145317,Yes
145318,No
145319,Yes
145320,Yes
145321,No
145322,No
145323,Yes
145324,Yes
145325,No
145326,Yes
145327,Yes
145328,Yes
145329,Yes
145330,Yes
145331,Yes
145332,Yes
145333,Yes
145334,Yes
145335,No
145336,No
145337,Yes
145338,Yes
145339,No
145340,Yes
145341,Yes
145342,No
145343,No
145344,Yes
145345,Yes
145346,Yes
145347,No
145348,No
145349,No
145350,No
145351,Yes
145352,Yes
145353,Yes
145354,Yes
145355,Yes
145356,Yes
145357,No
145358,Yes
145359,Yes
145360,Yes
145361,No
145362,Yes
145363,Yes
145364,Yes
145365,No
145366,Yes
145367,No
145368,Yes
145369,Yes
145370,No
145371,Yes
145372,No
145373,No
145374,Yes
145375,No
145376,Yes
145377,No
145378,Yes
145379,Yes
145380,Yes
145381,Yes
145382,No
145383,Yes
145384,Yes
145385,Yes
145386,No
145387,Yes
145388,Yes
145389,Yes
145390,Yes
145391,No
145392,Yes
145393,No
145394,Yes
145395,Yes
145396,Yes
145397,Yes
145398,Yes
145399,Yes
145400,No
145401,Yes
145402,Yes
145403,Yes
145404,No
145405,No
145406,Yes
145407,Yes
145408,No
145409,Yes
145410,No
145411,Yes
145412,Yes
145413,No
145414,No
145415,Yes
145416,Yes
145417,Yes
145418,Yes
145419,Yes
145420,Yes
145421,No
145422,No
145423,Yes
145424,Yes
145425,Yes
145426,Yes
145427,Yes
145428,No
145429,Yes
145430,Yes
145431,Yes
145432,Yes
145433,No
145434,Yes
145435,No
145436,Yes
145437,Yes
145438,No
145439,No
145440,Yes
145441,Yes
145442,Yes
145443,Yes
145444,No
145445,Yes
145446,Yes
145447,Yes
145448,Yes
145449,No
145450,No
145451,Yes
145452,Yes
145453,No
145454,No
145455,Yes
145456,No
145457,No
145458,Yes
145459,Yes
145460,Yes
145461,Yes
145462,Yes
145463,Yes
145464,No
145465,No
145466,No
145467,No
145468,Yes
145469,Yes
145470,Yes
145471,Yes
145472,No
145473,Yes
145474,Yes
145475,Yes
145476,Yes
145477,Yes
145478,No
145479,Yes
145480,No
145481,Yes
145482,No
145483,Yes
145484,Yes
145485,Yes
145486,Yes
145487,Yes
145488,Yes
145489,Yes
145490,No
145491,No
145492,No
145493,No
145494,Yes
145495,Yes
145496,Yes
145497,Yes
145498,No
145499,Yes
145500,Yes
145501,Yes
145502,No
145503,Yes
145504,Yes
145505,No
145506,Yes
145507,Yes
145508,Yes
145509,No
145510,Yes
145511,Yes
145512,Yes
145513,No
145514,Yes
145515,Yes
145516,Yes
145517,Yes
145518,Yes
145519,No
145520,Yes
145521,No
145522,Yes
145523,Yes
145524,Yes
145525,No
145526,Yes
145527,Yes
145528,Yes
145529,No
145530,Yes
145531,No
145532,No
145533,Yes
145534,Yes
145535,Yes
145536,Yes
145537,No
145538,Yes
145539,No
145540,Yes
145541,Yes
145542,Yes
145543,Yes
145544,Yes
145545,Yes
145546,No
145547,Yes
145548,No
145549,Yes
145550,Yes
145551,Yes
145552,Yes
145553,Yes
145554,Yes
145555,No
145556,No
145557,Yes
145558,Yes
145559,Yes
145560,Yes
145561,No
145562,Yes
145563,Yes
145564,No
145565,No
145566,Yes
145567,Yes
145568,No
145569,No
145570,No
145571,Yes
145572,No
145573,Yes
145574,Yes
145575,No
145576,No
145577,No
145578,No
145579,Yes
145580,Yes
145581,Yes
145582,No
145583,Yes
145584,No
145585,No
145586,No
145587,Yes
145588,Yes
145589,No
145590,Yes
145591,Yes
145592,Yes
145593,No
145594,No
145595,No
145596,Yes
145597,Yes
145598,No
145599,Yes
145600,Yes
145601,Yes
145602,Yes
145603,Yes
145604,Yes
145605,Yes
145606,No
145607,Yes
145608,Yes
145609,No
145610,No
145611,Yes
145612,No
145613,No
145614,No
145615,Yes
145616,Yes
145617,Yes
145618,Yes
145619,No
145620,Yes
145621,Yes
145622,Yes
145623,Yes
145624,Yes
145625,No
145626,Yes
145627,Yes
145628,No
145629,No
145630,Yes
145631,Yes
145632,Yes
145633,Yes
145634,No
145635,Yes
145636,Yes
145637,Yes
145638,Yes
145639,Yes
145640,No
145641,Yes
145642,No
145643,No
145644,No
145645,No
145646,No
145647,Yes
145648,Yes
145649,Yes
145650,Yes
145651,No
145652,No
145653,Yes
145654,Yes
145655,Yes
145656,Yes
145657,No
145658,Yes
145659,No
145660,Yes
145661,No
145662,Yes
145663,Yes
145664,No
145665,No
145666,Yes
145667,No
145668,Yes
145669,Yes
145670,Yes
145671,No
145672,Yes
145673,Yes
145674,Yes
145675,No
145676,Yes
145677,Yes
145678,Yes
145679,No
145680,Yes
145681,Yes
145682,No
145683,Yes
145684,Yes
145685,Yes
145686,Yes
145687,Yes
145688,No
145689,No
145690,No
145691,Yes
145692,Yes
145693,Yes
145694,No
145695,Yes
145696,Yes
145697,No
145698,Yes
145699,No
145700,Yes
145701,Yes
145702,Yes
145703,Yes
145704,Yes
145705,Yes
145706,Yes
145707,No
145708,No
145709,No
145710,No
145711,Yes
145712,Yes
145713,Yes
145714,Yes
145715,Yes
145716,No
145717,No
145718,No
145719,Yes
145720,No
145721,Yes
145722,Yes
145723,Yes
145724,Yes
145725,No
145726,Yes
145727,Yes
145728,Yes
145729,Yes
145730,No
145731,Yes
145732,No
145733,Yes
145734,Yes
145735,Yes
145736,No
145737,Yes
145738,Yes
145739,Yes
145740,Yes
145741,Yes
145742,Yes
145743,Yes
145744,Yes
145745,No
145746,Yes
145747,Yes
145748,No
145749,No
145750,Yes
145751,Yes
145752,Yes
145753,No
145754,Yes
145755,Yes
145756,Yes
145757,No
145758,Yes
145759,Yes
145760,No
145761,No
145762,Yes
145763,No
145764,No
145765,No
145766,Yes
145767,Yes
145768,No
145769,No
145770,No
145771,Yes
145772,Yes
145773,Yes
145774,No
145775,No
145776,No
145777,Yes
145778,Yes
145779,Yes
145780,Yes
145781,Yes
145782,No
145783,No
145784,No
145785,Yes
145786,Yes
145787,Yes
145788,Yes
145789,No
145790,No
145791,No
145792,Yes
145793,No
145794,Yes
145795,Yes
145796,Yes
145797,Yes
145798,No
145799,No
145800,Yes
145801,No
145802,Yes
145803,Yes
145804,Yes
145805,Yes
145806,Yes
145807,Yes
145808,No
145809,Yes
145810,Yes
145811,Yes
145812,Yes
145813,No
145814,No
145815,No
145816,No
145817,Yes
145818,No
145819,Yes
145820,Yes
145821,No
145822,No
145823,No
145824,Yes
145825,No
145826,No
145827,Yes
145828,Yes
145829,No
145830,No
145831,Yes
145832,Yes
145833,Yes
145834,Yes
145835,Yes
145836,Yes
145837,No
145838,Yes
145839,No
145840,Yes
145841,Yes
145842,Yes
145843,No
145844,Yes
145845,No
145846,Yes
145847,No
145848,Yes
145849,Yes
145850,No
145851,Yes
145852,No
145853,No
145854,Yes
145855,No
145856,No
145857,Yes
145858,Yes
145859,No
145860,Yes
145861,Yes
145862,No
145863,Yes
145864,Yes
145865,Yes
145866,Yes
145867,No
145868,No
145869,Yes
145870,Yes
145871,Yes
145872,Yes
145873,No
145874,Yes
145875,Yes
145876,Yes
145877,Yes
145878,Yes
145879,Yes
145880,Yes
145881,Yes
145882,Yes
145883,Yes
145884,Yes
145885,Yes
145886,Yes
145887,Yes
145888,No
145889,Yes
145890,Yes
145891,No
145892,Yes
145893,Yes
145894,No
145895,No
145896,Yes
145897,No
145898,No
145899,Yes
145900,Yes
145901,No
145902,Yes
145903,No
145904,Yes
145905,Yes
145906,Yes
145907,No
145908,No
145909,Yes
145910,Yes
145911,Yes
145912,Yes
145913,Yes
145914,Yes
145915,Yes
145916,No
145917,No
145918,Yes
145919,No
145920,No
145921,Yes
145922,Yes
145923,Yes
145924,No
145925,Yes
145926,No
145927,No
145928,Yes
145929,Yes
145930,No
145931,No
145932,Yes
145933,Yes
145934,No
145935,Yes
145936,Yes
145937,No
145938,Yes
145939,No
145940,Yes
145941,No
145942,Yes
145943,No
145944,Yes
145945,Yes
145946,No
145947,No
145948,Yes
145949,Yes
145950,Yes
145951,No
145952,Yes
145953,Yes
145954,Yes
145955,Yes
145956,No
145957,Yes
145958,No
145959,Yes
145960,No
145961,Yes
145962,No
145963,No
145964,Yes
145965,Yes
145966,Yes
145967,Yes
145968,Yes
145969,No
145970,No
145971,Yes
145972,Yes
145973,No
145974,No
145975,Yes
145976,No
145977,Yes
145978,Yes
145979,Yes
145980,No
145981,No
145982,Yes
145983,Yes
145984,Yes
145985,No
145986,Yes
145987,Yes
145988,No
145989,Yes
145990,No
145991,Yes
145992,Yes
145993,Yes
145994,No
145995,No
145996,No
145997,Yes
145998,Yes
145999,No
146000,Yes
146001,Yes
146002,Yes
146003,Yes
146004,Yes
146005,No
146006,No
146007,Yes
146008,Yes
146009,No
146010,No
146011,No
146012,Yes
146013,Yes
146014,Yes
146015,No
146016,Yes
146017,Yes
146018,No
146019,No
146020,Yes
146021,Yes
146022,No
146023,Yes
146024,Yes
146025,Yes
146026,No
146027,Yes
146028,No
146029,Yes
146030,Yes
146031,Yes
146032,No
146033,No
146034,Yes
146035,Yes
146036,Yes
146037,No
146038,Yes
146039,No
146040,Yes
146041,Yes
146042,Yes
146043,Yes
146044,Yes
146045,No
146046,Yes
146047,Yes
146048,Yes
146049,Yes
146050,No
146051,No
146052,No
146053,No
146054,Yes
146055,No
146056,Yes
146057,No
146058,No
146059,Yes
146060,Yes
146061,No
146062,Yes
146063,Yes
146064,Yes
146065,Yes
146066,Yes
146067,No
146068,Yes
146069,Yes
146070,Yes
146071,Yes
146072,Yes
146073,No
146074,Yes
146075,Yes
146076,No
146077,Yes
146078,Yes
146079,No
146080,Yes
146081,Yes
146082,Yes
146083,Yes
146084,No
146085,No
146086,Yes
146087,Yes
146088,Yes
146089,No
146090,No
146091,Yes
146092,Yes
146093,Yes
146094,Yes
146095,Yes
146096,Yes
146097,Yes
146098,No
146099,No
146100,Yes
146101,Yes
146102,Yes
146103,Yes
146104,No
146105,Yes
146106,Yes
146107,Yes
146108,Yes
146109,Yes
146110,Yes
146111,No
146112,Yes
146113,No
146114,Yes
146115,No
146116,Yes
146117,No
146118,Yes
146119,Yes
146120,Yes
146121,Yes
146122,Yes
146123,No
146124,No
146125,Yes
146126,Yes
146127,No
146128,Yes
146129,Yes
146130,No
146131,Yes
146132,Yes
146133,Yes
146134,Yes
146135,Yes
146136,Yes
146137,No
146138,No
146139,No
146140,Yes
146141,Yes
146142,No
146143,No
146144,Yes
146145,Yes
146146,Yes
146147,Yes
146148,Yes
146149,No
146150,No
146151,Yes
146152,Yes
146153,Yes
146154,No
146155,Yes
146156,No
146157,No
146158,No
146159,Yes
146160,Yes
146161,Yes
146162,Yes
146163,Yes
146164,Yes
146165,Yes
146166,No
146167,Yes
146168,Yes
146169,No
146170,No
146171,No
146172,No
146173,Yes
146174,Yes
146175,Yes
146176,Yes
146177,Yes
146178,Yes
146179,Yes
146180,Yes
146181,Yes
146182,Yes
146183,Yes
146184,No
146185,No
146186,No
146187,Yes
146188,Yes
146189,Yes
146190,Yes
146191,No
146192,Yes
146193,Yes
146194,Yes
146195,Yes
146196,Yes
146197,Yes
146198,Yes
146199,No
146200,No
146201,No
146202,Yes
146203,Yes
146204,Yes
146205,No
146206,Yes
146207,Yes
146208,Yes
146209,No
146210,Yes
146211,Yes
146212,Yes
146213,Yes
146214,No
146215,Yes
146216,No
146217,Yes
146218,No
146219,Yes
146220,No
146221,No
146222,No
146223,No
146224,No
146225,No
146226,Yes
146227,Yes
146228,Yes
146229,Yes
146230,Yes
146231,No
146232,Yes
146233,Yes
146234,No
146235,No
146236,Yes
146237,No
146238,No
146239,No
146240,No
146241,No
146242,Yes
146243,Yes
146244,No
146245,Yes
146246,Yes
146247,No
146248,No
146249,No
146250,Yes
146251,Yes
146252,Yes
146253,No
146254,Yes
146255,No
146256,Yes
146257,No
146258,Yes
146259,Yes
146260,No
146261,Yes
146262,No
146263,Yes
146264,No
146265,Yes
146266,Yes
146267,No
146268,Yes
146269,No
146270,No
146271,No
146272,Yes
146273,Yes
146274,No
146275,Yes
146276,Yes
146277,Yes
146278,Yes
146279,Yes
146280,Yes
146281,No
146282,Yes
146283,Yes
146284,Yes
146285,Yes
146286,Yes
146287,No
146288,No
146289,Yes
146290,No
146291,Yes
146292,Yes
146293,No
146294,No
146295,Yes
146296,Yes
146297,No
146298,Yes
146299,No
146300,Yes
146301,No
146302,No
146303,Yes
146304,Yes
146305,Yes
146306,Yes
146307,Yes
146308,No
146309,Yes
146310,Yes
146311,Yes
146312,No
146313,Yes
146314,Yes
146315,No
146316,No
146317,No
146318,Yes
146319,Yes
146320,Yes
146321,Yes
146322,Yes
146323,Yes
146324,No
146325,Yes
146326,No
146327,Yes
146328,No
146329,Yes
146330,Yes
146331,Yes
146332,No
146333,No
146334,Yes
146335,No
146336,Yes
146337,No
146338,Yes
146339,Yes
146340,Yes
146341,No
146342,No
146343,Yes
146344,Yes
146345,Yes
146346,No
146347,Yes
146348,No
146349,Yes
146350,No
146351,Yes
146352,No
146353,Yes
146354,Yes
146355,No
146356,Yes
146357,No
146358,Yes
146359,Yes
146360,Yes
146361,Yes
146362,Yes
146363,Yes
146364,No
146365,Yes
146366,Yes
146367,No
146368,Yes
146369,No
146370,Yes
146371,Yes
146372,Yes
146373,No
146374,Yes
146375,Yes
146376,Yes
146377,Yes
146378,Yes
146379,Yes
146380,Yes
146381,Yes
146382,Yes
146383,No
146384,Yes
146385,Yes
146386,No
146387,No
146388,No
146389,Yes
146390,Yes
146391,Yes
146392,Yes
146393,Yes
146394,Yes
146395,Yes
146396,Yes
146397,Yes
146398,No
146399,Yes
146400,No
146401,No
146402,No
146403,No
146404,Yes
146405,No
146406,No
146407,Yes
146408,Yes
146409,No
146410,Yes
146411,Yes
146412,Yes
146413,Yes
146414,Yes
146415,No
146416,Yes
146417,Yes
146418,Yes
146419,Yes
146420,No
146421,Yes
146422,Yes
146423,Yes
146424,Yes
146425,No
146426,Yes
146427,Yes
146428,Yes
146429,Yes
146430,Yes
146431,Yes
146432,Yes
146433,No
146434,Yes
146435,Yes
146436,No
146437,No
146438,Yes
146439,No
146440,Yes
146441,Yes
146442,Yes
146443,Yes
146444,Yes
146445,Yes
146446,Yes
146447,Yes
146448,No
146449,Yes
146450,Yes
146451,Yes
146452,No
146453,Yes
146454,Yes
146455,Yes
146456,No
146457,Yes
146458,No
146459,No
146460,Yes
146461,Yes
146462,Yes
146463,No
146464,Yes
146465,No
146466,Yes
146467,Yes
146468,Yes
146469,Yes
146470,Yes
146471,No
146472,Yes
146473,Yes
146474,Yes
146475,Yes
146476,Yes
146477,Yes
146478,No
146479,Yes
146480,Yes
146481,No
146482,No
146483,Yes
146484,Yes
146485,Yes
146486,Yes
146487,Yes
146488,Yes
146489,Yes
146490,Yes
146491,Yes
146492,Yes
146493,No
146494,Yes
146495,Yes
146496,Yes
146497,No
146498,Yes
146499,Yes
146500,Yes
146501,No
146502,No
146503,Yes
146504,Yes
146505,Yes
146506,Yes
146507,Yes
146508,Yes
146509,No
146510,No
146511,No
146512,Yes
146513,No
146514,Yes
146515,No
146516,Yes
146517,Yes
146518,Yes
146519,Yes
146520,No
146521,No
146522,Yes
146523,Yes
146524,No
146525,Yes
146526,No
146527,Yes
146528,Yes
146529,Yes
146530,Yes
146531,No
146532,No
146533,Yes
146534,Yes
146535,Yes
146536,Yes
146537,Yes
146538,Yes
146539,No
146540,Yes
146541,Yes
146542,No
146543,Yes
146544,Yes
146545,No
146546,No
146547,Yes
146548,No
146549,No
146550,Yes
146551,Yes
146552,Yes
146553,Yes
146554,No
146555,Yes
146556,Yes
146557,Yes
146558,Yes
146559,No
146560,Yes
146561,Yes
146562,Yes
146563,Yes
146564,No
146565,Yes
146566,Yes
146567,Yes
146568,Yes
146569,No
146570,No
146571,No
146572,Yes
146573,Yes
146574,Yes
146575,Yes
146576,Yes
146577,Yes
146578,Yes
146579,No
146580,Yes
146581,No
146582,Yes
146583,Yes
146584,Yes
146585,No
146586,No
146587,Yes
146588,No
146589,No
146590,Yes
146591,Yes
146592,No
146593,Yes
146594,Yes
146595,Yes
146596,Yes
146597,Yes
146598,No
146599,Yes
146600,No
146601,No
146602,Yes
146603,No
146604,Yes
146605,Yes
146606,No
146607,No
146608,Yes
146609,No
146610,Yes
146611,No
146612,Yes
146613,No
146614,No
146615,Yes
146616,Yes
146617,Yes
146618,Yes
146619,Yes
146620,Yes
146621,No
146622,No
146623,No
146624,Yes
146625,Yes
146626,No
146627,Yes
146628,Yes
146629,Yes
146630,No
146631,Yes
146632,No
146633,Yes
146634,Yes
146635,Yes
146636,Yes
146637,No
146638,No
146639,Yes
146640,No
146641,Yes
146642,Yes
146643,No
146644,No
146645,Yes
146646,No
146647,Yes
146648,Yes
146649,Yes
146650,Yes
146651,Yes
146652,Yes
146653,Yes
146654,Yes
146655,No
146656,Yes
146657,Yes
146658,Yes
146659,Yes
146660,Yes
146661,Yes
146662,Yes
146663,Yes
146664,No
146665,Yes
146666,No
146667,Yes
146668,Yes
146669,Yes
146670,Yes
146671,Yes
146672,Yes
146673,Yes
146674,Yes
146675,Yes
146676,Yes
146677,Yes
146678,Yes
146679,Yes
146680,No
146681,Yes
146682,Yes
146683,Yes
146684,Yes
146685,No
146686,No
146687,Yes
146688,Yes
146689,Yes
146690,Yes
146691,Yes
146692,Yes
146693,No
146694,Yes
146695,No
146696,Yes
146697,No
146698,Yes
146699,No
146700,No
146701,Yes
146702,No
146703,Yes
146704,Yes
146705,Yes
146706,No
146707,Yes
146708,Yes
146709,Yes
146710,No
146711,No
146712,Yes
146713,Yes
146714,Yes
146715,Yes
146716,No
146717,Yes
146718,No
146719,Yes
146720,Yes
146721,Yes
146722,No
146723,Yes
146724,No
146725,Yes
146726,Yes
146727,Yes
146728,Yes
146729,Yes
146730,No
146731,Yes
146732,Yes
146733,Yes
146734,No
146735,Yes
146736,Yes
146737,No
146738,Yes
146739,No
146740,Yes
146741,No
146742,Yes
146743,No
146744,Yes
146745,Yes
146746,Yes
146747,No
146748,Yes
146749,Yes
146750,Yes
146751,No
146752,Yes
146753,Yes
146754,Yes
146755,Yes
146756,Yes
146757,No
146758,Yes
146759,Yes
146760,Yes
146761,No
146762,No
146763,Yes
146764,No
146765,No
146766,No
146767,No
146768,Yes
146769,No
146770,No
146771,Yes
146772,No
146773,Yes
146774,Yes
146775,No
146776,No
146777,Yes
146778,No
146779,No
146780,No
146781,No
146782,Yes
146783,No
146784,No
146785,Yes
146786,Yes
146787,No
146788,No
146789,Yes
146790,No
146791,Yes
146792,No
146793,Yes
146794,Yes
146795,Yes
146796,No
146797,Yes
146798,No
146799,No
146800,Yes
146801,Yes
146802,Yes
146803,Yes
146804,No
146805,Yes
146806,Yes
146807,No
146808,No
146809,Yes
146810,No
146811,Yes
146812,Yes
146813,No
146814,Yes
146815,No
146816,Yes
146817,Yes
146818,No
146819,Yes
146820,Yes
146821,Yes
146822,Yes
146823,Yes
146824,Yes
146825,No
146826,Yes
146827,Yes
146828,Yes
146829,Yes
146830,Yes
146831,No
146832,Yes
146833,Yes
146834,Yes
146835,Yes
146836,Yes
146837,No
146838,No
146839,Yes
146840,Yes
146841,No
146842,No
146843,Yes
146844,Yes
146845,Yes
146846,Yes
146847,No
146848,No
146849,Yes
146850,Yes
146851,Yes
146852,Yes
146853,Yes
146854,No
146855,No
146856,Yes
146857,Yes
146858,Yes
146859,Yes
146860,No
146861,Yes
146862,Yes
146863,No
146864,No
146865,Yes
146866,Yes
146867,Yes
146868,No
146869,Yes
146870,No
146871,Yes
146872,No
146873,Yes
146874,Yes
146875,Yes
146876,Yes
146877,Yes
146878,No
146879,No
146880,Yes
146881,No
146882,Yes
146883,Yes
146884,Yes
146885,Yes
146886,No
146887,Yes
146888,Yes
146889,Yes
146890,No
146891,Yes
146892,Yes
146893,No
146894,Yes
146895,No
146896,No
146897,Yes
146898,No
146899,Yes
146900,No
146901,No
146902,Yes
146903,Yes
146904,Yes
146905,Yes
146906,No
146907,Yes
146908,Yes
146909,Yes
146910,No
146911,No
146912,No
146913,Yes
146914,Yes
146915,Yes
146916,Yes
146917,Yes
146918,Yes
146919,Yes
146920,Yes
146921,No
146922,Yes
146923,Yes
146924,Yes
146925,Yes
146926,No
146927,Yes
146928,No
146929,No
146930,No
146931,No
146932,No
146933,Yes
146934,Yes
146935,Yes
146936,Yes
146937,Yes
146938,Yes
146939,No
146940,Yes
146941,Yes
146942,Yes
146943,Yes
146944,Yes
146945,No
146946,No
146947,Yes
146948,No
146949,Yes
146950,No
146951,No
146952,No
146953,No
146954,No
146955,Yes
146956,Yes
146957,Yes
146958,Yes
146959,No
146960,Yes
146961,Yes
146962,Yes
146963,No
146964,Yes
146965,Yes
146966,Yes
146967,No
146968,Yes
146969,Yes
146970,Yes
146971,Yes
146972,No
146973,Yes
146974,Yes
146975,Yes
146976,Yes
146977,No
146978,No
146979,Yes
146980,Yes
146981,Yes
146982,Yes
146983,Yes
146984,Yes
146985,Yes
146986,Yes
146987,Yes
146988,Yes
146989,Yes
146990,No
146991,No
146992,Yes
146993,Yes
146994,Yes
146995,No
146996,Yes
146997,No
146998,No
146999,Yes
147000,No
147001,Yes
147002,Yes
147003,No
147004,Yes
147005,Yes
147006,Yes
147007,Yes
147008,No
147009,Yes
147010,Yes
147011,No
147012,Yes
147013,Yes
147014,Yes
147015,No
147016,No
147017,Yes
147018,No
147019,No
147020,Yes
147021,Yes
147022,Yes
147023,Yes
147024,Yes
147025,No
147026,No
147027,Yes
147028,No
147029,Yes
147030,No
147031,Yes
147032,No
147033,Yes
147034,Yes
147035,No
147036,No
147037,Yes
147038,Yes
147039,Yes
147040,Yes
147041,Yes
147042,No
147043,No
147044,No
147045,Yes
147046,Yes
147047,No
147048,Yes
147049,No
147050,No
147051,Yes
147052,Yes
147053,No
147054,Yes
147055,Yes
147056,No
147057,Yes
147058,No
147059,Yes
147060,Yes
147061,Yes
147062,Yes
147063,Yes
147064,Yes
147065,Yes
147066,Yes
147067,Yes
147068,Yes
147069,Yes
147070,Yes
147071,Yes
147072,Yes
147073,Yes
147074,Yes
147075,Yes
147076,No
147077,No
147078,No
147079,Yes
147080,Yes
147081,Yes
147082,No
147083,Yes
147084,Yes
147085,Yes
147086,Yes
147087,No
147088,Yes
147089,No
147090,Yes
147091,Yes
147092,Yes
147093,Yes
147094,Yes
147095,No
147096,Yes
147097,Yes
147098,Yes
147099,Yes
147100,Yes
147101,Yes
147102,Yes
147103,Yes
147104,Yes
147105,Yes
147106,Yes
147107,No
147108,No
147109,Yes
147110,No
147111,No
147112,Yes
147113,No
147114,No
147115,Yes
147116,No
147117,Yes
147118,No
147119,Yes
147120,Yes
147121,Yes
147122,No
147123,No
147124,No
147125,Yes
147126,Yes
147127,No
147128,Yes
147129,No
147130,Yes
147131,Yes
147132,No
147133,Yes
147134,Yes
147135,Yes
147136,No
147137,Yes
147138,No
147139,No
147140,Yes
147141,Yes
147142,Yes
147143,No
147144,Yes
147145,Yes
147146,No
147147,No
147148,No
147149,Yes
147150,No
147151,Yes
147152,No
147153,Yes
147154,Yes
147155,Yes
147156,Yes
147157,No
147158,No
147159,Yes
147160,Yes
147161,Yes
147162,Yes
147163,Yes
147164,Yes
147165,Yes
147166,Yes
147167,Yes
147168,Yes
147169,Yes
147170,No
147171,Yes
147172,Yes
147173,Yes
147174,Yes
147175,No
147176,No
147177,No
147178,Yes
147179,Yes
147180,Yes
147181,Yes
147182,Yes
147183,No
147184,No
147185,Yes
147186,No
147187,Yes
147188,Yes
147189,No
147190,Yes
147191,No
147192,No
147193,Yes
147194,Yes
147195,Yes
147196,No
147197,Yes
147198,Yes
147199,Yes
147200,No
147201,Yes
147202,Yes
147203,Yes
147204,Yes
147205,No
147206,No
147207,Yes
147208,No
147209,No
147210,No
147211,Yes
147212,Yes
147213,Yes
147214,No
147215,No
147216,No
147217,Yes
147218,No
147219,Yes
147220,Yes
147221,No
147222,Yes
147223,Yes
147224,Yes
147225,No
147226,Yes
147227,Yes
147228,No
147229,No
147230,Yes
147231,No
147232,Yes
147233,Yes
147234,Yes
147235,Yes
147236,Yes
147237,No
147238,Yes
147239,Yes
147240,Yes
147241,Yes
147242,Yes
147243,Yes
147244,No
147245,Yes
147246,No
147247,Yes
147248,No
147249,Yes
147250,Yes
147251,Yes
147252,Yes
147253,Yes
147254,Yes
147255,No
147256,No
147257,Yes
147258,No
147259,Yes
147260,Yes
147261,Yes
147262,No
147263,No
147264,Yes
147265,No
147266,Yes
147267,Yes
147268,Yes
147269,No
147270,Yes
147271,Yes
147272,Yes
147273,No
147274,Yes
147275,No
147276,Yes
147277,No
147278,Yes
147279,Yes
147280,No
147281,Yes
147282,No
147283,Yes
147284,Yes
147285,Yes
147286,No
147287,Yes
147288,Yes
147289,Yes
147290,No
147291,No
147292,Yes
147293,Yes
147294,No
147295,No
147296,No
147297,Yes
147298,Yes
147299,No
147300,Yes
147301,No
147302,No
147303,Yes
147304,Yes
147305,Yes
147306,No
147307,Yes
147308,No
147309,Yes
147310,Yes
147311,Yes
147312,No
147313,Yes
147314,Yes
147315,No
147316,Yes
147317,No
147318,Yes
147319,Yes
147320,No
147321,No
147322,Yes
147323,No
147324,Yes
147325,No
147326,Yes
147327,Yes
147328,Yes
147329,Yes
147330,Yes
147331,Yes
147332,Yes
147333,No
147334,No
147335,Yes
147336,No
147337,Yes
147338,Yes
147339,Yes
147340,Yes
147341,No
147342,Yes
147343,Yes
147344,Yes
147345,Yes
147346,Yes
147347,Yes
147348,No
147349,No
147350,Yes
147351,Yes
147352,Yes
147353,No
147354,Yes
147355,Yes
147356,No
147357,Yes
147358,No
147359,Yes
147360,Yes
147361,Yes
147362,Yes
147363,Yes
147364,Yes
147365,Yes
147366,Yes
147367,Yes
147368,Yes
147369,Yes
147370,Yes
147371,Yes
147372,Yes
147373,Yes
147374,Yes
147375,Yes
147376,Yes
147377,Yes
147378,Yes
147379,Yes
147380,Yes
147381,No
147382,Yes
147383,Yes
147384,No
147385,No
147386,Yes
147387,Yes
147388,Yes
147389,Yes
147390,Yes
147391,Yes
147392,Yes
147393,Yes
147394,No
147395,No
147396,No
147397,No
147398,Yes
147399,No
147400,No
147401,Yes
147402,Yes
147403,No
147404,Yes
147405,Yes
147406,Yes
147407,Yes
147408,No
147409,Yes
147410,No
147411,No
147412,Yes
147413,No
147414,Yes
147415,Yes
147416,Yes
147417,Yes
147418,No
147419,Yes
147420,Yes
147421,No
147422,No
147423,No
147424,Yes
147425,No
147426,No
147427,Yes
147428,No
147429,Yes
147430,Yes
147431,Yes
147432,No
147433,No
147434,Yes
147435,Yes
147436,Yes
147437,No
147438,Yes
147439,No
147440,Yes
147441,No
147442,No
147443,Yes
147444,Yes
147445,Yes
147446,No
147447,No
147448,No
147449,No
147450,Yes
147451,Yes
147452,Yes
147453,Yes
147454,Yes
147455,No
147456,Yes
147457,Yes
147458,Yes
147459,No
147460,Yes
147461,Yes
147462,Yes
147463,No
147464,Yes
147465,No
147466,Yes
147467,No
147468,Yes
147469,No
147470,No
147471,No
147472,Yes
147473,Yes
147474,No
147475,No
147476,Yes
147477,Yes
147478,No
147479,Yes
147480,No
147481,No
147482,Yes
147483,Yes
147484,No
147485,Yes
147486,Yes
147487,Yes
147488,No
147489,Yes
147490,No
147491,Yes
147492,Yes
147493,Yes
147494,No
147495,Yes
147496,Yes
147497,No
147498,Yes
147499,No
147500,Yes
147501,No
147502,No
147503,Yes
147504,Yes
147505,Yes
147506,Yes
147507,No
147508,Yes
147509,Yes
147510,Yes
147511,No
147512,No
147513,No
147514,No
147515,No
147516,Yes
147517,No
147518,Yes
147519,Yes
147520,Yes
147521,Yes
147522,No
147523,No
147524,No
147525,No
147526,No
147527,Yes
147528,Yes
147529,Yes
147530,No
147531,No
147532,Yes
147533,Yes
147534,No
147535,Yes
147536,Yes
147537,No
147538,Yes
147539,Yes
147540,No
147541,Yes
147542,Yes
147543,Yes
147544,No
147545,Yes
147546,Yes
147547,No
147548,Yes
147549,Yes
147550,Yes
147551,No
147552,Yes
147553,Yes
147554,Yes
147555,Yes
147556,Yes
147557,Yes
147558,Yes
147559,Yes
147560,Yes
147561,Yes
147562,Yes
147563,No
147564,No
147565,Yes
147566,No
147567,No
147568,No
147569,No
147570,No
147571,No
147572,Yes
147573,Yes
147574,Yes
147575,Yes
147576,Yes
147577,Yes
147578,No
147579,Yes
147580,Yes
147581,Yes
147582,No
147583,No
147584,No
147585,Yes
147586,Yes
147587,Yes
147588,No
147589,Yes
147590,No
147591,Yes
147592,Yes
147593,Yes
147594,Yes
147595,Yes
147596,Yes
147597,Yes
147598,Yes
147599,No
147600,No
147601,Yes
147602,Yes
147603,Yes
147604,No
147605,Yes
147606,Yes
147607,No
147608,Yes
147609,Yes
147610,Yes
147611,Yes
147612,Yes
147613,Yes
147614,Yes
147615,Yes
147616,Yes
147617,Yes
147618,Yes
147619,Yes
147620,Yes
147621,Yes
147622,Yes
147623,Yes
147624,Yes
147625,Yes
147626,Yes
147627,No
147628,Yes
147629,Yes
147630,No
147631,Yes
147632,Yes
147633,No
147634,No
147635,Yes
147636,Yes
147637,Yes
147638,Yes
147639,Yes
147640,Yes
147641,Yes
147642,Yes
147643,Yes
147644,Yes
147645,Yes
147646,No
147647,No
147648,No
147649,Yes
147650,No
147651,Yes
147652,No
147653,Yes
147654,Yes
147655,Yes
147656,Yes
147657,Yes
147658,No
147659,No
147660,Yes
147661,No
147662,Yes
147663,Yes
147664,Yes
147665,Yes
147666,No
147667,Yes
147668,Yes
147669,Yes
147670,Yes
147671,Yes
147672,Yes
147673,Yes
147674,No
147675,Yes
147676,Yes
147677,No
147678,No
147679,No
147680,Yes
147681,No
147682,Yes
147683,Yes
147684,No
147685,No
147686,No
147687,Yes
147688,Yes
147689,Yes
147690,No
147691,No
147692,Yes
147693,Yes
147694,No
147695,Yes
147696,Yes
147697,No
147698,No
147699,Yes
147700,Yes
147701,Yes
147702,No
147703,Yes
147704,Yes
147705,Yes
147706,Yes
147707,Yes
147708,Yes
147709,Yes
147710,Yes
147711,Yes
147712,Yes
147713,Yes
147714,No
147715,No
147716,Yes
147717,Yes
147718,Yes
147719,Yes
147720,Yes
147721,Yes
147722,Yes
147723,No
147724,Yes
147725,Yes
147726,Yes
147727,No
147728,No
147729,Yes
147730,No
147731,Yes
147732,No
147733,Yes
147734,Yes
147735,Yes
147736,Yes
147737,No
147738,No
147739,Yes
147740,No
147741,Yes
147742,Yes
147743,Yes
147744,Yes
147745,Yes
147746,Yes
147747,Yes
147748,Yes
147749,Yes
147750,Yes
147751,Yes
147752,Yes
147753,No
147754,Yes
147755,No
147756,Yes
147757,No
147758,Yes
147759,Yes
147760,Yes
147761,No
147762,Yes
147763,Yes
147764,Yes
147765,Yes
147766,Yes
147767,No
147768,Yes
147769,Yes
147770,Yes
147771,No
147772,Yes
147773,Yes
147774,Yes
147775,Yes
147776,Yes
147777,Yes
147778,Yes
147779,Yes
147780,Yes
147781,Yes
147782,Yes
147783,Yes
147784,No
147785,No
147786,No
147787,Yes
147788,Yes
147789,No
147790,Yes
147791,Yes
147792,Yes
147793,Yes
147794,Yes
147795,Yes
147796,Yes
147797,No
147798,Yes
147799,Yes
147800,Yes
147801,Yes
147802,Yes
147803,Yes
147804,Yes
147805,Yes
147806,Yes
147807,Yes
147808,Yes
147809,Yes
147810,Yes
147811,No
147812,Yes
147813,Yes
147814,Yes
147815,Yes
147816,No
147817,Yes
147818,Yes
147819,Yes
147820,No
147821,Yes
147822,Yes
147823,Yes
147824,Yes
147825,Yes
147826,Yes
147827,Yes
147828,Yes
147829,No
147830,Yes
147831,No
147832,Yes
147833,Yes
147834,Yes
147835,Yes
147836,Yes
147837,Yes
147838,No
147839,Yes
147840,Yes
147841,Yes
147842,Yes
147843,Yes
147844,Yes
147845,Yes
147846,Yes
147847,Yes
147848,Yes
147849,Yes
147850,Yes
147851,No
147852,No
147853,Yes
147854,Yes
147855,No
147856,Yes
147857,Yes
147858,Yes
147859,No
147860,Yes
147861,Yes
147862,Yes
147863,No
147864,Yes
147865,No
147866,Yes
147867,Yes
147868,Yes
147869,Yes
147870,No
147871,Yes
147872,Yes
147873,Yes
147874,No
147875,No
147876,Yes
147877,Yes
147878,No
147879,Yes
147880,No
147881,No
147882,Yes
147883,Yes
147884,Yes
147885,No
147886,Yes
147887,Yes
147888,No
147889,Yes
147890,Yes
147891,Yes
147892,Yes
147893,Yes
147894,Yes
147895,No
147896,Yes
147897,Yes
147898,Yes
147899,Yes
147900,No
147901,No
147902,No
147903,No
147904,Yes
147905,No
147906,Yes
147907,Yes
147908,Yes
147909,No
147910,No
147911,Yes
147912,Yes
147913,Yes
147914,Yes
147915,Yes
147916,Yes
147917,Yes
147918,No
147919,No
147920,No
147921,Yes
147922,Yes
147923,Yes
147924,Yes
147925,Yes
147926,No
147927,Yes
147928,Yes
147929,No
147930,Yes
147931,No
147932,No
147933,Yes
147934,Yes
147935,Yes
147936,Yes
147937,No
147938,Yes
147939,No
147940,Yes
147941,Yes
147942,Yes
147943,No
147944,Yes
147945,No
147946,Yes
147947,Yes
147948,Yes
147949,Yes
147950,Yes
147951,No
147952,Yes
147953,Yes
147954,No
147955,No
147956,Yes
147957,Yes
147958,No
147959,Yes
147960,Yes
147961,Yes
147962,No
147963,No
147964,No
147965,Yes
147966,Yes
147967,Yes
147968,Yes
147969,No
147970,Yes
147971,Yes
147972,Yes
147973,No
147974,Yes
147975,No
147976,No
147977,Yes
147978,Yes
147979,Yes
147980,No
147981,Yes
147982,Yes
147983,Yes
147984,Yes
147985,Yes
147986,Yes
147987,Yes
147988,Yes
147989,Yes
147990,Yes
147991,No
147992,Yes
147993,Yes
147994,No
147995,No
147996,No
147997,No
147998,Yes
147999,Yes
148000,Yes
148001,Yes
148002,Yes
148003,Yes
148004,Yes
148005,Yes
148006,Yes
148007,Yes
148008,Yes
148009,Yes
148010,Yes
148011,Yes
148012,Yes
148013,No
148014,Yes
148015,Yes
148016,Yes
148017,No
148018,Yes
148019,No
148020,Yes
148021,No
148022,Yes
148023,No
148024,No
148025,Yes
148026,No
148027,Yes
148028,Yes
148029,Yes
148030,Yes
148031,Yes
148032,Yes
148033,No
148034,Yes
148035,Yes
148036,Yes
148037,Yes
148038,Yes
148039,Yes
148040,Yes
148041,Yes
148042,Yes
148043,Yes
148044,Yes
148045,Yes
148046,No
148047,Yes
148048,No
148049,Yes
148050,No
148051,No
148052,Yes
148053,Yes
148054,Yes
148055,No
148056,Yes
148057,Yes
148058,Yes
148059,Yes
148060,Yes
148061,No
148062,No
148063,Yes
148064,No
148065,Yes
148066,No
148067,Yes
148068,No
148069,Yes
148070,Yes
148071,No
148072,Yes
148073,Yes
148074,No
148075,No
148076,Yes
148077,Yes
148078,Yes
148079,Yes
148080,No
148081,Yes
148082,No
148083,No
148084,Yes
148085,No
148086,Yes
148087,No
148088,Yes
148089,Yes
148090,Yes
148091,Yes
148092,No
148093,Yes
148094,No
148095,No
148096,Yes
148097,Yes
148098,No
148099,Yes
148100,Yes
148101,Yes
148102,No
148103,Yes
148104,Yes
148105,Yes
148106,Yes
148107,Yes
148108,No
148109,No
148110,No
148111,Yes
148112,Yes
148113,Yes
148114,Yes
148115,No
148116,Yes
148117,Yes
148118,Yes
148119,No
148120,Yes
148121,Yes
148122,Yes
148123,No
148124,Yes
148125,No
148126,No
148127,Yes
148128,Yes
148129,No
148130,Yes
148131,No
148132,Yes
148133,Yes
148134,Yes
148135,Yes
148136,Yes
148137,No
148138,Yes
148139,Yes
148140,Yes
148141,Yes
148142,Yes
148143,No
148144,Yes
148145,No
148146,No
148147,Yes
148148,Yes
148149,No
148150,Yes
148151,Yes
148152,No
148153,No
148154,Yes
148155,Yes
148156,Yes
148157,Yes
148158,No
148159,Yes
148160,Yes
148161,Yes
148162,Yes
148163,Yes
148164,Yes
148165,Yes
148166,Yes
148167,No
148168,Yes
148169,Yes
148170,No
148171,Yes
148172,Yes
148173,No
148174,Yes
148175,No
148176,No
148177,Yes
148178,Yes
148179,Yes
148180,Yes
148181,Yes
148182,No
148183,No
148184,No
148185,Yes
148186,Yes
148187,Yes
148188,Yes
148189,Yes
148190,Yes
148191,Yes
148192,Yes
148193,No
148194,Yes
148195,No
148196,No
148197,Yes
148198,Yes
148199,No
148200,Yes
148201,Yes
148202,Yes
148203,Yes
148204,No
148205,No
148206,No
148207,Yes
148208,Yes
148209,No
148210,Yes
148211,Yes
148212,Yes
148213,No
148214,Yes
148215,No
148216,Yes
148217,No
148218,Yes
148219,Yes
148220,Yes
148221,Yes
148222,Yes
148223,Yes
148224,Yes
148225,Yes
148226,Yes
148227,Yes
148228,Yes
148229,Yes
148230,Yes
148231,Yes
148232,Yes
148233,Yes
148234,No
148235,No
148236,Yes
148237,Yes
148238,Yes
148239,Yes
148240,Yes
148241,Yes
148242,Yes
148243,No
148244,Yes
148245,Yes
148246,Yes
148247,Yes
148248,Yes
148249,Yes
148250,Yes
148251,Yes
148252,Yes
148253,Yes
148254,No
148255,Yes
148256,Yes
148257,Yes
148258,No
148259,Yes
148260,Yes
148261,Yes
148262,Yes
148263,Yes
148264,Yes
148265,No
148266,Yes
148267,Yes
148268,No
148269,No
148270,Yes
148271,Yes
148272,Yes
148273,No
148274,Yes
148275,Yes
148276,Yes
148277,No
148278,Yes
148279,No
148280,Yes
148281,No
148282,Yes
148283,Yes
148284,Yes
148285,Yes
148286,No
148287,No
148288,Yes
148289,Yes
148290,No
148291,Yes
148292,No
148293,Yes
148294,Yes
148295,No
148296,Yes
148297,Yes
148298,No
148299,Yes
148300,Yes
148301,Yes
148302,Yes
148303,Yes
148304,No
148305,No
148306,Yes
148307,No
148308,Yes
148309,No
148310,No
148311,Yes
148312,No
148313,Yes
148314,Yes
148315,Yes
148316,No
148317,No
148318,Yes
148319,Yes
148320,Yes
148321,Yes
148322,No
148323,No
148324,Yes
148325,Yes
148326,Yes
148327,Yes
148328,Yes
148329,Yes
148330,Yes
148331,Yes
148332,No
148333,Yes
148334,No
148335,Yes
148336,Yes
148337,No
148338,Yes
148339,No
148340,Yes
148341,Yes
148342,No
148343,Yes
148344,Yes
148345,Yes
148346,Yes
148347,No
148348,No
148349,Yes
148350,Yes
148351,Yes
148352,No
148353,Yes
148354,No
148355,No
148356,No
148357,Yes
148358,Yes
148359,Yes
148360,Yes
148361,No
148362,No
148363,Yes
148364,Yes
148365,No
148366,Yes
148367,No
148368,Yes
148369,Yes
148370,Yes
148371,No
148372,No
148373,No
148374,Yes
148375,Yes
148376,Yes
148377,No
148378,Yes
148379,Yes
148380,No
148381,Yes
148382,No
148383,Yes
148384,No
148385,Yes
148386,Yes
148387,Yes
148388,Yes
148389,No
148390,Yes
148391,Yes
148392,No
148393,No
148394,Yes
148395,Yes
148396,Yes
148397,Yes
148398,No
148399,Yes
148400,No
148401,No
148402,Yes
148403,Yes
148404,Yes
148405,Yes
148406,Yes
148407,Yes
148408,No
148409,Yes
148410,No
148411,No
148412,Yes
148413,Yes
148414,Yes
148415,Yes
148416,No
148417,Yes
148418,No
148419,Yes
148420,No
148421,Yes
148422,Yes
148423,Yes
148424,Yes
148425,No
148426,Yes
148427,Yes
148428,Yes
148429,Yes
148430,Yes
148431,Yes
148432,Yes
148433,Yes
148434,Yes
148435,Yes
148436,Yes
148437,Yes
148438,No
148439,No
148440,Yes
148441,No
148442,Yes
148443,Yes
148444,Yes
148445,No
148446,No
148447,Yes
148448,Yes
148449,No
148450,Yes
148451,Yes
148452,Yes
148453,Yes
148454,Yes
148455,Yes
148456,Yes
148457,No
148458,No
148459,No
148460,No
148461,Yes
148462,No
148463,Yes
148464,No
148465,Yes
148466,Yes
148467,Yes
148468,No
148469,Yes
148470,No
148471,Yes
148472,No
148473,Yes
148474,Yes
148475,No
148476,No
148477,Yes
148478,Yes
148479,Yes
148480,Yes
148481,No
148482,No
148483,Yes
148484,No
148485,No
148486,Yes
148487,No
148488,Yes
148489,Yes
148490,Yes
148491,Yes
148492,Yes
148493,No
148494,Yes
148495,No
148496,Yes
148497,Yes
148498,Yes
148499,No
148500,Yes
148501,Yes
148502,No
148503,Yes
148504,No
148505,No
148506,No
148507,No
148508,No
148509,No
148510,Yes
148511,No
148512,No
148513,Yes
148514,Yes
148515,Yes
148516,Yes
148517,Yes
148518,No
148519,Yes
148520,Yes
148521,Yes
148522,Yes
148523,Yes
148524,No
148525,Yes
148526,Yes
148527,No
148528,No
148529,No
148530,No
148531,No
148532,No
148533,Yes
148534,No
148535,Yes
148536,No
148537,Yes
148538,Yes
148539,Yes
148540,Yes
148541,Yes
148542,Yes
148543,Yes
148544,Yes
148545,No
148546,No
148547,Yes
148548,Yes
148549,No
148550,Yes
148551,Yes
148552,No
148553,Yes
148554,Yes
148555,Yes
148556,Yes
148557,Yes
148558,No
148559,No
148560,Yes
148561,No
148562,Yes
148563,Yes
148564,No
148565,Yes
148566,Yes
148567,Yes
148568,Yes
148569,Yes
148570,Yes
148571,Yes
148572,Yes
148573,Yes
148574,Yes
148575,Yes
148576,Yes
148577,Yes
148578,Yes
148579,Yes
148580,Yes
148581,Yes
148582,Yes
148583,No
148584,No
148585,No
148586,Yes
148587,No
148588,Yes
148589,No
148590,Yes
148591,No
148592,Yes
148593,Yes
148594,Yes
148595,Yes
148596,No
148597,No
148598,Yes
148599,Yes
148600,Yes
148601,No
148602,Yes
148603,No
148604,Yes
148605,Yes
148606,Yes
148607,Yes
148608,No
148609,No
148610,Yes
148611,Yes
148612,Yes
148613,No
148614,Yes
148615,Yes
148616,Yes
148617,Yes
148618,Yes
148619,Yes
148620,Yes
148621,No
148622,Yes
148623,Yes
148624,Yes
148625,Yes
148626,Yes
148627,Yes
148628,No
148629,Yes
148630,Yes
148631,Yes
148632,No
148633,Yes
148634,Yes
148635,Yes
148636,No
148637,Yes
148638,Yes
148639,Yes
148640,Yes
148641,Yes
148642,Yes
148643,Yes
148644,Yes
148645,No
148646,Yes
148647,Yes
148648,Yes
148649,No
148650,Yes
148651,No
148652,Yes
148653,Yes
148654,No
148655,Yes
148656,Yes
148657,Yes
148658,No
148659,No
148660,Yes
148661,Yes
148662,Yes
148663,Yes
148664,Yes
148665,Yes
148666,Yes
148667,Yes
148668,Yes
148669,Yes
148670,Yes
148671,No
148672,No
148673,Yes
148674,No
148675,No
148676,No
148677,Yes
148678,No
148679,Yes
148680,No
148681,Yes
148682,Yes
148683,Yes
148684,No
148685,Yes
148686,Yes
148687,Yes
148688,Yes
148689,Yes
148690,No
148691,Yes
148692,No
148693,Yes
148694,Yes
148695,Yes
148696,Yes
148697,Yes
148698,Yes
148699,Yes
148700,No
148701,Yes
148702,Yes
148703,Yes
148704,No
148705,No
148706,Yes
148707,No
148708,Yes
148709,No
148710,No
148711,Yes
148712,Yes
148713,No
148714,No
148715,Yes
148716,No
148717,Yes
148718,No
148719,Yes
148720,Yes
148721,Yes
148722,Yes
148723,No
148724,Yes
148725,Yes
148726,No
148727,Yes
148728,No
148729,No
148730,Yes
148731,No
148732,No
148733,Yes
148734,Yes
148735,Yes
148736,Yes
148737,Yes
148738,No
148739,Yes
148740,Yes
148741,Yes
148742,No
148743,Yes
148744,Yes
148745,Yes
148746,No
148747,Yes
148748,Yes
148749,Yes
148750,Yes
148751,No
148752,No
148753,Yes
148754,Yes
148755,Yes
148756,Yes
148757,Yes
148758,Yes
148759,Yes
148760,No
148761,No
148762,Yes
148763,Yes
148764,Yes
148765,Yes
148766,Yes
148767,Yes
148768,Yes
148769,No
148770,No
148771,Yes
148772,No
148773,Yes
148774,No
148775,Yes
148776,Yes
148777,Yes
148778,Yes
148779,Yes
148780,Yes
148781,Yes
148782,No
148783,Yes
148784,No
148785,No
148786,Yes
148787,Yes
148788,Yes
148789,Yes
148790,No
148791,Yes
148792,Yes
148793,No
148794,Yes
148795,No
148796,Yes
148797,Yes
148798,No
148799,No
148800,No
148801,No
148802,Yes
148803,No
148804,Yes
148805,Yes
148806,Yes
148807,No
148808,Yes
148809,No
148810,Yes
148811,No
148812,No
148813,Yes
148814,Yes
148815,No
148816,No
148817,No
148818,Yes
148819,No
148820,Yes
148821,Yes
148822,Yes
148823,Yes
148824,No
148825,Yes
148826,Yes
148827,Yes
148828,Yes
148829,Yes
148830,No
148831,Yes
148832,Yes
148833,Yes
148834,Yes
148835,Yes
148836,Yes
148837,Yes
148838,No
148839,Yes
148840,No
148841,Yes
148842,No
148843,Yes
148844,Yes
148845,Yes
148846,Yes
148847,Yes
148848,Yes
148849,No
148850,No
148851,Yes
148852,No
148853,Yes
148854,Yes
148855,Yes
148856,Yes
148857,Yes
148858,Yes
148859,Yes
148860,No
148861,Yes
148862,Yes
148863,No
148864,Yes
148865,Yes
148866,Yes
148867,No
148868,No
148869,No
148870,Yes
148871,No
148872,No
148873,No
148874,No
148875,Yes
148876,Yes
148877,No
148878,Yes
148879,No
148880,No
148881,No
148882,Yes
148883,No
148884,Yes
148885,Yes
148886,Yes
148887,Yes
148888,No
148889,No
148890,No
148891,No
148892,No
148893,No
148894,Yes
148895,No
148896,Yes
148897,No
148898,Yes
148899,Yes
148900,Yes
148901,Yes
148902,Yes
148903,Yes
148904,Yes
148905,Yes
148906,No
148907,No
148908,Yes
148909,Yes
148910,No
148911,No
148912,Yes
148913,No
148914,Yes
148915,Yes
148916,Yes
148917,Yes
148918,Yes
148919,Yes
148920,Yes
148921,Yes
148922,Yes
148923,Yes
148924,Yes
148925,Yes
148926,No
148927,Yes
148928,Yes
148929,Yes
148930,Yes
148931,No
148932,Yes
148933,No
148934,No
148935,Yes
148936,Yes
148937,Yes
148938,Yes
148939,No
148940,Yes
148941,Yes
148942,Yes
148943,Yes
148944,Yes
148945,Yes
148946,Yes
148947,Yes
148948,No
148949,Yes
148950,No
148951,No
148952,No
148953,Yes
148954,Yes
148955,Yes
148956,No
148957,No
148958,Yes
148959,Yes
148960,Yes
148961,Yes
148962,Yes
148963,No
148964,Yes
148965,Yes
148966,Yes
148967,Yes
148968,No
148969,No
148970,No
148971,Yes
148972,Yes
148973,Yes
148974,Yes
148975,Yes
148976,Yes
148977,Yes
148978,No
148979,Yes
148980,No
148981,No
148982,Yes
148983,No
148984,No
148985,Yes
148986,No
148987,Yes
148988,Yes
148989,Yes
148990,Yes
148991,No
148992,No
148993,No
148994,Yes
148995,Yes
148996,No
148997,Yes
148998,Yes
148999,No
149000,No
149001,Yes
149002,Yes
149003,Yes
149004,Yes
149005,Yes
149006,Yes
149007,Yes
149008,No
149009,No
149010,Yes
149011,Yes
149012,Yes
149013,Yes
149014,Yes
149015,Yes
149016,Yes
149017,No
149018,Yes
149019,No
149020,Yes
149021,No
149022,Yes
149023,Yes
149024,Yes
149025,Yes
149026,Yes
149027,Yes
149028,No
149029,No
149030,Yes
149031,No
149032,Yes
149033,No
149034,Yes
149035,No
149036,Yes
149037,Yes
149038,Yes
149039,Yes
149040,Yes
149041,Yes
149042,Yes
149043,Yes
149044,No
149045,No
149046,Yes
149047,No
149048,No
149049,No
149050,Yes
149051,Yes
149052,Yes
149053,Yes
149054,Yes
149055,No
149056,Yes
149057,Yes
149058,Yes
149059,No
149060,Yes
149061,Yes
149062,No
149063,Yes
149064,Yes
149065,Yes
149066,Yes
149067,No
149068,Yes
149069,Yes
149070,No
149071,No
149072,Yes
149073,Yes
149074,Yes
149075,Yes
149076,Yes
149077,Yes
149078,No
149079,No
149080,Yes
149081,No
149082,No
149083,Yes
149084,Yes
149085,Yes
149086,Yes
149087,No
149088,Yes
149089,Yes
149090,Yes
149091,Yes
149092,Yes
149093,Yes
149094,No
149095,Yes
149096,No
149097,Yes
149098,No
149099,No
149100,Yes
149101,No
149102,Yes
149103,Yes
149104,Yes
149105,No
149106,Yes
149107,No
149108,No
149109,No
149110,Yes
149111,Yes
149112,Yes
149113,Yes
149114,Yes
149115,Yes
149116,Yes
149117,No
149118,Yes
149119,Yes
149120,Yes
149121,Yes
149122,Yes
149123,No
149124,No
149125,Yes
149126,No
149127,Yes
149128,Yes
149129,Yes
149130,No
149131,Yes
149132,Yes
149133,Yes
149134,No
149135,Yes
149136,Yes
149137,No
149138,Yes
149139,Yes
149140,Yes
149141,Yes
149142,No
149143,No
149144,No
149145,Yes
149146,Yes
149147,No
149148,No
149149,Yes
149150,No
149151,Yes
149152,No
149153,Yes
149154,No
149155,Yes
149156,Yes
149157,No
149158,Yes
149159,Yes
149160,Yes
149161,Yes
149162,Yes
149163,No
149164,Yes
149165,Yes
149166,No
149167,No
149168,Yes
149169,Yes
149170,Yes
149171,Yes
149172,Yes
149173,No
149174,Yes
149175,Yes
149176,Yes
149177,Yes
149178,Yes
149179,No
149180,Yes
149181,Yes
149182,Yes
149183,Yes
149184,Yes
149185,Yes
149186,Yes
149187,No
149188,No
149189,Yes
149190,Yes
149191,Yes
149192,Yes
149193,Yes
149194,Yes
149195,Yes
149196,Yes
149197,No
149198,Yes
149199,Yes
149200,No
149201,Yes
149202,Yes
149203,Yes
149204,Yes
149205,Yes
149206,No
149207,No
149208,No
149209,Yes
149210,Yes
149211,Yes
149212,No
149213,No
149214,Yes
149215,Yes
149216,Yes
149217,No
149218,No
149219,No
149220,No
149221,No
149222,No
149223,Yes
149224,No
149225,Yes
149226,Yes
149227,Yes
149228,No
149229,Yes
149230,Yes
149231,No
149232,No
149233,No
149234,Yes
149235,Yes
149236,Yes
149237,No
149238,Yes
149239,Yes
149240,Yes
149241,No
149242,Yes
149243,No
149244,No
149245,No
149246,Yes
149247,Yes
149248,Yes
149249,Yes
149250,Yes
149251,No
149252,Yes
149253,No
149254,No
149255,Yes
149256,Yes
149257,Yes
149258,Yes
149259,Yes
149260,No
149261,Yes
149262,Yes
149263,No
149264,Yes
149265,No
149266,No
149267,Yes
149268,Yes
149269,No
149270,Yes
149271,No
149272,Yes
149273,Yes
149274,Yes
149275,Yes
149276,Yes
149277,Yes
149278,Yes
149279,Yes
149280,Yes
149281,Yes
149282,No
149283,No
149284,Yes
149285,No
149286,Yes
149287,No
149288,Yes
149289,Yes
149290,Yes
149291,Yes
149292,No
149293,Yes
149294,No
149295,Yes
149296,Yes
149297,No
149298,Yes
149299,No
149300,Yes
149301,Yes
149302,No
149303,No
149304,Yes
149305,No
149306,Yes
149307,Yes
149308,Yes
149309,No
149310,Yes
149311,No
149312,Yes
149313,Yes
149314,Yes
149315,Yes
149316,No
149317,No
149318,Yes
149319,Yes
149320,Yes
149321,Yes
149322,Yes
149323,No
149324,No
149325,No
149326,Yes
149327,No
149328,Yes
149329,Yes
149330,No
149331,No
149332,No
149333,Yes
149334,Yes
149335,Yes
149336,No
149337,Yes
149338,No
149339,Yes
149340,Yes
149341,Yes
149342,Yes
149343,No
149344,Yes
149345,No
149346,No
149347,Yes
149348,No
149349,No
149350,Yes
149351,No
149352,No
149353,Yes
149354,Yes
149355,No
149356,No
149357,Yes
149358,No
149359,Yes
149360,Yes
149361,Yes
149362,Yes
149363,Yes
149364,No
149365,Yes
149366,Yes
149367,Yes
149368,No
149369,No
149370,Yes
149371,Yes
149372,Yes
149373,Yes
149374,Yes
149375,Yes
149376,Yes
149377,Yes
149378,Yes
149379,Yes
149380,No
149381,Yes
149382,Yes
149383,Yes
149384,No
149385,Yes
149386,No
149387,No
149388,Yes
149389,Yes
149390,Yes
149391,Yes
149392,No
149393,Yes
149394,No
149395,Yes
149396,No
149397,No
149398,No
149399,Yes
149400,Yes
149401,Yes
149402,Yes
149403,Yes
149404,Yes
149405,Yes
149406,Yes
149407,Yes
149408,No
149409,Yes
149410,Yes
149411,No
149412,No
149413,Yes
149414,Yes
149415,No
149416,Yes
149417,No
149418,Yes
149419,Yes
149420,No
149421,Yes
149422,Yes
149423,No
149424,Yes
149425,No
149426,Yes
149427,Yes
149428,Yes
149429,No
149430,Yes
149431,Yes
149432,No
149433,Yes
149434,Yes
149435,No
149436,Yes
149437,Yes
149438,No
149439,Yes
149440,No
149441,No
149442,No
149443,Yes
149444,Yes
149445,Yes
149446,No
149447,Yes
149448,Yes
149449,No
149450,Yes
149451,No
149452,Yes
149453,Yes
149454,Yes
149455,Yes
149456,Yes
149457,Yes
149458,No
149459,Yes
149460,Yes
149461,No
149462,No
149463,No
149464,No
149465,No
149466,No
149467,Yes
149468,No
149469,No
149470,No
149471,No
149472,Yes
149473,Yes
149474,Yes
149475,Yes
149476,Yes
149477,No
149478,Yes
149479,No
149480,No
149481,No
149482,No
149483,Yes
149484,Yes
149485,Yes
149486,Yes
149487,Yes
149488,No
149489,Yes
149490,No
149491,Yes
149492,Yes
149493,No
149494,No
149495,No
149496,Yes
149497,Yes
149498,Yes
149499,Yes
149500,No
149501,No
149502,Yes
149503,Yes
149504,No
149505,No
149506,Yes
149507,Yes
149508,Yes
149509,Yes
149510,No
149511,No
149512,Yes
149513,Yes
149514,Yes
149515,Yes
149516,Yes
149517,Yes
149518,Yes
149519,Yes
149520,No
149521,Yes
149522,Yes
149523,Yes
149524,Yes
149525,Yes
149526,Yes
149527,No
149528,No
149529,Yes
149530,Yes
149531,Yes
149532,Yes
149533,No
149534,Yes
149535,No
149536,Yes
149537,Yes
149538,Yes
149539,No
149540,Yes
149541,No
149542,Yes
149543,Yes
149544,Yes
149545,Yes
149546,Yes
149547,No
149548,Yes
149549,Yes
149550,No
149551,No
149552,Yes
149553,No
149554,No
149555,Yes
149556,No
149557,Yes
149558,Yes
149559,No
149560,Yes
149561,Yes
149562,No
149563,No
149564,Yes
149565,No
149566,Yes
149567,Yes
149568,Yes
149569,No
149570,Yes
149571,Yes
149572,Yes
149573,Yes
149574,Yes
149575,Yes
149576,No
149577,Yes
149578,No
149579,Yes
149580,No
149581,Yes
149582,No
149583,No
149584,No
149585,No
149586,No
149587,Yes
149588,Yes
149589,Yes
149590,Yes
149591,Yes
149592,Yes
149593,Yes
149594,Yes
149595,Yes
149596,Yes
149597,Yes
149598,Yes
149599,No
149600,Yes
149601,Yes
149602,Yes
149603,Yes
149604,No
149605,No
149606,No
149607,Yes
149608,Yes
149609,Yes
149610,No
149611,No
149612,Yes
149613,No
149614,Yes
149615,Yes
149616,No
149617,Yes
149618,No
149619,Yes
149620,Yes
149621,Yes
149622,Yes
149623,Yes
149624,No
149625,No
149626,No
149627,Yes
149628,No
149629,No
149630,No
149631,No
149632,No
149633,No
149634,Yes
149635,Yes
149636,Yes
149637,Yes
149638,Yes
149639,Yes
149640,Yes
149641,Yes
149642,No
149643,No
149644,No
149645,Yes
149646,Yes
149647,Yes
149648,No
149649,No
149650,Yes
149651,No
149652,No
149653,No
149654,Yes
149655,Yes
149656,No
149657,Yes
149658,Yes
149659,Yes
149660,Yes
149661,No
149662,No
149663,Yes
149664,Yes
149665,Yes
149666,Yes
149667,Yes
149668,Yes
149669,Yes
149670,Yes
149671,No
149672,Yes
149673,Yes
149674,Yes
149675,Yes
149676,Yes
149677,No
149678,No
149679,Yes
149680,Yes
149681,Yes
149682,Yes
149683,Yes
149684,No
149685,No
149686,Yes
149687,Yes
149688,No
149689,No
149690,No
149691,No
149692,Yes
149693,Yes
149694,No
149695,No
149696,No
149697,No
149698,Yes
149699,Yes
149700,Yes
149701,Yes
149702,Yes
149703,Yes
149704,Yes
149705,Yes
149706,Yes
149707,Yes
149708,No
149709,No
149710,Yes
149711,Yes
149712,Yes
149713,Yes
149714,Yes
149715,Yes
149716,Yes
149717,Yes
149718,No
149719,Yes
149720,Yes
149721,No
149722,Yes
149723,No
149724,No
149725,No
149726,No
149727,Yes
149728,No
149729,Yes
149730,Yes
149731,Yes
149732,Yes
149733,No
149734,Yes
149735,Yes
149736,Yes
149737,No
149738,No
149739,Yes
149740,Yes
149741,Yes
149742,No
149743,No
149744,Yes
149745,Yes
149746,Yes
149747,Yes
149748,Yes
149749,Yes
149750,Yes
149751,Yes
149752,Yes
149753,No
149754,Yes
149755,Yes
149756,No
149757,Yes
149758,No
149759,No
149760,Yes
149761,No
149762,Yes
149763,Yes
149764,No
149765,Yes
149766,Yes
149767,No
149768,No
149769,Yes
149770,Yes
149771,Yes
149772,No
149773,Yes
149774,Yes
149775,No
149776,No
149777,Yes
149778,Yes
149779,Yes
149780,Yes
149781,Yes
149782,Yes
149783,Yes
149784,No
149785,No
149786,Yes
149787,No
149788,Yes
149789,Yes
149790,No
149791,Yes
149792,Yes
149793,No
149794,Yes
149795,Yes
149796,No
149797,No
149798,Yes
149799,Yes
149800,Yes
149801,No
149802,Yes
149803,Yes
149804,Yes
149805,Yes
149806,Yes
149807,No
149808,No
149809,No
149810,Yes
149811,No
149812,Yes
149813,Yes
149814,Yes
149815,Yes
149816,No
149817,Yes
149818,Yes
149819,Yes
149820,Yes
149821,Yes
149822,Yes
149823,No
149824,No
149825,Yes
149826,Yes
149827,Yes
149828,No
149829,Yes
149830,Yes
149831,No
149832,No
149833,Yes
149834,Yes
149835,Yes
149836,Yes
149837,No
149838,Yes
149839,Yes
149840,No
149841,Yes
149842,Yes
149843,Yes
149844,Yes
149845,Yes
149846,Yes
149847,Yes
149848,Yes
149849,Yes
149850,Yes
149851,Yes
149852,Yes
149853,Yes
149854,No
149855,Yes
149856,No
149857,No
149858,Yes
149859,Yes
149860,Yes
149861,Yes
149862,Yes
149863,Yes
149864,No
149865,Yes
149866,Yes
149867,No
149868,Yes
149869,No
149870,No
149871,Yes
149872,No
149873,Yes
149874,Yes
149875,Yes
149876,Yes
149877,Yes
149878,Yes
149879,Yes
149880,Yes
149881,Yes
149882,Yes
149883,No
149884,Yes
149885,No
149886,Yes
149887,No
149888,Yes
149889,Yes
149890,Yes
149891,Yes
149892,Yes
149893,No
149894,Yes
149895,Yes
149896,Yes
149897,No
149898,Yes
149899,Yes
149900,Yes
149901,No
149902,Yes
149903,Yes
149904,No
149905,Yes
149906,Yes
149907,Yes
149908,Yes
149909,Yes
149910,Yes
149911,No
149912,No
149913,Yes
149914,Yes
149915,No
149916,No
149917,No
149918,Yes
149919,Yes
149920,Yes
149921,No
149922,Yes
149923,No
149924,Yes
149925,No
149926,No
149927,No
149928,No
149929,Yes
149930,Yes
149931,Yes
149932,No
149933,No
149934,No
149935,No
149936,No
149937,Yes
149938,No
149939,Yes
149940,No
149941,No
149942,Yes
149943,No
149944,No
149945,Yes
149946,Yes
149947,No
149948,Yes
149949,Yes
149950,Yes
149951,Yes
149952,No
149953,Yes
149954,Yes
149955,Yes
149956,Yes
149957,Yes
149958,Yes
149959,Yes
149960,Yes
149961,Yes
149962,No
149963,Yes
149964,No
149965,No
149966,Yes
149967,No
149968,No
149969,Yes
149970,Yes
149971,No
149972,Yes
149973,No
149974,No
149975,Yes
149976,Yes
149977,No
149978,Yes
149979,Yes
149980,Yes
149981,No
149982,No
149983,Yes
149984,Yes
149985,Yes
149986,Yes
149987,No
149988,Yes
149989,Yes
149990,Yes
149991,Yes
149992,No
149993,No
149994,No
149995,Yes
149996,No
149997,No
149998,Yes
149999,Yes
150000,Yes
150001,Yes
150002,Yes
150003,No
150004,Yes
150005,Yes
150006,No
150007,Yes
150008,Yes
150009,Yes
150010,No
150011,Yes
150012,Yes
150013,Yes
150014,No
150015,Yes
150016,Yes
150017,No
150018,No
150019,Yes
150020,No
150021,Yes
150022,No
150023,No
150024,No
150025,Yes
150026,No
150027,Yes
150028,No
150029,Yes
150030,Yes
150031,Yes
150032,Yes
150033,Yes
150034,Yes
150035,Yes
