ID,Survival Prediction
75036,No
75037,Yes
75038,No
75039,Yes
75040,Yes
75041,Yes
75042,Yes
75043,Yes
75044,No
75045,No
75046,Yes
75047,No
75048,Yes
75049,No
75050,Yes
75051,Yes
75052,No
75053,No
75054,No
75055,No
75056,No
75057,No
75058,Yes
75059,Yes
75060,Yes
75061,Yes
75062,No
75063,No
75064,Yes
75065,Yes
75066,Yes
75067,Yes
75068,Yes
75069,No
75070,No
75071,No
75072,No
75073,Yes
75074,No
75075,Yes
75076,Yes
75077,Yes
75078,No
75079,Yes
75080,No
75081,No
75082,No
75083,Yes
75084,Yes
75085,Yes
75086,Yes
75087,Yes
75088,No
75089,Yes
75090,No
75091,Yes
75092,No
75093,No
75094,Yes
75095,No
75096,Yes
75097,Yes
75098,No
75099,No
75100,Yes
75101,No
75102,Yes
75103,Yes
75104,Yes
75105,No
75106,No
75107,No
75108,No
75109,No
75110,No
75111,No
75112,No
75113,Yes
75114,Yes
75115,No
75116,Yes
75117,No
75118,No
75119,No
75120,Yes
75121,Yes
75122,Yes
75123,No
75124,No
75125,No
75126,Yes
75127,No
75128,Yes
75129,No
75130,No
75131,No
75132,Yes
75133,Yes
75134,Yes
75135,No
75136,No
75137,No
75138,No
75139,Yes
75140,Yes
75141,Yes
75142,Yes
75143,No
75144,No
75145,Yes
75146,Yes
75147,No
75148,No
75149,Yes
75150,Yes
75151,No
75152,Yes
75153,Yes
75154,Yes
75155,Yes
75156,Yes
75157,Yes
75158,Yes
75159,Yes
75160,Yes
75161,No
75162,Yes
75163,No
75164,No
75165,No
75166,Yes
75167,No
75168,Yes
75169,Yes
75170,No
75171,Yes
75172,Yes
75173,Yes
75174,Yes
75175,No
75176,No
75177,Yes
75178,No
75179,No
75180,Yes
75181,No
75182,Yes
75183,Yes
75184,No
75185,Yes
75186,Yes
75187,Yes
75188,No
75189,Yes
75190,No
75191,No
75192,Yes
75193,No
75194,Yes
75195,No
75196,No
75197,Yes
75198,Yes
75199,Yes
75200,Yes
75201,No
75202,No
75203,No
75204,Yes
75205,Yes
75206,Yes
75207,Yes
75208,Yes
75209,Yes
75210,Yes
75211,Yes
75212,No
75213,Yes
75214,No
75215,Yes
75216,Yes
75217,Yes
75218,Yes
75219,No
75220,Yes
75221,No
75222,No
75223,No
75224,Yes
75225,No
75226,No
75227,Yes
75228,Yes
75229,Yes
75230,Yes
75231,No
75232,No
75233,No
75234,Yes
75235,No
75236,No
75237,No
75238,No
75239,Yes
75240,Yes
75241,No
75242,Yes
75243,Yes
75244,Yes
75245,No
75246,Yes
75247,Yes
75248,Yes
75249,Yes
75250,Yes
75251,Yes
75252,Yes
75253,No
75254,Yes
75255,Yes
75256,Yes
75257,No
75258,Yes
75259,No
75260,Yes
75261,Yes
75262,No
75263,Yes
75264,No
75265,Yes
75266,Yes
75267,Yes
75268,Yes
75269,Yes
75270,Yes
75271,No
75272,No
75273,Yes
75274,No
75275,Yes
75276,Yes
75277,No
75278,Yes
75279,No
75280,No
75281,No
75282,No
75283,Yes
75284,Yes
75285,Yes
75286,No
75287,Yes
75288,No
75289,Yes
75290,No
75291,Yes
75292,Yes
75293,Yes
75294,No
75295,Yes
75296,No
75297,Yes
75298,Yes
75299,No
75300,No
75301,Yes
75302,Yes
75303,Yes
75304,No
75305,Yes
75306,No
75307,No
75308,Yes
75309,No
75310,Yes
75311,Yes
75312,No
75313,No
75314,Yes
75315,No
75316,Yes
75317,Yes
75318,Yes
75319,No
75320,No
75321,No
75322,Yes
75323,Yes
75324,Yes
75325,Yes
75326,Yes
75327,No
75328,Yes
75329,Yes
75330,Yes
75331,Yes
75332,No
75333,Yes
75334,Yes
75335,Yes
75336,Yes
75337,Yes
75338,Yes
75339,Yes
75340,Yes
75341,Yes
75342,Yes
75343,Yes
75344,Yes
75345,No
75346,Yes
75347,Yes
75348,Yes
75349,No
75350,Yes
75351,No
75352,No
75353,Yes
75354,No
75355,Yes
75356,No
75357,Yes
75358,No
75359,No
75360,No
75361,No
75362,Yes
75363,No
75364,Yes
75365,No
75366,Yes
75367,Yes
75368,No
75369,No
75370,No
75371,No
75372,Yes
75373,No
75374,No
75375,Yes
75376,No
75377,No
75378,Yes
75379,No
75380,Yes
75381,No
75382,Yes
75383,No
75384,Yes
75385,No
75386,No
75387,Yes
75388,Yes
75389,Yes
75390,Yes
75391,No
75392,No
75393,Yes
75394,No
75395,Yes
75396,Yes
75397,Yes
75398,Yes
75399,No
75400,Yes
75401,Yes
75402,Yes
75403,Yes
75404,No
75405,No
75406,Yes
75407,No
75408,Yes
75409,Yes
75410,Yes
75411,No
75412,Yes
75413,No
75414,Yes
75415,Yes
75416,No
75417,Yes
75418,Yes
75419,No
75420,Yes
75421,No
75422,Yes
75423,No
75424,Yes
75425,No
75426,No
75427,Yes
75428,No
75429,Yes
75430,Yes
75431,No
75432,No
75433,No
75434,Yes
75435,No
75436,Yes
75437,Yes
75438,Yes
75439,Yes
75440,No
75441,Yes
75442,No
75443,Yes
75444,No
75445,No
75446,No
75447,No
75448,Yes
75449,Yes
75450,Yes
75451,Yes
75452,Yes
75453,No
75454,Yes
75455,Yes
75456,Yes
75457,Yes
75458,Yes
75459,Yes
75460,Yes
75461,Yes
75462,Yes
75463,Yes
75464,Yes
75465,Yes
75466,No
75467,Yes
75468,No
75469,No
75470,No
75471,No
75472,Yes
75473,Yes
75474,No
75475,Yes
75476,No
75477,No
75478,No
75479,Yes
75480,Yes
75481,Yes
75482,Yes
75483,No
75484,No
75485,Yes
75486,Yes
75487,No
75488,Yes
75489,No
75490,No
75491,Yes
75492,Yes
75493,No
75494,No
75495,No
75496,Yes
75497,No
75498,Yes
75499,Yes
75500,Yes
75501,Yes
75502,Yes
75503,Yes
75504,No
75505,Yes
75506,Yes
75507,No
75508,Yes
75509,Yes
75510,Yes
75511,Yes
75512,Yes
75513,Yes
75514,No
75515,No
75516,No
75517,Yes
75518,Yes
75519,No
75520,No
75521,No
75522,No
75523,No
75524,Yes
75525,No
75526,No
75527,No
75528,Yes
75529,Yes
75530,Yes
75531,Yes
75532,Yes
75533,No
75534,No
75535,Yes
75536,Yes
75537,Yes
75538,Yes
75539,No
75540,Yes
75541,Yes
75542,Yes
75543,Yes
75544,Yes
75545,Yes
75546,No
75547,Yes
75548,No
75549,No
75550,No
75551,Yes
75552,No
75553,No
75554,No
75555,No
75556,No
75557,No
75558,No
75559,Yes
75560,Yes
75561,Yes
75562,No
75563,No
75564,Yes
75565,No
75566,No
75567,No
75568,Yes
75569,No
75570,Yes
75571,Yes
75572,No
75573,Yes
75574,No
75575,Yes
75576,Yes
75577,Yes
75578,Yes
75579,Yes
75580,Yes
75581,No
75582,No
75583,Yes
75584,Yes
75585,No
75586,Yes
75587,No
75588,No
75589,No
75590,No
75591,Yes
75592,Yes
75593,Yes
75594,No
75595,Yes
75596,No
75597,No
75598,Yes
75599,No
75600,No
75601,Yes
75602,Yes
75603,Yes
75604,No
75605,Yes
75606,No
75607,No
75608,Yes
75609,No
75610,Yes
75611,No
75612,No
75613,No
75614,No
75615,No
75616,No
75617,Yes
75618,No
75619,No
75620,No
75621,Yes
75622,Yes
75623,Yes
75624,Yes
75625,No
75626,Yes
75627,No
75628,Yes
75629,No
75630,Yes
75631,No
75632,Yes
75633,No
75634,No
75635,Yes
75636,No
75637,Yes
75638,Yes
75639,Yes
75640,Yes
75641,No
75642,Yes
75643,Yes
75644,No
75645,No
75646,Yes
75647,No
75648,Yes
75649,Yes
75650,Yes
75651,Yes
75652,Yes
75653,No
75654,No
75655,No
75656,No
75657,No
75658,No
75659,No
75660,Yes
75661,No
75662,Yes
75663,No
75664,Yes
75665,Yes
75666,Yes
75667,No
75668,No
75669,Yes
75670,No
75671,Yes
75672,Yes
75673,Yes
75674,Yes
75675,Yes
75676,No
75677,No
75678,Yes
75679,Yes
75680,Yes
75681,Yes
75682,Yes
75683,No
75684,Yes
75685,No
75686,No
75687,Yes
75688,Yes
75689,Yes
75690,Yes
75691,No
75692,No
75693,No
75694,No
75695,Yes
75696,Yes
75697,No
75698,No
75699,No
75700,Yes
75701,No
75702,No
75703,Yes
75704,Yes
75705,Yes
75706,Yes
75707,Yes
75708,Yes
75709,No
75710,Yes
75711,Yes
75712,No
75713,No
75714,Yes
75715,Yes
75716,No
75717,No
75718,Yes
75719,No
75720,No
75721,Yes
75722,Yes
75723,No
75724,Yes
75725,Yes
75726,Yes
75727,No
75728,No
75729,No
75730,Yes
75731,No
75732,No
75733,No
75734,No
75735,Yes
75736,Yes
75737,No
75738,No
75739,Yes
75740,Yes
75741,Yes
75742,Yes
75743,No
75744,Yes
75745,Yes
75746,No
75747,Yes
75748,No
75749,No
75750,No
75751,No
75752,No
75753,No
75754,Yes
75755,Yes
75756,No
75757,Yes
75758,Yes
75759,No
75760,Yes
75761,Yes
75762,No
75763,Yes
75764,No
75765,Yes
75766,No
75767,Yes
75768,Yes
75769,Yes
75770,Yes
75771,Yes
75772,No
75773,Yes
75774,No
75775,No
75776,Yes
75777,No
75778,Yes
75779,No
75780,No
75781,No
75782,Yes
75783,No
75784,No
75785,Yes
75786,Yes
75787,Yes
75788,No
75789,Yes
75790,No
75791,Yes
75792,Yes
75793,Yes
75794,Yes
75795,No
75796,Yes
75797,No
75798,No
75799,Yes
75800,No
75801,Yes
75802,No
75803,No
75804,Yes
75805,No
75806,No
75807,Yes
75808,No
75809,Yes
75810,No
75811,Yes
75812,Yes
75813,No
75814,Yes
75815,No
75816,No
75817,Yes
75818,No
75819,Yes
75820,Yes
75821,Yes
75822,No
75823,No
75824,No
75825,No
75826,Yes
75827,Yes
75828,Yes
75829,Yes
75830,Yes
75831,No
75832,No
75833,Yes
75834,No
75835,Yes
75836,Yes
75837,No
75838,No
75839,No
75840,Yes
75841,Yes
75842,Yes
75843,No
75844,Yes
75845,Yes
75846,No
75847,Yes
75848,Yes
75849,Yes
75850,Yes
75851,No
75852,Yes
75853,Yes
75854,Yes
75855,Yes
75856,Yes
75857,Yes
75858,Yes
75859,No
75860,Yes
75861,No
75862,Yes
75863,Yes
75864,No
75865,Yes
75866,Yes
75867,Yes
75868,Yes
75869,No
75870,No
75871,Yes
75872,Yes
75873,Yes
75874,No
75875,Yes
75876,No
75877,Yes
75878,Yes
75879,No
75880,Yes
75881,No
75882,No
75883,No
75884,No
75885,No
75886,No
75887,Yes
75888,No
75889,No
75890,No
75891,No
75892,No
75893,No
75894,No
75895,No
75896,No
75897,Yes
75898,No
75899,No
75900,Yes
75901,No
75902,Yes
75903,Yes
75904,Yes
75905,No
75906,Yes
75907,Yes
75908,No
75909,Yes
75910,Yes
75911,No
75912,No
75913,No
75914,Yes
75915,Yes
75916,No
75917,Yes
75918,No
75919,No
75920,Yes
75921,No
75922,No
75923,No
75924,Yes
75925,Yes
75926,No
75927,Yes
75928,Yes
75929,No
75930,No
75931,No
75932,Yes
75933,Yes
75934,No
75935,Yes
75936,Yes
75937,No
75938,Yes
75939,Yes
75940,Yes
75941,Yes
75942,No
75943,No
75944,Yes
75945,Yes
75946,Yes
75947,No
75948,Yes
75949,Yes
75950,Yes
75951,No
75952,No
75953,Yes
75954,No
75955,Yes
75956,No
75957,Yes
75958,Yes
75959,Yes
75960,Yes
75961,No
75962,Yes
75963,Yes
75964,Yes
75965,Yes
75966,Yes
75967,Yes
75968,No
75969,No
75970,No
75971,Yes
75972,Yes
75973,Yes
75974,No
75975,Yes
75976,No
75977,No
75978,No
75979,No
75980,Yes
75981,No
75982,Yes
75983,Yes
75984,Yes
75985,Yes
75986,No
75987,No
75988,No
75989,No
75990,No
75991,Yes
75992,No
75993,No
75994,Yes
75995,Yes
75996,Yes
75997,No
75998,Yes
75999,Yes
76000,No
76001,No
76002,Yes
76003,No
76004,Yes
76005,Yes
76006,Yes
76007,Yes
76008,Yes
76009,No
76010,Yes
76011,Yes
76012,Yes
76013,Yes
76014,Yes
76015,No
76016,No
76017,Yes
76018,Yes
76019,Yes
76020,Yes
76021,No
76022,No
76023,Yes
76024,No
76025,No
76026,No
76027,Yes
76028,Yes
76029,No
76030,Yes
76031,Yes
76032,No
76033,Yes
76034,Yes
76035,No
76036,No
76037,No
76038,No
76039,Yes
76040,Yes
76041,Yes
76042,Yes
76043,No
76044,No
76045,No
76046,Yes
76047,Yes
76048,Yes
76049,Yes
76050,No
76051,Yes
76052,No
76053,Yes
76054,Yes
76055,No
76056,Yes
76057,Yes
76058,Yes
76059,Yes
76060,No
76061,Yes
76062,No
76063,No
76064,No
76065,Yes
76066,No
76067,Yes
76068,Yes
76069,Yes
76070,No
76071,Yes
76072,Yes
76073,Yes
76074,No
76075,Yes
76076,No
76077,Yes
76078,No
76079,No
76080,Yes
76081,Yes
76082,No
76083,No
76084,Yes
76085,No
76086,Yes
76087,Yes
76088,Yes
76089,Yes
76090,No
76091,No
76092,No
76093,Yes
76094,Yes
76095,Yes
76096,No
76097,Yes
76098,No
76099,Yes
76100,No
76101,No
76102,Yes
76103,Yes
76104,Yes
76105,Yes
76106,Yes
76107,Yes
76108,Yes
76109,Yes
76110,Yes
76111,Yes
76112,Yes
76113,Yes
76114,No
76115,No
76116,Yes
76117,No
76118,No
76119,Yes
76120,Yes
76121,Yes
76122,No
76123,No
76124,No
76125,No
76126,No
76127,Yes
76128,No
76129,Yes
76130,Yes
76131,No
76132,No
76133,No
76134,Yes
76135,Yes
76136,No
76137,Yes
76138,No
76139,No
76140,No
76141,Yes
76142,Yes
76143,Yes
76144,Yes
76145,Yes
76146,Yes
76147,Yes
76148,No
76149,Yes
76150,Yes
76151,No
76152,No
76153,Yes
76154,No
76155,Yes
76156,No
76157,Yes
76158,No
76159,Yes
76160,No
76161,No
76162,Yes
76163,Yes
76164,Yes
76165,No
76166,Yes
76167,Yes
76168,Yes
76169,Yes
76170,No
76171,Yes
76172,No
76173,Yes
76174,No
76175,No
76176,No
76177,Yes
76178,No
76179,No
76180,Yes
76181,Yes
76182,Yes
76183,Yes
76184,Yes
76185,Yes
76186,No
76187,No
76188,Yes
76189,No
76190,No
76191,No
76192,Yes
76193,Yes
76194,Yes
76195,Yes
76196,No
76197,Yes
76198,Yes
76199,Yes
76200,No
76201,Yes
76202,Yes
76203,No
76204,Yes
76205,Yes
76206,Yes
76207,No
76208,Yes
76209,Yes
76210,No
76211,Yes
76212,No
76213,Yes
76214,No
76215,Yes
76216,No
76217,No
76218,No
76219,Yes
76220,Yes
76221,Yes
76222,No
76223,Yes
76224,Yes
76225,Yes
76226,No
76227,No
76228,Yes
76229,No
76230,No
76231,Yes
76232,Yes
76233,Yes
76234,No
76235,No
76236,No
76237,Yes
76238,No
76239,Yes
76240,Yes
76241,Yes
76242,No
76243,Yes
76244,No
76245,Yes
76246,No
76247,No
76248,Yes
76249,Yes
76250,Yes
76251,Yes
76252,No
76253,Yes
76254,No
76255,Yes
76256,Yes
76257,Yes
76258,Yes
76259,No
76260,No
76261,Yes
76262,No
76263,Yes
76264,No
76265,No
76266,No
76267,Yes
76268,Yes
76269,Yes
76270,Yes
76271,Yes
76272,No
76273,No
76274,No
76275,No
76276,Yes
76277,Yes
76278,Yes
76279,Yes
76280,Yes
76281,No
76282,Yes
76283,Yes
76284,No
76285,Yes
76286,No
76287,Yes
76288,Yes
76289,No
76290,No
76291,No
76292,Yes
76293,No
76294,No
76295,Yes
76296,Yes
76297,Yes
76298,No
76299,No
76300,Yes
76301,Yes
76302,Yes
76303,No
76304,No
76305,Yes
76306,Yes
76307,Yes
76308,Yes
76309,Yes
76310,No
76311,No
76312,Yes
76313,Yes
76314,No
76315,Yes
76316,No
76317,No
76318,Yes
76319,No
76320,No
76321,Yes
76322,No
76323,No
76324,Yes
76325,No
76326,No
76327,No
76328,No
76329,Yes
76330,No
76331,Yes
76332,Yes
76333,No
76334,Yes
76335,Yes
76336,Yes
76337,No
76338,Yes
76339,No
76340,Yes
76341,No
76342,Yes
76343,Yes
76344,Yes
76345,Yes
76346,No
76347,Yes
76348,No
76349,No
76350,No
76351,Yes
76352,Yes
76353,No
76354,Yes
76355,Yes
76356,No
76357,Yes
76358,No
76359,No
76360,No
76361,Yes
76362,No
76363,Yes
76364,Yes
76365,No
76366,No
76367,Yes
76368,Yes
76369,Yes
76370,Yes
76371,Yes
76372,No
76373,Yes
76374,Yes
76375,No
76376,Yes
76377,Yes
76378,Yes
76379,Yes
76380,No
76381,Yes
76382,No
76383,Yes
76384,Yes
76385,No
76386,No
76387,No
76388,No
76389,No
76390,Yes
76391,Yes
76392,No
76393,Yes
76394,No
76395,Yes
76396,Yes
76397,No
76398,Yes
76399,No
76400,Yes
76401,Yes
76402,No
76403,Yes
76404,No
76405,Yes
76406,Yes
76407,No
76408,No
76409,No
76410,No
76411,Yes
76412,Yes
76413,No
76414,Yes
76415,No
76416,Yes
76417,Yes
76418,Yes
76419,Yes
76420,Yes
76421,Yes
76422,Yes
76423,Yes
76424,No
76425,No
76426,Yes
76427,No
76428,No
76429,No
76430,Yes
76431,Yes
76432,No
76433,Yes
76434,Yes
76435,No
76436,Yes
76437,Yes
76438,Yes
76439,No
76440,Yes
76441,No
76442,Yes
76443,No
76444,No
76445,No
76446,Yes
76447,No
76448,Yes
76449,Yes
76450,Yes
76451,Yes
76452,Yes
76453,No
76454,No
76455,No
76456,Yes
76457,Yes
76458,No
76459,No
76460,No
76461,No
76462,Yes
76463,No
76464,No
76465,No
76466,Yes
76467,No
76468,Yes
76469,No
76470,No
76471,No
76472,Yes
76473,Yes
76474,Yes
76475,Yes
76476,Yes
76477,Yes
76478,No
76479,No
76480,Yes
76481,Yes
76482,Yes
76483,Yes
76484,No
76485,Yes
76486,Yes
76487,Yes
76488,Yes
76489,Yes
76490,Yes
76491,No
76492,Yes
76493,Yes
76494,Yes
76495,Yes
76496,Yes
76497,Yes
76498,No
76499,No
76500,No
76501,No
76502,No
76503,No
76504,Yes
76505,No
76506,Yes
76507,No
76508,No
76509,No
76510,Yes
76511,Yes
76512,Yes
76513,Yes
76514,No
76515,Yes
76516,Yes
76517,Yes
76518,No
76519,No
76520,Yes
76521,No
76522,Yes
76523,Yes
76524,No
76525,Yes
76526,No
76527,Yes
76528,No
76529,No
76530,No
76531,No
76532,No
76533,No
76534,Yes
76535,No
76536,Yes
76537,No
76538,Yes
76539,No
76540,No
76541,Yes
76542,Yes
76543,Yes
76544,Yes
76545,Yes
76546,Yes
76547,No
76548,Yes
76549,No
76550,Yes
76551,Yes
76552,Yes
76553,Yes
76554,Yes
76555,No
76556,Yes
76557,No
76558,No
76559,Yes
76560,No
76561,No
76562,No
76563,No
76564,Yes
76565,No
76566,Yes
76567,No
76568,Yes
76569,No
76570,Yes
76571,Yes
76572,Yes
76573,Yes
76574,Yes
76575,No
76576,No
76577,Yes
76578,No
76579,Yes
76580,Yes
76581,No
76582,No
76583,Yes
76584,Yes
76585,Yes
76586,No
76587,No
76588,Yes
76589,Yes
76590,No
76591,No
76592,Yes
76593,Yes
76594,No
76595,No
76596,No
76597,Yes
76598,No
76599,No
76600,Yes
76601,Yes
76602,No
76603,Yes
76604,Yes
76605,No
76606,Yes
76607,Yes
76608,No
76609,Yes
76610,Yes
76611,No
76612,Yes
76613,Yes
76614,No
76615,Yes
76616,No
76617,No
76618,Yes
76619,Yes
76620,Yes
76621,Yes
76622,No
76623,No
76624,No
76625,No
76626,Yes
76627,No
76628,No
76629,Yes
76630,No
76631,Yes
76632,No
76633,No
76634,Yes
76635,Yes
76636,Yes
76637,Yes
76638,No
76639,No
76640,Yes
76641,Yes
76642,Yes
76643,No
76644,No
76645,No
76646,Yes
76647,No
76648,Yes
76649,No
76650,No
76651,Yes
76652,Yes
76653,Yes
76654,Yes
76655,Yes
76656,Yes
76657,Yes
76658,Yes
76659,No
76660,Yes
76661,No
76662,No
76663,No
76664,No
76665,Yes
76666,Yes
76667,No
76668,Yes
76669,Yes
76670,No
76671,Yes
76672,Yes
76673,No
76674,No
76675,No
76676,No
76677,No
76678,No
76679,No
76680,No
76681,Yes
76682,Yes
76683,No
76684,No
76685,Yes
76686,Yes
76687,No
76688,No
76689,Yes
76690,Yes
76691,No
76692,Yes
76693,Yes
76694,Yes
76695,No
76696,No
76697,No
76698,No
76699,No
76700,Yes
76701,Yes
76702,Yes
76703,No
76704,Yes
76705,Yes
76706,No
76707,Yes
76708,Yes
76709,Yes
76710,Yes
76711,No
76712,No
76713,No
76714,No
76715,No
76716,No
76717,No
76718,No
76719,Yes
76720,Yes
76721,Yes
76722,Yes
76723,No
76724,No
76725,Yes
76726,No
76727,Yes
76728,Yes
76729,Yes
76730,Yes
76731,No
76732,No
76733,Yes
76734,No
76735,Yes
76736,No
76737,No
76738,No
76739,Yes
76740,No
76741,Yes
76742,No
76743,No
76744,No
76745,Yes
76746,No
76747,Yes
76748,Yes
76749,Yes
76750,No
76751,Yes
76752,Yes
76753,No
76754,No
76755,No
76756,Yes
76757,Yes
76758,Yes
76759,Yes
76760,Yes
76761,Yes
76762,Yes
76763,Yes
76764,No
76765,Yes
76766,Yes
76767,No
76768,Yes
76769,No
76770,Yes
76771,Yes
76772,Yes
76773,Yes
76774,Yes
76775,No
76776,Yes
76777,Yes
76778,No
76779,No
76780,No
76781,No
76782,Yes
76783,Yes
76784,Yes
76785,No
76786,Yes
76787,Yes
76788,No
76789,Yes
76790,No
76791,Yes
76792,Yes
76793,Yes
76794,No
76795,Yes
76796,No
76797,Yes
76798,Yes
76799,Yes
76800,No
76801,No
76802,Yes
76803,No
76804,Yes
76805,Yes
76806,No
76807,Yes
76808,No
76809,Yes
76810,No
76811,Yes
76812,No
76813,Yes
76814,No
76815,Yes
76816,No
76817,No
76818,Yes
76819,No
76820,Yes
76821,Yes
76822,No
76823,Yes
76824,Yes
76825,Yes
76826,Yes
76827,No
76828,No
76829,Yes
76830,Yes
76831,No
76832,Yes
76833,No
76834,No
76835,Yes
76836,Yes
76837,Yes
76838,Yes
76839,Yes
76840,Yes
76841,No
76842,Yes
76843,Yes
76844,Yes
76845,Yes
76846,No
76847,No
76848,No
76849,Yes
76850,Yes
76851,Yes
76852,Yes
76853,Yes
76854,Yes
76855,Yes
76856,Yes
76857,Yes
76858,Yes
76859,Yes
76860,Yes
76861,Yes
76862,Yes
76863,No
76864,Yes
76865,No
76866,Yes
76867,Yes
76868,Yes
76869,Yes
76870,Yes
76871,Yes
76872,No
76873,Yes
76874,Yes
76875,No
76876,No
76877,No
76878,No
76879,No
76880,No
76881,Yes
76882,Yes
76883,Yes
76884,Yes
76885,Yes
76886,Yes
76887,No
76888,No
76889,No
76890,Yes
76891,Yes
76892,No
76893,Yes
76894,No
76895,No
76896,Yes
76897,Yes
76898,No
76899,Yes
76900,No
76901,Yes
76902,No
76903,Yes
76904,No
76905,No
76906,No
76907,Yes
76908,No
76909,No
76910,No
76911,No
76912,Yes
76913,No
76914,Yes
76915,Yes
76916,No
76917,No
76918,No
76919,Yes
76920,Yes
76921,No
76922,No
76923,No
76924,No
76925,Yes
76926,Yes
76927,Yes
76928,Yes
76929,Yes
76930,No
76931,Yes
76932,Yes
76933,Yes
76934,Yes
76935,Yes
76936,Yes
76937,No
76938,No
76939,Yes
76940,No
76941,No
76942,No
76943,Yes
76944,No
76945,No
76946,No
76947,Yes
76948,Yes
76949,Yes
76950,No
76951,No
76952,Yes
76953,No
76954,No
76955,Yes
76956,No
76957,Yes
76958,Yes
76959,Yes
76960,No
76961,Yes
76962,No
76963,Yes
76964,Yes
76965,Yes
76966,Yes
76967,No
76968,Yes
76969,Yes
76970,Yes
76971,No
76972,No
76973,Yes
76974,No
76975,No
76976,Yes
76977,No
76978,No
76979,No
76980,Yes
76981,Yes
76982,No
76983,Yes
76984,Yes
76985,Yes
76986,No
76987,Yes
76988,Yes
76989,No
76990,Yes
76991,No
76992,No
76993,Yes
76994,No
76995,Yes
76996,Yes
76997,No
76998,Yes
76999,Yes
77000,No
77001,No
77002,No
77003,No
77004,Yes
77005,No
77006,No
77007,Yes
77008,No
77009,Yes
77010,No
77011,Yes
77012,Yes
77013,No
77014,No
77015,No
77016,No
77017,Yes
77018,No
77019,Yes
77020,Yes
77021,No
77022,Yes
77023,No
77024,Yes
77025,Yes
77026,Yes
77027,No
77028,Yes
77029,Yes
77030,No
77031,Yes
77032,No
77033,Yes
77034,Yes
77035,No
77036,Yes
77037,Yes
77038,No
77039,No
77040,No
77041,Yes
77042,No
77043,Yes
77044,Yes
77045,Yes
77046,Yes
77047,No
77048,Yes
77049,No
77050,Yes
77051,Yes
77052,Yes
77053,No
77054,Yes
77055,Yes
77056,No
77057,Yes
77058,No
77059,Yes
77060,Yes
77061,No
77062,Yes
77063,Yes
77064,Yes
77065,Yes
77066,No
77067,Yes
77068,No
77069,Yes
77070,No
77071,No
77072,No
77073,No
77074,No
77075,Yes
77076,No
77077,Yes
77078,Yes
77079,No
77080,Yes
77081,Yes
77082,Yes
77083,Yes
77084,No
77085,Yes
77086,No
77087,Yes
77088,Yes
77089,Yes
77090,Yes
77091,No
77092,Yes
77093,Yes
77094,Yes
77095,Yes
77096,Yes
77097,Yes
77098,Yes
77099,No
77100,Yes
77101,Yes
77102,No
77103,No
77104,Yes
77105,Yes
77106,Yes
77107,No
77108,No
77109,No
77110,Yes
77111,No
77112,Yes
77113,Yes
77114,No
77115,Yes
77116,Yes
77117,Yes
77118,Yes
77119,No
77120,Yes
77121,Yes
77122,No
77123,No
77124,Yes
77125,Yes
77126,Yes
77127,Yes
77128,Yes
77129,Yes
77130,No
77131,No
77132,Yes
77133,Yes
77134,Yes
77135,Yes
77136,Yes
77137,No
77138,No
77139,Yes
77140,Yes
77141,No
77142,Yes
77143,No
77144,Yes
77145,No
77146,Yes
77147,Yes
77148,Yes
77149,Yes
77150,Yes
77151,No
77152,No
77153,Yes
77154,Yes
77155,Yes
77156,Yes
77157,Yes
77158,Yes
77159,Yes
77160,Yes
77161,Yes
77162,Yes
77163,Yes
77164,No
77165,Yes
77166,No
77167,No
77168,Yes
77169,Yes
77170,Yes
77171,Yes
77172,Yes
77173,No
77174,No
77175,No
77176,No
77177,No
77178,Yes
77179,Yes
77180,Yes
77181,Yes
77182,Yes
77183,No
77184,Yes
77185,Yes
77186,No
77187,Yes
77188,Yes
77189,No
77190,No
77191,Yes
77192,Yes
77193,Yes
77194,Yes
77195,Yes
77196,Yes
77197,Yes
77198,No
77199,Yes
77200,Yes
77201,Yes
77202,No
77203,No
77204,No
77205,Yes
77206,Yes
77207,Yes
77208,Yes
77209,No
77210,No
77211,No
77212,Yes
77213,No
77214,Yes
77215,Yes
77216,Yes
77217,Yes
77218,Yes
77219,No
77220,No
77221,Yes
77222,Yes
77223,No
77224,No
77225,No
77226,Yes
77227,Yes
77228,Yes
77229,Yes
77230,No
77231,Yes
77232,Yes
77233,Yes
77234,No
77235,Yes
77236,No
77237,Yes
77238,No
77239,Yes
77240,Yes
77241,Yes
77242,No
77243,Yes
77244,Yes
77245,Yes
77246,Yes
77247,Yes
77248,Yes
77249,Yes
77250,No
77251,No
77252,Yes
77253,Yes
77254,Yes
77255,No
77256,No
77257,Yes
77258,No
77259,No
77260,Yes
77261,No
77262,No
77263,Yes
77264,Yes
77265,No
77266,No
77267,Yes
77268,No
77269,Yes
77270,Yes
77271,No
77272,No
77273,No
77274,Yes
77275,No
77276,No
77277,Yes
77278,Yes
77279,No
77280,No
77281,Yes
77282,Yes
77283,Yes
77284,No
77285,Yes
77286,Yes
77287,Yes
77288,No
77289,No
77290,Yes
77291,Yes
77292,Yes
77293,Yes
77294,Yes
77295,Yes
77296,Yes
77297,Yes
77298,No
77299,No
77300,Yes
77301,Yes
77302,Yes
77303,No
77304,No
77305,Yes
77306,Yes
77307,No
77308,No
77309,No
77310,No
77311,Yes
77312,No
77313,Yes
77314,No
77315,Yes
77316,Yes
77317,Yes
77318,Yes
77319,Yes
77320,No
77321,No
77322,Yes
77323,Yes
77324,Yes
77325,Yes
77326,Yes
77327,Yes
77328,Yes
77329,Yes
77330,Yes
77331,Yes
77332,No
77333,Yes
77334,Yes
77335,No
77336,Yes
77337,Yes
77338,No
77339,Yes
77340,No
77341,Yes
77342,No
77343,Yes
77344,No
77345,Yes
77346,No
77347,No
77348,Yes
77349,Yes
77350,Yes
77351,No
77352,Yes
77353,No
77354,Yes
77355,Yes
77356,Yes
77357,Yes
77358,Yes
77359,No
77360,Yes
77361,Yes
77362,Yes
77363,No
77364,Yes
77365,Yes
77366,Yes
77367,Yes
77368,No
77369,No
77370,Yes
77371,Yes
77372,No
77373,Yes
77374,Yes
77375,Yes
77376,Yes
77377,Yes
77378,No
77379,Yes
77380,No
77381,Yes
77382,No
77383,Yes
77384,Yes
77385,No
77386,No
77387,Yes
77388,Yes
77389,No
77390,No
77391,Yes
77392,Yes
77393,Yes
77394,No
77395,No
77396,No
77397,Yes
77398,Yes
77399,Yes
77400,Yes
77401,Yes
77402,Yes
77403,No
77404,No
77405,No
77406,No
77407,Yes
77408,No
77409,No
77410,Yes
77411,No
77412,Yes
77413,Yes
77414,No
77415,Yes
77416,No
77417,No
77418,No
77419,No
77420,No
77421,Yes
77422,No
77423,Yes
77424,Yes
77425,Yes
77426,Yes
77427,No
77428,Yes
77429,Yes
77430,Yes
77431,No
77432,Yes
77433,Yes
77434,Yes
77435,No
77436,No
77437,No
77438,Yes
77439,Yes
77440,No
77441,Yes
77442,No
77443,Yes
77444,Yes
77445,No
77446,No
77447,No
77448,No
77449,Yes
77450,Yes
77451,No
77452,No
77453,No
77454,No
77455,No
77456,Yes
77457,No
77458,Yes
77459,No
77460,No
77461,Yes
77462,Yes
77463,Yes
77464,Yes
77465,Yes
77466,Yes
77467,Yes
77468,No
77469,No
77470,No
77471,No
77472,No
77473,Yes
77474,No
77475,Yes
77476,No
77477,Yes
77478,Yes
77479,Yes
77480,Yes
77481,No
77482,Yes
77483,No
77484,No
77485,Yes
77486,No
77487,Yes
77488,No
77489,Yes
77490,No
77491,No
77492,No
77493,No
77494,Yes
77495,Yes
77496,No
77497,Yes
77498,No
77499,Yes
77500,Yes
77501,Yes
77502,Yes
77503,No
77504,No
77505,No
77506,Yes
77507,No
77508,No
77509,Yes
77510,No
77511,No
77512,Yes
77513,Yes
77514,No
77515,No
77516,No
77517,Yes
77518,No
77519,Yes
77520,No
77521,Yes
77522,Yes
77523,Yes
77524,Yes
77525,No
77526,Yes
77527,Yes
77528,Yes
77529,Yes
77530,No
77531,No
77532,Yes
77533,No
77534,Yes
77535,Yes
77536,Yes
77537,Yes
77538,Yes
77539,No
77540,Yes
77541,Yes
77542,Yes
77543,Yes
77544,Yes
77545,No
77546,Yes
77547,Yes
77548,No
77549,Yes
77550,No
77551,Yes
77552,No
77553,No
77554,No
77555,Yes
77556,No
77557,Yes
77558,Yes
77559,No
77560,Yes
77561,Yes
77562,Yes
77563,Yes
77564,Yes
77565,Yes
77566,Yes
77567,No
77568,Yes
77569,Yes
77570,Yes
77571,Yes
77572,Yes
77573,No
77574,Yes
77575,No
77576,Yes
77577,No
77578,Yes
77579,Yes
77580,Yes
77581,Yes
77582,Yes
77583,No
77584,Yes
77585,No
77586,Yes
77587,No
77588,No
77589,Yes
77590,Yes
77591,No
77592,Yes
77593,Yes
77594,No
77595,Yes
77596,Yes
77597,Yes
77598,Yes
77599,No
77600,No
77601,Yes
77602,No
77603,Yes
77604,No
77605,Yes
77606,No
77607,Yes
77608,Yes
77609,Yes
77610,Yes
77611,Yes
77612,No
77613,No
77614,No
77615,No
77616,No
77617,No
77618,No
77619,No
77620,No
77621,No
77622,Yes
77623,No
77624,No
77625,No
77626,No
77627,No
77628,Yes
77629,No
77630,Yes
77631,No
77632,Yes
77633,Yes
77634,No
77635,No
77636,Yes
77637,Yes
77638,Yes
77639,Yes
77640,No
77641,No
77642,No
77643,No
77644,No
77645,Yes
77646,Yes
77647,No
77648,Yes
77649,No
77650,Yes
77651,Yes
77652,Yes
77653,No
77654,Yes
77655,Yes
77656,Yes
77657,Yes
77658,No
77659,Yes
77660,Yes
77661,No
77662,No
77663,Yes
77664,Yes
77665,Yes
77666,Yes
77667,Yes
77668,No
77669,No
77670,No
77671,No
77672,Yes
77673,No
77674,No
77675,No
77676,Yes
77677,No
77678,Yes
77679,Yes
77680,Yes
77681,Yes
77682,No
77683,Yes
77684,No
77685,Yes
77686,No
77687,No
77688,No
77689,Yes
77690,Yes
77691,Yes
77692,Yes
77693,No
77694,No
77695,Yes
77696,Yes
77697,Yes
77698,Yes
77699,No
77700,No
77701,No
77702,No
77703,Yes
77704,No
77705,No
77706,No
77707,No
77708,No
77709,Yes
77710,No
77711,No
77712,Yes
77713,No
77714,No
77715,Yes
77716,Yes
77717,No
77718,Yes
77719,No
77720,Yes
77721,Yes
77722,No
77723,Yes
77724,Yes
77725,No
77726,Yes
77727,Yes
77728,No
77729,Yes
77730,Yes
77731,Yes
77732,No
77733,Yes
77734,Yes
77735,Yes
77736,Yes
77737,Yes
77738,Yes
77739,Yes
77740,Yes
77741,Yes
77742,Yes
77743,Yes
77744,No
77745,No
77746,Yes
77747,No
77748,No
77749,Yes
77750,No
77751,Yes
77752,Yes
77753,Yes
77754,Yes
77755,Yes
77756,Yes
77757,Yes
77758,Yes
77759,Yes
77760,No
77761,Yes
77762,No
77763,Yes
77764,No
77765,Yes
77766,No
77767,Yes
77768,No
77769,No
77770,Yes
77771,Yes
77772,Yes
77773,Yes
77774,No
77775,No
77776,No
77777,Yes
77778,No
77779,Yes
77780,Yes
77781,No
77782,No
77783,No
77784,No
77785,No
77786,Yes
77787,Yes
77788,No
77789,Yes
77790,No
77791,No
77792,No
77793,Yes
77794,Yes
77795,No
77796,Yes
77797,No
77798,Yes
77799,Yes
77800,No
77801,No
77802,Yes
77803,Yes
77804,No
77805,Yes
77806,No
77807,Yes
77808,Yes
77809,Yes
77810,No
77811,Yes
77812,Yes
77813,No
77814,No
77815,No
77816,No
77817,Yes
77818,Yes
77819,No
77820,Yes
77821,Yes
77822,No
77823,Yes
77824,No
77825,Yes
77826,No
77827,Yes
77828,No
77829,Yes
77830,Yes
77831,No
77832,Yes
77833,No
77834,Yes
77835,Yes
77836,No
77837,Yes
77838,No
77839,No
77840,Yes
77841,No
77842,Yes
77843,Yes
77844,No
77845,Yes
77846,Yes
77847,Yes
77848,Yes
77849,Yes
77850,No
77851,Yes
77852,No
77853,Yes
77854,Yes
77855,Yes
77856,No
77857,No
77858,Yes
77859,Yes
77860,Yes
77861,Yes
77862,Yes
77863,No
77864,Yes
77865,No
77866,No
77867,Yes
77868,No
77869,Yes
77870,No
77871,No
77872,No
77873,Yes
77874,No
77875,No
77876,No
77877,No
77878,Yes
77879,No
77880,Yes
77881,Yes
77882,No
77883,Yes
77884,Yes
77885,No
77886,Yes
77887,Yes
77888,No
77889,No
77890,No
77891,Yes
77892,No
77893,Yes
77894,No
77895,No
77896,No
77897,Yes
77898,No
77899,No
77900,Yes
77901,Yes
77902,Yes
77903,Yes
77904,Yes
77905,Yes
77906,No
77907,No
77908,Yes
77909,No
77910,No
77911,Yes
77912,No
77913,Yes
77914,No
77915,No
77916,Yes
77917,No
77918,No
77919,No
77920,Yes
77921,No
77922,No
77923,Yes
77924,No
77925,No
77926,Yes
77927,No
77928,Yes
77929,No
77930,No
77931,Yes
77932,No
77933,Yes
77934,Yes
77935,Yes
77936,No
77937,No
77938,No
77939,No
77940,No
77941,Yes
77942,Yes
77943,Yes
77944,No
77945,No
77946,Yes
77947,Yes
77948,No
77949,No
77950,Yes
77951,No
77952,Yes
77953,No
77954,Yes
77955,No
77956,Yes
77957,No
77958,No
77959,No
77960,No
77961,Yes
77962,Yes
77963,Yes
77964,No
77965,Yes
77966,Yes
77967,No
77968,No
77969,Yes
77970,Yes
77971,No
77972,Yes
77973,No
77974,Yes
77975,Yes
77976,No
77977,No
77978,No
77979,No
77980,Yes
77981,Yes
77982,No
77983,No
77984,Yes
77985,Yes
77986,No
77987,No
77988,No
77989,No
77990,No
77991,Yes
77992,Yes
77993,No
77994,No
77995,Yes
77996,Yes
77997,Yes
77998,Yes
77999,No
78000,Yes
78001,Yes
78002,No
78003,No
78004,Yes
78005,No
78006,No
78007,Yes
78008,No
78009,Yes
78010,Yes
78011,Yes
78012,No
78013,No
78014,Yes
78015,No
78016,Yes
78017,Yes
78018,No
78019,No
78020,No
78021,No
78022,Yes
78023,Yes
78024,Yes
78025,Yes
78026,Yes
78027,Yes
78028,Yes
78029,No
78030,Yes
78031,Yes
78032,No
78033,Yes
78034,No
78035,No
78036,No
78037,Yes
78038,Yes
78039,No
78040,Yes
78041,Yes
78042,Yes
78043,Yes
78044,No
78045,Yes
78046,Yes
78047,Yes
78048,Yes
78049,Yes
78050,Yes
78051,Yes
78052,Yes
78053,Yes
78054,Yes
78055,Yes
78056,Yes
78057,Yes
78058,Yes
78059,No
78060,No
78061,No
78062,No
78063,Yes
78064,Yes
78065,Yes
78066,Yes
78067,Yes
78068,No
78069,No
78070,Yes
78071,No
78072,Yes
78073,No
78074,No
78075,Yes
78076,Yes
78077,Yes
78078,Yes
78079,No
78080,Yes
78081,No
78082,No
78083,Yes
78084,Yes
78085,Yes
78086,Yes
78087,No
78088,Yes
78089,No
78090,No
78091,No
78092,Yes
78093,Yes
78094,Yes
78095,No
78096,No
78097,No
78098,No
78099,No
78100,Yes
78101,No
78102,Yes
78103,No
78104,Yes
78105,Yes
78106,No
78107,Yes
78108,Yes
78109,Yes
78110,Yes
78111,Yes
78112,No
78113,Yes
78114,Yes
78115,No
78116,Yes
78117,No
78118,Yes
78119,Yes
78120,Yes
78121,Yes
78122,Yes
78123,Yes
78124,No
78125,Yes
78126,No
78127,No
78128,Yes
78129,Yes
78130,Yes
78131,Yes
78132,Yes
78133,Yes
78134,Yes
78135,Yes
78136,Yes
78137,Yes
78138,Yes
78139,No
78140,Yes
78141,Yes
78142,No
78143,Yes
78144,No
78145,No
78146,Yes
78147,Yes
78148,No
78149,No
78150,No
78151,Yes
78152,Yes
78153,Yes
78154,No
78155,No
78156,Yes
78157,Yes
78158,Yes
78159,No
78160,Yes
78161,No
78162,No
78163,Yes
78164,Yes
78165,Yes
78166,Yes
78167,No
78168,Yes
78169,Yes
78170,No
78171,Yes
78172,Yes
78173,Yes
78174,No
78175,No
78176,Yes
78177,Yes
78178,Yes
78179,No
78180,Yes
78181,No
78182,Yes
78183,Yes
78184,Yes
78185,Yes
78186,Yes
78187,No
78188,Yes
78189,No
78190,No
78191,No
78192,Yes
78193,No
78194,Yes
78195,No
78196,Yes
78197,Yes
78198,No
78199,No
78200,No
78201,Yes
78202,Yes
78203,Yes
78204,Yes
78205,Yes
78206,No
78207,Yes
78208,Yes
78209,Yes
78210,Yes
78211,Yes
78212,Yes
78213,No
78214,Yes
78215,No
78216,Yes
78217,No
78218,Yes
78219,Yes
78220,No
78221,Yes
78222,Yes
78223,Yes
78224,Yes
78225,Yes
78226,No
78227,No
78228,Yes
78229,Yes
78230,No
78231,No
78232,No
78233,No
78234,Yes
78235,Yes
78236,Yes
78237,No
78238,Yes
78239,Yes
78240,No
78241,Yes
78242,No
78243,Yes
78244,Yes
78245,Yes
78246,Yes
78247,Yes
78248,Yes
78249,Yes
78250,Yes
78251,Yes
78252,Yes
78253,Yes
78254,Yes
78255,Yes
78256,No
78257,No
78258,Yes
78259,Yes
78260,No
78261,Yes
78262,Yes
78263,Yes
78264,Yes
78265,Yes
78266,Yes
78267,Yes
78268,Yes
78269,Yes
78270,No
78271,No
78272,Yes
78273,Yes
78274,No
78275,No
78276,No
78277,No
78278,Yes
78279,No
78280,No
78281,No
78282,Yes
78283,Yes
78284,No
78285,No
78286,No
78287,Yes
78288,Yes
78289,Yes
78290,No
78291,No
78292,Yes
78293,Yes
78294,Yes
78295,No
78296,No
78297,No
78298,No
78299,No
78300,Yes
78301,Yes
78302,Yes
78303,Yes
78304,No
78305,Yes
78306,No
78307,Yes
78308,Yes
78309,Yes
78310,Yes
78311,No
78312,No
78313,Yes
78314,Yes
78315,Yes
78316,Yes
78317,No
78318,Yes
78319,Yes
78320,No
78321,Yes
78322,Yes
78323,Yes
78324,Yes
78325,Yes
78326,Yes
78327,No
78328,Yes
78329,Yes
78330,No
78331,Yes
78332,No
78333,Yes
78334,Yes
78335,Yes
78336,Yes
78337,Yes
78338,No
78339,No
78340,Yes
78341,Yes
78342,No
78343,Yes
78344,Yes
78345,No
78346,Yes
78347,No
78348,Yes
78349,No
78350,Yes
78351,Yes
78352,Yes
78353,No
78354,Yes
78355,Yes
78356,Yes
78357,No
78358,Yes
78359,Yes
78360,No
78361,Yes
78362,Yes
78363,Yes
78364,No
78365,Yes
78366,Yes
78367,Yes
78368,No
78369,Yes
78370,No
78371,No
78372,No
78373,Yes
78374,Yes
78375,Yes
78376,Yes
78377,No
78378,No
78379,Yes
78380,Yes
78381,Yes
78382,Yes
78383,No
78384,No
78385,No
78386,No
78387,Yes
78388,Yes
78389,Yes
78390,Yes
78391,Yes
78392,Yes
78393,Yes
78394,No
78395,No
78396,Yes
78397,No
78398,Yes
78399,Yes
78400,Yes
78401,Yes
78402,No
78403,No
78404,Yes
78405,Yes
78406,No
78407,Yes
78408,Yes
78409,Yes
78410,Yes
78411,No
78412,Yes
78413,Yes
78414,No
78415,No
78416,Yes
78417,Yes
78418,Yes
78419,Yes
78420,No
78421,No
78422,No
78423,No
78424,Yes
78425,Yes
78426,Yes
78427,Yes
78428,Yes
78429,Yes
78430,Yes
78431,Yes
78432,No
78433,Yes
78434,Yes
78435,Yes
78436,Yes
78437,Yes
78438,Yes
78439,No
78440,Yes
78441,No
78442,No
78443,Yes
78444,Yes
78445,No
78446,Yes
78447,Yes
78448,Yes
78449,No
78450,Yes
78451,Yes
78452,No
78453,Yes
78454,Yes
78455,Yes
78456,Yes
78457,No
78458,Yes
78459,Yes
78460,Yes
78461,Yes
78462,Yes
78463,Yes
78464,Yes
78465,Yes
78466,Yes
78467,Yes
78468,No
78469,Yes
78470,Yes
78471,Yes
78472,No
78473,Yes
78474,No
78475,No
78476,No
78477,No
78478,Yes
78479,Yes
78480,No
78481,No
78482,No
78483,Yes
78484,No
78485,Yes
78486,No
78487,Yes
78488,Yes
78489,No
78490,Yes
78491,No
78492,Yes
78493,Yes
78494,No
78495,No
78496,No
78497,Yes
78498,Yes
78499,Yes
78500,Yes
78501,Yes
78502,No
78503,Yes
78504,Yes
78505,No
78506,Yes
78507,No
78508,Yes
78509,No
78510,No
78511,Yes
78512,No
78513,Yes
78514,Yes
78515,Yes
78516,Yes
78517,Yes
78518,No
78519,No
78520,Yes
78521,Yes
78522,Yes
78523,No
78524,Yes
78525,Yes
78526,Yes
78527,Yes
78528,Yes
78529,Yes
78530,No
78531,Yes
78532,Yes
78533,Yes
78534,No
78535,Yes
78536,Yes
78537,No
78538,Yes
78539,No
78540,Yes
78541,No
78542,No
78543,Yes
78544,Yes
78545,Yes
78546,No
78547,No
78548,No
78549,No
78550,Yes
78551,Yes
78552,Yes
78553,No
78554,Yes
78555,Yes
78556,Yes
78557,Yes
78558,No
78559,No
78560,Yes
78561,Yes
78562,Yes
78563,No
78564,No
78565,No
78566,Yes
78567,Yes
78568,Yes
78569,No
78570,Yes
78571,Yes
78572,No
78573,Yes
78574,No
78575,Yes
78576,Yes
78577,No
78578,No
78579,Yes
78580,No
78581,Yes
78582,No
78583,Yes
78584,Yes
78585,No
78586,Yes
78587,Yes
78588,No
78589,Yes
78590,No
78591,No
78592,No
78593,Yes
78594,No
78595,Yes
78596,Yes
78597,Yes
78598,Yes
78599,Yes
78600,No
78601,Yes
78602,Yes
78603,Yes
78604,No
78605,Yes
78606,Yes
78607,Yes
78608,Yes
78609,Yes
78610,No
78611,No
78612,Yes
78613,No
78614,Yes
78615,No
78616,No
78617,Yes
78618,No
78619,No
78620,No
78621,Yes
78622,No
78623,Yes
78624,No
78625,Yes
78626,No
78627,Yes
78628,No
78629,Yes
78630,Yes
78631,No
78632,Yes
78633,Yes
78634,Yes
78635,No
78636,Yes
78637,No
78638,No
78639,Yes
78640,No
78641,Yes
78642,Yes
78643,No
78644,No
78645,No
78646,Yes
78647,Yes
78648,Yes
78649,No
78650,No
78651,Yes
78652,No
78653,Yes
78654,No
78655,Yes
78656,Yes
78657,Yes
78658,Yes
78659,No
78660,Yes
78661,No
78662,Yes
78663,Yes
78664,Yes
78665,Yes
78666,No
78667,Yes
78668,Yes
78669,Yes
78670,No
78671,Yes
78672,Yes
78673,Yes
78674,Yes
78675,No
78676,Yes
78677,No
78678,No
78679,Yes
78680,No
78681,Yes
78682,Yes
78683,Yes
78684,No
78685,Yes
78686,Yes
78687,Yes
78688,Yes
78689,No
78690,Yes
78691,Yes
78692,Yes
78693,Yes
78694,Yes
78695,Yes
78696,Yes
78697,No
78698,No
78699,No
78700,Yes
78701,No
78702,No
78703,No
78704,Yes
78705,Yes
78706,No
78707,Yes
78708,No
78709,Yes
78710,Yes
78711,No
78712,No
78713,No
78714,Yes
78715,Yes
78716,Yes
78717,Yes
78718,No
78719,No
78720,Yes
78721,Yes
78722,No
78723,No
78724,No
78725,Yes
78726,Yes
78727,Yes
78728,No
78729,Yes
78730,Yes
78731,Yes
78732,Yes
78733,No
78734,No
78735,Yes
78736,No
78737,No
78738,No
78739,Yes
78740,Yes
78741,Yes
78742,No
78743,Yes
78744,No
78745,No
78746,Yes
78747,Yes
78748,Yes
78749,Yes
78750,No
78751,No
78752,Yes
78753,Yes
78754,Yes
78755,Yes
78756,Yes
78757,Yes
78758,Yes
78759,No
78760,No
78761,No
78762,Yes
78763,Yes
78764,Yes
78765,Yes
78766,Yes
78767,No
78768,No
78769,No
78770,Yes
78771,Yes
78772,Yes
78773,Yes
78774,Yes
78775,No
78776,No
78777,Yes
78778,Yes
78779,No
78780,Yes
78781,Yes
78782,No
78783,Yes
78784,No
78785,Yes
78786,No
78787,Yes
78788,Yes
78789,No
78790,Yes
78791,Yes
78792,Yes
78793,Yes
78794,Yes
78795,Yes
78796,Yes
78797,Yes
78798,Yes
78799,No
78800,Yes
78801,Yes
78802,No
78803,No
78804,Yes
78805,Yes
78806,Yes
78807,Yes
78808,Yes
78809,Yes
78810,Yes
78811,No
78812,Yes
78813,No
78814,Yes
78815,No
78816,No
78817,Yes
78818,No
78819,No
78820,No
78821,Yes
78822,Yes
78823,No
78824,No
78825,Yes
78826,No
78827,No
78828,Yes
78829,No
78830,Yes
78831,Yes
78832,Yes
78833,Yes
78834,Yes
78835,Yes
78836,No
78837,Yes
78838,No
78839,Yes
78840,No
78841,Yes
78842,No
78843,Yes
78844,Yes
78845,Yes
78846,No
78847,Yes
78848,No
78849,No
78850,Yes
78851,Yes
78852,No
78853,No
78854,No
78855,Yes
78856,Yes
78857,Yes
78858,No
78859,No
78860,No
78861,No
78862,Yes
78863,Yes
78864,Yes
78865,No
78866,Yes
78867,Yes
78868,No
78869,Yes
78870,Yes
78871,No
78872,Yes
78873,Yes
78874,Yes
78875,No
78876,No
78877,No
78878,Yes
78879,Yes
78880,No
78881,Yes
78882,No
78883,Yes
78884,No
78885,Yes
78886,Yes
78887,Yes
78888,Yes
78889,Yes
78890,No
78891,No
78892,Yes
78893,Yes
78894,Yes
78895,No
78896,Yes
78897,No
78898,Yes
78899,No
78900,Yes
78901,Yes
78902,Yes
78903,Yes
78904,No
78905,Yes
78906,Yes
78907,No
78908,Yes
78909,Yes
78910,Yes
78911,Yes
78912,No
78913,No
78914,Yes
78915,Yes
78916,Yes
78917,No
78918,No
78919,Yes
78920,No
78921,No
78922,Yes
78923,No
78924,No
78925,No
78926,Yes
78927,No
78928,No
78929,Yes
78930,Yes
78931,No
78932,Yes
78933,No
78934,Yes
78935,Yes
78936,Yes
78937,Yes
78938,Yes
78939,Yes
78940,No
78941,Yes
78942,No
78943,Yes
78944,Yes
78945,Yes
78946,Yes
78947,No
78948,No
78949,No
78950,No
78951,No
78952,Yes
78953,No
78954,No
78955,No
78956,Yes
78957,Yes
78958,Yes
78959,Yes
78960,No
78961,Yes
78962,Yes
78963,Yes
78964,No
78965,No
78966,No
78967,No
78968,Yes
78969,No
78970,Yes
78971,Yes
78972,Yes
78973,Yes
78974,Yes
78975,Yes
78976,Yes
78977,Yes
78978,No
78979,Yes
78980,Yes
78981,Yes
78982,No
78983,Yes
78984,No
78985,No
78986,Yes
78987,No
78988,No
78989,Yes
78990,No
78991,Yes
78992,Yes
78993,No
78994,Yes
78995,No
78996,Yes
78997,No
78998,Yes
78999,Yes
79000,No
79001,No
79002,No
79003,Yes
79004,Yes
79005,No
79006,Yes
79007,Yes
79008,Yes
79009,No
79010,Yes
79011,No
79012,No
79013,Yes
79014,No
79015,Yes
79016,Yes
79017,No
79018,Yes
79019,No
79020,No
79021,Yes
79022,Yes
79023,Yes
79024,Yes
79025,Yes
79026,Yes
79027,No
79028,Yes
79029,Yes
79030,No
79031,No
79032,No
79033,Yes
79034,No
79035,Yes
79036,Yes
79037,Yes
79038,Yes
79039,Yes
79040,No
79041,No
79042,Yes
79043,No
79044,Yes
79045,No
79046,Yes
79047,Yes
79048,Yes
79049,No
79050,No
79051,No
79052,Yes
79053,No
79054,No
79055,Yes
79056,Yes
79057,No
79058,Yes
79059,No
79060,Yes
79061,Yes
79062,Yes
79063,Yes
79064,No
79065,Yes
79066,Yes
79067,Yes
79068,Yes
79069,No
79070,Yes
79071,No
79072,No
79073,No
79074,Yes
79075,Yes
79076,No
79077,No
79078,Yes
79079,Yes
79080,Yes
79081,Yes
79082,No
79083,No
79084,Yes
79085,No
79086,No
79087,Yes
79088,No
79089,Yes
79090,No
79091,No
79092,Yes
79093,No
79094,No
79095,Yes
79096,No
79097,No
79098,No
79099,Yes
79100,Yes
79101,No
79102,No
79103,No
79104,No
79105,No
79106,Yes
79107,No
79108,Yes
79109,Yes
79110,No
79111,Yes
79112,Yes
79113,Yes
79114,No
79115,No
79116,No
79117,No
79118,No
79119,Yes
79120,Yes
79121,Yes
79122,Yes
79123,Yes
79124,No
79125,Yes
79126,Yes
79127,Yes
79128,No
79129,Yes
79130,No
79131,Yes
79132,No
79133,Yes
79134,No
79135,Yes
79136,Yes
79137,Yes
79138,Yes
79139,Yes
79140,Yes
79141,Yes
79142,Yes
79143,Yes
79144,Yes
79145,No
79146,Yes
79147,No
79148,No
79149,Yes
79150,Yes
79151,Yes
79152,Yes
79153,No
79154,No
79155,Yes
79156,No
79157,Yes
79158,Yes
79159,Yes
79160,Yes
79161,No
79162,Yes
79163,Yes
79164,Yes
79165,No
79166,No
79167,Yes
79168,No
79169,No
79170,Yes
79171,Yes
79172,Yes
79173,Yes
79174,Yes
79175,No
79176,No
79177,Yes
79178,No
79179,Yes
79180,Yes
79181,No
79182,No
79183,Yes
79184,No
79185,Yes
79186,No
79187,Yes
79188,No
79189,Yes
79190,Yes
79191,Yes
79192,Yes
79193,No
79194,No
79195,Yes
79196,Yes
79197,Yes
79198,Yes
79199,Yes
79200,Yes
79201,Yes
79202,Yes
79203,Yes
79204,No
79205,Yes
79206,No
79207,Yes
79208,No
79209,No
79210,No
79211,Yes
79212,No
79213,Yes
79214,No
79215,No
79216,No
79217,No
79218,Yes
79219,No
79220,Yes
79221,No
79222,Yes
79223,Yes
79224,Yes
79225,Yes
79226,No
79227,No
79228,Yes
79229,No
79230,Yes
79231,No
79232,No
79233,No
79234,No
79235,Yes
79236,Yes
79237,No
79238,No
79239,No
79240,Yes
79241,No
79242,Yes
79243,No
79244,Yes
79245,No
79246,Yes
79247,Yes
79248,No
79249,No
79250,Yes
79251,Yes
79252,No
79253,No
79254,No
79255,No
79256,Yes
79257,No
79258,No
79259,Yes
79260,Yes
79261,No
79262,No
79263,No
79264,Yes
79265,Yes
79266,No
79267,No
79268,Yes
79269,Yes
79270,Yes
79271,Yes
79272,Yes
79273,Yes
79274,Yes
79275,Yes
79276,No
79277,Yes
79278,No
79279,Yes
79280,Yes
79281,No
79282,No
79283,Yes
79284,No
79285,Yes
79286,Yes
79287,No
79288,No
79289,No
79290,Yes
79291,Yes
79292,Yes
79293,No
79294,Yes
79295,Yes
79296,No
79297,Yes
79298,No
79299,Yes
79300,Yes
79301,No
79302,Yes
79303,No
79304,Yes
79305,No
79306,No
79307,Yes
79308,No
79309,Yes
79310,No
79311,No
79312,No
79313,Yes
79314,Yes
79315,Yes
79316,No
79317,No
79318,No
79319,Yes
79320,Yes
79321,Yes
79322,Yes
79323,No
79324,No
79325,Yes
79326,No
79327,Yes
79328,No
79329,Yes
79330,Yes
79331,Yes
79332,Yes
79333,No
79334,Yes
79335,No
79336,No
79337,No
79338,Yes
79339,No
79340,Yes
79341,Yes
79342,Yes
79343,Yes
79344,Yes
79345,No
79346,No
79347,No
79348,Yes
79349,Yes
79350,Yes
79351,No
79352,Yes
79353,Yes
79354,No
79355,Yes
79356,Yes
79357,Yes
79358,Yes
79359,Yes
79360,Yes
79361,Yes
79362,Yes
79363,No
79364,No
79365,Yes
79366,Yes
79367,Yes
79368,Yes
79369,Yes
79370,Yes
79371,No
79372,Yes
79373,Yes
79374,No
79375,No
79376,Yes
79377,Yes
79378,Yes
79379,No
79380,Yes
79381,No
79382,Yes
79383,Yes
79384,Yes
79385,Yes
79386,Yes
79387,Yes
79388,No
79389,No
79390,No
79391,Yes
79392,Yes
79393,Yes
79394,No
79395,Yes
79396,No
79397,Yes
79398,No
79399,No
79400,No
79401,No
79402,Yes
79403,Yes
79404,No
79405,No
79406,No
79407,No
79408,No
79409,Yes
79410,No
79411,No
79412,No
79413,Yes
79414,Yes
79415,No
79416,Yes
79417,No
79418,No
79419,Yes
79420,No
79421,Yes
79422,No
79423,Yes
79424,Yes
79425,No
79426,Yes
79427,No
79428,No
79429,Yes
79430,Yes
79431,Yes
79432,No
79433,Yes
79434,Yes
79435,No
79436,Yes
79437,Yes
79438,Yes
79439,Yes
79440,Yes
79441,No
79442,Yes
79443,Yes
79444,Yes
79445,No
79446,Yes
79447,Yes
79448,Yes
79449,Yes
79450,No
79451,Yes
79452,Yes
79453,No
79454,Yes
79455,Yes
79456,Yes
79457,No
79458,No
79459,No
79460,No
79461,No
79462,No
79463,Yes
79464,No
79465,Yes
79466,Yes
79467,Yes
79468,No
79469,Yes
79470,No
79471,No
79472,Yes
79473,No
79474,Yes
79475,Yes
79476,Yes
79477,Yes
79478,No
79479,No
79480,Yes
79481,Yes
79482,No
79483,Yes
79484,Yes
79485,No
79486,Yes
79487,Yes
79488,Yes
79489,Yes
79490,No
79491,Yes
79492,No
79493,Yes
79494,No
79495,Yes
79496,Yes
79497,No
79498,No
79499,No
79500,Yes
79501,No
79502,No
79503,Yes
79504,No
79505,Yes
79506,Yes
79507,Yes
79508,Yes
79509,No
79510,Yes
79511,No
79512,No
79513,Yes
79514,Yes
79515,Yes
79516,No
79517,No
79518,Yes
79519,No
79520,No
79521,No
79522,Yes
79523,No
79524,No
79525,No
79526,Yes
79527,Yes
79528,Yes
79529,Yes
79530,No
79531,No
79532,Yes
79533,Yes
79534,Yes
79535,No
79536,No
79537,No
79538,No
79539,No
79540,Yes
79541,Yes
79542,Yes
79543,Yes
79544,No
79545,Yes
79546,No
79547,Yes
79548,Yes
79549,No
79550,No
79551,Yes
79552,Yes
79553,Yes
79554,Yes
79555,No
79556,No
79557,Yes
79558,Yes
79559,No
79560,No
79561,No
79562,Yes
79563,Yes
79564,Yes
79565,No
79566,No
79567,Yes
79568,No
79569,No
79570,No
79571,No
79572,No
79573,Yes
79574,Yes
79575,No
79576,Yes
79577,Yes
79578,Yes
79579,Yes
79580,No
79581,No
79582,Yes
79583,No
79584,Yes
79585,Yes
79586,Yes
79587,Yes
79588,Yes
79589,Yes
79590,No
79591,No
79592,Yes
79593,No
79594,Yes
79595,Yes
79596,No
79597,Yes
79598,Yes
79599,No
79600,Yes
79601,No
79602,No
79603,Yes
79604,Yes
79605,No
79606,No
79607,No
79608,Yes
79609,Yes
79610,No
79611,Yes
79612,Yes
79613,Yes
79614,Yes
79615,Yes
79616,No
79617,Yes
79618,No
79619,Yes
79620,Yes
79621,No
79622,Yes
79623,Yes
79624,Yes
79625,Yes
79626,No
79627,Yes
79628,No
79629,Yes
79630,Yes
79631,Yes
79632,Yes
79633,No
79634,No
79635,No
79636,No
79637,Yes
79638,No
79639,Yes
79640,Yes
79641,No
79642,Yes
79643,Yes
79644,Yes
79645,Yes
79646,Yes
79647,Yes
79648,Yes
79649,No
79650,No
79651,Yes
79652,No
79653,No
79654,Yes
79655,No
79656,No
79657,Yes
79658,No
79659,No
79660,No
79661,Yes
79662,No
79663,No
79664,No
79665,No
79666,No
79667,No
79668,Yes
79669,No
79670,No
79671,No
79672,No
79673,No
79674,Yes
79675,Yes
79676,Yes
79677,Yes
79678,No
79679,No
79680,No
79681,No
79682,No
79683,Yes
79684,No
79685,Yes
79686,Yes
79687,No
79688,Yes
79689,No
79690,No
79691,Yes
79692,No
79693,Yes
79694,No
79695,No
79696,Yes
79697,No
79698,No
79699,No
79700,Yes
79701,Yes
79702,Yes
79703,Yes
79704,Yes
79705,Yes
79706,No
79707,Yes
79708,No
79709,Yes
79710,Yes
79711,Yes
79712,No
79713,No
79714,Yes
79715,Yes
79716,Yes
79717,Yes
79718,No
79719,Yes
79720,Yes
79721,No
79722,No
79723,Yes
79724,No
79725,No
79726,Yes
79727,No
79728,Yes
79729,Yes
79730,No
79731,Yes
79732,Yes
79733,Yes
79734,Yes
79735,No
79736,No
79737,No
79738,No
79739,No
79740,No
79741,No
79742,No
79743,Yes
79744,Yes
79745,Yes
79746,No
79747,No
79748,Yes
79749,Yes
79750,Yes
79751,Yes
79752,No
79753,No
79754,No
79755,No
79756,Yes
79757,No
79758,No
79759,No
79760,Yes
79761,No
79762,Yes
79763,No
79764,No
79765,No
79766,No
79767,Yes
79768,Yes
79769,Yes
79770,Yes
79771,Yes
79772,No
79773,Yes
79774,Yes
79775,No
79776,Yes
79777,Yes
79778,No
79779,No
79780,No
79781,No
79782,No
79783,No
79784,No
79785,Yes
79786,Yes
79787,Yes
79788,Yes
79789,Yes
79790,No
79791,No
79792,Yes
79793,Yes
79794,Yes
79795,No
79796,No
79797,Yes
79798,No
79799,Yes
79800,Yes
79801,Yes
79802,Yes
79803,No
79804,Yes
79805,Yes
79806,Yes
79807,Yes
79808,No
79809,No
79810,Yes
79811,No
79812,No
79813,Yes
79814,No
79815,Yes
79816,Yes
79817,No
79818,No
79819,No
79820,Yes
79821,Yes
79822,No
79823,Yes
79824,Yes
79825,Yes
79826,Yes
79827,Yes
79828,No
79829,Yes
79830,Yes
79831,Yes
79832,No
79833,No
79834,No
79835,Yes
79836,No
79837,Yes
79838,No
79839,Yes
79840,No
79841,No
79842,Yes
79843,No
79844,Yes
79845,No
79846,Yes
79847,Yes
79848,Yes
79849,No
79850,No
79851,No
79852,Yes
79853,Yes
79854,Yes
79855,Yes
79856,No
79857,No
79858,No
79859,No
79860,No
79861,Yes
79862,Yes
79863,Yes
79864,Yes
79865,No
79866,No
79867,No
79868,Yes
79869,Yes
79870,No
79871,Yes
79872,Yes
79873,No
79874,Yes
79875,Yes
79876,No
79877,Yes
79878,No
79879,Yes
79880,Yes
79881,Yes
79882,No
79883,Yes
79884,Yes
79885,No
79886,Yes
79887,No
79888,Yes
79889,No
79890,No
79891,Yes
79892,No
79893,No
79894,No
79895,No
79896,Yes
79897,Yes
79898,Yes
79899,Yes
79900,No
79901,Yes
79902,No
79903,Yes
79904,No
79905,Yes
79906,No
79907,Yes
79908,No
79909,Yes
79910,Yes
79911,Yes
79912,Yes
79913,No
79914,No
79915,No
79916,No
79917,Yes
79918,Yes
79919,Yes
79920,Yes
79921,No
79922,Yes
79923,Yes
79924,Yes
79925,Yes
79926,No
79927,Yes
79928,Yes
79929,No
79930,Yes
79931,Yes
79932,No
79933,Yes
79934,Yes
79935,No
79936,Yes
79937,No
79938,No
79939,No
79940,Yes
79941,Yes
79942,Yes
79943,No
79944,Yes
79945,Yes
79946,Yes
79947,No
79948,Yes
79949,No
79950,No
79951,No
79952,Yes
79953,No
79954,Yes
79955,No
79956,Yes
79957,No
79958,Yes
79959,Yes
79960,No
79961,No
79962,Yes
79963,Yes
79964,No
79965,No
79966,Yes
79967,No
79968,Yes
79969,Yes
79970,Yes
79971,No
79972,No
79973,Yes
79974,Yes
79975,No
79976,No
79977,Yes
79978,Yes
79979,No
79980,No
79981,No
79982,No
79983,No
79984,Yes
79985,Yes
79986,Yes
79987,Yes
79988,Yes
79989,No
79990,No
79991,No
79992,No
79993,Yes
79994,No
79995,No
79996,No
79997,Yes
79998,Yes
79999,Yes
80000,No
80001,No
80002,No
80003,Yes
80004,No
80005,Yes
80006,Yes
80007,Yes
80008,Yes
80009,Yes
80010,No
80011,Yes
80012,No
80013,Yes
80014,Yes
80015,Yes
80016,Yes
80017,Yes
80018,Yes
80019,No
80020,Yes
80021,Yes
80022,No
80023,Yes
80024,No
80025,No
80026,No
80027,No
80028,No
80029,Yes
80030,Yes
80031,No
80032,No
80033,Yes
80034,No
80035,Yes
80036,Yes
80037,No
80038,Yes
80039,Yes
80040,No
80041,Yes
80042,Yes
80043,No
80044,Yes
80045,Yes
80046,Yes
80047,Yes
80048,No
80049,Yes
80050,Yes
80051,Yes
80052,No
80053,No
80054,No
80055,Yes
80056,Yes
80057,Yes
80058,No
80059,No
80060,No
80061,Yes
80062,No
80063,Yes
80064,Yes
80065,No
80066,No
80067,No
80068,No
80069,No
80070,Yes
80071,Yes
80072,No
80073,No
80074,No
80075,Yes
80076,No
80077,Yes
80078,No
80079,Yes
80080,Yes
80081,No
80082,No
80083,Yes
80084,Yes
80085,Yes
80086,Yes
80087,No
80088,Yes
80089,Yes
80090,No
80091,Yes
80092,No
80093,No
80094,Yes
80095,Yes
80096,Yes
80097,Yes
80098,Yes
80099,Yes
80100,No
80101,Yes
80102,Yes
80103,No
80104,Yes
80105,Yes
80106,No
80107,Yes
80108,No
80109,No
80110,No
80111,Yes
80112,Yes
80113,Yes
80114,No
80115,No
80116,No
80117,No
80118,Yes
80119,Yes
80120,Yes
80121,Yes
80122,No
80123,No
80124,Yes
80125,No
80126,Yes
80127,No
80128,No
80129,No
80130,No
80131,No
80132,No
80133,Yes
80134,No
80135,No
80136,Yes
80137,No
80138,No
80139,Yes
80140,Yes
80141,Yes
80142,Yes
80143,Yes
80144,No
80145,Yes
80146,No
80147,No
80148,Yes
80149,Yes
80150,No
80151,Yes
80152,Yes
80153,Yes
80154,Yes
80155,No
80156,No
80157,Yes
80158,No
80159,No
80160,No
80161,Yes
80162,Yes
80163,No
80164,Yes
80165,Yes
80166,Yes
80167,Yes
80168,Yes
80169,No
80170,No
80171,No
80172,Yes
80173,Yes
80174,Yes
80175,Yes
80176,No
80177,No
80178,No
80179,No
80180,No
80181,No
80182,Yes
80183,Yes
80184,Yes
80185,Yes
80186,No
80187,No
80188,No
80189,Yes
80190,Yes
80191,Yes
80192,Yes
80193,No
80194,Yes
80195,No
80196,No
80197,Yes
80198,Yes
80199,Yes
80200,No
80201,No
80202,No
80203,Yes
80204,Yes
80205,Yes
80206,No
80207,Yes
80208,Yes
80209,Yes
80210,No
80211,Yes
80212,No
80213,Yes
80214,Yes
80215,Yes
80216,No
80217,No
80218,No
80219,No
80220,No
80221,No
80222,Yes
80223,No
80224,No
80225,No
80226,Yes
80227,Yes
80228,Yes
80229,No
80230,No
80231,Yes
80232,No
80233,Yes
80234,No
80235,Yes
80236,No
80237,Yes
80238,No
80239,No
80240,No
80241,Yes
80242,Yes
80243,Yes
80244,No
80245,No
80246,No
80247,No
80248,Yes
80249,No
80250,No
80251,No
80252,Yes
80253,Yes
80254,Yes
80255,No
80256,Yes
80257,No
80258,Yes
80259,Yes
80260,Yes
80261,No
80262,No
80263,Yes
80264,Yes
80265,No
80266,No
80267,No
80268,No
80269,Yes
80270,Yes
80271,No
80272,No
80273,Yes
80274,No
80275,Yes
80276,Yes
80277,No
80278,Yes
80279,No
80280,No
80281,Yes
80282,Yes
80283,Yes
80284,Yes
80285,No
80286,Yes
80287,No
80288,No
80289,No
80290,Yes
80291,No
80292,Yes
80293,Yes
80294,Yes
80295,Yes
80296,No
80297,No
80298,No
80299,Yes
80300,No
80301,Yes
80302,No
80303,No
80304,Yes
80305,Yes
80306,No
80307,Yes
80308,Yes
80309,No
80310,No
80311,Yes
80312,Yes
80313,No
80314,Yes
80315,No
80316,Yes
80317,No
80318,Yes
80319,No
80320,No
80321,Yes
80322,No
80323,Yes
80324,Yes
80325,No
80326,No
80327,No
80328,Yes
80329,Yes
80330,Yes
80331,No
80332,Yes
80333,No
80334,Yes
80335,Yes
80336,No
80337,Yes
80338,Yes
80339,No
80340,Yes
80341,Yes
80342,No
80343,No
80344,Yes
80345,Yes
80346,Yes
80347,No
80348,No
80349,No
80350,Yes
80351,No
80352,No
80353,Yes
80354,No
80355,Yes
80356,Yes
80357,No
80358,No
80359,Yes
80360,No
80361,Yes
80362,Yes
80363,Yes
80364,Yes
80365,Yes
80366,Yes
80367,No
80368,Yes
80369,No
80370,No
80371,Yes
80372,No
80373,Yes
80374,No
80375,Yes
80376,No
80377,No
80378,No
80379,Yes
80380,No
80381,Yes
80382,No
80383,No
80384,Yes
80385,Yes
80386,No
80387,Yes
80388,No
80389,No
80390,Yes
80391,No
80392,Yes
80393,No
80394,Yes
80395,No
80396,No
80397,No
80398,Yes
80399,Yes
80400,Yes
80401,No
80402,No
80403,No
80404,Yes
80405,No
80406,Yes
80407,No
80408,Yes
80409,Yes
80410,No
80411,Yes
80412,Yes
80413,Yes
80414,Yes
80415,Yes
80416,Yes
80417,Yes
80418,Yes
80419,No
80420,Yes
80421,No
80422,Yes
80423,Yes
80424,Yes
80425,No
80426,No
80427,Yes
80428,No
80429,No
80430,Yes
80431,Yes
80432,Yes
80433,Yes
80434,Yes
80435,Yes
80436,No
80437,Yes
80438,Yes
80439,Yes
80440,Yes
80441,Yes
80442,No
80443,Yes
80444,No
80445,No
80446,Yes
80447,No
80448,No
80449,Yes
80450,No
80451,Yes
80452,Yes
80453,No
80454,No
80455,No
80456,Yes
80457,Yes
80458,Yes
80459,No
80460,No
80461,Yes
80462,Yes
80463,Yes
80464,No
80465,No
80466,No
80467,No
80468,No
80469,No
80470,Yes
80471,No
80472,No
80473,Yes
80474,Yes
80475,No
80476,Yes
80477,Yes
80478,Yes
80479,No
80480,Yes
80481,No
80482,Yes
80483,No
80484,Yes
80485,Yes
80486,No
80487,No
80488,Yes
80489,Yes
80490,No
80491,Yes
80492,No
80493,No
80494,No
80495,Yes
80496,No
80497,Yes
80498,No
80499,Yes
80500,No
80501,No
80502,Yes
80503,No
80504,No
80505,Yes
80506,Yes
80507,No
80508,No
80509,No
80510,Yes
80511,Yes
80512,Yes
80513,Yes
80514,No
80515,Yes
80516,Yes
80517,Yes
80518,No
80519,No
80520,No
80521,Yes
80522,Yes
80523,Yes
80524,Yes
80525,Yes
80526,No
80527,Yes
80528,Yes
80529,Yes
80530,Yes
80531,No
80532,Yes
80533,No
80534,No
80535,No
80536,Yes
80537,No
80538,Yes
80539,No
80540,No
80541,Yes
80542,No
80543,No
80544,No
80545,No
80546,No
80547,Yes
80548,No
80549,Yes
80550,No
80551,Yes
80552,No
80553,No
80554,No
80555,Yes
80556,No
80557,Yes
80558,Yes
80559,Yes
80560,Yes
80561,Yes
80562,No
80563,No
80564,Yes
80565,No
80566,No
80567,Yes
80568,Yes
80569,No
80570,Yes
80571,Yes
80572,No
80573,Yes
80574,Yes
80575,No
80576,Yes
80577,No
80578,Yes
80579,Yes
80580,No
80581,No
80582,No
80583,Yes
80584,Yes
80585,No
80586,No
80587,Yes
80588,Yes
80589,Yes
80590,Yes
80591,No
80592,Yes
80593,No
80594,Yes
80595,No
80596,No
80597,Yes
80598,No
80599,No
80600,No
80601,Yes
80602,Yes
80603,Yes
80604,Yes
80605,No
80606,Yes
80607,Yes
80608,No
80609,Yes
80610,No
80611,No
80612,Yes
80613,Yes
80614,Yes
80615,Yes
80616,Yes
80617,No
80618,Yes
80619,No
80620,Yes
80621,No
80622,Yes
80623,Yes
80624,Yes
80625,No
80626,Yes
80627,Yes
80628,No
80629,Yes
80630,Yes
80631,Yes
80632,Yes
80633,Yes
80634,No
80635,Yes
80636,No
80637,Yes
80638,No
80639,No
80640,No
80641,No
80642,Yes
80643,Yes
80644,No
80645,Yes
80646,No
80647,No
80648,Yes
80649,No
80650,No
80651,Yes
80652,Yes
80653,Yes
80654,No
80655,Yes
80656,No
80657,No
80658,No
80659,Yes
80660,No
80661,No
80662,No
80663,Yes
80664,Yes
80665,Yes
80666,Yes
80667,No
80668,No
80669,No
80670,Yes
80671,No
80672,No
80673,Yes
80674,Yes
80675,No
80676,No
80677,No
80678,No
80679,Yes
80680,No
80681,No
80682,Yes
80683,Yes
80684,Yes
80685,No
80686,Yes
80687,No
80688,Yes
80689,Yes
80690,No
80691,No
80692,No
80693,Yes
80694,Yes
80695,Yes
80696,Yes
80697,Yes
80698,Yes
80699,Yes
80700,Yes
80701,Yes
80702,Yes
80703,Yes
80704,Yes
80705,No
80706,Yes
80707,Yes
80708,Yes
80709,No
80710,Yes
80711,Yes
80712,No
80713,Yes
80714,Yes
80715,No
80716,No
80717,No
80718,Yes
80719,No
80720,Yes
80721,Yes
80722,Yes
80723,Yes
80724,Yes
80725,Yes
80726,Yes
80727,Yes
80728,No
80729,No
80730,Yes
80731,No
80732,Yes
80733,Yes
80734,Yes
80735,No
80736,Yes
80737,Yes
80738,Yes
80739,Yes
80740,Yes
80741,No
80742,Yes
80743,No
80744,Yes
80745,No
80746,Yes
80747,No
80748,Yes
80749,No
80750,No
80751,No
80752,No
80753,No
80754,Yes
80755,Yes
80756,No
80757,No
80758,No
80759,Yes
80760,No
80761,Yes
80762,Yes
80763,No
80764,No
80765,Yes
80766,Yes
80767,No
80768,Yes
80769,No
80770,Yes
80771,Yes
80772,Yes
80773,No
80774,Yes
80775,No
80776,Yes
80777,No
80778,No
80779,Yes
80780,No
80781,Yes
80782,Yes
80783,No
80784,Yes
80785,No
80786,No
80787,No
80788,No
80789,No
80790,Yes
80791,Yes
80792,Yes
80793,No
80794,Yes
80795,Yes
80796,Yes
80797,No
80798,No
80799,No
80800,No
80801,Yes
80802,Yes
80803,No
80804,No
80805,No
80806,No
80807,Yes
80808,No
80809,No
80810,No
80811,Yes
80812,No
80813,Yes
80814,No
80815,Yes
80816,No
80817,No
80818,No
80819,No
80820,Yes
80821,Yes
80822,No
80823,Yes
80824,No
80825,No
80826,No
80827,No
80828,No
80829,Yes
80830,No
80831,No
80832,Yes
80833,Yes
80834,No
80835,Yes
80836,Yes
80837,No
80838,Yes
80839,Yes
80840,No
80841,No
80842,No
80843,No
80844,No
80845,Yes
80846,No
80847,No
80848,No
80849,No
80850,Yes
80851,Yes
80852,Yes
80853,No
80854,No
80855,No
80856,No
80857,Yes
80858,No
80859,No
80860,Yes
80861,Yes
80862,Yes
80863,Yes
80864,Yes
80865,Yes
80866,Yes
80867,No
80868,Yes
80869,Yes
80870,No
80871,Yes
80872,No
80873,No
80874,No
80875,No
80876,No
80877,Yes
80878,No
80879,No
80880,Yes
80881,No
80882,No
80883,Yes
80884,No
80885,Yes
80886,Yes
80887,No
80888,Yes
80889,Yes
80890,No
80891,Yes
80892,No
80893,No
80894,No
80895,Yes
80896,No
80897,Yes
80898,Yes
80899,Yes
80900,Yes
80901,No
80902,Yes
80903,Yes
80904,No
80905,Yes
80906,Yes
80907,Yes
80908,No
80909,Yes
80910,No
80911,No
80912,Yes
80913,Yes
80914,Yes
80915,Yes
80916,Yes
80917,Yes
80918,Yes
80919,No
80920,No
80921,No
80922,No
80923,Yes
80924,Yes
80925,Yes
80926,Yes
80927,Yes
80928,Yes
80929,No
80930,Yes
80931,Yes
80932,Yes
80933,Yes
80934,Yes
80935,No
80936,No
80937,Yes
80938,No
80939,No
80940,No
80941,Yes
80942,No
80943,Yes
80944,Yes
80945,Yes
80946,Yes
80947,Yes
80948,No
80949,Yes
80950,Yes
80951,Yes
80952,No
80953,No
80954,Yes
80955,Yes
80956,No
80957,No
80958,No
80959,No
80960,Yes
80961,No
80962,Yes
80963,Yes
80964,Yes
80965,Yes
80966,No
80967,Yes
80968,Yes
80969,Yes
80970,No
80971,Yes
80972,Yes
80973,Yes
80974,Yes
80975,Yes
80976,No
80977,Yes
80978,Yes
80979,Yes
80980,No
80981,Yes
80982,No
80983,Yes
80984,No
80985,Yes
80986,Yes
80987,Yes
80988,No
80989,Yes
80990,No
80991,Yes
80992,Yes
80993,Yes
80994,Yes
80995,Yes
80996,No
80997,Yes
80998,Yes
80999,Yes
81000,No
81001,Yes
81002,Yes
81003,Yes
81004,Yes
81005,No
81006,Yes
81007,No
81008,No
81009,No
81010,Yes
81011,Yes
81012,Yes
81013,Yes
81014,Yes
81015,Yes
81016,Yes
81017,No
81018,Yes
81019,Yes
81020,Yes
81021,Yes
81022,Yes
81023,Yes
81024,No
81025,Yes
81026,No
81027,Yes
81028,No
81029,Yes
81030,Yes
81031,Yes
81032,Yes
81033,No
81034,Yes
81035,No
81036,Yes
81037,No
81038,Yes
81039,Yes
81040,Yes
81041,Yes
81042,Yes
81043,No
81044,Yes
81045,Yes
81046,No
81047,Yes
81048,Yes
81049,No
81050,Yes
81051,No
81052,Yes
81053,Yes
81054,Yes
81055,Yes
81056,No
81057,No
81058,Yes
81059,Yes
81060,No
81061,Yes
81062,No
81063,Yes
81064,Yes
81065,No
81066,Yes
81067,Yes
81068,Yes
81069,Yes
81070,Yes
81071,Yes
81072,Yes
81073,Yes
81074,No
81075,Yes
81076,No
81077,Yes
81078,Yes
81079,Yes
81080,Yes
81081,Yes
81082,No
81083,Yes
81084,No
81085,Yes
81086,No
81087,Yes
81088,Yes
81089,Yes
81090,Yes
81091,No
81092,No
81093,No
81094,No
81095,Yes
81096,Yes
81097,No
81098,No
81099,Yes
81100,Yes
81101,Yes
81102,Yes
81103,Yes
81104,No
81105,No
81106,Yes
81107,No
81108,No
81109,No
81110,No
81111,No
81112,No
81113,Yes
81114,No
81115,No
81116,No
81117,Yes
81118,Yes
81119,No
81120,Yes
81121,Yes
81122,Yes
81123,Yes
81124,No
81125,Yes
81126,Yes
81127,Yes
81128,Yes
81129,Yes
81130,No
81131,Yes
81132,Yes
81133,No
81134,Yes
81135,Yes
81136,Yes
81137,No
81138,Yes
81139,Yes
81140,Yes
81141,No
81142,No
81143,Yes
81144,Yes
81145,Yes
81146,Yes
81147,Yes
81148,No
81149,No
81150,No
81151,No
81152,Yes
81153,No
81154,Yes
81155,No
81156,Yes
81157,No
81158,No
81159,Yes
81160,No
81161,No
81162,No
81163,No
81164,Yes
81165,Yes
81166,No
81167,Yes
81168,Yes
81169,Yes
81170,Yes
81171,Yes
81172,No
81173,No
81174,No
81175,Yes
81176,Yes
81177,No
81178,No
81179,No
81180,No
81181,Yes
81182,Yes
81183,No
81184,Yes
81185,No
81186,Yes
81187,Yes
81188,No
81189,No
81190,No
81191,Yes
81192,Yes
81193,Yes
81194,No
81195,Yes
81196,No
81197,Yes
81198,Yes
81199,No
81200,Yes
81201,No
81202,No
81203,Yes
81204,No
81205,Yes
81206,No
81207,Yes
81208,Yes
81209,No
81210,No
81211,No
81212,Yes
81213,Yes
81214,Yes
81215,Yes
81216,Yes
81217,No
81218,Yes
81219,No
81220,Yes
81221,No
81222,Yes
81223,Yes
81224,Yes
81225,Yes
81226,No
81227,Yes
81228,Yes
81229,Yes
81230,No
81231,No
81232,Yes
81233,No
81234,Yes
81235,Yes
81236,Yes
81237,Yes
81238,No
81239,No
81240,No
81241,No
81242,No
81243,No
81244,Yes
81245,Yes
81246,No
81247,Yes
81248,No
81249,Yes
81250,Yes
81251,Yes
81252,No
81253,No
81254,Yes
81255,Yes
81256,No
81257,No
81258,Yes
81259,No
81260,No
81261,No
81262,Yes
81263,Yes
81264,Yes
81265,No
81266,No
81267,No
81268,No
81269,No
81270,Yes
81271,No
81272,No
81273,No
81274,Yes
81275,No
81276,No
81277,No
81278,Yes
81279,No
81280,Yes
81281,No
81282,No
81283,No
81284,Yes
81285,Yes
81286,No
81287,Yes
81288,Yes
81289,Yes
81290,Yes
81291,No
81292,Yes
81293,Yes
81294,No
81295,No
81296,Yes
81297,No
81298,Yes
81299,Yes
81300,No
81301,No
81302,No
81303,Yes
81304,No
81305,No
81306,Yes
81307,Yes
81308,No
81309,Yes
81310,Yes
81311,Yes
81312,Yes
81313,No
81314,Yes
81315,Yes
81316,No
81317,No
81318,Yes
81319,Yes
81320,Yes
81321,No
81322,No
81323,No
81324,No
81325,No
81326,No
81327,Yes
81328,Yes
81329,No
81330,No
81331,Yes
81332,Yes
81333,Yes
81334,Yes
81335,No
81336,Yes
81337,No
81338,No
81339,No
81340,No
81341,No
81342,Yes
81343,Yes
81344,No
81345,Yes
81346,Yes
81347,Yes
81348,Yes
81349,No
81350,Yes
81351,Yes
81352,Yes
81353,No
81354,Yes
81355,Yes
81356,Yes
81357,Yes
81358,Yes
81359,Yes
81360,Yes
81361,No
81362,No
81363,Yes
81364,Yes
81365,Yes
81366,No
81367,No
81368,No
81369,Yes
81370,Yes
81371,Yes
81372,Yes
81373,No
81374,Yes
81375,No
81376,Yes
81377,No
81378,Yes
81379,Yes
81380,Yes
81381,Yes
81382,Yes
81383,Yes
81384,Yes
81385,Yes
81386,Yes
81387,No
81388,Yes
81389,Yes
81390,No
81391,Yes
81392,No
81393,Yes
81394,Yes
81395,No
81396,No
81397,Yes
81398,Yes
81399,No
81400,No
81401,Yes
81402,Yes
81403,Yes
81404,No
81405,Yes
81406,No
81407,Yes
81408,No
81409,No
81410,Yes
81411,Yes
81412,No
81413,No
81414,Yes
81415,Yes
81416,No
81417,Yes
81418,No
81419,No
81420,No
81421,No
81422,No
81423,No
81424,No
81425,No
81426,Yes
81427,Yes
81428,No
81429,Yes
81430,Yes
81431,Yes
81432,No
81433,Yes
81434,No
81435,Yes
81436,Yes
81437,Yes
81438,No
81439,No
81440,Yes
81441,No
81442,Yes
81443,Yes
81444,Yes
81445,Yes
81446,No
81447,Yes
81448,Yes
81449,No
81450,No
81451,No
81452,Yes
81453,Yes
81454,Yes
81455,Yes
81456,Yes
81457,No
81458,Yes
81459,Yes
81460,No
81461,Yes
81462,No
81463,Yes
81464,No
81465,Yes
81466,No
81467,No
81468,No
81469,No
81470,Yes
81471,No
81472,No
81473,Yes
81474,Yes
81475,No
81476,Yes
81477,Yes
81478,No
81479,Yes
81480,No
81481,No
81482,Yes
81483,No
81484,No
81485,Yes
81486,Yes
81487,No
81488,Yes
81489,No
81490,No
81491,No
81492,Yes
81493,No
81494,No
81495,No
81496,No
81497,Yes
81498,Yes
81499,No
81500,Yes
81501,Yes
81502,Yes
81503,Yes
81504,Yes
81505,Yes
81506,Yes
81507,Yes
81508,Yes
81509,No
81510,Yes
81511,No
81512,No
81513,Yes
81514,Yes
81515,No
81516,Yes
81517,Yes
81518,No
81519,Yes
81520,Yes
81521,Yes
81522,Yes
81523,No
81524,Yes
81525,Yes
81526,No
81527,Yes
81528,No
81529,No
81530,Yes
81531,No
81532,Yes
81533,Yes
81534,Yes
81535,Yes
81536,Yes
81537,Yes
81538,Yes
81539,Yes
81540,No
81541,No
81542,No
81543,No
81544,Yes
81545,No
81546,Yes
81547,No
81548,No
81549,Yes
81550,No
81551,Yes
81552,Yes
81553,No
81554,Yes
81555,No
81556,No
81557,Yes
81558,No
81559,Yes
81560,Yes
81561,No
81562,Yes
81563,Yes
81564,No
81565,No
81566,No
81567,Yes
81568,Yes
81569,Yes
81570,No
81571,No
81572,No
81573,No
81574,No
81575,No
81576,No
81577,No
81578,Yes
81579,Yes
81580,Yes
81581,No
81582,No
81583,No
81584,No
81585,Yes
81586,No
81587,Yes
81588,Yes
81589,Yes
81590,Yes
81591,Yes
81592,Yes
81593,No
81594,No
81595,Yes
81596,No
81597,No
81598,Yes
81599,No
81600,Yes
81601,No
81602,Yes
81603,Yes
81604,No
81605,Yes
81606,Yes
81607,Yes
81608,Yes
81609,Yes
81610,Yes
81611,Yes
81612,Yes
81613,Yes
81614,No
81615,No
81616,No
81617,Yes
81618,No
81619,Yes
81620,No
81621,No
81622,No
81623,Yes
81624,No
81625,No
81626,No
81627,Yes
81628,Yes
81629,No
81630,No
81631,Yes
81632,Yes
81633,Yes
81634,Yes
81635,Yes
81636,Yes
81637,Yes
81638,No
81639,Yes
81640,No
81641,Yes
81642,Yes
81643,Yes
81644,Yes
81645,Yes
81646,No
81647,Yes
81648,Yes
81649,No
81650,Yes
81651,No
81652,No
81653,No
81654,Yes
81655,No
81656,No
81657,No
81658,Yes
81659,No
81660,Yes
81661,Yes
81662,Yes
81663,No
81664,Yes
81665,Yes
81666,No
81667,Yes
81668,No
81669,Yes
81670,No
81671,Yes
81672,Yes
81673,No
81674,No
81675,Yes
81676,Yes
81677,Yes
81678,No
81679,Yes
81680,Yes
81681,No
81682,Yes
81683,No
81684,No
81685,No
81686,Yes
81687,Yes
81688,Yes
81689,Yes
81690,Yes
81691,Yes
81692,No
81693,No
81694,No
81695,No
81696,No
81697,Yes
81698,Yes
81699,Yes
81700,No
81701,No
81702,Yes
81703,Yes
81704,No
81705,No
81706,Yes
81707,Yes
81708,No
81709,No
81710,No
81711,No
81712,No
81713,No
81714,Yes
81715,Yes
81716,No
81717,Yes
81718,No
81719,Yes
81720,No
81721,No
81722,No
81723,No
81724,No
81725,No
81726,Yes
81727,No
81728,Yes
81729,No
81730,Yes
81731,Yes
81732,Yes
81733,Yes
81734,Yes
81735,No
81736,No
81737,Yes
81738,No
81739,No
81740,No
81741,No
81742,No
81743,Yes
81744,Yes
81745,No
81746,No
81747,Yes
81748,Yes
81749,Yes
81750,No
81751,No
81752,Yes
81753,Yes
81754,No
81755,Yes
81756,No
81757,Yes
81758,Yes
81759,Yes
81760,Yes
81761,Yes
81762,No
81763,No
81764,No
81765,Yes
81766,No
81767,No
81768,Yes
81769,Yes
81770,No
81771,No
81772,Yes
81773,No
81774,Yes
81775,Yes
81776,No
81777,No
81778,No
81779,Yes
81780,No
81781,No
81782,No
81783,No
81784,No
81785,Yes
81786,Yes
81787,No
81788,No
81789,Yes
81790,Yes
81791,Yes
81792,Yes
81793,Yes
81794,No
81795,Yes
81796,No
81797,No
81798,Yes
81799,Yes
81800,Yes
81801,Yes
81802,No
81803,No
81804,Yes
81805,Yes
81806,Yes
81807,No
81808,Yes
81809,Yes
81810,Yes
81811,Yes
81812,Yes
81813,Yes
81814,Yes
81815,No
81816,No
81817,Yes
81818,No
81819,Yes
81820,No
81821,Yes
81822,Yes
81823,Yes
81824,Yes
81825,Yes
81826,No
81827,Yes
81828,No
81829,No
81830,Yes
81831,Yes
81832,No
81833,Yes
81834,No
81835,Yes
81836,No
81837,Yes
81838,Yes
81839,Yes
81840,Yes
81841,Yes
81842,Yes
81843,No
81844,No
81845,No
81846,No
81847,No
81848,Yes
81849,Yes
81850,No
81851,No
81852,Yes
81853,Yes
81854,No
81855,No
81856,No
81857,Yes
81858,Yes
81859,No
81860,Yes
81861,No
81862,No
81863,Yes
81864,Yes
81865,No
81866,No
81867,Yes
81868,No
81869,No
81870,Yes
81871,No
81872,No
81873,No
81874,No
81875,Yes
81876,No
81877,Yes
81878,No
81879,Yes
81880,No
81881,Yes
81882,No
81883,Yes
81884,Yes
81885,Yes
81886,Yes
81887,No
81888,No
81889,Yes
81890,No
81891,Yes
81892,Yes
81893,Yes
81894,No
81895,No
81896,Yes
81897,Yes
81898,Yes
81899,No
81900,No
81901,No
81902,No
81903,No
81904,No
81905,No
81906,Yes
81907,No
81908,Yes
81909,No
81910,No
81911,No
81912,No
81913,No
81914,Yes
81915,Yes
81916,No
81917,Yes
81918,Yes
81919,No
81920,Yes
81921,Yes
81922,Yes
81923,No
81924,Yes
81925,No
81926,No
81927,No
81928,Yes
81929,Yes
81930,Yes
81931,No
81932,Yes
81933,Yes
81934,Yes
81935,No
81936,Yes
81937,No
81938,Yes
81939,No
81940,Yes
81941,No
81942,No
81943,No
81944,Yes
81945,No
81946,No
81947,Yes
81948,Yes
81949,No
81950,Yes
81951,Yes
81952,No
81953,Yes
81954,Yes
81955,No
81956,No
81957,Yes
81958,Yes
81959,No
81960,Yes
81961,No
81962,No
81963,Yes
81964,No
81965,No
81966,No
81967,Yes
81968,Yes
81969,Yes
81970,No
81971,Yes
81972,No
81973,Yes
81974,Yes
81975,No
81976,No
81977,No
81978,Yes
81979,Yes
81980,Yes
81981,Yes
81982,Yes
81983,Yes
81984,Yes
81985,No
81986,Yes
81987,Yes
81988,No
81989,No
81990,No
81991,No
81992,Yes
81993,Yes
81994,No
81995,Yes
81996,Yes
81997,Yes
81998,No
81999,Yes
82000,Yes
82001,Yes
82002,Yes
82003,Yes
82004,Yes
82005,Yes
82006,No
82007,Yes
82008,Yes
82009,Yes
82010,Yes
82011,No
82012,No
82013,Yes
82014,Yes
82015,Yes
82016,No
82017,No
82018,Yes
82019,Yes
82020,No
82021,Yes
82022,Yes
82023,No
82024,Yes
82025,Yes
82026,No
82027,No
82028,Yes
82029,Yes
82030,Yes
82031,Yes
82032,Yes
82033,Yes
82034,No
82035,Yes
82036,Yes
82037,No
82038,Yes
82039,Yes
82040,No
82041,Yes
82042,No
82043,Yes
82044,Yes
82045,No
82046,No
82047,No
82048,No
82049,No
82050,Yes
82051,Yes
82052,No
82053,No
82054,No
82055,No
82056,Yes
82057,Yes
82058,No
82059,Yes
82060,Yes
82061,Yes
82062,No
82063,Yes
82064,Yes
82065,No
82066,Yes
82067,Yes
82068,Yes
82069,Yes
82070,No
82071,No
82072,No
82073,No
82074,Yes
82075,Yes
82076,Yes
82077,Yes
82078,No
82079,Yes
82080,No
82081,Yes
82082,No
82083,Yes
82084,Yes
82085,Yes
82086,No
82087,Yes
82088,Yes
82089,Yes
82090,No
82091,Yes
82092,Yes
82093,Yes
82094,Yes
82095,No
82096,No
82097,Yes
82098,Yes
82099,No
82100,No
82101,Yes
82102,Yes
82103,Yes
82104,Yes
82105,No
82106,No
82107,No
82108,Yes
82109,No
82110,No
82111,Yes
82112,Yes
82113,Yes
82114,Yes
82115,Yes
82116,No
82117,No
82118,Yes
82119,No
82120,No
82121,Yes
82122,No
82123,No
82124,No
82125,No
82126,Yes
82127,No
82128,Yes
82129,No
82130,No
82131,Yes
82132,Yes
82133,No
82134,Yes
82135,No
82136,Yes
82137,Yes
82138,Yes
82139,No
82140,No
82141,Yes
82142,No
82143,Yes
82144,Yes
82145,No
82146,Yes
82147,Yes
82148,Yes
82149,Yes
82150,Yes
82151,Yes
82152,No
82153,No
82154,No
82155,Yes
82156,No
82157,Yes
82158,Yes
82159,No
82160,Yes
82161,No
82162,Yes
82163,No
82164,No
82165,Yes
82166,Yes
82167,No
82168,Yes
82169,Yes
82170,Yes
82171,Yes
82172,Yes
82173,No
82174,No
82175,Yes
82176,No
82177,No
82178,Yes
82179,Yes
82180,Yes
82181,Yes
82182,No
82183,No
82184,No
82185,Yes
82186,Yes
82187,No
82188,Yes
82189,Yes
82190,No
82191,No
82192,Yes
82193,No
82194,No
82195,Yes
82196,Yes
82197,No
82198,Yes
82199,Yes
82200,No
82201,Yes
82202,Yes
82203,No
82204,Yes
82205,Yes
82206,Yes
82207,No
82208,Yes
82209,Yes
82210,Yes
82211,No
82212,Yes
82213,No
82214,Yes
82215,Yes
82216,No
82217,Yes
82218,No
82219,Yes
82220,No
82221,No
82222,Yes
82223,No
82224,No
82225,Yes
82226,No
82227,Yes
82228,Yes
82229,Yes
82230,No
82231,Yes
82232,Yes
82233,Yes
82234,Yes
82235,Yes
82236,Yes
82237,Yes
82238,Yes
82239,Yes
82240,Yes
82241,No
82242,Yes
82243,No
82244,Yes
82245,No
82246,Yes
82247,No
82248,Yes
82249,No
82250,Yes
82251,No
82252,No
82253,Yes
82254,Yes
82255,Yes
82256,No
82257,Yes
82258,Yes
82259,No
82260,No
82261,Yes
82262,Yes
82263,No
82264,Yes
82265,No
82266,No
82267,No
82268,Yes
82269,Yes
82270,Yes
82271,No
82272,Yes
82273,No
82274,Yes
82275,Yes
82276,Yes
82277,Yes
82278,Yes
82279,Yes
82280,No
82281,Yes
82282,Yes
82283,No
82284,Yes
82285,No
82286,Yes
82287,Yes
82288,Yes
82289,No
82290,No
82291,Yes
82292,Yes
82293,Yes
82294,No
82295,Yes
82296,No
82297,No
82298,Yes
82299,No
82300,No
82301,Yes
82302,No
82303,Yes
82304,No
82305,No
82306,No
82307,Yes
82308,Yes
82309,Yes
82310,Yes
82311,Yes
82312,No
82313,Yes
82314,Yes
82315,No
82316,No
82317,No
82318,No
82319,No
82320,No
82321,Yes
82322,No
82323,Yes
82324,Yes
82325,Yes
82326,No
82327,No
82328,Yes
82329,Yes
82330,Yes
82331,Yes
82332,Yes
82333,Yes
82334,Yes
82335,No
82336,Yes
82337,Yes
82338,Yes
82339,No
82340,Yes
82341,Yes
82342,No
82343,No
82344,No
82345,Yes
82346,Yes
82347,No
82348,Yes
82349,Yes
82350,No
82351,Yes
82352,No
82353,Yes
82354,Yes
82355,No
82356,Yes
82357,No
82358,No
82359,Yes
82360,Yes
82361,No
82362,Yes
82363,No
82364,Yes
82365,No
82366,Yes
82367,Yes
82368,Yes
82369,No
82370,No
82371,Yes
82372,Yes
82373,Yes
82374,No
82375,Yes
82376,Yes
82377,Yes
82378,Yes
82379,No
82380,Yes
82381,Yes
82382,No
82383,Yes
82384,Yes
82385,Yes
82386,Yes
82387,Yes
82388,No
82389,Yes
82390,No
82391,No
82392,No
82393,No
82394,Yes
82395,Yes
82396,Yes
82397,No
82398,Yes
82399,Yes
82400,No
82401,Yes
82402,No
82403,No
82404,No
82405,No
82406,Yes
82407,Yes
82408,No
82409,Yes
82410,No
82411,Yes
82412,No
82413,Yes
82414,Yes
82415,No
82416,Yes
82417,Yes
82418,Yes
82419,Yes
82420,Yes
82421,No
82422,No
82423,Yes
82424,Yes
82425,No
82426,No
82427,Yes
82428,Yes
82429,No
82430,Yes
82431,No
82432,No
82433,Yes
82434,No
82435,Yes
82436,No
82437,Yes
82438,No
82439,Yes
82440,Yes
82441,Yes
82442,Yes
82443,No
82444,Yes
82445,Yes
82446,No
82447,No
82448,No
82449,No
82450,No
82451,Yes
82452,No
82453,Yes
82454,Yes
82455,Yes
82456,Yes
82457,Yes
82458,Yes
82459,Yes
82460,Yes
82461,Yes
82462,Yes
82463,Yes
82464,Yes
82465,No
82466,No
82467,Yes
82468,Yes
82469,Yes
82470,Yes
82471,Yes
82472,Yes
82473,No
82474,No
82475,Yes
82476,No
82477,No
82478,Yes
82479,No
82480,Yes
82481,No
82482,Yes
82483,Yes
82484,No
82485,Yes
82486,No
82487,No
82488,No
82489,Yes
82490,Yes
82491,No
82492,No
82493,No
82494,No
82495,Yes
82496,Yes
82497,Yes
82498,Yes
82499,Yes
82500,No
82501,Yes
82502,No
82503,Yes
82504,No
82505,No
82506,No
82507,Yes
82508,No
82509,No
82510,No
82511,Yes
82512,Yes
82513,No
82514,Yes
82515,No
82516,Yes
82517,Yes
82518,No
82519,Yes
82520,No
82521,No
82522,No
82523,No
82524,No
82525,No
82526,Yes
82527,Yes
82528,No
82529,Yes
82530,Yes
82531,Yes
82532,No
82533,No
82534,Yes
82535,Yes
82536,Yes
82537,Yes
82538,No
82539,Yes
82540,No
82541,No
82542,No
82543,Yes
82544,Yes
82545,No
82546,No
82547,No
82548,Yes
82549,Yes
82550,Yes
82551,No
82552,No
82553,Yes
82554,No
82555,Yes
82556,No
82557,Yes
82558,No
82559,No
82560,No
82561,Yes
82562,No
82563,Yes
82564,Yes
82565,Yes
82566,Yes
82567,Yes
82568,Yes
82569,Yes
82570,Yes
82571,No
82572,Yes
82573,No
82574,Yes
82575,Yes
82576,Yes
82577,No
82578,No
82579,No
82580,No
82581,Yes
82582,Yes
82583,Yes
82584,No
82585,No
82586,No
82587,No
82588,Yes
82589,Yes
82590,Yes
82591,No
82592,No
82593,No
82594,Yes
82595,Yes
82596,Yes
82597,Yes
82598,No
82599,No
82600,No
82601,Yes
82602,No
82603,No
82604,No
82605,Yes
82606,Yes
82607,Yes
82608,Yes
82609,No
82610,Yes
82611,Yes
82612,No
82613,Yes
82614,No
82615,Yes
82616,Yes
82617,No
82618,Yes
82619,No
82620,Yes
82621,Yes
82622,No
82623,Yes
82624,No
82625,No
82626,Yes
82627,Yes
82628,Yes
82629,No
82630,No
82631,No
82632,Yes
82633,Yes
82634,No
82635,No
82636,No
82637,Yes
82638,Yes
82639,No
82640,Yes
82641,No
82642,No
82643,Yes
82644,Yes
82645,Yes
82646,Yes
82647,Yes
82648,No
82649,No
82650,No
82651,No
82652,Yes
82653,Yes
82654,No
82655,No
82656,No
82657,Yes
82658,No
82659,Yes
82660,Yes
82661,No
82662,Yes
82663,No
82664,No
82665,Yes
82666,Yes
82667,Yes
82668,No
82669,Yes
82670,No
82671,No
82672,Yes
82673,No
82674,No
82675,Yes
82676,Yes
82677,Yes
82678,Yes
82679,Yes
82680,Yes
82681,No
82682,Yes
82683,No
82684,Yes
82685,Yes
82686,No
82687,Yes
82688,Yes
82689,No
82690,Yes
82691,No
82692,No
82693,Yes
82694,Yes
82695,Yes
82696,No
82697,No
82698,No
82699,No
82700,No
82701,Yes
82702,Yes
82703,No
82704,Yes
82705,Yes
82706,Yes
82707,No
82708,No
82709,No
82710,Yes
82711,Yes
82712,Yes
82713,Yes
82714,Yes
82715,Yes
82716,No
82717,Yes
82718,Yes
82719,No
82720,Yes
82721,Yes
82722,No
82723,No
82724,No
82725,No
82726,Yes
82727,No
82728,No
82729,Yes
82730,Yes
82731,Yes
82732,No
82733,Yes
82734,Yes
82735,Yes
82736,No
82737,Yes
82738,Yes
82739,Yes
82740,No
82741,Yes
82742,Yes
82743,No
82744,Yes
82745,Yes
82746,Yes
82747,Yes
82748,Yes
82749,No
82750,No
82751,Yes
82752,No
82753,Yes
82754,Yes
82755,No
82756,Yes
82757,Yes
82758,Yes
82759,No
82760,Yes
82761,No
82762,No
82763,Yes
82764,Yes
82765,No
82766,No
82767,Yes
82768,Yes
82769,Yes
82770,No
82771,Yes
82772,No
82773,No
82774,Yes
82775,No
82776,Yes
82777,Yes
82778,Yes
82779,No
82780,No
82781,Yes
82782,Yes
82783,No
82784,No
82785,No
82786,No
82787,Yes
82788,No
82789,Yes
82790,No
82791,No
82792,Yes
82793,No
82794,Yes
82795,Yes
82796,Yes
82797,No
82798,No
82799,No
82800,No
82801,Yes
82802,Yes
82803,No
82804,Yes
82805,Yes
82806,No
82807,Yes
82808,Yes
82809,No
82810,Yes
82811,Yes
82812,No
82813,Yes
82814,No
82815,Yes
82816,Yes
82817,Yes
82818,Yes
82819,Yes
82820,Yes
82821,Yes
82822,No
82823,No
82824,No
82825,No
82826,Yes
82827,Yes
82828,Yes
82829,No
82830,No
82831,No
82832,Yes
82833,Yes
82834,Yes
82835,Yes
82836,Yes
82837,No
82838,No
82839,Yes
82840,Yes
82841,No
82842,No
82843,No
82844,Yes
82845,Yes
82846,Yes
82847,No
82848,Yes
82849,Yes
82850,Yes
82851,No
82852,Yes
82853,No
82854,No
82855,No
82856,Yes
82857,No
82858,Yes
82859,Yes
82860,Yes
82861,No
82862,Yes
82863,Yes
82864,No
82865,No
82866,Yes
82867,Yes
82868,Yes
82869,No
82870,No
82871,No
82872,No
82873,Yes
82874,Yes
82875,No
82876,Yes
82877,Yes
82878,Yes
82879,No
82880,Yes
82881,Yes
82882,Yes
82883,Yes
82884,No
82885,Yes
82886,No
82887,Yes
82888,No
82889,Yes
82890,Yes
82891,Yes
82892,Yes
82893,Yes
82894,Yes
82895,Yes
82896,Yes
82897,Yes
82898,Yes
82899,No
82900,Yes
82901,Yes
82902,No
82903,Yes
82904,Yes
82905,Yes
82906,No
82907,Yes
82908,No
82909,Yes
82910,No
82911,No
82912,Yes
82913,No
82914,Yes
82915,No
82916,Yes
82917,Yes
82918,Yes
82919,No
82920,Yes
82921,Yes
82922,No
82923,Yes
82924,Yes
82925,No
82926,Yes
82927,Yes
82928,No
82929,Yes
82930,Yes
82931,No
82932,Yes
82933,Yes
82934,Yes
82935,Yes
82936,No
82937,No
82938,Yes
82939,Yes
82940,No
82941,Yes
82942,Yes
82943,Yes
82944,Yes
82945,Yes
82946,No
82947,No
82948,Yes
82949,No
82950,No
82951,Yes
82952,No
82953,No
82954,Yes
82955,Yes
82956,Yes
82957,Yes
82958,Yes
82959,No
82960,No
82961,No
82962,No
82963,Yes
82964,No
82965,Yes
82966,No
82967,Yes
82968,No
82969,No
82970,No
82971,Yes
82972,No
82973,No
82974,No
82975,Yes
82976,No
82977,Yes
82978,No
82979,No
82980,Yes
82981,Yes
82982,Yes
82983,Yes
82984,No
82985,Yes
82986,No
82987,Yes
82988,No
82989,No
82990,No
82991,Yes
82992,No
82993,Yes
82994,No
82995,Yes
82996,Yes
82997,No
82998,Yes
82999,Yes
83000,Yes
83001,Yes
83002,Yes
83003,Yes
83004,No
83005,No
83006,Yes
83007,No
83008,Yes
83009,No
83010,No
83011,Yes
83012,Yes
83013,Yes
83014,No
83015,No
83016,Yes
83017,Yes
83018,Yes
83019,No
83020,No
83021,No
83022,No
83023,No
83024,Yes
83025,No
83026,Yes
83027,Yes
83028,No
83029,No
83030,No
83031,No
83032,Yes
83033,No
83034,No
83035,Yes
83036,Yes
83037,Yes
83038,No
83039,Yes
83040,Yes
83041,No
83042,Yes
83043,No
83044,Yes
83045,Yes
83046,No
83047,Yes
83048,Yes
83049,No
83050,No
83051,No
83052,Yes
83053,Yes
83054,Yes
83055,No
83056,Yes
83057,Yes
83058,Yes
83059,Yes
83060,Yes
83061,No
83062,No
83063,Yes
83064,Yes
83065,Yes
83066,Yes
83067,No
83068,No
83069,Yes
83070,Yes
83071,Yes
83072,No
83073,Yes
83074,Yes
83075,No
83076,No
83077,No
83078,No
83079,Yes
83080,No
83081,Yes
83082,No
83083,No
83084,No
83085,No
83086,No
83087,Yes
83088,No
83089,No
83090,Yes
83091,Yes
83092,Yes
83093,Yes
83094,No
83095,Yes
83096,No
83097,Yes
83098,Yes
83099,Yes
83100,Yes
83101,Yes
83102,Yes
83103,Yes
83104,No
83105,No
83106,No
83107,Yes
83108,Yes
83109,Yes
83110,Yes
83111,Yes
83112,No
83113,Yes
83114,Yes
83115,No
83116,Yes
83117,Yes
83118,Yes
83119,No
83120,No
83121,Yes
83122,No
83123,No
83124,Yes
83125,Yes
83126,Yes
83127,No
83128,No
83129,No
83130,No
83131,No
83132,Yes
83133,Yes
83134,Yes
83135,Yes
83136,Yes
83137,No
83138,Yes
83139,Yes
83140,No
83141,Yes
83142,Yes
83143,No
83144,No
83145,Yes
83146,No
83147,No
83148,No
83149,No
83150,Yes
83151,Yes
83152,No
83153,No
83154,Yes
83155,Yes
83156,No
83157,No
83158,No
83159,No
83160,No
83161,No
83162,Yes
83163,No
83164,No
83165,Yes
83166,No
83167,Yes
83168,Yes
83169,Yes
83170,No
83171,Yes
83172,No
83173,No
83174,Yes
83175,No
83176,No
83177,Yes
83178,No
83179,Yes
83180,Yes
83181,Yes
83182,No
83183,Yes
83184,No
83185,No
83186,Yes
83187,Yes
83188,Yes
83189,Yes
83190,Yes
83191,Yes
83192,Yes
83193,Yes
83194,Yes
83195,Yes
83196,Yes
83197,No
83198,Yes
83199,Yes
83200,No
83201,Yes
83202,Yes
83203,No
83204,No
83205,Yes
83206,Yes
83207,No
83208,No
83209,No
83210,No
83211,No
83212,Yes
83213,No
83214,No
83215,Yes
83216,Yes
83217,No
83218,Yes
83219,Yes
83220,No
83221,No
83222,Yes
83223,Yes
83224,Yes
83225,Yes
83226,No
83227,Yes
83228,Yes
83229,No
83230,Yes
83231,Yes
83232,No
83233,Yes
83234,Yes
83235,No
83236,Yes
83237,Yes
83238,Yes
83239,Yes
83240,No
83241,Yes
83242,No
83243,No
83244,No
83245,Yes
83246,Yes
83247,Yes
83248,No
83249,Yes
83250,No
83251,No
83252,Yes
83253,No
83254,No
83255,No
83256,Yes
83257,Yes
83258,No
83259,Yes
83260,No
83261,No
83262,Yes
83263,Yes
83264,Yes
83265,Yes
83266,Yes
83267,Yes
83268,Yes
83269,Yes
83270,No
83271,No
83272,Yes
83273,Yes
83274,Yes
83275,Yes
83276,Yes
83277,Yes
83278,No
83279,Yes
83280,Yes
83281,No
83282,No
83283,Yes
83284,No
83285,Yes
83286,No
83287,Yes
83288,No
83289,Yes
83290,Yes
83291,No
83292,Yes
83293,No
83294,No
83295,No
83296,No
83297,No
83298,Yes
83299,Yes
83300,Yes
83301,No
83302,Yes
83303,No
83304,Yes
83305,No
83306,No
83307,Yes
83308,No
83309,Yes
83310,Yes
83311,Yes
83312,Yes
83313,Yes
83314,No
83315,No
83316,Yes
83317,Yes
83318,Yes
83319,No
83320,Yes
83321,Yes
83322,No
83323,Yes
83324,Yes
83325,No
83326,Yes
83327,Yes
83328,Yes
83329,No
83330,Yes
83331,Yes
83332,Yes
83333,No
83334,No
83335,Yes
83336,Yes
83337,Yes
83338,No
83339,Yes
83340,Yes
83341,Yes
83342,No
83343,Yes
83344,Yes
83345,Yes
83346,Yes
83347,Yes
83348,No
83349,Yes
83350,Yes
83351,No
83352,Yes
83353,Yes
83354,Yes
83355,No
83356,Yes
83357,Yes
83358,No
83359,No
83360,Yes
83361,Yes
83362,Yes
83363,Yes
83364,Yes
83365,Yes
83366,Yes
83367,Yes
83368,No
83369,No
83370,No
83371,Yes
83372,No
83373,No
83374,No
83375,No
83376,Yes
83377,Yes
83378,Yes
83379,No
83380,Yes
83381,Yes
83382,Yes
83383,No
83384,Yes
83385,No
83386,No
83387,No
83388,No
83389,No
83390,No
83391,Yes
83392,Yes
83393,Yes
83394,No
83395,No
83396,Yes
83397,Yes
83398,No
83399,Yes
83400,Yes
83401,Yes
83402,Yes
83403,Yes
83404,No
83405,Yes
83406,No
83407,No
83408,Yes
83409,Yes
83410,No
83411,Yes
83412,Yes
83413,Yes
83414,No
83415,Yes
83416,No
83417,No
83418,No
83419,Yes
83420,No
83421,Yes
83422,No
83423,No
83424,Yes
83425,No
83426,Yes
83427,Yes
83428,No
83429,Yes
83430,No
83431,Yes
83432,Yes
83433,Yes
83434,No
83435,No
83436,Yes
83437,Yes
83438,Yes
83439,Yes
83440,No
83441,Yes
83442,Yes
83443,No
83444,No
83445,Yes
83446,No
83447,No
83448,No
83449,Yes
83450,Yes
83451,No
83452,Yes
83453,Yes
83454,No
83455,Yes
83456,No
83457,Yes
83458,No
83459,Yes
83460,Yes
83461,No
83462,Yes
83463,Yes
83464,Yes
83465,Yes
83466,Yes
83467,Yes
83468,No
83469,Yes
83470,No
83471,No
83472,Yes
83473,No
83474,No
83475,Yes
83476,Yes
83477,Yes
83478,Yes
83479,Yes
83480,No
83481,Yes
83482,No
83483,No
83484,Yes
83485,No
83486,Yes
83487,No
83488,Yes
83489,Yes
83490,No
83491,No
83492,Yes
83493,Yes
83494,Yes
83495,Yes
83496,Yes
83497,Yes
83498,No
83499,No
83500,Yes
83501,Yes
83502,Yes
83503,No
83504,No
83505,Yes
83506,No
83507,Yes
83508,No
83509,Yes
83510,Yes
83511,Yes
83512,No
83513,No
83514,No
83515,No
83516,Yes
83517,Yes
83518,Yes
83519,No
83520,No
83521,No
83522,No
83523,Yes
83524,No
83525,No
83526,Yes
83527,No
83528,No
83529,Yes
83530,No
83531,No
83532,Yes
83533,Yes
83534,No
83535,Yes
83536,Yes
83537,No
83538,Yes
83539,Yes
83540,Yes
83541,Yes
83542,Yes
83543,No
83544,Yes
83545,No
83546,No
83547,No
83548,Yes
83549,No
83550,Yes
83551,No
83552,No
83553,Yes
83554,Yes
83555,Yes
83556,Yes
83557,Yes
83558,Yes
83559,No
83560,Yes
83561,No
83562,Yes
83563,Yes
83564,Yes
83565,No
83566,Yes
83567,No
83568,Yes
83569,Yes
83570,Yes
83571,Yes
83572,No
83573,Yes
83574,Yes
83575,Yes
83576,No
83577,No
83578,Yes
83579,No
83580,No
83581,No
83582,No
83583,Yes
83584,Yes
83585,Yes
83586,Yes
83587,Yes
83588,No
83589,Yes
83590,No
83591,Yes
83592,Yes
83593,Yes
83594,No
83595,No
83596,Yes
83597,No
83598,No
83599,Yes
83600,Yes
83601,No
83602,No
83603,No
83604,Yes
83605,No
83606,Yes
83607,No
83608,Yes
83609,Yes
83610,Yes
83611,No
83612,Yes
83613,Yes
83614,Yes
83615,No
83616,No
83617,Yes
83618,Yes
83619,No
83620,No
83621,No
83622,No
83623,Yes
83624,No
83625,No
83626,Yes
83627,No
83628,Yes
83629,Yes
83630,No
83631,No
83632,No
83633,No
83634,No
83635,No
83636,No
83637,No
83638,No
83639,Yes
83640,No
83641,Yes
83642,No
83643,No
83644,Yes
83645,No
83646,No
83647,No
83648,Yes
83649,Yes
83650,Yes
83651,No
83652,Yes
83653,Yes
83654,No
83655,No
83656,Yes
83657,No
83658,Yes
83659,No
83660,Yes
83661,No
83662,No
83663,No
83664,Yes
83665,Yes
83666,Yes
83667,No
83668,No
83669,Yes
83670,Yes
83671,No
83672,Yes
83673,Yes
83674,Yes
83675,Yes
83676,Yes
83677,Yes
83678,No
83679,No
83680,Yes
83681,No
83682,Yes
83683,No
83684,No
83685,Yes
83686,No
83687,No
83688,Yes
83689,Yes
83690,Yes
83691,Yes
83692,Yes
83693,Yes
83694,Yes
83695,Yes
83696,No
83697,No
83698,Yes
83699,No
83700,Yes
83701,Yes
83702,No
83703,No
83704,Yes
83705,Yes
83706,No
83707,Yes
83708,No
83709,Yes
83710,Yes
83711,No
83712,Yes
83713,Yes
83714,Yes
83715,Yes
83716,Yes
83717,No
83718,Yes
83719,No
83720,Yes
83721,Yes
83722,Yes
83723,Yes
83724,Yes
83725,Yes
83726,Yes
83727,No
83728,No
83729,No
83730,Yes
83731,Yes
83732,Yes
83733,Yes
83734,No
83735,Yes
83736,No
83737,No
83738,Yes
83739,Yes
83740,Yes
83741,Yes
83742,Yes
83743,Yes
83744,No
83745,No
83746,No
83747,Yes
83748,Yes
83749,Yes
83750,Yes
83751,Yes
83752,Yes
83753,Yes
83754,Yes
83755,Yes
83756,Yes
83757,Yes
83758,Yes
83759,Yes
83760,Yes
83761,Yes
83762,Yes
83763,No
83764,Yes
83765,No
83766,Yes
83767,Yes
83768,Yes
83769,No
83770,Yes
83771,Yes
83772,No
83773,Yes
83774,Yes
83775,Yes
83776,No
83777,No
83778,Yes
83779,No
83780,Yes
83781,No
83782,No
83783,No
83784,Yes
83785,No
83786,Yes
83787,Yes
83788,Yes
83789,No
83790,No
83791,No
83792,No
83793,Yes
83794,No
83795,No
83796,Yes
83797,Yes
83798,No
83799,Yes
83800,No
83801,No
83802,No
83803,Yes
83804,Yes
83805,Yes
83806,Yes
83807,No
83808,Yes
83809,No
83810,No
83811,Yes
83812,Yes
83813,No
83814,No
83815,No
83816,Yes
83817,No
83818,No
83819,Yes
83820,Yes
83821,No
83822,No
83823,Yes
83824,No
83825,Yes
83826,No
83827,No
83828,No
83829,Yes
83830,Yes
83831,No
83832,Yes
83833,Yes
83834,Yes
83835,No
83836,No
83837,No
83838,No
83839,No
83840,Yes
83841,No
83842,No
83843,No
83844,Yes
83845,Yes
83846,No
83847,No
83848,No
83849,Yes
83850,Yes
83851,Yes
83852,Yes
83853,No
83854,No
83855,Yes
83856,Yes
83857,Yes
83858,Yes
83859,No
83860,Yes
83861,No
83862,Yes
83863,No
83864,Yes
83865,No
83866,Yes
83867,Yes
83868,Yes
83869,Yes
83870,No
83871,Yes
83872,Yes
83873,No
83874,No
83875,No
83876,Yes
83877,Yes
83878,Yes
83879,Yes
83880,No
83881,No
83882,No
83883,No
83884,Yes
83885,No
83886,Yes
83887,No
83888,No
83889,No
83890,No
83891,Yes
83892,No
83893,No
83894,Yes
83895,Yes
83896,Yes
83897,Yes
83898,Yes
83899,Yes
83900,No
83901,Yes
83902,Yes
83903,No
83904,Yes
83905,No
83906,No
83907,Yes
83908,Yes
83909,Yes
83910,No
83911,No
83912,No
83913,No
83914,Yes
83915,Yes
83916,Yes
83917,No
83918,Yes
83919,Yes
83920,No
83921,No
83922,Yes
83923,No
83924,No
83925,No
83926,No
83927,No
83928,No
83929,Yes
83930,Yes
83931,Yes
83932,No
83933,No
83934,No
83935,No
83936,Yes
83937,No
83938,Yes
83939,Yes
83940,Yes
83941,Yes
83942,No
83943,No
83944,No
83945,No
83946,Yes
83947,Yes
83948,No
83949,Yes
83950,Yes
83951,Yes
83952,No
83953,Yes
83954,Yes
83955,Yes
83956,No
83957,Yes
83958,Yes
83959,No
83960,No
83961,Yes
83962,Yes
83963,Yes
83964,Yes
83965,Yes
83966,No
83967,No
83968,No
83969,No
83970,No
83971,Yes
83972,No
83973,No
83974,No
83975,Yes
83976,No
83977,No
83978,Yes
83979,Yes
83980,Yes
83981,No
83982,Yes
83983,No
83984,Yes
83985,Yes
83986,Yes
83987,Yes
83988,Yes
83989,Yes
83990,No
83991,No
83992,Yes
83993,Yes
83994,Yes
83995,No
83996,No
83997,Yes
83998,Yes
83999,Yes
84000,Yes
84001,Yes
84002,Yes
84003,Yes
84004,Yes
84005,Yes
84006,No
84007,No
84008,Yes
84009,Yes
84010,No
84011,Yes
84012,Yes
84013,Yes
84014,No
84015,No
84016,No
84017,No
84018,Yes
84019,Yes
84020,No
84021,No
84022,Yes
84023,Yes
84024,Yes
84025,Yes
84026,No
84027,No
84028,No
84029,No
84030,Yes
84031,No
84032,Yes
84033,No
84034,No
84035,No
84036,Yes
84037,Yes
84038,No
84039,Yes
84040,No
84041,Yes
84042,No
84043,Yes
84044,Yes
84045,No
84046,No
84047,Yes
84048,No
84049,No
84050,Yes
84051,Yes
84052,No
84053,No
84054,No
84055,Yes
84056,No
84057,Yes
84058,Yes
84059,Yes
84060,Yes
84061,Yes
84062,No
84063,Yes
84064,Yes
84065,Yes
84066,No
84067,Yes
84068,Yes
84069,No
84070,Yes
84071,No
84072,Yes
84073,No
84074,Yes
84075,No
84076,No
84077,No
84078,Yes
84079,Yes
84080,Yes
84081,No
84082,No
84083,Yes
84084,Yes
84085,No
84086,Yes
84087,No
84088,No
84089,No
84090,Yes
84091,Yes
84092,No
84093,No
84094,No
84095,No
84096,Yes
84097,No
84098,Yes
84099,No
84100,No
84101,No
84102,Yes
84103,Yes
84104,No
84105,Yes
84106,No
84107,Yes
84108,Yes
84109,Yes
84110,No
84111,No
84112,No
84113,Yes
84114,No
84115,No
84116,No
84117,No
84118,No
84119,Yes
84120,No
84121,Yes
84122,Yes
84123,No
84124,No
84125,Yes
84126,Yes
84127,No
84128,No
84129,No
84130,No
84131,Yes
84132,Yes
84133,Yes
84134,Yes
84135,No
84136,Yes
84137,Yes
84138,No
84139,No
84140,No
84141,No
84142,Yes
84143,No
84144,No
84145,Yes
84146,No
84147,No
84148,No
84149,Yes
84150,Yes
84151,Yes
84152,Yes
84153,Yes
84154,No
84155,Yes
84156,Yes
84157,No
84158,Yes
84159,Yes
84160,Yes
84161,Yes
84162,No
84163,Yes
84164,Yes
84165,Yes
84166,No
84167,No
84168,No
84169,No
84170,Yes
84171,No
84172,No
84173,No
84174,Yes
84175,Yes
84176,Yes
84177,Yes
84178,No
84179,No
84180,No
84181,Yes
84182,Yes
84183,Yes
84184,No
84185,No
84186,No
84187,No
84188,No
84189,Yes
84190,Yes
84191,Yes
84192,No
84193,No
84194,No
84195,Yes
84196,No
84197,Yes
84198,No
84199,Yes
84200,No
84201,Yes
84202,No
84203,Yes
84204,Yes
84205,No
84206,Yes
84207,Yes
84208,Yes
84209,No
84210,Yes
84211,No
84212,Yes
84213,Yes
84214,Yes
84215,Yes
84216,Yes
84217,Yes
84218,No
84219,Yes
84220,Yes
84221,No
84222,No
84223,Yes
84224,No
84225,No
84226,No
84227,Yes
84228,Yes
84229,No
84230,Yes
84231,Yes
84232,No
84233,No
84234,No
84235,Yes
84236,No
84237,No
84238,Yes
84239,Yes
84240,Yes
84241,Yes
84242,No
84243,No
84244,Yes
84245,Yes
84246,No
84247,Yes
84248,No
84249,No
84250,Yes
84251,No
84252,No
84253,Yes
84254,Yes
84255,No
84256,No
84257,Yes
84258,Yes
84259,Yes
84260,No
84261,Yes
84262,No
84263,Yes
84264,No
84265,Yes
84266,Yes
84267,Yes
84268,Yes
84269,No
84270,No
84271,Yes
84272,Yes
84273,No
84274,Yes
84275,No
84276,Yes
84277,No
84278,No
84279,No
84280,Yes
84281,Yes
84282,No
84283,Yes
84284,Yes
84285,No
84286,Yes
84287,No
84288,Yes
84289,Yes
84290,Yes
84291,Yes
84292,Yes
84293,No
84294,No
84295,Yes
84296,Yes
84297,Yes
84298,Yes
84299,Yes
84300,Yes
84301,Yes
84302,Yes
84303,No
84304,Yes
84305,Yes
84306,No
84307,Yes
84308,No
84309,No
84310,Yes
84311,Yes
84312,No
84313,Yes
84314,No
84315,No
84316,No
84317,Yes
84318,No
84319,Yes
84320,No
84321,No
84322,Yes
84323,Yes
84324,Yes
84325,No
84326,Yes
84327,No
84328,No
84329,Yes
84330,Yes
84331,Yes
84332,No
84333,No
84334,No
84335,No
84336,No
84337,No
84338,No
84339,Yes
84340,Yes
84341,No
84342,No
84343,No
84344,No
84345,Yes
84346,Yes
84347,No
84348,Yes
84349,Yes
84350,Yes
84351,No
84352,Yes
84353,Yes
84354,Yes
84355,No
84356,No
84357,No
84358,No
84359,No
84360,No
84361,Yes
84362,Yes
84363,Yes
84364,Yes
84365,Yes
84366,No
84367,No
84368,No
84369,Yes
84370,Yes
84371,Yes
84372,Yes
84373,Yes
84374,No
84375,No
84376,No
84377,No
84378,Yes
84379,Yes
84380,Yes
84381,Yes
84382,No
84383,No
84384,Yes
84385,No
84386,Yes
84387,Yes
84388,Yes
84389,Yes
84390,Yes
84391,No
84392,Yes
84393,Yes
84394,Yes
84395,Yes
84396,Yes
84397,Yes
84398,No
84399,Yes
84400,Yes
84401,Yes
84402,Yes
84403,Yes
84404,No
84405,No
84406,No
84407,No
84408,Yes
84409,Yes
84410,Yes
84411,No
84412,Yes
84413,No
84414,No
84415,Yes
84416,Yes
84417,Yes
84418,Yes
84419,Yes
84420,No
84421,Yes
84422,Yes
84423,Yes
84424,Yes
84425,No
84426,No
84427,No
84428,No
84429,Yes
84430,No
84431,Yes
84432,Yes
84433,Yes
84434,No
84435,No
84436,Yes
84437,Yes
84438,Yes
84439,Yes
84440,No
84441,Yes
84442,Yes
84443,Yes
84444,Yes
84445,Yes
84446,No
84447,Yes
84448,Yes
84449,Yes
84450,Yes
84451,No
84452,No
84453,No
84454,Yes
84455,Yes
84456,Yes
84457,Yes
84458,Yes
84459,No
84460,No
84461,Yes
84462,No
84463,No
84464,Yes
84465,No
84466,Yes
84467,Yes
84468,No
84469,No
84470,Yes
84471,Yes
84472,Yes
84473,Yes
84474,No
84475,Yes
84476,No
84477,No
84478,No
84479,Yes
84480,No
84481,No
84482,Yes
84483,Yes
84484,No
84485,Yes
84486,No
84487,Yes
84488,Yes
84489,No
84490,Yes
84491,Yes
84492,No
84493,No
84494,Yes
84495,No
84496,No
84497,Yes
84498,Yes
84499,Yes
84500,No
84501,Yes
84502,No
84503,Yes
84504,Yes
84505,No
84506,No
84507,Yes
84508,Yes
84509,No
84510,No
84511,Yes
84512,Yes
84513,No
84514,Yes
84515,No
84516,Yes
84517,No
84518,No
84519,No
84520,No
84521,Yes
84522,Yes
84523,Yes
84524,Yes
84525,Yes
84526,Yes
84527,No
84528,No
84529,Yes
84530,Yes
84531,Yes
84532,Yes
84533,Yes
84534,Yes
84535,Yes
84536,No
84537,Yes
84538,Yes
84539,No
84540,No
84541,Yes
84542,Yes
84543,Yes
84544,No
84545,Yes
84546,Yes
84547,Yes
84548,No
84549,No
84550,Yes
84551,No
84552,No
84553,Yes
84554,Yes
84555,Yes
84556,No
84557,Yes
84558,Yes
84559,No
84560,No
84561,No
84562,Yes
84563,Yes
84564,No
84565,No
84566,No
84567,No
84568,Yes
84569,Yes
84570,Yes
84571,Yes
84572,Yes
84573,No
84574,Yes
84575,Yes
84576,Yes
84577,No
84578,Yes
84579,No
84580,Yes
84581,Yes
84582,Yes
84583,Yes
84584,No
84585,No
84586,Yes
84587,No
84588,No
84589,No
84590,No
84591,Yes
84592,No
84593,Yes
84594,No
84595,No
84596,Yes
84597,No
84598,Yes
84599,No
84600,Yes
84601,No
84602,No
84603,Yes
84604,Yes
84605,Yes
84606,No
84607,Yes
84608,Yes
84609,No
84610,Yes
84611,Yes
84612,No
84613,No
84614,No
84615,Yes
84616,No
84617,Yes
84618,No
84619,No
84620,No
84621,Yes
84622,Yes
84623,Yes
84624,Yes
84625,Yes
84626,Yes
84627,No
84628,Yes
84629,No
84630,Yes
84631,No
84632,Yes
84633,No
84634,No
84635,No
84636,No
84637,No
84638,Yes
84639,Yes
84640,Yes
84641,Yes
84642,Yes
84643,Yes
84644,No
84645,Yes
84646,No
84647,No
84648,Yes
84649,Yes
84650,Yes
84651,Yes
84652,Yes
84653,No
84654,No
84655,Yes
84656,No
84657,Yes
84658,No
84659,Yes
84660,No
84661,No
84662,Yes
84663,No
84664,No
84665,Yes
84666,No
84667,No
84668,No
84669,No
84670,Yes
84671,Yes
84672,Yes
84673,Yes
84674,No
84675,Yes
84676,Yes
84677,No
84678,Yes
84679,Yes
84680,No
84681,No
84682,Yes
84683,No
84684,Yes
84685,No
84686,Yes
84687,No
84688,Yes
84689,Yes
84690,Yes
84691,No
84692,Yes
84693,No
84694,No
84695,Yes
84696,No
84697,Yes
84698,No
84699,No
84700,Yes
84701,Yes
84702,Yes
84703,Yes
84704,Yes
84705,Yes
84706,No
84707,Yes
84708,Yes
84709,Yes
84710,Yes
84711,No
84712,No
84713,No
84714,No
84715,No
84716,No
84717,No
84718,Yes
84719,No
84720,Yes
84721,No
84722,Yes
84723,No
84724,No
84725,Yes
84726,Yes
84727,No
84728,Yes
84729,Yes
84730,Yes
84731,No
84732,No
84733,Yes
84734,No
84735,No
84736,No
84737,No
84738,Yes
84739,Yes
84740,Yes
84741,Yes
84742,No
84743,No
84744,No
84745,No
84746,Yes
84747,No
84748,Yes
84749,Yes
84750,Yes
84751,Yes
84752,No
84753,No
84754,Yes
84755,No
84756,Yes
84757,No
84758,Yes
84759,No
84760,Yes
84761,Yes
84762,No
84763,Yes
84764,Yes
84765,Yes
84766,No
84767,No
84768,No
84769,No
84770,No
84771,Yes
84772,Yes
84773,Yes
84774,Yes
84775,No
84776,No
84777,No
84778,No
84779,No
84780,No
84781,Yes
84782,No
84783,No
84784,No
84785,Yes
84786,Yes
84787,No
84788,Yes
84789,Yes
84790,No
84791,Yes
84792,No
84793,Yes
84794,Yes
84795,Yes
84796,Yes
84797,Yes
84798,Yes
84799,Yes
84800,Yes
84801,Yes
84802,Yes
84803,Yes
84804,Yes
84805,No
84806,Yes
84807,Yes
84808,Yes
84809,Yes
84810,Yes
84811,No
84812,Yes
84813,Yes
84814,No
84815,Yes
84816,No
84817,No
84818,Yes
84819,No
84820,No
84821,No
84822,No
84823,Yes
84824,Yes
84825,Yes
84826,No
84827,No
84828,No
84829,No
84830,No
84831,Yes
84832,No
84833,Yes
84834,No
84835,Yes
84836,No
84837,No
84838,No
84839,No
84840,No
84841,No
84842,No
84843,No
84844,No
84845,No
84846,Yes
84847,Yes
84848,Yes
84849,No
84850,No
84851,Yes
84852,Yes
84853,No
84854,No
84855,Yes
84856,No
84857,Yes
84858,No
84859,Yes
84860,No
84861,Yes
84862,Yes
84863,Yes
84864,Yes
84865,No
84866,No
84867,Yes
84868,Yes
84869,Yes
84870,No
84871,No
84872,Yes
84873,No
84874,Yes
84875,Yes
84876,Yes
84877,Yes
84878,Yes
84879,Yes
84880,Yes
84881,Yes
84882,Yes
84883,Yes
84884,No
84885,Yes
84886,No
84887,Yes
84888,Yes
84889,Yes
84890,No
84891,Yes
84892,Yes
84893,Yes
84894,Yes
84895,No
84896,No
84897,No
84898,No
84899,No
84900,Yes
84901,No
84902,No
84903,No
84904,No
84905,Yes
84906,Yes
84907,Yes
84908,No
84909,No
84910,No
84911,Yes
84912,No
84913,No
84914,Yes
84915,No
84916,Yes
84917,No
84918,No
84919,No
84920,Yes
84921,Yes
84922,No
84923,No
84924,No
84925,No
84926,Yes
84927,No
84928,No
84929,No
84930,No
84931,No
84932,No
84933,Yes
84934,Yes
84935,No
84936,Yes
84937,No
84938,No
84939,Yes
84940,Yes
84941,No
84942,Yes
84943,No
84944,Yes
84945,No
84946,No
84947,Yes
84948,Yes
84949,No
84950,Yes
84951,No
84952,No
84953,No
84954,Yes
84955,Yes
84956,Yes
84957,Yes
84958,Yes
84959,No
84960,Yes
84961,No
84962,Yes
84963,Yes
84964,Yes
84965,No
84966,Yes
84967,No
84968,No
84969,No
84970,Yes
84971,Yes
84972,No
84973,No
84974,Yes
84975,No
84976,Yes
84977,Yes
84978,No
84979,No
84980,Yes
84981,No
84982,Yes
84983,No
84984,Yes
84985,Yes
84986,No
84987,Yes
84988,No
84989,No
84990,Yes
84991,Yes
84992,No
84993,No
84994,Yes
84995,Yes
84996,No
84997,Yes
84998,Yes
84999,No
85000,Yes
85001,Yes
85002,No
85003,Yes
85004,Yes
85005,No
85006,Yes
85007,Yes
85008,No
85009,No
85010,No
85011,No
85012,Yes
85013,Yes
85014,Yes
85015,No
85016,Yes
85017,Yes
85018,No
85019,Yes
85020,No
85021,Yes
85022,Yes
85023,Yes
85024,Yes
85025,Yes
85026,Yes
85027,No
85028,Yes
85029,No
85030,Yes
85031,Yes
85032,No
85033,Yes
85034,Yes
85035,Yes
85036,No
85037,No
85038,No
85039,No
85040,Yes
85041,Yes
85042,Yes
85043,No
85044,Yes
85045,Yes
85046,Yes
85047,No
85048,No
85049,Yes
85050,Yes
85051,No
85052,No
85053,No
85054,No
85055,No
85056,Yes
85057,Yes
85058,Yes
85059,No
85060,No
85061,No
85062,Yes
85063,Yes
85064,Yes
85065,Yes
85066,Yes
85067,Yes
85068,Yes
85069,Yes
85070,Yes
85071,Yes
85072,No
85073,No
85074,No
85075,No
85076,No
85077,Yes
85078,Yes
85079,Yes
85080,Yes
85081,Yes
85082,No
85083,No
85084,No
85085,Yes
85086,Yes
85087,Yes
85088,No
85089,Yes
85090,No
85091,No
85092,No
85093,No
85094,No
85095,Yes
85096,Yes
85097,Yes
85098,Yes
85099,Yes
85100,Yes
85101,No
85102,Yes
85103,Yes
85104,Yes
85105,Yes
85106,No
85107,No
85108,Yes
85109,Yes
85110,Yes
85111,Yes
85112,Yes
85113,No
85114,No
85115,Yes
85116,Yes
85117,No
85118,No
85119,No
85120,Yes
85121,No
85122,No
85123,No
85124,No
85125,Yes
85126,Yes
85127,No
85128,Yes
85129,Yes
85130,No
85131,Yes
85132,Yes
85133,Yes
85134,No
85135,Yes
85136,Yes
85137,Yes
85138,No
85139,Yes
85140,Yes
85141,Yes
85142,No
85143,No
85144,Yes
85145,Yes
85146,Yes
85147,No
85148,No
85149,No
85150,No
85151,No
85152,Yes
85153,No
85154,Yes
85155,No
85156,No
85157,Yes
85158,No
85159,Yes
85160,No
85161,No
85162,No
85163,No
85164,Yes
85165,Yes
85166,No
85167,Yes
85168,Yes
85169,Yes
85170,Yes
85171,No
85172,Yes
85173,Yes
85174,Yes
85175,No
85176,Yes
85177,No
85178,Yes
85179,No
85180,Yes
85181,Yes
85182,No
85183,No
85184,No
85185,Yes
85186,No
85187,Yes
85188,Yes
85189,Yes
85190,No
85191,No
85192,Yes
85193,Yes
85194,Yes
85195,No
85196,No
85197,Yes
85198,Yes
85199,Yes
85200,Yes
85201,Yes
85202,Yes
85203,Yes
85204,Yes
85205,No
85206,Yes
85207,Yes
85208,Yes
85209,Yes
85210,Yes
85211,No
85212,Yes
85213,Yes
85214,Yes
85215,No
85216,Yes
85217,Yes
85218,Yes
85219,No
85220,No
85221,Yes
85222,Yes
85223,No
85224,No
85225,Yes
85226,No
85227,No
85228,Yes
85229,No
85230,Yes
85231,Yes
85232,No
85233,Yes
85234,No
85235,Yes
85236,No
85237,Yes
85238,Yes
85239,No
85240,No
85241,Yes
85242,Yes
85243,Yes
85244,Yes
85245,Yes
85246,No
85247,Yes
85248,Yes
85249,Yes
85250,Yes
85251,No
85252,Yes
85253,Yes
85254,No
85255,No
85256,Yes
85257,No
85258,No
85259,Yes
85260,Yes
85261,No
85262,Yes
85263,Yes
85264,No
85265,No
85266,No
85267,No
85268,No
85269,No
85270,Yes
85271,Yes
85272,No
85273,Yes
85274,No
85275,Yes
85276,Yes
85277,No
85278,Yes
85279,Yes
85280,No
85281,Yes
85282,Yes
85283,No
85284,No
85285,No
85286,Yes
85287,No
85288,Yes
85289,Yes
85290,Yes
85291,No
85292,Yes
85293,Yes
85294,Yes
85295,No
85296,No
85297,No
85298,No
85299,No
85300,Yes
85301,Yes
85302,Yes
85303,Yes
85304,Yes
85305,No
85306,Yes
85307,No
85308,Yes
85309,Yes
85310,Yes
85311,No
85312,No
85313,Yes
85314,Yes
85315,Yes
85316,Yes
85317,No
85318,No
85319,Yes
85320,Yes
85321,No
85322,No
85323,Yes
85324,No
85325,No
85326,Yes
85327,Yes
85328,No
85329,No
85330,Yes
85331,No
85332,No
85333,No
85334,Yes
85335,No
85336,Yes
85337,No
85338,No
85339,Yes
85340,Yes
85341,Yes
85342,Yes
85343,Yes
85344,No
85345,Yes
85346,No
85347,No
85348,Yes
85349,Yes
85350,No
85351,No
85352,Yes
85353,No
85354,Yes
85355,Yes
85356,No
85357,No
85358,Yes
85359,Yes
85360,No
85361,Yes
85362,No
85363,Yes
85364,Yes
85365,Yes
85366,No
85367,Yes
85368,No
85369,No
85370,No
85371,No
85372,No
85373,No
85374,No
85375,No
85376,Yes
85377,Yes
85378,No
85379,Yes
85380,Yes
85381,Yes
85382,Yes
85383,Yes
85384,No
85385,Yes
85386,No
85387,No
85388,No
85389,No
85390,Yes
85391,No
85392,No
85393,No
85394,Yes
85395,Yes
85396,Yes
85397,Yes
85398,No
85399,Yes
85400,Yes
85401,Yes
85402,Yes
85403,Yes
85404,Yes
85405,Yes
85406,No
85407,No
85408,No
85409,Yes
85410,No
85411,Yes
85412,Yes
85413,Yes
85414,Yes
85415,Yes
85416,Yes
85417,No
85418,No
85419,No
85420,No
85421,Yes
85422,Yes
85423,No
85424,No
85425,No
85426,Yes
85427,Yes
85428,Yes
85429,Yes
85430,Yes
85431,No
85432,Yes
85433,Yes
85434,No
85435,No
85436,Yes
85437,Yes
85438,No
85439,Yes
85440,No
85441,No
85442,No
85443,Yes
85444,Yes
85445,Yes
85446,Yes
85447,No
85448,Yes
85449,No
85450,Yes
85451,No
85452,Yes
85453,Yes
85454,No
85455,Yes
85456,No
85457,Yes
85458,Yes
85459,Yes
85460,No
85461,No
85462,No
85463,Yes
85464,Yes
85465,No
85466,Yes
85467,Yes
85468,Yes
85469,Yes
85470,Yes
85471,Yes
85472,No
85473,No
85474,Yes
85475,No
85476,No
85477,Yes
85478,Yes
85479,No
85480,No
85481,Yes
85482,Yes
85483,Yes
85484,No
85485,No
85486,No
85487,No
85488,No
85489,Yes
85490,Yes
85491,Yes
85492,No
85493,No
85494,No
85495,Yes
85496,Yes
85497,No
85498,Yes
85499,No
85500,Yes
85501,Yes
85502,Yes
85503,No
85504,No
85505,No
85506,No
85507,No
85508,No
85509,Yes
85510,Yes
85511,No
85512,No
85513,No
85514,Yes
85515,Yes
85516,Yes
85517,Yes
85518,Yes
85519,No
85520,Yes
85521,Yes
85522,Yes
85523,Yes
85524,Yes
85525,Yes
85526,Yes
85527,Yes
85528,Yes
85529,No
85530,Yes
85531,No
85532,Yes
85533,Yes
85534,Yes
85535,No
85536,No
85537,Yes
85538,No
85539,Yes
85540,No
85541,No
85542,No
85543,No
85544,No
85545,No
85546,Yes
85547,No
85548,No
85549,Yes
85550,No
85551,No
85552,No
85553,Yes
85554,Yes
85555,Yes
85556,Yes
85557,Yes
85558,No
85559,Yes
85560,Yes
85561,Yes
85562,Yes
85563,No
85564,No
85565,No
85566,No
85567,Yes
85568,Yes
85569,Yes
85570,No
85571,Yes
85572,Yes
85573,Yes
85574,No
85575,Yes
85576,Yes
85577,Yes
85578,Yes
85579,Yes
85580,Yes
85581,No
85582,No
85583,Yes
85584,Yes
85585,No
85586,No
85587,Yes
85588,Yes
85589,No
85590,Yes
85591,Yes
85592,No
85593,No
85594,Yes
85595,No
85596,No
85597,Yes
85598,No
85599,Yes
85600,No
85601,No
85602,Yes
85603,Yes
85604,No
85605,No
85606,Yes
85607,Yes
85608,No
85609,Yes
85610,No
85611,No
85612,Yes
85613,Yes
85614,Yes
85615,Yes
85616,Yes
85617,Yes
85618,No
85619,No
85620,Yes
85621,Yes
85622,No
85623,Yes
85624,Yes
85625,Yes
85626,Yes
85627,Yes
85628,Yes
85629,No
85630,No
85631,Yes
85632,No
85633,Yes
85634,No
85635,No
85636,No
85637,Yes
85638,Yes
85639,Yes
85640,Yes
85641,No
85642,No
85643,No
85644,Yes
85645,No
85646,Yes
85647,Yes
85648,Yes
85649,Yes
85650,Yes
85651,Yes
85652,No
85653,No
85654,Yes
85655,Yes
85656,No
85657,Yes
85658,Yes
85659,Yes
85660,Yes
85661,Yes
85662,Yes
85663,No
85664,No
85665,No
85666,Yes
85667,Yes
85668,Yes
85669,Yes
85670,No
85671,Yes
85672,Yes
85673,Yes
85674,No
85675,Yes
85676,No
85677,Yes
85678,No
85679,Yes
85680,Yes
85681,No
85682,Yes
85683,Yes
85684,Yes
85685,Yes
85686,Yes
85687,No
85688,No
85689,No
85690,Yes
85691,No
85692,Yes
85693,Yes
85694,Yes
85695,Yes
85696,No
85697,Yes
85698,No
85699,Yes
85700,Yes
85701,Yes
85702,Yes
85703,No
85704,Yes
85705,Yes
85706,Yes
85707,No
85708,No
85709,Yes
85710,Yes
85711,No
85712,No
85713,No
85714,Yes
85715,Yes
85716,No
85717,No
85718,Yes
85719,Yes
85720,Yes
85721,Yes
85722,No
85723,No
85724,Yes
85725,No
85726,Yes
85727,Yes
85728,Yes
85729,No
85730,Yes
85731,No
85732,No
85733,Yes
85734,Yes
85735,No
85736,Yes
85737,No
85738,No
85739,Yes
85740,No
85741,No
85742,Yes
85743,Yes
85744,No
85745,Yes
85746,No
85747,No
85748,Yes
85749,No
85750,No
85751,No
85752,Yes
85753,No
85754,Yes
85755,Yes
85756,Yes
85757,Yes
85758,No
85759,No
85760,Yes
85761,Yes
85762,No
85763,Yes
85764,Yes
85765,Yes
85766,Yes
85767,Yes
85768,No
85769,Yes
85770,No
85771,No
85772,No
85773,No
85774,Yes
85775,Yes
85776,Yes
85777,Yes
85778,No
85779,No
85780,No
85781,Yes
85782,No
85783,No
85784,Yes
85785,No
85786,Yes
85787,Yes
85788,Yes
85789,Yes
85790,No
85791,Yes
85792,Yes
85793,Yes
85794,Yes
85795,Yes
85796,Yes
85797,Yes
85798,No
85799,No
85800,No
85801,No
85802,Yes
85803,Yes
85804,Yes
85805,Yes
85806,Yes
85807,No
85808,Yes
85809,Yes
85810,No
85811,No
85812,No
85813,Yes
85814,Yes
85815,No
85816,No
85817,No
85818,Yes
85819,No
85820,Yes
85821,Yes
85822,Yes
85823,No
85824,Yes
85825,Yes
85826,Yes
85827,Yes
85828,No
85829,No
85830,No
85831,Yes
85832,No
85833,Yes
85834,No
85835,No
85836,Yes
85837,No
85838,No
85839,Yes
85840,Yes
85841,No
85842,No
85843,Yes
85844,No
85845,Yes
85846,No
85847,Yes
85848,Yes
85849,Yes
85850,Yes
85851,Yes
85852,No
85853,Yes
85854,No
85855,No
85856,Yes
85857,Yes
85858,No
85859,No
85860,No
85861,No
85862,Yes
85863,No
85864,No
85865,No
85866,Yes
85867,No
85868,No
85869,Yes
85870,No
85871,Yes
85872,Yes
85873,No
85874,Yes
85875,Yes
85876,No
85877,No
85878,Yes
85879,No
85880,Yes
85881,Yes
85882,No
85883,No
85884,No
85885,Yes
85886,No
85887,Yes
85888,Yes
85889,Yes
85890,Yes
85891,Yes
85892,No
85893,No
85894,No
85895,Yes
85896,No
85897,No
85898,Yes
85899,Yes
85900,No
85901,Yes
85902,Yes
85903,No
85904,Yes
85905,Yes
85906,No
85907,No
85908,Yes
85909,Yes
85910,Yes
85911,Yes
85912,Yes
85913,No
85914,Yes
85915,Yes
85916,Yes
85917,Yes
85918,No
85919,Yes
85920,No
85921,No
85922,Yes
85923,No
85924,No
85925,Yes
85926,Yes
85927,Yes
85928,Yes
85929,No
85930,Yes
85931,Yes
85932,No
85933,No
85934,Yes
85935,No
85936,No
85937,No
85938,No
85939,No
85940,Yes
85941,No
85942,Yes
85943,Yes
85944,No
85945,Yes
85946,Yes
85947,Yes
85948,Yes
85949,Yes
85950,Yes
85951,Yes
85952,Yes
85953,Yes
85954,Yes
85955,Yes
85956,No
85957,Yes
85958,No
85959,Yes
85960,No
85961,No
85962,Yes
85963,No
85964,Yes
85965,No
85966,No
85967,Yes
85968,No
85969,Yes
85970,No
85971,Yes
85972,No
85973,No
85974,Yes
85975,Yes
85976,No
85977,Yes
85978,Yes
85979,No
85980,No
85981,Yes
85982,Yes
85983,No
85984,No
85985,Yes
85986,Yes
85987,No
85988,No
85989,No
85990,No
85991,Yes
85992,No
85993,No
85994,Yes
85995,No
85996,No
85997,No
85998,No
85999,Yes
86000,No
86001,No
86002,Yes
86003,Yes
86004,No
86005,No
86006,Yes
86007,Yes
86008,Yes
86009,Yes
86010,No
86011,No
86012,Yes
86013,Yes
86014,No
86015,Yes
86016,No
86017,Yes
86018,No
86019,No
86020,No
86021,Yes
86022,Yes
86023,No
86024,No
86025,No
86026,Yes
86027,No
86028,Yes
86029,Yes
86030,No
86031,Yes
86032,Yes
86033,Yes
86034,No
86035,No
86036,No
86037,Yes
86038,Yes
86039,No
86040,Yes
86041,Yes
86042,No
86043,No
86044,No
86045,Yes
86046,Yes
86047,Yes
86048,Yes
86049,Yes
86050,No
86051,No
86052,No
86053,Yes
86054,Yes
86055,Yes
86056,Yes
86057,Yes
86058,No
86059,Yes
86060,Yes
86061,Yes
86062,Yes
86063,Yes
86064,Yes
86065,No
86066,No
86067,No
86068,Yes
86069,Yes
86070,Yes
86071,Yes
86072,No
86073,Yes
86074,Yes
86075,No
86076,Yes
86077,Yes
86078,No
86079,Yes
86080,No
86081,Yes
86082,Yes
86083,Yes
86084,No
86085,Yes
86086,Yes
86087,Yes
86088,No
86089,Yes
86090,Yes
86091,No
86092,Yes
86093,No
86094,No
86095,Yes
86096,No
86097,Yes
86098,No
86099,No
86100,No
86101,Yes
86102,Yes
86103,No
86104,Yes
86105,Yes
86106,No
86107,Yes
86108,Yes
86109,No
86110,Yes
86111,No
86112,No
86113,No
86114,No
86115,Yes
86116,Yes
86117,No
86118,No
86119,No
86120,No
86121,Yes
86122,No
86123,Yes
86124,No
86125,No
86126,No
86127,Yes
86128,Yes
86129,No
86130,Yes
86131,No
86132,No
86133,No
86134,No
86135,Yes
86136,Yes
86137,Yes
86138,No
86139,Yes
86140,No
86141,Yes
86142,No
86143,Yes
86144,No
86145,Yes
86146,Yes
86147,Yes
86148,Yes
86149,Yes
86150,No
86151,Yes
86152,Yes
86153,No
86154,Yes
86155,No
86156,No
86157,Yes
86158,No
86159,No
86160,No
86161,Yes
86162,No
86163,No
86164,Yes
86165,Yes
86166,No
86167,Yes
86168,Yes
86169,Yes
86170,No
86171,No
86172,No
86173,Yes
86174,No
86175,No
86176,No
86177,No
86178,No
86179,No
86180,No
86181,No
86182,No
86183,Yes
86184,Yes
86185,No
86186,Yes
86187,Yes
86188,Yes
86189,No
86190,Yes
86191,No
86192,Yes
86193,No
86194,Yes
86195,Yes
86196,Yes
86197,Yes
86198,No
86199,Yes
86200,Yes
86201,Yes
86202,No
86203,No
86204,Yes
86205,Yes
86206,No
86207,No
86208,Yes
86209,Yes
86210,Yes
86211,Yes
86212,Yes
86213,No
86214,No
86215,Yes
86216,No
86217,Yes
86218,No
86219,No
86220,No
86221,Yes
86222,No
86223,No
86224,No
86225,No
86226,Yes
86227,Yes
86228,No
86229,No
86230,No
86231,No
86232,Yes
86233,No
86234,Yes
86235,No
86236,No
86237,Yes
86238,Yes
86239,No
86240,Yes
86241,Yes
86242,Yes
86243,Yes
86244,No
86245,Yes
86246,Yes
86247,Yes
86248,Yes
86249,No
86250,Yes
86251,Yes
86252,Yes
86253,Yes
86254,Yes
86255,No
86256,No
86257,No
86258,No
86259,No
86260,No
86261,No
86262,Yes
86263,Yes
86264,Yes
86265,No
86266,Yes
86267,No
86268,No
86269,No
86270,Yes
86271,Yes
86272,Yes
86273,Yes
86274,Yes
86275,No
86276,Yes
86277,Yes
86278,Yes
86279,Yes
86280,Yes
86281,No
86282,Yes
86283,Yes
86284,Yes
86285,No
86286,Yes
86287,No
86288,No
86289,No
86290,Yes
86291,Yes
86292,Yes
86293,Yes
86294,No
86295,Yes
86296,Yes
86297,No
86298,No
86299,Yes
86300,Yes
86301,No
86302,No
86303,Yes
86304,Yes
86305,No
86306,No
86307,Yes
86308,Yes
86309,Yes
86310,No
86311,Yes
86312,Yes
86313,Yes
86314,No
86315,Yes
86316,Yes
86317,No
86318,Yes
86319,No
86320,Yes
86321,Yes
86322,Yes
86323,Yes
86324,Yes
86325,Yes
86326,No
86327,No
86328,No
86329,Yes
86330,Yes
86331,No
86332,No
86333,No
86334,No
86335,Yes
86336,No
86337,No
86338,No
86339,Yes
86340,Yes
86341,Yes
86342,Yes
86343,No
86344,No
86345,Yes
86346,Yes
86347,Yes
86348,Yes
86349,No
86350,Yes
86351,Yes
86352,Yes
86353,Yes
86354,No
86355,Yes
86356,No
86357,No
86358,No
86359,Yes
86360,No
86361,Yes
86362,No
86363,No
86364,No
86365,Yes
86366,No
86367,Yes
86368,Yes
86369,No
86370,No
86371,Yes
86372,Yes
86373,Yes
86374,Yes
86375,No
86376,Yes
86377,No
86378,Yes
86379,No
86380,No
86381,Yes
86382,No
86383,Yes
86384,No
86385,Yes
86386,Yes
86387,No
86388,Yes
86389,Yes
86390,Yes
86391,Yes
86392,No
86393,Yes
86394,Yes
86395,No
86396,No
86397,Yes
86398,No
86399,No
86400,Yes
86401,No
86402,No
86403,Yes
86404,No
86405,Yes
86406,No
86407,No
86408,Yes
86409,Yes
86410,Yes
86411,Yes
86412,No
86413,No
86414,No
86415,No
86416,No
86417,No
86418,No
86419,No
86420,Yes
86421,Yes
86422,Yes
86423,Yes
86424,Yes
86425,Yes
86426,No
86427,No
86428,No
86429,Yes
86430,Yes
86431,No
86432,No
86433,Yes
86434,Yes
86435,Yes
86436,Yes
86437,No
86438,No
86439,Yes
86440,Yes
86441,Yes
86442,Yes
86443,Yes
86444,Yes
86445,Yes
86446,No
86447,Yes
86448,No
86449,No
86450,Yes
86451,No
86452,Yes
86453,Yes
86454,Yes
86455,No
86456,Yes
86457,Yes
86458,Yes
86459,Yes
86460,Yes
86461,Yes
86462,No
86463,No
86464,No
86465,Yes
86466,No
86467,No
86468,Yes
86469,No
86470,Yes
86471,No
86472,No
86473,Yes
86474,Yes
86475,No
86476,Yes
86477,Yes
86478,Yes
86479,Yes
86480,Yes
86481,Yes
86482,Yes
86483,Yes
86484,Yes
86485,No
86486,No
86487,Yes
86488,No
86489,Yes
86490,Yes
86491,Yes
86492,Yes
86493,Yes
86494,No
86495,Yes
86496,Yes
86497,No
86498,No
86499,Yes
86500,Yes
86501,No
86502,No
86503,Yes
86504,Yes
86505,Yes
86506,Yes
86507,Yes
86508,No
86509,No
86510,No
86511,Yes
86512,No
86513,No
86514,No
86515,Yes
86516,Yes
86517,Yes
86518,Yes
86519,Yes
86520,No
86521,No
86522,Yes
86523,Yes
86524,No
86525,No
86526,No
86527,No
86528,Yes
86529,No
86530,No
86531,Yes
86532,Yes
86533,No
86534,No
86535,Yes
86536,No
86537,Yes
86538,No
86539,No
86540,No
86541,Yes
86542,No
86543,Yes
86544,Yes
86545,No
86546,Yes
86547,No
86548,Yes
86549,Yes
86550,Yes
86551,No
86552,Yes
86553,No
86554,No
86555,No
86556,Yes
86557,No
86558,Yes
86559,No
86560,No
86561,Yes
86562,Yes
86563,No
86564,No
86565,No
86566,Yes
86567,Yes
86568,No
86569,No
86570,Yes
86571,No
86572,Yes
86573,No
86574,No
86575,Yes
86576,No
86577,Yes
86578,No
86579,No
86580,Yes
86581,Yes
86582,Yes
86583,No
86584,Yes
86585,Yes
86586,Yes
86587,No
86588,Yes
86589,No
86590,No
86591,Yes
86592,No
86593,Yes
86594,No
86595,Yes
86596,No
86597,Yes
86598,Yes
86599,No
86600,Yes
86601,Yes
86602,No
86603,Yes
86604,Yes
86605,Yes
86606,Yes
86607,Yes
86608,No
86609,No
86610,No
86611,No
86612,No
86613,Yes
86614,Yes
86615,No
86616,Yes
86617,Yes
86618,No
86619,Yes
86620,Yes
86621,No
86622,Yes
86623,No
86624,No
86625,No
86626,No
86627,Yes
86628,No
86629,Yes
86630,No
86631,Yes
86632,No
86633,No
86634,Yes
86635,Yes
86636,No
86637,No
86638,No
86639,No
86640,No
86641,Yes
86642,Yes
86643,No
86644,No
86645,No
86646,Yes
86647,No
86648,No
86649,No
86650,Yes
86651,Yes
86652,No
86653,Yes
86654,No
86655,Yes
86656,Yes
86657,No
86658,Yes
86659,Yes
86660,No
86661,Yes
86662,No
86663,No
86664,Yes
86665,Yes
86666,No
86667,No
86668,No
86669,Yes
86670,No
86671,Yes
86672,No
86673,Yes
86674,No
86675,No
86676,Yes
86677,No
86678,Yes
86679,No
86680,Yes
86681,Yes
86682,Yes
86683,No
86684,No
86685,Yes
86686,No
86687,Yes
86688,Yes
86689,Yes
86690,No
86691,Yes
86692,Yes
86693,Yes
86694,Yes
86695,No
86696,Yes
86697,Yes
86698,Yes
86699,Yes
86700,Yes
86701,No
86702,No
86703,Yes
86704,Yes
86705,Yes
86706,Yes
86707,No
86708,Yes
86709,No
86710,No
86711,No
86712,No
86713,Yes
86714,No
86715,Yes
86716,No
86717,No
86718,No
86719,No
86720,No
86721,Yes
86722,Yes
86723,Yes
86724,No
86725,Yes
86726,Yes
86727,No
86728,No
86729,Yes
86730,Yes
86731,Yes
86732,Yes
86733,Yes
86734,No
86735,Yes
86736,No
86737,Yes
86738,No
86739,Yes
86740,Yes
86741,No
86742,Yes
86743,Yes
86744,No
86745,Yes
86746,Yes
86747,No
86748,Yes
86749,Yes
86750,No
86751,Yes
86752,Yes
86753,No
86754,Yes
86755,Yes
86756,Yes
86757,Yes
86758,No
86759,Yes
86760,No
86761,Yes
86762,Yes
86763,No
86764,No
86765,No
86766,Yes
86767,Yes
86768,Yes
86769,No
86770,Yes
86771,No
86772,No
86773,Yes
86774,Yes
86775,Yes
86776,No
86777,Yes
86778,Yes
86779,Yes
86780,Yes
86781,Yes
86782,Yes
86783,Yes
86784,No
86785,No
86786,Yes
86787,Yes
86788,Yes
86789,No
86790,Yes
86791,Yes
86792,Yes
86793,No
86794,Yes
86795,No
86796,No
86797,Yes
86798,No
86799,Yes
86800,No
86801,No
86802,Yes
86803,Yes
86804,Yes
86805,Yes
86806,Yes
86807,No
86808,Yes
86809,No
86810,Yes
86811,Yes
86812,No
86813,Yes
86814,Yes
86815,Yes
86816,No
86817,Yes
86818,Yes
86819,Yes
86820,Yes
86821,No
86822,No
86823,No
86824,Yes
86825,Yes
86826,No
86827,Yes
86828,Yes
86829,No
86830,No
86831,Yes
86832,Yes
86833,Yes
86834,Yes
86835,Yes
86836,No
86837,No
86838,No
86839,No
86840,No
86841,Yes
86842,Yes
86843,No
86844,No
86845,Yes
86846,No
86847,Yes
86848,Yes
86849,Yes
86850,Yes
86851,No
86852,Yes
86853,Yes
86854,No
86855,No
86856,Yes
86857,Yes
86858,No
86859,Yes
86860,No
86861,No
86862,Yes
86863,No
86864,Yes
86865,Yes
86866,No
86867,No
86868,No
86869,No
86870,Yes
86871,No
86872,Yes
86873,No
86874,No
86875,No
86876,No
86877,Yes
86878,No
86879,No
86880,Yes
86881,Yes
86882,Yes
86883,No
86884,No
86885,No
86886,Yes
86887,Yes
86888,Yes
86889,Yes
86890,No
86891,No
86892,Yes
86893,No
86894,No
86895,No
86896,Yes
86897,Yes
86898,No
86899,No
86900,No
86901,No
86902,No
86903,No
86904,No
86905,Yes
86906,No
86907,Yes
86908,Yes
86909,Yes
86910,No
86911,No
86912,Yes
86913,No
86914,No
86915,Yes
86916,Yes
86917,Yes
86918,Yes
86919,Yes
86920,No
86921,Yes
86922,Yes
86923,No
86924,No
86925,No
86926,No
86927,No
86928,No
86929,Yes
86930,Yes
86931,Yes
86932,Yes
86933,Yes
86934,Yes
86935,Yes
86936,No
86937,Yes
86938,Yes
86939,No
86940,Yes
86941,Yes
86942,No
86943,Yes
86944,No
86945,Yes
86946,Yes
86947,Yes
86948,Yes
86949,Yes
86950,Yes
86951,No
86952,No
86953,Yes
86954,No
86955,No
86956,Yes
86957,Yes
86958,Yes
86959,Yes
86960,No
86961,Yes
86962,Yes
86963,No
86964,Yes
86965,Yes
86966,Yes
86967,No
86968,No
86969,Yes
86970,Yes
86971,No
86972,Yes
86973,No
86974,Yes
86975,Yes
86976,No
86977,Yes
86978,No
86979,Yes
86980,Yes
86981,Yes
86982,No
86983,Yes
86984,No
86985,Yes
86986,Yes
86987,Yes
86988,No
86989,Yes
86990,Yes
86991,Yes
86992,No
86993,Yes
86994,Yes
86995,No
86996,No
86997,No
86998,Yes
86999,No
87000,Yes
87001,No
87002,No
87003,Yes
87004,Yes
87005,Yes
87006,No
87007,No
87008,No
87009,No
87010,Yes
87011,Yes
87012,No
87013,No
87014,Yes
87015,No
87016,No
87017,Yes
87018,Yes
87019,Yes
87020,Yes
87021,Yes
87022,Yes
87023,Yes
87024,No
87025,No
87026,Yes
87027,Yes
87028,Yes
87029,No
87030,Yes
87031,Yes
87032,Yes
87033,No
87034,Yes
87035,Yes
87036,No
87037,Yes
87038,No
87039,No
87040,Yes
87041,Yes
87042,Yes
87043,Yes
87044,No
87045,No
87046,Yes
87047,Yes
87048,No
87049,No
87050,No
87051,Yes
87052,Yes
87053,Yes
87054,No
87055,No
87056,No
87057,No
87058,No
87059,Yes
87060,Yes
87061,No
87062,Yes
87063,No
87064,Yes
87065,No
87066,No
87067,No
87068,Yes
87069,Yes
87070,No
87071,Yes
87072,No
87073,No
87074,No
87075,Yes
87076,No
87077,Yes
87078,Yes
87079,No
87080,No
87081,No
87082,No
87083,No
87084,No
87085,No
87086,Yes
87087,No
87088,No
87089,No
87090,No
87091,No
87092,Yes
87093,No
87094,No
87095,Yes
87096,No
87097,No
87098,No
87099,Yes
87100,Yes
87101,No
87102,Yes
87103,No
87104,Yes
87105,No
87106,Yes
87107,No
87108,Yes
87109,Yes
87110,No
87111,Yes
87112,No
87113,Yes
87114,Yes
87115,Yes
87116,Yes
87117,Yes
87118,No
87119,Yes
87120,No
87121,No
87122,Yes
87123,No
87124,Yes
87125,Yes
87126,Yes
87127,Yes
87128,No
87129,Yes
87130,Yes
87131,No
87132,Yes
87133,No
87134,No
87135,Yes
87136,Yes
87137,Yes
87138,No
87139,Yes
87140,No
87141,No
87142,No
87143,No
87144,Yes
87145,No
87146,Yes
87147,Yes
87148,Yes
87149,Yes
87150,Yes
87151,Yes
87152,Yes
87153,Yes
87154,No
87155,Yes
87156,Yes
87157,Yes
87158,Yes
87159,No
87160,No
87161,Yes
87162,No
87163,Yes
87164,Yes
87165,Yes
87166,No
87167,Yes
87168,No
87169,Yes
87170,Yes
87171,Yes
87172,No
87173,Yes
87174,No
87175,No
87176,No
87177,Yes
87178,Yes
87179,No
87180,No
87181,Yes
87182,Yes
87183,Yes
87184,No
87185,Yes
87186,No
87187,No
87188,Yes
87189,No
87190,Yes
87191,Yes
87192,No
87193,No
87194,No
87195,Yes
87196,Yes
87197,Yes
87198,No
87199,No
87200,No
87201,No
87202,No
87203,Yes
87204,Yes
87205,Yes
87206,No
87207,No
87208,Yes
87209,No
87210,Yes
87211,Yes
87212,Yes
87213,Yes
87214,Yes
87215,No
87216,No
87217,No
87218,Yes
87219,No
87220,No
87221,No
87222,Yes
87223,No
87224,No
87225,No
87226,No
87227,Yes
87228,Yes
87229,Yes
87230,Yes
87231,Yes
87232,No
87233,Yes
87234,No
87235,Yes
87236,Yes
87237,No
87238,Yes
87239,Yes
87240,Yes
87241,No
87242,No
87243,No
87244,No
87245,No
87246,No
87247,No
87248,Yes
87249,Yes
87250,Yes
87251,Yes
87252,Yes
87253,No
87254,Yes
87255,No
87256,No
87257,Yes
87258,Yes
87259,Yes
87260,Yes
87261,No
87262,No
87263,No
87264,Yes
87265,No
87266,Yes
87267,No
87268,Yes
87269,Yes
87270,Yes
87271,Yes
87272,Yes
87273,Yes
87274,Yes
87275,Yes
87276,Yes
87277,Yes
87278,Yes
87279,No
87280,No
87281,Yes
87282,No
87283,No
87284,No
87285,No
87286,No
87287,No
87288,No
87289,Yes
87290,Yes
87291,No
87292,Yes
87293,Yes
87294,Yes
87295,No
87296,Yes
87297,Yes
87298,Yes
87299,Yes
87300,Yes
87301,Yes
87302,No
87303,Yes
87304,Yes
87305,No
87306,No
87307,Yes
87308,Yes
87309,Yes
87310,No
87311,No
87312,No
87313,No
87314,Yes
87315,Yes
87316,No
87317,Yes
87318,Yes
87319,Yes
87320,Yes
87321,No
87322,Yes
87323,Yes
87324,No
87325,No
87326,Yes
87327,No
87328,No
87329,No
87330,No
87331,No
87332,Yes
87333,Yes
87334,No
87335,No
87336,Yes
87337,No
87338,Yes
87339,No
87340,No
87341,Yes
87342,Yes
87343,No
87344,Yes
87345,Yes
87346,No
87347,No
87348,Yes
87349,Yes
87350,No
87351,No
87352,Yes
87353,Yes
87354,No
87355,No
87356,No
87357,No
87358,No
87359,Yes
87360,No
87361,No
87362,No
87363,No
87364,Yes
87365,Yes
87366,Yes
87367,Yes
87368,No
87369,No
87370,Yes
87371,No
87372,Yes
87373,Yes
87374,Yes
87375,Yes
87376,Yes
87377,Yes
87378,Yes
87379,Yes
87380,No
87381,No
87382,No
87383,Yes
87384,No
87385,No
87386,No
87387,Yes
87388,No
87389,Yes
87390,Yes
87391,Yes
87392,No
87393,No
87394,Yes
87395,Yes
87396,Yes
87397,Yes
87398,Yes
87399,No
87400,Yes
87401,Yes
87402,Yes
87403,No
87404,No
87405,Yes
87406,Yes
87407,Yes
87408,Yes
87409,Yes
87410,Yes
87411,No
87412,Yes
87413,Yes
87414,Yes
87415,Yes
87416,Yes
87417,Yes
87418,Yes
87419,No
87420,Yes
87421,Yes
87422,No
87423,Yes
87424,Yes
87425,Yes
87426,Yes
87427,No
87428,No
87429,Yes
87430,No
87431,Yes
87432,No
87433,No
87434,Yes
87435,No
87436,No
87437,No
87438,Yes
87439,Yes
87440,Yes
87441,No
87442,No
87443,No
87444,No
87445,Yes
87446,Yes
87447,No
87448,Yes
87449,No
87450,Yes
87451,No
87452,Yes
87453,Yes
87454,No
87455,Yes
87456,Yes
87457,Yes
87458,No
87459,Yes
87460,No
87461,No
87462,Yes
87463,Yes
87464,Yes
87465,No
87466,No
87467,Yes
87468,Yes
87469,Yes
87470,Yes
87471,No
87472,Yes
87473,Yes
87474,No
87475,No
87476,Yes
87477,No
87478,No
87479,Yes
87480,No
87481,Yes
87482,No
87483,Yes
87484,Yes
87485,Yes
87486,Yes
87487,Yes
87488,No
87489,Yes
87490,No
87491,Yes
87492,No
87493,Yes
87494,No
87495,Yes
87496,Yes
87497,Yes
87498,Yes
87499,Yes
87500,Yes
87501,No
87502,No
87503,No
87504,Yes
87505,Yes
87506,No
87507,Yes
87508,Yes
87509,No
87510,No
87511,No
87512,Yes
87513,Yes
87514,No
87515,Yes
87516,Yes
87517,No
87518,No
87519,Yes
87520,No
87521,Yes
87522,No
87523,Yes
87524,No
87525,Yes
87526,No
87527,No
87528,No
87529,No
87530,Yes
87531,Yes
87532,No
87533,Yes
87534,No
87535,No
87536,Yes
87537,No
87538,No
87539,No
87540,No
87541,Yes
87542,Yes
87543,No
87544,No
87545,Yes
87546,Yes
87547,Yes
87548,Yes
87549,Yes
87550,Yes
87551,Yes
87552,No
87553,No
87554,No
87555,No
87556,Yes
87557,No
87558,No
87559,Yes
87560,No
87561,Yes
87562,No
87563,No
87564,Yes
87565,Yes
87566,No
87567,No
87568,No
87569,No
87570,Yes
87571,No
87572,No
87573,Yes
87574,No
87575,Yes
87576,Yes
87577,Yes
87578,Yes
87579,No
87580,No
87581,No
87582,Yes
87583,Yes
87584,No
87585,No
87586,Yes
87587,No
87588,No
87589,Yes
87590,Yes
87591,Yes
87592,Yes
87593,Yes
87594,Yes
87595,No
87596,Yes
87597,Yes
87598,Yes
87599,Yes
87600,No
87601,Yes
87602,No
87603,No
87604,No
87605,Yes
87606,Yes
87607,Yes
87608,Yes
87609,No
87610,No
87611,No
87612,Yes
87613,No
87614,No
87615,Yes
87616,No
87617,Yes
87618,No
87619,Yes
87620,Yes
87621,Yes
87622,No
87623,No
87624,No
87625,Yes
87626,Yes
87627,Yes
87628,Yes
87629,No
87630,Yes
87631,Yes
87632,Yes
87633,Yes
87634,No
87635,Yes
87636,Yes
87637,No
87638,Yes
87639,Yes
87640,Yes
87641,Yes
87642,Yes
87643,No
87644,Yes
87645,Yes
87646,Yes
87647,Yes
87648,Yes
87649,Yes
87650,No
87651,Yes
87652,Yes
87653,Yes
87654,No
87655,No
87656,No
87657,No
87658,Yes
87659,No
87660,No
87661,No
87662,Yes
87663,Yes
87664,Yes
87665,No
87666,Yes
87667,Yes
87668,Yes
87669,Yes
87670,No
87671,Yes
87672,Yes
87673,No
87674,Yes
87675,Yes
87676,Yes
87677,No
87678,No
87679,Yes
87680,No
87681,Yes
87682,Yes
87683,No
87684,No
87685,Yes
87686,Yes
87687,Yes
87688,No
87689,No
87690,Yes
87691,Yes
87692,No
87693,No
87694,No
87695,No
87696,No
87697,Yes
87698,No
87699,No
87700,Yes
87701,Yes
87702,Yes
87703,Yes
87704,No
87705,No
87706,Yes
87707,Yes
87708,No
87709,Yes
87710,No
87711,Yes
87712,No
87713,Yes
87714,No
87715,No
87716,No
87717,Yes
87718,No
87719,No
87720,Yes
87721,Yes
87722,Yes
87723,Yes
87724,No
87725,Yes
87726,No
87727,No
87728,No
87729,No
87730,Yes
87731,Yes
87732,Yes
87733,No
87734,No
87735,Yes
87736,No
87737,Yes
87738,No
87739,Yes
87740,Yes
87741,Yes
87742,No
87743,Yes
87744,Yes
87745,Yes
87746,Yes
87747,Yes
87748,Yes
87749,No
87750,Yes
87751,No
87752,Yes
87753,Yes
87754,Yes
87755,Yes
87756,No
87757,Yes
87758,Yes
87759,Yes
87760,No
87761,Yes
87762,Yes
87763,No
87764,Yes
87765,No
87766,Yes
87767,Yes
87768,No
87769,Yes
87770,No
87771,Yes
87772,Yes
87773,Yes
87774,Yes
87775,No
87776,Yes
87777,No
87778,Yes
87779,Yes
87780,No
87781,No
87782,Yes
87783,Yes
87784,No
87785,No
87786,Yes
87787,Yes
87788,Yes
87789,Yes
87790,Yes
87791,Yes
87792,No
87793,No
87794,Yes
87795,No
87796,Yes
87797,No
87798,Yes
87799,No
87800,Yes
87801,No
87802,Yes
87803,Yes
87804,Yes
87805,Yes
87806,No
87807,No
87808,Yes
87809,No
87810,Yes
87811,No
87812,Yes
87813,No
87814,No
87815,Yes
87816,Yes
87817,No
87818,Yes
87819,Yes
87820,Yes
87821,Yes
87822,Yes
87823,No
87824,Yes
87825,Yes
87826,No
87827,Yes
87828,No
87829,No
87830,Yes
87831,No
87832,No
87833,Yes
87834,Yes
87835,Yes
87836,Yes
87837,Yes
87838,Yes
87839,Yes
87840,No
87841,Yes
87842,Yes
87843,Yes
87844,No
87845,Yes
87846,No
87847,Yes
87848,Yes
87849,No
87850,Yes
87851,Yes
87852,Yes
87853,No
87854,Yes
87855,Yes
87856,Yes
87857,Yes
87858,Yes
87859,No
87860,No
87861,No
87862,Yes
87863,Yes
87864,No
87865,Yes
87866,No
87867,Yes
87868,No
87869,Yes
87870,No
87871,No
87872,No
87873,Yes
87874,No
87875,Yes
87876,Yes
87877,Yes
87878,No
87879,No
87880,Yes
87881,Yes
87882,Yes
87883,No
87884,Yes
87885,No
87886,Yes
87887,No
87888,No
87889,Yes
87890,Yes
87891,No
87892,Yes
87893,No
87894,No
87895,Yes
87896,No
87897,Yes
87898,No
87899,Yes
87900,Yes
87901,Yes
87902,Yes
87903,Yes
87904,Yes
87905,Yes
87906,No
87907,Yes
87908,Yes
87909,No
87910,Yes
87911,No
87912,No
87913,Yes
87914,Yes
87915,No
87916,Yes
87917,Yes
87918,No
87919,No
87920,No
87921,Yes
87922,No
87923,Yes
87924,No
87925,Yes
87926,No
87927,No
87928,No
87929,Yes
87930,No
87931,No
87932,Yes
87933,Yes
87934,No
87935,No
87936,No
87937,No
87938,Yes
87939,No
87940,Yes
87941,Yes
87942,No
87943,Yes
87944,No
87945,No
87946,No
87947,No
87948,Yes
87949,No
87950,No
87951,Yes
87952,Yes
87953,No
87954,Yes
87955,Yes
87956,No
87957,No
87958,Yes
87959,No
87960,Yes
87961,No
87962,No
87963,No
87964,Yes
87965,No
87966,Yes
87967,No
87968,Yes
87969,Yes
87970,No
87971,No
87972,Yes
87973,No
87974,No
87975,Yes
87976,Yes
87977,No
87978,Yes
87979,No
87980,Yes
87981,No
87982,Yes
87983,No
87984,Yes
87985,Yes
87986,No
87987,Yes
87988,No
87989,Yes
87990,No
87991,Yes
87992,Yes
87993,Yes
87994,Yes
87995,No
87996,No
87997,Yes
87998,Yes
87999,Yes
88000,Yes
88001,No
88002,Yes
88003,Yes
88004,No
88005,Yes
88006,No
88007,No
88008,Yes
88009,No
88010,No
88011,Yes
88012,Yes
88013,Yes
88014,Yes
88015,Yes
88016,No
88017,Yes
88018,Yes
88019,No
88020,Yes
88021,Yes
88022,Yes
88023,Yes
88024,Yes
88025,Yes
88026,No
88027,No
88028,Yes
88029,Yes
88030,No
88031,Yes
88032,No
88033,No
88034,No
88035,No
88036,Yes
88037,Yes
88038,Yes
88039,Yes
88040,No
88041,Yes
88042,Yes
88043,No
88044,No
88045,No
88046,Yes
88047,Yes
88048,Yes
88049,No
88050,Yes
88051,Yes
88052,Yes
88053,No
88054,No
88055,No
88056,Yes
88057,Yes
88058,No
88059,No
88060,No
88061,Yes
88062,Yes
88063,No
88064,Yes
88065,Yes
88066,No
88067,Yes
88068,Yes
88069,No
88070,Yes
88071,Yes
88072,Yes
88073,No
88074,No
88075,No
88076,Yes
88077,Yes
88078,No
88079,Yes
88080,Yes
88081,Yes
88082,Yes
88083,No
88084,Yes
88085,Yes
88086,Yes
88087,No
88088,No
88089,No
88090,No
88091,Yes
88092,Yes
88093,No
88094,Yes
88095,Yes
88096,Yes
88097,Yes
88098,Yes
88099,Yes
88100,No
88101,No
88102,No
88103,No
88104,Yes
88105,Yes
88106,No
88107,No
88108,Yes
88109,No
88110,Yes
88111,No
88112,Yes
88113,Yes
88114,Yes
88115,No
88116,Yes
88117,No
88118,Yes
88119,No
88120,Yes
88121,Yes
88122,Yes
88123,No
88124,No
88125,No
88126,Yes
88127,Yes
88128,No
88129,No
88130,No
88131,No
88132,No
88133,No
88134,No
88135,No
88136,Yes
88137,Yes
88138,Yes
88139,No
88140,Yes
88141,Yes
88142,Yes
88143,No
88144,Yes
88145,Yes
88146,Yes
88147,No
88148,Yes
88149,Yes
88150,Yes
88151,No
88152,No
88153,Yes
88154,No
88155,No
88156,Yes
88157,Yes
88158,No
88159,Yes
88160,Yes
88161,Yes
88162,No
88163,Yes
88164,Yes
88165,Yes
88166,Yes
88167,No
88168,Yes
88169,Yes
88170,Yes
88171,Yes
88172,No
88173,Yes
88174,No
88175,Yes
88176,Yes
88177,Yes
88178,Yes
88179,Yes
88180,No
88181,Yes
88182,Yes
88183,No
88184,Yes
88185,Yes
88186,Yes
88187,Yes
88188,Yes
88189,No
88190,No
88191,Yes
88192,Yes
88193,Yes
88194,Yes
88195,No
88196,No
88197,Yes
88198,Yes
88199,Yes
88200,Yes
88201,Yes
88202,No
88203,Yes
88204,Yes
88205,No
88206,Yes
88207,No
88208,Yes
88209,Yes
88210,Yes
88211,No
88212,No
88213,No
88214,Yes
88215,Yes
88216,No
88217,No
88218,Yes
88219,Yes
88220,No
88221,Yes
88222,Yes
88223,No
88224,No
88225,No
88226,Yes
88227,No
88228,No
88229,No
88230,No
88231,Yes
88232,Yes
88233,Yes
88234,Yes
88235,Yes
88236,Yes
88237,No
88238,No
88239,No
88240,Yes
88241,No
88242,Yes
88243,Yes
88244,Yes
88245,No
88246,No
88247,Yes
88248,Yes
88249,No
88250,No
88251,Yes
88252,Yes
88253,Yes
88254,No
88255,No
88256,Yes
88257,Yes
88258,No
88259,Yes
88260,Yes
88261,Yes
88262,No
88263,No
88264,Yes
88265,Yes
88266,Yes
88267,Yes
88268,Yes
88269,No
88270,Yes
88271,Yes
88272,No
88273,No
88274,No
88275,No
88276,Yes
88277,No
88278,Yes
88279,No
88280,Yes
88281,Yes
88282,No
88283,Yes
88284,No
88285,No
88286,Yes
88287,No
88288,No
88289,No
88290,Yes
88291,No
88292,Yes
88293,Yes
88294,No
88295,No
88296,No
88297,Yes
88298,No
88299,Yes
88300,No
88301,No
88302,No
88303,Yes
88304,Yes
88305,No
88306,Yes
88307,Yes
88308,No
88309,Yes
88310,Yes
88311,Yes
88312,No
88313,Yes
88314,No
88315,Yes
88316,No
88317,Yes
88318,Yes
88319,Yes
88320,Yes
88321,No
88322,No
88323,Yes
88324,No
88325,No
88326,No
88327,No
88328,Yes
88329,Yes
88330,Yes
88331,Yes
88332,No
88333,Yes
88334,Yes
88335,No
88336,Yes
88337,Yes
88338,Yes
88339,Yes
88340,No
88341,Yes
88342,Yes
88343,Yes
88344,Yes
88345,Yes
88346,Yes
88347,Yes
88348,Yes
88349,Yes
88350,No
88351,Yes
88352,Yes
88353,Yes
88354,No
88355,No
88356,No
88357,No
88358,No
88359,Yes
88360,Yes
88361,Yes
88362,Yes
88363,Yes
88364,Yes
88365,Yes
88366,Yes
88367,No
88368,Yes
88369,No
88370,Yes
88371,No
88372,No
88373,Yes
88374,No
88375,Yes
88376,No
88377,No
88378,Yes
88379,Yes
88380,Yes
88381,Yes
88382,Yes
88383,Yes
88384,No
88385,Yes
88386,No
88387,Yes
88388,No
88389,No
88390,No
88391,No
88392,Yes
88393,Yes
88394,Yes
88395,Yes
88396,No
88397,Yes
88398,No
88399,Yes
88400,No
88401,Yes
88402,No
88403,Yes
88404,No
88405,Yes
88406,Yes
88407,Yes
88408,Yes
88409,No
88410,Yes
88411,Yes
88412,Yes
88413,Yes
88414,No
88415,No
88416,Yes
88417,Yes
88418,Yes
88419,Yes
88420,Yes
88421,No
88422,No
88423,No
88424,Yes
88425,Yes
88426,Yes
88427,Yes
88428,Yes
88429,Yes
88430,No
88431,Yes
88432,No
88433,No
88434,No
88435,Yes
88436,Yes
88437,No
88438,Yes
88439,No
88440,Yes
88441,No
88442,Yes
88443,No
88444,No
88445,Yes
88446,Yes
88447,Yes
88448,Yes
88449,No
88450,No
88451,Yes
88452,Yes
88453,No
88454,Yes
88455,Yes
88456,Yes
88457,Yes
88458,No
88459,Yes
88460,No
88461,No
88462,Yes
88463,Yes
88464,Yes
88465,Yes
88466,No
88467,No
88468,Yes
88469,No
88470,No
88471,Yes
88472,Yes
88473,Yes
88474,No
88475,Yes
88476,Yes
88477,Yes
88478,Yes
88479,Yes
88480,Yes
88481,Yes
88482,No
88483,No
88484,No
88485,Yes
88486,Yes
88487,Yes
88488,Yes
88489,No
88490,No
88491,Yes
88492,Yes
88493,Yes
88494,No
88495,Yes
88496,Yes
88497,No
88498,No
88499,Yes
88500,Yes
88501,Yes
88502,No
88503,Yes
88504,No
88505,Yes
88506,Yes
88507,Yes
88508,Yes
88509,Yes
88510,Yes
88511,Yes
88512,Yes
88513,Yes
88514,No
88515,Yes
88516,No
88517,Yes
88518,No
88519,No
88520,Yes
88521,No
88522,Yes
88523,No
88524,Yes
88525,Yes
88526,Yes
88527,No
88528,Yes
88529,No
88530,Yes
88531,No
88532,No
88533,No
88534,Yes
88535,Yes
88536,Yes
88537,No
88538,Yes
88539,No
88540,No
88541,No
88542,Yes
88543,Yes
88544,No
88545,No
88546,No
88547,No
88548,Yes
88549,Yes
88550,No
88551,Yes
88552,Yes
88553,No
88554,No
88555,No
88556,Yes
88557,Yes
88558,No
88559,No
88560,No
88561,Yes
88562,No
88563,No
88564,No
88565,Yes
88566,No
88567,Yes
88568,Yes
88569,No
88570,No
88571,No
88572,No
88573,Yes
88574,Yes
88575,Yes
88576,Yes
88577,Yes
88578,No
88579,Yes
88580,Yes
88581,Yes
88582,No
88583,Yes
88584,No
88585,Yes
88586,No
88587,No
88588,Yes
88589,Yes
88590,No
88591,Yes
88592,Yes
88593,Yes
88594,Yes
88595,No
88596,Yes
88597,Yes
88598,Yes
88599,Yes
88600,Yes
88601,No
88602,No
88603,Yes
88604,Yes
88605,Yes
88606,Yes
88607,Yes
88608,Yes
88609,No
88610,No
88611,Yes
88612,No
88613,Yes
88614,Yes
88615,Yes
88616,Yes
88617,No
88618,No
88619,Yes
88620,No
88621,Yes
88622,Yes
88623,Yes
88624,Yes
88625,No
88626,Yes
88627,Yes
88628,No
88629,Yes
88630,No
88631,Yes
88632,No
88633,Yes
88634,Yes
88635,Yes
88636,No
88637,Yes
88638,No
88639,Yes
88640,No
88641,No
88642,No
88643,Yes
88644,Yes
88645,No
88646,No
88647,Yes
88648,Yes
88649,Yes
88650,No
88651,Yes
88652,Yes
88653,Yes
88654,No
88655,Yes
88656,No
88657,No
88658,Yes
88659,No
88660,Yes
88661,Yes
88662,Yes
88663,No
88664,Yes
88665,No
88666,No
88667,Yes
88668,No
88669,No
88670,Yes
88671,Yes
88672,No
88673,Yes
88674,No
88675,No
88676,Yes
88677,Yes
88678,Yes
88679,Yes
88680,Yes
88681,No
88682,Yes
88683,Yes
88684,No
88685,Yes
88686,Yes
88687,No
88688,No
88689,No
88690,Yes
88691,No
88692,No
88693,No
88694,No
88695,No
88696,No
88697,No
88698,Yes
88699,Yes
88700,No
88701,Yes
88702,No
88703,No
88704,Yes
88705,Yes
88706,Yes
88707,No
88708,No
88709,No
88710,No
88711,Yes
88712,No
88713,Yes
88714,No
88715,Yes
88716,Yes
88717,Yes
88718,Yes
88719,No
88720,Yes
88721,No
88722,No
88723,Yes
88724,No
88725,No
88726,Yes
88727,Yes
88728,No
88729,Yes
88730,Yes
88731,Yes
88732,Yes
88733,No
88734,Yes
88735,No
88736,Yes
88737,Yes
88738,No
88739,No
88740,Yes
88741,Yes
88742,Yes
88743,No
88744,Yes
88745,No
88746,Yes
88747,Yes
88748,No
88749,Yes
88750,No
88751,Yes
88752,No
88753,Yes
88754,Yes
88755,Yes
88756,Yes
88757,No
88758,Yes
88759,Yes
88760,No
88761,Yes
88762,No
88763,No
88764,No
88765,No
88766,No
88767,Yes
88768,Yes
88769,Yes
88770,Yes
88771,No
88772,Yes
88773,No
88774,No
88775,No
88776,No
88777,Yes
88778,No
88779,No
88780,Yes
88781,No
88782,No
88783,No
88784,Yes
88785,Yes
88786,No
88787,Yes
88788,Yes
88789,Yes
88790,Yes
88791,No
88792,No
88793,Yes
88794,Yes
88795,Yes
88796,No
88797,No
88798,No
88799,Yes
88800,Yes
88801,No
88802,No
88803,No
88804,No
88805,No
88806,Yes
88807,Yes
88808,No
88809,Yes
88810,Yes
88811,Yes
88812,Yes
88813,No
88814,Yes
88815,No
88816,No
88817,No
88818,Yes
88819,No
88820,No
88821,Yes
88822,Yes
88823,Yes
88824,No
88825,No
88826,Yes
88827,Yes
88828,No
88829,No
88830,Yes
88831,Yes
88832,Yes
88833,No
88834,Yes
88835,Yes
88836,Yes
88837,Yes
88838,Yes
88839,No
88840,No
88841,Yes
88842,No
88843,No
88844,No
88845,No
88846,Yes
88847,Yes
88848,No
88849,Yes
88850,No
88851,No
88852,Yes
88853,Yes
88854,No
88855,Yes
88856,Yes
88857,Yes
88858,Yes
88859,No
88860,No
88861,No
88862,Yes
88863,Yes
88864,No
88865,No
88866,No
88867,No
88868,Yes
88869,Yes
88870,Yes
88871,No
88872,Yes
88873,No
88874,Yes
88875,Yes
88876,No
88877,No
88878,Yes
88879,Yes
88880,Yes
88881,No
88882,Yes
88883,No
88884,Yes
88885,Yes
88886,No
88887,No
88888,No
88889,No
88890,Yes
88891,Yes
88892,No
88893,No
88894,Yes
88895,Yes
88896,Yes
88897,Yes
88898,No
88899,Yes
88900,No
88901,No
88902,Yes
88903,No
88904,No
88905,Yes
88906,Yes
88907,Yes
88908,Yes
88909,No
88910,No
88911,No
88912,Yes
88913,Yes
88914,No
88915,No
88916,No
88917,No
88918,No
88919,Yes
88920,Yes
88921,No
88922,No
88923,No
88924,Yes
88925,Yes
88926,No
88927,No
88928,No
88929,No
88930,Yes
88931,Yes
88932,Yes
88933,Yes
88934,Yes
88935,Yes
88936,No
88937,Yes
88938,Yes
88939,No
88940,No
88941,Yes
88942,Yes
88943,No
88944,Yes
88945,No
88946,Yes
88947,Yes
88948,No
88949,Yes
88950,No
88951,No
88952,Yes
88953,Yes
88954,No
88955,No
88956,Yes
88957,Yes
88958,No
88959,Yes
88960,Yes
88961,No
88962,Yes
88963,No
88964,Yes
88965,No
88966,Yes
88967,No
88968,No
88969,Yes
88970,No
88971,Yes
88972,No
88973,No
88974,No
88975,Yes
88976,No
88977,No
88978,Yes
88979,Yes
88980,No
88981,No
88982,Yes
88983,No
88984,No
88985,Yes
88986,No
88987,No
88988,Yes
88989,Yes
88990,No
88991,Yes
88992,No
88993,No
88994,Yes
88995,No
88996,No
88997,No
88998,No
88999,No
89000,No
89001,No
89002,Yes
89003,Yes
89004,Yes
89005,Yes
89006,Yes
89007,No
89008,No
89009,Yes
89010,Yes
89011,Yes
89012,No
89013,Yes
89014,Yes
89015,Yes
89016,Yes
89017,No
89018,Yes
89019,No
89020,Yes
89021,Yes
89022,Yes
89023,No
89024,No
89025,Yes
89026,Yes
89027,No
89028,Yes
89029,No
89030,No
89031,Yes
89032,Yes
89033,Yes
89034,Yes
89035,Yes
89036,No
89037,Yes
89038,No
89039,Yes
89040,No
89041,Yes
89042,Yes
89043,Yes
89044,No
89045,Yes
89046,No
89047,No
89048,No
89049,No
89050,Yes
89051,Yes
89052,No
89053,Yes
89054,Yes
89055,Yes
89056,No
89057,Yes
89058,Yes
89059,No
89060,No
89061,No
89062,Yes
89063,No
89064,No
89065,Yes
89066,Yes
89067,Yes
89068,No
89069,Yes
89070,Yes
89071,No
89072,No
89073,Yes
89074,Yes
89075,No
89076,No
89077,Yes
89078,Yes
89079,Yes
89080,Yes
89081,Yes
89082,No
89083,Yes
89084,Yes
89085,No
89086,Yes
89087,No
89088,Yes
89089,Yes
89090,Yes
89091,Yes
89092,No
89093,No
89094,No
89095,No
89096,No
89097,No
89098,No
89099,Yes
89100,No
89101,Yes
89102,Yes
89103,Yes
89104,Yes
89105,Yes
89106,Yes
89107,No
89108,No
89109,Yes
89110,Yes
89111,No
89112,Yes
89113,No
89114,No
89115,Yes
89116,No
89117,Yes
89118,Yes
89119,No
89120,Yes
89121,Yes
89122,No
89123,Yes
89124,Yes
89125,Yes
89126,Yes
89127,Yes
89128,Yes
89129,Yes
89130,No
89131,Yes
89132,No
89133,Yes
89134,No
89135,Yes
89136,Yes
89137,Yes
89138,No
89139,Yes
89140,Yes
89141,No
89142,Yes
89143,Yes
89144,No
89145,No
89146,No
89147,Yes
89148,Yes
89149,Yes
89150,No
89151,Yes
89152,Yes
89153,No
89154,No
89155,Yes
89156,No
89157,Yes
89158,No
89159,Yes
89160,Yes
89161,Yes
89162,Yes
89163,No
89164,No
89165,Yes
89166,Yes
89167,No
89168,Yes
89169,No
89170,Yes
89171,Yes
89172,Yes
89173,Yes
89174,Yes
89175,No
89176,No
89177,No
89178,No
89179,No
89180,No
89181,No
89182,Yes
89183,No
89184,Yes
89185,Yes
89186,Yes
89187,No
89188,Yes
89189,Yes
89190,No
89191,No
89192,Yes
89193,No
89194,No
89195,Yes
89196,No
89197,Yes
89198,No
89199,No
89200,No
89201,Yes
89202,Yes
89203,Yes
89204,Yes
89205,Yes
89206,Yes
89207,No
89208,No
89209,Yes
89210,No
89211,No
89212,Yes
89213,No
89214,No
89215,No
89216,No
89217,Yes
89218,No
89219,Yes
89220,No
89221,Yes
89222,No
89223,Yes
89224,Yes
89225,No
89226,Yes
89227,No
89228,Yes
89229,Yes
89230,Yes
89231,No
89232,Yes
89233,No
89234,No
89235,Yes
89236,No
89237,No
89238,Yes
89239,Yes
89240,No
89241,No
89242,No
89243,No
89244,Yes
89245,Yes
89246,No
89247,No
89248,Yes
89249,Yes
89250,Yes
89251,Yes
89252,No
89253,No
89254,No
89255,No
89256,No
89257,Yes
89258,No
89259,Yes
89260,Yes
89261,Yes
89262,No
89263,No
89264,Yes
89265,Yes
89266,Yes
89267,Yes
89268,No
89269,No
89270,No
89271,Yes
89272,Yes
89273,Yes
89274,Yes
89275,No
89276,Yes
89277,No
89278,No
89279,Yes
89280,Yes
89281,Yes
89282,Yes
89283,Yes
89284,Yes
89285,No
89286,No
89287,Yes
89288,No
89289,Yes
89290,Yes
89291,No
89292,No
89293,Yes
89294,No
89295,No
89296,No
89297,Yes
89298,No
89299,No
89300,Yes
89301,Yes
89302,No
89303,No
89304,No
89305,No
89306,No
89307,Yes
89308,Yes
89309,Yes
89310,No
89311,Yes
89312,No
89313,No
89314,Yes
89315,No
89316,Yes
89317,Yes
89318,No
89319,Yes
89320,Yes
89321,No
89322,Yes
89323,No
89324,No
89325,No
89326,Yes
89327,Yes
89328,No
89329,No
89330,Yes
89331,Yes
89332,No
89333,No
89334,Yes
89335,No
89336,No
89337,Yes
89338,Yes
89339,No
89340,No
89341,Yes
89342,Yes
89343,No
89344,No
89345,Yes
89346,Yes
89347,No
89348,Yes
89349,No
89350,Yes
89351,No
89352,No
89353,Yes
89354,No
89355,Yes
89356,Yes
89357,Yes
89358,Yes
89359,Yes
89360,Yes
89361,No
89362,No
89363,No
89364,Yes
89365,No
89366,Yes
89367,Yes
89368,Yes
89369,No
89370,No
89371,No
89372,No
89373,Yes
89374,No
89375,No
89376,Yes
89377,Yes
89378,Yes
89379,No
89380,No
89381,No
89382,Yes
89383,No
89384,Yes
89385,No
89386,No
89387,Yes
89388,No
89389,No
89390,No
89391,No
89392,No
89393,Yes
89394,No
89395,No
89396,No
89397,Yes
89398,Yes
89399,Yes
89400,No
89401,No
89402,No
89403,Yes
89404,No
89405,Yes
89406,No
89407,Yes
89408,Yes
89409,No
89410,Yes
89411,Yes
89412,Yes
89413,No
89414,Yes
89415,Yes
89416,Yes
89417,No
89418,Yes
89419,Yes
89420,No
89421,No
89422,No
89423,Yes
89424,Yes
89425,No
89426,Yes
89427,No
89428,Yes
89429,No
89430,No
89431,Yes
89432,No
89433,Yes
89434,Yes
89435,Yes
89436,No
89437,No
89438,No
89439,Yes
89440,Yes
89441,Yes
89442,Yes
89443,Yes
89444,Yes
89445,Yes
89446,Yes
89447,Yes
89448,Yes
89449,Yes
89450,Yes
89451,Yes
89452,Yes
89453,Yes
89454,Yes
89455,Yes
89456,Yes
89457,Yes
89458,No
89459,Yes
89460,Yes
89461,Yes
89462,No
89463,Yes
89464,Yes
89465,Yes
89466,Yes
89467,No
89468,Yes
89469,Yes
89470,No
89471,No
89472,Yes
89473,No
89474,No
89475,Yes
89476,Yes
89477,Yes
89478,No
89479,Yes
89480,No
89481,No
89482,No
89483,No
89484,No
89485,Yes
89486,No
89487,No
89488,Yes
89489,Yes
89490,No
89491,Yes
89492,No
89493,No
89494,Yes
89495,Yes
89496,No
89497,No
89498,Yes
89499,Yes
89500,No
89501,No
89502,No
89503,No
89504,Yes
89505,No
89506,No
89507,Yes
89508,Yes
89509,No
89510,No
89511,No
89512,Yes
89513,No
89514,No
89515,Yes
89516,Yes
89517,No
89518,No
89519,No
89520,No
89521,No
89522,Yes
89523,No
89524,Yes
89525,No
89526,No
89527,Yes
89528,Yes
89529,Yes
89530,Yes
89531,No
89532,No
89533,Yes
89534,No
89535,Yes
89536,Yes
89537,Yes
89538,No
89539,Yes
89540,No
89541,Yes
89542,Yes
89543,Yes
89544,Yes
89545,No
89546,No
89547,No
89548,No
89549,Yes
89550,Yes
89551,No
89552,Yes
89553,Yes
89554,No
89555,No
89556,No
89557,Yes
89558,No
89559,No
89560,Yes
89561,Yes
89562,No
89563,No
89564,No
89565,Yes
89566,No
89567,Yes
89568,Yes
89569,No
89570,Yes
89571,Yes
89572,No
89573,No
89574,Yes
89575,Yes
89576,Yes
89577,No
89578,No
89579,Yes
89580,No
89581,Yes
89582,Yes
89583,Yes
89584,Yes
89585,No
89586,No
89587,No
89588,Yes
89589,Yes
89590,Yes
89591,Yes
89592,Yes
89593,Yes
89594,Yes
89595,No
89596,Yes
89597,Yes
89598,Yes
89599,Yes
89600,No
89601,Yes
89602,No
89603,Yes
89604,Yes
89605,No
89606,Yes
89607,Yes
89608,No
89609,No
89610,No
89611,No
89612,Yes
89613,Yes
89614,Yes
89615,Yes
89616,Yes
89617,Yes
89618,Yes
89619,No
89620,No
89621,Yes
89622,No
89623,Yes
89624,No
89625,Yes
89626,No
89627,Yes
89628,No
89629,No
89630,No
89631,No
89632,Yes
89633,Yes
89634,Yes
89635,Yes
89636,No
89637,No
89638,Yes
89639,Yes
89640,Yes
89641,Yes
89642,Yes
89643,No
89644,Yes
89645,Yes
89646,No
89647,No
89648,Yes
89649,No
89650,No
89651,Yes
89652,No
89653,No
89654,No
89655,No
89656,No
89657,No
89658,Yes
89659,No
89660,Yes
89661,No
89662,Yes
89663,No
89664,Yes
89665,No
89666,No
89667,Yes
89668,Yes
89669,Yes
89670,Yes
89671,No
89672,Yes
89673,Yes
89674,No
89675,Yes
89676,Yes
89677,Yes
89678,No
89679,No
89680,No
89681,Yes
89682,Yes
89683,No
89684,Yes
89685,Yes
89686,No
89687,No
89688,Yes
89689,No
89690,Yes
89691,Yes
89692,No
89693,No
89694,Yes
89695,No
89696,No
89697,No
89698,Yes
89699,Yes
89700,No
89701,No
89702,Yes
89703,Yes
89704,Yes
89705,No
89706,Yes
89707,Yes
89708,No
89709,Yes
89710,Yes
89711,No
89712,Yes
89713,Yes
89714,No
89715,No
89716,Yes
89717,Yes
89718,Yes
89719,No
89720,Yes
89721,Yes
89722,No
89723,Yes
89724,No
89725,No
89726,Yes
89727,Yes
89728,No
89729,Yes
89730,Yes
89731,No
89732,Yes
89733,Yes
89734,Yes
89735,Yes
89736,Yes
89737,Yes
89738,No
89739,No
89740,No
89741,Yes
89742,No
89743,Yes
89744,Yes
89745,Yes
89746,Yes
89747,Yes
89748,Yes
89749,No
89750,No
89751,Yes
89752,No
89753,No
89754,No
89755,Yes
89756,Yes
89757,Yes
89758,No
89759,Yes
89760,No
89761,Yes
89762,Yes
89763,No
89764,Yes
89765,Yes
89766,Yes
89767,No
89768,No
89769,Yes
89770,No
89771,No
89772,Yes
89773,No
89774,Yes
89775,Yes
89776,Yes
89777,No
89778,Yes
89779,Yes
89780,No
89781,No
89782,No
89783,No
89784,No
89785,Yes
89786,No
89787,Yes
89788,Yes
89789,Yes
89790,No
89791,No
89792,Yes
89793,Yes
89794,Yes
89795,Yes
89796,No
89797,Yes
89798,Yes
89799,No
89800,No
89801,Yes
89802,No
89803,Yes
89804,Yes
89805,Yes
89806,No
89807,No
89808,No
89809,Yes
89810,Yes
89811,Yes
89812,No
89813,No
89814,No
89815,Yes
89816,No
89817,Yes
89818,Yes
89819,Yes
89820,Yes
89821,Yes
89822,No
89823,No
89824,No
89825,Yes
89826,Yes
89827,Yes
89828,Yes
89829,Yes
89830,Yes
89831,Yes
89832,No
89833,No
89834,No
89835,Yes
89836,No
89837,Yes
89838,No
89839,No
89840,No
89841,Yes
89842,No
89843,Yes
89844,Yes
89845,Yes
89846,Yes
89847,No
89848,No
89849,No
89850,Yes
89851,No
89852,Yes
89853,Yes
89854,Yes
89855,No
89856,Yes
89857,No
89858,Yes
89859,Yes
89860,No
89861,No
89862,No
89863,Yes
89864,Yes
89865,Yes
89866,Yes
89867,Yes
89868,Yes
89869,No
89870,No
89871,No
89872,No
89873,Yes
89874,Yes
89875,Yes
89876,Yes
89877,No
89878,Yes
89879,Yes
89880,Yes
89881,No
89882,No
89883,Yes
89884,Yes
89885,No
89886,Yes
89887,No
89888,No
89889,No
89890,Yes
89891,Yes
89892,Yes
89893,Yes
89894,No
89895,No
89896,No
89897,No
89898,Yes
89899,Yes
89900,No
89901,Yes
89902,Yes
89903,Yes
89904,Yes
89905,Yes
89906,Yes
89907,No
89908,Yes
89909,No
89910,No
89911,Yes
89912,No
89913,Yes
89914,No
89915,Yes
89916,Yes
89917,Yes
89918,No
89919,No
89920,No
89921,Yes
89922,Yes
89923,No
89924,No
89925,No
89926,Yes
89927,Yes
89928,No
89929,No
89930,Yes
89931,Yes
89932,No
89933,No
89934,No
89935,Yes
89936,Yes
89937,No
89938,Yes
89939,Yes
89940,Yes
89941,Yes
89942,No
89943,No
89944,Yes
89945,No
89946,Yes
89947,Yes
89948,Yes
89949,No
89950,Yes
89951,No
89952,No
89953,Yes
89954,Yes
89955,Yes
89956,No
89957,Yes
89958,No
89959,Yes
89960,No
89961,Yes
89962,Yes
89963,No
89964,Yes
89965,No
89966,No
89967,Yes
89968,Yes
89969,No
89970,No
89971,Yes
89972,Yes
89973,Yes
89974,Yes
89975,Yes
89976,No
89977,No
89978,Yes
89979,No
89980,Yes
89981,Yes
89982,Yes
89983,No
89984,Yes
89985,Yes
89986,No
89987,No
89988,Yes
89989,Yes
89990,Yes
89991,Yes
89992,No
89993,Yes
89994,No
89995,No
89996,Yes
89997,No
89998,Yes
89999,No
90000,No
90001,No
90002,Yes
90003,Yes
90004,Yes
90005,Yes
90006,No
90007,Yes
90008,Yes
90009,Yes
90010,Yes
90011,No
90012,No
90013,Yes
90014,Yes
90015,No
90016,Yes
90017,Yes
90018,Yes
90019,Yes
90020,No
90021,No
90022,Yes
90023,No
90024,No
90025,No
90026,No
90027,Yes
90028,No
90029,Yes
90030,No
90031,Yes
90032,Yes
90033,No
90034,Yes
90035,Yes
90036,No
90037,Yes
90038,Yes
90039,Yes
90040,No
90041,No
90042,No
90043,No
90044,Yes
90045,No
90046,Yes
90047,Yes
90048,Yes
90049,No
90050,No
90051,Yes
90052,Yes
90053,Yes
90054,Yes
90055,Yes
90056,Yes
90057,No
90058,No
90059,No
90060,Yes
90061,No
90062,Yes
90063,Yes
90064,Yes
90065,No
90066,Yes
90067,Yes
90068,No
90069,No
90070,No
90071,Yes
90072,Yes
90073,No
90074,No
90075,Yes
90076,No
90077,Yes
90078,No
90079,Yes
90080,No
90081,No
90082,Yes
90083,Yes
90084,No
90085,No
90086,No
90087,Yes
90088,No
90089,Yes
90090,Yes
90091,No
90092,Yes
90093,No
90094,No
90095,No
90096,No
90097,Yes
90098,Yes
90099,No
90100,No
90101,Yes
90102,Yes
90103,No
90104,Yes
90105,No
90106,Yes
90107,Yes
90108,No
90109,Yes
90110,No
90111,No
90112,Yes
90113,No
90114,No
90115,No
90116,Yes
90117,Yes
90118,Yes
90119,Yes
90120,No
90121,No
90122,No
90123,No
90124,No
90125,No
90126,Yes
90127,No
90128,No
90129,Yes
90130,Yes
90131,No
90132,No
90133,Yes
90134,Yes
90135,No
90136,No
90137,No
90138,Yes
90139,No
90140,Yes
90141,Yes
90142,No
90143,Yes
90144,No
90145,Yes
90146,Yes
90147,No
90148,Yes
90149,Yes
90150,Yes
90151,No
90152,Yes
90153,Yes
90154,Yes
90155,No
90156,Yes
90157,No
90158,Yes
90159,Yes
90160,Yes
90161,Yes
90162,No
90163,No
90164,No
90165,No
90166,Yes
90167,Yes
90168,Yes
90169,Yes
90170,No
90171,Yes
90172,No
90173,Yes
90174,No
90175,Yes
90176,Yes
90177,No
90178,Yes
90179,Yes
90180,Yes
90181,Yes
90182,Yes
90183,Yes
90184,Yes
90185,No
90186,Yes
90187,No
90188,No
90189,No
90190,Yes
90191,No
90192,No
90193,Yes
90194,Yes
90195,Yes
90196,Yes
90197,No
90198,No
90199,Yes
90200,Yes
90201,No
90202,Yes
90203,Yes
90204,Yes
90205,No
90206,Yes
90207,Yes
90208,No
90209,Yes
90210,No
90211,Yes
90212,Yes
90213,No
90214,No
90215,Yes
90216,Yes
90217,Yes
90218,Yes
90219,Yes
90220,Yes
90221,Yes
90222,No
90223,No
90224,Yes
90225,No
90226,No
90227,Yes
90228,Yes
90229,Yes
90230,Yes
90231,Yes
90232,Yes
90233,Yes
90234,Yes
90235,Yes
90236,Yes
90237,Yes
90238,Yes
90239,Yes
90240,Yes
90241,No
90242,No
90243,Yes
90244,Yes
90245,No
90246,Yes
90247,Yes
90248,No
90249,No
90250,No
90251,No
90252,Yes
90253,Yes
90254,Yes
90255,No
90256,Yes
90257,Yes
90258,No
90259,No
90260,No
90261,Yes
90262,Yes
90263,No
90264,Yes
90265,No
90266,Yes
90267,Yes
90268,Yes
90269,Yes
90270,Yes
90271,No
90272,No
90273,Yes
90274,Yes
90275,Yes
90276,Yes
90277,No
90278,No
90279,No
90280,Yes
90281,Yes
90282,No
90283,No
90284,Yes
90285,Yes
90286,Yes
90287,No
90288,No
90289,No
90290,Yes
90291,No
90292,Yes
90293,No
90294,No
90295,No
90296,No
90297,No
90298,Yes
90299,Yes
90300,No
90301,No
90302,No
90303,No
90304,No
90305,Yes
90306,No
90307,No
90308,No
90309,No
90310,Yes
90311,Yes
90312,No
90313,No
90314,Yes
90315,No
90316,No
90317,Yes
90318,Yes
90319,No
90320,Yes
90321,Yes
90322,Yes
90323,Yes
90324,No
90325,Yes
90326,No
90327,No
90328,Yes
90329,Yes
90330,No
90331,Yes
90332,Yes
90333,No
90334,No
90335,No
90336,Yes
90337,Yes
90338,Yes
90339,Yes
90340,Yes
90341,No
90342,Yes
90343,Yes
90344,Yes
90345,No
90346,No
90347,Yes
90348,Yes
90349,Yes
90350,Yes
90351,No
90352,No
90353,No
90354,Yes
90355,Yes
90356,No
90357,No
90358,Yes
90359,Yes
90360,Yes
90361,No
90362,Yes
90363,Yes
90364,Yes
90365,No
90366,Yes
90367,Yes
90368,Yes
90369,Yes
90370,No
90371,Yes
90372,No
90373,No
90374,Yes
90375,Yes
90376,Yes
90377,No
90378,Yes
90379,Yes
90380,No
90381,Yes
90382,No
90383,Yes
90384,No
90385,No
90386,No
90387,No
90388,Yes
90389,No
90390,No
90391,No
90392,Yes
90393,No
90394,Yes
90395,Yes
90396,Yes
90397,No
90398,No
90399,Yes
90400,No
90401,Yes
90402,No
90403,Yes
90404,No
90405,Yes
90406,Yes
90407,Yes
90408,Yes
90409,Yes
90410,No
90411,Yes
90412,Yes
90413,Yes
90414,No
90415,Yes
90416,Yes
90417,Yes
90418,Yes
90419,Yes
90420,No
90421,No
90422,Yes
90423,Yes
90424,Yes
90425,No
90426,No
90427,No
90428,No
90429,Yes
90430,No
90431,No
90432,Yes
90433,Yes
90434,No
90435,No
90436,Yes
90437,No
90438,No
90439,No
90440,Yes
90441,No
90442,Yes
90443,Yes
90444,Yes
90445,Yes
90446,Yes
90447,No
90448,Yes
90449,Yes
90450,Yes
90451,No
90452,Yes
90453,No
90454,Yes
90455,Yes
90456,No
90457,No
90458,Yes
90459,Yes
90460,Yes
90461,Yes
90462,No
90463,Yes
90464,Yes
90465,Yes
90466,No
90467,No
90468,Yes
90469,Yes
90470,No
90471,Yes
90472,Yes
90473,No
90474,Yes
90475,Yes
90476,Yes
90477,Yes
90478,No
90479,Yes
90480,Yes
90481,Yes
90482,Yes
90483,No
90484,Yes
90485,Yes
90486,Yes
90487,No
90488,Yes
90489,Yes
90490,Yes
90491,Yes
90492,No
90493,Yes
90494,Yes
90495,Yes
90496,Yes
90497,Yes
90498,No
90499,No
90500,No
90501,Yes
90502,Yes
90503,Yes
90504,No
90505,No
90506,No
90507,Yes
90508,No
90509,Yes
90510,Yes
90511,Yes
90512,Yes
90513,No
90514,Yes
90515,Yes
90516,Yes
90517,Yes
90518,No
90519,No
90520,No
90521,No
90522,No
90523,No
90524,Yes
90525,Yes
90526,Yes
90527,No
90528,Yes
90529,Yes
90530,No
90531,No
90532,No
90533,No
90534,No
90535,No
90536,No
90537,No
90538,Yes
90539,Yes
90540,Yes
90541,No
90542,Yes
90543,No
90544,Yes
90545,Yes
90546,No
90547,Yes
90548,No
90549,Yes
90550,Yes
90551,Yes
90552,Yes
90553,No
90554,Yes
90555,No
90556,Yes
90557,Yes
90558,No
90559,No
90560,Yes
90561,Yes
90562,No
90563,Yes
90564,Yes
90565,No
90566,Yes
90567,No
90568,Yes
90569,Yes
90570,No
90571,No
90572,No
90573,Yes
90574,No
90575,Yes
90576,No
90577,Yes
90578,Yes
90579,Yes
90580,Yes
90581,No
90582,Yes
90583,Yes
90584,No
90585,Yes
90586,Yes
90587,Yes
90588,Yes
90589,Yes
90590,Yes
90591,No
90592,Yes
90593,Yes
90594,Yes
90595,Yes
90596,Yes
90597,No
90598,No
90599,Yes
90600,Yes
90601,No
90602,Yes
90603,Yes
90604,Yes
90605,Yes
90606,No
90607,No
90608,Yes
90609,No
90610,No
90611,No
90612,Yes
90613,Yes
90614,Yes
90615,No
90616,No
90617,Yes
90618,Yes
90619,Yes
90620,Yes
90621,Yes
90622,Yes
90623,Yes
90624,Yes
90625,No
90626,Yes
90627,No
90628,Yes
90629,Yes
90630,Yes
90631,Yes
90632,No
90633,Yes
90634,Yes
90635,No
90636,Yes
90637,No
90638,Yes
90639,No
90640,Yes
90641,Yes
90642,Yes
90643,Yes
90644,No
90645,No
90646,Yes
90647,No
90648,No
90649,Yes
90650,No
90651,No
90652,Yes
90653,Yes
90654,Yes
90655,No
90656,No
90657,No
90658,Yes
90659,Yes
90660,Yes
90661,Yes
90662,No
90663,Yes
90664,Yes
90665,Yes
90666,Yes
90667,Yes
90668,Yes
90669,Yes
90670,No
90671,Yes
90672,Yes
90673,Yes
90674,No
90675,No
90676,No
90677,Yes
90678,Yes
90679,No
90680,No
90681,Yes
90682,Yes
90683,No
90684,Yes
90685,Yes
90686,No
90687,Yes
90688,No
90689,No
90690,No
90691,No
90692,Yes
90693,No
90694,Yes
90695,Yes
90696,Yes
90697,No
90698,No
90699,No
90700,Yes
90701,Yes
90702,No
90703,Yes
90704,No
90705,No
90706,No
90707,No
90708,No
90709,No
90710,No
90711,Yes
90712,Yes
90713,Yes
90714,No
90715,No
90716,Yes
90717,Yes
90718,Yes
90719,No
90720,Yes
90721,No
90722,No
90723,Yes
90724,Yes
90725,Yes
90726,Yes
90727,No
90728,Yes
90729,No
90730,Yes
90731,No
90732,No
90733,Yes
90734,No
90735,Yes
90736,Yes
90737,No
90738,Yes
90739,No
90740,Yes
90741,Yes
90742,Yes
90743,Yes
90744,Yes
90745,No
90746,Yes
90747,Yes
90748,Yes
90749,No
90750,Yes
90751,No
90752,Yes
90753,Yes
90754,No
90755,No
90756,Yes
90757,Yes
90758,No
90759,Yes
90760,Yes
90761,No
90762,No
90763,Yes
90764,Yes
90765,No
90766,Yes
90767,Yes
90768,No
90769,Yes
90770,Yes
90771,Yes
90772,Yes
90773,No
90774,No
90775,Yes
90776,No
90777,Yes
90778,Yes
90779,No
90780,No
90781,Yes
90782,No
90783,No
90784,Yes
90785,No
90786,No
90787,Yes
90788,Yes
90789,Yes
90790,No
90791,No
90792,No
90793,Yes
90794,Yes
90795,No
90796,Yes
90797,Yes
90798,No
90799,Yes
90800,No
90801,Yes
90802,Yes
90803,No
90804,Yes
90805,Yes
90806,Yes
90807,No
90808,Yes
90809,No
90810,No
90811,Yes
90812,No
90813,Yes
90814,No
90815,Yes
90816,No
90817,No
90818,Yes
90819,Yes
90820,Yes
90821,Yes
90822,No
90823,Yes
90824,Yes
90825,No
90826,Yes
90827,Yes
90828,Yes
90829,No
90830,Yes
90831,Yes
90832,No
90833,Yes
90834,Yes
90835,No
90836,Yes
90837,No
90838,No
90839,Yes
90840,No
90841,No
90842,Yes
90843,No
90844,Yes
90845,Yes
90846,No
90847,Yes
90848,Yes
90849,Yes
90850,Yes
90851,Yes
90852,No
90853,Yes
90854,No
90855,Yes
90856,Yes
90857,No
90858,No
90859,No
90860,Yes
90861,No
90862,Yes
90863,No
90864,Yes
90865,No
90866,Yes
90867,Yes
90868,Yes
90869,Yes
90870,Yes
90871,Yes
90872,No
90873,Yes
90874,Yes
90875,No
90876,Yes
90877,Yes
90878,No
90879,No
90880,No
90881,Yes
90882,Yes
90883,Yes
90884,No
90885,Yes
90886,Yes
90887,No
90888,Yes
90889,Yes
90890,Yes
90891,Yes
90892,No
90893,No
90894,No
90895,No
90896,No
90897,Yes
90898,Yes
90899,Yes
90900,Yes
90901,Yes
90902,No
90903,Yes
90904,No
90905,Yes
90906,Yes
90907,Yes
90908,No
90909,Yes
90910,Yes
90911,Yes
90912,Yes
90913,No
90914,Yes
90915,Yes
90916,Yes
90917,Yes
90918,Yes
90919,No
90920,No
90921,Yes
90922,Yes
90923,Yes
90924,No
90925,Yes
90926,Yes
90927,No
90928,Yes
90929,Yes
90930,No
90931,Yes
90932,No
90933,Yes
90934,Yes
90935,Yes
90936,No
90937,Yes
90938,No
90939,Yes
90940,Yes
90941,No
90942,Yes
90943,Yes
90944,No
90945,Yes
90946,Yes
90947,Yes
90948,Yes
90949,No
90950,Yes
90951,No
90952,No
90953,No
90954,Yes
90955,No
90956,Yes
90957,Yes
90958,No
90959,Yes
90960,Yes
90961,Yes
90962,No
90963,Yes
90964,Yes
90965,No
90966,Yes
90967,Yes
90968,No
90969,Yes
90970,No
90971,Yes
90972,No
90973,No
90974,No
90975,Yes
90976,No
90977,Yes
90978,No
90979,No
90980,No
90981,No
90982,Yes
90983,No
90984,No
90985,No
90986,No
90987,No
90988,Yes
90989,No
90990,Yes
90991,Yes
90992,Yes
90993,No
90994,Yes
90995,Yes
90996,No
90997,No
90998,Yes
90999,Yes
91000,No
91001,No
91002,Yes
91003,Yes
91004,Yes
91005,No
91006,Yes
91007,No
91008,No
91009,No
91010,Yes
91011,No
91012,No
91013,Yes
91014,No
91015,No
91016,Yes
91017,No
91018,Yes
91019,Yes
91020,Yes
91021,Yes
91022,No
91023,No
91024,Yes
91025,No
91026,No
91027,Yes
91028,No
91029,No
91030,Yes
91031,Yes
91032,Yes
91033,Yes
91034,No
91035,No
91036,No
91037,Yes
91038,No
91039,No
91040,No
91041,Yes
91042,Yes
91043,Yes
91044,Yes
91045,No
91046,Yes
91047,No
91048,Yes
91049,Yes
91050,No
91051,Yes
91052,No
91053,Yes
91054,No
91055,Yes
91056,No
91057,Yes
91058,Yes
91059,No
91060,Yes
91061,No
91062,Yes
91063,Yes
91064,No
91065,No
91066,No
91067,Yes
91068,No
91069,Yes
91070,Yes
91071,No
91072,Yes
91073,Yes
91074,No
91075,Yes
91076,No
91077,Yes
91078,Yes
91079,No
91080,Yes
91081,No
91082,Yes
91083,Yes
91084,Yes
91085,Yes
91086,No
91087,Yes
91088,No
91089,No
91090,No
91091,Yes
91092,Yes
91093,Yes
91094,Yes
91095,Yes
91096,No
91097,Yes
91098,Yes
91099,Yes
91100,No
91101,Yes
91102,No
91103,Yes
91104,Yes
91105,Yes
91106,Yes
91107,No
91108,No
91109,Yes
91110,Yes
91111,No
91112,No
91113,Yes
91114,Yes
91115,No
91116,Yes
91117,No
91118,Yes
91119,No
91120,No
91121,Yes
91122,Yes
91123,Yes
91124,Yes
91125,Yes
91126,Yes
91127,No
91128,No
91129,No
91130,No
91131,Yes
91132,Yes
91133,No
91134,No
91135,Yes
91136,No
91137,Yes
91138,No
91139,No
91140,No
91141,Yes
91142,No
91143,Yes
91144,No
91145,No
91146,Yes
91147,No
91148,Yes
91149,Yes
91150,Yes
91151,Yes
91152,No
91153,No
91154,No
91155,No
91156,Yes
91157,No
91158,Yes
91159,Yes
91160,Yes
91161,No
91162,Yes
91163,No
91164,Yes
91165,Yes
91166,Yes
91167,Yes
91168,Yes
91169,Yes
91170,No
91171,Yes
91172,Yes
91173,No
91174,No
91175,No
91176,Yes
91177,Yes
91178,No
91179,Yes
91180,No
91181,No
91182,No
91183,No
91184,Yes
91185,No
91186,Yes
91187,Yes
91188,No
91189,No
91190,No
91191,Yes
91192,Yes
91193,Yes
91194,No
91195,Yes
91196,Yes
91197,Yes
91198,Yes
91199,Yes
91200,No
91201,No
91202,No
91203,Yes
91204,Yes
91205,No
91206,No
91207,No
91208,Yes
91209,Yes
91210,Yes
91211,No
91212,No
91213,Yes
91214,No
91215,Yes
91216,No
91217,Yes
91218,Yes
91219,Yes
91220,Yes
91221,No
91222,No
91223,Yes
91224,No
91225,No
91226,Yes
91227,Yes
91228,Yes
91229,Yes
91230,No
91231,Yes
91232,No
91233,Yes
91234,Yes
91235,Yes
91236,Yes
91237,No
91238,No
91239,No
91240,Yes
91241,Yes
91242,Yes
91243,Yes
91244,Yes
91245,Yes
91246,Yes
91247,Yes
91248,No
91249,Yes
91250,No
91251,No
91252,No
91253,No
91254,Yes
91255,No
91256,No
91257,No
91258,Yes
91259,Yes
91260,No
91261,Yes
91262,No
91263,Yes
91264,Yes
91265,Yes
91266,Yes
91267,No
91268,No
91269,Yes
91270,No
91271,Yes
91272,No
91273,Yes
91274,No
91275,Yes
91276,No
91277,No
91278,Yes
91279,Yes
91280,No
91281,No
91282,No
91283,Yes
91284,No
91285,Yes
91286,Yes
91287,Yes
91288,Yes
91289,Yes
91290,No
91291,Yes
91292,Yes
91293,Yes
91294,No
91295,Yes
91296,Yes
91297,Yes
91298,No
91299,No
91300,Yes
91301,Yes
91302,Yes
91303,Yes
91304,No
91305,No
91306,No
91307,No
91308,No
91309,Yes
91310,No
91311,Yes
91312,Yes
91313,Yes
91314,No
91315,Yes
91316,No
91317,Yes
91318,Yes
91319,Yes
91320,Yes
91321,No
91322,No
91323,Yes
91324,Yes
91325,Yes
91326,No
91327,No
91328,No
91329,Yes
91330,No
91331,Yes
91332,Yes
91333,Yes
91334,No
91335,Yes
91336,No
91337,Yes
91338,No
91339,Yes
91340,Yes
91341,No
91342,No
91343,No
91344,No
91345,Yes
91346,No
91347,Yes
91348,Yes
91349,Yes
91350,No
91351,Yes
91352,Yes
91353,No
91354,No
91355,No
91356,Yes
91357,Yes
91358,No
91359,No
91360,No
91361,No
91362,Yes
91363,No
91364,No
91365,Yes
91366,Yes
91367,Yes
91368,Yes
91369,Yes
91370,No
91371,Yes
91372,No
91373,No
91374,Yes
91375,No
91376,No
91377,Yes
91378,Yes
91379,Yes
91380,Yes
91381,Yes
91382,Yes
91383,No
91384,Yes
91385,Yes
91386,Yes
91387,Yes
91388,Yes
91389,No
91390,Yes
91391,No
91392,No
91393,Yes
91394,Yes
91395,Yes
91396,Yes
91397,No
91398,Yes
91399,Yes
91400,Yes
91401,No
91402,No
91403,Yes
91404,Yes
91405,Yes
91406,Yes
91407,Yes
91408,Yes
91409,Yes
91410,No
91411,No
91412,Yes
91413,No
91414,Yes
91415,No
91416,Yes
91417,No
91418,Yes
91419,No
91420,No
91421,Yes
91422,Yes
91423,Yes
91424,Yes
91425,Yes
91426,Yes
91427,No
91428,No
91429,No
91430,Yes
91431,No
91432,No
91433,Yes
91434,Yes
91435,No
91436,No
91437,Yes
91438,No
91439,No
91440,Yes
91441,Yes
91442,Yes
91443,Yes
91444,Yes
91445,Yes
91446,Yes
91447,Yes
91448,Yes
91449,Yes
91450,No
91451,No
91452,Yes
91453,No
91454,No
91455,Yes
91456,Yes
91457,No
91458,No
91459,No
91460,Yes
91461,No
91462,No
91463,Yes
91464,No
91465,Yes
91466,Yes
91467,No
91468,No
91469,Yes
91470,Yes
91471,No
91472,No
91473,No
91474,Yes
91475,Yes
91476,Yes
91477,Yes
91478,No
91479,Yes
91480,Yes
91481,No
91482,Yes
91483,No
91484,Yes
91485,Yes
91486,No
91487,Yes
91488,Yes
91489,Yes
91490,Yes
91491,Yes
91492,Yes
91493,Yes
91494,No
91495,Yes
91496,No
91497,No
91498,Yes
91499,Yes
91500,No
91501,Yes
91502,Yes
91503,Yes
91504,No
91505,Yes
91506,No
91507,Yes
91508,No
91509,Yes
91510,No
91511,Yes
91512,Yes
91513,Yes
91514,Yes
91515,Yes
91516,No
91517,Yes
91518,Yes
91519,Yes
91520,No
91521,Yes
91522,No
91523,Yes
91524,Yes
91525,Yes
91526,No
91527,Yes
91528,No
91529,Yes
91530,Yes
91531,Yes
91532,No
91533,No
91534,No
91535,No
91536,No
91537,No
91538,Yes
91539,No
91540,No
91541,No
91542,No
91543,Yes
91544,No
91545,Yes
91546,No
91547,Yes
91548,No
91549,No
91550,Yes
91551,Yes
91552,No
91553,Yes
91554,No
91555,No
91556,Yes
91557,No
91558,No
91559,Yes
91560,Yes
91561,Yes
91562,Yes
91563,Yes
91564,Yes
91565,Yes
91566,Yes
91567,Yes
91568,Yes
91569,Yes
91570,Yes
91571,No
91572,Yes
91573,Yes
91574,Yes
91575,Yes
91576,Yes
91577,No
91578,No
91579,Yes
91580,No
91581,Yes
91582,No
91583,Yes
91584,No
91585,Yes
91586,Yes
91587,Yes
91588,Yes
91589,Yes
91590,No
91591,Yes
91592,Yes
91593,No
91594,No
91595,Yes
91596,Yes
91597,Yes
91598,No
91599,No
91600,Yes
91601,No
91602,No
91603,No
91604,No
91605,Yes
91606,No
91607,Yes
91608,Yes
91609,Yes
91610,No
91611,Yes
91612,Yes
91613,No
91614,Yes
91615,No
91616,No
91617,Yes
91618,No
91619,No
91620,No
91621,Yes
91622,No
91623,No
91624,Yes
91625,No
91626,No
91627,Yes
91628,Yes
91629,No
91630,No
91631,Yes
91632,Yes
91633,Yes
91634,Yes
91635,No
91636,Yes
91637,Yes
91638,Yes
91639,Yes
91640,No
91641,Yes
91642,Yes
91643,Yes
91644,Yes
91645,No
91646,No
91647,Yes
91648,Yes
91649,No
91650,No
91651,Yes
91652,No
91653,Yes
91654,Yes
91655,No
91656,Yes
91657,Yes
91658,Yes
91659,Yes
91660,Yes
91661,No
91662,Yes
91663,Yes
91664,Yes
91665,No
91666,No
91667,Yes
91668,No
91669,No
91670,No
91671,No
91672,Yes
91673,Yes
91674,Yes
91675,Yes
91676,Yes
91677,No
91678,Yes
91679,Yes
91680,No
91681,Yes
91682,Yes
91683,Yes
91684,Yes
91685,Yes
91686,Yes
91687,No
91688,Yes
91689,No
91690,No
91691,Yes
91692,Yes
91693,Yes
91694,No
91695,Yes
91696,Yes
91697,Yes
91698,Yes
91699,Yes
91700,Yes
91701,Yes
91702,Yes
91703,Yes
91704,No
91705,Yes
91706,No
91707,Yes
91708,Yes
91709,Yes
91710,No
91711,Yes
91712,No
91713,No
91714,No
91715,Yes
91716,Yes
91717,Yes
91718,Yes
91719,Yes
91720,Yes
91721,Yes
91722,Yes
91723,Yes
91724,Yes
91725,Yes
91726,Yes
91727,Yes
91728,No
91729,Yes
91730,Yes
91731,No
91732,Yes
91733,No
91734,Yes
91735,No
91736,No
91737,No
91738,Yes
91739,No
91740,No
91741,Yes
91742,No
91743,No
91744,Yes
91745,No
91746,Yes
91747,Yes
91748,Yes
91749,No
91750,Yes
91751,Yes
91752,Yes
91753,No
91754,Yes
91755,Yes
91756,Yes
91757,No
91758,Yes
91759,No
91760,Yes
91761,Yes
91762,Yes
91763,No
91764,Yes
91765,Yes
91766,Yes
91767,No
91768,Yes
91769,Yes
91770,No
91771,No
91772,Yes
91773,No
91774,No
91775,No
91776,No
91777,Yes
91778,No
91779,Yes
91780,Yes
91781,No
91782,No
91783,Yes
91784,Yes
91785,Yes
91786,Yes
91787,No
91788,No
91789,No
91790,Yes
91791,Yes
91792,No
91793,Yes
91794,No
91795,Yes
91796,Yes
91797,No
91798,Yes
91799,No
91800,No
91801,No
91802,No
91803,Yes
91804,Yes
91805,Yes
91806,No
91807,Yes
91808,Yes
91809,Yes
91810,Yes
91811,Yes
91812,No
91813,No
91814,Yes
91815,Yes
91816,No
91817,Yes
91818,Yes
91819,Yes
91820,No
91821,Yes
91822,No
91823,No
91824,No
91825,Yes
91826,No
91827,No
91828,No
91829,No
91830,Yes
91831,Yes
91832,No
91833,No
91834,Yes
91835,No
91836,Yes
91837,Yes
91838,Yes
91839,Yes
91840,No
91841,No
91842,No
91843,No
91844,Yes
91845,No
91846,Yes
91847,Yes
91848,Yes
91849,Yes
91850,Yes
91851,No
91852,No
91853,No
91854,Yes
91855,Yes
91856,No
91857,No
91858,Yes
91859,Yes
91860,No
91861,No
91862,No
91863,Yes
91864,Yes
91865,Yes
91866,Yes
91867,Yes
91868,Yes
91869,Yes
91870,No
91871,Yes
91872,Yes
91873,Yes
91874,Yes
91875,No
91876,Yes
91877,No
91878,Yes
91879,Yes
91880,Yes
91881,Yes
91882,No
91883,Yes
91884,Yes
91885,Yes
91886,Yes
91887,Yes
91888,No
91889,Yes
91890,No
91891,Yes
91892,No
91893,Yes
91894,No
91895,No
91896,Yes
91897,No
91898,Yes
91899,Yes
91900,No
91901,No
91902,Yes
91903,No
91904,Yes
91905,No
91906,Yes
91907,No
91908,Yes
91909,No
91910,No
91911,Yes
91912,Yes
91913,Yes
91914,Yes
91915,No
91916,Yes
91917,Yes
91918,Yes
91919,No
91920,No
91921,No
91922,No
91923,Yes
91924,No
91925,No
91926,No
91927,Yes
91928,Yes
91929,No
91930,Yes
91931,No
91932,Yes
91933,Yes
91934,Yes
91935,Yes
91936,No
91937,Yes
91938,Yes
91939,Yes
91940,No
91941,Yes
91942,No
91943,No
91944,Yes
91945,Yes
91946,No
91947,Yes
91948,Yes
91949,Yes
91950,No
91951,Yes
91952,No
91953,No
91954,No
91955,Yes
91956,No
91957,Yes
91958,No
91959,Yes
91960,Yes
91961,Yes
91962,No
91963,Yes
91964,No
91965,Yes
91966,Yes
91967,Yes
91968,No
91969,Yes
91970,No
91971,Yes
91972,No
91973,No
91974,No
91975,Yes
91976,Yes
91977,No
91978,Yes
91979,Yes
91980,No
91981,No
91982,No
91983,Yes
91984,Yes
91985,No
91986,Yes
91987,No
91988,Yes
91989,Yes
91990,Yes
91991,Yes
91992,Yes
91993,No
91994,Yes
91995,No
91996,No
91997,Yes
91998,No
91999,No
92000,Yes
92001,No
92002,No
92003,Yes
92004,Yes
92005,No
92006,No
92007,Yes
92008,Yes
92009,No
92010,No
92011,Yes
92012,No
92013,No
92014,No
92015,No
92016,Yes
92017,No
92018,Yes
92019,No
92020,No
92021,Yes
92022,No
92023,No
92024,No
92025,No
92026,Yes
92027,Yes
92028,No
92029,Yes
92030,No
92031,No
92032,No
92033,Yes
92034,No
92035,Yes
92036,Yes
92037,Yes
92038,No
92039,Yes
92040,Yes
92041,Yes
92042,No
92043,No
92044,Yes
92045,No
92046,No
92047,No
92048,No
92049,Yes
92050,Yes
92051,Yes
92052,Yes
92053,Yes
92054,Yes
92055,Yes
92056,No
92057,Yes
92058,Yes
92059,No
92060,Yes
92061,No
92062,Yes
92063,No
92064,No
92065,No
92066,Yes
92067,No
92068,Yes
92069,Yes
92070,Yes
92071,No
92072,Yes
92073,No
92074,Yes
92075,Yes
92076,No
92077,Yes
92078,No
92079,Yes
92080,Yes
92081,Yes
92082,Yes
92083,Yes
92084,Yes
92085,Yes
92086,No
92087,Yes
92088,Yes
92089,Yes
92090,No
92091,Yes
92092,Yes
92093,Yes
92094,No
92095,No
92096,Yes
92097,Yes
92098,No
92099,No
92100,No
92101,No
92102,Yes
92103,Yes
92104,Yes
92105,No
92106,Yes
92107,Yes
92108,Yes
92109,No
92110,Yes
92111,Yes
92112,No
92113,Yes
92114,No
92115,Yes
92116,Yes
92117,Yes
92118,No
92119,Yes
92120,Yes
92121,No
92122,No
92123,Yes
92124,No
92125,Yes
92126,No
92127,Yes
92128,Yes
92129,Yes
92130,No
92131,Yes
92132,Yes
92133,No
92134,No
92135,No
92136,No
92137,Yes
92138,No
92139,Yes
92140,Yes
92141,Yes
92142,No
92143,No
92144,Yes
92145,No
92146,Yes
92147,No
92148,Yes
92149,Yes
92150,No
92151,No
92152,Yes
92153,Yes
92154,Yes
92155,No
92156,Yes
92157,Yes
92158,No
92159,No
92160,Yes
92161,Yes
92162,No
92163,No
92164,Yes
92165,Yes
92166,Yes
92167,Yes
92168,Yes
92169,No
92170,No
92171,Yes
92172,No
92173,No
92174,Yes
92175,No
92176,Yes
92177,Yes
92178,Yes
92179,No
92180,No
92181,No
92182,No
92183,No
92184,Yes
92185,Yes
92186,No
92187,Yes
92188,Yes
92189,Yes
92190,No
92191,Yes
92192,Yes
92193,Yes
92194,No
92195,Yes
92196,Yes
92197,No
92198,No
92199,No
92200,Yes
92201,Yes
92202,Yes
92203,No
92204,No
92205,No
92206,No
92207,Yes
92208,No
92209,Yes
92210,No
92211,No
92212,No
92213,No
92214,No
92215,No
92216,No
92217,Yes
92218,Yes
92219,Yes
92220,No
92221,No
92222,No
92223,Yes
92224,No
92225,No
92226,No
92227,No
92228,No
92229,No
92230,Yes
92231,Yes
92232,Yes
92233,No
92234,Yes
92235,Yes
92236,Yes
92237,Yes
92238,Yes
92239,Yes
92240,Yes
92241,Yes
92242,No
92243,No
92244,Yes
92245,No
92246,Yes
92247,No
92248,No
92249,No
92250,Yes
92251,Yes
92252,No
92253,Yes
92254,No
92255,Yes
92256,No
92257,Yes
92258,No
92259,Yes
92260,Yes
92261,Yes
92262,No
92263,Yes
92264,Yes
92265,No
92266,Yes
92267,No
92268,Yes
92269,No
92270,Yes
92271,Yes
92272,Yes
92273,Yes
92274,Yes
92275,Yes
92276,Yes
92277,No
92278,Yes
92279,No
92280,No
92281,No
92282,Yes
92283,No
92284,Yes
92285,No
92286,No
92287,Yes
92288,Yes
92289,Yes
92290,No
92291,Yes
92292,No
92293,Yes
92294,Yes
92295,Yes
92296,No
92297,No
92298,Yes
92299,Yes
92300,No
92301,Yes
92302,Yes
92303,Yes
92304,Yes
92305,Yes
92306,Yes
92307,Yes
92308,No
92309,No
92310,No
92311,Yes
92312,No
92313,Yes
92314,Yes
92315,No
92316,No
92317,Yes
92318,Yes
92319,Yes
92320,Yes
92321,No
92322,No
92323,Yes
92324,Yes
92325,No
92326,No
92327,Yes
92328,Yes
92329,Yes
92330,No
92331,No
92332,Yes
92333,Yes
92334,No
92335,No
92336,No
92337,Yes
92338,No
92339,Yes
92340,No
92341,Yes
92342,Yes
92343,No
92344,Yes
92345,Yes
92346,Yes
92347,Yes
92348,No
92349,Yes
92350,No
92351,Yes
92352,No
92353,Yes
92354,Yes
92355,Yes
92356,No
92357,Yes
92358,No
92359,No
92360,Yes
92361,Yes
92362,Yes
92363,No
92364,Yes
92365,No
92366,No
92367,Yes
92368,No
92369,No
92370,Yes
92371,Yes
92372,Yes
92373,No
92374,Yes
92375,No
92376,Yes
92377,Yes
92378,Yes
92379,Yes
92380,No
92381,No
92382,Yes
92383,Yes
92384,No
92385,No
92386,Yes
92387,Yes
92388,No
92389,No
92390,Yes
92391,No
92392,No
92393,Yes
92394,Yes
92395,Yes
92396,No
92397,No
92398,No
92399,Yes
92400,Yes
92401,No
92402,Yes
92403,No
92404,Yes
92405,Yes
92406,No
92407,Yes
92408,Yes
92409,Yes
92410,No
92411,Yes
92412,Yes
92413,Yes
92414,Yes
92415,Yes
92416,No
92417,Yes
92418,No
92419,Yes
92420,Yes
92421,No
92422,No
92423,Yes
92424,No
92425,Yes
92426,No
92427,Yes
92428,Yes
92429,Yes
92430,No
92431,No
92432,No
92433,Yes
92434,Yes
92435,No
92436,No
92437,No
92438,Yes
92439,Yes
92440,Yes
92441,No
92442,No
92443,No
92444,No
92445,No
92446,Yes
92447,No
92448,No
92449,No
92450,Yes
92451,Yes
92452,No
92453,Yes
92454,No
92455,Yes
92456,No
92457,Yes
92458,No
92459,Yes
92460,No
92461,No
92462,Yes
92463,No
92464,Yes
92465,Yes
92466,No
92467,No
92468,No
92469,No
92470,No
92471,Yes
92472,Yes
92473,No
92474,No
92475,Yes
92476,No
92477,Yes
92478,Yes
92479,Yes
92480,Yes
92481,No
92482,No
92483,Yes
92484,No
92485,No
92486,No
92487,Yes
92488,No
92489,Yes
92490,No
92491,Yes
92492,Yes
92493,Yes
92494,Yes
92495,No
92496,No
92497,Yes
92498,No
92499,No
92500,Yes
92501,Yes
92502,Yes
92503,No
92504,No
92505,No
92506,Yes
92507,No
92508,No
92509,Yes
92510,No
92511,Yes
92512,No
92513,No
92514,Yes
92515,Yes
92516,No
92517,Yes
92518,No
92519,Yes
92520,Yes
92521,Yes
92522,Yes
92523,Yes
92524,No
92525,No
92526,Yes
92527,No
92528,Yes
92529,Yes
92530,Yes
92531,Yes
92532,Yes
92533,No
92534,No
92535,Yes
92536,No
92537,Yes
92538,No
92539,Yes
92540,Yes
92541,No
92542,Yes
92543,No
92544,Yes
92545,No
92546,No
92547,Yes
92548,Yes
92549,No
92550,No
92551,Yes
92552,Yes
92553,Yes
92554,No
92555,No
92556,No
92557,Yes
92558,Yes
92559,Yes
92560,Yes
92561,Yes
92562,No
92563,No
92564,Yes
92565,No
92566,Yes
92567,No
92568,Yes
92569,No
92570,Yes
92571,Yes
92572,No
92573,Yes
92574,No
92575,Yes
92576,Yes
92577,Yes
92578,Yes
92579,No
92580,Yes
92581,Yes
92582,No
92583,Yes
92584,Yes
92585,Yes
92586,Yes
92587,No
92588,No
92589,Yes
92590,Yes
92591,Yes
92592,Yes
92593,No
92594,No
92595,No
92596,No
92597,No
92598,No
92599,No
92600,Yes
92601,Yes
92602,Yes
92603,Yes
92604,No
92605,Yes
92606,No
92607,No
92608,No
92609,Yes
92610,Yes
92611,No
92612,Yes
92613,No
92614,Yes
92615,No
92616,Yes
92617,No
92618,No
92619,Yes
92620,No
92621,No
92622,Yes
92623,No
92624,Yes
92625,No
92626,Yes
92627,Yes
92628,Yes
92629,Yes
92630,No
92631,Yes
92632,No
92633,No
92634,Yes
92635,Yes
92636,No
92637,Yes
92638,Yes
92639,Yes
92640,No
92641,No
92642,Yes
92643,Yes
92644,Yes
92645,No
92646,Yes
92647,No
92648,No
92649,No
92650,Yes
92651,No
92652,No
92653,No
92654,Yes
92655,Yes
92656,Yes
92657,No
92658,Yes
92659,Yes
92660,Yes
92661,Yes
92662,No
92663,Yes
92664,No
92665,Yes
92666,Yes
92667,Yes
92668,Yes
92669,No
92670,Yes
92671,No
92672,No
92673,Yes
92674,No
92675,Yes
92676,Yes
92677,No
92678,No
92679,No
92680,Yes
92681,Yes
92682,Yes
92683,No
92684,Yes
92685,No
92686,No
92687,Yes
92688,Yes
92689,Yes
92690,No
92691,No
92692,Yes
92693,Yes
92694,Yes
92695,Yes
92696,Yes
92697,No
92698,Yes
92699,No
92700,Yes
92701,No
92702,Yes
92703,Yes
92704,Yes
92705,No
92706,No
92707,Yes
92708,Yes
92709,Yes
92710,No
92711,No
92712,Yes
92713,Yes
92714,Yes
92715,Yes
92716,No
92717,Yes
92718,No
92719,Yes
92720,Yes
92721,Yes
92722,Yes
92723,No
92724,Yes
92725,No
92726,Yes
92727,No
92728,No
92729,Yes
92730,Yes
92731,Yes
92732,Yes
92733,No
92734,No
92735,Yes
92736,No
92737,No
92738,No
92739,Yes
92740,Yes
92741,Yes
92742,Yes
92743,No
92744,Yes
92745,No
92746,Yes
92747,Yes
92748,No
92749,Yes
92750,Yes
92751,Yes
92752,Yes
92753,No
92754,Yes
92755,Yes
92756,Yes
92757,Yes
92758,Yes
92759,Yes
92760,Yes
92761,Yes
92762,Yes
92763,Yes
92764,Yes
92765,No
92766,Yes
92767,Yes
92768,No
92769,Yes
92770,No
92771,Yes
92772,No
92773,Yes
92774,Yes
92775,No
92776,Yes
92777,No
92778,No
92779,Yes
92780,Yes
92781,Yes
92782,Yes
92783,No
92784,Yes
92785,No
92786,No
92787,No
92788,Yes
92789,Yes
92790,Yes
92791,Yes
92792,No
92793,Yes
92794,Yes
92795,Yes
92796,No
92797,Yes
92798,No
92799,Yes
92800,No
92801,No
92802,No
92803,No
92804,Yes
92805,Yes
92806,No
92807,No
92808,Yes
92809,No
92810,No
92811,No
92812,Yes
92813,Yes
92814,No
92815,No
92816,No
92817,Yes
92818,No
92819,Yes
92820,Yes
92821,Yes
92822,No
92823,No
92824,No
92825,Yes
92826,Yes
92827,No
92828,Yes
92829,No
92830,No
92831,No
92832,Yes
92833,Yes
92834,Yes
92835,No
92836,Yes
92837,Yes
92838,No
92839,No
92840,Yes
92841,No
92842,Yes
92843,No
92844,Yes
92845,No
92846,No
92847,Yes
92848,Yes
92849,No
92850,Yes
92851,No
92852,Yes
92853,No
92854,Yes
92855,Yes
92856,No
92857,No
92858,No
92859,No
92860,Yes
92861,No
92862,Yes
92863,No
92864,Yes
92865,No
92866,No
92867,Yes
92868,Yes
92869,No
92870,No
92871,Yes
92872,Yes
92873,Yes
92874,Yes
92875,No
92876,No
92877,No
92878,Yes
92879,No
92880,Yes
92881,Yes
92882,No
92883,Yes
92884,Yes
92885,No
92886,Yes
92887,No
92888,Yes
92889,Yes
92890,Yes
92891,Yes
92892,Yes
92893,No
92894,No
92895,Yes
92896,Yes
92897,Yes
92898,No
92899,Yes
92900,Yes
92901,No
92902,Yes
92903,Yes
92904,No
92905,Yes
92906,No
92907,Yes
92908,Yes
92909,Yes
92910,No
92911,No
92912,No
92913,Yes
92914,Yes
92915,Yes
92916,No
92917,Yes
92918,Yes
92919,No
92920,No
92921,No
92922,No
92923,No
92924,No
92925,Yes
92926,Yes
92927,Yes
92928,No
92929,No
92930,Yes
92931,Yes
92932,No
92933,No
92934,Yes
92935,Yes
92936,Yes
92937,No
92938,Yes
92939,No
92940,No
92941,Yes
92942,No
92943,No
92944,No
92945,Yes
92946,No
92947,No
92948,Yes
92949,No
92950,Yes
92951,No
92952,No
92953,Yes
92954,Yes
92955,No
92956,Yes
92957,Yes
92958,Yes
92959,Yes
92960,No
92961,Yes
92962,Yes
92963,Yes
92964,Yes
92965,Yes
92966,Yes
92967,No
92968,Yes
92969,No
92970,Yes
92971,Yes
92972,No
92973,Yes
92974,Yes
92975,No
92976,No
92977,Yes
92978,No
92979,Yes
92980,Yes
92981,No
92982,No
92983,No
92984,Yes
92985,Yes
92986,Yes
92987,Yes
92988,No
92989,No
92990,Yes
92991,No
92992,No
92993,Yes
92994,Yes
92995,Yes
92996,Yes
92997,Yes
92998,No
92999,Yes
93000,No
93001,Yes
93002,No
93003,Yes
93004,No
93005,Yes
93006,No
93007,No
93008,No
93009,No
93010,Yes
93011,Yes
93012,No
93013,No
93014,No
93015,No
93016,No
93017,Yes
93018,No
93019,Yes
93020,Yes
93021,Yes
93022,No
93023,No
93024,No
93025,Yes
93026,No
93027,No
93028,Yes
93029,Yes
93030,Yes
93031,No
93032,Yes
93033,No
93034,Yes
93035,No
93036,No
93037,Yes
93038,No
93039,No
93040,Yes
93041,No
93042,No
93043,No
93044,No
93045,No
93046,Yes
93047,No
93048,Yes
93049,Yes
93050,No
93051,No
93052,Yes
93053,Yes
93054,Yes
93055,No
93056,No
93057,No
93058,No
93059,Yes
93060,No
93061,Yes
93062,No
93063,No
93064,No
93065,No
93066,No
93067,Yes
93068,Yes
93069,Yes
93070,No
93071,Yes
93072,Yes
93073,No
93074,No
93075,No
93076,Yes
93077,Yes
93078,No
93079,Yes
93080,Yes
93081,No
93082,No
93083,Yes
93084,Yes
93085,Yes
93086,Yes
93087,Yes
93088,Yes
93089,No
93090,Yes
93091,Yes
93092,No
93093,No
93094,Yes
93095,No
93096,Yes
93097,Yes
93098,Yes
93099,Yes
93100,Yes
93101,No
93102,Yes
93103,Yes
93104,Yes
93105,Yes
93106,Yes
93107,Yes
93108,Yes
93109,Yes
93110,No
93111,Yes
93112,Yes
93113,Yes
93114,No
93115,No
93116,No
93117,No
93118,No
93119,Yes
93120,No
93121,Yes
93122,No
93123,Yes
93124,No
93125,Yes
93126,No
93127,Yes
93128,Yes
93129,No
93130,Yes
93131,Yes
93132,Yes
93133,Yes
93134,No
93135,Yes
93136,Yes
93137,Yes
93138,No
93139,Yes
93140,No
93141,Yes
93142,Yes
93143,Yes
93144,Yes
93145,Yes
93146,No
93147,Yes
93148,Yes
93149,No
93150,Yes
93151,No
93152,No
93153,Yes
93154,Yes
93155,No
93156,No
93157,No
93158,No
93159,Yes
93160,No
93161,Yes
93162,No
93163,Yes
93164,No
93165,No
93166,Yes
93167,Yes
93168,Yes
93169,Yes
93170,No
93171,Yes
93172,No
93173,No
93174,No
93175,No
93176,No
93177,Yes
93178,No
93179,Yes
93180,No
93181,No
93182,Yes
93183,Yes
93184,Yes
93185,No
93186,Yes
93187,Yes
93188,No
93189,Yes
93190,Yes
93191,Yes
93192,No
93193,Yes
93194,No
93195,No
93196,Yes
93197,Yes
93198,Yes
93199,Yes
93200,Yes
93201,Yes
93202,Yes
93203,Yes
93204,Yes
93205,Yes
93206,No
93207,No
93208,No
93209,Yes
93210,No
93211,Yes
93212,No
93213,No
93214,No
93215,No
93216,No
93217,No
93218,Yes
93219,No
93220,Yes
93221,Yes
93222,Yes
93223,Yes
93224,No
93225,No
93226,Yes
93227,No
93228,Yes
93229,Yes
93230,No
93231,Yes
93232,No
93233,Yes
93234,Yes
93235,Yes
93236,No
93237,No
93238,No
93239,Yes
93240,Yes
93241,Yes
93242,Yes
93243,Yes
93244,Yes
93245,No
93246,No
93247,Yes
93248,Yes
93249,Yes
93250,Yes
93251,No
93252,Yes
93253,Yes
93254,No
93255,Yes
93256,Yes
93257,No
93258,No
93259,Yes
93260,Yes
93261,No
93262,No
93263,Yes
93264,Yes
93265,No
93266,Yes
93267,No
93268,No
93269,Yes
93270,No
93271,Yes
93272,Yes
93273,Yes
93274,Yes
93275,Yes
93276,No
93277,No
93278,Yes
93279,Yes
93280,Yes
93281,No
93282,Yes
93283,No
93284,Yes
93285,Yes
93286,Yes
93287,No
93288,No
93289,Yes
93290,Yes
93291,No
93292,Yes
93293,No
93294,Yes
93295,Yes
93296,Yes
93297,Yes
93298,No
93299,No
93300,Yes
93301,No
93302,No
93303,Yes
93304,Yes
93305,Yes
93306,Yes
93307,Yes
93308,Yes
93309,No
93310,Yes
93311,Yes
93312,Yes
93313,No
93314,No
93315,Yes
93316,Yes
93317,Yes
93318,Yes
93319,Yes
93320,No
93321,No
93322,No
93323,Yes
93324,No
93325,Yes
93326,Yes
93327,No
93328,No
93329,No
93330,No
93331,Yes
93332,No
93333,Yes
93334,Yes
93335,No
93336,No
93337,No
93338,No
93339,No
93340,Yes
93341,No
93342,No
93343,Yes
93344,Yes
93345,Yes
93346,No
93347,No
93348,Yes
93349,Yes
93350,No
93351,Yes
93352,No
93353,Yes
93354,Yes
93355,No
93356,No
93357,No
93358,Yes
93359,No
93360,Yes
93361,Yes
93362,No
93363,Yes
93364,Yes
93365,Yes
93366,Yes
93367,Yes
93368,No
93369,No
93370,No
93371,Yes
93372,Yes
93373,Yes
93374,Yes
93375,No
93376,Yes
93377,No
93378,Yes
93379,Yes
93380,No
93381,No
93382,No
93383,No
93384,Yes
93385,No
93386,Yes
93387,Yes
93388,No
93389,No
93390,Yes
93391,No
93392,Yes
93393,Yes
93394,Yes
93395,Yes
93396,Yes
93397,Yes
93398,Yes
93399,Yes
93400,Yes
93401,No
93402,No
93403,Yes
93404,Yes
93405,No
93406,No
93407,No
93408,Yes
93409,No
93410,Yes
93411,No
93412,No
93413,Yes
93414,No
93415,Yes
93416,No
93417,No
93418,No
93419,No
93420,Yes
93421,Yes
93422,Yes
93423,Yes
93424,Yes
93425,Yes
93426,Yes
93427,No
93428,Yes
93429,Yes
93430,No
93431,Yes
93432,No
93433,No
93434,Yes
93435,Yes
93436,Yes
93437,No
93438,Yes
93439,No
93440,Yes
93441,Yes
93442,Yes
93443,Yes
93444,Yes
93445,No
93446,No
93447,Yes
93448,No
93449,Yes
93450,Yes
93451,Yes
93452,Yes
93453,No
93454,Yes
93455,Yes
93456,No
93457,Yes
93458,Yes
93459,Yes
93460,No
93461,Yes
93462,Yes
93463,Yes
93464,No
93465,Yes
93466,No
93467,Yes
93468,Yes
93469,No
93470,No
93471,Yes
93472,No
93473,No
93474,Yes
93475,No
93476,No
93477,Yes
93478,No
93479,Yes
93480,No
93481,Yes
93482,No
93483,Yes
93484,Yes
93485,Yes
93486,Yes
93487,No
93488,No
93489,Yes
93490,No
93491,Yes
93492,Yes
93493,Yes
93494,No
93495,No
93496,Yes
93497,Yes
93498,Yes
93499,Yes
93500,No
93501,Yes
93502,Yes
93503,Yes
93504,No
93505,Yes
93506,Yes
93507,Yes
93508,No
93509,No
93510,No
93511,Yes
93512,Yes
93513,Yes
93514,No
93515,Yes
93516,Yes
93517,Yes
93518,Yes
93519,Yes
93520,Yes
93521,Yes
93522,Yes
93523,No
93524,No
93525,Yes
93526,Yes
93527,No
93528,No
93529,No
93530,No
93531,Yes
93532,No
93533,Yes
93534,Yes
93535,No
93536,No
93537,Yes
93538,No
93539,No
93540,No
93541,Yes
93542,Yes
93543,Yes
93544,Yes
93545,Yes
93546,Yes
93547,No
93548,Yes
93549,No
93550,Yes
93551,No
93552,Yes
93553,Yes
93554,No
93555,Yes
93556,Yes
93557,No
93558,Yes
93559,Yes
93560,Yes
93561,Yes
93562,No
93563,No
93564,No
93565,No
93566,Yes
93567,No
93568,No
93569,No
93570,Yes
93571,Yes
93572,Yes
93573,No
93574,Yes
93575,Yes
93576,Yes
93577,Yes
93578,Yes
93579,No
93580,No
93581,Yes
93582,No
93583,No
93584,No
93585,No
93586,Yes
93587,Yes
93588,No
93589,No
93590,No
93591,Yes
93592,Yes
93593,No
93594,No
93595,No
93596,Yes
93597,No
93598,No
93599,No
93600,No
93601,No
93602,Yes
93603,Yes
93604,Yes
93605,No
93606,Yes
93607,Yes
93608,No
93609,No
93610,Yes
93611,Yes
93612,No
93613,Yes
93614,No
93615,Yes
93616,Yes
93617,No
93618,No
93619,Yes
93620,No
93621,Yes
93622,No
93623,No
93624,No
93625,Yes
93626,Yes
93627,Yes
93628,Yes
93629,Yes
93630,No
93631,No
93632,No
93633,Yes
93634,No
93635,Yes
93636,No
93637,Yes
93638,No
93639,No
93640,Yes
93641,No
93642,Yes
93643,Yes
93644,No
93645,No
93646,Yes
93647,No
93648,Yes
93649,No
93650,No
93651,Yes
93652,Yes
93653,No
93654,Yes
93655,No
93656,No
93657,Yes
93658,Yes
93659,Yes
93660,Yes
93661,No
93662,Yes
93663,Yes
93664,No
93665,Yes
93666,Yes
93667,No
93668,Yes
93669,No
93670,Yes
93671,Yes
93672,Yes
93673,No
93674,No
93675,Yes
93676,Yes
93677,No
93678,Yes
93679,Yes
93680,Yes
93681,Yes
93682,No
93683,Yes
93684,Yes
93685,Yes
93686,No
93687,No
93688,Yes
93689,Yes
93690,Yes
93691,No
93692,Yes
93693,No
93694,No
93695,No
93696,Yes
93697,No
93698,Yes
93699,Yes
93700,Yes
93701,Yes
93702,No
93703,No
93704,Yes
93705,No
93706,No
93707,No
93708,Yes
93709,No
93710,Yes
93711,Yes
93712,Yes
93713,No
93714,Yes
93715,Yes
93716,No
93717,Yes
93718,Yes
93719,Yes
93720,Yes
93721,Yes
93722,Yes
93723,No
93724,Yes
93725,No
93726,No
93727,Yes
93728,No
93729,No
93730,Yes
93731,No
93732,Yes
93733,Yes
93734,Yes
93735,No
93736,Yes
93737,No
93738,No
93739,Yes
93740,No
93741,No
93742,Yes
93743,Yes
93744,Yes
93745,Yes
93746,No
93747,No
93748,Yes
93749,No
93750,Yes
93751,No
93752,No
93753,No
93754,Yes
93755,Yes
93756,Yes
93757,No
93758,Yes
93759,Yes
93760,No
93761,Yes
93762,Yes
93763,Yes
93764,Yes
93765,Yes
93766,Yes
93767,Yes
93768,Yes
93769,No
93770,No
93771,No
93772,No
93773,Yes
93774,No
93775,No
93776,Yes
93777,Yes
93778,Yes
93779,No
93780,No
93781,No
93782,Yes
93783,Yes
93784,Yes
93785,No
93786,Yes
93787,Yes
93788,Yes
93789,No
93790,No
93791,Yes
93792,Yes
93793,Yes
93794,No
93795,No
93796,Yes
93797,Yes
93798,Yes
93799,Yes
93800,No
93801,Yes
93802,Yes
93803,No
93804,No
93805,No
93806,No
93807,No
93808,No
93809,Yes
93810,Yes
93811,No
93812,No
93813,No
93814,Yes
93815,Yes
93816,No
93817,Yes
93818,Yes
93819,No
93820,Yes
93821,Yes
93822,Yes
93823,Yes
93824,No
93825,No
93826,Yes
93827,Yes
93828,No
93829,No
93830,Yes
93831,Yes
93832,Yes
93833,Yes
93834,Yes
93835,Yes
93836,No
93837,Yes
93838,Yes
93839,No
93840,Yes
93841,No
93842,No
93843,Yes
93844,Yes
93845,Yes
93846,No
93847,No
93848,Yes
93849,No
93850,Yes
93851,Yes
93852,No
93853,Yes
93854,No
93855,No
93856,Yes
93857,Yes
93858,No
93859,Yes
93860,No
93861,Yes
93862,Yes
93863,No
93864,No
93865,No
93866,Yes
93867,No
93868,No
93869,No
93870,Yes
93871,No
93872,No
93873,Yes
93874,No
93875,No
93876,No
93877,No
93878,Yes
93879,No
93880,Yes
93881,No
93882,No
93883,Yes
93884,No
93885,Yes
93886,Yes
93887,No
93888,Yes
93889,Yes
93890,Yes
93891,Yes
93892,Yes
93893,Yes
93894,No
93895,No
93896,Yes
93897,No
93898,Yes
93899,No
93900,Yes
93901,Yes
93902,Yes
93903,Yes
93904,Yes
93905,Yes
93906,Yes
93907,No
93908,Yes
93909,No
93910,Yes
93911,Yes
93912,Yes
93913,No
93914,No
93915,Yes
93916,Yes
93917,Yes
93918,Yes
93919,Yes
93920,Yes
93921,Yes
93922,Yes
93923,Yes
93924,Yes
93925,Yes
93926,No
93927,Yes
93928,Yes
93929,No
93930,No
93931,Yes
93932,No
93933,Yes
93934,Yes
93935,Yes
93936,Yes
93937,No
93938,Yes
93939,Yes
93940,No
93941,Yes
93942,No
93943,Yes
93944,No
93945,Yes
93946,No
93947,No
93948,No
93949,Yes
93950,No
93951,Yes
93952,Yes
93953,Yes
93954,Yes
93955,Yes
93956,No
93957,Yes
93958,Yes
93959,Yes
93960,No
93961,No
93962,No
93963,No
93964,Yes
93965,Yes
93966,No
93967,Yes
93968,No
93969,Yes
93970,Yes
93971,Yes
93972,Yes
93973,Yes
93974,Yes
93975,No
93976,Yes
93977,Yes
93978,No
93979,Yes
93980,Yes
93981,Yes
93982,Yes
93983,Yes
93984,Yes
93985,Yes
93986,No
93987,Yes
93988,No
93989,Yes
93990,Yes
93991,No
93992,Yes
93993,No
93994,Yes
93995,Yes
93996,No
93997,No
93998,Yes
93999,No
94000,Yes
94001,Yes
94002,No
94003,No
94004,No
94005,Yes
94006,Yes
94007,No
94008,Yes
94009,No
94010,Yes
94011,Yes
94012,No
94013,Yes
94014,No
94015,Yes
94016,No
94017,Yes
94018,No
94019,Yes
94020,No
94021,Yes
94022,No
94023,Yes
94024,Yes
94025,No
94026,Yes
94027,Yes
94028,Yes
94029,Yes
94030,Yes
94031,No
94032,Yes
94033,No
94034,Yes
94035,No
94036,Yes
94037,Yes
94038,Yes
94039,Yes
94040,Yes
94041,Yes
94042,Yes
94043,Yes
94044,No
94045,Yes
94046,No
94047,Yes
94048,No
94049,Yes
94050,Yes
94051,Yes
94052,Yes
94053,No
94054,No
94055,Yes
94056,Yes
94057,Yes
94058,No
94059,Yes
94060,Yes
94061,No
94062,Yes
94063,Yes
94064,Yes
94065,No
94066,Yes
94067,Yes
94068,Yes
94069,No
94070,Yes
94071,Yes
94072,Yes
94073,No
94074,Yes
94075,Yes
94076,No
94077,No
94078,Yes
94079,Yes
94080,No
94081,No
94082,Yes
94083,Yes
94084,Yes
94085,No
94086,No
94087,No
94088,Yes
94089,No
94090,Yes
94091,No
94092,No
94093,No
94094,Yes
94095,No
94096,No
94097,Yes
94098,Yes
94099,No
94100,Yes
94101,Yes
94102,No
94103,No
94104,No
94105,No
94106,Yes
94107,Yes
94108,No
94109,No
94110,No
94111,Yes
94112,No
94113,Yes
94114,Yes
94115,Yes
94116,Yes
94117,Yes
94118,Yes
94119,Yes
94120,Yes
94121,No
94122,No
94123,Yes
94124,Yes
94125,Yes
94126,Yes
94127,Yes
94128,No
94129,No
94130,Yes
94131,No
94132,Yes
94133,Yes
94134,Yes
94135,No
94136,No
94137,No
94138,No
94139,Yes
94140,Yes
94141,No
94142,Yes
94143,Yes
94144,Yes
94145,Yes
94146,Yes
94147,Yes
94148,No
94149,Yes
94150,Yes
94151,Yes
94152,No
94153,No
94154,Yes
94155,No
94156,Yes
94157,Yes
94158,Yes
94159,Yes
94160,No
94161,Yes
94162,No
94163,No
94164,Yes
94165,Yes
94166,Yes
94167,Yes
94168,Yes
94169,No
94170,No
94171,No
94172,No
94173,No
94174,Yes
94175,No
94176,No
94177,Yes
94178,No
94179,Yes
94180,Yes
94181,Yes
94182,No
94183,Yes
94184,Yes
94185,No
94186,Yes
94187,No
94188,Yes
94189,Yes
94190,Yes
94191,Yes
94192,No
94193,Yes
94194,No
94195,Yes
94196,No
94197,Yes
94198,No
94199,Yes
94200,Yes
94201,Yes
94202,Yes
94203,Yes
94204,No
94205,No
94206,Yes
94207,Yes
94208,Yes
94209,No
94210,Yes
94211,Yes
94212,No
94213,Yes
94214,No
94215,Yes
94216,Yes
94217,Yes
94218,Yes
94219,No
94220,Yes
94221,No
94222,No
94223,No
94224,No
94225,No
94226,No
94227,No
94228,No
94229,No
94230,No
94231,Yes
94232,Yes
94233,No
94234,No
94235,No
94236,Yes
94237,Yes
94238,No
94239,Yes
94240,No
94241,Yes
94242,Yes
94243,Yes
94244,No
94245,Yes
94246,Yes
94247,No
94248,Yes
94249,No
94250,No
94251,Yes
94252,No
94253,Yes
94254,No
94255,No
94256,Yes
94257,No
94258,No
94259,Yes
94260,Yes
94261,Yes
94262,Yes
94263,Yes
94264,No
94265,Yes
94266,Yes
94267,Yes
94268,Yes
94269,No
94270,Yes
94271,No
94272,Yes
94273,No
94274,Yes
94275,Yes
94276,No
94277,No
94278,No
94279,Yes
94280,Yes
94281,Yes
94282,No
94283,Yes
94284,Yes
94285,Yes
94286,No
94287,Yes
94288,No
94289,Yes
94290,Yes
94291,Yes
94292,No
94293,Yes
94294,Yes
94295,Yes
94296,No
94297,No
94298,Yes
94299,No
94300,No
94301,No
94302,No
94303,No
94304,Yes
94305,Yes
94306,No
94307,Yes
94308,Yes
94309,No
94310,No
94311,Yes
94312,No
94313,No
94314,Yes
94315,Yes
94316,No
94317,Yes
94318,No
94319,No
94320,Yes
94321,No
94322,No
94323,Yes
94324,Yes
94325,No
94326,Yes
94327,Yes
94328,Yes
94329,Yes
94330,Yes
94331,Yes
94332,No
94333,Yes
94334,Yes
94335,No
94336,No
94337,Yes
94338,No
94339,Yes
94340,No
94341,Yes
94342,No
94343,No
94344,Yes
94345,Yes
94346,Yes
94347,No
94348,No
94349,No
94350,Yes
94351,No
94352,No
94353,Yes
94354,Yes
94355,Yes
94356,Yes
94357,No
94358,Yes
94359,No
94360,Yes
94361,Yes
94362,Yes
94363,Yes
94364,Yes
94365,No
94366,Yes
94367,Yes
94368,No
94369,Yes
94370,No
94371,No
94372,No
94373,Yes
94374,Yes
94375,Yes
94376,Yes
94377,No
94378,Yes
94379,No
94380,No
94381,Yes
94382,Yes
94383,Yes
94384,Yes
94385,No
94386,No
94387,Yes
94388,No
94389,Yes
94390,Yes
94391,No
94392,Yes
94393,Yes
94394,No
94395,No
94396,Yes
94397,Yes
94398,Yes
94399,Yes
94400,Yes
94401,No
94402,Yes
94403,No
94404,No
94405,Yes
94406,No
94407,Yes
94408,No
94409,Yes
94410,Yes
94411,Yes
94412,No
94413,No
94414,Yes
94415,Yes
94416,No
94417,Yes
94418,No
94419,Yes
94420,Yes
94421,Yes
94422,Yes
94423,Yes
94424,Yes
94425,No
94426,Yes
94427,Yes
94428,Yes
94429,Yes
94430,Yes
94431,Yes
94432,Yes
94433,No
94434,Yes
94435,No
94436,Yes
94437,Yes
94438,No
94439,Yes
94440,No
94441,No
94442,Yes
94443,Yes
94444,No
94445,Yes
94446,No
94447,No
94448,No
94449,Yes
94450,Yes
94451,Yes
94452,Yes
94453,No
94454,No
94455,Yes
94456,Yes
94457,No
94458,No
94459,Yes
94460,Yes
94461,Yes
94462,No
94463,Yes
94464,Yes
94465,No
94466,No
94467,Yes
94468,Yes
94469,No
94470,No
94471,Yes
94472,No
94473,No
94474,No
94475,No
94476,Yes
94477,Yes
94478,Yes
94479,Yes
94480,Yes
94481,Yes
94482,Yes
94483,Yes
94484,No
94485,Yes
94486,No
94487,No
94488,No
94489,Yes
94490,No
94491,No
94492,No
94493,Yes
94494,Yes
94495,Yes
94496,Yes
94497,No
94498,Yes
94499,Yes
94500,No
94501,Yes
94502,Yes
94503,Yes
94504,No
94505,Yes
94506,Yes
94507,Yes
94508,Yes
94509,Yes
94510,No
94511,No
94512,Yes
94513,Yes
94514,Yes
94515,No
94516,No
94517,Yes
94518,Yes
94519,No
94520,Yes
94521,Yes
94522,Yes
94523,Yes
94524,No
94525,Yes
94526,Yes
94527,No
94528,Yes
94529,Yes
94530,No
94531,No
94532,Yes
94533,No
94534,Yes
94535,No
94536,No
94537,Yes
94538,No
94539,Yes
94540,Yes
94541,No
94542,No
94543,Yes
94544,Yes
94545,Yes
94546,Yes
94547,Yes
94548,No
94549,Yes
94550,No
94551,Yes
94552,No
94553,No
94554,No
94555,Yes
94556,Yes
94557,Yes
94558,No
94559,Yes
94560,Yes
94561,No
94562,Yes
94563,Yes
94564,No
94565,Yes
94566,No
94567,No
94568,Yes
94569,No
94570,No
94571,No
94572,No
94573,Yes
94574,No
94575,Yes
94576,Yes
94577,No
94578,No
94579,Yes
94580,No
94581,Yes
94582,Yes
94583,Yes
94584,No
94585,No
94586,Yes
94587,No
94588,Yes
94589,No
94590,Yes
94591,Yes
94592,Yes
94593,No
94594,Yes
94595,Yes
94596,Yes
94597,Yes
94598,No
94599,Yes
94600,Yes
94601,Yes
94602,Yes
94603,No
94604,Yes
94605,Yes
94606,Yes
94607,No
94608,Yes
94609,No
94610,Yes
94611,No
94612,Yes
94613,Yes
94614,Yes
94615,Yes
94616,Yes
94617,No
94618,No
94619,Yes
94620,Yes
94621,No
94622,Yes
94623,Yes
94624,Yes
94625,Yes
94626,No
94627,No
94628,No
94629,Yes
94630,Yes
94631,No
94632,No
94633,No
94634,No
94635,No
94636,Yes
94637,No
94638,Yes
94639,No
94640,No
94641,No
94642,No
94643,Yes
94644,Yes
94645,Yes
94646,Yes
94647,No
94648,Yes
94649,Yes
94650,Yes
94651,No
94652,Yes
94653,No
94654,No
94655,No
94656,Yes
94657,Yes
94658,Yes
94659,Yes
94660,No
94661,Yes
94662,Yes
94663,No
94664,No
94665,Yes
94666,No
94667,Yes
94668,No
94669,Yes
94670,No
94671,No
94672,No
94673,Yes
94674,Yes
94675,Yes
94676,No
94677,No
94678,No
94679,Yes
94680,Yes
94681,Yes
94682,No
94683,Yes
94684,Yes
94685,Yes
94686,No
94687,No
94688,No
94689,No
94690,No
94691,No
94692,Yes
94693,Yes
94694,Yes
94695,Yes
94696,No
94697,Yes
94698,No
94699,No
94700,No
94701,Yes
94702,Yes
94703,No
94704,Yes
94705,No
94706,Yes
94707,Yes
94708,No
94709,Yes
94710,Yes
94711,No
94712,Yes
94713,Yes
94714,No
94715,No
94716,No
94717,Yes
94718,No
94719,Yes
94720,Yes
94721,Yes
94722,Yes
94723,Yes
94724,Yes
94725,Yes
94726,Yes
94727,Yes
94728,Yes
94729,Yes
94730,No
94731,Yes
94732,No
94733,Yes
94734,No
94735,Yes
94736,No
94737,Yes
94738,Yes
94739,No
94740,Yes
94741,Yes
94742,Yes
94743,Yes
94744,Yes
94745,No
94746,Yes
94747,No
94748,No
94749,No
94750,No
94751,Yes
94752,Yes
94753,Yes
94754,No
94755,No
94756,Yes
94757,Yes
94758,No
94759,No
94760,No
94761,Yes
94762,Yes
94763,No
94764,No
94765,Yes
94766,Yes
94767,No
94768,Yes
94769,No
94770,Yes
94771,Yes
94772,Yes
94773,Yes
94774,No
94775,Yes
94776,No
94777,Yes
94778,Yes
94779,No
94780,Yes
94781,Yes
94782,Yes
94783,Yes
94784,Yes
94785,Yes
94786,No
94787,Yes
94788,Yes
94789,No
94790,No
94791,Yes
94792,Yes
94793,Yes
94794,Yes
94795,No
94796,Yes
94797,Yes
94798,Yes
94799,No
94800,No
94801,Yes
94802,No
94803,No
94804,No
94805,Yes
94806,No
94807,No
94808,Yes
94809,No
94810,Yes
94811,No
94812,Yes
94813,Yes
94814,No
94815,Yes
94816,Yes
94817,No
94818,Yes
94819,No
94820,No
94821,Yes
94822,Yes
94823,Yes
94824,Yes
94825,No
94826,No
94827,Yes
94828,No
94829,Yes
94830,Yes
94831,No
94832,No
94833,Yes
94834,Yes
94835,Yes
94836,No
94837,Yes
94838,No
94839,Yes
94840,Yes
94841,Yes
94842,Yes
94843,Yes
94844,No
94845,Yes
94846,Yes
94847,Yes
94848,Yes
94849,No
94850,Yes
94851,No
94852,Yes
94853,No
94854,No
94855,No
94856,Yes
94857,Yes
94858,Yes
94859,Yes
94860,Yes
94861,Yes
94862,No
94863,Yes
94864,No
94865,Yes
94866,No
94867,No
94868,Yes
94869,Yes
94870,Yes
94871,Yes
94872,Yes
94873,No
94874,Yes
94875,No
94876,Yes
94877,Yes
94878,Yes
94879,No
94880,No
94881,Yes
94882,Yes
94883,Yes
94884,Yes
94885,Yes
94886,Yes
94887,No
94888,Yes
94889,Yes
94890,Yes
94891,Yes
94892,No
94893,No
94894,No
94895,Yes
94896,No
94897,Yes
94898,No
94899,Yes
94900,Yes
94901,No
94902,Yes
94903,Yes
94904,Yes
94905,No
94906,No
94907,No
94908,No
94909,No
94910,Yes
94911,No
94912,Yes
94913,Yes
94914,No
94915,Yes
94916,Yes
94917,No
94918,Yes
94919,Yes
94920,Yes
94921,No
94922,No
94923,Yes
94924,Yes
94925,No
94926,No
94927,Yes
94928,Yes
94929,Yes
94930,Yes
94931,No
94932,Yes
94933,Yes
94934,No
94935,Yes
94936,Yes
94937,No
94938,Yes
94939,Yes
94940,No
94941,Yes
94942,No
94943,No
94944,No
94945,Yes
94946,No
94947,Yes
94948,No
94949,No
94950,No
94951,No
94952,No
94953,No
94954,No
94955,Yes
94956,Yes
94957,Yes
94958,No
94959,Yes
94960,Yes
94961,Yes
94962,Yes
94963,Yes
94964,No
94965,Yes
94966,Yes
94967,No
94968,No
94969,Yes
94970,Yes
94971,No
94972,No
94973,Yes
94974,Yes
94975,Yes
94976,Yes
94977,Yes
94978,No
94979,Yes
94980,No
94981,Yes
94982,No
94983,Yes
94984,Yes
94985,No
94986,No
94987,Yes
94988,Yes
94989,No
94990,No
94991,Yes
94992,No
94993,No
94994,Yes
94995,Yes
94996,Yes
94997,No
94998,Yes
94999,Yes
95000,Yes
95001,Yes
95002,No
95003,Yes
95004,No
95005,Yes
95006,Yes
95007,Yes
95008,Yes
95009,No
95010,No
95011,Yes
95012,Yes
95013,No
95014,Yes
95015,No
95016,Yes
95017,Yes
95018,No
95019,Yes
95020,Yes
95021,No
95022,Yes
95023,No
95024,No
95025,Yes
95026,No
95027,No
95028,Yes
95029,Yes
95030,Yes
95031,Yes
95032,No
95033,No
95034,No
95035,No
95036,Yes
95037,Yes
95038,Yes
95039,No
95040,Yes
95041,Yes
95042,Yes
95043,No
95044,Yes
95045,Yes
95046,Yes
95047,Yes
95048,No
95049,Yes
95050,Yes
95051,No
95052,Yes
95053,No
95054,Yes
95055,Yes
95056,Yes
95057,Yes
95058,Yes
95059,Yes
95060,No
95061,No
95062,No
95063,Yes
95064,No
95065,No
95066,Yes
95067,No
95068,No
95069,No
95070,Yes
95071,Yes
95072,Yes
95073,Yes
95074,No
95075,Yes
95076,No
95077,No
95078,Yes
95079,Yes
95080,Yes
95081,No
95082,Yes
95083,Yes
95084,Yes
95085,Yes
95086,Yes
95087,No
95088,Yes
95089,No
95090,Yes
95091,No
95092,No
95093,No
95094,Yes
95095,No
95096,No
95097,No
95098,No
95099,Yes
95100,Yes
95101,No
95102,Yes
95103,Yes
95104,Yes
95105,No
95106,No
95107,Yes
95108,No
95109,No
95110,No
95111,Yes
95112,No
95113,No
95114,No
95115,No
95116,Yes
95117,No
95118,Yes
95119,No
95120,Yes
95121,Yes
95122,Yes
95123,Yes
95124,Yes
95125,No
95126,No
95127,No
95128,Yes
95129,Yes
95130,Yes
95131,No
95132,No
95133,Yes
95134,No
95135,Yes
95136,No
95137,Yes
95138,Yes
95139,Yes
95140,No
95141,Yes
95142,No
95143,Yes
95144,No
95145,Yes
95146,No
95147,No
95148,Yes
95149,Yes
95150,Yes
95151,Yes
95152,Yes
95153,Yes
95154,Yes
95155,No
95156,Yes
95157,Yes
95158,No
95159,No
95160,No
95161,Yes
95162,Yes
95163,Yes
95164,No
95165,No
95166,No
95167,No
95168,Yes
95169,Yes
95170,Yes
95171,No
95172,No
95173,Yes
95174,Yes
95175,Yes
95176,Yes
95177,Yes
95178,Yes
95179,No
95180,Yes
95181,No
95182,No
95183,No
95184,No
95185,Yes
95186,No
95187,No
95188,Yes
95189,Yes
95190,No
95191,Yes
95192,Yes
95193,Yes
95194,Yes
95195,Yes
95196,No
95197,Yes
95198,No
95199,No
95200,Yes
95201,No
95202,Yes
95203,No
95204,No
95205,No
95206,No
95207,No
95208,No
95209,Yes
95210,No
95211,No
95212,No
95213,Yes
95214,Yes
95215,No
95216,No
95217,No
95218,Yes
95219,Yes
95220,No
95221,Yes
95222,No
95223,Yes
95224,Yes
95225,Yes
95226,Yes
95227,Yes
95228,Yes
95229,Yes
95230,No
95231,No
95232,No
95233,Yes
95234,No
95235,Yes
95236,Yes
95237,Yes
95238,Yes
95239,No
95240,No
95241,Yes
95242,Yes
95243,No
95244,No
95245,No
95246,No
95247,Yes
95248,No
95249,No
95250,Yes
95251,Yes
95252,Yes
95253,No
95254,No
95255,Yes
95256,Yes
95257,Yes
95258,No
95259,Yes
95260,Yes
95261,Yes
95262,No
95263,Yes
95264,Yes
95265,No
95266,No
95267,Yes
95268,Yes
95269,Yes
95270,Yes
95271,Yes
95272,Yes
95273,Yes
95274,Yes
95275,Yes
95276,Yes
95277,Yes
95278,Yes
95279,Yes
95280,Yes
95281,Yes
95282,No
95283,No
95284,Yes
95285,Yes
95286,No
95287,No
95288,No
95289,No
95290,No
95291,Yes
95292,Yes
95293,No
95294,Yes
95295,Yes
95296,Yes
95297,No
95298,No
95299,Yes
95300,Yes
95301,Yes
95302,No
95303,Yes
95304,Yes
95305,Yes
95306,Yes
95307,No
95308,No
95309,Yes
95310,Yes
95311,Yes
95312,Yes
95313,No
95314,No
95315,Yes
95316,Yes
95317,Yes
95318,Yes
95319,Yes
95320,Yes
95321,No
95322,No
95323,Yes
95324,Yes
95325,Yes
95326,Yes
95327,No
95328,No
95329,Yes
95330,Yes
95331,Yes
95332,Yes
95333,No
95334,Yes
95335,No
95336,Yes
95337,Yes
95338,No
95339,Yes
95340,No
95341,No
95342,Yes
95343,Yes
95344,Yes
95345,Yes
95346,Yes
95347,Yes
95348,Yes
95349,No
95350,Yes
95351,Yes
95352,No
95353,Yes
95354,Yes
95355,No
95356,No
95357,No
95358,No
95359,Yes
95360,No
95361,No
95362,Yes
95363,Yes
95364,Yes
95365,Yes
95366,Yes
95367,Yes
95368,Yes
95369,Yes
95370,No
95371,No
95372,No
95373,Yes
95374,No
95375,Yes
95376,No
95377,Yes
95378,Yes
95379,Yes
95380,Yes
95381,Yes
95382,Yes
95383,No
95384,No
95385,Yes
95386,Yes
95387,No
95388,No
95389,No
95390,Yes
95391,No
95392,No
95393,Yes
95394,No
95395,Yes
95396,Yes
95397,Yes
95398,Yes
95399,Yes
95400,Yes
95401,Yes
95402,Yes
95403,Yes
95404,No
95405,No
95406,No
95407,Yes
95408,Yes
95409,No
95410,Yes
95411,No
95412,No
95413,Yes
95414,Yes
95415,Yes
95416,Yes
95417,Yes
95418,Yes
95419,No
95420,Yes
95421,No
95422,Yes
95423,No
95424,Yes
95425,Yes
95426,Yes
95427,No
95428,Yes
95429,Yes
95430,Yes
95431,No
95432,No
95433,Yes
95434,Yes
95435,No
95436,No
95437,Yes
95438,No
95439,Yes
95440,Yes
95441,Yes
95442,Yes
95443,Yes
95444,Yes
95445,Yes
95446,Yes
95447,Yes
95448,No
95449,No
95450,Yes
95451,Yes
95452,Yes
95453,Yes
95454,Yes
95455,No
95456,Yes
95457,No
95458,Yes
95459,Yes
95460,Yes
95461,Yes
95462,Yes
95463,No
95464,No
95465,No
95466,No
95467,Yes
95468,No
95469,Yes
95470,Yes
95471,Yes
95472,No
95473,Yes
95474,Yes
95475,Yes
95476,Yes
95477,No
95478,No
95479,No
95480,Yes
95481,No
95482,No
95483,Yes
95484,No
95485,Yes
95486,No
95487,No
95488,Yes
95489,Yes
95490,No
95491,Yes
95492,No
95493,No
95494,Yes
95495,No
95496,Yes
95497,Yes
95498,No
95499,Yes
95500,Yes
95501,Yes
95502,No
95503,No
95504,No
95505,No
95506,Yes
95507,Yes
95508,No
95509,Yes
95510,No
95511,No
95512,No
95513,Yes
95514,Yes
95515,No
95516,No
95517,Yes
95518,No
95519,Yes
95520,Yes
95521,Yes
95522,Yes
95523,Yes
95524,Yes
95525,No
95526,Yes
95527,No
95528,Yes
95529,Yes
95530,Yes
95531,No
95532,No
95533,Yes
95534,Yes
95535,Yes
95536,Yes
95537,Yes
95538,Yes
95539,No
95540,Yes
95541,No
95542,Yes
95543,Yes
95544,No
95545,No
95546,Yes
95547,No
95548,Yes
95549,Yes
95550,No
95551,No
95552,Yes
95553,No
95554,Yes
95555,Yes
95556,Yes
95557,No
95558,Yes
95559,Yes
95560,Yes
95561,No
95562,No
95563,Yes
95564,No
95565,Yes
95566,Yes
95567,No
95568,Yes
95569,Yes
95570,Yes
95571,Yes
95572,No
95573,Yes
95574,No
95575,Yes
95576,Yes
95577,Yes
95578,Yes
95579,Yes
95580,No
95581,Yes
95582,No
95583,Yes
95584,No
95585,Yes
95586,Yes
95587,No
95588,No
95589,Yes
95590,Yes
95591,Yes
95592,Yes
95593,Yes
95594,Yes
95595,Yes
95596,No
95597,No
95598,Yes
95599,No
95600,No
95601,Yes
95602,No
95603,Yes
95604,Yes
95605,No
95606,No
95607,No
95608,Yes
95609,Yes
95610,Yes
95611,Yes
95612,Yes
95613,Yes
95614,Yes
95615,No
95616,No
95617,Yes
95618,Yes
95619,No
95620,Yes
95621,Yes
95622,Yes
95623,Yes
95624,Yes
95625,Yes
95626,No
95627,No
95628,Yes
95629,Yes
95630,No
95631,No
95632,Yes
95633,Yes
95634,Yes
95635,Yes
95636,No
95637,Yes
95638,Yes
95639,Yes
95640,No
95641,No
95642,No
95643,Yes
95644,No
95645,No
95646,Yes
95647,No
95648,No
95649,Yes
95650,No
95651,Yes
95652,Yes
95653,Yes
95654,Yes
95655,Yes
95656,Yes
95657,Yes
95658,No
95659,No
95660,Yes
95661,Yes
95662,No
95663,Yes
95664,No
95665,No
95666,Yes
95667,No
95668,Yes
95669,No
95670,Yes
95671,No
95672,Yes
95673,Yes
95674,Yes
95675,No
95676,Yes
95677,No
95678,No
95679,Yes
95680,Yes
95681,Yes
95682,Yes
95683,Yes
95684,No
95685,Yes
95686,Yes
95687,No
95688,Yes
95689,No
95690,Yes
95691,Yes
95692,No
95693,Yes
95694,Yes
95695,Yes
95696,No
95697,Yes
95698,No
95699,No
95700,No
95701,Yes
95702,No
95703,Yes
95704,Yes
95705,Yes
95706,No
95707,No
95708,Yes
95709,Yes
95710,Yes
95711,No
95712,Yes
95713,Yes
95714,Yes
95715,No
95716,Yes
95717,No
95718,No
95719,No
95720,No
95721,No
95722,No
95723,Yes
95724,Yes
95725,No
95726,Yes
95727,No
95728,Yes
95729,Yes
95730,Yes
95731,Yes
95732,No
95733,Yes
95734,No
95735,Yes
95736,Yes
95737,No
95738,Yes
95739,Yes
95740,Yes
95741,Yes
95742,No
95743,Yes
95744,Yes
95745,Yes
95746,Yes
95747,Yes
95748,No
95749,No
95750,Yes
95751,Yes
95752,No
95753,No
95754,No
95755,No
95756,No
95757,No
95758,Yes
95759,No
95760,Yes
95761,Yes
95762,No
95763,No
95764,Yes
95765,Yes
95766,No
95767,Yes
95768,Yes
95769,No
95770,No
95771,No
95772,No
95773,Yes
95774,Yes
95775,Yes
95776,No
95777,Yes
95778,Yes
95779,No
95780,Yes
95781,Yes
95782,Yes
95783,Yes
95784,Yes
95785,No
95786,No
95787,Yes
95788,Yes
95789,Yes
95790,Yes
95791,No
95792,No
95793,No
95794,Yes
95795,No
95796,Yes
95797,No
95798,Yes
95799,No
95800,Yes
95801,Yes
95802,Yes
95803,No
95804,No
95805,Yes
95806,No
95807,No
95808,Yes
95809,Yes
95810,No
95811,Yes
95812,No
95813,Yes
95814,Yes
95815,No
95816,Yes
95817,No
95818,Yes
95819,Yes
95820,Yes
95821,No
95822,Yes
95823,Yes
95824,No
95825,No
95826,No
95827,Yes
95828,Yes
95829,No
95830,No
95831,No
95832,Yes
95833,No
95834,Yes
95835,Yes
95836,Yes
95837,No
95838,Yes
95839,No
95840,No
95841,No
95842,No
95843,Yes
95844,No
95845,Yes
95846,Yes
95847,No
95848,No
95849,No
95850,Yes
95851,No
95852,No
95853,Yes
95854,Yes
95855,No
95856,No
95857,Yes
95858,No
95859,No
95860,Yes
95861,Yes
95862,Yes
95863,Yes
95864,No
95865,Yes
95866,Yes
95867,Yes
95868,No
95869,Yes
95870,No
95871,No
95872,No
95873,Yes
95874,No
95875,Yes
95876,No
95877,No
95878,Yes
95879,Yes
95880,Yes
95881,No
95882,Yes
95883,Yes
95884,No
95885,Yes
95886,Yes
95887,Yes
95888,Yes
95889,No
95890,No
95891,No
95892,No
95893,Yes
95894,No
95895,No
95896,Yes
95897,Yes
95898,No
95899,Yes
95900,Yes
95901,No
95902,No
95903,No
95904,No
95905,No
95906,Yes
95907,No
95908,No
95909,Yes
95910,Yes
95911,Yes
95912,Yes
95913,Yes
95914,No
95915,No
95916,Yes
95917,Yes
95918,No
95919,Yes
95920,Yes
95921,Yes
95922,Yes
95923,Yes
95924,Yes
95925,No
95926,No
95927,Yes
95928,No
95929,No
95930,Yes
95931,No
95932,No
95933,Yes
95934,Yes
95935,No
95936,No
95937,Yes
95938,Yes
95939,No
95940,Yes
95941,Yes
95942,No
95943,Yes
95944,No
95945,Yes
95946,Yes
95947,No
95948,No
95949,Yes
95950,Yes
95951,Yes
95952,Yes
95953,Yes
95954,No
95955,Yes
95956,No
95957,Yes
95958,Yes
95959,No
95960,No
95961,No
95962,Yes
95963,No
95964,Yes
95965,Yes
95966,Yes
95967,Yes
95968,Yes
95969,Yes
95970,No
95971,Yes
95972,Yes
95973,No
95974,Yes
95975,Yes
95976,No
95977,Yes
95978,No
95979,Yes
95980,Yes
95981,No
95982,No
95983,Yes
95984,Yes
95985,No
95986,Yes
95987,Yes
95988,No
95989,Yes
95990,Yes
95991,No
95992,Yes
95993,No
95994,Yes
95995,No
95996,Yes
95997,Yes
95998,Yes
95999,Yes
96000,Yes
96001,Yes
96002,No
96003,Yes
96004,No
96005,Yes
96006,No
96007,No
96008,No
96009,Yes
96010,Yes
96011,No
96012,No
96013,Yes
96014,Yes
96015,No
96016,No
96017,No
96018,Yes
96019,Yes
96020,No
96021,No
96022,No
96023,Yes
96024,No
96025,No
96026,Yes
96027,Yes
96028,Yes
96029,Yes
96030,Yes
96031,No
96032,Yes
96033,No
96034,Yes
96035,No
96036,Yes
96037,Yes
96038,Yes
96039,Yes
96040,Yes
96041,No
96042,Yes
96043,No
96044,No
96045,Yes
96046,Yes
96047,Yes
96048,No
96049,No
96050,No
96051,Yes
96052,Yes
96053,Yes
96054,Yes
96055,No
96056,No
96057,Yes
96058,Yes
96059,Yes
96060,Yes
96061,No
96062,Yes
96063,No
96064,No
96065,Yes
96066,Yes
96067,No
96068,Yes
96069,No
96070,Yes
96071,No
96072,Yes
96073,Yes
96074,No
96075,Yes
96076,No
96077,Yes
96078,Yes
96079,Yes
96080,No
96081,Yes
96082,No
96083,Yes
96084,Yes
96085,No
96086,Yes
96087,Yes
96088,No
96089,No
96090,Yes
96091,Yes
96092,Yes
96093,No
96094,Yes
96095,Yes
96096,Yes
96097,Yes
96098,Yes
96099,Yes
96100,Yes
96101,Yes
96102,No
96103,No
96104,Yes
96105,No
96106,No
96107,Yes
96108,No
96109,No
96110,Yes
96111,Yes
96112,No
96113,No
96114,No
96115,No
96116,No
96117,Yes
96118,No
96119,Yes
96120,Yes
96121,No
96122,Yes
96123,No
96124,No
96125,Yes
96126,Yes
96127,Yes
96128,Yes
96129,No
96130,No
96131,No
96132,No
96133,Yes
96134,No
96135,Yes
96136,Yes
96137,No
96138,Yes
96139,Yes
96140,Yes
96141,No
96142,Yes
96143,Yes
96144,Yes
96145,No
96146,No
96147,Yes
96148,Yes
96149,Yes
96150,Yes
96151,Yes
96152,No
96153,Yes
96154,Yes
96155,Yes
96156,Yes
96157,No
96158,Yes
96159,Yes
96160,Yes
96161,Yes
96162,No
96163,No
96164,No
96165,No
96166,Yes
96167,Yes
96168,Yes
96169,No
96170,Yes
96171,Yes
96172,Yes
96173,No
96174,Yes
96175,Yes
96176,Yes
96177,Yes
96178,Yes
96179,No
96180,Yes
96181,No
96182,Yes
96183,Yes
96184,No
96185,No
96186,No
96187,Yes
96188,Yes
96189,Yes
96190,No
96191,No
96192,Yes
96193,Yes
96194,No
96195,Yes
96196,No
96197,Yes
96198,Yes
96199,No
96200,No
96201,Yes
96202,Yes
96203,No
96204,No
96205,No
96206,No
96207,No
96208,No
96209,Yes
96210,Yes
96211,Yes
96212,No
96213,Yes
96214,No
96215,Yes
96216,Yes
96217,No
96218,No
96219,No
96220,Yes
96221,Yes
96222,Yes
96223,No
96224,Yes
96225,No
96226,Yes
96227,Yes
96228,No
96229,Yes
96230,No
96231,Yes
96232,Yes
96233,No
96234,No
96235,Yes
96236,Yes
96237,Yes
96238,Yes
96239,Yes
96240,Yes
96241,Yes
96242,No
96243,No
96244,Yes
96245,No
96246,Yes
96247,No
96248,No
96249,Yes
96250,Yes
96251,Yes
96252,Yes
96253,Yes
96254,Yes
96255,Yes
96256,Yes
96257,No
96258,Yes
96259,No
96260,No
96261,Yes
96262,No
96263,No
96264,Yes
96265,Yes
96266,Yes
96267,No
96268,No
96269,No
96270,No
96271,Yes
96272,Yes
96273,Yes
96274,No
96275,Yes
96276,Yes
96277,Yes
96278,No
96279,No
96280,Yes
96281,Yes
96282,No
96283,Yes
96284,No
96285,Yes
96286,Yes
96287,Yes
96288,Yes
96289,No
96290,No
96291,No
96292,No
96293,No
96294,Yes
96295,No
96296,No
96297,Yes
96298,No
96299,No
96300,Yes
96301,Yes
96302,No
96303,Yes
96304,No
96305,Yes
96306,No
96307,Yes
96308,No
96309,Yes
96310,No
96311,Yes
96312,Yes
96313,Yes
96314,No
96315,No
96316,Yes
96317,Yes
96318,Yes
96319,Yes
96320,Yes
96321,Yes
96322,Yes
96323,No
96324,Yes
96325,No
96326,Yes
96327,No
96328,Yes
96329,No
96330,Yes
96331,Yes
96332,No
96333,Yes
96334,No
96335,No
96336,No
96337,No
96338,Yes
96339,Yes
96340,No
96341,Yes
96342,No
96343,Yes
96344,No
96345,Yes
96346,Yes
96347,No
96348,Yes
96349,No
96350,Yes
96351,Yes
96352,No
96353,Yes
96354,No
96355,Yes
96356,No
96357,No
96358,Yes
96359,No
96360,Yes
96361,No
96362,Yes
96363,Yes
96364,Yes
96365,No
96366,Yes
96367,Yes
96368,Yes
96369,No
96370,No
96371,Yes
96372,Yes
96373,No
96374,Yes
96375,No
96376,Yes
96377,Yes
96378,No
96379,Yes
96380,Yes
96381,No
96382,Yes
96383,Yes
96384,Yes
96385,Yes
96386,Yes
96387,No
96388,No
96389,No
96390,Yes
96391,Yes
96392,No
96393,Yes
96394,No
96395,No
96396,No
96397,Yes
96398,No
96399,No
96400,Yes
96401,No
96402,No
96403,No
96404,Yes
96405,No
96406,Yes
96407,Yes
96408,Yes
96409,Yes
96410,No
96411,Yes
96412,No
96413,No
96414,No
96415,No
96416,Yes
96417,Yes
96418,Yes
96419,No
96420,Yes
96421,Yes
96422,Yes
96423,No
96424,Yes
96425,No
96426,Yes
96427,No
96428,No
96429,No
96430,Yes
96431,Yes
96432,Yes
96433,Yes
96434,Yes
96435,Yes
96436,Yes
96437,Yes
96438,No
96439,No
96440,Yes
96441,Yes
96442,Yes
96443,Yes
96444,No
96445,Yes
96446,Yes
96447,Yes
96448,Yes
96449,No
96450,Yes
96451,Yes
96452,Yes
96453,Yes
96454,Yes
96455,Yes
96456,Yes
96457,No
96458,Yes
96459,Yes
96460,Yes
96461,No
96462,Yes
96463,Yes
96464,Yes
96465,Yes
96466,Yes
96467,Yes
96468,Yes
96469,No
96470,No
96471,Yes
96472,No
96473,No
96474,Yes
96475,No
96476,Yes
96477,Yes
96478,No
96479,No
96480,Yes
96481,Yes
96482,Yes
96483,No
96484,Yes
96485,No
96486,Yes
96487,No
96488,Yes
96489,No
96490,Yes
96491,No
96492,Yes
96493,Yes
96494,No
96495,Yes
96496,Yes
96497,No
96498,Yes
96499,Yes
96500,No
96501,Yes
96502,No
96503,Yes
96504,Yes
96505,Yes
96506,No
96507,No
96508,Yes
96509,Yes
96510,No
96511,Yes
96512,Yes
96513,No
96514,Yes
96515,No
96516,Yes
96517,No
96518,No
96519,No
96520,No
96521,Yes
96522,Yes
96523,No
96524,Yes
96525,Yes
96526,Yes
96527,Yes
96528,Yes
96529,No
96530,No
96531,Yes
96532,Yes
96533,No
96534,Yes
96535,Yes
96536,Yes
96537,Yes
96538,No
96539,Yes
96540,Yes
96541,No
96542,Yes
96543,Yes
96544,No
96545,No
96546,Yes
96547,Yes
96548,No
96549,Yes
96550,Yes
96551,Yes
96552,No
96553,Yes
96554,No
96555,No
96556,No
96557,No
96558,Yes
96559,Yes
96560,Yes
96561,Yes
96562,No
96563,No
96564,Yes
96565,No
96566,Yes
96567,No
96568,Yes
96569,Yes
96570,No
96571,No
96572,Yes
96573,Yes
96574,No
96575,Yes
96576,No
96577,Yes
96578,Yes
96579,No
96580,Yes
96581,No
96582,Yes
96583,No
96584,Yes
96585,No
96586,No
96587,Yes
96588,No
96589,Yes
96590,Yes
96591,No
96592,Yes
96593,No
96594,Yes
96595,Yes
96596,No
96597,No
96598,Yes
96599,Yes
96600,No
96601,No
96602,Yes
96603,Yes
96604,Yes
96605,Yes
96606,Yes
96607,Yes
96608,No
96609,No
96610,No
96611,No
96612,Yes
96613,No
96614,Yes
96615,Yes
96616,Yes
96617,Yes
96618,No
96619,Yes
96620,No
96621,No
96622,No
96623,No
96624,No
96625,No
96626,No
96627,Yes
96628,Yes
96629,Yes
96630,No
96631,Yes
96632,No
96633,No
96634,No
96635,No
96636,No
96637,Yes
96638,No
96639,Yes
96640,No
96641,No
96642,Yes
96643,No
96644,No
96645,No
96646,Yes
96647,Yes
96648,No
96649,Yes
96650,No
96651,Yes
96652,No
96653,Yes
96654,Yes
96655,No
96656,No
96657,Yes
96658,No
96659,No
96660,Yes
96661,No
96662,No
96663,Yes
96664,No
96665,Yes
96666,Yes
96667,No
96668,Yes
96669,Yes
96670,No
96671,Yes
96672,Yes
96673,Yes
96674,Yes
96675,No
96676,No
96677,Yes
96678,No
96679,Yes
96680,Yes
96681,No
96682,No
96683,No
96684,No
96685,No
96686,No
96687,Yes
96688,No
96689,No
96690,Yes
96691,Yes
96692,Yes
96693,No
96694,Yes
96695,Yes
96696,No
96697,No
96698,No
96699,No
96700,Yes
96701,No
96702,Yes
96703,Yes
96704,Yes
96705,Yes
96706,No
96707,Yes
96708,No
96709,Yes
96710,Yes
96711,No
96712,No
96713,Yes
96714,No
96715,No
96716,No
96717,Yes
96718,Yes
96719,No
96720,No
96721,No
96722,No
96723,Yes
96724,Yes
96725,Yes
96726,No
96727,Yes
96728,No
96729,No
96730,No
96731,Yes
96732,Yes
96733,Yes
96734,Yes
96735,Yes
96736,No
96737,Yes
96738,Yes
96739,Yes
96740,No
96741,No
96742,Yes
96743,Yes
96744,Yes
96745,No
96746,No
96747,Yes
96748,Yes
96749,Yes
96750,No
96751,No
96752,No
96753,Yes
96754,No
96755,No
96756,Yes
96757,No
96758,Yes
96759,Yes
96760,No
96761,No
96762,Yes
96763,No
96764,Yes
96765,No
96766,No
96767,Yes
96768,No
96769,Yes
96770,No
96771,Yes
96772,No
96773,Yes
96774,Yes
96775,Yes
96776,Yes
96777,No
96778,Yes
96779,Yes
96780,Yes
96781,Yes
96782,Yes
96783,No
96784,Yes
96785,Yes
96786,No
96787,No
96788,No
96789,No
96790,No
96791,No
96792,Yes
96793,No
96794,No
96795,No
96796,Yes
96797,Yes
96798,No
96799,No
96800,No
96801,Yes
96802,No
96803,Yes
96804,Yes
96805,No
96806,Yes
96807,Yes
96808,No
96809,No
96810,Yes
96811,Yes
96812,Yes
96813,Yes
96814,No
96815,Yes
96816,Yes
96817,No
96818,Yes
96819,Yes
96820,No
96821,No
96822,No
96823,Yes
96824,Yes
96825,Yes
96826,No
96827,No
96828,Yes
96829,No
96830,Yes
96831,No
96832,Yes
96833,No
96834,Yes
96835,Yes
96836,Yes
96837,No
96838,No
96839,Yes
96840,Yes
96841,Yes
96842,No
96843,Yes
96844,Yes
96845,Yes
96846,No
96847,Yes
96848,No
96849,Yes
96850,No
96851,Yes
96852,No
96853,No
96854,No
96855,Yes
96856,Yes
96857,Yes
96858,Yes
96859,Yes
96860,No
96861,No
96862,Yes
96863,No
96864,No
96865,Yes
96866,Yes
96867,Yes
96868,No
96869,No
96870,Yes
96871,No
96872,Yes
96873,No
96874,Yes
96875,Yes
96876,Yes
96877,Yes
96878,Yes
96879,No
96880,No
96881,Yes
96882,Yes
96883,Yes
96884,Yes
96885,Yes
96886,Yes
96887,No
96888,No
96889,Yes
96890,Yes
96891,No
96892,Yes
96893,Yes
96894,No
96895,Yes
96896,Yes
96897,No
96898,No
96899,No
96900,Yes
96901,No
96902,Yes
96903,No
96904,No
96905,Yes
96906,Yes
96907,No
96908,No
96909,Yes
96910,Yes
96911,Yes
96912,Yes
96913,No
96914,Yes
96915,No
96916,No
96917,Yes
96918,Yes
96919,No
96920,No
96921,Yes
96922,No
96923,Yes
96924,No
96925,No
96926,No
96927,No
96928,Yes
96929,No
96930,No
96931,No
96932,Yes
96933,Yes
96934,No
96935,No
96936,Yes
96937,Yes
96938,Yes
96939,Yes
96940,No
96941,Yes
96942,Yes
96943,Yes
96944,Yes
96945,No
96946,Yes
96947,Yes
96948,No
96949,Yes
96950,No
96951,No
96952,No
96953,No
96954,Yes
96955,No
96956,Yes
96957,Yes
96958,No
96959,Yes
96960,Yes
96961,Yes
96962,No
96963,Yes
96964,No
96965,No
96966,No
96967,Yes
96968,Yes
96969,Yes
96970,Yes
96971,Yes
96972,No
96973,Yes
96974,Yes
96975,No
96976,Yes
96977,No
96978,Yes
96979,No
96980,No
96981,No
96982,Yes
96983,Yes
96984,No
96985,Yes
96986,Yes
96987,No
96988,Yes
96989,Yes
96990,No
96991,Yes
96992,Yes
96993,No
96994,No
96995,No
96996,Yes
96997,No
96998,Yes
96999,No
97000,Yes
97001,Yes
97002,No
97003,Yes
97004,Yes
97005,Yes
97006,No
97007,No
97008,Yes
97009,No
97010,Yes
97011,Yes
97012,Yes
97013,Yes
97014,Yes
97015,No
97016,No
97017,No
97018,No
97019,Yes
97020,No
97021,No
97022,Yes
97023,Yes
97024,Yes
97025,Yes
97026,No
97027,No
97028,No
97029,Yes
97030,No
97031,No
97032,No
97033,No
97034,No
97035,Yes
97036,No
97037,Yes
97038,No
97039,Yes
97040,Yes
97041,No
97042,No
97043,No
97044,Yes
97045,Yes
97046,No
97047,Yes
97048,No
97049,Yes
97050,No
97051,Yes
97052,Yes
97053,Yes
97054,No
97055,No
97056,No
97057,No
97058,Yes
97059,Yes
97060,Yes
97061,No
97062,Yes
97063,No
97064,Yes
97065,Yes
97066,No
97067,No
97068,Yes
97069,Yes
97070,No
97071,Yes
97072,No
97073,Yes
97074,Yes
97075,No
97076,Yes
97077,No
97078,Yes
97079,No
97080,Yes
97081,No
97082,Yes
97083,No
97084,No
97085,Yes
97086,Yes
97087,No
97088,No
97089,Yes
97090,No
97091,No
97092,Yes
97093,No
97094,Yes
97095,Yes
97096,Yes
97097,No
97098,Yes
97099,Yes
97100,Yes
97101,Yes
97102,No
97103,No
97104,No
97105,Yes
97106,Yes
97107,Yes
97108,Yes
97109,No
97110,Yes
97111,Yes
97112,Yes
97113,Yes
97114,Yes
97115,Yes
97116,No
97117,No
97118,No
97119,Yes
97120,No
97121,Yes
97122,No
97123,No
97124,Yes
97125,Yes
97126,Yes
97127,No
97128,Yes
97129,Yes
97130,Yes
97131,Yes
97132,No
97133,Yes
97134,Yes
97135,Yes
97136,Yes
97137,No
97138,Yes
97139,No
97140,No
97141,No
97142,No
97143,Yes
97144,No
97145,No
97146,Yes
97147,No
97148,Yes
97149,Yes
97150,Yes
97151,Yes
97152,Yes
97153,Yes
97154,Yes
97155,Yes
97156,Yes
97157,Yes
97158,No
97159,Yes
97160,Yes
97161,No
97162,No
97163,Yes
97164,Yes
97165,No
97166,Yes
97167,No
97168,Yes
97169,Yes
97170,Yes
97171,Yes
97172,Yes
97173,No
97174,Yes
97175,Yes
97176,Yes
97177,Yes
97178,Yes
97179,No
97180,Yes
97181,No
97182,Yes
97183,Yes
97184,No
97185,Yes
97186,No
97187,Yes
97188,No
97189,No
97190,No
97191,No
97192,Yes
97193,Yes
97194,Yes
97195,Yes
97196,No
97197,No
97198,No
97199,Yes
97200,Yes
97201,Yes
97202,Yes
97203,Yes
97204,No
97205,No
97206,No
97207,Yes
97208,Yes
97209,Yes
97210,Yes
97211,No
97212,No
97213,Yes
97214,No
97215,Yes
97216,No
97217,No
97218,Yes
97219,Yes
97220,No
97221,Yes
97222,Yes
97223,Yes
97224,No
97225,No
97226,No
97227,No
97228,Yes
97229,Yes
97230,No
97231,No
97232,Yes
97233,No
97234,Yes
97235,No
97236,No
97237,No
97238,Yes
97239,No
97240,Yes
97241,Yes
97242,Yes
97243,Yes
97244,Yes
97245,Yes
97246,No
97247,Yes
97248,Yes
97249,Yes
97250,Yes
97251,No
97252,Yes
97253,No
97254,Yes
97255,No
97256,Yes
97257,No
97258,No
97259,Yes
97260,No
97261,No
97262,Yes
97263,No
97264,No
97265,Yes
97266,No
97267,Yes
97268,No
97269,Yes
97270,Yes
97271,No
97272,Yes
97273,No
97274,No
97275,No
97276,Yes
97277,Yes
97278,No
97279,No
97280,No
97281,Yes
97282,Yes
97283,No
97284,No
97285,Yes
97286,No
97287,Yes
97288,Yes
97289,Yes
97290,Yes
97291,Yes
97292,Yes
97293,Yes
97294,No
97295,Yes
97296,No
97297,Yes
97298,No
97299,No
97300,No
97301,Yes
97302,No
97303,Yes
97304,No
97305,Yes
97306,No
97307,Yes
97308,No
97309,No
97310,No
97311,Yes
97312,No
97313,Yes
97314,No
97315,No
97316,Yes
97317,Yes
97318,Yes
97319,No
97320,No
97321,No
97322,Yes
97323,Yes
97324,No
97325,Yes
97326,No
97327,No
97328,No
97329,No
97330,Yes
97331,No
97332,Yes
97333,No
97334,Yes
97335,Yes
97336,No
97337,Yes
97338,No
97339,Yes
97340,No
97341,Yes
97342,No
97343,Yes
97344,No
97345,Yes
97346,No
97347,Yes
97348,Yes
97349,No
97350,No
97351,Yes
97352,Yes
97353,Yes
97354,Yes
97355,Yes
97356,Yes
97357,Yes
97358,No
97359,Yes
97360,No
97361,Yes
97362,Yes
97363,Yes
97364,Yes
97365,No
97366,Yes
97367,Yes
97368,No
97369,No
97370,Yes
97371,Yes
97372,Yes
97373,Yes
97374,No
97375,Yes
97376,Yes
97377,No
97378,No
97379,No
97380,No
97381,No
97382,No
97383,Yes
97384,No
97385,Yes
97386,Yes
97387,No
97388,Yes
97389,No
97390,No
97391,Yes
97392,No
97393,No
97394,Yes
97395,Yes
97396,No
97397,Yes
97398,No
97399,Yes
97400,Yes
97401,Yes
97402,No
97403,No
97404,No
97405,Yes
97406,Yes
97407,No
97408,Yes
97409,Yes
97410,Yes
97411,Yes
97412,Yes
97413,Yes
97414,Yes
97415,No
97416,Yes
97417,No
97418,No
97419,Yes
97420,Yes
97421,No
97422,No
97423,Yes
97424,Yes
97425,No
97426,No
97427,No
97428,Yes
97429,No
97430,Yes
97431,No
97432,No
97433,No
97434,No
97435,Yes
97436,No
97437,Yes
97438,Yes
97439,No
97440,No
97441,Yes
97442,Yes
97443,No
97444,No
97445,Yes
97446,Yes
97447,Yes
97448,No
97449,Yes
97450,Yes
97451,No
97452,No
97453,No
97454,Yes
97455,No
97456,Yes
97457,Yes
97458,Yes
97459,Yes
97460,Yes
97461,No
97462,Yes
97463,Yes
97464,Yes
97465,No
97466,Yes
97467,No
97468,No
97469,No
97470,Yes
97471,Yes
97472,Yes
97473,No
97474,Yes
97475,No
97476,No
97477,Yes
97478,No
97479,Yes
97480,No
97481,No
97482,Yes
97483,No
97484,Yes
97485,Yes
97486,Yes
97487,Yes
97488,No
97489,Yes
97490,No
97491,Yes
97492,No
97493,No
97494,No
97495,No
97496,Yes
97497,Yes
97498,Yes
97499,Yes
97500,No
97501,Yes
97502,Yes
97503,No
97504,Yes
97505,Yes
97506,Yes
97507,No
97508,No
97509,Yes
97510,Yes
97511,Yes
97512,Yes
97513,No
97514,No
97515,Yes
97516,No
97517,Yes
97518,Yes
97519,Yes
97520,Yes
97521,Yes
97522,Yes
97523,No
97524,Yes
97525,No
97526,Yes
97527,No
97528,No
97529,Yes
97530,No
97531,Yes
97532,Yes
97533,Yes
97534,Yes
97535,No
97536,Yes
97537,Yes
97538,No
97539,Yes
97540,Yes
97541,Yes
97542,Yes
97543,Yes
97544,Yes
97545,Yes
97546,No
97547,No
97548,No
97549,Yes
97550,Yes
97551,No
97552,No
97553,Yes
97554,No
97555,No
97556,No
97557,Yes
97558,No
97559,Yes
97560,No
97561,Yes
97562,No
97563,Yes
97564,No
97565,No
97566,Yes
97567,No
97568,No
97569,Yes
97570,Yes
97571,Yes
97572,No
97573,No
97574,No
97575,No
97576,Yes
97577,Yes
97578,No
97579,Yes
97580,No
97581,Yes
97582,No
97583,Yes
97584,No
97585,No
97586,Yes
97587,Yes
97588,No
97589,Yes
97590,Yes
97591,Yes
97592,Yes
97593,Yes
97594,No
97595,Yes
97596,No
97597,No
97598,Yes
97599,Yes
97600,Yes
97601,Yes
97602,Yes
97603,No
97604,No
97605,Yes
97606,No
97607,No
97608,No
97609,No
97610,No
97611,Yes
97612,No
97613,No
97614,Yes
97615,No
97616,No
97617,No
97618,No
97619,No
97620,No
97621,Yes
97622,No
97623,No
97624,Yes
97625,Yes
97626,Yes
97627,Yes
97628,No
97629,No
97630,Yes
97631,No
97632,Yes
97633,No
97634,No
97635,Yes
97636,Yes
97637,No
97638,Yes
97639,Yes
97640,Yes
97641,No
97642,No
97643,Yes
97644,No
97645,No
97646,Yes
97647,No
97648,No
97649,No
97650,Yes
97651,Yes
97652,No
97653,No
97654,Yes
97655,No
97656,No
97657,Yes
97658,No
97659,Yes
97660,No
97661,Yes
97662,Yes
97663,Yes
97664,Yes
97665,Yes
97666,Yes
97667,No
97668,No
97669,No
97670,Yes
97671,Yes
97672,No
97673,No
97674,Yes
97675,No
97676,Yes
97677,No
97678,No
97679,No
97680,Yes
97681,Yes
97682,Yes
97683,No
97684,Yes
97685,Yes
97686,No
97687,No
97688,No
97689,No
97690,No
97691,No
97692,Yes
97693,No
97694,Yes
97695,Yes
97696,Yes
97697,Yes
97698,Yes
97699,Yes
97700,No
97701,No
97702,Yes
97703,No
97704,No
97705,Yes
97706,No
97707,No
97708,No
97709,Yes
97710,No
97711,Yes
97712,No
97713,No
97714,No
97715,Yes
97716,No
97717,Yes
97718,No
97719,Yes
97720,No
97721,No
97722,Yes
97723,No
97724,Yes
97725,No
97726,No
97727,Yes
97728,No
97729,Yes
97730,No
97731,Yes
97732,Yes
97733,No
97734,No
97735,Yes
97736,Yes
97737,Yes
97738,Yes
97739,No
97740,Yes
97741,Yes
97742,No
97743,No
97744,Yes
97745,No
97746,Yes
97747,Yes
97748,Yes
97749,No
97750,No
97751,Yes
97752,Yes
97753,Yes
97754,Yes
97755,No
97756,Yes
97757,No
97758,No
97759,Yes
97760,Yes
97761,Yes
97762,Yes
97763,No
97764,No
97765,No
97766,Yes
97767,No
97768,Yes
97769,No
97770,Yes
97771,Yes
97772,Yes
97773,No
97774,Yes
97775,No
97776,Yes
97777,No
97778,Yes
97779,No
97780,Yes
97781,No
97782,No
97783,No
97784,Yes
97785,Yes
97786,No
97787,No
97788,Yes
97789,No
97790,Yes
97791,No
97792,No
97793,Yes
97794,No
97795,Yes
97796,Yes
97797,Yes
97798,Yes
97799,Yes
97800,Yes
97801,Yes
97802,Yes
97803,Yes
97804,No
97805,Yes
97806,Yes
97807,Yes
97808,Yes
97809,Yes
97810,No
97811,Yes
97812,No
97813,Yes
97814,Yes
97815,No
97816,Yes
97817,No
97818,Yes
97819,No
97820,Yes
97821,No
97822,Yes
97823,Yes
97824,Yes
97825,No
97826,No
97827,Yes
97828,No
97829,Yes
97830,Yes
97831,No
97832,Yes
97833,No
97834,Yes
97835,No
97836,Yes
97837,Yes
97838,Yes
97839,Yes
97840,Yes
97841,Yes
97842,No
97843,Yes
97844,No
97845,No
97846,No
97847,Yes
97848,No
97849,No
97850,Yes
97851,No
97852,Yes
97853,Yes
97854,Yes
97855,Yes
97856,No
97857,No
97858,Yes
97859,Yes
97860,No
97861,Yes
97862,Yes
97863,No
97864,No
97865,No
97866,Yes
97867,Yes
97868,No
97869,Yes
97870,No
97871,Yes
97872,Yes
97873,No
97874,Yes
97875,No
97876,Yes
97877,Yes
97878,Yes
97879,No
97880,No
97881,Yes
97882,No
97883,No
97884,No
97885,No
97886,No
97887,Yes
97888,Yes
97889,Yes
97890,No
97891,No
97892,Yes
97893,No
97894,No
97895,No
97896,Yes
97897,No
97898,No
97899,Yes
97900,Yes
97901,Yes
97902,No
97903,Yes
97904,No
97905,No
97906,Yes
97907,No
97908,Yes
97909,No
97910,Yes
97911,No
97912,Yes
97913,Yes
97914,Yes
97915,Yes
97916,Yes
97917,Yes
97918,No
97919,Yes
97920,Yes
97921,No
97922,Yes
97923,Yes
97924,No
97925,No
97926,Yes
97927,Yes
97928,Yes
97929,Yes
97930,Yes
97931,Yes
97932,Yes
97933,No
97934,No
97935,Yes
97936,No
97937,Yes
97938,No
97939,Yes
97940,Yes
97941,Yes
97942,No
97943,Yes
97944,No
97945,Yes
97946,No
97947,No
97948,No
97949,No
97950,No
97951,No
97952,Yes
97953,No
97954,Yes
97955,No
97956,No
97957,Yes
97958,No
97959,Yes
97960,Yes
97961,Yes
97962,Yes
97963,Yes
97964,No
97965,No
97966,No
97967,Yes
97968,No
97969,No
97970,No
97971,No
97972,Yes
97973,Yes
97974,Yes
97975,Yes
97976,Yes
97977,No
97978,Yes
97979,No
97980,No
97981,No
97982,Yes
97983,Yes
97984,Yes
97985,Yes
97986,No
97987,Yes
97988,Yes
97989,No
97990,No
97991,No
97992,No
97993,Yes
97994,No
97995,No
97996,No
97997,Yes
97998,No
97999,Yes
98000,Yes
98001,No
98002,Yes
98003,Yes
98004,Yes
98005,Yes
98006,No
98007,Yes
98008,No
98009,Yes
98010,No
98011,No
98012,No
98013,Yes
98014,Yes
98015,No
98016,No
98017,No
98018,Yes
98019,Yes
98020,Yes
98021,Yes
98022,Yes
98023,No
98024,No
98025,Yes
98026,No
98027,No
98028,Yes
98029,No
98030,Yes
98031,No
98032,Yes
98033,No
98034,Yes
98035,No
98036,Yes
98037,Yes
98038,Yes
98039,Yes
98040,No
98041,Yes
98042,No
98043,Yes
98044,Yes
98045,Yes
98046,Yes
98047,Yes
98048,Yes
98049,No
98050,Yes
98051,No
98052,No
98053,No
98054,No
98055,Yes
98056,Yes
98057,No
98058,Yes
98059,No
98060,Yes
98061,Yes
98062,No
98063,No
98064,No
98065,Yes
98066,No
98067,No
98068,No
98069,No
98070,No
98071,Yes
98072,No
98073,No
98074,Yes
98075,Yes
98076,Yes
98077,Yes
98078,Yes
98079,No
98080,Yes
98081,Yes
98082,Yes
98083,No
98084,No
98085,Yes
98086,No
98087,No
98088,Yes
98089,Yes
98090,Yes
98091,Yes
98092,No
98093,No
98094,Yes
98095,No
98096,No
98097,No
98098,Yes
98099,Yes
98100,Yes
98101,Yes
98102,No
98103,No
98104,Yes
98105,No
98106,Yes
98107,No
98108,Yes
98109,No
98110,Yes
98111,Yes
98112,No
98113,No
98114,No
98115,No
98116,No
98117,Yes
98118,Yes
98119,No
98120,No
98121,Yes
98122,No
98123,Yes
98124,No
98125,Yes
98126,No
98127,Yes
98128,Yes
98129,Yes
98130,No
98131,No
98132,No
98133,Yes
98134,Yes
98135,No
98136,No
98137,No
98138,No
98139,Yes
98140,No
98141,Yes
98142,Yes
98143,Yes
98144,No
98145,Yes
98146,Yes
98147,No
98148,No
98149,No
98150,Yes
98151,Yes
98152,Yes
98153,Yes
98154,Yes
98155,Yes
98156,No
98157,Yes
98158,Yes
98159,No
98160,Yes
98161,No
98162,Yes
98163,No
98164,No
98165,Yes
98166,Yes
98167,Yes
98168,No
98169,Yes
98170,Yes
98171,No
98172,Yes
98173,No
98174,Yes
98175,Yes
98176,No
98177,Yes
98178,Yes
98179,Yes
98180,No
98181,No
98182,No
98183,Yes
98184,No
98185,Yes
98186,Yes
98187,No
98188,Yes
98189,No
98190,Yes
98191,Yes
98192,Yes
98193,No
98194,Yes
98195,Yes
98196,Yes
98197,No
98198,Yes
98199,Yes
98200,Yes
98201,Yes
98202,No
98203,Yes
98204,No
98205,No
98206,No
98207,No
98208,No
98209,Yes
98210,No
98211,Yes
98212,Yes
98213,Yes
98214,No
98215,No
98216,No
98217,Yes
98218,Yes
98219,Yes
98220,Yes
98221,No
98222,Yes
98223,Yes
98224,Yes
98225,Yes
98226,Yes
98227,No
98228,Yes
98229,Yes
98230,No
98231,No
98232,No
98233,Yes
98234,Yes
98235,Yes
98236,No
98237,Yes
98238,Yes
98239,No
98240,No
98241,Yes
98242,No
98243,No
98244,Yes
98245,Yes
98246,Yes
98247,Yes
98248,No
98249,Yes
98250,No
98251,Yes
98252,No
98253,Yes
98254,Yes
98255,Yes
98256,Yes
98257,No
98258,No
98259,No
98260,Yes
98261,Yes
98262,Yes
98263,No
98264,Yes
98265,No
98266,Yes
98267,Yes
98268,Yes
98269,No
98270,Yes
98271,No
98272,Yes
98273,Yes
98274,Yes
98275,No
98276,Yes
98277,No
98278,Yes
98279,Yes
98280,Yes
98281,Yes
98282,Yes
98283,Yes
98284,Yes
98285,No
98286,No
98287,Yes
98288,No
98289,Yes
98290,No
98291,No
98292,No
98293,Yes
98294,No
98295,No
98296,Yes
98297,No
98298,Yes
98299,No
98300,Yes
98301,No
98302,Yes
98303,Yes
98304,No
98305,Yes
98306,No
98307,Yes
98308,No
98309,Yes
98310,Yes
98311,No
98312,Yes
98313,No
98314,Yes
98315,Yes
98316,No
98317,No
98318,No
98319,No
98320,Yes
98321,No
98322,Yes
98323,No
98324,No
98325,Yes
98326,No
98327,No
98328,Yes
98329,Yes
98330,Yes
98331,Yes
98332,Yes
98333,No
98334,Yes
98335,No
98336,Yes
98337,No
98338,Yes
98339,Yes
98340,Yes
98341,No
98342,No
98343,Yes
98344,Yes
98345,No
98346,No
98347,Yes
98348,No
98349,No
98350,Yes
98351,Yes
98352,Yes
98353,Yes
98354,Yes
98355,No
98356,No
98357,Yes
98358,Yes
98359,No
98360,Yes
98361,No
98362,No
98363,No
98364,Yes
98365,Yes
98366,Yes
98367,Yes
98368,Yes
98369,Yes
98370,Yes
98371,Yes
98372,Yes
98373,Yes
98374,No
98375,Yes
98376,No
98377,Yes
98378,No
98379,Yes
98380,Yes
98381,No
98382,Yes
98383,No
98384,Yes
98385,No
98386,Yes
98387,Yes
98388,No
98389,Yes
98390,Yes
98391,Yes
98392,No
98393,Yes
98394,No
98395,Yes
98396,Yes
98397,No
98398,No
98399,Yes
98400,Yes
98401,No
98402,No
98403,Yes
98404,Yes
98405,Yes
98406,No
98407,Yes
98408,No
98409,Yes
98410,Yes
98411,No
98412,Yes
98413,No
98414,Yes
98415,No
98416,No
98417,Yes
98418,Yes
98419,Yes
98420,No
98421,Yes
98422,Yes
98423,Yes
98424,No
98425,No
98426,No
98427,Yes
98428,No
98429,Yes
98430,Yes
98431,Yes
98432,Yes
98433,Yes
98434,Yes
98435,No
98436,No
98437,No
98438,No
98439,Yes
98440,No
98441,No
98442,Yes
98443,Yes
98444,No
98445,No
98446,Yes
98447,No
98448,Yes
98449,No
98450,No
98451,Yes
98452,No
98453,Yes
98454,Yes
98455,Yes
98456,Yes
98457,Yes
98458,Yes
98459,No
98460,No
98461,Yes
98462,No
98463,No
98464,No
98465,Yes
98466,No
98467,No
98468,Yes
98469,No
98470,Yes
98471,Yes
98472,No
98473,Yes
98474,No
98475,Yes
98476,Yes
98477,No
98478,Yes
98479,No
98480,No
98481,Yes
98482,Yes
98483,Yes
98484,No
98485,No
98486,No
98487,No
98488,Yes
98489,Yes
98490,No
98491,No
98492,Yes
98493,No
98494,Yes
98495,No
98496,No
98497,Yes
98498,No
98499,Yes
98500,No
98501,Yes
98502,No
98503,No
98504,No
98505,No
98506,Yes
98507,Yes
98508,No
98509,Yes
98510,No
98511,Yes
98512,No
98513,Yes
98514,No
98515,Yes
98516,No
98517,No
98518,No
98519,Yes
98520,Yes
98521,Yes
98522,No
98523,Yes
98524,No
98525,Yes
98526,Yes
98527,No
98528,Yes
98529,No
98530,No
98531,No
98532,Yes
98533,Yes
98534,Yes
98535,Yes
98536,No
98537,Yes
98538,Yes
98539,Yes
98540,Yes
98541,No
98542,No
98543,Yes
98544,No
98545,No
98546,No
98547,No
98548,No
98549,No
98550,Yes
98551,Yes
98552,Yes
98553,Yes
98554,Yes
98555,No
98556,No
98557,Yes
98558,No
98559,Yes
98560,No
98561,Yes
98562,Yes
98563,No
98564,Yes
98565,No
98566,No
98567,No
98568,No
98569,No
98570,No
98571,Yes
98572,Yes
98573,Yes
98574,Yes
98575,Yes
98576,Yes
98577,Yes
98578,No
98579,Yes
98580,Yes
98581,No
98582,Yes
98583,Yes
98584,Yes
98585,Yes
98586,Yes
98587,Yes
98588,No
98589,No
98590,Yes
98591,Yes
98592,No
98593,Yes
98594,Yes
98595,No
98596,No
98597,Yes
98598,Yes
98599,Yes
98600,Yes
98601,Yes
98602,Yes
98603,No
98604,No
98605,Yes
98606,Yes
98607,No
98608,Yes
98609,No
98610,No
98611,Yes
98612,No
98613,Yes
98614,Yes
98615,Yes
98616,Yes
98617,No
98618,No
98619,Yes
98620,Yes
98621,Yes
98622,No
98623,Yes
98624,Yes
98625,No
98626,Yes
98627,Yes
98628,No
98629,Yes
98630,Yes
98631,No
98632,Yes
98633,No
98634,Yes
98635,Yes
98636,No
98637,No
98638,No
98639,Yes
98640,Yes
98641,No
98642,No
98643,Yes
98644,Yes
98645,Yes
98646,Yes
98647,Yes
98648,Yes
98649,Yes
98650,Yes
98651,No
98652,Yes
98653,Yes
98654,Yes
98655,No
98656,Yes
98657,No
98658,No
98659,No
98660,No
98661,Yes
98662,Yes
98663,Yes
98664,Yes
98665,Yes
98666,Yes
98667,Yes
98668,No
98669,Yes
98670,Yes
98671,Yes
98672,Yes
98673,Yes
98674,Yes
98675,No
98676,Yes
98677,Yes
98678,No
98679,No
98680,Yes
98681,No
98682,No
98683,No
98684,Yes
98685,Yes
98686,Yes
98687,No
98688,Yes
98689,No
98690,Yes
98691,Yes
98692,Yes
98693,No
98694,Yes
98695,No
98696,Yes
98697,Yes
98698,Yes
98699,No
98700,Yes
98701,No
98702,Yes
98703,No
98704,No
98705,No
98706,No
98707,No
98708,Yes
98709,Yes
98710,No
98711,No
98712,No
98713,Yes
98714,Yes
98715,Yes
98716,No
98717,No
98718,Yes
98719,Yes
98720,No
98721,Yes
98722,Yes
98723,Yes
98724,No
98725,Yes
98726,Yes
98727,Yes
98728,No
98729,No
98730,Yes
98731,Yes
98732,Yes
98733,Yes
98734,No
98735,No
98736,No
98737,No
98738,Yes
98739,Yes
98740,Yes
98741,Yes
98742,Yes
98743,Yes
98744,Yes
98745,No
98746,Yes
98747,Yes
98748,Yes
98749,No
98750,No
98751,Yes
98752,Yes
98753,No
98754,No
98755,Yes
98756,No
98757,Yes
98758,Yes
98759,Yes
98760,No
98761,Yes
98762,Yes
98763,Yes
98764,Yes
98765,No
98766,Yes
98767,Yes
98768,Yes
98769,Yes
98770,Yes
98771,No
98772,Yes
98773,No
98774,Yes
98775,Yes
98776,Yes
98777,Yes
98778,No
98779,Yes
98780,No
98781,Yes
98782,Yes
98783,Yes
98784,Yes
98785,No
98786,No
98787,Yes
98788,Yes
98789,No
98790,Yes
98791,Yes
98792,Yes
98793,No
98794,No
98795,No
98796,Yes
98797,No
98798,Yes
98799,No
98800,Yes
98801,Yes
98802,Yes
98803,Yes
98804,No
98805,Yes
98806,No
98807,Yes
98808,Yes
98809,No
98810,Yes
98811,No
98812,No
98813,Yes
98814,Yes
98815,Yes
98816,No
98817,No
98818,No
98819,No
98820,No
98821,No
98822,No
98823,No
98824,Yes
98825,No
98826,No
98827,Yes
98828,Yes
98829,Yes
98830,Yes
98831,Yes
98832,Yes
98833,No
98834,Yes
98835,Yes
98836,No
98837,Yes
98838,Yes
98839,Yes
98840,No
98841,Yes
98842,No
98843,Yes
98844,No
98845,No
98846,No
98847,Yes
98848,No
98849,No
98850,Yes
98851,Yes
98852,Yes
98853,Yes
98854,Yes
98855,Yes
98856,Yes
98857,No
98858,No
98859,No
98860,No
98861,Yes
98862,No
98863,No
98864,Yes
98865,No
98866,No
98867,Yes
98868,Yes
98869,No
98870,Yes
98871,Yes
98872,No
98873,Yes
98874,No
98875,No
98876,Yes
98877,Yes
98878,No
98879,No
98880,Yes
98881,Yes
98882,No
98883,No
98884,No
98885,Yes
98886,No
98887,No
98888,Yes
98889,Yes
98890,Yes
98891,Yes
98892,No
98893,Yes
98894,No
98895,Yes
98896,Yes
98897,Yes
98898,Yes
98899,No
98900,Yes
98901,Yes
98902,Yes
98903,Yes
98904,Yes
98905,No
98906,No
98907,No
98908,Yes
98909,No
98910,No
98911,No
98912,No
98913,Yes
98914,Yes
98915,Yes
98916,Yes
98917,Yes
98918,Yes
98919,Yes
98920,Yes
98921,No
98922,Yes
98923,Yes
98924,Yes
98925,Yes
98926,Yes
98927,Yes
98928,Yes
98929,No
98930,Yes
98931,Yes
98932,Yes
98933,Yes
98934,No
98935,No
98936,Yes
98937,Yes
98938,No
98939,No
98940,Yes
98941,No
98942,No
98943,Yes
98944,Yes
98945,Yes
98946,No
98947,Yes
98948,No
98949,No
98950,No
98951,No
98952,Yes
98953,Yes
98954,Yes
98955,No
98956,Yes
98957,No
98958,No
98959,No
98960,No
98961,Yes
98962,Yes
98963,Yes
98964,Yes
98965,Yes
98966,Yes
98967,Yes
98968,Yes
98969,Yes
98970,No
98971,No
98972,Yes
98973,Yes
98974,Yes
98975,Yes
98976,Yes
98977,No
98978,Yes
98979,Yes
98980,Yes
98981,No
98982,Yes
98983,Yes
98984,Yes
98985,Yes
98986,Yes
98987,Yes
98988,No
98989,No
98990,Yes
98991,No
98992,No
98993,Yes
98994,Yes
98995,No
98996,Yes
98997,No
98998,Yes
98999,Yes
99000,Yes
99001,Yes
99002,Yes
99003,No
99004,No
99005,No
99006,No
99007,Yes
99008,Yes
99009,Yes
99010,Yes
99011,Yes
99012,No
99013,Yes
99014,No
99015,No
99016,Yes
99017,Yes
99018,Yes
99019,Yes
99020,No
99021,Yes
99022,No
99023,Yes
99024,Yes
99025,No
99026,Yes
99027,Yes
99028,No
99029,Yes
99030,Yes
99031,Yes
99032,Yes
99033,No
99034,No
99035,No
99036,Yes
99037,No
99038,Yes
99039,No
99040,No
99041,No
99042,Yes
99043,No
99044,No
99045,Yes
99046,No
99047,No
99048,No
99049,No
99050,Yes
99051,No
99052,Yes
99053,Yes
99054,Yes
99055,No
99056,Yes
99057,Yes
99058,Yes
99059,Yes
99060,Yes
99061,Yes
99062,No
99063,No
99064,Yes
99065,No
99066,Yes
99067,No
99068,Yes
99069,Yes
99070,No
99071,Yes
99072,Yes
99073,No
99074,Yes
99075,Yes
99076,Yes
99077,Yes
99078,Yes
99079,Yes
99080,No
99081,Yes
99082,Yes
99083,Yes
99084,No
99085,No
99086,No
99087,Yes
99088,No
99089,Yes
99090,Yes
99091,Yes
99092,No
99093,Yes
99094,Yes
99095,Yes
99096,Yes
99097,No
99098,No
99099,No
99100,No
99101,Yes
99102,No
99103,No
99104,Yes
99105,Yes
99106,Yes
99107,Yes
99108,No
99109,No
99110,Yes
99111,Yes
99112,No
99113,Yes
99114,Yes
99115,Yes
99116,Yes
99117,Yes
99118,Yes
99119,No
99120,No
99121,Yes
99122,Yes
99123,Yes
99124,Yes
99125,Yes
99126,Yes
99127,Yes
99128,No
99129,No
99130,Yes
99131,Yes
99132,Yes
99133,Yes
99134,No
99135,Yes
99136,Yes
99137,Yes
99138,Yes
99139,No
99140,Yes
99141,No
99142,No
99143,No
99144,Yes
99145,No
99146,No
99147,No
99148,Yes
99149,Yes
99150,Yes
99151,No
99152,Yes
99153,Yes
99154,Yes
99155,Yes
99156,Yes
99157,Yes
99158,Yes
99159,No
99160,No
99161,Yes
99162,Yes
99163,Yes
99164,No
99165,No
99166,Yes
99167,No
99168,Yes
99169,Yes
99170,No
99171,No
99172,Yes
99173,Yes
99174,Yes
99175,No
99176,No
99177,No
99178,Yes
99179,Yes
99180,Yes
99181,Yes
99182,Yes
99183,Yes
99184,No
99185,No
99186,Yes
99187,No
99188,Yes
99189,Yes
99190,No
99191,No
99192,Yes
99193,Yes
99194,Yes
99195,No
99196,No
99197,Yes
99198,Yes
99199,No
99200,No
99201,Yes
99202,Yes
99203,Yes
99204,Yes
99205,No
99206,Yes
99207,Yes
99208,Yes
99209,Yes
99210,Yes
99211,No
99212,Yes
99213,Yes
99214,Yes
99215,Yes
99216,No
99217,Yes
99218,No
99219,No
99220,Yes
99221,No
99222,Yes
99223,No
99224,Yes
99225,Yes
99226,Yes
99227,No
99228,Yes
99229,Yes
99230,Yes
99231,No
99232,Yes
99233,No
99234,Yes
99235,Yes
99236,Yes
99237,Yes
99238,No
99239,No
99240,No
99241,No
99242,No
99243,No
99244,Yes
99245,No
99246,Yes
99247,Yes
99248,Yes
99249,Yes
99250,Yes
99251,No
99252,No
99253,No
99254,No
99255,Yes
99256,No
99257,Yes
99258,No
99259,Yes
99260,No
99261,No
99262,No
99263,No
99264,No
99265,No
99266,Yes
99267,Yes
99268,Yes
99269,No
99270,No
99271,No
99272,Yes
99273,No
99274,No
99275,No
99276,Yes
99277,Yes
99278,Yes
99279,No
99280,Yes
99281,Yes
99282,No
99283,No
99284,Yes
99285,Yes
99286,No
99287,No
99288,Yes
99289,Yes
99290,Yes
99291,No
99292,No
99293,No
99294,Yes
99295,Yes
99296,No
99297,No
99298,No
99299,No
99300,No
99301,Yes
99302,Yes
99303,No
99304,Yes
99305,Yes
99306,Yes
99307,Yes
99308,Yes
99309,No
99310,Yes
99311,No
99312,Yes
99313,No
99314,Yes
99315,No
99316,Yes
99317,Yes
99318,Yes
99319,Yes
99320,No
99321,Yes
99322,No
99323,Yes
99324,Yes
99325,Yes
99326,Yes
99327,No
99328,No
99329,No
99330,No
99331,No
99332,Yes
99333,No
99334,Yes
99335,Yes
99336,Yes
99337,Yes
99338,Yes
99339,Yes
99340,Yes
99341,Yes
99342,No
99343,Yes
99344,Yes
99345,No
99346,Yes
99347,Yes
99348,Yes
99349,Yes
99350,Yes
99351,No
99352,Yes
99353,No
99354,Yes
99355,Yes
99356,Yes
99357,No
99358,Yes
99359,No
99360,No
99361,Yes
99362,Yes
99363,No
99364,Yes
99365,No
99366,No
99367,No
99368,Yes
99369,No
99370,Yes
99371,No
99372,Yes
99373,No
99374,Yes
99375,Yes
99376,No
99377,Yes
99378,Yes
99379,Yes
99380,Yes
99381,No
99382,Yes
99383,No
99384,Yes
99385,Yes
99386,No
99387,Yes
99388,Yes
99389,Yes
99390,No
99391,Yes
99392,Yes
99393,No
99394,Yes
99395,No
99396,No
99397,No
99398,No
99399,Yes
99400,No
99401,Yes
99402,Yes
99403,Yes
99404,Yes
99405,Yes
99406,No
99407,No
99408,No
99409,Yes
99410,Yes
99411,No
99412,No
99413,No
99414,Yes
99415,No
99416,No
99417,Yes
99418,Yes
99419,Yes
99420,Yes
99421,No
99422,No
99423,No
99424,No
99425,Yes
99426,Yes
99427,No
99428,Yes
99429,No
99430,No
99431,No
99432,Yes
99433,No
99434,Yes
99435,No
99436,No
99437,No
99438,Yes
99439,No
99440,No
99441,No
99442,Yes
99443,No
99444,Yes
99445,Yes
99446,Yes
99447,No
99448,Yes
99449,No
99450,No
99451,Yes
99452,Yes
99453,Yes
99454,Yes
99455,Yes
99456,Yes
99457,Yes
99458,Yes
99459,No
99460,No
99461,Yes
99462,No
99463,Yes
99464,Yes
99465,Yes
99466,Yes
99467,No
99468,Yes
99469,No
99470,No
99471,No
99472,No
99473,Yes
99474,Yes
99475,Yes
99476,No
99477,No
99478,Yes
99479,Yes
99480,Yes
99481,No
99482,No
99483,No
99484,No
99485,Yes
99486,Yes
99487,Yes
99488,No
99489,No
99490,No
99491,No
99492,No
99493,Yes
99494,Yes
99495,Yes
99496,Yes
99497,Yes
99498,No
99499,No
99500,Yes
99501,Yes
99502,Yes
99503,No
99504,Yes
99505,Yes
99506,No
99507,Yes
99508,Yes
99509,No
99510,No
99511,Yes
99512,Yes
99513,Yes
99514,Yes
99515,No
99516,Yes
99517,No
99518,Yes
99519,Yes
99520,Yes
99521,Yes
99522,No
99523,Yes
99524,No
99525,Yes
99526,Yes
99527,Yes
99528,Yes
99529,No
99530,Yes
99531,Yes
99532,No
99533,No
99534,No
99535,No
99536,No
99537,Yes
99538,No
99539,No
99540,Yes
99541,Yes
99542,Yes
99543,No
99544,Yes
99545,Yes
99546,No
99547,Yes
99548,No
99549,No
99550,No
99551,No
99552,Yes
99553,No
99554,No
99555,Yes
99556,Yes
99557,Yes
99558,Yes
99559,Yes
99560,No
99561,Yes
99562,No
99563,Yes
99564,No
99565,Yes
99566,Yes
99567,Yes
99568,Yes
99569,No
99570,No
99571,No
99572,No
99573,No
99574,Yes
99575,Yes
99576,No
99577,No
99578,No
99579,Yes
99580,Yes
99581,No
99582,No
99583,Yes
99584,No
99585,No
99586,Yes
99587,No
99588,Yes
99589,No
99590,No
99591,No
99592,No
99593,Yes
99594,Yes
99595,No
99596,Yes
99597,Yes
99598,No
99599,Yes
99600,Yes
99601,Yes
99602,No
99603,No
99604,No
99605,No
99606,No
99607,Yes
99608,No
99609,No
99610,Yes
99611,Yes
99612,Yes
99613,Yes
99614,No
99615,No
99616,Yes
99617,Yes
99618,No
99619,Yes
99620,No
99621,Yes
99622,No
99623,Yes
99624,No
99625,Yes
99626,No
99627,No
99628,No
99629,Yes
99630,Yes
99631,No
99632,No
99633,Yes
99634,No
99635,Yes
99636,No
99637,Yes
99638,Yes
99639,Yes
99640,Yes
99641,No
99642,Yes
99643,No
99644,Yes
99645,Yes
99646,Yes
99647,No
99648,Yes
99649,Yes
99650,No
99651,Yes
99652,Yes
99653,No
99654,Yes
99655,No
99656,No
99657,No
99658,Yes
99659,No
99660,No
99661,Yes
99662,Yes
99663,Yes
99664,No
99665,No
99666,No
99667,Yes
99668,No
99669,No
99670,No
99671,No
99672,Yes
99673,Yes
99674,Yes
99675,Yes
99676,No
99677,No
99678,Yes
99679,Yes
99680,Yes
99681,Yes
99682,Yes
99683,Yes
99684,Yes
99685,No
99686,No
99687,Yes
99688,Yes
99689,Yes
99690,No
99691,No
99692,Yes
99693,No
99694,No
99695,Yes
99696,No
99697,Yes
99698,Yes
99699,Yes
99700,Yes
99701,Yes
99702,No
99703,Yes
99704,Yes
99705,Yes
99706,Yes
99707,Yes
99708,No
99709,Yes
99710,No
99711,Yes
99712,Yes
99713,Yes
99714,Yes
99715,Yes
99716,No
99717,No
99718,Yes
99719,No
99720,No
99721,No
99722,Yes
99723,Yes
99724,No
99725,No
99726,Yes
99727,No
99728,No
99729,No
99730,Yes
99731,No
99732,No
99733,No
99734,No
99735,No
99736,Yes
99737,No
99738,No
99739,No
99740,No
99741,No
99742,Yes
99743,No
99744,Yes
99745,No
99746,Yes
99747,Yes
99748,Yes
99749,Yes
99750,No
99751,No
99752,Yes
99753,No
99754,Yes
99755,No
99756,Yes
99757,No
99758,No
99759,Yes
99760,No
99761,Yes
99762,No
99763,No
99764,No
99765,No
99766,Yes
99767,No
99768,No
99769,Yes
99770,Yes
99771,Yes
99772,No
99773,Yes
99774,Yes
99775,Yes
99776,Yes
99777,Yes
99778,No
99779,Yes
99780,No
99781,No
99782,Yes
99783,No
99784,Yes
99785,Yes
99786,No
99787,Yes
99788,No
99789,Yes
99790,No
99791,Yes
99792,Yes
99793,No
99794,No
99795,No
99796,No
99797,Yes
99798,Yes
99799,Yes
99800,Yes
99801,Yes
99802,No
99803,No
99804,No
99805,No
99806,No
99807,No
99808,Yes
99809,No
99810,Yes
99811,Yes
99812,Yes
99813,Yes
99814,No
99815,Yes
99816,No
99817,No
99818,Yes
99819,Yes
99820,Yes
99821,No
99822,Yes
99823,No
99824,No
99825,No
99826,Yes
99827,Yes
99828,Yes
99829,No
99830,No
99831,Yes
99832,Yes
99833,Yes
99834,Yes
99835,Yes
99836,No
99837,Yes
99838,No
99839,Yes
99840,No
99841,No
99842,No
99843,Yes
99844,No
99845,Yes
99846,No
99847,No
99848,No
99849,No
99850,No
99851,No
99852,Yes
99853,No
99854,No
99855,No
99856,Yes
99857,Yes
99858,Yes
99859,Yes
99860,No
99861,Yes
99862,Yes
99863,Yes
99864,No
99865,Yes
99866,No
99867,Yes
99868,Yes
99869,Yes
99870,No
99871,Yes
99872,Yes
99873,Yes
99874,Yes
99875,No
99876,No
99877,No
99878,No
99879,No
99880,No
99881,No
99882,Yes
99883,Yes
99884,No
99885,No
99886,No
99887,No
99888,Yes
99889,Yes
99890,Yes
99891,Yes
99892,Yes
99893,No
99894,Yes
99895,Yes
99896,No
99897,No
99898,Yes
99899,No
99900,No
99901,Yes
99902,No
99903,No
99904,No
99905,Yes
99906,Yes
99907,No
99908,No
99909,No
99910,Yes
99911,No
99912,Yes
99913,No
99914,No
99915,No
99916,No
99917,Yes
99918,No
99919,No
99920,Yes
99921,No
99922,No
99923,Yes
99924,No
99925,Yes
99926,No
99927,Yes
99928,Yes
99929,No
99930,Yes
99931,Yes
99932,Yes
99933,Yes
99934,No
99935,Yes
99936,No
99937,No
99938,Yes
99939,Yes
99940,No
99941,No
99942,Yes
99943,Yes
99944,Yes
99945,No
99946,Yes
99947,No
99948,No
99949,Yes
99950,No
99951,Yes
99952,Yes
99953,Yes
99954,Yes
99955,No
99956,No
99957,No
99958,Yes
99959,No
99960,Yes
99961,Yes
99962,No
99963,No
99964,No
99965,Yes
99966,Yes
99967,No
99968,No
99969,Yes
99970,No
99971,Yes
99972,Yes
99973,Yes
99974,Yes
99975,Yes
99976,No
99977,Yes
99978,Yes
99979,No
99980,Yes
99981,Yes
99982,No
99983,No
99984,Yes
99985,Yes
99986,Yes
99987,Yes
99988,No
99989,No
99990,No
99991,Yes
99992,Yes
99993,Yes
99994,Yes
99995,No
99996,Yes
99997,No
99998,Yes
99999,No
100000,No
100001,Yes
100002,Yes
100003,No
100004,Yes
100005,Yes
100006,No
100007,Yes
100008,Yes
100009,Yes
100010,Yes
100011,Yes
100012,Yes
100013,Yes
100014,No
100015,No
100016,No
100017,Yes
100018,Yes
100019,Yes
100020,Yes
100021,No
100022,No
100023,Yes
100024,No
100025,No
100026,Yes
100027,No
100028,No
100029,No
100030,Yes
100031,Yes
100032,Yes
100033,No
100034,Yes
100035,No
100036,No
100037,Yes
100038,No
100039,No
100040,Yes
100041,No
100042,No
100043,Yes
100044,Yes
100045,Yes
100046,Yes
100047,Yes
100048,Yes
100049,Yes
100050,No
100051,Yes
100052,No
100053,Yes
100054,No
100055,Yes
100056,Yes
100057,Yes
100058,No
100059,Yes
100060,Yes
100061,Yes
100062,Yes
100063,Yes
100064,Yes
100065,Yes
100066,No
100067,No
100068,No
100069,Yes
100070,No
100071,No
100072,Yes
100073,Yes
100074,No
100075,No
100076,Yes
100077,No
100078,Yes
100079,Yes
100080,Yes
100081,Yes
100082,Yes
100083,No
100084,No
100085,Yes
100086,Yes
100087,Yes
100088,Yes
100089,Yes
100090,Yes
100091,Yes
100092,Yes
100093,No
100094,No
100095,Yes
100096,Yes
100097,Yes
100098,Yes
100099,Yes
100100,No
100101,Yes
100102,No
100103,Yes
100104,No
100105,Yes
100106,Yes
100107,Yes
100108,No
100109,Yes
100110,Yes
100111,No
100112,Yes
100113,No
100114,Yes
100115,Yes
100116,Yes
100117,Yes
100118,Yes
100119,No
100120,Yes
100121,Yes
100122,Yes
100123,Yes
100124,Yes
100125,No
100126,No
100127,Yes
100128,Yes
100129,Yes
100130,Yes
100131,Yes
100132,Yes
100133,Yes
100134,Yes
100135,No
100136,Yes
100137,No
100138,No
100139,Yes
100140,No
100141,No
100142,Yes
100143,Yes
100144,No
100145,Yes
100146,No
100147,No
100148,No
100149,Yes
100150,Yes
100151,Yes
100152,No
100153,Yes
100154,Yes
100155,Yes
100156,Yes
100157,Yes
100158,Yes
100159,Yes
100160,No
100161,Yes
100162,Yes
100163,Yes
100164,Yes
100165,No
100166,No
100167,No
100168,Yes
100169,Yes
100170,Yes
100171,Yes
100172,Yes
100173,Yes
100174,Yes
100175,No
100176,No
100177,Yes
100178,Yes
100179,Yes
100180,Yes
100181,Yes
100182,Yes
100183,Yes
100184,No
100185,Yes
100186,Yes
100187,Yes
100188,No
100189,No
100190,No
100191,Yes
100192,Yes
100193,No
100194,No
100195,Yes
100196,Yes
100197,Yes
100198,Yes
100199,Yes
100200,Yes
100201,Yes
100202,Yes
100203,Yes
100204,No
100205,No
100206,No
100207,No
100208,No
100209,No
100210,No
100211,No
100212,Yes
100213,Yes
100214,Yes
100215,Yes
100216,No
100217,No
100218,No
100219,No
100220,Yes
100221,No
100222,No
100223,Yes
100224,Yes
100225,Yes
100226,Yes
100227,Yes
100228,No
100229,Yes
100230,Yes
100231,Yes
100232,No
100233,No
100234,No
100235,Yes
100236,No
100237,Yes
100238,Yes
100239,No
100240,Yes
100241,Yes
100242,Yes
100243,Yes
100244,No
100245,Yes
100246,Yes
100247,Yes
100248,Yes
100249,Yes
100250,No
100251,No
100252,Yes
100253,Yes
100254,No
100255,No
100256,No
100257,No
100258,No
100259,No
100260,No
100261,Yes
100262,Yes
100263,No
100264,No
100265,Yes
100266,Yes
100267,No
100268,No
100269,Yes
100270,No
100271,Yes
100272,Yes
100273,Yes
100274,Yes
100275,Yes
100276,Yes
100277,Yes
100278,Yes
100279,No
100280,Yes
100281,Yes
100282,No
100283,Yes
100284,Yes
100285,Yes
100286,Yes
100287,No
100288,Yes
100289,No
100290,Yes
100291,No
100292,Yes
100293,No
100294,Yes
100295,Yes
100296,Yes
100297,Yes
100298,No
100299,No
100300,No
100301,No
100302,No
100303,Yes
100304,Yes
100305,Yes
100306,No
100307,No
100308,No
100309,No
100310,No
100311,Yes
100312,No
100313,Yes
100314,Yes
100315,No
100316,Yes
100317,No
100318,Yes
100319,No
100320,Yes
100321,No
100322,No
100323,No
100324,Yes
100325,No
100326,Yes
100327,Yes
100328,Yes
100329,No
100330,Yes
100331,Yes
100332,Yes
100333,Yes
100334,Yes
100335,No
100336,No
100337,Yes
100338,No
100339,Yes
100340,Yes
100341,No
100342,No
100343,No
100344,Yes
100345,No
100346,No
100347,No
100348,Yes
100349,No
100350,Yes
100351,Yes
100352,Yes
100353,Yes
100354,Yes
100355,No
100356,No
100357,Yes
100358,Yes
100359,Yes
100360,Yes
100361,No
100362,Yes
100363,Yes
100364,No
100365,Yes
100366,No
100367,No
100368,No
100369,Yes
100370,Yes
100371,No
100372,Yes
100373,No
100374,Yes
100375,No
100376,No
100377,No
100378,Yes
100379,No
100380,No
100381,Yes
100382,Yes
100383,No
100384,No
100385,Yes
100386,No
100387,No
100388,No
100389,Yes
100390,Yes
100391,Yes
100392,No
100393,Yes
100394,No
100395,Yes
100396,Yes
100397,No
100398,No
100399,Yes
100400,Yes
100401,Yes
100402,No
100403,No
100404,No
100405,Yes
100406,Yes
100407,Yes
100408,Yes
100409,Yes
100410,No
100411,Yes
100412,Yes
100413,Yes
100414,No
100415,No
100416,Yes
100417,No
100418,Yes
100419,No
100420,No
100421,No
100422,No
100423,No
100424,Yes
100425,Yes
100426,No
100427,No
100428,Yes
100429,Yes
100430,No
100431,No
100432,No
100433,No
100434,Yes
100435,Yes
100436,No
100437,Yes
100438,No
100439,Yes
100440,Yes
100441,Yes
100442,Yes
100443,Yes
100444,Yes
100445,Yes
100446,Yes
100447,No
100448,Yes
100449,Yes
100450,Yes
100451,No
100452,Yes
100453,Yes
100454,Yes
100455,Yes
100456,No
100457,Yes
100458,Yes
100459,Yes
100460,Yes
100461,Yes
100462,Yes
100463,Yes
100464,No
100465,No
100466,No
100467,No
100468,No
100469,No
100470,Yes
100471,Yes
100472,Yes
100473,No
100474,No
100475,Yes
100476,Yes
100477,No
100478,No
100479,No
100480,Yes
100481,No
100482,Yes
100483,Yes
100484,Yes
100485,Yes
100486,Yes
100487,No
100488,No
100489,Yes
100490,Yes
100491,Yes
100492,Yes
100493,No
100494,Yes
100495,Yes
100496,Yes
100497,No
100498,No
100499,Yes
100500,No
100501,Yes
100502,No
100503,Yes
100504,Yes
100505,No
100506,Yes
100507,Yes
100508,Yes
100509,Yes
100510,No
100511,Yes
100512,No
100513,No
100514,Yes
100515,Yes
100516,Yes
100517,No
100518,Yes
100519,No
100520,Yes
100521,No
100522,Yes
100523,Yes
100524,Yes
100525,No
100526,No
100527,Yes
100528,Yes
100529,Yes
100530,Yes
100531,Yes
100532,Yes
100533,No
100534,Yes
100535,Yes
100536,No
100537,Yes
100538,Yes
100539,No
100540,No
100541,No
100542,No
100543,Yes
100544,No
100545,No
100546,Yes
100547,No
100548,No
100549,No
100550,Yes
100551,No
100552,No
100553,Yes
100554,Yes
100555,Yes
100556,Yes
100557,Yes
100558,Yes
100559,No
100560,No
100561,Yes
100562,Yes
100563,Yes
100564,No
100565,No
100566,Yes
100567,Yes
100568,Yes
100569,No
100570,Yes
100571,No
100572,Yes
100573,No
100574,No
100575,No
100576,Yes
100577,No
100578,No
100579,No
100580,No
100581,Yes
100582,No
100583,Yes
100584,No
100585,Yes
100586,Yes
100587,No
100588,Yes
100589,Yes
100590,No
100591,Yes
100592,Yes
100593,Yes
100594,Yes
100595,Yes
100596,No
100597,Yes
100598,Yes
100599,No
100600,Yes
100601,Yes
100602,Yes
100603,Yes
100604,No
100605,No
100606,No
100607,Yes
100608,Yes
100609,Yes
100610,Yes
100611,Yes
100612,Yes
100613,No
100614,Yes
100615,Yes
100616,No
100617,No
100618,Yes
100619,No
100620,Yes
100621,Yes
100622,No
100623,Yes
100624,Yes
100625,Yes
100626,No
100627,No
100628,No
100629,Yes
100630,No
100631,No
100632,No
100633,No
100634,No
100635,No
100636,Yes
100637,Yes
100638,Yes
100639,Yes
100640,No
100641,No
100642,No
100643,Yes
100644,No
100645,No
100646,Yes
100647,Yes
100648,No
100649,No
100650,No
100651,Yes
100652,Yes
100653,Yes
100654,No
100655,No
100656,Yes
100657,Yes
100658,No
100659,Yes
100660,Yes
100661,No
100662,Yes
100663,Yes
100664,Yes
100665,Yes
100666,Yes
100667,No
100668,No
100669,Yes
100670,Yes
100671,Yes
100672,Yes
100673,No
100674,Yes
100675,No
100676,Yes
100677,Yes
100678,No
100679,No
100680,No
100681,Yes
100682,No
100683,No
100684,No
100685,No
100686,Yes
100687,Yes
100688,Yes
100689,No
100690,Yes
100691,No
100692,Yes
100693,Yes
100694,No
100695,No
100696,Yes
100697,No
100698,Yes
100699,Yes
100700,Yes
100701,No
100702,Yes
100703,Yes
100704,Yes
100705,Yes
100706,Yes
100707,Yes
100708,Yes
100709,Yes
100710,Yes
100711,Yes
100712,Yes
100713,No
100714,No
100715,Yes
100716,Yes
100717,Yes
100718,Yes
100719,Yes
100720,No
100721,No
100722,Yes
100723,Yes
100724,No
100725,Yes
100726,No
100727,Yes
100728,Yes
100729,Yes
100730,Yes
100731,No
100732,Yes
100733,Yes
100734,Yes
100735,No
100736,Yes
100737,No
100738,Yes
100739,Yes
100740,No
100741,No
100742,No
100743,Yes
100744,Yes
100745,Yes
100746,Yes
100747,Yes
100748,No
100749,Yes
100750,No
100751,Yes
100752,No
100753,No
100754,Yes
100755,Yes
100756,No
100757,Yes
100758,Yes
100759,Yes
100760,No
100761,Yes
100762,Yes
100763,Yes
100764,Yes
100765,Yes
100766,Yes
100767,No
100768,No
100769,No
100770,No
100771,Yes
100772,No
100773,No
100774,No
100775,Yes
100776,Yes
100777,Yes
100778,No
100779,No
100780,No
100781,Yes
100782,No
100783,Yes
100784,No
100785,No
100786,Yes
100787,Yes
100788,No
100789,Yes
100790,Yes
100791,Yes
100792,Yes
100793,No
100794,No
100795,Yes
100796,Yes
100797,No
100798,Yes
100799,No
100800,No
100801,Yes
100802,No
100803,Yes
100804,No
100805,No
100806,No
100807,Yes
100808,Yes
100809,No
100810,No
100811,Yes
100812,No
100813,Yes
100814,Yes
100815,Yes
100816,No
100817,Yes
100818,Yes
100819,Yes
100820,Yes
100821,Yes
100822,Yes
100823,No
100824,Yes
100825,No
100826,Yes
100827,No
100828,No
100829,No
100830,No
100831,No
100832,No
100833,Yes
100834,Yes
100835,No
100836,No
100837,Yes
100838,Yes
100839,No
100840,Yes
100841,Yes
100842,No
100843,Yes
100844,No
100845,No
100846,Yes
100847,Yes
100848,Yes
100849,Yes
100850,Yes
100851,No
100852,No
100853,Yes
100854,No
100855,Yes
100856,No
100857,Yes
100858,Yes
100859,No
100860,Yes
100861,No
100862,No
100863,Yes
100864,Yes
100865,Yes
100866,No
100867,Yes
100868,Yes
100869,Yes
100870,Yes
100871,Yes
100872,Yes
100873,Yes
100874,No
100875,No
100876,No
100877,Yes
100878,Yes
100879,Yes
100880,Yes
100881,No
100882,Yes
100883,Yes
100884,No
100885,Yes
100886,No
100887,Yes
100888,Yes
100889,No
100890,Yes
100891,No
100892,Yes
100893,Yes
100894,Yes
100895,Yes
100896,Yes
100897,Yes
100898,Yes
100899,Yes
100900,No
100901,Yes
100902,Yes
100903,No
100904,Yes
100905,Yes
100906,Yes
100907,Yes
100908,Yes
100909,No
100910,Yes
100911,No
100912,Yes
100913,Yes
100914,Yes
100915,Yes
100916,Yes
100917,Yes
100918,No
100919,No
100920,Yes
100921,No
100922,No
100923,No
100924,Yes
100925,No
100926,Yes
100927,No
100928,Yes
100929,Yes
100930,No
100931,Yes
100932,Yes
100933,Yes
100934,Yes
100935,No
100936,No
100937,No
100938,No
100939,No
100940,Yes
100941,Yes
100942,Yes
100943,Yes
100944,No
100945,No
100946,Yes
100947,Yes
100948,Yes
100949,Yes
100950,Yes
100951,Yes
100952,Yes
100953,No
100954,No
100955,Yes
100956,Yes
100957,Yes
100958,Yes
100959,Yes
100960,No
100961,No
100962,No
100963,No
100964,Yes
100965,Yes
100966,Yes
100967,Yes
100968,No
100969,Yes
100970,No
100971,Yes
100972,No
100973,No
100974,Yes
100975,Yes
100976,Yes
100977,Yes
100978,No
100979,No
100980,Yes
100981,Yes
100982,No
100983,No
100984,Yes
100985,Yes
100986,Yes
100987,Yes
100988,No
100989,Yes
100990,No
100991,Yes
100992,Yes
100993,No
100994,No
100995,Yes
100996,Yes
100997,No
100998,Yes
100999,No
101000,Yes
101001,No
101002,Yes
101003,No
101004,No
101005,Yes
101006,No
101007,Yes
101008,No
101009,Yes
101010,Yes
101011,Yes
101012,Yes
101013,No
101014,No
101015,No
101016,Yes
101017,Yes
101018,No
101019,Yes
101020,No
101021,No
101022,No
101023,Yes
101024,Yes
101025,No
101026,No
101027,Yes
101028,No
101029,No
101030,No
101031,No
101032,Yes
101033,No
101034,Yes
101035,No
101036,No
101037,Yes
101038,No
101039,Yes
101040,No
101041,No
101042,No
101043,Yes
101044,Yes
101045,Yes
101046,Yes
101047,No
101048,Yes
101049,No
101050,Yes
101051,Yes
101052,No
101053,Yes
101054,No
101055,Yes
101056,No
101057,Yes
101058,No
101059,No
101060,No
101061,Yes
101062,No
101063,No
101064,Yes
101065,Yes
101066,Yes
101067,Yes
101068,Yes
101069,Yes
101070,Yes
101071,Yes
101072,Yes
101073,No
101074,Yes
101075,Yes
101076,Yes
101077,Yes
101078,No
101079,Yes
101080,Yes
101081,No
101082,No
101083,Yes
101084,Yes
101085,Yes
101086,Yes
101087,No
101088,Yes
101089,Yes
101090,No
101091,No
101092,No
101093,Yes
101094,Yes
101095,No
101096,Yes
101097,Yes
101098,Yes
101099,No
101100,Yes
101101,Yes
101102,No
101103,No
101104,Yes
101105,Yes
101106,No
101107,No
101108,Yes
101109,No
101110,No
101111,Yes
101112,No
101113,Yes
101114,Yes
101115,No
101116,No
101117,No
101118,Yes
101119,Yes
101120,Yes
101121,Yes
101122,Yes
101123,No
101124,No
101125,No
101126,Yes
101127,No
101128,Yes
101129,Yes
101130,Yes
101131,No
101132,Yes
101133,Yes
101134,Yes
101135,No
101136,No
101137,Yes
101138,Yes
101139,No
101140,Yes
101141,No
101142,Yes
101143,No
101144,No
101145,Yes
101146,Yes
101147,Yes
101148,Yes
101149,No
101150,No
101151,Yes
101152,No
101153,No
101154,No
101155,No
101156,Yes
101157,No
101158,Yes
101159,No
101160,No
101161,Yes
101162,No
101163,Yes
101164,Yes
101165,No
101166,Yes
101167,Yes
101168,Yes
101169,Yes
101170,Yes
101171,No
101172,Yes
101173,No
101174,Yes
101175,No
101176,Yes
101177,Yes
101178,Yes
101179,No
101180,Yes
101181,Yes
101182,Yes
101183,Yes
101184,Yes
101185,No
101186,No
101187,Yes
101188,Yes
101189,Yes
101190,No
101191,No
101192,Yes
101193,No
101194,No
101195,No
101196,No
101197,Yes
101198,Yes
101199,No
101200,No
101201,Yes
101202,No
101203,Yes
101204,Yes
101205,Yes
101206,Yes
101207,Yes
101208,Yes
101209,Yes
101210,Yes
101211,No
101212,No
101213,Yes
101214,Yes
101215,Yes
101216,Yes
101217,Yes
101218,No
101219,Yes
101220,Yes
101221,Yes
101222,Yes
101223,No
101224,Yes
101225,Yes
101226,Yes
101227,Yes
101228,Yes
101229,Yes
101230,Yes
101231,Yes
101232,Yes
101233,Yes
101234,No
101235,Yes
101236,No
101237,No
101238,No
101239,Yes
101240,No
101241,No
101242,No
101243,Yes
101244,Yes
101245,Yes
101246,No
101247,Yes
101248,Yes
101249,No
101250,No
101251,Yes
101252,Yes
101253,Yes
101254,Yes
101255,No
101256,No
101257,No
101258,Yes
101259,Yes
101260,Yes
101261,Yes
101262,No
101263,Yes
101264,Yes
101265,Yes
101266,Yes
101267,No
101268,Yes
101269,Yes
101270,No
101271,No
101272,No
101273,No
101274,No
101275,No
101276,Yes
101277,Yes
101278,Yes
101279,No
101280,Yes
101281,Yes
101282,Yes
101283,Yes
101284,No
101285,No
101286,No
101287,No
101288,Yes
101289,No
101290,Yes
101291,Yes
101292,No
101293,No
101294,No
101295,Yes
101296,No
101297,Yes
101298,No
101299,Yes
101300,No
101301,Yes
101302,No
101303,No
101304,Yes
101305,Yes
101306,Yes
101307,Yes
101308,No
101309,Yes
101310,Yes
101311,Yes
101312,Yes
101313,Yes
101314,Yes
101315,Yes
101316,No
101317,Yes
101318,Yes
101319,No
101320,No
101321,Yes
101322,Yes
101323,Yes
101324,Yes
101325,No
101326,No
101327,No
101328,Yes
101329,Yes
101330,Yes
101331,No
101332,Yes
101333,No
101334,No
101335,Yes
101336,No
101337,Yes
101338,No
101339,No
101340,Yes
101341,Yes
101342,Yes
101343,No
101344,No
101345,No
101346,No
101347,Yes
101348,No
101349,Yes
101350,No
101351,Yes
101352,No
101353,No
101354,No
101355,No
101356,Yes
101357,Yes
101358,Yes
101359,Yes
101360,Yes
101361,Yes
101362,Yes
101363,Yes
101364,No
101365,Yes
101366,No
101367,No
101368,No
101369,No
101370,No
101371,Yes
101372,No
101373,No
101374,No
101375,Yes
101376,Yes
101377,Yes
101378,No
101379,No
101380,Yes
101381,No
101382,No
101383,No
101384,No
101385,No
101386,Yes
101387,No
101388,No
101389,Yes
101390,No
101391,Yes
101392,Yes
101393,Yes
101394,Yes
101395,Yes
101396,Yes
101397,Yes
101398,No
101399,Yes
101400,No
101401,No
101402,No
101403,No
101404,Yes
101405,Yes
101406,No
101407,No
101408,No
101409,No
101410,No
101411,Yes
101412,Yes
101413,Yes
101414,No
101415,No
101416,Yes
101417,No
101418,Yes
101419,Yes
101420,Yes
101421,No
101422,No
101423,Yes
101424,No
101425,No
101426,No
101427,Yes
101428,Yes
101429,Yes
101430,No
101431,No
101432,Yes
101433,Yes
101434,Yes
101435,No
101436,No
101437,Yes
101438,Yes
101439,No
101440,No
101441,No
101442,Yes
101443,Yes
101444,No
101445,Yes
101446,Yes
101447,Yes
101448,No
101449,Yes
101450,No
101451,No
101452,No
101453,Yes
101454,Yes
101455,No
101456,Yes
101457,No
101458,Yes
101459,Yes
101460,No
101461,Yes
101462,Yes
101463,Yes
101464,Yes
101465,Yes
101466,Yes
101467,No
101468,No
101469,Yes
101470,No
101471,No
101472,Yes
101473,No
101474,No
101475,Yes
101476,Yes
101477,Yes
101478,Yes
101479,Yes
101480,Yes
101481,Yes
101482,Yes
101483,No
101484,Yes
101485,No
101486,No
101487,Yes
101488,No
101489,Yes
101490,No
101491,No
101492,No
101493,No
101494,No
101495,Yes
101496,Yes
101497,Yes
101498,No
101499,Yes
101500,Yes
101501,No
101502,Yes
101503,Yes
101504,No
101505,Yes
101506,No
101507,No
101508,Yes
101509,Yes
101510,No
101511,No
101512,No
101513,No
101514,Yes
101515,No
101516,No
101517,Yes
101518,No
101519,No
101520,Yes
101521,No
101522,Yes
101523,No
101524,Yes
101525,Yes
101526,No
101527,No
101528,No
101529,No
101530,Yes
101531,Yes
101532,Yes
101533,No
101534,Yes
101535,No
101536,Yes
101537,Yes
101538,No
101539,Yes
101540,No
101541,Yes
101542,No
101543,No
101544,No
101545,No
101546,No
101547,Yes
101548,No
101549,No
101550,No
101551,Yes
101552,No
101553,Yes
101554,Yes
101555,Yes
101556,Yes
101557,Yes
101558,No
101559,Yes
101560,Yes
101561,No
101562,No
101563,Yes
101564,Yes
101565,No
101566,No
101567,No
101568,Yes
101569,No
101570,No
101571,No
101572,Yes
101573,Yes
101574,No
101575,Yes
101576,Yes
101577,Yes
101578,Yes
101579,No
101580,Yes
101581,Yes
101582,No
101583,Yes
101584,No
101585,Yes
101586,Yes
101587,No
101588,Yes
101589,Yes
101590,Yes
101591,No
101592,Yes
101593,No
101594,Yes
101595,No
101596,No
101597,No
101598,No
101599,No
101600,Yes
101601,No
101602,No
101603,No
101604,Yes
101605,Yes
101606,Yes
101607,Yes
101608,Yes
101609,No
101610,No
101611,Yes
101612,Yes
101613,No
101614,Yes
101615,Yes
101616,Yes
101617,Yes
101618,Yes
101619,Yes
101620,No
101621,No
101622,No
101623,No
101624,No
101625,No
101626,No
101627,Yes
101628,No
101629,No
101630,No
101631,No
101632,No
101633,Yes
101634,No
101635,Yes
101636,No
101637,No
101638,Yes
101639,No
101640,No
101641,No
101642,No
101643,No
101644,Yes
101645,No
101646,No
101647,No
101648,No
101649,No
101650,Yes
101651,No
101652,Yes
101653,Yes
101654,Yes
101655,No
101656,Yes
101657,Yes
101658,No
101659,Yes
101660,Yes
101661,Yes
101662,Yes
101663,Yes
101664,No
101665,Yes
101666,Yes
101667,No
101668,No
101669,Yes
101670,Yes
101671,No
101672,No
101673,Yes
101674,Yes
101675,Yes
101676,No
101677,Yes
101678,Yes
101679,No
101680,No
101681,Yes
101682,No
101683,Yes
101684,Yes
101685,Yes
101686,Yes
101687,Yes
101688,No
101689,Yes
101690,Yes
101691,Yes
101692,Yes
101693,Yes
101694,No
101695,No
101696,No
101697,Yes
101698,Yes
101699,No
101700,Yes
101701,Yes
101702,Yes
101703,Yes
101704,Yes
101705,Yes
101706,Yes
101707,Yes
101708,No
101709,No
101710,No
101711,Yes
101712,Yes
101713,Yes
101714,Yes
101715,No
101716,No
101717,No
101718,Yes
101719,Yes
101720,No
101721,No
101722,Yes
101723,Yes
101724,Yes
101725,Yes
101726,No
101727,Yes
101728,No
101729,Yes
101730,Yes
101731,Yes
101732,No
101733,Yes
101734,No
101735,No
101736,Yes
101737,Yes
101738,No
101739,No
101740,Yes
101741,No
101742,Yes
101743,Yes
101744,Yes
101745,Yes
101746,No
101747,Yes
101748,No
101749,Yes
101750,No
101751,No
101752,No
101753,No
101754,No
101755,Yes
101756,Yes
101757,Yes
101758,Yes
101759,Yes
101760,No
101761,No
101762,Yes
101763,Yes
101764,No
101765,No
101766,Yes
101767,Yes
101768,Yes
101769,Yes
101770,No
101771,Yes
101772,No
101773,Yes
101774,Yes
101775,No
101776,No
101777,No
101778,Yes
101779,Yes
101780,No
101781,Yes
101782,No
101783,Yes
101784,Yes
101785,Yes
101786,Yes
101787,Yes
101788,Yes
101789,Yes
101790,No
101791,Yes
101792,Yes
101793,Yes
101794,No
101795,Yes
101796,Yes
101797,Yes
101798,No
101799,Yes
101800,Yes
101801,Yes
101802,No
101803,Yes
101804,Yes
101805,Yes
101806,Yes
101807,No
101808,No
101809,Yes
101810,No
101811,No
101812,Yes
101813,Yes
101814,Yes
101815,Yes
101816,Yes
101817,Yes
101818,No
101819,No
101820,No
101821,No
101822,No
101823,Yes
101824,No
101825,Yes
101826,Yes
101827,No
101828,Yes
101829,Yes
101830,No
101831,Yes
101832,No
101833,Yes
101834,Yes
101835,No
101836,No
101837,No
101838,Yes
101839,Yes
101840,No
101841,No
101842,No
101843,Yes
101844,Yes
101845,Yes
101846,Yes
101847,No
101848,Yes
101849,Yes
101850,Yes
101851,Yes
101852,Yes
101853,Yes
101854,Yes
101855,No
101856,Yes
101857,Yes
101858,No
101859,Yes
101860,Yes
101861,Yes
101862,No
101863,No
101864,Yes
101865,Yes
101866,No
101867,No
101868,No
101869,No
101870,Yes
101871,No
101872,No
101873,Yes
101874,No
101875,Yes
101876,Yes
101877,Yes
101878,Yes
101879,Yes
101880,Yes
101881,No
101882,No
101883,No
101884,No
101885,No
101886,No
101887,Yes
101888,No
101889,No
101890,No
101891,No
101892,No
101893,Yes
101894,No
101895,Yes
101896,No
101897,Yes
101898,No
101899,No
101900,Yes
101901,No
101902,No
101903,No
101904,No
101905,Yes
101906,Yes
101907,Yes
101908,Yes
101909,Yes
101910,Yes
101911,No
101912,No
101913,No
101914,No
101915,Yes
101916,Yes
101917,No
101918,No
101919,No
101920,No
101921,Yes
101922,Yes
101923,No
101924,No
101925,No
101926,Yes
101927,Yes
101928,No
101929,Yes
101930,Yes
101931,No
101932,No
101933,Yes
101934,No
101935,No
101936,Yes
101937,No
101938,No
101939,No
101940,Yes
101941,No
101942,Yes
101943,No
101944,No
101945,Yes
101946,No
101947,No
101948,No
101949,Yes
101950,No
101951,No
101952,No
101953,Yes
101954,Yes
101955,Yes
101956,Yes
101957,No
101958,Yes
101959,No
101960,No
101961,Yes
101962,Yes
101963,No
101964,No
101965,No
101966,Yes
101967,Yes
101968,Yes
101969,No
101970,No
101971,Yes
101972,Yes
101973,No
101974,No
101975,No
101976,Yes
101977,No
101978,Yes
101979,Yes
101980,Yes
101981,No
101982,No
101983,No
101984,No
101985,Yes
101986,No
101987,Yes
101988,No
101989,No
101990,No
101991,No
101992,Yes
101993,No
101994,Yes
101995,No
101996,Yes
101997,No
101998,Yes
101999,No
102000,Yes
102001,Yes
102002,No
102003,Yes
102004,Yes
102005,No
102006,No
102007,Yes
102008,Yes
102009,Yes
102010,Yes
102011,Yes
102012,Yes
102013,No
102014,Yes
102015,Yes
102016,Yes
102017,No
102018,No
102019,Yes
102020,Yes
102021,No
102022,Yes
102023,Yes
102024,No
102025,No
102026,No
102027,No
102028,No
102029,No
102030,Yes
102031,Yes
102032,Yes
102033,No
102034,No
102035,Yes
102036,Yes
102037,Yes
102038,Yes
102039,No
102040,No
102041,Yes
102042,No
102043,No
102044,Yes
102045,No
102046,Yes
102047,Yes
102048,No
102049,No
102050,Yes
102051,No
102052,No
102053,No
102054,No
102055,Yes
102056,No
102057,No
102058,Yes
102059,No
102060,Yes
102061,Yes
102062,Yes
102063,Yes
102064,No
102065,Yes
102066,No
102067,No
102068,No
102069,No
102070,No
102071,Yes
102072,No
102073,Yes
102074,No
102075,No
102076,No
102077,No
102078,No
102079,No
102080,Yes
102081,Yes
102082,Yes
102083,No
102084,Yes
102085,Yes
102086,Yes
102087,No
102088,No
102089,No
102090,No
102091,Yes
102092,Yes
102093,No
102094,Yes
102095,Yes
102096,No
102097,Yes
102098,No
102099,No
102100,No
102101,No
102102,Yes
102103,Yes
102104,Yes
102105,Yes
102106,Yes
102107,No
102108,Yes
102109,Yes
102110,Yes
102111,Yes
102112,No
102113,Yes
102114,No
102115,Yes
102116,Yes
102117,Yes
102118,Yes
102119,Yes
102120,Yes
102121,Yes
102122,Yes
102123,Yes
102124,Yes
102125,Yes
102126,No
102127,Yes
102128,No
102129,Yes
102130,No
102131,Yes
102132,No
102133,Yes
102134,Yes
102135,No
102136,Yes
102137,No
102138,No
102139,Yes
102140,No
102141,No
102142,Yes
102143,No
102144,No
102145,Yes
102146,No
102147,Yes
102148,No
102149,No
102150,Yes
102151,Yes
102152,Yes
102153,Yes
102154,Yes
102155,Yes
102156,Yes
102157,No
102158,Yes
102159,No
102160,Yes
102161,No
102162,Yes
102163,Yes
102164,Yes
102165,No
102166,No
102167,Yes
102168,No
102169,No
102170,Yes
102171,No
102172,Yes
102173,No
102174,No
102175,Yes
102176,No
102177,Yes
102178,Yes
102179,Yes
102180,No
102181,No
102182,No
102183,Yes
102184,Yes
102185,No
102186,No
102187,Yes
102188,Yes
102189,No
102190,Yes
102191,No
102192,Yes
102193,Yes
102194,Yes
102195,No
102196,Yes
102197,Yes
102198,Yes
102199,Yes
102200,No
102201,Yes
102202,No
102203,No
102204,Yes
102205,Yes
102206,Yes
102207,No
102208,No
102209,No
102210,No
102211,No
102212,No
102213,Yes
102214,No
102215,Yes
102216,No
102217,Yes
102218,No
102219,Yes
102220,Yes
102221,Yes
102222,No
102223,Yes
102224,No
102225,Yes
102226,Yes
102227,Yes
102228,Yes
102229,No
102230,No
102231,No
102232,Yes
102233,Yes
102234,Yes
102235,Yes
102236,Yes
102237,Yes
102238,No
102239,Yes
102240,Yes
102241,Yes
102242,No
102243,Yes
102244,Yes
102245,Yes
102246,Yes
102247,Yes
102248,Yes
102249,No
102250,No
102251,No
102252,Yes
102253,No
102254,Yes
102255,Yes
102256,No
102257,No
102258,Yes
102259,Yes
102260,No
102261,Yes
102262,Yes
102263,Yes
102264,No
102265,Yes
102266,No
102267,No
102268,No
102269,No
102270,No
102271,Yes
102272,No
102273,Yes
102274,Yes
102275,Yes
102276,Yes
102277,No
102278,Yes
102279,Yes
102280,No
102281,No
102282,No
102283,No
102284,Yes
102285,No
102286,No
102287,Yes
102288,Yes
102289,No
102290,No
102291,Yes
102292,Yes
102293,Yes
102294,No
102295,Yes
102296,Yes
102297,No
102298,No
102299,Yes
102300,Yes
102301,Yes
102302,No
102303,No
102304,No
102305,No
102306,No
102307,Yes
102308,Yes
102309,Yes
102310,Yes
102311,No
102312,No
102313,No
102314,No
102315,Yes
102316,No
102317,No
102318,No
102319,No
102320,Yes
102321,No
102322,No
102323,No
102324,No
102325,Yes
102326,Yes
102327,Yes
102328,No
102329,No
102330,Yes
102331,No
102332,Yes
102333,No
102334,Yes
102335,No
102336,No
102337,Yes
102338,Yes
102339,Yes
102340,Yes
102341,No
102342,Yes
102343,No
102344,Yes
102345,Yes
102346,No
102347,No
102348,Yes
102349,Yes
102350,No
102351,Yes
102352,Yes
102353,Yes
102354,No
102355,No
102356,Yes
102357,No
102358,Yes
102359,Yes
102360,Yes
102361,Yes
102362,Yes
102363,Yes
102364,No
102365,Yes
102366,Yes
102367,Yes
102368,Yes
102369,Yes
102370,No
102371,Yes
102372,Yes
102373,No
102374,Yes
102375,No
102376,Yes
102377,No
102378,Yes
102379,No
102380,No
102381,No
102382,Yes
102383,Yes
102384,Yes
102385,Yes
102386,Yes
102387,No
102388,Yes
102389,No
102390,No
102391,No
102392,Yes
102393,Yes
102394,No
102395,Yes
102396,Yes
102397,Yes
102398,Yes
102399,No
102400,Yes
102401,No
102402,Yes
102403,Yes
102404,No
102405,No
102406,Yes
102407,No
102408,Yes
102409,No
102410,Yes
102411,Yes
102412,No
102413,Yes
102414,No
102415,Yes
102416,Yes
102417,Yes
102418,Yes
102419,Yes
102420,Yes
102421,Yes
102422,No
102423,No
102424,No
102425,Yes
102426,Yes
102427,Yes
102428,No
102429,No
102430,No
102431,Yes
102432,No
102433,No
102434,No
102435,Yes
102436,Yes
102437,Yes
102438,Yes
102439,Yes
102440,Yes
102441,Yes
102442,Yes
102443,No
102444,No
102445,No
102446,Yes
102447,No
102448,Yes
102449,No
102450,No
102451,No
102452,No
102453,Yes
102454,No
102455,Yes
102456,No
102457,Yes
102458,No
102459,No
102460,No
102461,Yes
102462,Yes
102463,Yes
102464,Yes
102465,No
102466,Yes
102467,No
102468,No
102469,Yes
102470,Yes
102471,No
102472,No
102473,Yes
102474,Yes
102475,No
102476,No
102477,No
102478,No
102479,No
102480,Yes
102481,Yes
102482,No
102483,Yes
102484,Yes
102485,No
102486,No
102487,No
102488,No
102489,Yes
102490,Yes
102491,No
102492,No
102493,No
102494,Yes
102495,No
102496,No
102497,Yes
102498,No
102499,No
102500,Yes
102501,No
102502,Yes
102503,No
102504,Yes
102505,No
102506,No
102507,No
102508,No
102509,Yes
102510,No
102511,No
102512,Yes
102513,No
102514,Yes
102515,No
102516,Yes
102517,No
102518,Yes
102519,No
102520,Yes
102521,Yes
102522,No
102523,Yes
102524,Yes
102525,No
102526,Yes
102527,No
102528,Yes
102529,Yes
102530,Yes
102531,Yes
102532,No
102533,Yes
102534,No
102535,Yes
102536,Yes
102537,No
102538,No
102539,Yes
102540,Yes
102541,Yes
102542,Yes
102543,No
102544,Yes
102545,No
102546,No
102547,No
102548,No
102549,Yes
102550,Yes
102551,No
102552,No
102553,Yes
102554,No
102555,No
102556,Yes
102557,Yes
102558,Yes
102559,Yes
102560,Yes
102561,Yes
102562,Yes
102563,Yes
102564,No
102565,No
102566,Yes
102567,No
102568,Yes
102569,No
102570,No
102571,No
102572,Yes
102573,Yes
102574,No
102575,Yes
102576,Yes
102577,Yes
102578,No
102579,No
102580,No
102581,Yes
102582,Yes
102583,No
102584,Yes
102585,Yes
102586,No
102587,No
102588,Yes
102589,Yes
102590,Yes
102591,Yes
102592,Yes
102593,Yes
102594,Yes
102595,Yes
102596,Yes
102597,Yes
102598,No
102599,No
102600,Yes
102601,No
102602,Yes
102603,No
102604,Yes
102605,Yes
102606,No
102607,Yes
102608,Yes
102609,No
102610,Yes
102611,Yes
102612,Yes
102613,Yes
102614,Yes
102615,No
102616,Yes
102617,No
102618,Yes
102619,No
102620,Yes
102621,No
102622,No
102623,No
102624,Yes
102625,No
102626,Yes
102627,Yes
102628,No
102629,Yes
102630,Yes
102631,Yes
102632,Yes
102633,Yes
102634,No
102635,Yes
102636,No
102637,Yes
102638,Yes
102639,Yes
102640,Yes
102641,Yes
102642,No
102643,Yes
102644,Yes
102645,Yes
102646,Yes
102647,No
102648,No
102649,Yes
102650,No
102651,Yes
102652,Yes
102653,Yes
102654,No
102655,Yes
102656,No
102657,Yes
102658,Yes
102659,Yes
102660,No
102661,Yes
102662,No
102663,Yes
102664,No
102665,No
102666,Yes
102667,Yes
102668,No
102669,No
102670,No
102671,Yes
102672,No
102673,Yes
102674,Yes
102675,Yes
102676,Yes
102677,Yes
102678,No
102679,Yes
102680,Yes
102681,Yes
102682,Yes
102683,No
102684,Yes
102685,No
102686,No
102687,Yes
102688,Yes
102689,No
102690,No
102691,Yes
102692,No
102693,No
102694,No
102695,No
102696,No
102697,Yes
102698,No
102699,No
102700,No
102701,Yes
102702,Yes
102703,Yes
102704,No
102705,No
102706,Yes
102707,No
102708,No
102709,No
102710,Yes
102711,Yes
102712,Yes
102713,No
102714,Yes
102715,Yes
102716,No
102717,No
102718,Yes
102719,No
102720,No
102721,Yes
102722,Yes
102723,Yes
102724,No
102725,No
102726,Yes
102727,No
102728,Yes
102729,Yes
102730,No
102731,Yes
102732,No
102733,Yes
102734,No
102735,No
102736,No
102737,Yes
102738,Yes
102739,No
102740,Yes
102741,No
102742,No
102743,Yes
102744,Yes
102745,Yes
102746,No
102747,No
102748,No
102749,Yes
102750,Yes
102751,Yes
102752,Yes
102753,No
102754,Yes
102755,Yes
102756,No
102757,Yes
102758,No
102759,Yes
102760,Yes
102761,No
102762,No
102763,Yes
102764,No
102765,No
102766,Yes
102767,No
102768,No
102769,No
102770,No
102771,No
102772,No
102773,No
102774,Yes
102775,Yes
102776,No
102777,Yes
102778,Yes
102779,No
102780,Yes
102781,No
102782,Yes
102783,Yes
102784,Yes
102785,No
102786,No
102787,Yes
102788,No
102789,Yes
102790,Yes
102791,Yes
102792,No
102793,Yes
102794,Yes
102795,Yes
102796,Yes
102797,No
102798,Yes
102799,Yes
102800,Yes
102801,Yes
102802,No
102803,Yes
102804,Yes
102805,No
102806,Yes
102807,No
102808,Yes
102809,Yes
102810,Yes
102811,Yes
102812,Yes
102813,Yes
102814,No
102815,No
102816,No
102817,Yes
102818,No
102819,Yes
102820,No
102821,No
102822,No
102823,No
102824,No
102825,Yes
102826,No
102827,Yes
102828,No
102829,Yes
102830,Yes
102831,Yes
102832,Yes
102833,Yes
102834,Yes
102835,Yes
102836,Yes
102837,No
102838,Yes
102839,Yes
102840,No
102841,Yes
102842,No
102843,No
102844,Yes
102845,Yes
102846,No
102847,No
102848,Yes
102849,Yes
102850,Yes
102851,Yes
102852,No
102853,No
102854,Yes
102855,Yes
102856,No
102857,Yes
102858,Yes
102859,No
102860,Yes
102861,Yes
102862,Yes
102863,Yes
102864,Yes
102865,No
102866,No
102867,Yes
102868,No
102869,Yes
102870,Yes
102871,Yes
102872,Yes
102873,No
102874,Yes
102875,No
102876,No
102877,Yes
102878,No
102879,Yes
102880,No
102881,No
102882,Yes
102883,No
102884,No
102885,Yes
102886,Yes
102887,Yes
102888,Yes
102889,No
102890,No
102891,Yes
102892,No
102893,Yes
102894,No
102895,Yes
102896,No
102897,Yes
102898,No
102899,No
102900,Yes
102901,Yes
102902,Yes
102903,No
102904,No
102905,No
102906,Yes
102907,No
102908,Yes
102909,Yes
102910,Yes
102911,Yes
102912,Yes
102913,Yes
102914,No
102915,Yes
102916,Yes
102917,Yes
102918,Yes
102919,Yes
102920,Yes
102921,No
102922,Yes
102923,No
102924,Yes
102925,No
102926,No
102927,Yes
102928,Yes
102929,Yes
102930,Yes
102931,No
102932,Yes
102933,No
102934,Yes
102935,No
102936,No
102937,Yes
102938,Yes
102939,Yes
102940,Yes
102941,No
102942,Yes
102943,No
102944,No
102945,Yes
102946,No
102947,No
102948,Yes
102949,Yes
102950,Yes
102951,No
102952,Yes
102953,Yes
102954,No
102955,Yes
102956,Yes
102957,Yes
102958,No
102959,Yes
102960,Yes
102961,Yes
102962,Yes
102963,No
102964,No
102965,Yes
102966,Yes
102967,Yes
102968,No
102969,No
102970,No
102971,Yes
102972,No
102973,No
102974,No
102975,Yes
102976,No
102977,No
102978,Yes
102979,Yes
102980,Yes
102981,Yes
102982,Yes
102983,No
102984,No
102985,Yes
102986,Yes
102987,No
102988,Yes
102989,Yes
102990,No
102991,Yes
102992,Yes
102993,Yes
102994,Yes
102995,No
102996,Yes
102997,No
102998,Yes
102999,Yes
103000,Yes
103001,No
103002,Yes
103003,Yes
103004,Yes
103005,No
103006,Yes
103007,Yes
103008,Yes
103009,No
103010,No
103011,No
103012,No
103013,Yes
103014,Yes
103015,Yes
103016,Yes
103017,No
103018,No
103019,Yes
103020,No
103021,No
103022,Yes
103023,Yes
103024,Yes
103025,Yes
103026,Yes
103027,Yes
103028,No
103029,Yes
103030,No
103031,No
103032,Yes
103033,No
103034,No
103035,Yes
103036,Yes
103037,Yes
103038,No
103039,No
103040,No
103041,Yes
103042,Yes
103043,No
103044,Yes
103045,Yes
103046,Yes
103047,Yes
103048,Yes
103049,Yes
103050,Yes
103051,Yes
103052,No
103053,No
103054,Yes
103055,No
103056,Yes
103057,Yes
103058,No
103059,Yes
103060,Yes
103061,No
103062,Yes
103063,No
103064,Yes
103065,No
103066,Yes
103067,Yes
103068,No
103069,Yes
103070,No
103071,Yes
103072,Yes
103073,Yes
103074,Yes
103075,Yes
103076,No
103077,No
103078,Yes
103079,Yes
103080,No
103081,Yes
103082,No
103083,Yes
103084,Yes
103085,Yes
103086,No
103087,No
103088,Yes
103089,No
103090,No
103091,Yes
103092,No
103093,No
103094,No
103095,Yes
103096,Yes
103097,Yes
103098,Yes
103099,Yes
103100,No
103101,Yes
103102,No
103103,No
103104,Yes
103105,Yes
103106,No
103107,No
103108,Yes
103109,Yes
103110,No
103111,Yes
103112,Yes
103113,Yes
103114,Yes
103115,No
103116,Yes
103117,Yes
103118,Yes
103119,Yes
103120,Yes
103121,Yes
103122,No
103123,Yes
103124,Yes
103125,Yes
103126,Yes
103127,No
103128,Yes
103129,Yes
103130,Yes
103131,No
103132,No
103133,No
103134,Yes
103135,Yes
103136,No
103137,Yes
103138,Yes
103139,No
103140,Yes
103141,Yes
103142,Yes
103143,No
103144,Yes
103145,No
103146,Yes
103147,Yes
103148,Yes
103149,No
103150,No
103151,Yes
103152,No
103153,Yes
103154,No
103155,Yes
103156,No
103157,Yes
103158,Yes
103159,Yes
103160,Yes
103161,No
103162,Yes
103163,No
103164,Yes
103165,No
103166,Yes
103167,No
103168,No
103169,Yes
103170,Yes
103171,Yes
103172,No
103173,Yes
103174,Yes
103175,No
103176,No
103177,Yes
103178,No
103179,No
103180,No
103181,No
103182,No
103183,Yes
103184,Yes
103185,Yes
103186,Yes
103187,No
103188,Yes
103189,Yes
103190,Yes
103191,Yes
103192,No
103193,No
103194,Yes
103195,No
103196,No
103197,No
103198,No
103199,Yes
103200,No
103201,Yes
103202,Yes
103203,Yes
103204,Yes
103205,No
103206,No
103207,Yes
103208,Yes
103209,No
103210,Yes
103211,Yes
103212,No
103213,Yes
103214,No
103215,Yes
103216,Yes
103217,No
103218,No
103219,Yes
103220,No
103221,No
103222,Yes
103223,Yes
103224,Yes
103225,No
103226,No
103227,Yes
103228,Yes
103229,Yes
103230,Yes
103231,No
103232,No
103233,Yes
103234,No
103235,Yes
103236,Yes
103237,No
103238,No
103239,No
103240,No
103241,No
103242,No
103243,Yes
103244,No
103245,Yes
103246,No
103247,Yes
103248,Yes
103249,No
103250,Yes
103251,Yes
103252,No
103253,No
103254,No
103255,No
103256,No
103257,Yes
103258,No
103259,No
103260,Yes
103261,Yes
103262,Yes
103263,No
103264,Yes
103265,No
103266,Yes
103267,Yes
103268,Yes
103269,No
103270,Yes
103271,Yes
103272,No
103273,No
103274,Yes
103275,No
103276,No
103277,Yes
103278,Yes
103279,Yes
103280,Yes
103281,No
103282,No
103283,No
103284,No
103285,No
103286,Yes
103287,No
103288,Yes
103289,Yes
103290,No
103291,Yes
103292,Yes
103293,No
103294,Yes
103295,No
103296,Yes
103297,Yes
103298,No
103299,No
103300,No
103301,No
103302,No
103303,Yes
103304,No
103305,No
103306,No
103307,Yes
103308,Yes
103309,Yes
103310,No
103311,Yes
103312,Yes
103313,No
103314,Yes
103315,No
103316,Yes
103317,Yes
103318,No
103319,No
103320,Yes
103321,Yes
103322,Yes
103323,Yes
103324,Yes
103325,No
103326,Yes
103327,No
103328,No
103329,Yes
103330,Yes
103331,Yes
103332,Yes
103333,Yes
103334,No
103335,Yes
103336,No
103337,Yes
103338,Yes
103339,No
103340,No
103341,Yes
103342,No
103343,No
103344,No
103345,Yes
103346,No
103347,No
103348,Yes
103349,Yes
103350,No
103351,No
103352,Yes
103353,Yes
103354,No
103355,Yes
103356,No
103357,No
103358,Yes
103359,Yes
103360,Yes
103361,Yes
103362,Yes
103363,No
103364,Yes
103365,Yes
103366,No
103367,No
103368,Yes
103369,No
103370,Yes
103371,No
103372,No
103373,No
103374,Yes
103375,No
103376,No
103377,Yes
103378,No
103379,No
103380,No
103381,Yes
103382,No
103383,No
103384,Yes
103385,Yes
103386,Yes
103387,No
103388,No
103389,Yes
103390,Yes
103391,Yes
103392,No
103393,No
103394,No
103395,Yes
103396,Yes
103397,Yes
103398,No
103399,Yes
103400,No
103401,Yes
103402,Yes
103403,Yes
103404,Yes
103405,Yes
103406,Yes
103407,Yes
103408,Yes
103409,No
103410,No
103411,No
103412,Yes
103413,Yes
103414,No
103415,Yes
103416,No
103417,No
103418,Yes
103419,No
103420,Yes
103421,Yes
103422,No
103423,Yes
103424,Yes
103425,No
103426,No
103427,No
103428,Yes
103429,Yes
103430,Yes
103431,No
103432,Yes
103433,No
103434,Yes
103435,Yes
103436,Yes
103437,Yes
103438,Yes
103439,Yes
103440,Yes
103441,No
103442,Yes
103443,No
103444,No
103445,No
103446,Yes
103447,No
103448,Yes
103449,Yes
103450,No
103451,Yes
103452,Yes
103453,Yes
103454,Yes
103455,No
103456,Yes
103457,Yes
103458,Yes
103459,Yes
103460,Yes
103461,No
103462,Yes
103463,No
103464,No
103465,Yes
103466,Yes
103467,Yes
103468,Yes
103469,No
103470,Yes
103471,No
103472,Yes
103473,No
103474,Yes
103475,No
103476,Yes
103477,Yes
103478,Yes
103479,No
103480,Yes
103481,Yes
103482,Yes
103483,Yes
103484,No
103485,Yes
103486,No
103487,Yes
103488,Yes
103489,Yes
103490,No
103491,No
103492,Yes
103493,No
103494,No
103495,No
103496,Yes
103497,Yes
103498,No
103499,Yes
103500,Yes
103501,Yes
103502,Yes
103503,Yes
103504,No
103505,Yes
103506,No
103507,Yes
103508,No
103509,Yes
103510,No
103511,Yes
103512,No
103513,No
103514,No
103515,Yes
103516,Yes
103517,Yes
103518,Yes
103519,Yes
103520,Yes
103521,Yes
103522,No
103523,No
103524,Yes
103525,No
103526,Yes
103527,No
103528,Yes
103529,Yes
103530,No
103531,Yes
103532,Yes
103533,No
103534,Yes
103535,No
103536,Yes
103537,No
103538,Yes
103539,Yes
103540,Yes
103541,Yes
103542,No
103543,No
103544,Yes
103545,Yes
103546,No
103547,No
103548,No
103549,Yes
103550,No
103551,No
103552,Yes
103553,Yes
103554,Yes
103555,Yes
103556,Yes
103557,Yes
103558,No
103559,Yes
103560,Yes
103561,No
103562,No
103563,Yes
103564,Yes
103565,No
103566,No
103567,Yes
103568,Yes
103569,Yes
103570,Yes
103571,Yes
103572,Yes
103573,Yes
103574,Yes
103575,No
103576,Yes
103577,Yes
103578,Yes
103579,Yes
103580,Yes
103581,Yes
103582,Yes
103583,Yes
103584,Yes
103585,No
103586,Yes
103587,No
103588,No
103589,No
103590,No
103591,Yes
103592,No
103593,No
103594,No
103595,No
103596,Yes
103597,Yes
103598,Yes
103599,No
103600,Yes
103601,Yes
103602,Yes
103603,Yes
103604,No
103605,Yes
103606,No
103607,No
103608,No
103609,Yes
103610,No
103611,Yes
103612,Yes
103613,Yes
103614,Yes
103615,Yes
103616,Yes
103617,No
103618,No
103619,No
103620,Yes
103621,Yes
103622,Yes
103623,Yes
103624,No
103625,Yes
103626,Yes
103627,Yes
103628,Yes
103629,Yes
103630,No
103631,Yes
103632,No
103633,Yes
103634,Yes
103635,Yes
103636,No
103637,Yes
103638,No
103639,No
103640,Yes
103641,No
103642,Yes
103643,Yes
103644,No
103645,Yes
103646,No
103647,No
103648,Yes
103649,No
103650,Yes
103651,Yes
103652,Yes
103653,Yes
103654,Yes
103655,Yes
103656,No
103657,Yes
103658,Yes
103659,No
103660,Yes
103661,Yes
103662,No
103663,No
103664,Yes
103665,No
103666,No
103667,No
103668,Yes
103669,Yes
103670,Yes
103671,Yes
103672,Yes
103673,Yes
103674,No
103675,Yes
103676,No
103677,Yes
103678,No
103679,No
103680,Yes
103681,No
103682,Yes
103683,Yes
103684,Yes
103685,Yes
103686,Yes
103687,No
103688,Yes
103689,Yes
103690,Yes
103691,No
103692,Yes
103693,Yes
103694,Yes
103695,Yes
103696,No
103697,No
103698,No
103699,Yes
103700,Yes
103701,Yes
103702,Yes
103703,Yes
103704,No
103705,Yes
103706,Yes
103707,Yes
103708,No
103709,Yes
103710,Yes
103711,Yes
103712,Yes
103713,Yes
103714,Yes
103715,Yes
103716,Yes
103717,No
103718,Yes
103719,No
103720,Yes
103721,No
103722,Yes
103723,Yes
103724,Yes
103725,Yes
103726,No
103727,Yes
103728,No
103729,Yes
103730,Yes
103731,No
103732,No
103733,Yes
103734,Yes
103735,No
103736,No
103737,Yes
103738,Yes
103739,Yes
103740,Yes
103741,Yes
103742,Yes
103743,Yes
103744,Yes
103745,No
103746,Yes
103747,No
103748,Yes
103749,No
103750,Yes
103751,Yes
103752,Yes
103753,Yes
103754,No
103755,No
103756,No
103757,No
103758,No
103759,No
103760,Yes
103761,Yes
103762,No
103763,Yes
103764,Yes
103765,Yes
103766,No
103767,Yes
103768,No
103769,No
103770,Yes
103771,Yes
103772,No
103773,No
103774,No
103775,Yes
103776,Yes
103777,Yes
103778,No
103779,Yes
103780,Yes
103781,No
103782,No
103783,Yes
103784,No
103785,Yes
103786,Yes
103787,Yes
103788,No
103789,Yes
103790,Yes
103791,No
103792,Yes
103793,Yes
103794,Yes
103795,Yes
103796,Yes
103797,No
103798,No
103799,No
103800,Yes
103801,No
103802,No
103803,Yes
103804,No
103805,No
103806,No
103807,No
103808,No
103809,Yes
103810,No
103811,Yes
103812,Yes
103813,No
103814,Yes
103815,No
103816,Yes
103817,Yes
103818,No
103819,No
103820,Yes
103821,Yes
103822,Yes
103823,No
103824,No
103825,Yes
103826,Yes
103827,No
103828,Yes
103829,Yes
103830,No
103831,Yes
103832,Yes
103833,No
103834,Yes
103835,No
103836,Yes
103837,Yes
103838,Yes
103839,Yes
103840,Yes
103841,Yes
103842,Yes
103843,Yes
103844,Yes
103845,Yes
103846,No
103847,Yes
103848,No
103849,No
103850,No
103851,Yes
103852,No
103853,No
103854,No
103855,No
103856,Yes
103857,No
103858,No
103859,No
103860,Yes
103861,No
103862,Yes
103863,Yes
103864,No
103865,Yes
103866,Yes
103867,Yes
103868,Yes
103869,No
103870,No
103871,Yes
103872,No
103873,Yes
103874,Yes
103875,Yes
103876,No
103877,Yes
103878,Yes
103879,Yes
103880,Yes
103881,No
103882,No
103883,No
103884,Yes
103885,No
103886,Yes
103887,No
103888,No
103889,No
103890,Yes
103891,Yes
103892,Yes
103893,Yes
103894,Yes
103895,No
103896,Yes
103897,Yes
103898,No
103899,Yes
103900,No
103901,Yes
103902,Yes
103903,No
103904,No
103905,Yes
103906,No
103907,Yes
103908,Yes
103909,No
103910,Yes
103911,Yes
103912,Yes
103913,Yes
103914,Yes
103915,Yes
103916,Yes
103917,Yes
103918,Yes
103919,Yes
103920,No
103921,Yes
103922,Yes
103923,No
103924,Yes
103925,No
103926,Yes
103927,No
103928,No
103929,No
103930,Yes
103931,Yes
103932,No
103933,Yes
103934,Yes
103935,No
103936,No
103937,No
103938,No
103939,Yes
103940,No
103941,No
103942,Yes
103943,Yes
103944,Yes
103945,Yes
103946,Yes
103947,Yes
103948,Yes
103949,No
103950,Yes
103951,No
103952,No
103953,No
103954,Yes
103955,No
103956,Yes
103957,Yes
103958,Yes
103959,Yes
103960,No
103961,No
103962,No
103963,No
103964,Yes
103965,No
103966,Yes
103967,No
103968,Yes
103969,Yes
103970,Yes
103971,Yes
103972,Yes
103973,Yes
103974,Yes
103975,Yes
103976,Yes
103977,No
103978,No
103979,No
103980,Yes
103981,Yes
103982,No
103983,Yes
103984,No
103985,Yes
103986,No
103987,No
103988,Yes
103989,No
103990,Yes
103991,Yes
103992,Yes
103993,Yes
103994,No
103995,No
103996,Yes
103997,No
103998,Yes
103999,No
104000,Yes
104001,No
104002,No
104003,Yes
104004,Yes
104005,Yes
104006,Yes
104007,No
104008,No
104009,No
104010,Yes
104011,Yes
104012,Yes
104013,No
104014,No
104015,No
104016,Yes
104017,No
104018,No
104019,No
104020,Yes
104021,Yes
104022,No
104023,No
104024,Yes
104025,Yes
104026,Yes
104027,No
104028,No
104029,No
104030,No
104031,Yes
104032,No
104033,No
104034,Yes
104035,Yes
104036,No
104037,Yes
104038,Yes
104039,Yes
104040,No
104041,Yes
104042,Yes
104043,Yes
104044,No
104045,Yes
104046,No
104047,No
104048,No
104049,No
104050,No
104051,Yes
104052,Yes
104053,No
104054,Yes
104055,Yes
104056,No
104057,Yes
104058,No
104059,Yes
104060,No
104061,No
104062,No
104063,Yes
104064,No
104065,Yes
104066,No
104067,No
104068,No
104069,Yes
104070,No
104071,No
104072,Yes
104073,No
104074,Yes
104075,Yes
104076,No
104077,No
104078,Yes
104079,No
104080,No
104081,No
104082,Yes
104083,Yes
104084,Yes
104085,Yes
104086,No
104087,No
104088,No
104089,No
104090,No
104091,No
104092,No
104093,Yes
104094,Yes
104095,Yes
104096,No
104097,Yes
104098,Yes
104099,Yes
104100,No
104101,No
104102,Yes
104103,Yes
104104,No
104105,Yes
104106,No
104107,No
104108,Yes
104109,Yes
104110,No
104111,Yes
104112,Yes
104113,No
104114,Yes
104115,No
104116,Yes
104117,Yes
104118,Yes
104119,Yes
104120,No
104121,No
104122,No
104123,No
104124,No
104125,No
104126,No
104127,No
104128,Yes
104129,Yes
104130,No
104131,No
104132,Yes
104133,Yes
104134,No
104135,No
104136,No
104137,No
104138,No
104139,Yes
104140,No
104141,Yes
104142,No
104143,Yes
104144,Yes
104145,Yes
104146,No
104147,Yes
104148,Yes
104149,No
104150,Yes
104151,No
104152,No
104153,No
104154,No
104155,No
104156,Yes
104157,Yes
104158,Yes
104159,Yes
104160,Yes
104161,Yes
104162,Yes
104163,Yes
104164,Yes
104165,No
104166,Yes
104167,No
104168,No
104169,Yes
104170,Yes
104171,Yes
104172,No
104173,No
104174,Yes
104175,No
104176,Yes
104177,No
104178,Yes
104179,No
104180,Yes
104181,Yes
104182,No
104183,Yes
104184,No
104185,No
104186,Yes
104187,Yes
104188,Yes
104189,Yes
104190,Yes
104191,Yes
104192,No
104193,Yes
104194,Yes
104195,Yes
104196,No
104197,Yes
104198,No
104199,Yes
104200,No
104201,Yes
104202,No
104203,Yes
104204,No
104205,Yes
104206,No
104207,No
104208,No
104209,No
104210,No
104211,Yes
104212,Yes
104213,No
104214,Yes
104215,Yes
104216,No
104217,Yes
104218,Yes
104219,Yes
104220,Yes
104221,No
104222,Yes
104223,Yes
104224,Yes
104225,No
104226,No
104227,No
104228,Yes
104229,Yes
104230,Yes
104231,Yes
104232,Yes
104233,Yes
104234,Yes
104235,Yes
104236,Yes
104237,Yes
104238,Yes
104239,Yes
104240,No
104241,Yes
104242,No
104243,Yes
104244,Yes
104245,No
104246,No
104247,Yes
104248,Yes
104249,No
104250,Yes
104251,No
104252,Yes
104253,No
104254,No
104255,Yes
104256,Yes
104257,Yes
104258,Yes
104259,No
104260,Yes
104261,Yes
104262,Yes
104263,No
104264,Yes
104265,No
104266,Yes
104267,No
104268,Yes
104269,Yes
104270,Yes
104271,Yes
104272,No
104273,Yes
104274,Yes
104275,No
104276,Yes
104277,Yes
104278,Yes
104279,Yes
104280,No
104281,Yes
104282,No
104283,No
104284,Yes
104285,Yes
104286,Yes
104287,No
104288,No
104289,Yes
104290,Yes
104291,No
104292,No
104293,No
104294,No
104295,Yes
104296,Yes
104297,Yes
104298,Yes
104299,Yes
104300,No
104301,Yes
104302,Yes
104303,Yes
104304,Yes
104305,Yes
104306,No
104307,No
104308,No
104309,Yes
104310,Yes
104311,No
104312,Yes
104313,Yes
104314,Yes
104315,No
104316,No
104317,Yes
104318,Yes
104319,Yes
104320,Yes
104321,No
104322,Yes
104323,Yes
104324,No
104325,Yes
104326,Yes
104327,No
104328,Yes
104329,Yes
104330,No
104331,Yes
104332,Yes
104333,Yes
104334,Yes
104335,No
104336,No
104337,Yes
104338,No
104339,Yes
104340,No
104341,Yes
104342,Yes
104343,Yes
104344,No
104345,Yes
104346,Yes
104347,Yes
104348,Yes
104349,Yes
104350,Yes
104351,Yes
104352,Yes
104353,Yes
104354,Yes
104355,No
104356,Yes
104357,Yes
104358,No
104359,No
104360,No
104361,Yes
104362,No
104363,Yes
104364,No
104365,Yes
104366,Yes
104367,Yes
104368,Yes
104369,Yes
104370,No
104371,No
104372,Yes
104373,No
104374,No
104375,Yes
104376,No
104377,Yes
104378,Yes
104379,Yes
104380,Yes
104381,Yes
104382,Yes
104383,Yes
104384,Yes
104385,No
104386,Yes
104387,Yes
104388,Yes
104389,No
104390,Yes
104391,No
104392,Yes
104393,Yes
104394,No
104395,Yes
104396,No
104397,No
104398,No
104399,Yes
104400,Yes
104401,Yes
104402,No
104403,No
104404,Yes
104405,No
104406,Yes
104407,Yes
104408,Yes
104409,Yes
104410,Yes
104411,No
104412,Yes
104413,Yes
104414,No
104415,Yes
104416,No
104417,Yes
104418,No
104419,Yes
104420,Yes
104421,Yes
104422,No
104423,Yes
104424,Yes
104425,Yes
104426,No
104427,Yes
104428,Yes
104429,No
104430,Yes
104431,Yes
104432,Yes
104433,No
104434,Yes
104435,Yes
104436,Yes
104437,No
104438,Yes
104439,Yes
104440,Yes
104441,No
104442,Yes
104443,No
104444,Yes
104445,Yes
104446,Yes
104447,Yes
104448,Yes
104449,No
104450,No
104451,Yes
104452,Yes
104453,Yes
104454,Yes
104455,No
104456,No
104457,No
104458,No
104459,No
104460,No
104461,No
104462,Yes
104463,Yes
104464,Yes
104465,No
104466,No
104467,No
104468,Yes
104469,No
104470,No
104471,Yes
104472,No
104473,Yes
104474,Yes
104475,No
104476,Yes
104477,No
104478,Yes
104479,Yes
104480,Yes
104481,Yes
104482,No
104483,No
104484,Yes
104485,Yes
104486,No
104487,No
104488,Yes
104489,No
104490,Yes
104491,No
104492,Yes
104493,Yes
104494,No
104495,Yes
104496,No
104497,Yes
104498,Yes
104499,Yes
104500,No
104501,Yes
104502,Yes
104503,No
104504,Yes
104505,No
104506,No
104507,No
104508,Yes
104509,No
104510,Yes
104511,Yes
104512,Yes
104513,No
104514,No
104515,No
104516,Yes
104517,Yes
104518,Yes
104519,No
104520,No
104521,No
104522,No
104523,No
104524,No
104525,Yes
104526,No
104527,Yes
104528,Yes
104529,No
104530,Yes
104531,No
104532,Yes
104533,No
104534,No
104535,No
104536,No
104537,Yes
104538,Yes
104539,Yes
104540,Yes
104541,Yes
104542,No
104543,Yes
104544,No
104545,Yes
104546,No
104547,No
104548,No
104549,Yes
104550,Yes
104551,No
104552,Yes
104553,Yes
104554,Yes
104555,No
104556,Yes
104557,Yes
104558,No
104559,No
104560,Yes
104561,Yes
104562,Yes
104563,Yes
104564,Yes
104565,Yes
104566,Yes
104567,No
104568,No
104569,No
104570,No
104571,No
104572,No
104573,Yes
104574,Yes
104575,Yes
104576,Yes
104577,Yes
104578,No
104579,Yes
104580,Yes
104581,Yes
104582,Yes
104583,Yes
104584,Yes
104585,No
104586,No
104587,Yes
104588,No
104589,No
104590,Yes
104591,Yes
104592,No
104593,Yes
104594,Yes
104595,No
104596,No
104597,Yes
104598,No
104599,No
104600,Yes
104601,No
104602,No
104603,No
104604,No
104605,No
104606,Yes
104607,No
104608,Yes
104609,No
104610,No
104611,Yes
104612,Yes
104613,No
104614,Yes
104615,No
104616,No
104617,Yes
104618,No
104619,No
104620,No
104621,Yes
104622,Yes
104623,Yes
104624,No
104625,No
104626,Yes
104627,No
104628,Yes
104629,Yes
104630,No
104631,Yes
104632,Yes
104633,Yes
104634,Yes
104635,No
104636,No
104637,Yes
104638,Yes
104639,Yes
104640,Yes
104641,No
104642,No
104643,Yes
104644,No
104645,No
104646,Yes
104647,No
104648,Yes
104649,Yes
104650,No
104651,Yes
104652,Yes
104653,No
104654,Yes
104655,Yes
104656,No
104657,No
104658,Yes
104659,Yes
104660,Yes
104661,Yes
104662,Yes
104663,Yes
104664,Yes
104665,No
104666,No
104667,No
104668,Yes
104669,Yes
104670,Yes
104671,Yes
104672,No
104673,Yes
104674,No
104675,Yes
104676,No
104677,Yes
104678,Yes
104679,Yes
104680,No
104681,No
104682,Yes
104683,Yes
104684,No
104685,Yes
104686,Yes
104687,Yes
104688,Yes
104689,Yes
104690,No
104691,Yes
104692,No
104693,No
104694,No
104695,Yes
104696,Yes
104697,Yes
104698,Yes
104699,Yes
104700,No
104701,Yes
104702,Yes
104703,No
104704,Yes
104705,No
104706,No
104707,Yes
104708,Yes
104709,No
104710,Yes
104711,No
104712,Yes
104713,No
104714,No
104715,Yes
104716,No
104717,Yes
104718,Yes
104719,Yes
104720,Yes
104721,Yes
104722,Yes
104723,Yes
104724,No
104725,Yes
104726,No
104727,No
104728,Yes
104729,Yes
104730,Yes
104731,No
104732,No
104733,Yes
104734,No
104735,Yes
104736,Yes
104737,Yes
104738,Yes
104739,No
104740,No
104741,Yes
104742,Yes
104743,Yes
104744,No
104745,Yes
104746,No
104747,No
104748,Yes
104749,Yes
104750,No
104751,Yes
104752,Yes
104753,No
104754,Yes
104755,Yes
104756,No
104757,Yes
104758,Yes
104759,No
104760,Yes
104761,No
104762,Yes
104763,Yes
104764,No
104765,Yes
104766,Yes
104767,Yes
104768,Yes
104769,Yes
104770,Yes
104771,Yes
104772,Yes
104773,No
104774,No
104775,No
104776,Yes
104777,No
104778,No
104779,No
104780,No
104781,Yes
104782,Yes
104783,No
104784,Yes
104785,Yes
104786,Yes
104787,No
104788,Yes
104789,No
104790,Yes
104791,No
104792,Yes
104793,Yes
104794,Yes
104795,No
104796,Yes
104797,Yes
104798,No
104799,Yes
104800,No
104801,Yes
104802,Yes
104803,No
104804,No
104805,No
104806,No
104807,Yes
104808,Yes
104809,No
104810,Yes
104811,Yes
104812,Yes
104813,Yes
104814,No
104815,Yes
104816,No
104817,No
104818,No
104819,Yes
104820,Yes
104821,Yes
104822,Yes
104823,No
104824,Yes
104825,No
104826,No
104827,No
104828,No
104829,Yes
104830,Yes
104831,Yes
104832,Yes
104833,Yes
104834,Yes
104835,No
104836,Yes
104837,Yes
104838,No
104839,No
104840,No
104841,Yes
104842,Yes
104843,No
104844,No
104845,No
104846,No
104847,Yes
104848,Yes
104849,Yes
104850,Yes
104851,No
104852,Yes
104853,No
104854,Yes
104855,No
104856,No
104857,Yes
104858,No
104859,No
104860,Yes
104861,Yes
104862,No
104863,No
104864,Yes
104865,No
104866,No
104867,No
104868,No
104869,Yes
104870,Yes
104871,Yes
104872,Yes
104873,No
104874,Yes
104875,Yes
104876,Yes
104877,Yes
104878,No
104879,Yes
104880,Yes
104881,Yes
104882,No
104883,No
104884,No
104885,Yes
104886,Yes
104887,Yes
104888,Yes
104889,No
104890,No
104891,Yes
104892,Yes
104893,No
104894,No
104895,Yes
104896,No
104897,Yes
104898,No
104899,Yes
104900,No
104901,Yes
104902,Yes
104903,Yes
104904,Yes
104905,No
104906,Yes
104907,No
104908,Yes
104909,Yes
104910,No
104911,No
104912,No
104913,Yes
104914,Yes
104915,No
104916,No
104917,No
104918,Yes
104919,Yes
104920,No
104921,No
104922,No
104923,No
104924,Yes
104925,Yes
104926,Yes
104927,Yes
104928,Yes
104929,Yes
104930,No
104931,No
104932,No
104933,No
104934,Yes
104935,Yes
104936,Yes
104937,No
104938,Yes
104939,Yes
104940,No
104941,No
104942,Yes
104943,Yes
104944,Yes
104945,Yes
104946,Yes
104947,No
104948,Yes
104949,No
104950,Yes
104951,Yes
104952,No
104953,No
104954,Yes
104955,No
104956,No
104957,Yes
104958,Yes
104959,Yes
104960,No
104961,Yes
104962,Yes
104963,No
104964,No
104965,Yes
104966,No
104967,No
104968,No
104969,Yes
104970,Yes
104971,No
104972,No
104973,Yes
104974,No
104975,Yes
104976,Yes
104977,Yes
104978,Yes
104979,No
104980,No
104981,No
104982,No
104983,Yes
104984,Yes
104985,Yes
104986,No
104987,Yes
104988,Yes
104989,Yes
104990,Yes
104991,No
104992,No
104993,Yes
104994,No
104995,Yes
104996,Yes
104997,Yes
104998,No
104999,Yes
105000,No
105001,Yes
105002,Yes
105003,No
105004,Yes
105005,Yes
105006,Yes
105007,Yes
105008,No
105009,Yes
105010,Yes
105011,Yes
105012,Yes
105013,Yes
105014,Yes
105015,No
105016,No
105017,No
105018,Yes
105019,No
105020,Yes
105021,No
105022,No
105023,Yes
105024,Yes
105025,Yes
105026,Yes
105027,Yes
105028,Yes
105029,Yes
105030,Yes
105031,No
105032,No
105033,No
105034,No
105035,No
105036,No
105037,Yes
105038,Yes
105039,Yes
105040,No
105041,No
105042,No
105043,No
105044,Yes
105045,Yes
105046,Yes
105047,No
105048,No
105049,No
105050,No
105051,Yes
105052,No
105053,Yes
105054,Yes
105055,Yes
105056,No
105057,Yes
105058,No
105059,No
105060,No
105061,No
105062,No
105063,No
105064,No
105065,Yes
105066,Yes
105067,Yes
105068,No
105069,Yes
105070,Yes
105071,Yes
105072,No
105073,Yes
105074,No
105075,Yes
105076,Yes
105077,Yes
105078,No
105079,Yes
105080,Yes
105081,No
105082,No
105083,No
105084,Yes
105085,No
105086,Yes
105087,Yes
105088,Yes
105089,No
105090,Yes
105091,No
105092,No
105093,Yes
105094,Yes
105095,No
105096,Yes
105097,Yes
105098,No
105099,No
105100,Yes
105101,Yes
105102,Yes
105103,Yes
105104,Yes
105105,Yes
105106,No
105107,Yes
105108,No
105109,Yes
105110,Yes
105111,No
105112,Yes
105113,Yes
105114,Yes
105115,Yes
105116,Yes
105117,Yes
105118,Yes
105119,No
105120,Yes
105121,Yes
105122,No
105123,Yes
105124,No
105125,No
105126,Yes
105127,No
105128,No
105129,No
105130,Yes
105131,Yes
105132,No
105133,No
105134,Yes
105135,Yes
105136,Yes
105137,Yes
105138,No
105139,Yes
105140,Yes
105141,Yes
105142,Yes
105143,Yes
105144,Yes
105145,Yes
105146,Yes
105147,No
105148,Yes
105149,No
105150,Yes
105151,No
105152,No
105153,No
105154,Yes
105155,Yes
105156,No
105157,No
105158,No
105159,No
105160,Yes
105161,Yes
105162,No
105163,Yes
105164,No
105165,No
105166,Yes
105167,No
105168,No
105169,Yes
105170,Yes
105171,Yes
105172,Yes
105173,Yes
105174,No
105175,No
105176,Yes
105177,Yes
105178,No
105179,Yes
105180,Yes
105181,Yes
105182,Yes
105183,No
105184,No
105185,Yes
105186,Yes
105187,No
105188,No
105189,No
105190,No
105191,No
105192,No
105193,Yes
105194,Yes
105195,Yes
105196,No
105197,No
105198,Yes
105199,No
105200,Yes
105201,Yes
105202,Yes
105203,No
105204,Yes
105205,Yes
105206,Yes
105207,No
105208,Yes
105209,Yes
105210,Yes
105211,Yes
105212,Yes
105213,No
105214,Yes
105215,Yes
105216,No
105217,Yes
105218,No
105219,Yes
105220,Yes
105221,Yes
105222,Yes
105223,Yes
105224,Yes
105225,Yes
105226,No
105227,No
105228,No
105229,Yes
105230,Yes
105231,Yes
105232,Yes
105233,Yes
105234,Yes
105235,No
105236,Yes
105237,Yes
105238,Yes
105239,Yes
105240,No
105241,Yes
105242,Yes
105243,No
105244,Yes
105245,Yes
105246,Yes
105247,No
105248,No
105249,Yes
105250,No
105251,Yes
105252,Yes
105253,No
105254,No
105255,Yes
105256,No
105257,Yes
105258,Yes
105259,Yes
105260,No
105261,No
105262,Yes
105263,No
105264,No
105265,Yes
105266,Yes
105267,Yes
105268,No
105269,No
105270,Yes
105271,Yes
105272,No
105273,No
105274,Yes
105275,No
105276,No
105277,No
105278,No
105279,Yes
105280,No
105281,Yes
105282,Yes
105283,Yes
105284,Yes
105285,Yes
105286,Yes
105287,No
105288,Yes
105289,No
105290,Yes
105291,Yes
105292,Yes
105293,Yes
105294,No
105295,Yes
105296,No
105297,Yes
105298,No
105299,No
105300,No
105301,Yes
105302,Yes
105303,Yes
105304,Yes
105305,Yes
105306,Yes
105307,Yes
105308,No
105309,Yes
105310,No
105311,Yes
105312,No
105313,Yes
105314,Yes
105315,Yes
105316,Yes
105317,Yes
105318,No
105319,Yes
105320,Yes
105321,Yes
105322,Yes
105323,Yes
105324,Yes
105325,No
105326,No
105327,Yes
105328,Yes
105329,Yes
105330,Yes
105331,Yes
105332,No
105333,Yes
105334,Yes
105335,Yes
105336,Yes
105337,No
105338,No
105339,Yes
105340,Yes
105341,No
105342,No
105343,Yes
105344,No
105345,Yes
105346,Yes
105347,Yes
105348,Yes
105349,No
105350,No
105351,No
105352,No
105353,No
105354,Yes
105355,No
105356,Yes
105357,Yes
105358,No
105359,Yes
105360,No
105361,No
105362,No
105363,Yes
105364,Yes
105365,No
105366,No
105367,No
105368,Yes
105369,Yes
105370,Yes
105371,Yes
105372,Yes
105373,No
105374,Yes
105375,Yes
105376,No
105377,Yes
105378,No
105379,No
105380,No
105381,Yes
105382,Yes
105383,No
105384,No
105385,No
105386,No
105387,Yes
105388,No
105389,Yes
105390,No
105391,Yes
105392,No
105393,Yes
105394,Yes
105395,Yes
105396,No
105397,Yes
105398,Yes
105399,No
105400,Yes
105401,Yes
105402,No
105403,Yes
105404,No
105405,No
105406,Yes
105407,Yes
105408,Yes
105409,No
105410,No
105411,No
105412,Yes
105413,Yes
105414,Yes
105415,No
105416,No
105417,Yes
105418,No
105419,No
105420,Yes
105421,Yes
105422,No
105423,Yes
105424,Yes
105425,Yes
105426,Yes
105427,No
105428,Yes
105429,Yes
105430,Yes
105431,Yes
105432,Yes
105433,No
105434,Yes
105435,Yes
105436,No
105437,No
105438,Yes
105439,No
105440,Yes
105441,No
105442,No
105443,No
105444,Yes
105445,No
105446,No
105447,No
105448,Yes
105449,No
105450,No
105451,Yes
105452,Yes
105453,Yes
105454,No
105455,Yes
105456,Yes
105457,No
105458,Yes
105459,No
105460,Yes
105461,No
105462,No
105463,No
105464,Yes
105465,No
105466,No
105467,Yes
105468,Yes
105469,Yes
105470,Yes
105471,No
105472,No
105473,Yes
105474,Yes
105475,Yes
105476,Yes
105477,Yes
105478,No
105479,No
105480,Yes
105481,No
105482,No
105483,Yes
105484,Yes
105485,Yes
105486,Yes
105487,Yes
105488,No
105489,No
105490,No
105491,No
105492,No
105493,Yes
105494,Yes
105495,No
105496,Yes
105497,Yes
105498,No
105499,No
105500,No
105501,Yes
105502,Yes
105503,No
105504,No
105505,Yes
105506,No
105507,Yes
105508,No
105509,No
105510,Yes
105511,Yes
105512,No
105513,Yes
105514,No
105515,No
105516,Yes
105517,Yes
105518,No
105519,No
105520,Yes
105521,No
105522,Yes
105523,Yes
105524,No
105525,Yes
105526,Yes
105527,Yes
105528,Yes
105529,Yes
105530,Yes
105531,No
105532,Yes
105533,No
105534,No
105535,Yes
105536,No
105537,Yes
105538,Yes
105539,Yes
105540,No
105541,Yes
105542,No
105543,No
105544,No
105545,No
105546,Yes
105547,No
105548,Yes
105549,No
105550,No
105551,No
105552,No
105553,No
105554,No
105555,No
105556,Yes
105557,Yes
105558,No
105559,Yes
105560,No
105561,No
105562,No
105563,Yes
105564,Yes
105565,Yes
105566,Yes
105567,Yes
105568,Yes
105569,Yes
105570,No
105571,No
105572,No
105573,Yes
105574,Yes
105575,Yes
105576,Yes
105577,Yes
105578,No
105579,Yes
105580,Yes
105581,Yes
105582,Yes
105583,No
105584,No
105585,Yes
105586,No
105587,Yes
105588,No
105589,No
105590,No
105591,No
105592,Yes
105593,Yes
105594,Yes
105595,No
105596,Yes
105597,Yes
105598,Yes
105599,No
105600,Yes
105601,Yes
105602,Yes
105603,No
105604,No
105605,Yes
105606,Yes
105607,No
105608,Yes
105609,Yes
105610,No
105611,Yes
105612,Yes
105613,No
105614,No
105615,Yes
105616,No
105617,No
105618,No
105619,No
105620,No
105621,Yes
105622,No
105623,No
105624,Yes
105625,No
105626,No
105627,Yes
105628,No
105629,No
105630,Yes
105631,Yes
105632,No
105633,Yes
105634,No
105635,No
105636,Yes
105637,Yes
105638,No
105639,Yes
105640,No
105641,Yes
105642,No
105643,Yes
105644,No
105645,Yes
105646,No
105647,Yes
105648,Yes
105649,Yes
105650,No
105651,No
105652,No
105653,Yes
105654,Yes
105655,No
105656,Yes
105657,Yes
105658,Yes
105659,No
105660,No
105661,Yes
105662,No
105663,No
105664,Yes
105665,Yes
105666,No
105667,No
105668,Yes
105669,No
105670,No
105671,Yes
105672,No
105673,Yes
105674,Yes
105675,Yes
105676,Yes
105677,Yes
105678,Yes
105679,Yes
105680,Yes
105681,No
105682,Yes
105683,Yes
105684,Yes
105685,Yes
105686,Yes
105687,Yes
105688,No
105689,Yes
105690,No
105691,Yes
105692,Yes
105693,Yes
105694,No
105695,Yes
105696,No
105697,Yes
105698,Yes
105699,No
105700,Yes
105701,Yes
105702,No
105703,Yes
105704,No
105705,No
105706,No
105707,Yes
105708,Yes
105709,Yes
105710,Yes
105711,Yes
105712,No
105713,Yes
105714,Yes
105715,Yes
105716,Yes
105717,No
105718,No
105719,Yes
105720,No
105721,No
105722,Yes
105723,Yes
105724,No
105725,No
105726,No
105727,Yes
105728,No
105729,No
105730,Yes
105731,No
105732,Yes
105733,Yes
105734,Yes
105735,Yes
105736,Yes
105737,Yes
105738,Yes
105739,Yes
105740,Yes
105741,Yes
105742,Yes
105743,Yes
105744,Yes
105745,No
105746,Yes
105747,No
105748,Yes
105749,No
105750,Yes
105751,Yes
105752,Yes
105753,No
105754,Yes
105755,Yes
105756,No
105757,Yes
105758,No
105759,No
105760,No
105761,Yes
105762,Yes
105763,No
105764,No
105765,No
105766,Yes
105767,Yes
105768,No
105769,No
105770,Yes
105771,Yes
105772,No
105773,No
105774,Yes
105775,No
105776,No
105777,Yes
105778,No
105779,Yes
105780,Yes
105781,Yes
105782,No
105783,Yes
105784,No
105785,Yes
105786,Yes
105787,Yes
105788,No
105789,Yes
105790,No
105791,Yes
105792,Yes
105793,No
105794,No
105795,Yes
105796,No
105797,No
105798,Yes
105799,Yes
105800,No
105801,Yes
105802,Yes
105803,No
105804,Yes
105805,Yes
105806,Yes
105807,Yes
105808,No
105809,No
105810,Yes
105811,Yes
105812,Yes
105813,No
105814,No
105815,No
105816,Yes
105817,No
105818,Yes
105819,Yes
105820,No
105821,No
105822,Yes
105823,Yes
105824,No
105825,No
105826,No
105827,No
105828,No
105829,No
105830,No
105831,Yes
105832,No
105833,No
105834,Yes
105835,Yes
105836,Yes
105837,Yes
105838,No
105839,Yes
105840,Yes
105841,Yes
105842,No
105843,No
105844,Yes
105845,No
105846,No
105847,Yes
105848,Yes
105849,Yes
105850,Yes
105851,Yes
105852,No
105853,No
105854,Yes
105855,Yes
105856,No
105857,Yes
105858,No
105859,No
105860,Yes
105861,No
105862,Yes
105863,Yes
105864,No
105865,No
105866,Yes
105867,No
105868,Yes
105869,Yes
105870,No
105871,No
105872,No
105873,No
105874,Yes
105875,No
105876,Yes
105877,No
105878,Yes
105879,Yes
105880,Yes
105881,Yes
105882,Yes
105883,No
105884,No
105885,Yes
105886,No
105887,No
105888,Yes
105889,Yes
105890,No
105891,Yes
105892,No
105893,No
105894,Yes
105895,Yes
105896,No
105897,Yes
105898,Yes
105899,Yes
105900,Yes
105901,Yes
105902,Yes
105903,No
105904,No
105905,Yes
105906,No
105907,Yes
105908,Yes
105909,Yes
105910,No
105911,No
105912,No
105913,Yes
105914,No
105915,No
105916,Yes
105917,No
105918,Yes
105919,Yes
105920,Yes
105921,Yes
105922,Yes
105923,No
105924,Yes
105925,Yes
105926,No
105927,No
105928,Yes
105929,No
105930,Yes
105931,No
105932,No
105933,Yes
105934,Yes
105935,Yes
105936,Yes
105937,Yes
105938,Yes
105939,Yes
105940,Yes
105941,No
105942,Yes
105943,Yes
105944,Yes
105945,Yes
105946,Yes
105947,Yes
105948,No
105949,No
105950,Yes
105951,No
105952,Yes
105953,No
105954,No
105955,No
105956,No
105957,Yes
105958,Yes
105959,Yes
105960,No
105961,Yes
105962,Yes
105963,No
105964,Yes
105965,No
105966,Yes
105967,Yes
105968,Yes
105969,No
105970,No
105971,Yes
105972,Yes
105973,No
105974,Yes
105975,Yes
105976,Yes
105977,No
105978,Yes
105979,Yes
105980,No
105981,Yes
105982,Yes
105983,No
105984,No
105985,Yes
105986,Yes
105987,No
105988,Yes
105989,No
105990,No
105991,Yes
105992,Yes
105993,Yes
105994,No
105995,Yes
105996,Yes
105997,Yes
105998,No
105999,No
106000,No
106001,Yes
106002,No
106003,Yes
106004,No
106005,Yes
106006,Yes
106007,No
106008,No
106009,Yes
106010,No
106011,Yes
106012,No
106013,Yes
106014,Yes
106015,Yes
106016,Yes
106017,Yes
106018,Yes
106019,Yes
106020,No
106021,No
106022,Yes
106023,Yes
106024,Yes
106025,No
106026,Yes
106027,Yes
106028,Yes
106029,No
106030,No
106031,No
106032,Yes
106033,Yes
106034,No
106035,Yes
106036,No
106037,No
106038,No
106039,No
106040,No
106041,No
106042,Yes
106043,No
106044,Yes
106045,Yes
106046,Yes
106047,Yes
106048,Yes
106049,Yes
106050,No
106051,Yes
106052,No
106053,Yes
106054,Yes
106055,Yes
106056,No
106057,Yes
106058,Yes
106059,No
106060,No
106061,No
106062,Yes
106063,Yes
106064,No
106065,Yes
106066,No
106067,Yes
106068,No
106069,No
106070,Yes
106071,No
106072,Yes
106073,Yes
106074,No
106075,Yes
106076,No
106077,No
106078,No
106079,No
106080,Yes
106081,Yes
106082,Yes
106083,No
106084,Yes
106085,Yes
106086,No
106087,Yes
106088,No
106089,Yes
106090,Yes
106091,No
106092,Yes
106093,No
106094,No
106095,Yes
106096,Yes
106097,Yes
106098,Yes
106099,No
106100,Yes
106101,No
106102,No
106103,Yes
106104,Yes
106105,No
106106,No
106107,No
106108,No
106109,Yes
106110,Yes
106111,Yes
106112,Yes
106113,Yes
106114,Yes
106115,No
106116,No
106117,Yes
106118,Yes
106119,No
106120,Yes
106121,Yes
106122,Yes
106123,No
106124,No
106125,Yes
106126,No
106127,No
106128,Yes
106129,Yes
106130,No
106131,Yes
106132,Yes
106133,Yes
106134,No
106135,No
106136,No
106137,No
106138,No
106139,Yes
106140,Yes
106141,Yes
106142,No
106143,Yes
106144,No
106145,No
106146,No
106147,No
106148,Yes
106149,Yes
106150,No
106151,No
106152,Yes
106153,No
106154,Yes
106155,Yes
106156,Yes
106157,No
106158,Yes
106159,No
106160,No
106161,Yes
106162,No
106163,No
106164,Yes
106165,Yes
106166,Yes
106167,Yes
106168,Yes
106169,Yes
106170,Yes
106171,Yes
106172,No
106173,No
106174,No
106175,Yes
106176,Yes
106177,Yes
106178,Yes
106179,Yes
106180,No
106181,Yes
106182,Yes
106183,No
106184,Yes
106185,No
106186,No
106187,No
106188,No
106189,Yes
106190,Yes
106191,No
106192,Yes
106193,No
106194,No
106195,No
106196,Yes
106197,No
106198,Yes
106199,Yes
106200,Yes
106201,Yes
106202,Yes
106203,No
106204,Yes
106205,No
106206,No
106207,No
106208,Yes
106209,No
106210,Yes
106211,Yes
106212,Yes
106213,Yes
106214,Yes
106215,Yes
106216,No
106217,No
106218,Yes
106219,No
106220,No
106221,Yes
106222,No
106223,Yes
106224,Yes
106225,Yes
106226,No
106227,No
106228,No
106229,Yes
106230,No
106231,No
106232,Yes
106233,Yes
106234,Yes
106235,No
106236,No
106237,Yes
106238,Yes
106239,Yes
106240,Yes
106241,No
106242,Yes
106243,No
106244,No
106245,Yes
106246,No
106247,No
106248,Yes
106249,Yes
106250,No
106251,Yes
106252,No
106253,No
106254,Yes
106255,Yes
106256,Yes
106257,Yes
106258,Yes
106259,No
106260,Yes
106261,Yes
106262,Yes
106263,Yes
106264,No
106265,Yes
106266,No
106267,No
106268,Yes
106269,Yes
106270,No
106271,Yes
106272,Yes
106273,Yes
106274,No
106275,No
106276,No
106277,Yes
106278,No
106279,No
106280,No
106281,Yes
106282,Yes
106283,Yes
106284,Yes
106285,Yes
106286,No
106287,Yes
106288,Yes
106289,Yes
106290,No
106291,No
106292,No
106293,No
106294,No
106295,No
106296,Yes
106297,Yes
106298,No
106299,Yes
106300,No
106301,No
106302,No
106303,No
106304,Yes
106305,Yes
106306,Yes
106307,Yes
106308,Yes
106309,No
106310,No
106311,Yes
106312,Yes
106313,Yes
106314,Yes
106315,Yes
106316,No
106317,Yes
106318,No
106319,No
106320,Yes
106321,Yes
106322,Yes
106323,Yes
106324,Yes
106325,No
106326,No
106327,No
106328,Yes
106329,No
106330,Yes
106331,Yes
106332,No
106333,Yes
106334,No
106335,No
106336,No
106337,Yes
106338,Yes
106339,Yes
106340,No
106341,Yes
106342,No
106343,Yes
106344,No
106345,No
106346,No
106347,Yes
106348,No
106349,Yes
106350,Yes
106351,Yes
106352,Yes
106353,Yes
106354,Yes
106355,Yes
106356,Yes
106357,No
106358,Yes
106359,Yes
106360,Yes
106361,Yes
106362,No
106363,Yes
106364,No
106365,Yes
106366,Yes
106367,No
106368,No
106369,No
106370,Yes
106371,Yes
106372,Yes
106373,Yes
106374,No
106375,Yes
106376,Yes
106377,Yes
106378,No
106379,No
106380,Yes
106381,No
106382,Yes
106383,No
106384,Yes
106385,Yes
106386,No
106387,No
106388,Yes
106389,No
106390,No
106391,Yes
106392,Yes
106393,No
106394,No
106395,No
106396,No
106397,No
106398,Yes
106399,No
106400,Yes
106401,Yes
106402,Yes
106403,No
106404,Yes
106405,Yes
106406,Yes
106407,Yes
106408,Yes
106409,Yes
106410,No
106411,Yes
106412,No
106413,Yes
106414,Yes
106415,Yes
106416,Yes
106417,Yes
106418,Yes
106419,Yes
106420,No
106421,Yes
106422,Yes
106423,No
106424,Yes
106425,Yes
106426,No
106427,No
106428,No
106429,Yes
106430,Yes
106431,Yes
106432,No
106433,Yes
106434,No
106435,Yes
106436,No
106437,No
106438,Yes
106439,Yes
106440,No
106441,Yes
106442,No
106443,No
106444,No
106445,Yes
106446,No
106447,No
106448,No
106449,Yes
106450,Yes
106451,Yes
106452,No
106453,Yes
106454,No
106455,Yes
106456,Yes
106457,Yes
106458,Yes
106459,Yes
106460,Yes
106461,No
106462,Yes
106463,Yes
106464,No
106465,Yes
106466,Yes
106467,Yes
106468,Yes
106469,Yes
106470,No
106471,Yes
106472,Yes
106473,No
106474,No
106475,No
106476,No
106477,Yes
106478,Yes
106479,Yes
106480,Yes
106481,No
106482,Yes
106483,Yes
106484,Yes
106485,Yes
106486,No
106487,Yes
106488,Yes
106489,Yes
106490,Yes
106491,No
106492,Yes
106493,No
106494,No
106495,Yes
106496,No
106497,Yes
106498,Yes
106499,Yes
106500,No
106501,No
106502,No
106503,Yes
106504,No
106505,Yes
106506,No
106507,Yes
106508,Yes
106509,No
106510,No
106511,No
106512,Yes
106513,No
106514,Yes
106515,Yes
106516,No
106517,No
106518,Yes
106519,Yes
106520,No
106521,No
106522,Yes
106523,No
106524,No
106525,Yes
106526,Yes
106527,No
106528,Yes
106529,No
106530,Yes
106531,No
106532,No
106533,Yes
106534,No
106535,No
106536,No
106537,Yes
106538,Yes
106539,No
106540,Yes
106541,Yes
106542,Yes
106543,No
106544,No
106545,No
106546,Yes
106547,Yes
106548,Yes
106549,Yes
106550,Yes
106551,No
106552,Yes
106553,No
106554,No
106555,Yes
106556,Yes
106557,No
106558,Yes
106559,No
106560,Yes
106561,Yes
106562,No
106563,Yes
106564,No
106565,No
106566,Yes
106567,Yes
106568,Yes
106569,Yes
106570,No
106571,No
106572,Yes
106573,Yes
106574,No
106575,No
106576,Yes
106577,Yes
106578,Yes
106579,Yes
106580,Yes
106581,No
106582,Yes
106583,Yes
106584,No
106585,Yes
106586,Yes
106587,No
106588,Yes
106589,No
106590,No
106591,No
106592,No
106593,No
106594,Yes
106595,Yes
106596,Yes
106597,No
106598,No
106599,Yes
106600,No
106601,Yes
106602,No
106603,Yes
106604,No
106605,Yes
106606,Yes
106607,Yes
106608,Yes
106609,Yes
106610,Yes
106611,No
106612,Yes
106613,Yes
106614,No
106615,Yes
106616,Yes
106617,No
106618,No
106619,Yes
106620,No
106621,No
106622,Yes
106623,Yes
106624,Yes
106625,Yes
106626,Yes
106627,No
106628,Yes
106629,No
106630,No
106631,No
106632,Yes
106633,No
106634,Yes
106635,Yes
106636,Yes
106637,Yes
106638,No
106639,Yes
106640,Yes
106641,Yes
106642,Yes
106643,Yes
106644,No
106645,Yes
106646,No
106647,Yes
106648,Yes
106649,No
106650,No
106651,Yes
106652,Yes
106653,Yes
106654,Yes
106655,Yes
106656,Yes
106657,Yes
106658,No
106659,No
106660,Yes
106661,Yes
106662,Yes
106663,No
106664,No
106665,No
106666,Yes
106667,No
106668,No
106669,No
106670,No
106671,Yes
106672,No
106673,No
106674,No
106675,Yes
106676,Yes
106677,Yes
106678,No
106679,No
106680,Yes
106681,Yes
106682,Yes
106683,No
106684,Yes
106685,Yes
106686,Yes
106687,Yes
106688,Yes
106689,No
106690,Yes
106691,No
106692,Yes
106693,Yes
106694,Yes
106695,Yes
106696,Yes
106697,No
106698,No
106699,Yes
106700,Yes
106701,Yes
106702,No
106703,Yes
106704,No
106705,No
106706,No
106707,Yes
106708,No
106709,Yes
106710,Yes
106711,Yes
106712,No
106713,Yes
106714,No
106715,Yes
106716,No
106717,Yes
106718,No
106719,Yes
106720,No
106721,Yes
106722,Yes
106723,No
106724,Yes
106725,Yes
106726,Yes
106727,Yes
106728,Yes
106729,No
106730,Yes
106731,Yes
106732,No
106733,No
106734,No
106735,No
106736,No
106737,No
106738,Yes
106739,Yes
106740,Yes
106741,No
106742,Yes
106743,Yes
106744,Yes
106745,Yes
106746,Yes
106747,No
106748,Yes
106749,Yes
106750,No
106751,Yes
106752,Yes
106753,No
106754,Yes
106755,Yes
106756,Yes
106757,Yes
106758,No
106759,Yes
106760,Yes
106761,Yes
106762,No
106763,Yes
106764,No
106765,Yes
106766,No
106767,No
106768,Yes
106769,No
106770,No
106771,Yes
106772,Yes
106773,Yes
106774,Yes
106775,Yes
106776,Yes
106777,No
106778,No
106779,No
106780,No
106781,Yes
106782,No
106783,Yes
106784,Yes
106785,Yes
106786,Yes
106787,Yes
106788,No
106789,Yes
106790,No
106791,Yes
106792,No
106793,No
106794,No
106795,No
106796,No
106797,No
106798,No
106799,Yes
106800,Yes
106801,Yes
106802,Yes
106803,No
106804,Yes
106805,Yes
106806,No
106807,Yes
106808,No
106809,Yes
106810,No
106811,No
106812,Yes
106813,No
106814,Yes
106815,No
106816,Yes
106817,Yes
106818,Yes
106819,Yes
106820,Yes
106821,No
106822,Yes
106823,Yes
106824,No
106825,Yes
106826,Yes
106827,No
106828,No
106829,Yes
106830,Yes
106831,Yes
106832,No
106833,Yes
106834,Yes
106835,No
106836,No
106837,No
106838,Yes
106839,No
106840,Yes
106841,Yes
106842,No
106843,No
106844,Yes
106845,No
106846,No
106847,Yes
106848,No
106849,No
106850,No
106851,No
106852,Yes
106853,Yes
106854,Yes
106855,No
106856,Yes
106857,No
106858,Yes
106859,Yes
106860,No
106861,No
106862,No
106863,Yes
106864,No
106865,Yes
106866,Yes
106867,Yes
106868,No
106869,No
106870,Yes
106871,Yes
106872,Yes
106873,No
106874,No
106875,No
106876,Yes
106877,Yes
106878,No
106879,No
106880,No
106881,No
106882,Yes
106883,Yes
106884,No
106885,Yes
106886,Yes
106887,No
106888,Yes
106889,No
106890,No
106891,Yes
106892,No
106893,Yes
106894,No
106895,Yes
106896,No
106897,No
106898,Yes
106899,No
106900,No
106901,Yes
106902,No
106903,Yes
106904,Yes
106905,Yes
106906,No
106907,No
106908,No
106909,Yes
106910,Yes
106911,No
106912,No
106913,Yes
106914,No
106915,No
106916,Yes
106917,Yes
106918,No
106919,Yes
106920,Yes
106921,Yes
106922,No
106923,No
106924,No
106925,No
106926,No
106927,No
106928,Yes
106929,Yes
106930,Yes
106931,Yes
106932,No
106933,No
106934,Yes
106935,Yes
106936,No
106937,Yes
106938,Yes
106939,Yes
106940,No
106941,Yes
106942,No
106943,No
106944,Yes
106945,No
106946,Yes
106947,No
106948,Yes
106949,Yes
106950,No
106951,No
106952,No
106953,No
106954,Yes
106955,Yes
106956,Yes
106957,No
106958,Yes
106959,No
106960,Yes
106961,Yes
106962,Yes
106963,Yes
106964,No
106965,No
106966,Yes
106967,Yes
106968,Yes
106969,Yes
106970,Yes
106971,No
106972,Yes
106973,Yes
106974,Yes
106975,Yes
106976,Yes
106977,Yes
106978,Yes
106979,Yes
106980,Yes
106981,No
106982,Yes
106983,Yes
106984,No
106985,No
106986,No
106987,No
106988,Yes
106989,Yes
106990,No
106991,No
106992,Yes
106993,No
106994,Yes
106995,Yes
106996,Yes
106997,Yes
106998,Yes
106999,Yes
107000,Yes
107001,Yes
107002,No
107003,Yes
107004,Yes
107005,Yes
107006,No
107007,No
107008,Yes
107009,Yes
107010,Yes
107011,Yes
107012,Yes
107013,No
107014,No
107015,Yes
107016,No
107017,Yes
107018,No
107019,No
107020,No
107021,No
107022,No
107023,No
107024,No
107025,No
107026,Yes
107027,Yes
107028,Yes
107029,Yes
107030,No
107031,No
107032,Yes
107033,No
107034,No
107035,Yes
107036,No
107037,No
107038,Yes
107039,Yes
107040,No
107041,Yes
107042,Yes
107043,Yes
107044,No
107045,Yes
107046,Yes
107047,No
107048,No
107049,Yes
107050,No
107051,No
107052,No
107053,No
107054,Yes
107055,No
107056,No
107057,No
107058,No
107059,Yes
107060,Yes
107061,Yes
107062,Yes
107063,No
107064,Yes
107065,Yes
107066,Yes
107067,Yes
107068,No
107069,No
107070,Yes
107071,No
107072,No
107073,No
107074,Yes
107075,No
107076,Yes
107077,Yes
107078,Yes
107079,No
107080,Yes
107081,Yes
107082,No
107083,No
107084,No
107085,Yes
107086,Yes
107087,Yes
107088,Yes
107089,Yes
107090,Yes
107091,Yes
107092,No
107093,Yes
107094,Yes
107095,Yes
107096,Yes
107097,No
107098,No
107099,No
107100,Yes
107101,No
107102,No
107103,No
107104,Yes
107105,No
107106,Yes
107107,No
107108,Yes
107109,Yes
107110,Yes
107111,No
107112,No
107113,No
107114,No
107115,Yes
107116,Yes
107117,Yes
107118,Yes
107119,Yes
107120,Yes
107121,Yes
107122,Yes
107123,No
107124,No
107125,Yes
107126,Yes
107127,Yes
107128,No
107129,Yes
107130,Yes
107131,Yes
107132,Yes
107133,Yes
107134,Yes
107135,No
107136,No
107137,Yes
107138,Yes
107139,Yes
107140,Yes
107141,No
107142,Yes
107143,No
107144,Yes
107145,No
107146,No
107147,No
107148,No
107149,No
107150,No
107151,Yes
107152,No
107153,Yes
107154,Yes
107155,No
107156,Yes
107157,No
107158,No
107159,No
107160,No
107161,Yes
107162,Yes
107163,No
107164,Yes
107165,Yes
107166,Yes
107167,Yes
107168,Yes
107169,Yes
107170,Yes
107171,Yes
107172,No
107173,Yes
107174,No
107175,Yes
107176,Yes
107177,Yes
107178,Yes
107179,Yes
107180,No
107181,Yes
107182,Yes
107183,No
107184,Yes
107185,Yes
107186,No
107187,Yes
107188,Yes
107189,No
107190,No
107191,No
107192,Yes
107193,No
107194,Yes
107195,No
107196,Yes
107197,No
107198,Yes
107199,No
107200,No
107201,Yes
107202,Yes
107203,No
107204,No
107205,No
107206,Yes
107207,Yes
107208,Yes
107209,Yes
107210,Yes
107211,Yes
107212,Yes
107213,No
107214,Yes
107215,No
107216,Yes
107217,No
107218,Yes
107219,No
107220,No
107221,Yes
107222,Yes
107223,No
107224,Yes
107225,Yes
107226,No
107227,Yes
107228,Yes
107229,Yes
107230,Yes
107231,No
107232,Yes
107233,No
107234,No
107235,Yes
107236,No
107237,Yes
107238,No
107239,Yes
107240,Yes
107241,Yes
107242,Yes
107243,Yes
107244,No
107245,Yes
107246,No
107247,No
107248,Yes
107249,Yes
107250,Yes
107251,No
107252,Yes
107253,No
107254,No
107255,Yes
107256,Yes
107257,Yes
107258,Yes
107259,No
107260,Yes
107261,Yes
107262,Yes
107263,No
107264,Yes
107265,Yes
107266,No
107267,Yes
107268,No
107269,Yes
107270,Yes
107271,No
107272,No
107273,No
107274,Yes
107275,No
107276,Yes
107277,Yes
107278,Yes
107279,Yes
107280,Yes
107281,Yes
107282,Yes
107283,No
107284,No
107285,No
107286,Yes
107287,No
107288,Yes
107289,Yes
107290,Yes
107291,No
107292,No
107293,Yes
107294,Yes
107295,No
107296,No
107297,Yes
107298,No
107299,Yes
107300,Yes
107301,Yes
107302,Yes
107303,Yes
107304,No
107305,No
107306,No
107307,No
107308,No
107309,No
107310,Yes
107311,No
107312,Yes
107313,No
107314,No
107315,No
107316,No
107317,No
107318,No
107319,No
107320,Yes
107321,Yes
107322,No
107323,Yes
107324,Yes
107325,No
107326,Yes
107327,Yes
107328,Yes
107329,No
107330,Yes
107331,Yes
107332,Yes
107333,No
107334,Yes
107335,No
107336,Yes
107337,No
107338,Yes
107339,No
107340,Yes
107341,Yes
107342,Yes
107343,No
107344,No
107345,No
107346,No
107347,Yes
107348,Yes
107349,Yes
107350,Yes
107351,Yes
107352,Yes
107353,No
107354,Yes
107355,Yes
107356,No
107357,No
107358,No
107359,Yes
107360,No
107361,No
107362,Yes
107363,No
107364,No
107365,Yes
107366,Yes
107367,Yes
107368,Yes
107369,Yes
107370,Yes
107371,Yes
107372,No
107373,No
107374,No
107375,Yes
107376,Yes
107377,Yes
107378,Yes
107379,No
107380,Yes
107381,Yes
107382,No
107383,No
107384,Yes
107385,Yes
107386,Yes
107387,No
107388,No
107389,Yes
107390,Yes
107391,No
107392,No
107393,Yes
107394,Yes
107395,Yes
107396,Yes
107397,No
107398,Yes
107399,Yes
107400,No
107401,Yes
107402,Yes
107403,Yes
107404,Yes
107405,No
107406,Yes
107407,Yes
107408,Yes
107409,No
107410,No
107411,Yes
107412,Yes
107413,No
107414,Yes
107415,Yes
107416,Yes
107417,No
107418,Yes
107419,No
107420,No
107421,No
107422,No
107423,No
107424,Yes
107425,No
107426,No
107427,Yes
107428,No
107429,No
107430,No
107431,Yes
107432,Yes
107433,Yes
107434,No
107435,No
107436,No
107437,Yes
107438,No
107439,No
107440,Yes
107441,Yes
107442,No
107443,No
107444,Yes
107445,Yes
107446,Yes
107447,Yes
107448,Yes
107449,No
107450,Yes
107451,Yes
107452,Yes
107453,No
107454,No
107455,Yes
107456,Yes
107457,Yes
107458,Yes
107459,Yes
107460,Yes
107461,Yes
107462,Yes
107463,No
107464,Yes
107465,No
107466,Yes
107467,No
107468,Yes
107469,Yes
107470,No
107471,No
107472,Yes
107473,Yes
107474,Yes
107475,No
107476,Yes
107477,Yes
107478,Yes
107479,Yes
107480,Yes
107481,Yes
107482,Yes
107483,Yes
107484,Yes
107485,Yes
107486,Yes
107487,No
107488,No
107489,Yes
107490,No
107491,Yes
107492,Yes
107493,Yes
107494,Yes
107495,Yes
107496,Yes
107497,No
107498,No
107499,No
107500,No
107501,Yes
107502,Yes
107503,No
107504,Yes
107505,Yes
107506,Yes
107507,No
107508,No
107509,Yes
107510,No
107511,No
107512,No
107513,No
107514,Yes
107515,Yes
107516,Yes
107517,No
107518,No
107519,No
107520,Yes
107521,Yes
107522,Yes
107523,Yes
107524,No
107525,No
107526,Yes
107527,Yes
107528,Yes
107529,Yes
107530,No
107531,Yes
107532,Yes
107533,Yes
107534,Yes
107535,No
107536,Yes
107537,No
107538,Yes
107539,No
107540,Yes
107541,No
107542,Yes
107543,No
107544,Yes
107545,Yes
107546,Yes
107547,No
107548,Yes
107549,No
107550,Yes
107551,Yes
107552,No
107553,Yes
107554,Yes
107555,Yes
107556,Yes
107557,Yes
107558,Yes
107559,Yes
107560,No
107561,Yes
107562,Yes
107563,No
107564,No
107565,Yes
107566,Yes
107567,No
107568,No
107569,Yes
107570,No
107571,Yes
107572,Yes
107573,Yes
107574,Yes
107575,No
107576,No
107577,No
107578,Yes
107579,Yes
107580,Yes
107581,Yes
107582,Yes
107583,No
107584,Yes
107585,No
107586,Yes
107587,No
107588,No
107589,No
107590,No
107591,Yes
107592,No
107593,Yes
107594,No
107595,Yes
107596,No
107597,Yes
107598,No
107599,Yes
107600,Yes
107601,No
107602,No
107603,No
107604,No
107605,No
107606,No
107607,Yes
107608,No
107609,Yes
107610,Yes
107611,No
107612,Yes
107613,No
107614,No
107615,No
107616,Yes
107617,Yes
107618,No
107619,No
107620,No
107621,Yes
107622,Yes
107623,Yes
107624,Yes
107625,No
107626,Yes
107627,Yes
107628,Yes
107629,Yes
107630,Yes
107631,No
107632,Yes
107633,No
107634,Yes
107635,Yes
107636,Yes
107637,No
107638,Yes
107639,Yes
107640,No
107641,Yes
107642,No
107643,Yes
107644,No
107645,Yes
107646,Yes
107647,Yes
107648,Yes
107649,No
107650,Yes
107651,Yes
107652,Yes
107653,Yes
107654,Yes
107655,No
107656,No
107657,Yes
107658,No
107659,Yes
107660,Yes
107661,Yes
107662,No
107663,No
107664,Yes
107665,Yes
107666,Yes
107667,Yes
107668,Yes
107669,Yes
107670,Yes
107671,Yes
107672,No
107673,Yes
107674,Yes
107675,No
107676,No
107677,No
107678,Yes
107679,No
107680,Yes
107681,Yes
107682,No
107683,No
107684,Yes
107685,Yes
107686,Yes
107687,Yes
107688,No
107689,No
107690,No
107691,Yes
107692,No
107693,Yes
107694,Yes
107695,No
107696,Yes
107697,Yes
107698,No
107699,No
107700,No
107701,Yes
107702,No
107703,No
107704,Yes
107705,No
107706,No
107707,Yes
107708,No
107709,Yes
107710,No
107711,Yes
107712,Yes
107713,No
107714,No
107715,No
107716,Yes
107717,Yes
107718,Yes
107719,Yes
107720,Yes
107721,Yes
107722,No
107723,No
107724,Yes
107725,No
107726,No
107727,Yes
107728,No
107729,No
107730,No
107731,No
107732,Yes
107733,No
107734,Yes
107735,Yes
107736,Yes
107737,No
107738,Yes
107739,Yes
107740,Yes
107741,Yes
107742,Yes
107743,Yes
107744,Yes
107745,No
107746,No
107747,No
107748,Yes
107749,Yes
107750,Yes
107751,No
107752,No
107753,Yes
107754,Yes
107755,Yes
107756,Yes
107757,Yes
107758,Yes
107759,Yes
107760,Yes
107761,Yes
107762,Yes
107763,Yes
107764,No
107765,Yes
107766,No
107767,No
107768,Yes
107769,Yes
107770,No
107771,Yes
107772,No
107773,No
107774,No
107775,Yes
107776,No
107777,No
107778,No
107779,Yes
107780,Yes
107781,Yes
107782,Yes
107783,No
107784,Yes
107785,Yes
107786,Yes
107787,No
107788,Yes
107789,No
107790,No
107791,Yes
107792,No
107793,No
107794,No
107795,No
107796,No
107797,Yes
107798,Yes
107799,Yes
107800,Yes
107801,Yes
107802,No
107803,No
107804,No
107805,No
107806,No
107807,Yes
107808,No
107809,Yes
107810,No
107811,No
107812,No
107813,Yes
107814,No
107815,No
107816,Yes
107817,Yes
107818,No
107819,Yes
107820,No
107821,No
107822,Yes
107823,No
107824,Yes
107825,No
107826,Yes
107827,No
107828,No
107829,No
107830,No
107831,No
107832,Yes
107833,Yes
107834,No
107835,No
107836,Yes
107837,No
107838,Yes
107839,Yes
107840,Yes
107841,No
107842,Yes
107843,Yes
107844,Yes
107845,Yes
107846,No
107847,No
107848,Yes
107849,Yes
107850,Yes
107851,Yes
107852,No
107853,No
107854,No
107855,No
107856,No
107857,Yes
107858,No
107859,Yes
107860,No
107861,No
107862,Yes
107863,No
107864,Yes
107865,Yes
107866,Yes
107867,No
107868,Yes
107869,No
107870,Yes
107871,Yes
107872,Yes
107873,Yes
107874,Yes
107875,No
107876,No
107877,No
107878,No
107879,Yes
107880,Yes
107881,No
107882,No
107883,Yes
107884,Yes
107885,Yes
107886,Yes
107887,No
107888,Yes
107889,Yes
107890,No
107891,Yes
107892,Yes
107893,No
107894,No
107895,Yes
107896,No
107897,Yes
107898,Yes
107899,No
107900,Yes
107901,No
107902,No
107903,Yes
107904,Yes
107905,Yes
107906,No
107907,Yes
107908,No
107909,Yes
107910,No
107911,Yes
107912,No
107913,Yes
107914,No
107915,Yes
107916,No
107917,Yes
107918,Yes
107919,No
107920,No
107921,No
107922,Yes
107923,No
107924,Yes
107925,No
107926,No
107927,No
107928,No
107929,No
107930,Yes
107931,Yes
107932,No
107933,Yes
107934,Yes
107935,No
107936,No
107937,No
107938,No
107939,Yes
107940,Yes
107941,Yes
107942,Yes
107943,No
107944,No
107945,No
107946,Yes
107947,Yes
107948,Yes
107949,Yes
107950,No
107951,No
107952,Yes
107953,Yes
107954,Yes
107955,Yes
107956,No
107957,Yes
107958,Yes
107959,Yes
107960,Yes
107961,Yes
107962,Yes
107963,Yes
107964,Yes
107965,Yes
107966,Yes
107967,Yes
107968,Yes
107969,Yes
107970,Yes
107971,No
107972,No
107973,No
107974,Yes
107975,Yes
107976,Yes
107977,Yes
107978,Yes
107979,Yes
107980,Yes
107981,Yes
107982,Yes
107983,Yes
107984,No
107985,No
107986,Yes
107987,No
107988,No
107989,No
107990,No
107991,No
107992,Yes
107993,Yes
107994,No
107995,Yes
107996,No
107997,No
107998,Yes
107999,Yes
108000,Yes
108001,No
108002,Yes
108003,Yes
108004,Yes
108005,Yes
108006,Yes
108007,No
108008,Yes
108009,No
108010,No
108011,No
108012,Yes
108013,Yes
108014,Yes
108015,Yes
108016,Yes
108017,No
108018,Yes
108019,Yes
108020,No
108021,No
108022,No
108023,No
108024,Yes
108025,No
108026,No
108027,Yes
108028,No
108029,No
108030,Yes
108031,No
108032,Yes
108033,Yes
108034,Yes
108035,Yes
108036,No
108037,Yes
108038,No
108039,Yes
108040,Yes
108041,Yes
108042,No
108043,Yes
108044,No
108045,Yes
108046,Yes
108047,No
108048,Yes
108049,Yes
108050,No
108051,Yes
108052,Yes
108053,No
108054,Yes
108055,Yes
108056,No
108057,Yes
108058,No
108059,Yes
108060,Yes
108061,Yes
108062,Yes
108063,Yes
108064,Yes
108065,No
108066,Yes
108067,No
108068,Yes
108069,Yes
108070,Yes
108071,Yes
108072,No
108073,No
108074,No
108075,No
108076,Yes
108077,No
108078,Yes
108079,Yes
108080,Yes
108081,Yes
108082,Yes
108083,Yes
108084,Yes
108085,No
108086,Yes
108087,Yes
108088,Yes
108089,Yes
108090,Yes
108091,Yes
108092,No
108093,Yes
108094,No
108095,Yes
108096,No
108097,Yes
108098,Yes
108099,Yes
108100,Yes
108101,No
108102,Yes
108103,No
108104,No
108105,No
108106,Yes
108107,Yes
108108,Yes
108109,No
108110,No
108111,Yes
108112,Yes
108113,No
108114,No
108115,Yes
108116,Yes
108117,Yes
108118,No
108119,No
108120,Yes
108121,Yes
108122,Yes
108123,No
108124,No
108125,Yes
108126,Yes
108127,Yes
108128,Yes
108129,No
108130,Yes
108131,Yes
108132,Yes
108133,Yes
108134,Yes
108135,Yes
108136,No
108137,Yes
108138,Yes
108139,Yes
108140,Yes
108141,No
108142,No
108143,No
108144,Yes
108145,No
108146,No
108147,No
108148,Yes
108149,No
108150,Yes
108151,Yes
108152,Yes
108153,Yes
108154,No
108155,No
108156,No
108157,Yes
108158,No
108159,No
108160,No
108161,Yes
108162,Yes
108163,Yes
108164,Yes
108165,No
108166,No
108167,Yes
108168,No
108169,Yes
108170,Yes
108171,Yes
108172,Yes
108173,No
108174,Yes
108175,Yes
108176,Yes
108177,Yes
108178,No
108179,Yes
108180,Yes
108181,No
108182,No
108183,No
108184,No
108185,Yes
108186,No
108187,Yes
108188,Yes
108189,Yes
108190,Yes
108191,Yes
108192,Yes
108193,No
108194,Yes
108195,No
108196,Yes
108197,No
108198,No
108199,Yes
108200,Yes
108201,Yes
108202,Yes
108203,Yes
108204,Yes
108205,Yes
108206,Yes
108207,Yes
108208,Yes
108209,No
108210,Yes
108211,Yes
108212,Yes
108213,No
108214,Yes
108215,Yes
108216,Yes
108217,Yes
108218,Yes
108219,No
108220,No
108221,Yes
108222,Yes
108223,No
108224,No
108225,Yes
108226,No
108227,No
108228,Yes
108229,No
108230,No
108231,No
108232,No
108233,Yes
108234,Yes
108235,No
108236,No
108237,Yes
108238,Yes
108239,No
108240,Yes
108241,Yes
108242,Yes
108243,Yes
108244,No
108245,No
108246,Yes
108247,No
108248,Yes
108249,Yes
108250,Yes
108251,No
108252,Yes
108253,Yes
108254,No
108255,Yes
108256,No
108257,Yes
108258,No
108259,No
108260,No
108261,No
108262,Yes
108263,Yes
108264,Yes
108265,Yes
108266,Yes
108267,No
108268,Yes
108269,Yes
108270,Yes
108271,No
108272,Yes
108273,No
108274,No
108275,No
108276,No
108277,Yes
108278,No
108279,Yes
108280,Yes
108281,Yes
108282,Yes
108283,Yes
108284,Yes
108285,Yes
108286,No
108287,Yes
108288,No
108289,Yes
108290,No
108291,Yes
108292,No
108293,Yes
108294,Yes
108295,Yes
108296,No
108297,Yes
108298,Yes
108299,Yes
108300,Yes
108301,No
108302,No
108303,No
108304,No
108305,No
108306,No
108307,No
108308,Yes
108309,Yes
108310,No
108311,Yes
108312,No
108313,No
108314,Yes
108315,No
108316,Yes
108317,No
108318,No
108319,No
108320,Yes
108321,Yes
108322,No
108323,Yes
108324,Yes
108325,Yes
108326,No
108327,Yes
108328,Yes
108329,Yes
108330,Yes
108331,No
108332,No
108333,Yes
108334,No
108335,No
108336,Yes
108337,Yes
108338,Yes
108339,No
108340,Yes
108341,Yes
108342,No
108343,No
108344,Yes
108345,Yes
108346,Yes
108347,No
108348,Yes
108349,Yes
108350,Yes
108351,No
108352,Yes
108353,No
108354,No
108355,No
108356,Yes
108357,Yes
108358,Yes
108359,Yes
108360,Yes
108361,Yes
108362,Yes
108363,Yes
108364,Yes
108365,Yes
108366,No
108367,No
108368,Yes
108369,No
108370,Yes
108371,Yes
108372,Yes
108373,Yes
108374,Yes
108375,Yes
108376,Yes
108377,No
108378,Yes
108379,No
108380,No
108381,Yes
108382,Yes
108383,No
108384,Yes
108385,Yes
108386,No
108387,Yes
108388,No
108389,No
108390,No
108391,No
108392,Yes
108393,Yes
108394,Yes
108395,No
108396,Yes
108397,No
108398,Yes
108399,Yes
108400,Yes
108401,Yes
108402,Yes
108403,Yes
108404,Yes
108405,Yes
108406,Yes
108407,Yes
108408,Yes
108409,No
108410,Yes
108411,Yes
108412,Yes
108413,No
108414,Yes
108415,Yes
108416,Yes
108417,Yes
108418,Yes
108419,No
108420,Yes
108421,Yes
108422,Yes
108423,No
108424,Yes
108425,No
108426,No
108427,Yes
108428,No
108429,No
108430,No
108431,Yes
108432,No
108433,Yes
108434,No
108435,No
108436,Yes
108437,Yes
108438,No
108439,Yes
108440,No
108441,Yes
108442,No
108443,Yes
108444,No
108445,Yes
108446,No
108447,Yes
108448,No
108449,No
108450,Yes
108451,No
108452,Yes
108453,No
108454,No
108455,No
108456,No
108457,No
108458,No
108459,Yes
108460,No
108461,Yes
108462,No
108463,Yes
108464,No
108465,Yes
108466,Yes
108467,No
108468,No
108469,No
108470,No
108471,Yes
108472,No
108473,Yes
108474,Yes
108475,Yes
108476,Yes
108477,No
108478,Yes
108479,Yes
108480,No
108481,No
108482,Yes
108483,Yes
108484,Yes
108485,No
108486,Yes
108487,No
108488,No
108489,No
108490,No
108491,Yes
108492,Yes
108493,Yes
108494,No
108495,Yes
108496,No
108497,Yes
108498,Yes
108499,Yes
108500,Yes
108501,Yes
108502,Yes
108503,No
108504,No
108505,No
108506,No
108507,No
108508,No
108509,Yes
108510,Yes
108511,Yes
108512,Yes
108513,No
108514,Yes
108515,Yes
108516,Yes
108517,No
108518,Yes
108519,Yes
108520,Yes
108521,No
108522,No
108523,Yes
108524,Yes
108525,Yes
108526,No
108527,No
108528,No
108529,No
108530,No
108531,Yes
108532,No
108533,No
108534,Yes
108535,No
108536,Yes
108537,Yes
108538,Yes
108539,No
108540,Yes
108541,Yes
108542,No
108543,Yes
108544,Yes
108545,Yes
108546,Yes
108547,Yes
108548,No
108549,Yes
108550,No
108551,No
108552,Yes
108553,No
108554,Yes
108555,Yes
108556,Yes
108557,No
108558,No
108559,No
108560,Yes
108561,No
108562,No
108563,No
108564,No
108565,Yes
108566,Yes
108567,Yes
108568,No
108569,Yes
108570,No
108571,No
108572,Yes
108573,No
108574,Yes
108575,Yes
108576,Yes
108577,No
108578,No
108579,No
108580,Yes
108581,Yes
108582,Yes
108583,No
108584,No
108585,Yes
108586,Yes
108587,Yes
108588,No
108589,No
108590,No
108591,No
108592,Yes
108593,No
108594,No
108595,Yes
108596,Yes
108597,No
108598,Yes
108599,Yes
108600,No
108601,Yes
108602,Yes
108603,Yes
108604,No
108605,No
108606,Yes
108607,Yes
108608,No
108609,No
108610,No
108611,No
108612,Yes
108613,Yes
108614,Yes
108615,Yes
108616,No
108617,Yes
108618,Yes
108619,Yes
108620,Yes
108621,No
108622,No
108623,No
108624,No
108625,Yes
108626,No
108627,Yes
108628,No
108629,No
108630,Yes
108631,Yes
108632,No
108633,No
108634,No
108635,No
108636,Yes
108637,No
108638,Yes
108639,No
108640,No
108641,No
108642,Yes
108643,Yes
108644,No
108645,No
108646,Yes
108647,No
108648,Yes
108649,No
108650,Yes
108651,Yes
108652,Yes
108653,Yes
108654,No
108655,No
108656,Yes
108657,Yes
108658,Yes
108659,No
108660,No
108661,Yes
108662,No
108663,Yes
108664,Yes
108665,Yes
108666,No
108667,Yes
108668,No
108669,No
108670,Yes
108671,Yes
108672,Yes
108673,Yes
108674,No
108675,No
108676,Yes
108677,No
108678,No
108679,Yes
108680,Yes
108681,Yes
108682,No
108683,Yes
108684,No
108685,Yes
108686,No
108687,No
108688,Yes
108689,Yes
108690,No
108691,Yes
108692,Yes
108693,Yes
108694,Yes
108695,No
108696,Yes
108697,No
108698,No
108699,Yes
108700,Yes
108701,Yes
108702,No
108703,No
108704,No
108705,No
108706,No
108707,Yes
108708,Yes
108709,No
108710,Yes
108711,No
108712,No
108713,Yes
108714,No
108715,Yes
108716,Yes
108717,No
108718,No
108719,Yes
108720,Yes
108721,No
108722,No
108723,Yes
108724,No
108725,Yes
108726,Yes
108727,Yes
108728,Yes
108729,No
108730,Yes
108731,No
108732,No
108733,Yes
108734,No
108735,No
108736,Yes
108737,No
108738,Yes
108739,Yes
108740,No
108741,Yes
108742,No
108743,Yes
108744,No
108745,No
108746,Yes
108747,No
108748,Yes
108749,No
108750,Yes
108751,Yes
108752,Yes
108753,Yes
108754,No
108755,Yes
108756,No
108757,No
108758,No
108759,No
108760,Yes
108761,No
108762,Yes
108763,Yes
108764,Yes
108765,No
108766,No
108767,No
108768,No
108769,Yes
108770,No
108771,Yes
108772,Yes
108773,Yes
108774,No
108775,No
108776,Yes
108777,No
108778,No
108779,Yes
108780,Yes
108781,No
108782,Yes
108783,No
108784,Yes
108785,No
108786,Yes
108787,Yes
108788,Yes
108789,Yes
108790,No
108791,Yes
108792,Yes
108793,No
108794,Yes
108795,No
108796,Yes
108797,Yes
108798,Yes
108799,No
108800,Yes
108801,Yes
108802,No
108803,Yes
108804,No
108805,Yes
108806,No
108807,No
108808,Yes
108809,Yes
108810,Yes
108811,Yes
108812,Yes
108813,Yes
108814,Yes
108815,Yes
108816,Yes
108817,Yes
108818,Yes
108819,Yes
108820,No
108821,Yes
108822,No
108823,No
108824,Yes
108825,No
108826,Yes
108827,No
108828,Yes
108829,No
108830,Yes
108831,No
108832,No
108833,Yes
108834,No
108835,No
108836,No
108837,No
108838,Yes
108839,No
108840,Yes
108841,Yes
108842,Yes
108843,Yes
108844,Yes
108845,No
108846,No
108847,Yes
108848,Yes
108849,No
108850,Yes
108851,No
108852,Yes
108853,Yes
108854,No
108855,Yes
108856,No
108857,Yes
108858,No
108859,Yes
108860,Yes
108861,No
108862,Yes
108863,Yes
108864,Yes
108865,Yes
108866,Yes
108867,No
108868,No
108869,Yes
108870,No
108871,Yes
108872,No
108873,Yes
108874,No
108875,No
108876,Yes
108877,Yes
108878,No
108879,No
108880,Yes
108881,No
108882,Yes
108883,No
108884,Yes
108885,Yes
108886,No
108887,Yes
108888,Yes
108889,No
108890,No
108891,Yes
108892,No
108893,Yes
108894,Yes
108895,Yes
108896,Yes
108897,Yes
108898,Yes
108899,No
108900,No
108901,Yes
108902,Yes
108903,Yes
108904,Yes
108905,Yes
108906,No
108907,No
108908,Yes
108909,Yes
108910,No
108911,No
108912,Yes
108913,Yes
108914,No
108915,No
108916,Yes
108917,No
108918,No
108919,No
108920,Yes
108921,Yes
108922,Yes
108923,Yes
108924,No
108925,Yes
108926,Yes
108927,Yes
108928,Yes
108929,No
108930,Yes
108931,Yes
108932,No
108933,Yes
108934,No
108935,Yes
108936,No
108937,Yes
108938,No
108939,Yes
108940,No
108941,Yes
108942,No
108943,No
108944,Yes
108945,Yes
108946,Yes
108947,Yes
108948,Yes
108949,No
108950,Yes
108951,Yes
108952,No
108953,Yes
108954,Yes
108955,No
108956,No
108957,Yes
108958,Yes
108959,No
108960,Yes
108961,Yes
108962,Yes
108963,Yes
108964,No
108965,No
108966,No
108967,No
108968,No
108969,No
108970,No
108971,Yes
108972,Yes
108973,No
108974,No
108975,Yes
108976,Yes
108977,Yes
108978,Yes
108979,No
108980,Yes
108981,No
108982,Yes
108983,Yes
108984,Yes
108985,No
108986,Yes
108987,No
108988,No
108989,No
108990,Yes
108991,Yes
108992,No
108993,Yes
108994,Yes
108995,Yes
108996,No
108997,Yes
108998,Yes
108999,Yes
109000,Yes
109001,No
109002,Yes
109003,Yes
109004,Yes
109005,No
109006,Yes
109007,Yes
109008,Yes
109009,No
109010,No
109011,Yes
109012,No
109013,Yes
109014,Yes
109015,Yes
109016,Yes
109017,No
109018,Yes
109019,Yes
109020,No
109021,Yes
109022,Yes
109023,Yes
109024,Yes
109025,Yes
109026,Yes
109027,Yes
109028,Yes
109029,No
109030,No
109031,No
109032,Yes
109033,No
109034,No
109035,No
109036,No
109037,No
109038,Yes
109039,No
109040,Yes
109041,Yes
109042,Yes
109043,Yes
109044,Yes
109045,Yes
109046,No
109047,Yes
109048,No
109049,No
109050,No
109051,Yes
109052,Yes
109053,Yes
109054,No
109055,Yes
109056,No
109057,Yes
109058,No
109059,Yes
109060,Yes
109061,Yes
109062,Yes
109063,Yes
109064,No
109065,Yes
109066,No
109067,No
109068,No
109069,No
109070,No
109071,No
109072,No
109073,No
109074,No
109075,No
109076,No
109077,Yes
109078,Yes
109079,Yes
109080,No
109081,Yes
109082,Yes
109083,Yes
109084,Yes
109085,Yes
109086,No
109087,No
109088,No
109089,No
109090,Yes
109091,Yes
109092,Yes
109093,No
109094,Yes
109095,Yes
109096,No
109097,No
109098,Yes
109099,Yes
109100,Yes
109101,Yes
109102,No
109103,Yes
109104,No
109105,Yes
109106,No
109107,No
109108,No
109109,Yes
109110,Yes
109111,No
109112,Yes
109113,No
109114,Yes
109115,No
109116,Yes
109117,No
109118,Yes
109119,Yes
109120,No
109121,Yes
109122,No
109123,No
109124,Yes
109125,Yes
109126,No
109127,Yes
109128,Yes
109129,Yes
109130,No
109131,No
109132,Yes
109133,No
109134,Yes
109135,No
109136,Yes
109137,Yes
109138,No
109139,Yes
109140,Yes
109141,No
109142,Yes
109143,Yes
109144,Yes
109145,Yes
109146,Yes
109147,Yes
109148,No
109149,Yes
109150,Yes
109151,Yes
109152,No
109153,No
109154,Yes
109155,No
109156,Yes
109157,No
109158,Yes
109159,No
109160,Yes
109161,No
109162,Yes
109163,Yes
109164,No
109165,Yes
109166,Yes
109167,No
109168,Yes
109169,No
109170,Yes
109171,Yes
109172,No
109173,Yes
109174,Yes
109175,No
109176,Yes
109177,No
109178,No
109179,Yes
109180,Yes
109181,Yes
109182,No
109183,No
109184,Yes
109185,Yes
109186,No
109187,No
109188,No
109189,Yes
109190,Yes
109191,Yes
109192,No
109193,Yes
109194,Yes
109195,No
109196,Yes
109197,Yes
109198,Yes
109199,Yes
109200,Yes
109201,Yes
109202,No
109203,Yes
109204,No
109205,Yes
109206,Yes
109207,Yes
109208,Yes
109209,Yes
109210,No
109211,No
109212,Yes
109213,No
109214,No
109215,No
109216,Yes
109217,No
109218,No
109219,Yes
109220,Yes
109221,Yes
109222,Yes
109223,No
109224,Yes
109225,Yes
109226,Yes
109227,No
109228,Yes
109229,Yes
109230,No
109231,Yes
109232,Yes
109233,Yes
109234,No
109235,No
109236,Yes
109237,No
109238,No
109239,Yes
109240,Yes
109241,Yes
109242,Yes
109243,Yes
109244,Yes
109245,Yes
109246,No
109247,No
109248,Yes
109249,Yes
109250,No
109251,Yes
109252,No
109253,Yes
109254,Yes
109255,Yes
109256,Yes
109257,No
109258,Yes
109259,Yes
109260,Yes
109261,Yes
109262,Yes
109263,No
109264,Yes
109265,No
109266,Yes
109267,No
109268,No
109269,Yes
109270,No
109271,Yes
109272,No
109273,No
109274,Yes
109275,Yes
109276,Yes
109277,No
109278,Yes
109279,Yes
109280,Yes
109281,Yes
109282,No
109283,Yes
109284,Yes
109285,No
109286,Yes
109287,Yes
109288,No
109289,Yes
109290,No
109291,No
109292,Yes
109293,No
109294,Yes
109295,No
109296,Yes
109297,No
109298,No
109299,No
109300,No
109301,Yes
109302,Yes
109303,Yes
109304,No
109305,Yes
109306,No
109307,Yes
109308,Yes
109309,Yes
109310,Yes
109311,No
109312,Yes
109313,Yes
109314,Yes
109315,No
109316,Yes
109317,No
109318,Yes
109319,Yes
109320,Yes
109321,Yes
109322,No
109323,Yes
109324,Yes
109325,Yes
109326,No
109327,Yes
109328,Yes
109329,No
109330,Yes
109331,No
109332,Yes
109333,No
109334,Yes
109335,Yes
109336,Yes
109337,Yes
109338,Yes
109339,Yes
109340,No
109341,No
109342,No
109343,No
109344,No
109345,No
109346,No
109347,Yes
109348,Yes
109349,Yes
109350,Yes
109351,Yes
109352,No
109353,Yes
109354,No
109355,No
109356,Yes
109357,No
109358,No
109359,Yes
109360,No
109361,No
109362,No
109363,Yes
109364,No
109365,No
109366,Yes
109367,No
109368,Yes
109369,No
109370,No
109371,Yes
109372,Yes
109373,No
109374,Yes
109375,Yes
109376,Yes
109377,Yes
109378,Yes
109379,Yes
109380,Yes
109381,No
109382,No
109383,Yes
109384,Yes
109385,No
109386,No
109387,Yes
109388,Yes
109389,Yes
109390,No
109391,Yes
109392,Yes
109393,Yes
109394,Yes
109395,Yes
109396,Yes
109397,No
109398,Yes
109399,Yes
109400,No
109401,Yes
109402,Yes
109403,No
109404,No
109405,Yes
109406,Yes
109407,No
109408,No
109409,Yes
109410,Yes
109411,No
109412,Yes
109413,Yes
109414,Yes
109415,No
109416,No
109417,Yes
109418,Yes
109419,Yes
109420,No
109421,Yes
109422,Yes
109423,No
109424,Yes
109425,Yes
109426,Yes
109427,No
109428,No
109429,Yes
109430,No
109431,No
109432,Yes
109433,Yes
109434,No
109435,No
109436,Yes
109437,No
109438,Yes
109439,Yes
109440,Yes
109441,Yes
109442,No
109443,No
109444,Yes
109445,Yes
109446,Yes
109447,Yes
109448,Yes
109449,No
109450,No
109451,No
109452,No
109453,Yes
109454,No
109455,No
109456,No
109457,No
109458,Yes
109459,Yes
109460,Yes
109461,Yes
109462,Yes
109463,Yes
109464,Yes
109465,No
109466,No
109467,No
109468,No
109469,No
109470,No
109471,Yes
109472,Yes
109473,Yes
109474,No
109475,No
109476,Yes
109477,No
109478,Yes
109479,No
109480,No
109481,Yes
109482,Yes
109483,Yes
109484,No
109485,Yes
109486,Yes
109487,No
109488,No
109489,No
109490,Yes
109491,Yes
109492,No
109493,No
109494,No
109495,Yes
109496,No
109497,No
109498,No
109499,Yes
109500,Yes
109501,Yes
109502,Yes
109503,Yes
109504,Yes
109505,Yes
109506,No
109507,Yes
109508,Yes
109509,Yes
109510,Yes
109511,Yes
109512,Yes
109513,No
109514,Yes
109515,Yes
109516,Yes
109517,Yes
109518,No
109519,No
109520,No
109521,No
109522,No
109523,Yes
109524,No
109525,Yes
109526,Yes
109527,Yes
109528,Yes
109529,Yes
109530,Yes
109531,Yes
109532,No
109533,No
109534,No
109535,Yes
109536,Yes
109537,No
109538,Yes
109539,No
109540,Yes
109541,No
109542,Yes
109543,No
109544,Yes
109545,Yes
109546,No
109547,No
109548,Yes
109549,No
109550,No
109551,Yes
109552,Yes
109553,Yes
109554,Yes
109555,Yes
109556,Yes
109557,No
109558,No
109559,Yes
109560,Yes
109561,Yes
109562,No
109563,No
109564,Yes
109565,No
109566,Yes
109567,No
109568,No
109569,Yes
109570,Yes
109571,No
109572,Yes
109573,No
109574,Yes
109575,Yes
109576,Yes
109577,No
109578,Yes
109579,No
109580,No
109581,No
109582,Yes
109583,Yes
109584,Yes
109585,No
109586,Yes
109587,Yes
109588,Yes
109589,No
109590,Yes
109591,No
109592,Yes
109593,No
109594,No
109595,Yes
109596,Yes
109597,No
109598,No
109599,Yes
109600,No
109601,No
109602,Yes
109603,No
109604,Yes
109605,No
109606,Yes
109607,Yes
109608,No
109609,Yes
109610,No
109611,No
109612,No
109613,Yes
109614,No
109615,Yes
109616,Yes
109617,Yes
109618,Yes
109619,Yes
109620,Yes
109621,No
109622,No
109623,Yes
109624,No
109625,No
109626,Yes
109627,Yes
109628,Yes
109629,Yes
109630,No
109631,No
109632,No
109633,No
109634,Yes
109635,Yes
109636,No
109637,No
109638,Yes
109639,Yes
109640,Yes
109641,No
109642,No
109643,Yes
109644,No
109645,No
109646,No
109647,No
109648,Yes
109649,Yes
109650,No
109651,No
109652,Yes
109653,Yes
109654,Yes
109655,Yes
109656,Yes
109657,Yes
109658,Yes
109659,Yes
109660,Yes
109661,No
109662,Yes
109663,Yes
109664,Yes
109665,No
109666,Yes
109667,No
109668,No
109669,No
109670,No
109671,No
109672,Yes
109673,Yes
109674,No
109675,No
109676,No
109677,Yes
109678,No
109679,No
109680,Yes
109681,No
109682,Yes
109683,No
109684,No
109685,Yes
109686,Yes
109687,Yes
109688,No
109689,Yes
109690,Yes
109691,Yes
109692,Yes
109693,No
109694,Yes
109695,Yes
109696,Yes
109697,No
109698,Yes
109699,Yes
109700,No
109701,Yes
109702,Yes
109703,Yes
109704,Yes
109705,No
109706,No
109707,Yes
109708,Yes
109709,Yes
109710,No
109711,Yes
109712,Yes
109713,Yes
109714,No
109715,No
109716,Yes
109717,Yes
109718,No
109719,No
109720,Yes
109721,No
109722,No
109723,No
109724,No
109725,No
109726,Yes
109727,Yes
109728,Yes
109729,Yes
109730,No
109731,Yes
109732,No
109733,No
109734,Yes
109735,No
109736,No
109737,No
109738,No
109739,Yes
109740,No
109741,Yes
109742,Yes
109743,No
109744,Yes
109745,Yes
109746,Yes
109747,No
109748,Yes
109749,No
109750,No
109751,Yes
109752,No
109753,No
109754,No
109755,No
109756,Yes
109757,No
109758,Yes
109759,No
109760,No
109761,Yes
109762,No
109763,No
109764,Yes
109765,No
109766,Yes
109767,Yes
109768,Yes
109769,Yes
109770,Yes
109771,No
109772,No
109773,No
109774,Yes
109775,Yes
109776,Yes
109777,No
109778,No
109779,No
109780,Yes
109781,Yes
109782,Yes
109783,Yes
109784,Yes
109785,No
109786,Yes
109787,Yes
109788,Yes
109789,Yes
109790,No
109791,No
109792,Yes
109793,Yes
109794,No
109795,Yes
109796,Yes
109797,Yes
109798,No
109799,No
109800,Yes
109801,No
109802,No
109803,Yes
109804,Yes
109805,Yes
109806,No
109807,Yes
109808,No
109809,No
109810,Yes
109811,Yes
109812,Yes
109813,Yes
109814,Yes
109815,No
109816,Yes
109817,No
109818,Yes
109819,Yes
109820,Yes
109821,No
109822,Yes
109823,No
109824,Yes
109825,No
109826,No
109827,Yes
109828,Yes
109829,Yes
109830,Yes
109831,Yes
109832,No
109833,Yes
109834,No
109835,No
109836,Yes
109837,Yes
109838,Yes
109839,Yes
109840,No
109841,Yes
109842,Yes
109843,Yes
109844,Yes
109845,No
109846,Yes
109847,Yes
109848,Yes
109849,No
109850,No
109851,Yes
109852,Yes
109853,Yes
109854,No
109855,No
109856,No
109857,Yes
109858,Yes
109859,No
109860,No
109861,Yes
109862,Yes
109863,No
109864,No
109865,No
109866,Yes
109867,No
109868,No
109869,No
109870,No
109871,No
109872,No
109873,Yes
109874,No
109875,No
109876,No
109877,Yes
109878,No
109879,No
109880,No
109881,Yes
109882,Yes
109883,No
109884,Yes
109885,No
109886,No
109887,No
109888,Yes
109889,Yes
109890,Yes
109891,No
109892,No
109893,Yes
109894,Yes
109895,No
109896,Yes
109897,Yes
109898,No
109899,Yes
109900,Yes
109901,No
109902,No
109903,No
109904,Yes
109905,Yes
109906,No
109907,No
109908,Yes
109909,Yes
109910,No
109911,No
109912,Yes
109913,No
109914,Yes
109915,Yes
109916,Yes
109917,Yes
109918,No
109919,Yes
109920,No
109921,Yes
109922,No
109923,Yes
109924,Yes
109925,Yes
109926,Yes
109927,Yes
109928,Yes
109929,No
109930,Yes
109931,No
109932,No
109933,No
109934,Yes
109935,No
109936,No
109937,Yes
109938,Yes
109939,No
109940,Yes
109941,No
109942,No
109943,No
109944,No
109945,No
109946,Yes
109947,No
109948,No
109949,No
109950,Yes
109951,Yes
109952,No
109953,No
109954,No
109955,Yes
109956,Yes
109957,No
109958,No
109959,Yes
109960,No
109961,Yes
109962,Yes
109963,Yes
109964,No
109965,Yes
109966,Yes
109967,Yes
109968,Yes
109969,No
109970,Yes
109971,Yes
109972,No
109973,Yes
109974,Yes
109975,No
109976,No
109977,No
109978,No
109979,No
109980,No
109981,Yes
109982,Yes
109983,Yes
109984,Yes
109985,Yes
109986,Yes
109987,Yes
109988,No
109989,Yes
109990,No
109991,No
109992,Yes
109993,No
109994,Yes
109995,Yes
109996,Yes
109997,No
109998,No
109999,No
110000,Yes
110001,No
110002,Yes
110003,Yes
110004,No
110005,Yes
110006,No
110007,No
110008,No
110009,No
110010,Yes
110011,No
110012,No
110013,Yes
110014,No
110015,Yes
110016,Yes
110017,Yes
110018,No
110019,Yes
110020,No
110021,No
110022,No
110023,No
110024,No
110025,Yes
110026,No
110027,No
110028,No
110029,Yes
110030,Yes
110031,No
110032,No
110033,Yes
110034,Yes
110035,No
110036,Yes
110037,No
110038,No
110039,Yes
110040,Yes
110041,No
110042,No
110043,Yes
110044,Yes
110045,No
110046,Yes
110047,Yes
110048,No
110049,Yes
110050,Yes
110051,No
110052,No
110053,Yes
110054,Yes
110055,No
110056,Yes
110057,No
110058,Yes
110059,Yes
110060,Yes
110061,No
110062,Yes
110063,Yes
110064,Yes
110065,Yes
110066,Yes
110067,Yes
110068,No
110069,Yes
110070,Yes
110071,No
110072,Yes
110073,No
110074,Yes
110075,No
110076,Yes
110077,Yes
110078,Yes
110079,Yes
110080,Yes
110081,Yes
110082,Yes
110083,Yes
110084,No
110085,No
110086,No
110087,No
110088,No
110089,Yes
110090,Yes
110091,No
110092,Yes
110093,Yes
110094,No
110095,No
110096,Yes
110097,Yes
110098,No
110099,No
110100,No
110101,Yes
110102,Yes
110103,No
110104,Yes
110105,No
110106,No
110107,No
110108,Yes
110109,Yes
110110,No
110111,No
110112,No
110113,Yes
110114,Yes
110115,Yes
110116,No
110117,Yes
110118,Yes
110119,No
110120,Yes
110121,No
110122,Yes
110123,No
110124,No
110125,No
110126,No
110127,Yes
110128,No
110129,Yes
110130,No
110131,No
110132,Yes
110133,No
110134,No
110135,Yes
110136,No
110137,No
110138,No
110139,Yes
110140,No
110141,Yes
110142,Yes
110143,No
110144,Yes
110145,Yes
110146,No
110147,Yes
110148,Yes
110149,Yes
110150,Yes
110151,No
110152,Yes
110153,Yes
110154,No
110155,Yes
110156,No
110157,No
110158,No
110159,No
110160,Yes
110161,No
110162,Yes
110163,Yes
110164,Yes
110165,No
110166,Yes
110167,Yes
110168,No
110169,Yes
110170,Yes
110171,Yes
110172,No
110173,Yes
110174,No
110175,No
110176,Yes
110177,No
110178,Yes
110179,Yes
110180,Yes
110181,Yes
110182,No
110183,Yes
110184,Yes
110185,No
110186,Yes
110187,No
110188,Yes
110189,No
110190,Yes
110191,Yes
110192,Yes
110193,Yes
110194,No
110195,No
110196,Yes
110197,No
110198,No
110199,Yes
110200,No
110201,No
110202,No
110203,No
110204,Yes
110205,Yes
110206,Yes
110207,No
110208,Yes
110209,Yes
110210,No
110211,Yes
110212,No
110213,Yes
110214,No
110215,No
110216,Yes
110217,Yes
110218,No
110219,Yes
110220,Yes
110221,No
110222,Yes
110223,No
110224,Yes
110225,No
110226,No
110227,Yes
110228,No
110229,No
110230,Yes
110231,Yes
110232,No
110233,Yes
110234,Yes
110235,No
110236,No
110237,No
110238,Yes
110239,No
110240,No
110241,Yes
110242,No
110243,No
110244,Yes
110245,No
110246,Yes
110247,No
110248,No
110249,No
110250,Yes
110251,No
110252,No
110253,Yes
110254,No
110255,No
110256,Yes
110257,Yes
110258,No
110259,Yes
110260,No
110261,No
110262,No
110263,No
110264,Yes
110265,No
110266,Yes
110267,No
110268,Yes
110269,No
110270,No
110271,Yes
110272,Yes
110273,Yes
110274,No
110275,Yes
110276,No
110277,Yes
110278,Yes
110279,Yes
110280,No
110281,Yes
110282,No
110283,No
110284,Yes
110285,Yes
110286,No
110287,Yes
110288,No
110289,Yes
110290,Yes
110291,Yes
110292,No
110293,Yes
110294,Yes
110295,Yes
110296,Yes
110297,No
110298,No
110299,Yes
110300,Yes
110301,No
110302,No
110303,No
110304,Yes
110305,Yes
110306,No
110307,No
110308,No
110309,Yes
110310,Yes
110311,No
110312,Yes
110313,No
110314,Yes
110315,No
110316,Yes
110317,Yes
110318,Yes
110319,Yes
110320,No
110321,Yes
110322,Yes
110323,No
110324,No
110325,Yes
110326,Yes
110327,Yes
110328,Yes
110329,Yes
110330,No
110331,Yes
110332,No
110333,Yes
110334,No
110335,Yes
110336,Yes
110337,No
110338,Yes
110339,Yes
110340,Yes
110341,Yes
110342,Yes
110343,Yes
110344,No
110345,Yes
110346,No
110347,Yes
110348,Yes
110349,No
110350,No
110351,No
110352,Yes
110353,No
110354,Yes
110355,Yes
110356,No
110357,No
110358,No
110359,Yes
110360,Yes
110361,Yes
110362,No
110363,No
110364,Yes
110365,Yes
110366,No
110367,Yes
110368,No
110369,No
110370,Yes
110371,No
110372,No
110373,No
110374,No
110375,No
110376,No
110377,No
110378,Yes
110379,No
110380,Yes
110381,Yes
110382,Yes
110383,No
110384,No
110385,No
110386,No
110387,Yes
110388,No
110389,Yes
110390,Yes
110391,Yes
110392,Yes
110393,No
110394,No
110395,Yes
110396,Yes
110397,Yes
110398,Yes
110399,Yes
110400,No
110401,Yes
110402,Yes
110403,Yes
110404,Yes
110405,No
110406,Yes
110407,No
110408,Yes
110409,Yes
110410,No
110411,Yes
110412,No
110413,Yes
110414,No
110415,No
110416,Yes
110417,Yes
110418,No
110419,Yes
110420,Yes
110421,No
110422,Yes
110423,Yes
110424,No
110425,Yes
110426,Yes
110427,No
110428,Yes
110429,Yes
110430,No
110431,No
110432,Yes
110433,No
110434,No
110435,Yes
110436,Yes
110437,Yes
110438,No
110439,No
110440,Yes
110441,No
110442,No
110443,Yes
110444,No
110445,No
110446,Yes
110447,Yes
110448,Yes
110449,No
110450,Yes
110451,Yes
110452,Yes
110453,No
110454,No
110455,No
110456,Yes
110457,No
110458,No
110459,Yes
110460,No
110461,Yes
110462,Yes
110463,No
110464,No
110465,No
110466,No
110467,No
110468,No
110469,Yes
110470,No
110471,No
110472,No
110473,No
110474,No
110475,No
110476,No
110477,No
110478,Yes
110479,Yes
110480,Yes
110481,No
110482,No
110483,No
110484,No
110485,Yes
110486,No
110487,Yes
110488,Yes
110489,Yes
110490,No
110491,Yes
110492,Yes
110493,Yes
110494,No
110495,Yes
110496,Yes
110497,No
110498,Yes
110499,No
110500,No
110501,Yes
110502,Yes
110503,Yes
110504,Yes
110505,Yes
110506,Yes
110507,Yes
110508,No
110509,Yes
110510,No
110511,Yes
110512,Yes
110513,No
110514,No
110515,No
110516,Yes
110517,Yes
110518,No
110519,Yes
110520,Yes
110521,Yes
110522,No
110523,No
110524,No
110525,Yes
110526,No
110527,No
110528,Yes
110529,Yes
110530,Yes
110531,Yes
110532,No
110533,No
110534,Yes
110535,No
110536,Yes
110537,Yes
110538,Yes
110539,Yes
110540,No
110541,Yes
110542,No
110543,No
110544,Yes
110545,No
110546,Yes
110547,No
110548,Yes
110549,Yes
110550,Yes
110551,No
110552,Yes
110553,No
110554,No
110555,No
110556,Yes
110557,No
110558,No
110559,Yes
110560,Yes
110561,No
110562,Yes
110563,Yes
110564,Yes
110565,Yes
110566,No
110567,No
110568,Yes
110569,No
110570,Yes
110571,Yes
110572,Yes
110573,Yes
110574,Yes
110575,Yes
110576,Yes
110577,No
110578,No
110579,Yes
110580,Yes
110581,Yes
110582,No
110583,No
110584,Yes
110585,No
110586,Yes
110587,No
110588,Yes
110589,Yes
110590,Yes
110591,No
110592,No
110593,Yes
110594,Yes
110595,Yes
110596,Yes
110597,No
110598,Yes
110599,Yes
110600,No
110601,Yes
110602,No
110603,No
110604,No
110605,No
110606,No
110607,Yes
110608,No
110609,Yes
110610,Yes
110611,No
110612,Yes
110613,Yes
110614,Yes
110615,No
110616,Yes
110617,No
110618,Yes
110619,Yes
110620,No
110621,No
110622,No
110623,No
110624,Yes
110625,Yes
110626,No
110627,No
110628,Yes
110629,Yes
110630,No
110631,No
110632,No
110633,Yes
110634,No
110635,Yes
110636,Yes
110637,No
110638,Yes
110639,No
110640,Yes
110641,No
110642,No
110643,No
110644,No
110645,Yes
110646,No
110647,No
110648,Yes
110649,Yes
110650,No
110651,No
110652,Yes
110653,Yes
110654,No
110655,Yes
110656,No
110657,No
110658,Yes
110659,No
110660,Yes
110661,No
110662,Yes
110663,Yes
110664,Yes
110665,Yes
110666,No
110667,No
110668,Yes
110669,Yes
110670,Yes
110671,No
110672,Yes
110673,Yes
110674,No
110675,Yes
110676,Yes
110677,No
110678,Yes
110679,No
110680,No
110681,Yes
110682,No
110683,No
110684,Yes
110685,Yes
110686,No
110687,Yes
110688,Yes
110689,No
110690,Yes
110691,Yes
110692,Yes
110693,Yes
110694,Yes
110695,Yes
110696,No
110697,Yes
110698,Yes
110699,Yes
110700,Yes
110701,No
110702,No
110703,No
110704,Yes
110705,No
110706,Yes
110707,No
110708,No
110709,Yes
110710,Yes
110711,No
110712,No
110713,Yes
110714,No
110715,Yes
110716,No
110717,No
110718,No
110719,No
110720,No
110721,No
110722,No
110723,Yes
110724,Yes
110725,Yes
110726,Yes
110727,Yes
110728,Yes
110729,Yes
110730,Yes
110731,No
110732,Yes
110733,Yes
110734,Yes
110735,No
110736,No
110737,No
110738,No
110739,Yes
110740,Yes
110741,Yes
110742,No
110743,Yes
110744,No
110745,Yes
110746,Yes
110747,No
110748,No
110749,Yes
110750,Yes
110751,Yes
110752,No
110753,No
110754,Yes
110755,Yes
110756,No
110757,Yes
110758,Yes
110759,Yes
110760,No
110761,No
110762,Yes
110763,Yes
110764,Yes
110765,No
110766,No
110767,No
110768,Yes
110769,Yes
110770,Yes
110771,Yes
110772,Yes
110773,No
110774,Yes
110775,Yes
110776,No
110777,Yes
110778,No
110779,Yes
110780,No
110781,Yes
110782,No
110783,Yes
110784,No
110785,Yes
110786,No
110787,Yes
110788,No
110789,No
110790,No
110791,Yes
110792,No
110793,No
110794,Yes
110795,Yes
110796,Yes
110797,Yes
110798,No
110799,Yes
110800,Yes
110801,Yes
110802,Yes
110803,Yes
110804,Yes
110805,No
110806,No
110807,No
110808,No
110809,Yes
110810,No
110811,No
110812,No
110813,Yes
110814,No
110815,Yes
110816,Yes
110817,No
110818,Yes
110819,No
110820,Yes
110821,Yes
110822,Yes
110823,No
110824,Yes
110825,Yes
110826,Yes
110827,Yes
110828,No
110829,Yes
110830,Yes
110831,No
110832,No
110833,No
110834,No
110835,No
110836,Yes
110837,Yes
110838,No
110839,Yes
110840,Yes
110841,No
110842,No
110843,Yes
110844,Yes
110845,Yes
110846,Yes
110847,No
110848,Yes
110849,No
110850,Yes
110851,No
110852,Yes
110853,Yes
110854,Yes
110855,No
110856,No
110857,No
110858,Yes
110859,No
110860,Yes
110861,No
110862,No
110863,Yes
110864,Yes
110865,Yes
110866,Yes
110867,Yes
110868,Yes
110869,No
110870,No
110871,Yes
110872,Yes
110873,No
110874,Yes
110875,Yes
110876,Yes
110877,No
110878,No
110879,Yes
110880,Yes
110881,Yes
110882,Yes
110883,Yes
110884,Yes
110885,Yes
110886,Yes
110887,Yes
110888,Yes
110889,No
110890,Yes
110891,Yes
110892,No
110893,Yes
110894,Yes
110895,Yes
110896,Yes
110897,Yes
110898,Yes
110899,Yes
110900,No
110901,Yes
110902,No
110903,No
110904,Yes
110905,Yes
110906,No
110907,Yes
110908,No
110909,Yes
110910,Yes
110911,No
110912,Yes
110913,Yes
110914,Yes
110915,Yes
110916,Yes
110917,Yes
110918,Yes
110919,No
110920,Yes
110921,Yes
110922,No
110923,No
110924,Yes
110925,Yes
110926,No
110927,No
110928,No
110929,Yes
110930,Yes
110931,Yes
110932,Yes
110933,Yes
110934,Yes
110935,No
110936,Yes
110937,Yes
110938,No
110939,No
110940,Yes
110941,Yes
110942,Yes
110943,Yes
110944,No
110945,Yes
110946,Yes
110947,Yes
110948,Yes
110949,No
110950,Yes
110951,No
110952,Yes
110953,Yes
110954,No
110955,Yes
110956,Yes
110957,No
110958,No
110959,Yes
110960,No
110961,No
110962,Yes
110963,Yes
110964,Yes
110965,Yes
110966,Yes
110967,Yes
110968,Yes
110969,Yes
110970,Yes
110971,No
110972,No
110973,Yes
110974,No
110975,Yes
110976,No
110977,Yes
110978,No
110979,Yes
110980,Yes
110981,Yes
110982,Yes
110983,Yes
110984,Yes
110985,No
110986,No
110987,No
110988,No
110989,Yes
110990,Yes
110991,Yes
110992,Yes
110993,No
110994,Yes
110995,No
110996,Yes
110997,Yes
110998,No
110999,Yes
111000,Yes
111001,No
111002,No
111003,Yes
111004,No
111005,Yes
111006,Yes
111007,Yes
111008,No
111009,Yes
111010,Yes
111011,Yes
111012,Yes
111013,Yes
111014,Yes
111015,Yes
111016,Yes
111017,Yes
111018,No
111019,Yes
111020,Yes
111021,No
111022,Yes
111023,Yes
111024,No
111025,Yes
111026,No
111027,Yes
111028,No
111029,No
111030,Yes
111031,Yes
111032,Yes
111033,Yes
111034,Yes
111035,No
111036,No
111037,Yes
111038,No
111039,Yes
111040,Yes
111041,Yes
111042,Yes
111043,No
111044,Yes
111045,Yes
111046,Yes
111047,No
111048,No
111049,No
111050,No
111051,Yes
111052,Yes
111053,No
111054,Yes
111055,No
111056,Yes
111057,Yes
111058,Yes
111059,No
111060,No
111061,Yes
111062,Yes
111063,Yes
111064,Yes
111065,Yes
111066,No
111067,Yes
111068,No
111069,No
111070,Yes
111071,Yes
111072,No
111073,No
111074,No
111075,No
111076,Yes
111077,Yes
111078,Yes
111079,Yes
111080,Yes
111081,No
111082,No
111083,Yes
111084,No
111085,Yes
111086,Yes
111087,Yes
111088,No
111089,Yes
111090,No
111091,Yes
111092,Yes
111093,No
111094,Yes
111095,Yes
111096,No
111097,Yes
111098,No
111099,No
111100,No
111101,Yes
111102,Yes
111103,Yes
111104,Yes
111105,No
111106,Yes
111107,No
111108,No
111109,Yes
111110,No
111111,No
111112,No
111113,Yes
111114,No
111115,No
111116,Yes
111117,No
111118,No
111119,Yes
111120,No
111121,Yes
111122,No
111123,No
111124,Yes
111125,Yes
111126,No
111127,Yes
111128,Yes
111129,Yes
111130,No
111131,Yes
111132,Yes
111133,Yes
111134,No
111135,No
111136,No
111137,Yes
111138,Yes
111139,Yes
111140,No
111141,Yes
111142,No
111143,Yes
111144,Yes
111145,Yes
111146,Yes
111147,No
111148,No
111149,Yes
111150,Yes
111151,No
111152,No
111153,No
111154,Yes
111155,Yes
111156,Yes
111157,Yes
111158,No
111159,Yes
111160,Yes
111161,No
111162,Yes
111163,No
111164,No
111165,Yes
111166,Yes
111167,Yes
111168,No
111169,No
111170,Yes
111171,No
111172,Yes
111173,No
111174,Yes
111175,Yes
111176,No
111177,Yes
111178,Yes
111179,Yes
111180,Yes
111181,Yes
111182,No
111183,Yes
111184,No
111185,No
111186,Yes
111187,No
111188,Yes
111189,Yes
111190,No
111191,Yes
111192,No
111193,No
111194,Yes
111195,Yes
111196,Yes
111197,No
111198,No
111199,No
111200,Yes
111201,No
111202,No
111203,No
111204,No
111205,No
111206,Yes
111207,No
111208,Yes
111209,No
111210,Yes
111211,No
111212,Yes
111213,No
111214,No
111215,Yes
111216,No
111217,Yes
111218,Yes
111219,No
111220,Yes
111221,Yes
111222,No
111223,No
111224,No
111225,No
111226,No
111227,Yes
111228,Yes
111229,No
111230,No
111231,No
111232,Yes
111233,Yes
111234,Yes
111235,Yes
111236,No
111237,No
111238,Yes
111239,Yes
111240,No
111241,No
111242,Yes
111243,Yes
111244,No
111245,No
111246,Yes
111247,Yes
111248,Yes
111249,No
111250,No
111251,No
111252,Yes
111253,Yes
111254,Yes
111255,Yes
111256,No
111257,No
111258,No
111259,Yes
111260,Yes
111261,No
111262,No
111263,No
111264,Yes
111265,Yes
111266,Yes
111267,No
111268,No
111269,Yes
111270,No
111271,Yes
111272,Yes
111273,Yes
111274,Yes
111275,No
111276,No
111277,Yes
111278,Yes
111279,No
111280,Yes
111281,Yes
111282,No
111283,Yes
111284,Yes
111285,Yes
111286,Yes
111287,No
111288,Yes
111289,Yes
111290,Yes
111291,No
111292,Yes
111293,Yes
111294,No
111295,No
111296,No
111297,Yes
111298,Yes
111299,Yes
111300,Yes
111301,Yes
111302,No
111303,Yes
111304,No
111305,No
111306,Yes
111307,Yes
111308,No
111309,Yes
111310,Yes
111311,Yes
111312,No
111313,No
111314,No
111315,Yes
111316,Yes
111317,Yes
111318,Yes
111319,No
111320,No
111321,Yes
111322,No
111323,Yes
111324,Yes
111325,Yes
111326,Yes
111327,No
111328,Yes
111329,No
111330,No
111331,Yes
111332,Yes
111333,Yes
111334,Yes
111335,Yes
111336,Yes
111337,Yes
111338,No
111339,Yes
111340,Yes
111341,Yes
111342,Yes
111343,No
111344,Yes
111345,No
111346,Yes
111347,Yes
111348,Yes
111349,No
111350,Yes
111351,Yes
111352,No
111353,No
111354,Yes
111355,Yes
111356,Yes
111357,No
111358,No
111359,Yes
111360,Yes
111361,No
111362,Yes
111363,No
111364,Yes
111365,Yes
111366,No
111367,No
111368,Yes
111369,Yes
111370,Yes
111371,Yes
111372,No
111373,No
111374,No
111375,Yes
111376,Yes
111377,No
111378,No
111379,Yes
111380,Yes
111381,Yes
111382,Yes
111383,Yes
111384,Yes
111385,No
111386,No
111387,Yes
111388,No
111389,Yes
111390,Yes
111391,No
111392,No
111393,No
111394,Yes
111395,Yes
111396,Yes
111397,No
111398,No
111399,No
111400,Yes
111401,No
111402,No
111403,Yes
111404,No
111405,Yes
111406,Yes
111407,Yes
111408,Yes
111409,No
111410,Yes
111411,Yes
111412,Yes
111413,No
111414,No
111415,No
111416,No
111417,No
111418,No
111419,No
111420,Yes
111421,No
111422,Yes
111423,Yes
111424,No
111425,No
111426,Yes
111427,Yes
111428,No
111429,No
111430,No
111431,No
111432,No
111433,No
111434,Yes
111435,Yes
111436,No
111437,Yes
111438,Yes
111439,Yes
111440,Yes
111441,No
111442,No
111443,No
111444,Yes
111445,No
111446,Yes
111447,No
111448,No
111449,No
111450,No
111451,Yes
111452,Yes
111453,No
111454,Yes
111455,No
111456,No
111457,No
111458,No
111459,Yes
111460,Yes
111461,No
111462,No
111463,Yes
111464,Yes
111465,Yes
111466,Yes
111467,No
111468,Yes
111469,No
111470,No
111471,No
111472,Yes
111473,No
111474,Yes
111475,No
111476,Yes
111477,No
111478,No
111479,Yes
111480,Yes
111481,Yes
111482,Yes
111483,No
111484,No
111485,Yes
111486,No
111487,No
111488,Yes
111489,No
111490,No
111491,Yes
111492,No
111493,No
111494,Yes
111495,No
111496,No
111497,Yes
111498,Yes
111499,Yes
111500,No
111501,No
111502,Yes
111503,Yes
111504,Yes
111505,Yes
111506,Yes
111507,Yes
111508,Yes
111509,Yes
111510,Yes
111511,Yes
111512,Yes
111513,No
111514,No
111515,Yes
111516,No
111517,No
111518,Yes
111519,Yes
111520,No
111521,Yes
111522,Yes
111523,No
111524,Yes
111525,Yes
111526,Yes
111527,No
111528,Yes
111529,Yes
111530,Yes
111531,No
111532,Yes
111533,Yes
111534,Yes
111535,Yes
111536,Yes
111537,No
111538,No
111539,Yes
111540,Yes
111541,Yes
111542,No
111543,No
111544,Yes
111545,Yes
111546,Yes
111547,Yes
111548,No
111549,Yes
111550,No
111551,Yes
111552,No
111553,Yes
111554,No
111555,No
111556,Yes
111557,No
111558,No
111559,No
111560,No
111561,Yes
111562,Yes
111563,No
111564,No
111565,No
111566,No
111567,Yes
111568,No
111569,No
111570,No
111571,Yes
111572,Yes
111573,Yes
111574,No
111575,Yes
111576,Yes
111577,No
111578,Yes
111579,Yes
111580,No
111581,Yes
111582,Yes
111583,Yes
111584,Yes
111585,No
111586,No
111587,Yes
111588,Yes
111589,No
111590,Yes
111591,No
111592,No
111593,Yes
111594,Yes
111595,Yes
111596,Yes
111597,Yes
111598,No
111599,No
111600,Yes
111601,Yes
111602,Yes
111603,No
111604,No
111605,Yes
111606,Yes
111607,Yes
111608,No
111609,Yes
111610,No
111611,Yes
111612,Yes
111613,Yes
111614,Yes
111615,Yes
111616,No
111617,Yes
111618,Yes
111619,Yes
111620,Yes
111621,No
111622,No
111623,No
111624,Yes
111625,No
111626,No
111627,Yes
111628,No
111629,No
111630,No
111631,Yes
111632,No
111633,No
111634,Yes
111635,Yes
111636,No
111637,No
111638,No
111639,Yes
111640,Yes
111641,Yes
111642,No
111643,Yes
111644,Yes
111645,Yes
111646,Yes
111647,No
111648,Yes
111649,Yes
111650,Yes
111651,Yes
111652,Yes
111653,Yes
111654,Yes
111655,No
111656,No
111657,Yes
111658,No
111659,No
111660,No
111661,No
111662,Yes
111663,Yes
111664,Yes
111665,Yes
111666,No
111667,No
111668,No
111669,Yes
111670,No
111671,Yes
111672,Yes
111673,Yes
111674,No
111675,No
111676,Yes
111677,Yes
111678,No
111679,Yes
111680,Yes
111681,Yes
111682,Yes
111683,Yes
111684,Yes
111685,Yes
111686,No
111687,No
111688,No
111689,Yes
111690,No
111691,No
111692,Yes
111693,Yes
111694,No
111695,Yes
111696,No
111697,Yes
111698,Yes
111699,No
111700,No
111701,No
111702,Yes
111703,No
111704,Yes
111705,No
111706,Yes
111707,No
111708,Yes
111709,No
111710,No
111711,Yes
111712,Yes
111713,Yes
111714,Yes
111715,Yes
111716,No
111717,Yes
111718,Yes
111719,Yes
111720,Yes
111721,No
111722,No
111723,No
111724,No
111725,No
111726,Yes
111727,Yes
111728,Yes
111729,No
111730,No
111731,No
111732,Yes
111733,Yes
111734,Yes
111735,Yes
111736,No
111737,Yes
111738,No
111739,Yes
111740,Yes
111741,Yes
111742,No
111743,No
111744,Yes
111745,No
111746,No
111747,Yes
111748,No
111749,Yes
111750,No
111751,No
111752,Yes
111753,Yes
111754,Yes
111755,No
111756,Yes
111757,No
111758,Yes
111759,No
111760,No
111761,Yes
111762,Yes
111763,Yes
111764,Yes
111765,Yes
111766,Yes
111767,No
111768,No
111769,Yes
111770,Yes
111771,Yes
111772,No
111773,Yes
111774,Yes
111775,Yes
111776,Yes
111777,Yes
111778,No
111779,No
111780,No
111781,Yes
111782,Yes
111783,Yes
111784,Yes
111785,No
111786,No
111787,Yes
111788,Yes
111789,No
111790,Yes
111791,No
111792,Yes
111793,Yes
111794,No
111795,No
111796,Yes
111797,Yes
111798,No
111799,Yes
111800,Yes
111801,Yes
111802,No
111803,No
111804,Yes
111805,Yes
111806,No
111807,No
111808,No
111809,No
111810,Yes
111811,Yes
111812,No
111813,No
111814,Yes
111815,Yes
111816,No
111817,No
111818,Yes
111819,No
111820,Yes
111821,Yes
111822,No
111823,No
111824,Yes
111825,Yes
111826,No
111827,Yes
111828,Yes
111829,Yes
111830,Yes
111831,Yes
111832,Yes
111833,Yes
111834,Yes
111835,No
111836,Yes
111837,Yes
111838,Yes
111839,No
111840,Yes
111841,Yes
111842,Yes
111843,No
111844,Yes
111845,Yes
111846,No
111847,Yes
111848,No
111849,Yes
111850,No
111851,No
111852,No
111853,No
111854,No
111855,Yes
111856,Yes
111857,Yes
111858,Yes
111859,Yes
111860,No
111861,Yes
111862,No
111863,Yes
111864,No
111865,No
111866,No
111867,No
111868,No
111869,Yes
111870,Yes
111871,Yes
111872,Yes
111873,No
111874,No
111875,No
111876,No
111877,No
111878,No
111879,Yes
111880,No
111881,Yes
111882,No
111883,Yes
111884,No
111885,Yes
111886,Yes
111887,Yes
111888,Yes
111889,Yes
111890,No
111891,Yes
111892,Yes
111893,No
111894,Yes
111895,No
111896,Yes
111897,Yes
111898,Yes
111899,Yes
111900,No
111901,Yes
111902,No
111903,Yes
111904,Yes
111905,Yes
111906,Yes
111907,Yes
111908,Yes
111909,Yes
111910,Yes
111911,No
111912,No
111913,No
111914,No
111915,No
111916,Yes
111917,No
111918,No
111919,Yes
111920,No
111921,Yes
111922,Yes
111923,Yes
111924,Yes
111925,Yes
111926,No
111927,No
111928,Yes
111929,No
111930,Yes
111931,No
111932,Yes
111933,Yes
111934,Yes
111935,No
111936,No
111937,Yes
111938,No
111939,Yes
111940,No
111941,Yes
111942,Yes
111943,Yes
111944,Yes
111945,No
111946,Yes
111947,Yes
111948,No
111949,Yes
111950,Yes
111951,No
111952,Yes
111953,No
111954,No
111955,No
111956,Yes
111957,Yes
111958,No
111959,Yes
111960,Yes
111961,No
111962,No
111963,Yes
111964,No
111965,Yes
111966,Yes
111967,Yes
111968,Yes
111969,Yes
111970,No
111971,No
111972,Yes
111973,Yes
111974,No
111975,Yes
111976,No
111977,Yes
111978,No
111979,Yes
111980,Yes
111981,Yes
111982,No
111983,No
111984,Yes
111985,Yes
111986,Yes
111987,No
111988,Yes
111989,No
111990,Yes
111991,No
111992,No
111993,No
111994,No
111995,Yes
111996,Yes
111997,No
111998,Yes
111999,Yes
112000,Yes
112001,Yes
112002,Yes
112003,Yes
112004,Yes
112005,No
112006,Yes
112007,Yes
112008,Yes
112009,Yes
112010,Yes
112011,Yes
112012,No
112013,Yes
112014,No
112015,No
112016,Yes
112017,No
112018,Yes
112019,Yes
112020,Yes
112021,Yes
112022,Yes
112023,No
112024,Yes
112025,Yes
112026,Yes
112027,No
112028,Yes
112029,No
112030,No
112031,No
112032,Yes
112033,Yes
112034,Yes
112035,No
112036,Yes
112037,No
112038,No
112039,Yes
112040,Yes
112041,Yes
112042,Yes
112043,No
112044,No
112045,Yes
112046,No
112047,Yes
112048,Yes
112049,No
112050,Yes
112051,Yes
112052,No
112053,No
112054,No
112055,Yes
112056,Yes
112057,No
112058,Yes
112059,Yes
112060,No
112061,Yes
112062,Yes
112063,Yes
112064,No
112065,Yes
112066,Yes
112067,No
112068,Yes
112069,Yes
112070,Yes
112071,Yes
112072,No
112073,Yes
112074,No
112075,No
112076,Yes
112077,Yes
112078,Yes
112079,Yes
112080,Yes
112081,Yes
112082,No
112083,Yes
112084,No
112085,Yes
112086,Yes
112087,Yes
112088,Yes
112089,Yes
112090,Yes
112091,No
112092,No
112093,Yes
112094,Yes
112095,Yes
112096,Yes
112097,Yes
112098,Yes
112099,No
112100,No
112101,No
112102,No
112103,Yes
112104,Yes
112105,Yes
112106,No
112107,No
112108,No
112109,No
112110,Yes
112111,Yes
112112,Yes
112113,No
112114,Yes
112115,Yes
112116,Yes
112117,Yes
112118,No
112119,Yes
112120,Yes
112121,No
112122,No
112123,Yes
112124,No
112125,No
112126,Yes
112127,No
112128,Yes
112129,Yes
112130,No
112131,Yes
112132,No
112133,Yes
112134,Yes
112135,No
112136,Yes
112137,No
112138,Yes
112139,Yes
112140,Yes
112141,Yes
112142,No
112143,Yes
112144,Yes
112145,Yes
112146,Yes
112147,Yes
112148,No
112149,Yes
112150,No
112151,Yes
112152,Yes
112153,Yes
112154,Yes
112155,Yes
112156,No
112157,No
112158,No
112159,No
112160,Yes
112161,Yes
112162,No
112163,No
112164,Yes
112165,Yes
112166,Yes
112167,No
112168,Yes
112169,Yes
112170,Yes
112171,No
112172,Yes
112173,No
112174,Yes
112175,Yes
112176,Yes
112177,Yes
112178,No
112179,Yes
112180,Yes
112181,Yes
112182,Yes
112183,Yes
112184,No
112185,No
112186,Yes
112187,Yes
112188,No
112189,Yes
112190,No
112191,No
112192,Yes
112193,Yes
112194,No
112195,No
112196,Yes
112197,No
112198,No
112199,Yes
112200,No
112201,Yes
112202,No
112203,No
112204,No
112205,Yes
112206,Yes
112207,Yes
112208,Yes
112209,No
112210,No
112211,Yes
112212,No
112213,No
112214,Yes
112215,Yes
112216,Yes
112217,Yes
112218,No
112219,No
112220,Yes
112221,Yes
112222,No
112223,Yes
112224,Yes
112225,Yes
112226,No
112227,No
112228,No
112229,Yes
112230,Yes
112231,Yes
112232,Yes
112233,No
112234,Yes
112235,Yes
112236,Yes
112237,Yes
112238,No
112239,No
112240,No
112241,Yes
112242,No
112243,No
112244,No
112245,No
112246,No
112247,No
112248,Yes
112249,Yes
112250,Yes
112251,No
112252,Yes
112253,Yes
112254,No
112255,No
112256,No
112257,Yes
112258,Yes
112259,No
112260,Yes
112261,Yes
112262,Yes
112263,No
112264,No
112265,No
112266,Yes
112267,Yes
112268,Yes
112269,Yes
112270,Yes
112271,No
112272,Yes
112273,No
112274,No
112275,Yes
112276,No
112277,No
112278,Yes
112279,Yes
112280,No
112281,Yes
112282,Yes
112283,No
112284,Yes
112285,Yes
112286,Yes
112287,Yes
112288,Yes
112289,Yes
112290,Yes
112291,Yes
112292,No
112293,No
112294,No
112295,Yes
112296,Yes
112297,Yes
112298,No
112299,No
112300,Yes
112301,Yes
112302,No
112303,Yes
112304,No
112305,No
112306,No
112307,No
112308,No
112309,No
112310,No
112311,No
112312,Yes
112313,Yes
112314,No
112315,Yes
112316,Yes
112317,No
112318,No
112319,Yes
112320,Yes
112321,Yes
112322,Yes
112323,Yes
112324,No
112325,No
112326,Yes
112327,No
112328,No
112329,Yes
112330,No
112331,No
112332,Yes
112333,No
112334,Yes
112335,No
112336,Yes
112337,Yes
112338,No
112339,Yes
112340,Yes
112341,No
112342,No
112343,No
112344,No
112345,Yes
112346,Yes
112347,No
112348,No
112349,Yes
112350,Yes
112351,Yes
112352,Yes
112353,Yes
112354,No
112355,Yes
112356,Yes
112357,Yes
112358,No
112359,No
112360,No
112361,Yes
112362,No
112363,No
112364,Yes
112365,No
112366,No
112367,Yes
112368,Yes
112369,Yes
112370,Yes
112371,Yes
112372,Yes
112373,No
112374,Yes
112375,No
112376,Yes
112377,No
112378,No
112379,No
112380,Yes
112381,No
112382,Yes
112383,Yes
112384,No
112385,Yes
112386,Yes
112387,No
112388,Yes
112389,No
112390,Yes
112391,No
112392,Yes
112393,No
112394,Yes
112395,Yes
112396,Yes
112397,No
112398,Yes
112399,No
112400,Yes
112401,No
112402,No
112403,No
112404,Yes
112405,No
112406,Yes
112407,Yes
112408,Yes
112409,Yes
112410,Yes
112411,Yes
112412,No
112413,Yes
112414,Yes
112415,Yes
112416,No
112417,No
112418,No
112419,No
112420,Yes
112421,No
112422,No
112423,No
112424,Yes
112425,Yes
112426,Yes
112427,No
112428,Yes
112429,No
112430,No
112431,No
112432,Yes
112433,No
112434,No
112435,Yes
112436,Yes
112437,No
112438,Yes
112439,Yes
112440,Yes
112441,Yes
112442,No
112443,No
112444,No
112445,No
112446,Yes
112447,Yes
112448,Yes
112449,No
112450,No
112451,Yes
112452,No
112453,No
112454,No
112455,Yes
112456,Yes
112457,No
112458,Yes
112459,Yes
112460,Yes
112461,Yes
112462,Yes
112463,Yes
112464,Yes
112465,No
112466,No
112467,Yes
112468,Yes
112469,Yes
112470,Yes
112471,No
112472,No
112473,No
112474,Yes
112475,No
112476,No
112477,Yes
112478,Yes
112479,Yes
112480,No
112481,No
112482,Yes
112483,No
112484,No
112485,No
112486,Yes
112487,Yes
112488,Yes
112489,Yes
112490,Yes
112491,Yes
112492,No
112493,Yes
112494,No
112495,No
112496,No
112497,Yes
112498,No
112499,No
112500,Yes
112501,No
112502,No
112503,Yes
112504,Yes
112505,No
112506,Yes
112507,No
112508,Yes
112509,Yes
112510,Yes
112511,No
112512,No
112513,No
112514,Yes
112515,Yes
112516,Yes
112517,No
112518,Yes
112519,No
112520,Yes
112521,Yes
112522,Yes
112523,Yes
112524,Yes
112525,Yes
112526,Yes
112527,Yes
112528,No
112529,No
112530,No
112531,No
112532,Yes
112533,Yes
112534,Yes
112535,Yes
112536,Yes
112537,Yes
112538,Yes
112539,Yes
112540,Yes
112541,Yes
112542,Yes
112543,Yes
112544,Yes
112545,Yes
112546,Yes
112547,No
112548,No
112549,No
112550,Yes
112551,Yes
112552,Yes
112553,No
112554,Yes
112555,No
112556,Yes
112557,Yes
112558,Yes
112559,Yes
112560,Yes
112561,No
112562,Yes
112563,No
112564,No
112565,No
112566,No
112567,No
112568,Yes
112569,Yes
112570,Yes
112571,Yes
112572,Yes
112573,No
112574,No
112575,No
112576,No
112577,No
112578,Yes
112579,Yes
112580,Yes
112581,Yes
112582,No
112583,No
112584,Yes
112585,No
112586,No
112587,Yes
112588,Yes
112589,Yes
112590,Yes
112591,Yes
112592,No
112593,Yes
112594,No
112595,Yes
112596,Yes
112597,No
112598,Yes
112599,No
112600,Yes
112601,No
112602,Yes
112603,No
112604,No
112605,Yes
112606,No
112607,No
112608,Yes
112609,No
112610,No
112611,No
112612,Yes
112613,No
112614,Yes
112615,Yes
112616,Yes
112617,No
112618,Yes
112619,Yes
112620,No
112621,Yes
112622,Yes
112623,Yes
112624,Yes
112625,No
112626,Yes
112627,No
112628,Yes
112629,No
112630,No
112631,Yes
112632,Yes
112633,Yes
112634,No
112635,Yes
112636,Yes
112637,No
112638,Yes
112639,No
112640,Yes
112641,No
112642,Yes
112643,No
112644,No
112645,No
112646,No
112647,Yes
112648,No
112649,No
112650,No
112651,Yes
112652,No
112653,Yes
112654,No
112655,No
112656,No
112657,Yes
112658,Yes
112659,Yes
112660,Yes
112661,No
112662,Yes
112663,No
112664,No
112665,No
112666,Yes
112667,Yes
112668,Yes
112669,Yes
112670,Yes
112671,Yes
112672,No
112673,No
112674,No
112675,No
112676,Yes
112677,Yes
112678,Yes
112679,No
112680,No
112681,Yes
112682,Yes
112683,Yes
112684,Yes
112685,Yes
112686,Yes
112687,Yes
112688,Yes
112689,No
112690,Yes
112691,No
112692,No
112693,Yes
112694,No
112695,No
112696,No
112697,No
112698,No
112699,Yes
112700,No
112701,Yes
112702,No
112703,Yes
112704,No
112705,Yes
112706,Yes
112707,No
112708,Yes
112709,Yes
112710,Yes
112711,No
112712,Yes
112713,No
112714,Yes
112715,Yes
112716,No
112717,Yes
112718,Yes
112719,Yes
112720,No
112721,Yes
112722,No
112723,Yes
112724,Yes
112725,No
112726,Yes
112727,No
112728,No
112729,No
112730,No
112731,Yes
112732,Yes
112733,Yes
112734,No
112735,Yes
112736,No
112737,No
112738,Yes
112739,No
112740,No
112741,Yes
112742,Yes
112743,Yes
112744,Yes
112745,Yes
112746,Yes
112747,Yes
112748,Yes
112749,No
112750,Yes
112751,No
112752,Yes
112753,Yes
112754,Yes
112755,Yes
112756,No
112757,No
112758,Yes
112759,Yes
112760,Yes
112761,Yes
112762,No
112763,No
112764,Yes
112765,No
112766,No
112767,No
112768,Yes
112769,No
112770,Yes
112771,Yes
112772,No
112773,Yes
112774,Yes
112775,Yes
112776,No
112777,Yes
112778,No
112779,Yes
112780,Yes
112781,Yes
112782,Yes
112783,Yes
112784,No
112785,No
112786,Yes
112787,Yes
112788,Yes
112789,No
112790,No
112791,Yes
112792,No
112793,No
112794,Yes
112795,Yes
112796,Yes
112797,Yes
112798,Yes
112799,Yes
112800,No
112801,No
112802,No
112803,Yes
112804,Yes
112805,No
112806,Yes
112807,Yes
112808,Yes
112809,Yes
112810,Yes
112811,Yes
112812,Yes
112813,Yes
112814,Yes
112815,Yes
112816,No
112817,No
112818,No
112819,Yes
112820,Yes
112821,No
112822,No
112823,Yes
112824,Yes
112825,Yes
112826,No
112827,Yes
112828,Yes
112829,Yes
112830,Yes
112831,Yes
112832,Yes
112833,No
112834,Yes
112835,Yes
112836,Yes
112837,No
112838,Yes
112839,No
112840,No
112841,No
112842,No
112843,No
112844,Yes
112845,No
112846,Yes
112847,Yes
112848,No
112849,No
112850,Yes
112851,Yes
112852,No
112853,Yes
112854,Yes
112855,Yes
112856,Yes
112857,Yes
112858,Yes
112859,No
112860,No
112861,Yes
112862,No
112863,No
112864,No
112865,No
112866,Yes
112867,Yes
112868,Yes
112869,Yes
112870,No
112871,No
112872,No
112873,Yes
112874,Yes
112875,Yes
112876,No
112877,Yes
112878,No
112879,Yes
112880,Yes
112881,No
112882,No
112883,No
112884,No
112885,Yes
112886,No
112887,Yes
112888,Yes
112889,Yes
112890,No
112891,Yes
112892,Yes
112893,Yes
112894,No
112895,No
112896,No
112897,No
112898,No
112899,No
112900,No
112901,Yes
112902,Yes
112903,No
112904,Yes
112905,No
112906,Yes
112907,No
112908,Yes
112909,Yes
112910,No
112911,No
112912,No
112913,Yes
112914,No
112915,Yes
112916,Yes
112917,Yes
112918,No
112919,Yes
112920,No
112921,Yes
112922,Yes
112923,No
112924,No
112925,No
112926,No
112927,No
112928,No
112929,Yes
112930,Yes
112931,No
112932,Yes
112933,Yes
112934,No
112935,Yes
112936,No
112937,Yes
112938,Yes
112939,No
112940,No
112941,Yes
112942,Yes
112943,No
112944,Yes
112945,Yes
112946,No
112947,Yes
112948,Yes
112949,No
112950,Yes
112951,Yes
112952,No
112953,Yes
112954,No
112955,No
112956,Yes
112957,Yes
112958,No
112959,Yes
112960,No
112961,Yes
112962,Yes
112963,No
112964,Yes
112965,No
112966,No
112967,Yes
112968,No
112969,Yes
112970,No
112971,Yes
112972,Yes
112973,No
112974,Yes
112975,No
112976,No
112977,Yes
112978,Yes
112979,No
112980,No
112981,Yes
112982,No
112983,No
112984,Yes
112985,Yes
112986,Yes
112987,Yes
112988,Yes
112989,No
112990,Yes
112991,No
112992,Yes
112993,Yes
112994,Yes
112995,No
112996,No
112997,No
112998,Yes
112999,Yes
113000,No
113001,No
113002,No
113003,Yes
113004,Yes
113005,Yes
113006,Yes
113007,Yes
113008,Yes
113009,No
113010,No
113011,Yes
113012,Yes
113013,Yes
113014,Yes
113015,Yes
113016,Yes
113017,Yes
113018,No
113019,Yes
113020,Yes
113021,Yes
113022,No
113023,Yes
113024,Yes
113025,Yes
113026,No
113027,Yes
113028,Yes
113029,No
113030,Yes
113031,Yes
113032,No
113033,Yes
113034,Yes
113035,No
113036,Yes
113037,Yes
113038,Yes
113039,Yes
113040,No
113041,Yes
113042,No
113043,Yes
113044,Yes
113045,Yes
113046,No
113047,No
113048,No
113049,Yes
113050,Yes
113051,Yes
113052,Yes
113053,Yes
113054,Yes
113055,No
113056,Yes
113057,Yes
113058,No
113059,No
113060,No
113061,No
113062,No
113063,No
113064,No
113065,Yes
113066,No
113067,No
113068,Yes
113069,No
113070,No
113071,Yes
113072,Yes
113073,Yes
113074,Yes
113075,No
113076,Yes
113077,No
113078,Yes
113079,Yes
113080,Yes
113081,No
113082,No
113083,Yes
113084,No
113085,Yes
113086,Yes
113087,Yes
113088,No
113089,No
113090,Yes
113091,Yes
113092,Yes
113093,No
113094,Yes
113095,No
113096,Yes
113097,Yes
113098,Yes
113099,No
113100,Yes
113101,No
113102,Yes
113103,Yes
113104,Yes
113105,No
113106,No
113107,Yes
113108,No
113109,No
113110,Yes
113111,Yes
113112,Yes
113113,No
113114,No
113115,No
113116,Yes
113117,Yes
113118,Yes
113119,No
113120,Yes
113121,No
113122,Yes
113123,Yes
113124,Yes
113125,Yes
113126,No
113127,No
113128,Yes
113129,No
113130,No
113131,No
113132,Yes
113133,No
113134,Yes
113135,Yes
113136,No
113137,No
113138,Yes
113139,Yes
113140,Yes
113141,No
113142,Yes
113143,No
113144,Yes
113145,Yes
113146,No
113147,Yes
113148,Yes
113149,Yes
113150,No
113151,No
113152,No
113153,Yes
113154,No
113155,Yes
113156,Yes
113157,No
113158,Yes
113159,Yes
113160,No
113161,No
113162,No
113163,No
113164,No
113165,No
113166,Yes
113167,No
113168,No
113169,No
113170,Yes
113171,No
113172,No
113173,Yes
113174,Yes
113175,No
113176,Yes
113177,No
113178,Yes
113179,Yes
113180,Yes
113181,No
113182,No
113183,No
113184,Yes
113185,Yes
113186,No
113187,No
113188,Yes
113189,Yes
113190,Yes
113191,No
113192,No
113193,Yes
113194,No
113195,Yes
113196,No
113197,No
113198,No
113199,Yes
113200,Yes
113201,No
113202,No
113203,Yes
113204,Yes
113205,Yes
113206,No
113207,No
113208,No
113209,Yes
113210,Yes
113211,No
113212,No
113213,No
113214,Yes
113215,Yes
113216,Yes
113217,Yes
113218,No
113219,Yes
113220,No
113221,Yes
113222,No
113223,Yes
113224,Yes
113225,Yes
113226,Yes
113227,No
113228,Yes
113229,Yes
113230,Yes
113231,No
113232,Yes
113233,No
113234,No
113235,Yes
113236,Yes
113237,Yes
113238,Yes
113239,No
113240,No
113241,Yes
113242,Yes
113243,Yes
113244,No
113245,Yes
113246,No
113247,Yes
113248,No
113249,No
113250,No
113251,Yes
113252,No
113253,Yes
113254,Yes
113255,Yes
113256,No
113257,Yes
113258,No
113259,No
113260,No
113261,No
113262,Yes
113263,Yes
113264,Yes
113265,Yes
113266,Yes
113267,Yes
113268,Yes
113269,Yes
113270,Yes
113271,Yes
113272,Yes
113273,Yes
113274,Yes
113275,Yes
113276,Yes
113277,No
113278,Yes
113279,Yes
113280,No
113281,No
113282,No
113283,No
113284,Yes
113285,Yes
113286,No
113287,Yes
113288,No
113289,No
113290,Yes
113291,Yes
113292,Yes
113293,Yes
113294,No
113295,No
113296,No
113297,Yes
113298,No
113299,Yes
113300,Yes
113301,No
113302,No
113303,Yes
113304,No
113305,Yes
113306,No
113307,Yes
113308,Yes
113309,No
113310,Yes
113311,Yes
113312,Yes
113313,Yes
113314,Yes
113315,No
113316,Yes
113317,No
113318,No
113319,No
113320,Yes
113321,Yes
113322,Yes
113323,No
113324,Yes
113325,Yes
113326,No
113327,Yes
113328,No
113329,No
113330,No
113331,Yes
113332,Yes
113333,Yes
113334,Yes
113335,Yes
113336,Yes
113337,No
113338,Yes
113339,Yes
113340,No
113341,Yes
113342,Yes
113343,Yes
113344,No
113345,Yes
113346,No
113347,Yes
113348,Yes
113349,Yes
113350,Yes
113351,Yes
113352,Yes
113353,Yes
113354,Yes
113355,Yes
113356,No
113357,Yes
113358,No
113359,Yes
113360,Yes
113361,Yes
113362,Yes
113363,No
113364,No
113365,No
113366,Yes
113367,Yes
113368,No
113369,Yes
113370,Yes
113371,No
113372,No
113373,No
113374,No
113375,No
113376,Yes
113377,No
113378,No
113379,No
113380,No
113381,No
113382,Yes
113383,Yes
113384,No
113385,No
113386,Yes
113387,Yes
113388,Yes
113389,No
113390,Yes
113391,Yes
113392,No
113393,Yes
113394,Yes
113395,Yes
113396,No
113397,No
113398,No
113399,No
113400,No
113401,No
113402,No
113403,No
113404,Yes
113405,No
113406,Yes
113407,Yes
113408,Yes
113409,No
113410,Yes
113411,No
113412,No
113413,No
113414,No
113415,No
113416,Yes
113417,Yes
113418,Yes
113419,Yes
113420,No
113421,No
113422,Yes
113423,Yes
113424,Yes
113425,Yes
113426,Yes
113427,No
113428,No
113429,No
113430,Yes
113431,Yes
113432,Yes
113433,Yes
113434,No
113435,No
113436,No
113437,Yes
113438,No
113439,No
113440,Yes
113441,Yes
113442,Yes
113443,Yes
113444,Yes
113445,No
113446,No
113447,Yes
113448,Yes
113449,No
113450,Yes
113451,No
113452,No
113453,Yes
113454,No
113455,No
113456,Yes
113457,No
113458,No
113459,No
113460,Yes
113461,No
113462,No
113463,No
113464,Yes
113465,Yes
113466,No
113467,No
113468,No
113469,Yes
113470,Yes
113471,No
113472,No
113473,Yes
113474,No
113475,No
113476,Yes
113477,Yes
113478,No
113479,Yes
113480,Yes
113481,No
113482,Yes
113483,Yes
113484,No
113485,Yes
113486,Yes
113487,Yes
113488,Yes
113489,Yes
113490,Yes
113491,Yes
113492,No
113493,No
113494,No
113495,Yes
113496,No
113497,No
113498,Yes
113499,Yes
113500,Yes
113501,Yes
113502,No
113503,Yes
113504,Yes
113505,No
113506,No
113507,No
113508,No
113509,Yes
113510,No
113511,Yes
113512,Yes
113513,No
113514,No
113515,Yes
113516,Yes
113517,No
113518,No
113519,No
113520,No
113521,No
113522,Yes
113523,Yes
113524,Yes
113525,No
113526,Yes
113527,No
113528,No
113529,Yes
113530,Yes
113531,Yes
113532,Yes
113533,No
113534,Yes
113535,Yes
113536,Yes
113537,Yes
113538,Yes
113539,Yes
113540,No
113541,Yes
113542,Yes
113543,No
113544,Yes
113545,Yes
113546,Yes
113547,Yes
113548,Yes
113549,Yes
113550,No
113551,No
113552,No
113553,Yes
113554,Yes
113555,Yes
113556,Yes
113557,Yes
113558,No
113559,No
113560,Yes
113561,No
113562,Yes
113563,Yes
113564,Yes
113565,Yes
113566,Yes
113567,Yes
113568,Yes
113569,No
113570,Yes
113571,No
113572,No
113573,Yes
113574,Yes
113575,Yes
113576,Yes
113577,No
113578,Yes
113579,Yes
113580,No
113581,No
113582,Yes
113583,No
113584,Yes
113585,No
113586,No
113587,Yes
113588,Yes
113589,Yes
113590,Yes
113591,Yes
113592,Yes
113593,Yes
113594,Yes
113595,Yes
113596,No
113597,Yes
113598,Yes
113599,Yes
113600,Yes
113601,No
113602,No
113603,Yes
113604,No
113605,Yes
113606,Yes
113607,Yes
113608,No
113609,No
113610,No
113611,No
113612,Yes
113613,No
113614,No
113615,No
113616,Yes
113617,No
113618,Yes
113619,Yes
113620,Yes
113621,Yes
113622,No
113623,Yes
113624,No
113625,Yes
113626,Yes
113627,Yes
113628,Yes
113629,No
113630,No
113631,No
113632,No
113633,No
113634,Yes
113635,Yes
113636,Yes
113637,No
113638,Yes
113639,Yes
113640,No
113641,No
113642,Yes
113643,Yes
113644,Yes
113645,No
113646,Yes
113647,No
113648,No
113649,Yes
113650,No
113651,No
113652,Yes
113653,No
113654,Yes
113655,No
113656,No
113657,No
113658,Yes
113659,Yes
113660,Yes
113661,No
113662,Yes
113663,Yes
113664,No
113665,Yes
113666,Yes
113667,Yes
113668,No
113669,Yes
113670,No
113671,No
113672,No
113673,Yes
113674,No
113675,Yes
113676,No
113677,Yes
113678,Yes
113679,Yes
113680,No
113681,Yes
113682,Yes
113683,Yes
113684,No
113685,Yes
113686,Yes
113687,Yes
113688,Yes
113689,Yes
113690,No
113691,No
113692,Yes
113693,Yes
113694,No
113695,No
113696,Yes
113697,Yes
113698,No
113699,Yes
113700,No
113701,No
113702,Yes
113703,No
113704,Yes
113705,Yes
113706,No
113707,Yes
113708,No
113709,Yes
113710,Yes
113711,Yes
113712,Yes
113713,No
113714,Yes
113715,No
113716,Yes
113717,Yes
113718,No
113719,Yes
113720,Yes
113721,Yes
113722,Yes
113723,No
113724,No
113725,No
113726,No
113727,No
113728,Yes
113729,No
113730,Yes
113731,Yes
113732,No
113733,Yes
113734,No
113735,Yes
113736,Yes
113737,Yes
113738,Yes
113739,Yes
113740,No
113741,Yes
113742,Yes
113743,Yes
113744,No
113745,No
113746,No
113747,Yes
113748,Yes
113749,No
113750,Yes
113751,Yes
113752,Yes
113753,Yes
113754,No
113755,No
113756,Yes
113757,Yes
113758,Yes
113759,No
113760,No
113761,Yes
113762,Yes
113763,No
113764,No
113765,Yes
113766,Yes
113767,Yes
113768,Yes
113769,No
113770,Yes
113771,Yes
113772,No
113773,Yes
113774,No
113775,No
113776,Yes
113777,Yes
113778,No
113779,No
113780,No
113781,No
113782,Yes
113783,Yes
113784,No
113785,Yes
113786,Yes
113787,No
113788,Yes
113789,No
113790,Yes
113791,Yes
113792,Yes
113793,No
113794,No
113795,Yes
113796,No
113797,Yes
113798,Yes
113799,No
113800,Yes
113801,Yes
113802,No
113803,Yes
113804,No
113805,No
113806,Yes
113807,No
113808,Yes
113809,Yes
113810,No
113811,Yes
113812,No
113813,Yes
113814,No
113815,No
113816,Yes
113817,No
113818,Yes
113819,Yes
113820,Yes
113821,No
113822,Yes
113823,No
113824,Yes
113825,No
113826,No
113827,No
113828,Yes
113829,Yes
113830,Yes
113831,No
113832,Yes
113833,Yes
113834,No
113835,No
113836,Yes
113837,Yes
113838,No
113839,Yes
113840,Yes
113841,Yes
113842,Yes
113843,No
113844,No
113845,Yes
113846,No
113847,No
113848,No
113849,Yes
113850,No
113851,Yes
113852,No
113853,Yes
113854,Yes
113855,Yes
113856,Yes
113857,Yes
113858,No
113859,Yes
113860,Yes
113861,No
113862,No
113863,Yes
113864,Yes
113865,Yes
113866,No
113867,Yes
113868,Yes
113869,No
113870,Yes
113871,No
113872,Yes
113873,Yes
113874,No
113875,No
113876,No
113877,Yes
113878,Yes
113879,No
113880,Yes
113881,No
113882,No
113883,No
113884,Yes
113885,Yes
113886,No
113887,No
113888,Yes
113889,No
113890,Yes
113891,Yes
113892,No
113893,Yes
113894,No
113895,No
113896,Yes
113897,Yes
113898,No
113899,Yes
113900,Yes
113901,No
113902,Yes
113903,Yes
113904,Yes
113905,Yes
113906,No
113907,Yes
113908,No
113909,Yes
113910,Yes
113911,No
113912,Yes
113913,No
113914,Yes
113915,Yes
113916,Yes
113917,No
113918,Yes
113919,Yes
113920,Yes
113921,Yes
113922,Yes
113923,No
113924,No
113925,Yes
113926,No
113927,Yes
113928,No
113929,No
113930,Yes
113931,Yes
113932,No
113933,No
113934,No
113935,Yes
113936,No
113937,No
113938,No
113939,Yes
113940,No
113941,Yes
113942,Yes
113943,Yes
113944,No
113945,No
113946,No
113947,Yes
113948,Yes
113949,Yes
113950,Yes
113951,No
113952,Yes
113953,Yes
113954,No
113955,No
113956,No
113957,No
113958,Yes
113959,No
113960,Yes
113961,Yes
113962,Yes
113963,No
113964,No
113965,No
113966,No
113967,Yes
113968,Yes
113969,Yes
113970,Yes
113971,Yes
113972,No
113973,No
113974,Yes
113975,Yes
113976,No
113977,Yes
113978,Yes
113979,Yes
113980,Yes
113981,Yes
113982,Yes
113983,No
113984,Yes
113985,No
113986,Yes
113987,Yes
113988,No
113989,Yes
113990,Yes
113991,Yes
113992,Yes
113993,No
113994,Yes
113995,No
113996,No
113997,No
113998,No
113999,Yes
114000,No
114001,Yes
114002,Yes
114003,Yes
114004,No
114005,No
114006,Yes
114007,Yes
114008,No
114009,Yes
114010,Yes
114011,No
114012,Yes
114013,Yes
114014,Yes
114015,Yes
114016,No
114017,No
114018,No
114019,No
114020,No
114021,Yes
114022,Yes
114023,Yes
114024,Yes
114025,Yes
114026,Yes
114027,No
114028,Yes
114029,No
114030,No
114031,No
114032,No
114033,Yes
114034,Yes
114035,No
114036,Yes
114037,Yes
114038,Yes
114039,Yes
114040,Yes
114041,Yes
114042,Yes
114043,No
114044,No
114045,Yes
114046,No
114047,Yes
114048,No
114049,No
114050,Yes
114051,Yes
114052,Yes
114053,Yes
114054,No
114055,Yes
114056,No
114057,Yes
114058,Yes
114059,Yes
114060,No
114061,Yes
114062,Yes
114063,Yes
114064,No
114065,No
114066,No
114067,Yes
114068,Yes
114069,No
114070,Yes
114071,Yes
114072,Yes
114073,No
114074,Yes
114075,No
114076,No
114077,No
114078,Yes
114079,Yes
114080,No
114081,No
114082,Yes
114083,Yes
114084,Yes
114085,Yes
114086,Yes
114087,Yes
114088,Yes
114089,Yes
114090,Yes
114091,Yes
114092,No
114093,Yes
114094,No
114095,Yes
114096,No
114097,No
114098,Yes
114099,Yes
114100,No
114101,Yes
114102,Yes
114103,Yes
114104,No
114105,Yes
114106,Yes
114107,No
114108,Yes
114109,Yes
114110,Yes
114111,No
114112,Yes
114113,Yes
114114,No
114115,Yes
114116,Yes
114117,No
114118,Yes
114119,No
114120,No
114121,Yes
114122,Yes
114123,Yes
114124,Yes
114125,No
114126,Yes
114127,No
114128,Yes
114129,Yes
114130,Yes
114131,Yes
114132,No
114133,Yes
114134,No
114135,Yes
114136,Yes
114137,Yes
114138,Yes
114139,Yes
114140,Yes
114141,No
114142,No
114143,No
114144,No
114145,Yes
114146,No
114147,No
114148,No
114149,No
114150,Yes
114151,Yes
114152,Yes
114153,Yes
114154,No
114155,Yes
114156,No
114157,Yes
114158,Yes
114159,No
114160,Yes
114161,Yes
114162,Yes
114163,No
114164,Yes
114165,Yes
114166,Yes
114167,Yes
114168,Yes
114169,Yes
114170,No
114171,Yes
114172,Yes
114173,No
114174,Yes
114175,Yes
114176,Yes
114177,Yes
114178,Yes
114179,Yes
114180,No
114181,No
114182,Yes
114183,Yes
114184,No
114185,Yes
114186,No
114187,No
114188,No
114189,No
114190,Yes
114191,Yes
114192,Yes
114193,No
114194,Yes
114195,No
114196,Yes
114197,Yes
114198,Yes
114199,Yes
114200,Yes
114201,No
114202,No
114203,No
114204,Yes
114205,No
114206,Yes
114207,No
114208,No
114209,Yes
114210,No
114211,Yes
114212,No
114213,No
114214,No
114215,No
114216,Yes
114217,No
114218,No
114219,No
114220,Yes
114221,Yes
114222,Yes
114223,No
114224,No
114225,No
114226,Yes
114227,No
114228,Yes
114229,Yes
114230,Yes
114231,Yes
114232,Yes
114233,No
114234,Yes
114235,Yes
114236,No
114237,Yes
114238,Yes
114239,Yes
114240,Yes
114241,No
114242,No
114243,Yes
114244,Yes
114245,No
114246,Yes
114247,No
114248,Yes
114249,Yes
114250,Yes
114251,Yes
114252,No
114253,Yes
114254,Yes
114255,Yes
114256,No
114257,No
114258,No
114259,Yes
114260,Yes
114261,Yes
114262,No
114263,No
114264,Yes
114265,No
114266,Yes
114267,Yes
114268,No
114269,Yes
114270,Yes
114271,No
114272,Yes
114273,Yes
114274,No
114275,Yes
114276,Yes
114277,No
114278,Yes
114279,No
114280,Yes
114281,No
114282,Yes
114283,No
114284,No
114285,Yes
114286,Yes
114287,Yes
114288,Yes
114289,Yes
114290,Yes
114291,Yes
114292,No
114293,Yes
114294,No
114295,Yes
114296,Yes
114297,Yes
114298,Yes
114299,No
114300,No
114301,Yes
114302,Yes
114303,Yes
114304,No
114305,Yes
114306,Yes
114307,Yes
114308,Yes
114309,Yes
114310,Yes
114311,No
114312,Yes
114313,Yes
114314,Yes
114315,Yes
114316,Yes
114317,Yes
114318,Yes
114319,No
114320,No
114321,Yes
114322,No
114323,Yes
114324,Yes
114325,No
114326,Yes
114327,No
114328,No
114329,Yes
114330,No
114331,Yes
114332,No
114333,Yes
114334,Yes
114335,Yes
114336,Yes
114337,No
114338,No
114339,Yes
114340,Yes
114341,Yes
114342,No
114343,No
114344,Yes
114345,Yes
114346,Yes
114347,Yes
114348,Yes
114349,Yes
114350,No
114351,Yes
114352,Yes
114353,Yes
114354,Yes
114355,No
114356,Yes
114357,No
114358,Yes
114359,No
114360,Yes
114361,Yes
114362,No
114363,Yes
114364,No
114365,No
114366,No
114367,No
114368,No
114369,No
114370,Yes
114371,Yes
114372,No
114373,No
114374,No
114375,Yes
114376,Yes
114377,No
114378,No
114379,No
114380,Yes
114381,No
114382,Yes
114383,No
114384,Yes
114385,Yes
114386,Yes
114387,Yes
114388,Yes
114389,Yes
114390,No
114391,No
114392,No
114393,Yes
114394,No
114395,Yes
114396,Yes
114397,No
114398,Yes
114399,Yes
114400,No
114401,Yes
114402,Yes
114403,No
114404,Yes
114405,Yes
114406,Yes
114407,Yes
114408,Yes
114409,Yes
114410,No
114411,Yes
114412,Yes
114413,No
114414,Yes
114415,No
114416,Yes
114417,Yes
114418,Yes
114419,Yes
114420,Yes
114421,No
114422,No
114423,Yes
114424,No
114425,No
114426,Yes
114427,No
114428,No
114429,No
114430,Yes
114431,Yes
114432,Yes
114433,No
114434,No
114435,Yes
114436,No
114437,No
114438,Yes
114439,Yes
114440,No
114441,No
114442,No
114443,No
114444,Yes
114445,Yes
114446,Yes
114447,Yes
114448,Yes
114449,No
114450,No
114451,Yes
114452,No
114453,Yes
114454,Yes
114455,Yes
114456,Yes
114457,Yes
114458,No
114459,No
114460,No
114461,No
114462,Yes
114463,No
114464,Yes
114465,No
114466,No
114467,Yes
114468,No
114469,Yes
114470,Yes
114471,No
114472,Yes
114473,Yes
114474,No
114475,Yes
114476,No
114477,No
114478,Yes
114479,Yes
114480,Yes
114481,Yes
114482,Yes
114483,Yes
114484,Yes
114485,No
114486,No
114487,Yes
114488,No
114489,Yes
114490,Yes
114491,No
114492,No
114493,Yes
114494,No
114495,No
114496,Yes
114497,No
114498,No
114499,No
114500,Yes
114501,No
114502,No
114503,Yes
114504,No
114505,No
114506,No
114507,Yes
114508,No
114509,No
114510,No
114511,Yes
114512,Yes
114513,No
114514,No
114515,No
114516,No
114517,Yes
114518,No
114519,Yes
114520,Yes
114521,No
114522,Yes
114523,Yes
114524,No
114525,No
114526,Yes
114527,Yes
114528,No
114529,No
114530,No
114531,No
114532,Yes
114533,Yes
114534,Yes
114535,No
114536,No
114537,No
114538,No
114539,No
114540,Yes
114541,Yes
114542,No
114543,Yes
114544,Yes
114545,Yes
114546,No
114547,No
114548,Yes
114549,Yes
114550,Yes
114551,Yes
114552,Yes
114553,Yes
114554,No
114555,Yes
114556,No
114557,Yes
114558,Yes
114559,Yes
114560,No
114561,No
114562,No
114563,No
114564,No
114565,No
114566,No
114567,Yes
114568,Yes
114569,Yes
114570,Yes
114571,Yes
114572,No
114573,Yes
114574,Yes
114575,No
114576,Yes
114577,No
114578,Yes
114579,No
114580,No
114581,Yes
114582,Yes
114583,No
114584,Yes
114585,Yes
114586,Yes
114587,Yes
114588,No
114589,Yes
114590,No
114591,Yes
114592,Yes
114593,Yes
114594,Yes
114595,Yes
114596,No
114597,Yes
114598,Yes
114599,Yes
114600,No
114601,No
114602,No
114603,Yes
114604,Yes
114605,No
114606,No
114607,No
114608,Yes
114609,Yes
114610,No
114611,Yes
114612,No
114613,Yes
114614,Yes
114615,Yes
114616,Yes
114617,Yes
114618,Yes
114619,No
114620,No
114621,Yes
114622,Yes
114623,Yes
114624,Yes
114625,No
114626,No
114627,No
114628,Yes
114629,Yes
114630,Yes
114631,No
114632,Yes
114633,Yes
114634,No
114635,Yes
114636,No
114637,Yes
114638,Yes
114639,No
114640,Yes
114641,Yes
114642,No
114643,No
114644,No
114645,Yes
114646,No
114647,Yes
114648,No
114649,Yes
114650,No
114651,Yes
114652,Yes
114653,Yes
114654,Yes
114655,No
114656,No
114657,No
114658,No
114659,No
114660,Yes
114661,Yes
114662,Yes
114663,No
114664,No
114665,No
114666,No
114667,Yes
114668,Yes
114669,Yes
114670,No
114671,No
114672,No
114673,No
114674,No
114675,Yes
114676,Yes
114677,No
114678,No
114679,Yes
114680,Yes
114681,No
114682,No
114683,Yes
114684,Yes
114685,Yes
114686,No
114687,No
114688,Yes
114689,Yes
114690,No
114691,No
114692,Yes
114693,Yes
114694,No
114695,Yes
114696,Yes
114697,No
114698,No
114699,Yes
114700,Yes
114701,No
114702,Yes
114703,Yes
114704,No
114705,No
114706,No
114707,Yes
114708,Yes
114709,Yes
114710,No
114711,Yes
114712,Yes
114713,Yes
114714,No
114715,No
114716,Yes
114717,Yes
114718,Yes
114719,Yes
114720,Yes
114721,Yes
114722,No
114723,No
114724,Yes
114725,Yes
114726,No
114727,Yes
114728,Yes
114729,No
114730,Yes
114731,No
114732,Yes
114733,Yes
114734,Yes
114735,Yes
114736,No
114737,Yes
114738,Yes
114739,No
114740,No
114741,Yes
114742,Yes
114743,Yes
114744,Yes
114745,No
114746,Yes
114747,Yes
114748,Yes
114749,Yes
114750,Yes
114751,No
114752,Yes
114753,Yes
114754,No
114755,Yes
114756,No
114757,No
114758,Yes
114759,No
114760,Yes
114761,No
114762,No
114763,No
114764,No
114765,Yes
114766,No
114767,No
114768,No
114769,Yes
114770,Yes
114771,No
114772,No
114773,Yes
114774,Yes
114775,Yes
114776,Yes
114777,Yes
114778,Yes
114779,No
114780,Yes
114781,Yes
114782,Yes
114783,Yes
114784,Yes
114785,Yes
114786,Yes
114787,Yes
114788,Yes
114789,Yes
114790,Yes
114791,Yes
114792,No
114793,No
114794,Yes
114795,Yes
114796,No
114797,Yes
114798,No
114799,No
114800,No
114801,No
114802,No
114803,No
114804,No
114805,Yes
114806,No
114807,Yes
114808,Yes
114809,Yes
114810,No
114811,No
114812,Yes
114813,Yes
114814,Yes
114815,No
114816,No
114817,Yes
114818,Yes
114819,Yes
114820,Yes
114821,No
114822,Yes
114823,No
114824,Yes
114825,Yes
114826,No
114827,Yes
114828,Yes
114829,No
114830,No
114831,No
114832,Yes
114833,No
114834,No
114835,Yes
114836,Yes
114837,Yes
114838,No
114839,Yes
114840,No
114841,No
114842,Yes
114843,Yes
114844,No
114845,Yes
114846,Yes
114847,Yes
114848,Yes
114849,Yes
114850,Yes
114851,Yes
114852,No
114853,Yes
114854,Yes
114855,Yes
114856,Yes
114857,No
114858,No
114859,No
114860,Yes
114861,No
114862,Yes
114863,No
114864,Yes
114865,No
114866,No
114867,No
114868,Yes
114869,Yes
114870,Yes
114871,No
114872,No
114873,No
114874,Yes
114875,Yes
114876,Yes
114877,Yes
114878,Yes
114879,Yes
114880,No
114881,No
114882,No
114883,No
114884,Yes
114885,Yes
114886,Yes
114887,Yes
114888,Yes
114889,No
114890,Yes
114891,Yes
114892,Yes
114893,Yes
114894,No
114895,No
114896,No
114897,Yes
114898,Yes
114899,No
114900,Yes
114901,Yes
114902,Yes
114903,Yes
114904,Yes
114905,Yes
114906,Yes
114907,Yes
114908,Yes
114909,No
114910,No
114911,Yes
114912,Yes
114913,Yes
114914,Yes
114915,No
114916,Yes
114917,No
114918,Yes
114919,Yes
114920,No
114921,Yes
114922,Yes
114923,Yes
114924,Yes
114925,No
114926,Yes
114927,No
114928,No
114929,Yes
114930,No
114931,Yes
114932,Yes
114933,Yes
114934,No
114935,Yes
114936,Yes
114937,Yes
114938,No
114939,No
114940,Yes
114941,Yes
114942,Yes
114943,No
114944,No
114945,Yes
114946,No
114947,No
114948,Yes
114949,Yes
114950,No
114951,No
114952,No
114953,No
114954,Yes
114955,Yes
114956,Yes
114957,No
114958,No
114959,Yes
114960,Yes
114961,No
114962,No
114963,Yes
114964,No
114965,No
114966,No
114967,Yes
114968,No
114969,Yes
114970,No
114971,Yes
114972,Yes
114973,Yes
114974,Yes
114975,Yes
114976,No
114977,Yes
114978,Yes
114979,Yes
114980,Yes
114981,Yes
114982,No
114983,No
114984,No
114985,No
114986,Yes
114987,No
114988,No
114989,Yes
114990,Yes
114991,No
114992,Yes
114993,No
114994,Yes
114995,No
114996,Yes
114997,No
114998,Yes
114999,No
115000,Yes
115001,Yes
115002,Yes
115003,Yes
115004,Yes
115005,No
115006,Yes
115007,No
115008,Yes
115009,No
115010,No
115011,No
115012,Yes
115013,No
115014,No
115015,Yes
115016,Yes
115017,Yes
115018,Yes
115019,Yes
115020,Yes
115021,Yes
115022,No
115023,No
115024,Yes
115025,No
115026,Yes
115027,No
115028,No
115029,No
115030,Yes
115031,No
115032,Yes
115033,No
115034,Yes
115035,No
115036,Yes
115037,No
115038,Yes
115039,Yes
115040,No
115041,No
115042,Yes
115043,Yes
115044,No
115045,Yes
115046,No
115047,Yes
115048,Yes
115049,No
115050,Yes
115051,Yes
115052,No
115053,No
115054,Yes
115055,Yes
115056,Yes
115057,No
115058,Yes
115059,Yes
115060,Yes
115061,No
115062,Yes
115063,No
115064,Yes
115065,No
115066,Yes
115067,Yes
115068,Yes
115069,Yes
115070,Yes
115071,No
115072,No
115073,Yes
115074,Yes
115075,No
115076,No
115077,Yes
115078,Yes
115079,Yes
115080,No
115081,No
115082,No
115083,Yes
115084,No
115085,No
115086,Yes
115087,Yes
115088,Yes
115089,No
115090,Yes
115091,Yes
115092,No
115093,No
115094,Yes
115095,No
115096,No
115097,Yes
115098,Yes
115099,Yes
115100,No
115101,Yes
115102,Yes
115103,Yes
115104,Yes
115105,No
115106,No
115107,Yes
115108,No
115109,Yes
115110,No
115111,Yes
115112,Yes
115113,Yes
115114,Yes
115115,No
115116,Yes
115117,Yes
115118,No
115119,No
115120,Yes
115121,No
115122,No
115123,No
115124,No
115125,Yes
115126,No
115127,Yes
115128,Yes
115129,Yes
115130,No
115131,No
115132,No
115133,Yes
115134,Yes
115135,Yes
115136,No
115137,Yes
115138,No
115139,No
115140,Yes
115141,No
115142,No
115143,Yes
115144,No
115145,Yes
115146,Yes
115147,Yes
115148,Yes
115149,Yes
115150,No
115151,Yes
115152,No
115153,Yes
115154,Yes
115155,Yes
115156,Yes
115157,Yes
115158,Yes
115159,Yes
115160,Yes
115161,Yes
115162,Yes
115163,Yes
115164,Yes
115165,Yes
115166,Yes
115167,Yes
115168,No
115169,Yes
115170,No
115171,No
115172,No
115173,No
115174,Yes
115175,No
115176,Yes
115177,Yes
115178,Yes
115179,Yes
115180,Yes
115181,Yes
115182,Yes
115183,No
115184,Yes
115185,No
115186,No
115187,No
115188,Yes
115189,No
115190,Yes
115191,No
115192,No
115193,No
115194,Yes
115195,Yes
115196,Yes
115197,Yes
115198,No
115199,Yes
115200,Yes
115201,Yes
115202,No
115203,No
115204,No
115205,Yes
115206,Yes
115207,No
115208,No
115209,Yes
115210,Yes
115211,No
115212,No
115213,Yes
115214,Yes
115215,Yes
115216,Yes
115217,No
115218,No
115219,Yes
115220,Yes
115221,No
115222,Yes
115223,Yes
115224,Yes
115225,No
115226,Yes
115227,No
115228,Yes
115229,Yes
115230,Yes
115231,No
115232,Yes
115233,No
115234,Yes
115235,No
115236,No
115237,No
115238,No
115239,Yes
115240,No
115241,No
115242,Yes
115243,Yes
115244,Yes
115245,Yes
115246,Yes
115247,No
115248,Yes
115249,Yes
115250,Yes
115251,No
115252,Yes
115253,No
115254,No
115255,No
115256,No
115257,No
115258,Yes
115259,Yes
115260,Yes
115261,Yes
115262,Yes
115263,Yes
115264,Yes
115265,No
115266,Yes
115267,No
115268,No
115269,No
115270,No
115271,Yes
115272,No
115273,Yes
115274,Yes
115275,No
115276,Yes
115277,No
115278,No
115279,Yes
115280,No
115281,Yes
115282,Yes
115283,Yes
115284,Yes
115285,No
115286,Yes
115287,Yes
115288,Yes
115289,Yes
115290,Yes
115291,Yes
115292,Yes
115293,No
115294,Yes
115295,No
115296,Yes
115297,No
115298,Yes
115299,Yes
115300,No
115301,Yes
115302,Yes
115303,Yes
115304,No
115305,Yes
115306,Yes
115307,Yes
115308,Yes
115309,No
115310,Yes
115311,Yes
115312,Yes
115313,No
115314,No
115315,No
115316,Yes
115317,No
115318,Yes
115319,Yes
115320,Yes
115321,Yes
115322,Yes
115323,Yes
115324,No
115325,Yes
115326,Yes
115327,No
115328,No
115329,No
115330,No
115331,No
115332,Yes
115333,No
115334,No
115335,Yes
115336,Yes
115337,Yes
115338,No
115339,Yes
115340,No
115341,No
115342,Yes
115343,Yes
115344,No
115345,Yes
115346,No
115347,No
115348,No
115349,Yes
115350,No
115351,Yes
115352,Yes
115353,Yes
115354,Yes
115355,Yes
115356,No
115357,Yes
115358,No
115359,Yes
115360,No
115361,Yes
115362,No
115363,Yes
115364,No
115365,No
115366,No
115367,Yes
115368,No
115369,Yes
115370,No
115371,Yes
115372,Yes
115373,No
115374,Yes
115375,Yes
115376,Yes
115377,Yes
115378,Yes
115379,No
115380,Yes
115381,Yes
115382,Yes
115383,No
115384,No
115385,No
115386,No
115387,Yes
115388,No
115389,Yes
115390,Yes
115391,Yes
115392,Yes
115393,Yes
115394,No
115395,No
115396,No
115397,Yes
115398,No
115399,No
115400,No
115401,Yes
115402,Yes
115403,No
115404,Yes
115405,Yes
115406,Yes
115407,Yes
115408,No
115409,Yes
115410,Yes
115411,No
115412,Yes
115413,Yes
115414,Yes
115415,No
115416,No
115417,No
115418,Yes
115419,No
115420,No
115421,Yes
115422,Yes
115423,Yes
115424,Yes
115425,No
115426,No
115427,Yes
115428,No
115429,No
115430,Yes
115431,No
115432,Yes
115433,Yes
115434,No
115435,Yes
115436,Yes
115437,Yes
115438,Yes
115439,No
115440,Yes
115441,No
115442,No
115443,No
115444,Yes
115445,Yes
115446,Yes
115447,Yes
115448,Yes
115449,No
115450,No
115451,Yes
115452,Yes
115453,Yes
115454,No
115455,Yes
115456,No
115457,Yes
115458,Yes
115459,No
115460,Yes
115461,No
115462,Yes
115463,Yes
115464,No
115465,Yes
115466,Yes
115467,Yes
115468,No
115469,Yes
115470,No
115471,Yes
115472,No
115473,No
115474,Yes
115475,Yes
115476,No
115477,Yes
115478,Yes
115479,Yes
115480,No
115481,Yes
115482,No
115483,Yes
115484,No
115485,No
115486,No
115487,Yes
115488,Yes
115489,No
115490,No
115491,No
115492,Yes
115493,Yes
115494,Yes
115495,No
115496,Yes
115497,No
115498,No
115499,No
115500,No
115501,Yes
115502,No
115503,Yes
115504,Yes
115505,Yes
115506,Yes
115507,Yes
115508,Yes
115509,Yes
115510,No
115511,No
115512,Yes
115513,Yes
115514,Yes
115515,Yes
115516,No
115517,Yes
115518,No
115519,Yes
115520,Yes
115521,No
115522,No
115523,Yes
115524,Yes
115525,No
115526,Yes
115527,Yes
115528,Yes
115529,No
115530,Yes
115531,Yes
115532,Yes
115533,No
115534,Yes
115535,Yes
115536,Yes
115537,No
115538,Yes
115539,Yes
115540,No
115541,Yes
115542,Yes
115543,Yes
115544,No
115545,No
115546,Yes
115547,No
115548,No
115549,No
115550,Yes
115551,Yes
115552,Yes
115553,No
115554,No
115555,Yes
115556,Yes
115557,No
115558,Yes
115559,No
115560,No
115561,Yes
115562,Yes
115563,Yes
115564,Yes
115565,No
115566,No
115567,Yes
115568,No
115569,Yes
115570,Yes
115571,Yes
115572,No
115573,Yes
115574,Yes
115575,Yes
115576,Yes
115577,Yes
115578,No
115579,Yes
115580,Yes
115581,No
115582,Yes
115583,Yes
115584,No
115585,No
115586,Yes
115587,Yes
115588,Yes
115589,No
115590,Yes
115591,Yes
115592,Yes
115593,No
115594,Yes
115595,No
115596,Yes
115597,Yes
115598,Yes
115599,Yes
115600,Yes
115601,Yes
115602,No
115603,Yes
115604,Yes
115605,Yes
115606,No
115607,Yes
115608,No
115609,No
115610,No
115611,No
115612,Yes
115613,Yes
115614,Yes
115615,Yes
115616,No
115617,Yes
115618,Yes
115619,No
115620,No
115621,Yes
115622,Yes
115623,Yes
115624,Yes
115625,No
115626,Yes
115627,Yes
115628,Yes
115629,Yes
115630,Yes
115631,Yes
115632,Yes
115633,No
115634,Yes
115635,Yes
115636,Yes
115637,Yes
115638,Yes
115639,Yes
115640,No
115641,No
115642,Yes
115643,Yes
115644,Yes
115645,Yes
115646,Yes
115647,No
115648,Yes
115649,No
115650,Yes
115651,No
115652,Yes
115653,Yes
115654,No
115655,No
115656,No
115657,Yes
115658,Yes
115659,Yes
115660,Yes
115661,Yes
115662,No
115663,No
115664,Yes
115665,No
115666,Yes
115667,Yes
115668,Yes
115669,No
115670,No
115671,No
115672,Yes
115673,Yes
115674,Yes
115675,No
115676,No
115677,Yes
115678,Yes
115679,Yes
115680,Yes
115681,No
115682,No
115683,No
115684,Yes
115685,Yes
115686,Yes
115687,No
115688,Yes
115689,Yes
115690,Yes
115691,Yes
115692,Yes
115693,Yes
115694,Yes
115695,Yes
115696,No
115697,Yes
115698,Yes
115699,No
115700,Yes
115701,No
115702,No
115703,Yes
115704,Yes
115705,No
115706,Yes
115707,Yes
115708,No
115709,No
115710,Yes
115711,No
115712,No
115713,No
115714,No
115715,No
115716,Yes
115717,No
115718,No
115719,Yes
115720,No
115721,Yes
115722,Yes
115723,No
115724,Yes
115725,No
115726,No
115727,Yes
115728,Yes
115729,Yes
115730,No
115731,No
115732,No
115733,No
115734,No
115735,No
115736,Yes
115737,Yes
115738,No
115739,No
115740,No
115741,No
115742,No
115743,No
115744,No
115745,No
115746,Yes
115747,Yes
115748,No
115749,Yes
115750,No
115751,Yes
115752,Yes
115753,No
115754,Yes
115755,Yes
115756,Yes
115757,Yes
115758,Yes
115759,Yes
115760,No
115761,No
115762,No
115763,No
115764,Yes
115765,No
115766,Yes
115767,Yes
115768,No
115769,Yes
115770,No
115771,No
115772,No
115773,Yes
115774,Yes
115775,Yes
115776,Yes
115777,Yes
115778,Yes
115779,No
115780,No
115781,Yes
115782,No
115783,No
115784,No
115785,Yes
115786,No
115787,Yes
115788,Yes
115789,Yes
115790,No
115791,Yes
115792,No
115793,No
115794,Yes
115795,Yes
115796,Yes
115797,Yes
115798,No
115799,No
115800,No
115801,Yes
115802,No
115803,Yes
115804,Yes
115805,No
115806,Yes
115807,Yes
115808,No
115809,No
115810,Yes
115811,No
115812,Yes
115813,Yes
115814,No
115815,Yes
115816,Yes
115817,Yes
115818,No
115819,No
115820,No
115821,No
115822,No
115823,No
115824,Yes
115825,Yes
115826,Yes
115827,No
115828,Yes
115829,Yes
115830,Yes
115831,Yes
115832,Yes
115833,Yes
115834,No
115835,Yes
115836,No
115837,Yes
115838,Yes
115839,No
115840,No
115841,Yes
115842,Yes
115843,Yes
115844,No
115845,No
115846,No
115847,Yes
115848,No
115849,Yes
115850,No
115851,No
115852,Yes
115853,No
115854,Yes
115855,Yes
115856,No
115857,Yes
115858,Yes
115859,No
115860,No
115861,No
115862,No
115863,No
115864,Yes
115865,No
115866,Yes
115867,Yes
115868,Yes
115869,No
115870,Yes
115871,No
115872,No
115873,Yes
115874,No
115875,No
115876,No
115877,Yes
115878,Yes
115879,Yes
115880,Yes
115881,Yes
115882,Yes
115883,Yes
115884,Yes
115885,No
115886,Yes
115887,No
115888,No
115889,No
115890,Yes
115891,No
115892,No
115893,Yes
115894,No
115895,No
115896,No
115897,Yes
115898,No
115899,Yes
115900,No
115901,Yes
115902,No
115903,Yes
115904,Yes
115905,Yes
115906,No
115907,No
115908,No
115909,No
115910,Yes
115911,Yes
115912,Yes
115913,Yes
115914,No
115915,No
115916,Yes
115917,No
115918,No
115919,Yes
115920,Yes
115921,Yes
115922,No
115923,Yes
115924,No
115925,No
115926,No
115927,No
115928,No
115929,Yes
115930,Yes
115931,No
115932,Yes
115933,No
115934,No
115935,No
115936,No
115937,No
115938,No
115939,Yes
115940,No
115941,Yes
115942,No
115943,Yes
115944,No
115945,Yes
115946,No
115947,Yes
115948,No
115949,Yes
115950,No
115951,No
115952,Yes
115953,No
115954,No
115955,Yes
115956,Yes
115957,Yes
115958,Yes
115959,No
115960,Yes
115961,No
115962,Yes
115963,No
115964,No
115965,Yes
115966,No
115967,Yes
115968,No
115969,Yes
115970,Yes
115971,Yes
115972,Yes
115973,No
115974,Yes
115975,No
115976,Yes
115977,Yes
115978,Yes
115979,No
115980,No
115981,No
115982,Yes
115983,Yes
115984,Yes
115985,No
115986,Yes
115987,Yes
115988,No
115989,Yes
115990,No
115991,No
115992,No
115993,Yes
115994,Yes
115995,Yes
115996,Yes
115997,No
115998,No
115999,No
116000,No
116001,Yes
116002,No
116003,No
116004,No
116005,Yes
116006,Yes
116007,Yes
116008,Yes
116009,No
116010,Yes
116011,Yes
116012,Yes
116013,No
116014,Yes
116015,Yes
116016,No
116017,Yes
116018,Yes
116019,No
116020,No
116021,Yes
116022,No
116023,Yes
116024,No
116025,Yes
116026,No
116027,Yes
116028,Yes
116029,Yes
116030,Yes
116031,No
116032,No
116033,Yes
116034,No
116035,Yes
116036,Yes
116037,No
116038,No
116039,Yes
116040,No
116041,No
116042,Yes
116043,Yes
116044,Yes
116045,Yes
116046,No
116047,Yes
116048,Yes
116049,No
116050,Yes
116051,Yes
116052,Yes
116053,Yes
116054,Yes
116055,Yes
116056,No
116057,Yes
116058,Yes
116059,Yes
116060,Yes
116061,No
116062,Yes
116063,No
116064,No
116065,No
116066,No
116067,No
116068,No
116069,Yes
116070,Yes
116071,Yes
116072,No
116073,Yes
116074,Yes
116075,Yes
116076,No
116077,Yes
116078,Yes
116079,No
116080,Yes
116081,Yes
116082,No
116083,Yes
116084,No
116085,No
116086,No
116087,No
116088,No
116089,Yes
116090,Yes
116091,Yes
116092,No
116093,Yes
116094,Yes
116095,No
116096,No
116097,No
116098,No
116099,Yes
116100,Yes
116101,No
116102,No
116103,Yes
116104,No
116105,No
116106,Yes
116107,No
116108,No
116109,Yes
116110,Yes
116111,Yes
116112,Yes
116113,No
116114,No
116115,No
116116,No
116117,Yes
116118,No
116119,No
116120,No
116121,Yes
116122,No
116123,Yes
116124,No
116125,No
116126,No
116127,No
116128,Yes
116129,No
116130,Yes
116131,Yes
116132,No
116133,Yes
116134,Yes
116135,Yes
116136,Yes
116137,Yes
116138,No
116139,No
116140,Yes
116141,Yes
116142,Yes
116143,No
116144,No
116145,No
116146,Yes
116147,No
116148,No
116149,Yes
116150,No
116151,No
116152,No
116153,Yes
116154,No
116155,No
116156,No
116157,Yes
116158,No
116159,Yes
116160,Yes
116161,No
116162,Yes
116163,Yes
116164,Yes
116165,Yes
116166,No
116167,No
116168,No
116169,Yes
116170,No
116171,Yes
116172,Yes
116173,No
116174,No
116175,Yes
116176,Yes
116177,No
116178,No
116179,Yes
116180,Yes
116181,No
116182,No
116183,No
116184,Yes
116185,Yes
116186,No
116187,No
116188,No
116189,Yes
116190,No
116191,Yes
116192,No
116193,Yes
116194,No
116195,Yes
116196,No
116197,No
116198,Yes
116199,Yes
116200,Yes
116201,No
116202,No
116203,Yes
116204,Yes
116205,No
116206,No
116207,No
116208,Yes
116209,No
116210,No
116211,Yes
116212,No
116213,No
116214,No
116215,Yes
116216,No
116217,Yes
116218,Yes
116219,Yes
116220,Yes
116221,Yes
116222,No
116223,Yes
116224,No
116225,No
116226,No
116227,No
116228,No
116229,Yes
116230,No
116231,Yes
116232,Yes
116233,No
116234,No
116235,Yes
116236,Yes
116237,No
116238,No
116239,Yes
116240,No
116241,No
116242,Yes
116243,Yes
116244,Yes
116245,No
116246,Yes
116247,Yes
116248,Yes
116249,Yes
116250,No
116251,Yes
116252,Yes
116253,Yes
116254,No
116255,No
116256,No
116257,No
116258,No
116259,No
116260,Yes
116261,Yes
116262,Yes
116263,No
116264,Yes
116265,No
116266,Yes
116267,Yes
116268,Yes
116269,Yes
116270,Yes
116271,No
116272,Yes
116273,No
116274,No
116275,Yes
116276,Yes
116277,Yes
116278,No
116279,No
116280,Yes
116281,Yes
116282,Yes
116283,Yes
116284,No
116285,Yes
116286,Yes
116287,No
116288,Yes
116289,No
116290,Yes
116291,Yes
116292,No
116293,Yes
116294,Yes
116295,Yes
116296,No
116297,No
116298,Yes
116299,No
116300,Yes
116301,No
116302,No
116303,Yes
116304,No
116305,Yes
116306,Yes
116307,Yes
116308,No
116309,Yes
116310,No
116311,Yes
116312,No
116313,Yes
116314,No
116315,Yes
116316,Yes
116317,Yes
116318,No
116319,Yes
116320,Yes
116321,Yes
116322,No
116323,No
116324,Yes
116325,Yes
116326,No
116327,Yes
116328,Yes
116329,No
116330,Yes
116331,No
116332,Yes
116333,No
116334,Yes
116335,Yes
116336,Yes
116337,Yes
116338,No
116339,Yes
116340,No
116341,Yes
116342,Yes
116343,No
116344,Yes
116345,No
116346,No
116347,Yes
116348,Yes
116349,No
116350,No
116351,No
116352,Yes
116353,Yes
116354,Yes
116355,Yes
116356,Yes
116357,Yes
116358,Yes
116359,No
116360,No
116361,Yes
116362,No
116363,No
116364,No
116365,Yes
116366,Yes
116367,No
116368,No
116369,Yes
116370,Yes
116371,Yes
116372,Yes
116373,Yes
116374,Yes
116375,Yes
116376,Yes
116377,No
116378,Yes
116379,Yes
116380,No
116381,Yes
116382,No
116383,Yes
116384,Yes
116385,Yes
116386,Yes
116387,No
116388,Yes
116389,Yes
116390,Yes
116391,Yes
116392,Yes
116393,Yes
116394,No
116395,Yes
116396,No
116397,Yes
116398,Yes
116399,No
116400,Yes
116401,Yes
116402,No
116403,Yes
116404,Yes
116405,Yes
116406,Yes
116407,No
116408,No
116409,Yes
116410,No
116411,Yes
116412,Yes
116413,Yes
116414,No
116415,No
116416,Yes
116417,No
116418,Yes
116419,Yes
116420,No
116421,No
116422,Yes
116423,Yes
116424,Yes
116425,Yes
116426,Yes
116427,Yes
116428,Yes
116429,No
116430,No
116431,No
116432,No
116433,No
116434,Yes
116435,No
116436,Yes
116437,Yes
116438,Yes
116439,Yes
116440,Yes
116441,Yes
116442,Yes
116443,Yes
116444,Yes
116445,No
116446,No
116447,Yes
116448,No
116449,Yes
116450,No
116451,No
116452,No
116453,No
116454,Yes
116455,Yes
116456,Yes
116457,Yes
116458,Yes
116459,No
116460,No
116461,No
116462,Yes
116463,No
116464,Yes
116465,Yes
116466,Yes
116467,Yes
116468,No
116469,Yes
116470,Yes
116471,No
116472,No
116473,Yes
116474,Yes
116475,Yes
116476,Yes
116477,No
116478,Yes
116479,Yes
116480,No
116481,Yes
116482,Yes
116483,Yes
116484,No
116485,Yes
116486,Yes
116487,No
116488,Yes
116489,Yes
116490,Yes
116491,Yes
116492,Yes
116493,No
116494,No
116495,Yes
116496,Yes
116497,Yes
116498,Yes
116499,Yes
116500,No
116501,No
116502,Yes
116503,No
116504,No
116505,No
116506,No
116507,Yes
116508,Yes
116509,No
116510,Yes
116511,No
116512,Yes
116513,No
116514,No
116515,Yes
116516,No
116517,No
116518,Yes
116519,No
116520,No
116521,No
116522,Yes
116523,No
116524,No
116525,No
116526,No
116527,No
116528,Yes
116529,No
116530,No
116531,Yes
116532,No
116533,No
116534,Yes
116535,Yes
116536,Yes
116537,No
116538,Yes
116539,Yes
116540,Yes
116541,No
116542,No
116543,No
116544,Yes
116545,Yes
116546,Yes
116547,No
116548,Yes
116549,Yes
116550,Yes
116551,Yes
116552,No
116553,Yes
116554,No
116555,Yes
116556,Yes
116557,Yes
116558,Yes
116559,No
116560,Yes
116561,Yes
116562,Yes
116563,Yes
116564,No
116565,No
116566,Yes
116567,Yes
116568,No
116569,No
116570,Yes
116571,Yes
116572,Yes
116573,Yes
116574,Yes
116575,No
116576,Yes
116577,Yes
116578,No
116579,No
116580,Yes
116581,No
116582,No
116583,Yes
116584,Yes
116585,No
116586,No
116587,No
116588,No
116589,No
116590,No
116591,Yes
116592,No
116593,Yes
116594,Yes
116595,No
116596,Yes
116597,No
116598,Yes
116599,Yes
116600,Yes
116601,No
116602,Yes
116603,Yes
116604,No
116605,No
116606,No
116607,No
116608,Yes
116609,Yes
116610,Yes
116611,Yes
116612,Yes
116613,No
116614,Yes
116615,Yes
116616,Yes
116617,No
116618,No
116619,No
116620,No
116621,Yes
116622,Yes
116623,Yes
116624,Yes
116625,Yes
116626,Yes
116627,No
116628,No
116629,Yes
116630,Yes
116631,Yes
116632,Yes
116633,No
116634,Yes
116635,Yes
116636,No
116637,Yes
116638,No
116639,No
116640,No
116641,No
116642,Yes
116643,No
116644,Yes
116645,No
116646,Yes
116647,No
116648,Yes
116649,Yes
116650,No
116651,Yes
116652,No
116653,No
116654,Yes
116655,No
116656,Yes
116657,No
116658,Yes
116659,No
116660,Yes
116661,No
116662,No
116663,No
116664,Yes
116665,No
116666,Yes
116667,Yes
116668,No
116669,No
116670,Yes
116671,No
116672,Yes
116673,Yes
116674,Yes
116675,No
116676,Yes
116677,Yes
116678,Yes
116679,Yes
116680,No
116681,Yes
116682,No
116683,Yes
116684,Yes
116685,Yes
116686,Yes
116687,No
116688,No
116689,Yes
116690,Yes
116691,No
116692,No
116693,Yes
116694,Yes
116695,Yes
116696,No
116697,No
116698,Yes
116699,Yes
116700,Yes
116701,No
116702,No
116703,Yes
116704,Yes
116705,Yes
116706,Yes
116707,Yes
116708,No
116709,No
116710,Yes
116711,Yes
116712,No
116713,Yes
116714,No
116715,No
116716,Yes
116717,Yes
116718,Yes
116719,No
116720,No
116721,No
116722,No
116723,No
116724,No
116725,Yes
116726,No
116727,Yes
116728,Yes
116729,Yes
116730,Yes
116731,Yes
116732,Yes
116733,Yes
116734,Yes
116735,No
116736,Yes
116737,No
116738,No
116739,Yes
116740,Yes
116741,No
116742,Yes
116743,No
116744,Yes
116745,Yes
116746,No
116747,Yes
116748,Yes
116749,Yes
116750,Yes
116751,Yes
116752,Yes
116753,Yes
116754,Yes
116755,No
116756,Yes
116757,Yes
116758,Yes
116759,Yes
116760,No
116761,Yes
116762,No
116763,No
116764,No
116765,No
116766,No
116767,No
116768,Yes
116769,Yes
116770,Yes
116771,Yes
116772,No
116773,No
116774,Yes
116775,Yes
116776,Yes
116777,No
116778,Yes
116779,No
116780,No
116781,No
116782,No
116783,No
116784,Yes
116785,No
116786,No
116787,Yes
116788,No
116789,No
116790,Yes
116791,Yes
116792,Yes
116793,No
116794,Yes
116795,No
116796,Yes
116797,Yes
116798,Yes
116799,Yes
116800,Yes
116801,No
116802,Yes
116803,No
116804,No
116805,Yes
116806,No
116807,No
116808,Yes
116809,No
116810,No
116811,No
116812,Yes
116813,No
116814,No
116815,Yes
116816,Yes
116817,Yes
116818,Yes
116819,Yes
116820,Yes
116821,Yes
116822,Yes
116823,Yes
116824,No
116825,Yes
116826,Yes
116827,No
116828,Yes
116829,No
116830,Yes
116831,Yes
116832,Yes
116833,Yes
116834,No
116835,No
116836,No
116837,No
116838,Yes
116839,No
116840,Yes
116841,No
116842,No
116843,No
116844,Yes
116845,Yes
116846,Yes
116847,No
116848,Yes
116849,Yes
116850,No
116851,No
116852,Yes
116853,No
116854,Yes
116855,No
116856,Yes
116857,Yes
116858,No
116859,Yes
116860,No
116861,No
116862,Yes
116863,No
116864,No
116865,Yes
116866,No
116867,No
116868,No
116869,No
116870,No
116871,Yes
116872,No
116873,Yes
116874,No
116875,No
116876,Yes
116877,No
116878,Yes
116879,No
116880,Yes
116881,Yes
116882,Yes
116883,No
116884,No
116885,No
116886,Yes
116887,Yes
116888,Yes
116889,No
116890,No
116891,Yes
116892,Yes
116893,Yes
116894,Yes
116895,Yes
116896,Yes
116897,No
116898,Yes
116899,No
116900,No
116901,Yes
116902,No
116903,No
116904,Yes
116905,Yes
116906,Yes
116907,Yes
116908,Yes
116909,No
116910,No
116911,Yes
116912,Yes
116913,No
116914,Yes
116915,No
116916,Yes
116917,No
116918,Yes
116919,No
116920,Yes
116921,No
116922,No
116923,Yes
116924,Yes
116925,Yes
116926,Yes
116927,No
116928,No
116929,Yes
116930,No
116931,No
116932,No
116933,Yes
116934,No
116935,Yes
116936,No
116937,No
116938,Yes
116939,No
116940,No
116941,Yes
116942,Yes
116943,Yes
116944,No
116945,No
116946,No
116947,Yes
116948,No
116949,No
116950,No
116951,No
116952,Yes
116953,Yes
116954,No
116955,No
116956,Yes
116957,Yes
116958,Yes
116959,No
116960,Yes
116961,No
116962,Yes
116963,Yes
116964,Yes
116965,No
116966,Yes
116967,No
116968,Yes
116969,Yes
116970,No
116971,No
116972,Yes
116973,Yes
116974,Yes
116975,Yes
116976,No
116977,Yes
116978,Yes
116979,No
116980,No
116981,No
116982,No
116983,No
116984,Yes
116985,No
116986,Yes
116987,No
116988,No
116989,Yes
116990,Yes
116991,Yes
116992,Yes
116993,Yes
116994,No
116995,No
116996,No
116997,Yes
116998,Yes
116999,Yes
117000,Yes
117001,Yes
117002,No
117003,No
117004,Yes
117005,No
117006,No
117007,Yes
117008,No
117009,No
117010,Yes
117011,Yes
117012,Yes
117013,Yes
117014,Yes
117015,Yes
117016,Yes
117017,Yes
117018,Yes
117019,Yes
117020,No
117021,Yes
117022,Yes
117023,No
117024,Yes
117025,Yes
117026,Yes
117027,Yes
117028,Yes
117029,Yes
117030,No
117031,Yes
117032,Yes
117033,No
117034,Yes
117035,Yes
117036,Yes
117037,Yes
117038,No
117039,No
117040,Yes
117041,Yes
117042,No
117043,Yes
117044,Yes
117045,Yes
117046,Yes
117047,Yes
117048,No
117049,Yes
117050,Yes
117051,No
117052,Yes
117053,Yes
117054,Yes
117055,Yes
117056,Yes
117057,Yes
117058,No
117059,Yes
117060,No
117061,Yes
117062,Yes
117063,No
117064,Yes
117065,Yes
117066,Yes
117067,Yes
117068,No
117069,Yes
117070,No
117071,No
117072,Yes
117073,Yes
117074,No
117075,Yes
117076,No
117077,No
117078,Yes
117079,No
117080,Yes
117081,Yes
117082,Yes
117083,Yes
117084,Yes
117085,Yes
117086,Yes
117087,Yes
117088,No
117089,Yes
117090,Yes
117091,No
117092,No
117093,No
117094,Yes
117095,No
117096,Yes
117097,Yes
117098,Yes
117099,No
117100,Yes
117101,No
117102,Yes
117103,No
117104,Yes
117105,No
117106,No
117107,Yes
117108,Yes
117109,No
117110,Yes
117111,Yes
117112,Yes
117113,Yes
117114,No
117115,No
117116,Yes
117117,Yes
117118,No
117119,No
117120,No
117121,No
117122,Yes
117123,Yes
117124,No
117125,No
117126,Yes
117127,Yes
117128,No
117129,Yes
117130,No
117131,No
117132,Yes
117133,No
117134,Yes
117135,No
117136,No
117137,Yes
117138,Yes
117139,Yes
117140,Yes
117141,Yes
117142,No
117143,Yes
117144,Yes
117145,Yes
117146,Yes
117147,Yes
117148,Yes
117149,No
117150,No
117151,Yes
117152,No
117153,Yes
117154,No
117155,Yes
117156,Yes
117157,Yes
117158,Yes
117159,No
117160,Yes
117161,Yes
117162,Yes
117163,No
117164,Yes
117165,No
117166,Yes
117167,Yes
117168,No
117169,Yes
117170,No
117171,Yes
117172,No
117173,Yes
117174,No
117175,Yes
117176,Yes
117177,No
117178,No
117179,Yes
117180,Yes
117181,No
117182,No
117183,Yes
117184,No
117185,Yes
117186,Yes
117187,Yes
117188,Yes
117189,Yes
117190,Yes
117191,Yes
117192,No
117193,No
117194,No
117195,No
117196,No
117197,No
117198,No
117199,No
117200,No
117201,Yes
117202,Yes
117203,Yes
117204,No
117205,No
117206,Yes
117207,Yes
117208,Yes
117209,No
117210,No
117211,No
117212,Yes
117213,Yes
117214,No
117215,Yes
117216,Yes
117217,No
117218,Yes
117219,Yes
117220,Yes
117221,Yes
117222,No
117223,Yes
117224,Yes
117225,No
117226,No
117227,Yes
117228,Yes
117229,No
117230,No
117231,Yes
117232,No
117233,Yes
117234,No
117235,No
117236,No
117237,Yes
117238,Yes
117239,No
117240,No
117241,No
117242,Yes
117243,Yes
117244,Yes
117245,Yes
117246,No
117247,No
117248,Yes
117249,Yes
117250,Yes
117251,Yes
117252,Yes
117253,Yes
117254,No
117255,Yes
117256,Yes
117257,No
117258,Yes
117259,Yes
117260,Yes
117261,Yes
117262,No
117263,No
117264,Yes
117265,Yes
117266,No
117267,Yes
117268,No
117269,Yes
117270,Yes
117271,Yes
117272,No
117273,Yes
117274,No
117275,Yes
117276,No
117277,Yes
117278,No
117279,No
117280,Yes
117281,Yes
117282,No
117283,No
117284,Yes
117285,Yes
117286,No
117287,Yes
117288,No
117289,Yes
117290,Yes
117291,Yes
117292,Yes
117293,Yes
117294,No
117295,No
117296,Yes
117297,Yes
117298,Yes
117299,Yes
117300,Yes
117301,No
117302,Yes
117303,Yes
117304,No
117305,No
117306,No
117307,No
117308,No
117309,No
117310,Yes
117311,Yes
117312,Yes
117313,Yes
117314,Yes
117315,Yes
117316,Yes
117317,No
117318,Yes
117319,Yes
117320,Yes
117321,Yes
117322,No
117323,Yes
117324,Yes
117325,Yes
117326,Yes
117327,Yes
117328,Yes
117329,No
117330,Yes
117331,Yes
117332,Yes
117333,No
117334,Yes
117335,Yes
117336,No
117337,Yes
117338,Yes
117339,Yes
117340,Yes
117341,Yes
117342,No
117343,Yes
117344,Yes
117345,No
117346,Yes
117347,No
117348,No
117349,No
117350,No
117351,No
117352,No
117353,No
117354,No
117355,No
117356,Yes
117357,No
117358,No
117359,Yes
117360,No
117361,No
117362,Yes
117363,Yes
117364,Yes
117365,Yes
117366,No
117367,Yes
117368,No
117369,Yes
117370,Yes
117371,Yes
117372,Yes
117373,No
117374,Yes
117375,Yes
117376,Yes
117377,No
117378,Yes
117379,Yes
117380,Yes
117381,No
117382,No
117383,Yes
117384,Yes
117385,Yes
117386,No
117387,Yes
117388,Yes
117389,No
117390,No
117391,No
117392,No
117393,Yes
117394,Yes
117395,Yes
117396,Yes
117397,No
117398,No
117399,Yes
117400,No
117401,Yes
117402,Yes
117403,Yes
117404,No
117405,Yes
117406,No
117407,Yes
117408,No
117409,No
117410,No
117411,Yes
117412,Yes
117413,Yes
117414,No
117415,Yes
117416,No
117417,No
117418,No
117419,No
117420,No
117421,Yes
117422,Yes
117423,No
117424,Yes
117425,Yes
117426,No
117427,No
117428,Yes
117429,No
117430,Yes
117431,Yes
117432,No
117433,No
117434,Yes
117435,Yes
117436,No
117437,No
117438,Yes
117439,Yes
117440,Yes
117441,No
117442,Yes
117443,No
117444,Yes
117445,No
117446,Yes
117447,Yes
117448,No
117449,Yes
117450,No
117451,No
117452,Yes
117453,Yes
117454,No
117455,No
117456,No
117457,No
117458,Yes
117459,Yes
117460,No
117461,Yes
117462,Yes
117463,No
117464,Yes
117465,Yes
117466,Yes
117467,Yes
117468,No
117469,Yes
117470,Yes
117471,Yes
117472,Yes
117473,Yes
117474,No
117475,No
117476,Yes
117477,Yes
117478,Yes
117479,Yes
117480,Yes
117481,No
117482,Yes
117483,Yes
117484,No
117485,No
117486,Yes
117487,Yes
117488,Yes
117489,No
117490,Yes
117491,Yes
117492,No
117493,Yes
117494,Yes
117495,Yes
117496,Yes
117497,Yes
117498,No
117499,Yes
117500,Yes
117501,No
117502,Yes
117503,Yes
117504,No
117505,Yes
117506,Yes
117507,No
117508,Yes
117509,No
117510,Yes
117511,No
117512,Yes
117513,Yes
117514,Yes
117515,No
117516,Yes
117517,No
117518,Yes
117519,No
117520,No
117521,No
117522,Yes
117523,Yes
117524,No
117525,No
117526,Yes
117527,Yes
117528,Yes
117529,No
117530,No
117531,Yes
117532,Yes
117533,No
117534,Yes
117535,Yes
117536,No
117537,No
117538,Yes
117539,No
117540,No
117541,Yes
117542,No
117543,No
117544,No
117545,Yes
117546,Yes
117547,Yes
117548,No
117549,No
117550,No
117551,No
117552,No
117553,Yes
117554,Yes
117555,No
117556,Yes
117557,No
117558,No
117559,No
117560,Yes
117561,No
117562,Yes
117563,Yes
117564,Yes
117565,Yes
117566,Yes
117567,No
117568,Yes
117569,Yes
117570,No
117571,Yes
117572,No
117573,Yes
117574,Yes
117575,Yes
117576,Yes
117577,Yes
117578,Yes
117579,Yes
117580,No
117581,No
117582,Yes
117583,No
117584,No
117585,Yes
117586,Yes
117587,No
117588,Yes
117589,Yes
117590,Yes
117591,No
117592,Yes
117593,No
117594,No
117595,No
117596,Yes
117597,Yes
117598,Yes
117599,Yes
117600,Yes
117601,No
117602,No
117603,No
117604,Yes
117605,Yes
117606,Yes
117607,No
117608,Yes
117609,Yes
117610,Yes
117611,No
117612,Yes
117613,Yes
117614,No
117615,No
117616,No
117617,No
117618,Yes
117619,No
117620,No
117621,No
117622,No
117623,Yes
117624,Yes
117625,No
117626,Yes
117627,No
117628,No
117629,Yes
117630,Yes
117631,Yes
117632,Yes
117633,No
117634,No
117635,No
117636,Yes
117637,Yes
117638,No
117639,No
117640,Yes
117641,No
117642,Yes
117643,Yes
117644,No
117645,No
117646,No
117647,Yes
117648,Yes
117649,Yes
117650,No
117651,No
117652,No
117653,Yes
117654,No
117655,Yes
117656,No
117657,No
117658,Yes
117659,No
117660,Yes
117661,No
117662,No
117663,No
117664,Yes
117665,No
117666,No
117667,No
117668,No
117669,No
117670,No
117671,Yes
117672,Yes
117673,No
117674,No
117675,Yes
117676,Yes
117677,Yes
117678,Yes
117679,No
117680,Yes
117681,Yes
117682,Yes
117683,Yes
117684,Yes
117685,Yes
117686,No
117687,Yes
117688,Yes
117689,Yes
117690,Yes
117691,Yes
117692,No
117693,Yes
117694,Yes
117695,No
117696,Yes
117697,No
117698,Yes
117699,No
117700,Yes
117701,No
117702,No
117703,No
117704,No
117705,Yes
117706,No
117707,No
117708,Yes
117709,No
117710,Yes
117711,No
117712,Yes
117713,Yes
117714,Yes
117715,Yes
117716,Yes
117717,Yes
117718,No
117719,No
117720,Yes
117721,Yes
117722,Yes
117723,No
117724,Yes
117725,Yes
117726,No
117727,Yes
117728,Yes
117729,No
117730,No
117731,No
117732,No
117733,Yes
117734,Yes
117735,Yes
117736,Yes
117737,No
117738,Yes
117739,No
117740,No
117741,No
117742,No
117743,Yes
117744,No
117745,Yes
117746,No
117747,Yes
117748,Yes
117749,No
117750,Yes
117751,Yes
117752,Yes
117753,Yes
117754,Yes
117755,Yes
117756,No
117757,No
117758,Yes
117759,Yes
117760,No
117761,Yes
117762,No
117763,Yes
117764,Yes
117765,No
117766,Yes
117767,Yes
117768,Yes
117769,No
117770,Yes
117771,Yes
117772,Yes
117773,Yes
117774,Yes
117775,Yes
117776,No
117777,Yes
117778,Yes
117779,Yes
117780,Yes
117781,No
117782,Yes
117783,No
117784,Yes
117785,No
117786,Yes
117787,No
117788,Yes
117789,Yes
117790,Yes
117791,No
117792,Yes
117793,No
117794,No
117795,Yes
117796,No
117797,Yes
117798,No
117799,Yes
117800,No
117801,Yes
117802,Yes
117803,Yes
117804,Yes
117805,Yes
117806,No
117807,No
117808,Yes
117809,Yes
117810,Yes
117811,Yes
117812,Yes
117813,Yes
117814,Yes
117815,Yes
117816,Yes
117817,No
117818,Yes
117819,Yes
117820,Yes
117821,No
117822,Yes
117823,Yes
117824,Yes
117825,Yes
117826,Yes
117827,Yes
117828,No
117829,No
117830,No
117831,Yes
117832,No
117833,Yes
117834,Yes
117835,No
117836,Yes
117837,Yes
117838,Yes
117839,Yes
117840,Yes
117841,Yes
117842,Yes
117843,No
117844,Yes
117845,Yes
117846,No
117847,Yes
117848,No
117849,Yes
117850,Yes
117851,Yes
117852,Yes
117853,Yes
117854,Yes
117855,No
117856,Yes
117857,No
117858,Yes
117859,No
117860,Yes
117861,No
117862,No
117863,Yes
117864,No
117865,Yes
117866,Yes
117867,No
117868,Yes
117869,Yes
117870,No
117871,No
117872,Yes
117873,No
117874,Yes
117875,Yes
117876,No
117877,No
117878,Yes
117879,Yes
117880,Yes
117881,Yes
117882,Yes
117883,No
117884,Yes
117885,No
117886,Yes
117887,No
117888,Yes
117889,No
117890,Yes
117891,No
117892,Yes
117893,No
117894,Yes
117895,No
117896,Yes
117897,Yes
117898,No
117899,No
117900,No
117901,No
117902,Yes
117903,Yes
117904,Yes
117905,Yes
117906,Yes
117907,No
117908,Yes
117909,Yes
117910,Yes
117911,Yes
117912,Yes
117913,Yes
117914,Yes
117915,Yes
117916,No
117917,No
117918,Yes
117919,Yes
117920,Yes
117921,Yes
117922,No
117923,Yes
117924,Yes
117925,Yes
117926,No
117927,Yes
117928,No
117929,No
117930,No
117931,Yes
117932,Yes
117933,No
117934,Yes
117935,Yes
117936,No
117937,No
117938,Yes
117939,No
117940,No
117941,Yes
117942,No
117943,Yes
117944,Yes
117945,No
117946,Yes
117947,No
117948,No
117949,No
117950,No
117951,No
117952,Yes
117953,No
117954,No
117955,Yes
117956,No
117957,No
117958,Yes
117959,Yes
117960,Yes
117961,Yes
117962,Yes
117963,Yes
117964,Yes
117965,No
117966,No
117967,Yes
117968,No
117969,No
117970,No
117971,Yes
117972,No
117973,Yes
117974,Yes
117975,Yes
117976,No
117977,Yes
117978,Yes
117979,Yes
117980,No
117981,No
117982,Yes
117983,No
117984,No
117985,No
117986,Yes
117987,No
117988,No
117989,No
117990,No
117991,No
117992,No
117993,Yes
117994,Yes
117995,Yes
117996,No
117997,Yes
117998,No
117999,Yes
118000,Yes
118001,Yes
118002,Yes
118003,Yes
118004,No
118005,Yes
118006,Yes
118007,No
118008,Yes
118009,No
118010,Yes
118011,No
118012,No
118013,No
118014,Yes
118015,No
118016,No
118017,No
118018,Yes
118019,Yes
118020,Yes
118021,No
118022,No
118023,No
118024,Yes
118025,Yes
118026,No
118027,No
118028,Yes
118029,No
118030,Yes
118031,No
118032,Yes
118033,Yes
118034,Yes
118035,Yes
118036,No
118037,No
118038,Yes
118039,Yes
118040,No
118041,Yes
118042,Yes
118043,No
118044,No
118045,No
118046,Yes
118047,Yes
118048,Yes
118049,No
118050,Yes
118051,Yes
118052,No
118053,Yes
118054,Yes
118055,No
118056,Yes
118057,Yes
118058,No
118059,No
118060,No
118061,Yes
118062,No
118063,No
118064,No
118065,Yes
118066,Yes
118067,No
118068,Yes
118069,No
118070,Yes
118071,No
118072,No
118073,No
118074,Yes
118075,No
118076,Yes
118077,Yes
118078,No
118079,Yes
118080,Yes
118081,Yes
118082,Yes
118083,No
118084,Yes
118085,No
118086,Yes
118087,Yes
118088,Yes
118089,Yes
118090,No
118091,No
118092,No
118093,No
118094,Yes
118095,Yes
118096,Yes
118097,Yes
118098,No
118099,Yes
118100,No
118101,Yes
118102,Yes
118103,Yes
118104,Yes
118105,Yes
118106,No
118107,Yes
118108,No
118109,Yes
118110,Yes
118111,No
118112,Yes
118113,Yes
118114,No
118115,Yes
118116,Yes
118117,No
118118,Yes
118119,No
118120,Yes
118121,Yes
118122,Yes
118123,Yes
118124,Yes
118125,Yes
118126,Yes
118127,No
118128,Yes
118129,Yes
118130,No
118131,No
118132,Yes
118133,No
118134,Yes
118135,Yes
118136,Yes
118137,No
118138,Yes
118139,No
118140,No
118141,No
118142,Yes
118143,Yes
118144,Yes
118145,Yes
118146,No
118147,Yes
118148,No
118149,No
118150,Yes
118151,No
118152,Yes
118153,Yes
118154,No
118155,No
118156,No
118157,No
118158,Yes
118159,No
118160,Yes
118161,No
118162,No
118163,No
118164,No
118165,Yes
118166,Yes
118167,Yes
118168,No
118169,No
118170,Yes
118171,No
118172,Yes
118173,No
118174,Yes
118175,Yes
118176,No
118177,Yes
118178,No
118179,Yes
118180,No
118181,Yes
118182,Yes
118183,Yes
118184,Yes
118185,Yes
118186,Yes
118187,Yes
118188,Yes
118189,Yes
118190,Yes
118191,Yes
118192,Yes
118193,No
118194,Yes
118195,Yes
118196,No
118197,Yes
118198,No
118199,No
118200,Yes
118201,Yes
118202,Yes
118203,Yes
118204,No
118205,Yes
118206,No
118207,No
118208,Yes
118209,Yes
118210,Yes
118211,Yes
118212,Yes
118213,No
118214,Yes
118215,Yes
118216,Yes
118217,No
118218,Yes
118219,No
118220,Yes
118221,Yes
118222,No
118223,Yes
118224,Yes
118225,Yes
118226,Yes
118227,Yes
118228,Yes
118229,No
118230,Yes
118231,No
118232,No
118233,No
118234,No
118235,No
118236,No
118237,Yes
118238,Yes
118239,Yes
118240,Yes
118241,Yes
118242,Yes
118243,Yes
118244,No
118245,Yes
118246,No
118247,Yes
118248,Yes
118249,Yes
118250,Yes
118251,Yes
118252,No
118253,No
118254,Yes
118255,Yes
118256,Yes
118257,No
118258,Yes
118259,Yes
118260,Yes
118261,No
118262,No
118263,No
118264,Yes
118265,No
118266,Yes
118267,Yes
118268,Yes
118269,No
118270,No
118271,Yes
118272,No
118273,Yes
118274,No
118275,Yes
118276,Yes
118277,Yes
118278,No
118279,Yes
118280,No
118281,Yes
118282,No
118283,Yes
118284,No
118285,No
118286,Yes
118287,No
118288,No
118289,No
118290,No
118291,Yes
118292,Yes
118293,Yes
118294,Yes
118295,Yes
118296,No
118297,No
118298,Yes
118299,Yes
118300,Yes
118301,Yes
118302,Yes
118303,Yes
118304,No
118305,No
118306,No
118307,Yes
118308,No
118309,No
118310,Yes
118311,No
118312,Yes
118313,Yes
118314,Yes
118315,Yes
118316,No
118317,No
118318,Yes
118319,No
118320,Yes
118321,No
118322,Yes
118323,No
118324,Yes
118325,Yes
118326,Yes
118327,Yes
118328,Yes
118329,Yes
118330,Yes
118331,No
118332,Yes
118333,No
118334,No
118335,Yes
118336,No
118337,Yes
118338,No
118339,Yes
118340,Yes
118341,Yes
118342,Yes
118343,No
118344,No
118345,No
118346,Yes
118347,No
118348,No
118349,No
118350,No
118351,Yes
118352,Yes
118353,Yes
118354,No
118355,No
118356,Yes
118357,Yes
118358,Yes
118359,Yes
118360,Yes
118361,Yes
118362,No
118363,No
118364,Yes
118365,Yes
118366,No
118367,Yes
118368,No
118369,Yes
118370,Yes
118371,Yes
118372,No
118373,Yes
118374,Yes
118375,Yes
118376,Yes
118377,No
118378,No
118379,Yes
118380,No
118381,No
118382,Yes
118383,No
118384,No
118385,Yes
118386,Yes
118387,Yes
118388,Yes
118389,Yes
118390,Yes
118391,Yes
118392,No
118393,Yes
118394,No
118395,Yes
118396,No
118397,No
118398,Yes
118399,Yes
118400,No
118401,Yes
118402,No
118403,Yes
118404,No
118405,No
118406,Yes
118407,Yes
118408,No
118409,No
118410,Yes
118411,Yes
118412,Yes
118413,Yes
118414,No
118415,No
118416,No
118417,No
118418,Yes
118419,Yes
118420,No
118421,No
118422,Yes
118423,No
118424,No
118425,No
118426,Yes
118427,No
118428,No
118429,No
118430,Yes
118431,Yes
118432,No
118433,No
118434,No
118435,Yes
118436,Yes
118437,Yes
118438,Yes
118439,No
118440,No
118441,Yes
118442,Yes
118443,No
118444,Yes
118445,Yes
118446,No
118447,Yes
118448,Yes
118449,Yes
118450,No
118451,No
118452,No
118453,Yes
118454,Yes
118455,Yes
118456,No
118457,Yes
118458,Yes
118459,No
118460,Yes
118461,Yes
118462,Yes
118463,No
118464,No
118465,Yes
118466,No
118467,Yes
118468,Yes
118469,No
118470,No
118471,Yes
118472,No
118473,Yes
118474,Yes
118475,No
118476,No
118477,Yes
118478,No
118479,No
118480,Yes
118481,No
118482,No
118483,Yes
118484,No
118485,No
118486,No
118487,Yes
118488,No
118489,Yes
118490,Yes
118491,Yes
118492,Yes
118493,No
118494,No
118495,No
118496,Yes
118497,Yes
118498,No
118499,Yes
118500,No
118501,Yes
118502,Yes
118503,Yes
118504,Yes
118505,Yes
118506,Yes
118507,Yes
118508,No
118509,Yes
118510,No
118511,Yes
118512,No
118513,Yes
118514,Yes
118515,Yes
118516,No
118517,No
118518,Yes
118519,Yes
118520,Yes
118521,Yes
118522,No
118523,Yes
118524,Yes
118525,No
118526,Yes
118527,Yes
118528,Yes
118529,Yes
118530,Yes
118531,Yes
118532,Yes
118533,No
118534,No
118535,No
118536,No
118537,Yes
118538,Yes
118539,Yes
118540,No
118541,Yes
118542,No
118543,No
118544,Yes
118545,No
118546,Yes
118547,Yes
118548,No
118549,Yes
118550,Yes
118551,No
118552,Yes
118553,Yes
118554,No
118555,No
118556,Yes
118557,No
118558,No
118559,No
118560,Yes
118561,No
118562,No
118563,Yes
118564,No
118565,No
118566,Yes
118567,Yes
118568,No
118569,Yes
118570,No
118571,No
118572,No
118573,Yes
118574,Yes
118575,Yes
118576,Yes
118577,Yes
118578,Yes
118579,Yes
118580,No
118581,Yes
118582,Yes
118583,Yes
118584,Yes
118585,No
118586,Yes
118587,No
118588,Yes
118589,No
118590,No
118591,No
118592,Yes
118593,No
118594,No
118595,Yes
118596,Yes
118597,Yes
118598,No
118599,No
118600,No
118601,Yes
118602,No
118603,Yes
118604,No
118605,Yes
118606,Yes
118607,Yes
118608,Yes
118609,No
118610,Yes
118611,No
118612,No
118613,No
118614,No
118615,Yes
118616,No
118617,No
118618,Yes
118619,Yes
118620,No
118621,Yes
118622,Yes
118623,Yes
118624,No
118625,No
118626,No
118627,No
118628,Yes
118629,No
118630,No
118631,Yes
118632,Yes
118633,Yes
118634,No
118635,No
118636,No
118637,No
118638,Yes
118639,Yes
118640,Yes
118641,Yes
118642,Yes
118643,No
118644,No
118645,Yes
118646,Yes
118647,No
118648,Yes
118649,No
118650,Yes
118651,No
118652,Yes
118653,Yes
118654,No
118655,Yes
118656,No
118657,No
118658,No
118659,No
118660,No
118661,No
118662,Yes
118663,No
118664,Yes
118665,Yes
118666,Yes
118667,No
118668,No
118669,No
118670,Yes
118671,No
118672,Yes
118673,Yes
118674,Yes
118675,Yes
118676,Yes
118677,Yes
118678,No
118679,Yes
118680,Yes
118681,Yes
118682,Yes
118683,No
118684,Yes
118685,No
118686,No
118687,Yes
118688,No
118689,No
118690,Yes
118691,No
118692,Yes
118693,Yes
118694,Yes
118695,No
118696,No
118697,Yes
118698,No
118699,No
118700,No
118701,Yes
118702,No
118703,No
118704,Yes
118705,Yes
118706,Yes
118707,Yes
118708,Yes
118709,Yes
118710,Yes
118711,Yes
118712,No
118713,No
118714,No
118715,No
118716,Yes
118717,Yes
118718,No
118719,No
118720,Yes
118721,Yes
118722,No
118723,No
118724,Yes
118725,Yes
118726,Yes
118727,Yes
118728,Yes
118729,Yes
118730,Yes
118731,No
118732,No
118733,No
118734,Yes
118735,Yes
118736,Yes
118737,No
118738,Yes
118739,Yes
118740,No
118741,No
118742,Yes
118743,Yes
118744,Yes
118745,Yes
118746,Yes
118747,No
118748,Yes
118749,No
118750,No
118751,Yes
118752,No
118753,No
118754,Yes
118755,Yes
118756,Yes
118757,No
118758,No
118759,Yes
118760,Yes
118761,No
118762,Yes
118763,Yes
118764,Yes
118765,Yes
118766,No
118767,Yes
118768,No
118769,No
118770,Yes
118771,Yes
118772,Yes
118773,No
118774,Yes
118775,No
118776,No
118777,Yes
118778,No
118779,Yes
118780,Yes
118781,No
118782,Yes
118783,No
118784,Yes
118785,Yes
118786,Yes
118787,Yes
118788,No
118789,No
118790,Yes
118791,No
118792,No
118793,No
118794,No
118795,Yes
118796,No
118797,No
118798,No
118799,Yes
118800,Yes
118801,Yes
118802,Yes
118803,No
118804,Yes
118805,Yes
118806,Yes
118807,No
118808,No
118809,Yes
118810,No
118811,No
118812,No
118813,Yes
118814,Yes
118815,Yes
118816,Yes
118817,Yes
118818,Yes
118819,No
118820,Yes
118821,Yes
118822,No
118823,No
118824,No
118825,Yes
118826,No
118827,Yes
118828,No
118829,No
118830,Yes
118831,Yes
118832,No
118833,Yes
118834,No
118835,Yes
118836,Yes
118837,Yes
118838,Yes
118839,No
118840,No
118841,No
118842,Yes
118843,Yes
118844,Yes
118845,Yes
118846,Yes
118847,Yes
118848,Yes
118849,No
118850,Yes
118851,Yes
118852,No
118853,Yes
118854,No
118855,Yes
118856,No
118857,No
118858,Yes
118859,No
118860,Yes
118861,Yes
118862,Yes
118863,No
118864,Yes
118865,Yes
118866,No
118867,Yes
118868,No
118869,No
118870,Yes
118871,Yes
118872,Yes
118873,Yes
118874,Yes
118875,Yes
118876,No
118877,No
118878,Yes
118879,Yes
118880,No
118881,Yes
118882,No
118883,No
118884,Yes
118885,Yes
118886,Yes
118887,Yes
118888,No
118889,Yes
118890,Yes
118891,No
118892,Yes
118893,Yes
118894,Yes
118895,No
118896,Yes
118897,Yes
118898,Yes
118899,No
118900,Yes
118901,Yes
118902,Yes
118903,Yes
118904,Yes
118905,Yes
118906,No
118907,No
118908,Yes
118909,No
118910,Yes
118911,Yes
118912,Yes
118913,Yes
118914,Yes
118915,Yes
118916,No
118917,Yes
118918,No
118919,No
118920,Yes
118921,Yes
118922,Yes
118923,Yes
118924,Yes
118925,Yes
118926,No
118927,No
118928,Yes
118929,No
118930,Yes
118931,Yes
118932,No
118933,Yes
118934,Yes
118935,Yes
118936,No
118937,No
118938,No
118939,Yes
118940,No
118941,Yes
118942,Yes
118943,No
118944,Yes
118945,Yes
118946,No
118947,Yes
118948,Yes
118949,No
118950,Yes
118951,No
118952,Yes
118953,Yes
118954,Yes
118955,No
118956,Yes
118957,No
118958,Yes
118959,Yes
118960,No
118961,Yes
118962,Yes
118963,Yes
118964,No
118965,Yes
118966,No
118967,Yes
118968,No
118969,Yes
118970,Yes
118971,Yes
118972,No
118973,No
118974,Yes
118975,No
118976,Yes
118977,Yes
118978,No
118979,Yes
118980,No
118981,Yes
118982,Yes
118983,No
118984,Yes
118985,No
118986,No
118987,No
118988,Yes
118989,No
118990,No
118991,No
118992,No
118993,No
118994,Yes
118995,Yes
118996,No
118997,Yes
118998,No
118999,Yes
119000,No
119001,No
119002,No
119003,Yes
119004,Yes
119005,Yes
119006,Yes
119007,No
119008,No
119009,Yes
119010,Yes
119011,Yes
119012,Yes
119013,Yes
119014,Yes
119015,Yes
119016,No
119017,Yes
119018,Yes
119019,Yes
119020,No
119021,No
119022,No
119023,Yes
119024,No
119025,Yes
119026,Yes
119027,Yes
119028,Yes
119029,Yes
119030,No
119031,No
119032,Yes
119033,Yes
119034,Yes
119035,Yes
119036,Yes
119037,No
119038,No
119039,No
119040,No
119041,No
119042,No
119043,Yes
119044,No
119045,Yes
119046,Yes
119047,Yes
119048,No
119049,No
119050,Yes
119051,Yes
119052,Yes
119053,No
119054,Yes
119055,Yes
119056,No
119057,Yes
119058,Yes
119059,Yes
119060,Yes
119061,No
119062,No
119063,Yes
119064,Yes
119065,No
119066,Yes
119067,No
119068,Yes
119069,No
119070,Yes
119071,Yes
119072,Yes
119073,No
119074,Yes
119075,Yes
119076,No
119077,Yes
119078,Yes
119079,Yes
119080,Yes
119081,No
119082,Yes
119083,No
119084,No
119085,No
119086,No
119087,Yes
119088,No
119089,No
119090,Yes
119091,Yes
119092,Yes
119093,No
119094,No
119095,No
119096,Yes
119097,Yes
119098,Yes
119099,Yes
119100,No
119101,Yes
119102,Yes
119103,No
119104,No
119105,No
119106,No
119107,No
119108,Yes
119109,No
119110,No
119111,Yes
119112,Yes
119113,Yes
119114,No
119115,Yes
119116,Yes
119117,No
119118,No
119119,Yes
119120,Yes
119121,No
119122,Yes
119123,Yes
119124,No
119125,Yes
119126,Yes
119127,Yes
119128,No
119129,No
119130,No
119131,No
119132,Yes
119133,No
119134,No
119135,Yes
119136,No
119137,Yes
119138,Yes
119139,No
119140,No
119141,Yes
119142,Yes
119143,Yes
119144,Yes
119145,Yes
119146,Yes
119147,Yes
119148,No
119149,No
119150,Yes
119151,Yes
119152,Yes
119153,Yes
119154,Yes
119155,No
119156,Yes
119157,No
119158,No
119159,Yes
119160,No
119161,Yes
119162,No
119163,No
119164,No
119165,Yes
119166,Yes
119167,Yes
119168,Yes
119169,No
119170,Yes
119171,Yes
119172,Yes
119173,Yes
119174,No
119175,Yes
119176,No
119177,No
119178,Yes
119179,No
119180,No
119181,No
119182,Yes
119183,Yes
119184,Yes
119185,No
119186,No
119187,Yes
119188,Yes
119189,Yes
119190,Yes
119191,No
119192,No
119193,No
119194,No
119195,No
119196,No
119197,Yes
119198,Yes
119199,Yes
119200,No
119201,No
119202,Yes
119203,Yes
119204,No
119205,No
119206,Yes
119207,Yes
119208,Yes
119209,Yes
119210,Yes
119211,No
119212,No
119213,Yes
119214,No
119215,No
119216,Yes
119217,No
119218,Yes
119219,No
119220,No
119221,No
119222,Yes
119223,Yes
119224,Yes
119225,Yes
119226,No
119227,No
119228,No
119229,Yes
119230,Yes
119231,No
119232,Yes
119233,No
119234,Yes
119235,Yes
119236,No
119237,Yes
119238,Yes
119239,No
119240,Yes
119241,Yes
119242,Yes
119243,No
119244,No
119245,Yes
119246,No
119247,No
119248,Yes
119249,No
119250,No
119251,No
119252,No
119253,Yes
119254,No
119255,Yes
119256,No
119257,Yes
119258,No
119259,Yes
119260,Yes
119261,No
119262,No
119263,Yes
119264,Yes
119265,No
119266,Yes
119267,Yes
119268,No
119269,No
119270,Yes
119271,No
119272,Yes
119273,Yes
119274,No
119275,Yes
119276,Yes
119277,Yes
119278,No
119279,Yes
119280,Yes
119281,No
119282,Yes
119283,No
119284,Yes
119285,No
119286,No
119287,No
119288,No
119289,No
119290,Yes
119291,No
119292,Yes
119293,No
119294,Yes
119295,Yes
119296,No
119297,Yes
119298,Yes
119299,Yes
119300,No
119301,No
119302,No
119303,No
119304,No
119305,Yes
119306,No
119307,Yes
119308,Yes
119309,No
119310,No
119311,Yes
119312,Yes
119313,Yes
119314,No
119315,No
119316,No
119317,No
119318,Yes
119319,No
119320,Yes
119321,Yes
119322,Yes
119323,Yes
119324,Yes
119325,No
119326,No
119327,Yes
119328,Yes
119329,No
119330,Yes
119331,No
119332,No
119333,No
119334,No
119335,No
119336,No
119337,No
119338,No
119339,Yes
119340,Yes
119341,Yes
119342,Yes
119343,No
119344,No
119345,Yes
119346,No
119347,Yes
119348,No
119349,Yes
119350,No
119351,No
119352,No
119353,Yes
119354,Yes
119355,Yes
119356,Yes
119357,Yes
119358,Yes
119359,No
119360,No
119361,No
119362,No
119363,No
119364,No
119365,Yes
119366,No
119367,Yes
119368,No
119369,Yes
119370,Yes
119371,Yes
119372,No
119373,No
119374,Yes
119375,No
119376,No
119377,Yes
119378,No
119379,No
119380,Yes
119381,No
119382,No
119383,Yes
119384,No
119385,No
119386,Yes
119387,Yes
119388,Yes
119389,No
119390,No
119391,Yes
119392,No
119393,Yes
119394,Yes
119395,No
119396,Yes
119397,Yes
119398,Yes
119399,Yes
119400,Yes
119401,Yes
119402,No
119403,Yes
119404,Yes
119405,No
119406,No
119407,No
119408,No
119409,Yes
119410,Yes
119411,No
119412,Yes
119413,No
119414,Yes
119415,Yes
119416,Yes
119417,No
119418,Yes
119419,Yes
119420,Yes
119421,No
119422,No
119423,Yes
119424,Yes
119425,Yes
119426,Yes
119427,Yes
119428,Yes
119429,No
119430,Yes
119431,Yes
119432,Yes
119433,No
119434,No
119435,Yes
119436,Yes
119437,Yes
119438,Yes
119439,Yes
119440,Yes
119441,No
119442,No
119443,Yes
119444,No
119445,No
119446,Yes
119447,No
119448,No
119449,No
119450,Yes
119451,Yes
119452,Yes
119453,No
119454,No
119455,Yes
119456,Yes
119457,Yes
119458,No
119459,Yes
119460,No
119461,Yes
119462,No
119463,Yes
119464,No
119465,No
119466,Yes
119467,Yes
119468,No
119469,Yes
119470,Yes
119471,No
119472,Yes
119473,Yes
119474,No
119475,Yes
119476,Yes
119477,No
119478,Yes
119479,Yes
119480,Yes
119481,No
119482,No
119483,Yes
119484,Yes
119485,Yes
119486,Yes
119487,No
119488,Yes
119489,Yes
119490,Yes
119491,No
119492,No
119493,Yes
119494,Yes
119495,No
119496,Yes
119497,Yes
119498,No
119499,No
119500,Yes
119501,Yes
119502,No
119503,No
119504,Yes
119505,Yes
119506,Yes
119507,No
119508,Yes
119509,No
119510,Yes
119511,Yes
119512,Yes
119513,Yes
119514,Yes
119515,Yes
119516,Yes
119517,Yes
119518,Yes
119519,Yes
119520,Yes
119521,No
119522,Yes
119523,Yes
119524,Yes
119525,Yes
119526,Yes
119527,Yes
119528,Yes
119529,No
119530,Yes
119531,Yes
119532,Yes
119533,No
119534,Yes
119535,No
119536,No
119537,No
119538,Yes
119539,Yes
119540,Yes
119541,No
119542,No
119543,No
119544,Yes
119545,No
119546,Yes
119547,No
119548,Yes
119549,No
119550,No
119551,No
119552,No
119553,No
119554,No
119555,Yes
119556,No
119557,Yes
119558,No
119559,No
119560,Yes
119561,No
119562,Yes
119563,Yes
119564,Yes
119565,No
119566,Yes
119567,Yes
119568,No
119569,No
119570,Yes
119571,No
119572,Yes
119573,Yes
119574,Yes
119575,No
119576,Yes
119577,No
119578,No
119579,Yes
119580,Yes
119581,Yes
119582,Yes
119583,No
119584,No
119585,Yes
119586,Yes
119587,No
119588,No
119589,Yes
119590,No
119591,Yes
119592,No
119593,Yes
119594,No
119595,Yes
119596,No
119597,Yes
119598,No
119599,Yes
119600,No
119601,Yes
119602,No
119603,Yes
119604,Yes
119605,No
119606,Yes
119607,No
119608,Yes
119609,Yes
119610,Yes
119611,Yes
119612,No
119613,Yes
119614,No
119615,Yes
119616,Yes
119617,Yes
119618,Yes
119619,Yes
119620,Yes
119621,No
119622,No
119623,No
119624,Yes
119625,No
119626,Yes
119627,Yes
119628,Yes
119629,Yes
119630,No
119631,No
119632,No
119633,Yes
119634,Yes
119635,No
119636,No
119637,No
119638,No
119639,No
119640,No
119641,Yes
119642,Yes
119643,Yes
119644,No
119645,No
119646,No
119647,No
119648,Yes
119649,Yes
119650,No
119651,No
119652,Yes
119653,No
119654,Yes
119655,Yes
119656,Yes
119657,No
119658,Yes
119659,No
119660,Yes
119661,No
119662,No
119663,Yes
119664,Yes
119665,Yes
119666,No
119667,Yes
119668,No
119669,Yes
119670,No
119671,Yes
119672,No
119673,Yes
119674,Yes
119675,Yes
119676,Yes
119677,No
119678,Yes
119679,No
119680,Yes
119681,Yes
119682,Yes
119683,No
119684,Yes
119685,No
119686,Yes
119687,Yes
119688,No
119689,Yes
119690,No
119691,Yes
119692,Yes
119693,No
119694,Yes
119695,Yes
119696,No
119697,No
119698,Yes
119699,Yes
119700,Yes
119701,No
119702,Yes
119703,No
119704,Yes
119705,No
119706,No
119707,No
119708,No
119709,No
119710,Yes
119711,No
119712,Yes
119713,Yes
119714,Yes
119715,Yes
119716,Yes
119717,Yes
119718,No
119719,No
119720,Yes
119721,Yes
119722,No
119723,Yes
119724,No
119725,Yes
119726,No
119727,Yes
119728,No
119729,Yes
119730,No
119731,Yes
119732,No
119733,No
119734,Yes
119735,No
119736,Yes
119737,No
119738,No
119739,No
119740,No
119741,Yes
119742,No
119743,No
119744,No
119745,Yes
119746,Yes
119747,No
119748,No
119749,No
119750,Yes
119751,No
119752,No
119753,No
119754,No
119755,Yes
119756,Yes
119757,No
119758,No
119759,Yes
119760,No
119761,Yes
119762,Yes
119763,Yes
119764,Yes
119765,No
119766,Yes
119767,Yes
119768,No
119769,Yes
119770,No
119771,Yes
119772,Yes
119773,Yes
119774,Yes
119775,Yes
119776,No
119777,No
119778,Yes
119779,Yes
119780,No
119781,Yes
119782,Yes
119783,Yes
119784,Yes
119785,No
119786,No
119787,Yes
119788,Yes
119789,Yes
119790,Yes
119791,Yes
119792,Yes
119793,No
119794,Yes
119795,Yes
119796,No
119797,Yes
119798,Yes
119799,Yes
119800,No
119801,Yes
119802,No
119803,Yes
119804,Yes
119805,No
119806,Yes
119807,Yes
119808,Yes
119809,No
119810,No
119811,No
119812,Yes
119813,Yes
119814,Yes
119815,Yes
119816,No
119817,Yes
119818,Yes
119819,Yes
119820,Yes
119821,Yes
119822,No
119823,No
119824,Yes
119825,Yes
119826,Yes
119827,No
119828,No
119829,Yes
119830,No
119831,Yes
119832,Yes
119833,No
119834,Yes
119835,No
119836,No
119837,No
119838,Yes
119839,Yes
119840,Yes
119841,Yes
119842,No
119843,No
119844,Yes
119845,Yes
119846,No
119847,Yes
119848,No
119849,No
119850,No
119851,Yes
119852,Yes
119853,No
119854,No
119855,Yes
119856,Yes
119857,No
119858,Yes
119859,No
119860,Yes
119861,Yes
119862,Yes
119863,No
119864,No
119865,Yes
119866,Yes
119867,Yes
119868,Yes
119869,No
119870,No
119871,Yes
119872,Yes
119873,Yes
119874,Yes
119875,Yes
119876,Yes
119877,Yes
119878,No
119879,Yes
119880,No
119881,No
119882,No
119883,Yes
119884,No
119885,Yes
119886,No
119887,Yes
119888,Yes
119889,Yes
119890,Yes
119891,Yes
119892,Yes
119893,No
119894,Yes
119895,No
119896,Yes
119897,No
119898,No
119899,No
119900,Yes
119901,Yes
119902,No
119903,Yes
119904,No
119905,Yes
119906,No
119907,No
119908,No
119909,No
119910,Yes
119911,No
119912,Yes
119913,Yes
119914,No
119915,Yes
119916,No
119917,No
119918,Yes
119919,No
119920,Yes
119921,Yes
119922,No
119923,No
119924,No
119925,No
119926,Yes
119927,No
119928,No
119929,Yes
119930,No
119931,Yes
119932,Yes
119933,No
119934,Yes
119935,Yes
119936,No
119937,No
119938,Yes
119939,Yes
119940,No
119941,Yes
119942,No
119943,No
119944,No
119945,Yes
119946,No
119947,No
119948,Yes
119949,Yes
119950,Yes
119951,No
119952,No
119953,Yes
119954,Yes
119955,Yes
119956,Yes
119957,Yes
119958,No
119959,Yes
119960,No
119961,No
119962,Yes
119963,No
119964,Yes
119965,No
119966,No
119967,No
119968,Yes
119969,No
119970,Yes
119971,No
119972,Yes
119973,Yes
119974,Yes
119975,No
119976,Yes
119977,Yes
119978,Yes
119979,No
119980,No
119981,Yes
119982,Yes
119983,Yes
119984,No
119985,Yes
119986,Yes
119987,Yes
119988,Yes
119989,No
119990,Yes
119991,No
119992,No
119993,Yes
119994,Yes
119995,No
119996,No
119997,No
119998,No
119999,Yes
120000,No
120001,Yes
120002,Yes
120003,No
120004,No
120005,No
120006,No
120007,Yes
120008,Yes
120009,Yes
120010,Yes
120011,No
120012,Yes
120013,Yes
120014,Yes
120015,No
120016,No
120017,No
120018,No
120019,No
120020,Yes
120021,Yes
120022,Yes
120023,No
120024,No
120025,Yes
120026,No
120027,Yes
120028,No
120029,Yes
120030,Yes
120031,Yes
120032,No
120033,No
120034,Yes
120035,No
120036,Yes
120037,Yes
120038,No
120039,No
120040,Yes
120041,No
120042,Yes
120043,No
120044,Yes
120045,No
120046,No
120047,No
120048,Yes
120049,No
120050,No
120051,Yes
120052,No
120053,Yes
120054,Yes
120055,Yes
120056,No
120057,Yes
120058,Yes
120059,No
120060,No
120061,Yes
120062,Yes
120063,No
120064,No
120065,Yes
120066,Yes
120067,Yes
120068,Yes
120069,No
120070,Yes
120071,Yes
120072,No
120073,Yes
120074,Yes
120075,No
120076,Yes
120077,Yes
120078,Yes
120079,No
120080,No
120081,No
120082,Yes
120083,Yes
120084,No
120085,No
120086,Yes
120087,Yes
120088,Yes
120089,No
120090,No
120091,No
120092,Yes
120093,No
120094,Yes
120095,Yes
120096,Yes
120097,Yes
120098,Yes
120099,Yes
120100,No
120101,Yes
120102,Yes
120103,Yes
120104,Yes
120105,No
120106,No
120107,No
120108,Yes
120109,Yes
120110,Yes
120111,Yes
120112,No
120113,No
120114,No
120115,No
120116,No
120117,Yes
120118,Yes
120119,Yes
120120,Yes
120121,Yes
120122,No
120123,Yes
120124,No
120125,No
120126,Yes
120127,No
120128,No
120129,No
120130,Yes
120131,No
120132,Yes
120133,No
120134,Yes
120135,Yes
120136,Yes
120137,Yes
120138,No
120139,Yes
120140,No
120141,Yes
120142,No
120143,No
120144,No
120145,Yes
120146,Yes
120147,No
120148,Yes
120149,No
120150,Yes
120151,Yes
120152,Yes
120153,No
120154,Yes
120155,Yes
120156,Yes
120157,Yes
120158,Yes
120159,Yes
120160,Yes
120161,No
120162,No
120163,No
120164,Yes
120165,Yes
120166,Yes
120167,Yes
120168,No
120169,No
120170,Yes
120171,Yes
120172,No
120173,Yes
120174,Yes
120175,Yes
120176,No
120177,No
120178,Yes
120179,No
120180,Yes
120181,No
120182,No
120183,No
120184,Yes
120185,Yes
120186,No
120187,No
120188,Yes
120189,No
120190,No
120191,Yes
120192,No
120193,No
120194,Yes
120195,No
120196,Yes
120197,No
120198,Yes
120199,Yes
120200,No
120201,Yes
120202,No
120203,Yes
120204,Yes
120205,Yes
120206,No
120207,Yes
120208,No
120209,Yes
120210,Yes
120211,Yes
120212,No
120213,No
120214,Yes
120215,Yes
120216,Yes
120217,No
120218,Yes
120219,Yes
120220,Yes
120221,Yes
120222,Yes
120223,No
120224,No
120225,No
120226,Yes
120227,No
120228,Yes
120229,Yes
120230,No
120231,No
120232,No
120233,Yes
120234,No
120235,Yes
120236,Yes
120237,Yes
120238,No
120239,No
120240,No
120241,No
120242,Yes
120243,No
120244,No
120245,No
120246,No
120247,No
120248,No
120249,Yes
120250,Yes
120251,Yes
120252,Yes
120253,Yes
120254,Yes
120255,Yes
120256,No
120257,Yes
120258,No
120259,Yes
120260,No
120261,No
120262,Yes
120263,No
120264,No
120265,Yes
120266,No
120267,Yes
120268,Yes
120269,No
120270,Yes
120271,No
120272,Yes
120273,No
120274,Yes
120275,Yes
120276,No
120277,Yes
120278,Yes
120279,Yes
120280,No
120281,No
120282,No
120283,Yes
120284,Yes
120285,No
120286,Yes
120287,No
120288,Yes
120289,Yes
120290,Yes
120291,Yes
120292,No
120293,No
120294,No
120295,No
120296,Yes
120297,Yes
120298,No
120299,Yes
120300,No
120301,No
120302,Yes
120303,Yes
120304,No
120305,Yes
120306,Yes
120307,No
120308,Yes
120309,Yes
120310,No
120311,No
120312,Yes
120313,No
120314,Yes
120315,Yes
120316,Yes
120317,Yes
120318,Yes
120319,No
120320,Yes
120321,Yes
120322,No
120323,No
120324,No
120325,Yes
120326,Yes
120327,Yes
120328,Yes
120329,No
120330,Yes
120331,No
120332,Yes
120333,No
120334,Yes
120335,Yes
120336,No
120337,Yes
120338,Yes
120339,No
120340,Yes
120341,Yes
120342,Yes
120343,No
120344,Yes
120345,No
120346,Yes
120347,Yes
120348,Yes
120349,No
120350,Yes
120351,No
120352,Yes
120353,No
120354,Yes
120355,Yes
120356,Yes
120357,No
120358,No
120359,No
120360,Yes
120361,No
120362,No
120363,Yes
120364,Yes
120365,No
120366,Yes
120367,No
120368,Yes
120369,Yes
120370,Yes
120371,No
120372,Yes
120373,No
120374,Yes
120375,No
120376,No
120377,No
120378,Yes
120379,Yes
120380,Yes
120381,Yes
120382,Yes
120383,Yes
120384,Yes
120385,No
120386,Yes
120387,No
120388,Yes
120389,Yes
120390,Yes
120391,No
120392,No
120393,Yes
120394,Yes
120395,Yes
120396,No
120397,Yes
120398,Yes
120399,No
120400,No
120401,No
120402,Yes
120403,Yes
120404,Yes
120405,No
120406,Yes
120407,Yes
120408,Yes
120409,Yes
120410,Yes
120411,Yes
120412,Yes
120413,Yes
120414,Yes
120415,Yes
120416,No
120417,No
120418,No
120419,No
120420,Yes
120421,Yes
120422,Yes
120423,Yes
120424,Yes
120425,No
120426,Yes
120427,No
120428,No
120429,Yes
120430,Yes
120431,Yes
120432,Yes
120433,Yes
120434,Yes
120435,No
120436,Yes
120437,Yes
120438,No
120439,No
120440,No
120441,No
120442,Yes
120443,Yes
120444,No
120445,No
120446,Yes
120447,Yes
120448,No
120449,Yes
120450,No
120451,Yes
120452,No
120453,Yes
120454,Yes
120455,Yes
120456,Yes
120457,Yes
120458,Yes
120459,No
120460,Yes
120461,Yes
120462,Yes
120463,No
120464,Yes
120465,No
120466,Yes
120467,Yes
120468,Yes
120469,Yes
120470,Yes
120471,No
120472,Yes
120473,Yes
120474,No
120475,No
120476,No
120477,Yes
120478,Yes
120479,Yes
120480,No
120481,No
120482,Yes
120483,Yes
120484,Yes
120485,No
120486,Yes
120487,No
120488,Yes
120489,Yes
120490,No
120491,Yes
120492,Yes
120493,Yes
120494,Yes
120495,No
120496,No
120497,Yes
120498,Yes
120499,No
120500,No
120501,Yes
120502,No
120503,No
120504,No
120505,Yes
120506,Yes
120507,Yes
120508,Yes
120509,Yes
120510,Yes
120511,No
120512,Yes
120513,Yes
120514,No
120515,Yes
120516,No
120517,Yes
120518,Yes
120519,Yes
120520,Yes
120521,Yes
120522,No
120523,Yes
120524,Yes
120525,Yes
120526,No
120527,Yes
120528,Yes
120529,No
120530,Yes
120531,No
120532,Yes
120533,Yes
120534,Yes
120535,Yes
120536,Yes
120537,No
120538,No
120539,No
120540,Yes
120541,No
120542,Yes
120543,No
120544,No
120545,No
120546,Yes
120547,Yes
120548,No
120549,Yes
120550,Yes
120551,No
120552,Yes
120553,Yes
120554,Yes
120555,No
120556,Yes
120557,Yes
120558,No
120559,Yes
120560,Yes
120561,Yes
120562,No
120563,No
120564,Yes
120565,Yes
120566,Yes
120567,No
120568,No
120569,Yes
120570,Yes
120571,Yes
120572,Yes
120573,Yes
120574,No
120575,No
120576,Yes
120577,No
120578,Yes
120579,Yes
120580,Yes
120581,No
120582,Yes
120583,No
120584,Yes
120585,No
120586,No
120587,Yes
120588,No
120589,No
120590,No
120591,Yes
120592,Yes
120593,Yes
120594,No
120595,No
120596,No
120597,No
120598,Yes
120599,Yes
120600,No
120601,Yes
120602,Yes
120603,Yes
120604,Yes
120605,Yes
120606,No
120607,No
120608,Yes
120609,Yes
120610,Yes
120611,Yes
120612,Yes
120613,No
120614,Yes
120615,Yes
120616,No
120617,Yes
120618,Yes
120619,Yes
120620,Yes
120621,Yes
120622,Yes
120623,No
120624,Yes
120625,Yes
120626,Yes
120627,No
120628,Yes
120629,Yes
120630,No
120631,No
120632,No
120633,No
120634,Yes
120635,Yes
120636,Yes
120637,Yes
120638,No
120639,No
120640,No
120641,No
120642,Yes
120643,No
120644,Yes
120645,No
120646,Yes
120647,No
120648,No
120649,Yes
120650,Yes
120651,No
120652,No
120653,No
120654,No
120655,No
120656,No
120657,No
120658,No
120659,Yes
120660,No
120661,No
120662,No
120663,No
120664,No
120665,Yes
120666,Yes
120667,Yes
120668,No
120669,Yes
120670,No
120671,No
120672,No
120673,No
120674,Yes
120675,No
120676,Yes
120677,Yes
120678,Yes
120679,Yes
120680,Yes
120681,No
120682,No
120683,No
120684,No
120685,Yes
120686,No
120687,No
120688,Yes
120689,No
120690,No
120691,No
120692,Yes
120693,Yes
120694,No
120695,No
120696,Yes
120697,Yes
120698,Yes
120699,No
120700,No
120701,No
120702,Yes
120703,Yes
120704,Yes
120705,Yes
120706,No
120707,Yes
120708,Yes
120709,No
120710,No
120711,Yes
120712,No
120713,Yes
120714,Yes
120715,No
120716,Yes
120717,Yes
120718,Yes
120719,No
120720,Yes
120721,Yes
120722,No
120723,Yes
120724,Yes
120725,No
120726,Yes
120727,Yes
120728,No
120729,No
120730,No
120731,Yes
120732,Yes
120733,No
120734,Yes
120735,Yes
120736,Yes
120737,No
120738,Yes
120739,Yes
120740,Yes
120741,No
120742,No
120743,Yes
120744,No
120745,No
120746,Yes
120747,Yes
120748,Yes
120749,Yes
120750,No
120751,Yes
120752,No
120753,Yes
120754,Yes
120755,No
120756,Yes
120757,Yes
120758,Yes
120759,Yes
120760,No
120761,No
120762,No
120763,No
120764,No
120765,Yes
120766,No
120767,Yes
120768,Yes
120769,Yes
120770,Yes
120771,No
120772,Yes
120773,Yes
120774,No
120775,Yes
120776,No
120777,No
120778,Yes
120779,Yes
120780,No
120781,No
120782,Yes
120783,Yes
120784,Yes
120785,No
120786,Yes
120787,No
120788,No
120789,Yes
120790,No
120791,Yes
120792,No
120793,No
120794,No
120795,Yes
120796,No
120797,No
120798,No
120799,Yes
120800,Yes
120801,Yes
120802,Yes
120803,Yes
120804,No
120805,Yes
120806,Yes
120807,Yes
120808,Yes
120809,Yes
120810,Yes
120811,Yes
120812,No
120813,Yes
120814,No
120815,Yes
120816,Yes
120817,Yes
120818,Yes
120819,Yes
120820,Yes
120821,Yes
120822,No
120823,Yes
120824,Yes
120825,Yes
120826,No
120827,No
120828,Yes
120829,Yes
120830,Yes
120831,Yes
120832,No
120833,Yes
120834,Yes
120835,Yes
120836,Yes
120837,Yes
120838,Yes
120839,No
120840,No
120841,No
120842,Yes
120843,No
120844,No
120845,No
120846,Yes
120847,No
120848,Yes
120849,Yes
120850,Yes
120851,No
120852,Yes
120853,Yes
120854,Yes
120855,Yes
120856,Yes
120857,Yes
120858,Yes
120859,Yes
120860,No
120861,Yes
120862,No
120863,Yes
120864,Yes
120865,No
120866,Yes
120867,Yes
120868,No
120869,No
120870,No
120871,Yes
120872,No
120873,No
120874,Yes
120875,No
120876,Yes
120877,Yes
120878,Yes
120879,Yes
120880,Yes
120881,Yes
120882,No
120883,Yes
120884,Yes
120885,No
120886,Yes
120887,Yes
120888,Yes
120889,Yes
120890,Yes
120891,No
120892,Yes
120893,Yes
120894,No
120895,No
120896,No
120897,No
120898,No
120899,No
120900,Yes
120901,No
120902,Yes
120903,Yes
120904,Yes
120905,Yes
120906,Yes
120907,Yes
120908,No
120909,Yes
120910,Yes
120911,Yes
120912,Yes
120913,Yes
120914,No
120915,No
120916,Yes
120917,Yes
120918,No
120919,No
120920,No
120921,Yes
120922,Yes
120923,No
120924,No
120925,Yes
120926,Yes
120927,No
120928,No
120929,No
120930,Yes
120931,Yes
120932,Yes
120933,No
120934,Yes
120935,No
120936,Yes
120937,Yes
120938,No
120939,Yes
120940,Yes
120941,No
120942,No
120943,Yes
120944,No
120945,No
120946,No
120947,Yes
120948,No
120949,Yes
120950,Yes
120951,Yes
120952,Yes
120953,Yes
120954,No
120955,Yes
120956,Yes
120957,No
120958,No
120959,Yes
120960,Yes
120961,Yes
120962,No
120963,Yes
120964,Yes
120965,Yes
120966,Yes
120967,No
120968,Yes
120969,Yes
120970,Yes
120971,Yes
120972,No
120973,Yes
120974,Yes
120975,Yes
120976,No
120977,No
120978,No
120979,No
120980,Yes
120981,Yes
120982,Yes
120983,Yes
120984,Yes
120985,No
120986,No
120987,No
120988,Yes
120989,Yes
120990,Yes
120991,No
120992,Yes
120993,Yes
120994,Yes
120995,No
120996,No
120997,Yes
120998,Yes
120999,No
121000,Yes
121001,No
121002,No
121003,Yes
121004,Yes
121005,No
121006,Yes
121007,Yes
121008,No
121009,Yes
121010,Yes
121011,No
121012,Yes
121013,Yes
121014,No
121015,No
121016,Yes
121017,Yes
121018,No
121019,Yes
121020,Yes
121021,No
121022,Yes
121023,Yes
121024,No
121025,Yes
121026,Yes
121027,No
121028,Yes
121029,Yes
121030,No
121031,Yes
121032,Yes
121033,No
121034,No
121035,Yes
121036,No
121037,Yes
121038,Yes
121039,Yes
121040,Yes
121041,No
121042,No
121043,No
121044,Yes
121045,No
121046,No
121047,Yes
121048,Yes
121049,No
121050,No
121051,No
121052,No
121053,Yes
121054,Yes
121055,Yes
121056,No
121057,No
121058,Yes
121059,Yes
121060,Yes
121061,Yes
121062,Yes
121063,No
121064,No
121065,No
121066,Yes
121067,No
121068,Yes
121069,Yes
121070,Yes
121071,Yes
121072,No
121073,Yes
121074,Yes
121075,No
121076,Yes
121077,Yes
121078,Yes
121079,No
121080,No
121081,Yes
121082,Yes
121083,No
121084,Yes
121085,Yes
121086,Yes
121087,Yes
121088,No
121089,Yes
121090,No
121091,No
121092,Yes
121093,Yes
121094,Yes
121095,Yes
121096,No
121097,No
121098,Yes
121099,Yes
121100,No
121101,Yes
121102,No
121103,Yes
121104,Yes
121105,No
121106,Yes
121107,No
121108,Yes
121109,No
121110,No
121111,No
121112,No
121113,No
121114,No
121115,Yes
121116,No
121117,Yes
121118,No
121119,No
121120,Yes
121121,Yes
121122,Yes
121123,No
121124,Yes
121125,No
121126,No
121127,Yes
121128,Yes
121129,No
121130,Yes
121131,Yes
121132,No
121133,Yes
121134,No
121135,Yes
121136,Yes
121137,Yes
121138,Yes
121139,No
121140,No
121141,No
121142,Yes
121143,Yes
121144,Yes
121145,No
121146,No
121147,No
121148,Yes
121149,No
121150,Yes
121151,No
121152,Yes
121153,Yes
121154,Yes
121155,Yes
121156,No
121157,Yes
121158,No
121159,No
121160,Yes
121161,Yes
121162,No
121163,No
121164,Yes
121165,Yes
121166,No
121167,Yes
121168,Yes
121169,Yes
121170,Yes
121171,Yes
121172,No
121173,Yes
121174,Yes
121175,No
121176,Yes
121177,Yes
121178,Yes
121179,Yes
121180,Yes
121181,No
121182,Yes
121183,No
121184,No
121185,No
121186,Yes
121187,Yes
121188,No
121189,Yes
121190,Yes
121191,Yes
121192,Yes
121193,Yes
121194,Yes
121195,Yes
121196,No
121197,Yes
121198,No
121199,Yes
121200,Yes
121201,No
121202,Yes
121203,Yes
121204,No
121205,Yes
121206,Yes
121207,Yes
121208,Yes
121209,No
121210,No
121211,Yes
121212,No
121213,Yes
121214,Yes
121215,No
121216,Yes
121217,Yes
121218,Yes
121219,Yes
121220,Yes
121221,Yes
121222,No
121223,Yes
121224,No
121225,No
121226,No
121227,Yes
121228,Yes
121229,No
121230,No
121231,Yes
121232,Yes
121233,No
121234,Yes
121235,No
121236,Yes
121237,No
121238,No
121239,No
121240,No
121241,No
121242,No
121243,Yes
121244,Yes
121245,No
121246,Yes
121247,No
121248,Yes
121249,Yes
121250,Yes
121251,No
121252,Yes
121253,Yes
121254,No
121255,No
121256,No
121257,Yes
121258,Yes
121259,Yes
121260,Yes
121261,No
121262,Yes
121263,No
121264,Yes
121265,Yes
121266,Yes
121267,No
121268,Yes
121269,No
121270,No
121271,Yes
121272,No
121273,No
121274,No
121275,Yes
121276,Yes
121277,Yes
121278,Yes
121279,No
121280,No
121281,No
121282,Yes
121283,Yes
121284,No
121285,Yes
121286,Yes
121287,Yes
121288,No
121289,Yes
121290,No
121291,No
121292,No
121293,Yes
121294,No
121295,No
121296,Yes
121297,Yes
121298,Yes
121299,Yes
121300,Yes
121301,Yes
121302,Yes
121303,Yes
121304,No
121305,No
121306,No
121307,No
121308,Yes
121309,No
121310,Yes
121311,No
121312,Yes
121313,Yes
121314,Yes
121315,No
121316,No
121317,Yes
121318,Yes
121319,No
121320,Yes
121321,No
121322,Yes
121323,Yes
121324,No
121325,Yes
121326,Yes
121327,No
121328,Yes
121329,No
121330,No
121331,Yes
121332,Yes
121333,Yes
121334,Yes
121335,No
121336,Yes
121337,Yes
121338,No
121339,Yes
121340,No
121341,No
121342,Yes
121343,No
121344,Yes
121345,Yes
121346,Yes
121347,Yes
121348,Yes
121349,Yes
121350,Yes
121351,No
121352,Yes
121353,Yes
121354,Yes
121355,Yes
121356,Yes
121357,No
121358,No
121359,No
121360,Yes
121361,No
121362,No
121363,Yes
121364,Yes
121365,Yes
121366,Yes
121367,No
121368,Yes
121369,No
121370,No
121371,No
121372,No
121373,No
121374,Yes
121375,Yes
121376,No
121377,No
121378,Yes
121379,No
121380,Yes
121381,Yes
121382,Yes
121383,Yes
121384,No
121385,No
121386,No
121387,Yes
121388,No
121389,No
121390,No
121391,Yes
121392,Yes
121393,Yes
121394,Yes
121395,No
121396,No
121397,Yes
121398,Yes
121399,No
121400,No
121401,Yes
121402,Yes
121403,No
121404,Yes
121405,No
121406,Yes
121407,No
121408,No
121409,No
121410,Yes
121411,Yes
121412,No
121413,Yes
121414,Yes
121415,Yes
121416,No
121417,No
121418,No
121419,No
121420,No
121421,Yes
121422,Yes
121423,Yes
121424,Yes
121425,No
121426,Yes
121427,No
121428,Yes
121429,No
121430,No
121431,Yes
121432,No
121433,Yes
121434,Yes
121435,No
121436,Yes
121437,No
121438,Yes
121439,No
121440,No
121441,Yes
121442,No
121443,Yes
121444,No
121445,Yes
121446,No
121447,No
121448,Yes
121449,Yes
121450,No
121451,Yes
121452,Yes
121453,No
121454,No
121455,Yes
121456,Yes
121457,No
121458,Yes
121459,No
121460,Yes
121461,No
121462,No
121463,No
121464,No
121465,No
121466,Yes
121467,No
121468,Yes
121469,Yes
121470,No
121471,Yes
121472,Yes
121473,Yes
121474,Yes
121475,Yes
121476,No
121477,Yes
121478,Yes
121479,Yes
121480,No
121481,No
121482,No
121483,Yes
121484,No
121485,Yes
121486,Yes
121487,No
121488,Yes
121489,Yes
121490,Yes
121491,Yes
121492,Yes
121493,Yes
121494,Yes
121495,Yes
121496,Yes
121497,Yes
121498,Yes
121499,No
121500,No
121501,No
121502,Yes
121503,Yes
121504,No
121505,Yes
121506,Yes
121507,Yes
121508,Yes
121509,No
121510,Yes
121511,No
121512,Yes
121513,Yes
121514,No
121515,No
121516,Yes
121517,Yes
121518,No
121519,No
121520,No
121521,No
121522,Yes
121523,Yes
121524,No
121525,Yes
121526,No
121527,Yes
121528,Yes
121529,No
121530,Yes
121531,Yes
121532,No
121533,Yes
121534,Yes
121535,Yes
121536,Yes
121537,No
121538,Yes
121539,No
121540,Yes
121541,No
121542,Yes
121543,No
121544,No
121545,Yes
121546,No
121547,Yes
121548,Yes
121549,Yes
121550,No
121551,Yes
121552,Yes
121553,No
121554,No
121555,No
121556,No
121557,Yes
121558,Yes
121559,No
121560,Yes
121561,Yes
121562,No
121563,Yes
121564,No
121565,Yes
121566,No
121567,No
121568,Yes
121569,No
121570,No
121571,No
121572,Yes
121573,No
121574,Yes
121575,No
121576,Yes
121577,Yes
121578,No
121579,Yes
121580,No
121581,No
121582,Yes
121583,No
121584,No
121585,No
121586,No
121587,Yes
121588,No
121589,Yes
121590,No
121591,Yes
121592,Yes
121593,Yes
121594,No
121595,Yes
121596,Yes
121597,No
121598,Yes
121599,Yes
121600,No
121601,Yes
121602,No
121603,Yes
121604,Yes
121605,Yes
121606,Yes
121607,No
121608,Yes
121609,Yes
121610,Yes
121611,Yes
121612,Yes
121613,No
121614,No
121615,No
121616,No
121617,No
121618,Yes
121619,No
121620,No
121621,Yes
121622,Yes
121623,No
121624,No
121625,No
121626,Yes
121627,Yes
121628,No
121629,Yes
121630,No
121631,No
121632,Yes
121633,No
121634,Yes
121635,Yes
121636,No
121637,No
121638,No
121639,Yes
121640,Yes
121641,No
121642,Yes
121643,Yes
121644,No
121645,Yes
121646,Yes
121647,Yes
121648,No
121649,Yes
121650,Yes
121651,No
121652,No
121653,Yes
121654,No
121655,Yes
121656,Yes
121657,Yes
121658,No
121659,Yes
121660,Yes
121661,Yes
121662,Yes
121663,Yes
121664,Yes
121665,Yes
121666,No
121667,Yes
121668,No
121669,Yes
121670,No
121671,Yes
121672,Yes
121673,No
121674,No
121675,No
121676,Yes
121677,Yes
121678,No
121679,No
121680,No
121681,No
121682,Yes
121683,Yes
121684,Yes
121685,Yes
121686,No
121687,Yes
121688,No
121689,Yes
121690,No
121691,Yes
121692,Yes
121693,Yes
121694,Yes
121695,Yes
121696,No
121697,Yes
121698,No
121699,Yes
121700,Yes
121701,Yes
121702,Yes
121703,No
121704,Yes
121705,No
121706,Yes
121707,No
121708,No
121709,No
121710,Yes
121711,No
121712,Yes
121713,Yes
121714,Yes
121715,No
121716,Yes
121717,Yes
121718,No
121719,Yes
121720,No
121721,Yes
121722,Yes
121723,Yes
121724,Yes
121725,Yes
121726,Yes
121727,No
121728,No
121729,Yes
121730,Yes
121731,Yes
121732,Yes
121733,No
121734,Yes
121735,No
121736,No
121737,Yes
121738,Yes
121739,Yes
121740,Yes
121741,Yes
121742,No
121743,Yes
121744,No
121745,No
121746,Yes
121747,No
121748,No
121749,No
121750,Yes
121751,Yes
121752,No
121753,No
121754,No
121755,Yes
121756,No
121757,Yes
121758,Yes
121759,No
121760,No
121761,Yes
121762,Yes
121763,Yes
121764,Yes
121765,Yes
121766,Yes
121767,No
121768,Yes
121769,No
121770,No
121771,Yes
121772,No
121773,No
121774,No
121775,Yes
121776,No
121777,Yes
121778,No
121779,No
121780,Yes
121781,Yes
121782,Yes
121783,Yes
121784,Yes
121785,Yes
121786,No
121787,Yes
121788,Yes
121789,Yes
121790,Yes
121791,Yes
121792,No
121793,Yes
121794,Yes
121795,Yes
121796,No
121797,Yes
121798,Yes
121799,Yes
121800,No
121801,Yes
121802,Yes
121803,Yes
121804,Yes
121805,Yes
121806,Yes
121807,Yes
121808,No
121809,Yes
121810,No
121811,Yes
121812,Yes
121813,Yes
121814,Yes
121815,No
121816,Yes
121817,No
121818,Yes
121819,Yes
121820,Yes
121821,Yes
121822,No
121823,Yes
121824,No
121825,No
121826,No
121827,Yes
121828,Yes
121829,No
121830,Yes
121831,No
121832,Yes
121833,No
121834,Yes
121835,Yes
121836,No
121837,Yes
121838,No
121839,No
121840,Yes
121841,Yes
121842,Yes
121843,Yes
121844,Yes
121845,Yes
121846,No
121847,No
121848,Yes
121849,Yes
121850,Yes
121851,Yes
121852,No
121853,No
121854,Yes
121855,Yes
121856,No
121857,Yes
121858,No
121859,Yes
121860,Yes
121861,No
121862,Yes
121863,Yes
121864,No
121865,Yes
121866,Yes
121867,Yes
121868,No
121869,Yes
121870,Yes
121871,No
121872,Yes
121873,Yes
121874,No
121875,Yes
121876,No
121877,No
121878,No
121879,No
121880,Yes
121881,No
121882,No
121883,No
121884,No
121885,No
121886,No
121887,Yes
121888,No
121889,No
121890,Yes
121891,Yes
121892,Yes
121893,Yes
121894,Yes
121895,Yes
121896,No
121897,Yes
121898,Yes
121899,Yes
121900,Yes
121901,Yes
121902,Yes
121903,No
121904,Yes
121905,No
121906,Yes
121907,No
121908,No
121909,No
121910,Yes
121911,Yes
121912,No
121913,Yes
121914,Yes
121915,No
121916,No
121917,Yes
121918,Yes
121919,Yes
121920,No
121921,No
121922,No
121923,Yes
121924,No
121925,Yes
121926,No
121927,No
121928,Yes
121929,No
121930,Yes
121931,No
121932,No
121933,Yes
121934,Yes
121935,Yes
121936,Yes
121937,Yes
121938,Yes
121939,Yes
121940,No
121941,Yes
121942,No
121943,No
121944,Yes
121945,Yes
121946,No
121947,No
121948,No
121949,Yes
121950,Yes
121951,No
121952,Yes
121953,Yes
121954,Yes
121955,Yes
121956,No
121957,Yes
121958,No
121959,No
121960,No
121961,No
121962,No
121963,Yes
121964,No
121965,Yes
121966,Yes
121967,No
121968,Yes
121969,Yes
121970,Yes
121971,Yes
121972,Yes
121973,Yes
121974,Yes
121975,No
121976,Yes
121977,No
121978,No
121979,No
121980,Yes
121981,Yes
121982,No
121983,Yes
121984,Yes
121985,No
121986,Yes
121987,No
121988,Yes
121989,No
121990,Yes
121991,Yes
121992,No
121993,No
121994,Yes
121995,No
121996,Yes
121997,Yes
121998,Yes
121999,Yes
122000,No
122001,Yes
122002,Yes
122003,No
122004,Yes
122005,Yes
122006,Yes
122007,No
122008,No
122009,Yes
122010,No
122011,Yes
122012,No
122013,Yes
122014,Yes
122015,No
122016,No
122017,No
122018,Yes
122019,Yes
122020,No
122021,Yes
122022,Yes
122023,Yes
122024,No
122025,No
122026,Yes
122027,No
122028,Yes
122029,No
122030,Yes
122031,No
122032,Yes
122033,Yes
122034,Yes
122035,No
122036,Yes
122037,No
122038,No
122039,Yes
122040,No
122041,No
122042,Yes
122043,Yes
122044,Yes
122045,Yes
122046,No
122047,No
122048,Yes
122049,Yes
122050,Yes
122051,Yes
122052,No
122053,Yes
122054,Yes
122055,No
122056,Yes
122057,Yes
122058,Yes
122059,No
122060,Yes
122061,Yes
122062,Yes
122063,No
122064,Yes
122065,Yes
122066,No
122067,Yes
122068,Yes
122069,Yes
122070,No
122071,Yes
122072,Yes
122073,No
122074,Yes
122075,No
122076,Yes
122077,No
122078,Yes
122079,Yes
122080,Yes
122081,Yes
122082,Yes
122083,Yes
122084,Yes
122085,Yes
122086,No
122087,Yes
122088,No
122089,No
122090,Yes
122091,Yes
122092,No
122093,Yes
122094,No
122095,No
122096,Yes
122097,Yes
122098,No
122099,No
122100,Yes
122101,Yes
122102,Yes
122103,Yes
122104,Yes
122105,Yes
122106,Yes
122107,Yes
122108,No
122109,Yes
122110,Yes
122111,Yes
122112,Yes
122113,No
122114,No
122115,Yes
122116,Yes
122117,Yes
122118,No
122119,Yes
122120,No
122121,Yes
122122,Yes
122123,Yes
122124,Yes
122125,Yes
122126,Yes
122127,No
122128,No
122129,No
122130,Yes
122131,No
122132,No
122133,No
122134,No
122135,No
122136,No
122137,Yes
122138,No
122139,No
122140,Yes
122141,Yes
122142,No
122143,Yes
122144,Yes
122145,Yes
122146,Yes
122147,Yes
122148,Yes
122149,Yes
122150,No
122151,No
122152,No
122153,Yes
122154,Yes
122155,Yes
122156,Yes
122157,No
122158,Yes
122159,Yes
122160,Yes
122161,No
122162,Yes
122163,Yes
122164,Yes
122165,Yes
122166,No
122167,Yes
122168,Yes
122169,No
122170,Yes
122171,No
122172,Yes
122173,No
122174,Yes
122175,Yes
122176,Yes
122177,No
122178,Yes
122179,No
122180,Yes
122181,No
122182,No
122183,No
122184,Yes
122185,Yes
122186,Yes
122187,Yes
122188,Yes
122189,Yes
122190,Yes
122191,Yes
122192,No
122193,No
122194,Yes
122195,No
122196,Yes
122197,Yes
122198,No
122199,Yes
122200,Yes
122201,No
122202,No
122203,Yes
122204,No
122205,Yes
122206,No
122207,Yes
122208,Yes
122209,Yes
122210,Yes
122211,Yes
122212,No
122213,No
122214,Yes
122215,Yes
122216,No
122217,Yes
122218,Yes
122219,Yes
122220,Yes
122221,No
122222,No
122223,No
122224,No
122225,No
122226,Yes
122227,Yes
122228,Yes
122229,Yes
122230,No
122231,No
122232,No
122233,Yes
122234,Yes
122235,No
122236,Yes
122237,No
122238,Yes
122239,Yes
122240,Yes
122241,Yes
122242,No
122243,Yes
122244,No
122245,Yes
122246,No
122247,Yes
122248,Yes
122249,No
122250,Yes
122251,Yes
122252,No
122253,Yes
122254,No
122255,Yes
122256,No
122257,Yes
122258,Yes
122259,Yes
122260,No
122261,No
122262,Yes
122263,Yes
122264,Yes
122265,Yes
122266,Yes
122267,No
122268,No
122269,Yes
122270,No
122271,No
122272,No
122273,Yes
122274,Yes
122275,Yes
122276,No
122277,Yes
122278,Yes
122279,No
122280,Yes
122281,Yes
122282,Yes
122283,Yes
122284,Yes
122285,No
122286,Yes
122287,No
122288,Yes
122289,No
122290,No
122291,No
122292,Yes
122293,No
122294,No
122295,Yes
122296,Yes
122297,No
122298,Yes
122299,Yes
122300,No
122301,No
122302,Yes
122303,Yes
122304,No
122305,No
122306,No
122307,No
122308,Yes
122309,No
122310,No
122311,Yes
122312,No
122313,Yes
122314,No
122315,No
122316,Yes
122317,Yes
122318,No
122319,Yes
122320,No
122321,Yes
122322,No
122323,No
122324,Yes
122325,Yes
122326,Yes
122327,No
122328,No
122329,No
122330,No
122331,Yes
122332,No
122333,Yes
122334,No
122335,No
122336,Yes
122337,Yes
122338,Yes
122339,No
122340,Yes
122341,Yes
122342,No
122343,Yes
122344,Yes
122345,Yes
122346,No
122347,Yes
122348,Yes
122349,No
122350,Yes
122351,Yes
122352,No
122353,No
122354,Yes
122355,Yes
122356,Yes
122357,No
122358,Yes
122359,Yes
122360,Yes
122361,Yes
122362,Yes
122363,Yes
122364,Yes
122365,No
122366,Yes
122367,Yes
122368,Yes
122369,No
122370,Yes
122371,No
122372,No
122373,No
122374,No
122375,No
122376,No
122377,No
122378,Yes
122379,No
122380,Yes
122381,Yes
122382,Yes
122383,No
122384,No
122385,No
122386,Yes
122387,No
122388,No
122389,Yes
122390,Yes
122391,Yes
122392,Yes
122393,Yes
122394,Yes
122395,No
122396,No
122397,No
122398,Yes
122399,No
122400,Yes
122401,Yes
122402,No
122403,No
122404,No
122405,Yes
122406,No
122407,Yes
122408,No
122409,No
122410,No
122411,No
122412,No
122413,Yes
122414,No
122415,Yes
122416,No
122417,No
122418,No
122419,Yes
122420,Yes
122421,Yes
122422,Yes
122423,No
122424,Yes
122425,Yes
122426,No
122427,No
122428,No
122429,Yes
122430,Yes
122431,No
122432,Yes
122433,No
122434,Yes
122435,Yes
122436,Yes
122437,Yes
122438,No
122439,No
122440,Yes
122441,Yes
122442,No
122443,Yes
122444,Yes
122445,No
122446,No
122447,Yes
122448,No
122449,Yes
122450,Yes
122451,Yes
122452,Yes
122453,No
122454,Yes
122455,No
122456,Yes
122457,No
122458,No
122459,No
122460,Yes
122461,Yes
122462,Yes
122463,No
122464,No
122465,Yes
122466,No
122467,Yes
122468,No
122469,Yes
122470,No
122471,Yes
122472,No
122473,Yes
122474,Yes
122475,Yes
122476,Yes
122477,No
122478,No
122479,No
122480,No
122481,No
122482,No
122483,Yes
122484,Yes
122485,No
122486,No
122487,Yes
122488,No
122489,No
122490,No
122491,Yes
122492,No
122493,No
122494,No
122495,Yes
122496,No
122497,Yes
122498,Yes
122499,Yes
122500,Yes
122501,No
122502,Yes
122503,Yes
122504,No
122505,Yes
122506,No
122507,No
122508,No
122509,Yes
122510,Yes
122511,Yes
122512,No
122513,Yes
122514,No
122515,Yes
122516,Yes
122517,No
122518,Yes
122519,No
122520,Yes
122521,Yes
122522,No
122523,Yes
122524,No
122525,Yes
122526,No
122527,Yes
122528,Yes
122529,Yes
122530,No
122531,Yes
122532,Yes
122533,Yes
122534,Yes
122535,Yes
122536,Yes
122537,Yes
122538,Yes
122539,Yes
122540,No
122541,Yes
122542,Yes
122543,Yes
122544,Yes
122545,Yes
122546,Yes
122547,No
122548,Yes
122549,No
122550,No
122551,No
122552,Yes
122553,No
122554,Yes
122555,Yes
122556,Yes
122557,Yes
122558,No
122559,Yes
122560,No
122561,No
122562,No
122563,Yes
122564,Yes
122565,Yes
122566,Yes
122567,No
122568,No
122569,Yes
122570,Yes
122571,No
122572,No
122573,Yes
122574,Yes
122575,Yes
122576,No
122577,Yes
122578,Yes
122579,No
122580,Yes
122581,Yes
122582,Yes
122583,No
122584,Yes
122585,Yes
122586,No
122587,Yes
122588,No
122589,Yes
122590,No
122591,Yes
122592,Yes
122593,No
122594,No
122595,Yes
122596,No
122597,Yes
122598,No
122599,No
122600,Yes
122601,Yes
122602,Yes
122603,Yes
122604,Yes
122605,Yes
122606,Yes
122607,Yes
122608,Yes
122609,No
122610,Yes
122611,Yes
122612,Yes
122613,Yes
122614,No
122615,No
122616,No
122617,No
122618,No
122619,Yes
122620,Yes
122621,No
122622,No
122623,No
122624,No
122625,No
122626,Yes
122627,No
122628,Yes
122629,No
122630,No
122631,Yes
122632,Yes
122633,No
122634,No
122635,Yes
122636,Yes
122637,Yes
122638,Yes
122639,Yes
122640,No
122641,No
122642,Yes
122643,Yes
122644,No
122645,No
122646,Yes
122647,Yes
122648,No
122649,No
122650,Yes
122651,Yes
122652,No
122653,Yes
122654,No
122655,No
122656,Yes
122657,No
122658,No
122659,Yes
122660,No
122661,No
122662,Yes
122663,No
122664,Yes
122665,No
122666,No
122667,Yes
122668,Yes
122669,Yes
122670,No
122671,Yes
122672,Yes
122673,Yes
122674,Yes
122675,Yes
122676,Yes
122677,Yes
122678,No
122679,Yes
122680,No
122681,Yes
122682,No
122683,No
122684,Yes
122685,Yes
122686,Yes
122687,No
122688,Yes
122689,No
122690,No
122691,Yes
122692,Yes
122693,No
122694,Yes
122695,No
122696,Yes
122697,Yes
122698,Yes
122699,Yes
122700,No
122701,Yes
122702,Yes
122703,No
122704,No
122705,No
122706,No
122707,Yes
122708,Yes
122709,Yes
122710,Yes
122711,No
122712,Yes
122713,Yes
122714,No
122715,No
122716,No
122717,Yes
122718,Yes
122719,Yes
122720,Yes
122721,Yes
122722,No
122723,Yes
122724,No
122725,Yes
122726,No
122727,No
122728,Yes
122729,Yes
122730,No
122731,Yes
122732,Yes
122733,No
122734,Yes
122735,Yes
122736,Yes
122737,Yes
122738,No
122739,No
122740,Yes
122741,Yes
122742,No
122743,No
122744,Yes
122745,Yes
122746,Yes
122747,No
122748,Yes
122749,Yes
122750,Yes
122751,Yes
122752,No
122753,Yes
122754,Yes
122755,No
122756,Yes
122757,Yes
122758,Yes
122759,No
122760,No
122761,Yes
122762,No
122763,Yes
122764,No
122765,No
122766,No
122767,Yes
122768,Yes
122769,Yes
122770,Yes
122771,No
122772,No
122773,No
122774,Yes
122775,Yes
122776,No
122777,Yes
122778,Yes
122779,Yes
122780,Yes
122781,No
122782,Yes
122783,No
122784,No
122785,No
122786,No
122787,No
122788,No
122789,Yes
122790,Yes
122791,No
122792,Yes
122793,Yes
122794,Yes
122795,No
122796,Yes
122797,No
122798,Yes
122799,No
122800,No
122801,No
122802,Yes
122803,Yes
122804,No
122805,Yes
122806,Yes
122807,No
122808,Yes
122809,Yes
122810,No
122811,No
122812,Yes
122813,Yes
122814,Yes
122815,No
122816,Yes
122817,No
122818,No
122819,No
122820,Yes
122821,Yes
122822,No
122823,Yes
122824,Yes
122825,Yes
122826,Yes
122827,No
122828,Yes
122829,No
122830,Yes
122831,No
122832,No
122833,No
122834,No
122835,No
122836,Yes
122837,No
122838,Yes
122839,No
122840,No
122841,No
122842,No
122843,Yes
122844,Yes
122845,No
122846,No
122847,No
122848,Yes
122849,No
122850,Yes
122851,No
122852,No
122853,Yes
122854,No
122855,Yes
122856,Yes
122857,Yes
122858,No
122859,Yes
122860,Yes
122861,No
122862,No
122863,Yes
122864,Yes
122865,Yes
122866,Yes
122867,Yes
122868,No
122869,Yes
122870,No
122871,Yes
122872,Yes
122873,No
122874,No
122875,No
122876,No
122877,Yes
122878,No
122879,No
122880,No
122881,Yes
122882,No
122883,Yes
122884,No
122885,No
122886,No
122887,Yes
122888,No
122889,Yes
122890,Yes
122891,Yes
122892,No
122893,Yes
122894,Yes
122895,No
122896,Yes
122897,Yes
122898,No
122899,No
122900,No
122901,No
122902,Yes
122903,No
122904,Yes
122905,No
122906,Yes
122907,No
122908,No
122909,No
122910,No
122911,No
122912,No
122913,No
122914,Yes
122915,Yes
122916,Yes
122917,No
122918,No
122919,Yes
122920,No
122921,Yes
122922,Yes
122923,Yes
122924,Yes
122925,No
122926,No
122927,Yes
122928,No
122929,Yes
122930,Yes
122931,Yes
122932,Yes
122933,No
122934,No
122935,Yes
122936,Yes
122937,Yes
122938,No
122939,No
122940,No
122941,Yes
122942,No
122943,Yes
122944,Yes
122945,No
122946,Yes
122947,No
122948,No
122949,Yes
122950,No
122951,No
122952,No
122953,Yes
122954,Yes
122955,No
122956,No
122957,Yes
122958,No
122959,No
122960,No
122961,No
122962,No
122963,No
122964,No
122965,Yes
122966,No
122967,No
122968,Yes
122969,Yes
122970,Yes
122971,Yes
122972,Yes
122973,Yes
122974,No
122975,No
122976,No
122977,No
122978,Yes
122979,No
122980,No
122981,Yes
122982,No
122983,No
122984,Yes
122985,No
122986,Yes
122987,No
122988,No
122989,Yes
122990,Yes
122991,Yes
122992,Yes
122993,Yes
122994,Yes
122995,Yes
122996,Yes
122997,No
122998,Yes
122999,Yes
123000,Yes
123001,Yes
123002,No
123003,Yes
123004,Yes
123005,Yes
123006,Yes
123007,No
123008,No
123009,Yes
123010,Yes
123011,No
123012,No
123013,Yes
123014,No
123015,No
123016,No
123017,Yes
123018,No
123019,No
123020,No
123021,No
123022,No
123023,No
123024,No
123025,Yes
123026,Yes
123027,Yes
123028,Yes
123029,Yes
123030,Yes
123031,No
123032,No
123033,Yes
123034,Yes
123035,No
123036,Yes
123037,Yes
123038,Yes
123039,No
123040,Yes
123041,Yes
123042,No
123043,No
123044,No
123045,Yes
123046,No
123047,Yes
123048,Yes
123049,Yes
123050,No
123051,Yes
123052,No
123053,Yes
123054,No
123055,No
123056,No
123057,Yes
123058,No
123059,Yes
123060,No
123061,Yes
123062,No
123063,Yes
123064,Yes
123065,No
123066,Yes
123067,No
123068,Yes
123069,No
123070,No
123071,Yes
123072,No
123073,Yes
123074,Yes
123075,Yes
123076,No
123077,Yes
123078,No
123079,Yes
123080,Yes
123081,Yes
123082,No
123083,Yes
123084,No
123085,Yes
123086,Yes
123087,Yes
123088,Yes
123089,Yes
123090,No
123091,Yes
123092,Yes
123093,No
123094,No
123095,Yes
123096,No
123097,No
123098,No
123099,Yes
123100,No
123101,Yes
123102,Yes
123103,No
123104,Yes
123105,Yes
123106,No
123107,Yes
123108,Yes
123109,Yes
123110,No
123111,Yes
123112,Yes
123113,Yes
123114,No
123115,Yes
123116,Yes
123117,No
123118,Yes
123119,No
123120,No
123121,Yes
123122,No
123123,No
123124,Yes
123125,No
123126,Yes
123127,No
123128,No
123129,Yes
123130,Yes
123131,Yes
123132,Yes
123133,Yes
123134,No
123135,Yes
123136,No
123137,No
123138,No
123139,Yes
123140,No
123141,No
123142,Yes
123143,Yes
123144,Yes
123145,No
123146,No
123147,No
123148,No
123149,No
123150,Yes
123151,Yes
123152,No
123153,No
123154,No
123155,Yes
123156,No
123157,No
123158,No
123159,No
123160,No
123161,Yes
123162,Yes
123163,No
123164,Yes
123165,No
123166,No
123167,Yes
123168,Yes
123169,No
123170,Yes
123171,No
123172,No
123173,Yes
123174,Yes
123175,No
123176,Yes
123177,Yes
123178,Yes
123179,Yes
123180,Yes
123181,No
123182,No
123183,Yes
123184,Yes
123185,No
123186,No
123187,Yes
123188,No
123189,No
123190,Yes
123191,No
123192,No
123193,No
123194,Yes
123195,No
123196,Yes
123197,Yes
123198,No
123199,No
123200,Yes
123201,Yes
123202,Yes
123203,No
123204,Yes
123205,Yes
123206,No
123207,Yes
123208,No
123209,Yes
123210,No
123211,No
123212,No
123213,Yes
123214,No
123215,Yes
123216,Yes
123217,Yes
123218,Yes
123219,Yes
123220,Yes
123221,Yes
123222,No
123223,No
123224,No
123225,Yes
123226,No
123227,Yes
123228,Yes
123229,No
123230,No
123231,Yes
123232,No
123233,No
123234,Yes
123235,Yes
123236,Yes
123237,No
123238,No
123239,No
123240,Yes
123241,Yes
123242,No
123243,No
123244,Yes
123245,Yes
123246,No
123247,Yes
123248,Yes
123249,Yes
123250,No
123251,Yes
123252,Yes
123253,Yes
123254,No
123255,Yes
123256,Yes
123257,Yes
123258,No
123259,No
123260,Yes
123261,Yes
123262,Yes
123263,Yes
123264,Yes
123265,No
123266,No
123267,No
123268,No
123269,Yes
123270,No
123271,No
123272,Yes
123273,No
123274,No
123275,No
123276,No
123277,No
123278,No
123279,No
123280,No
123281,No
123282,No
123283,Yes
123284,Yes
123285,Yes
123286,Yes
123287,Yes
123288,Yes
123289,Yes
123290,No
123291,Yes
123292,No
123293,Yes
123294,Yes
123295,Yes
123296,Yes
123297,Yes
123298,Yes
123299,Yes
123300,No
123301,No
123302,Yes
123303,Yes
123304,No
123305,Yes
123306,Yes
123307,No
123308,No
123309,Yes
123310,No
123311,No
123312,No
123313,Yes
123314,Yes
123315,No
123316,Yes
123317,Yes
123318,No
123319,No
123320,No
123321,Yes
123322,Yes
123323,No
123324,No
123325,No
123326,No
123327,Yes
123328,Yes
123329,Yes
123330,Yes
123331,No
123332,No
123333,Yes
123334,No
123335,Yes
123336,Yes
123337,No
123338,Yes
123339,No
123340,Yes
123341,No
123342,Yes
123343,No
123344,Yes
123345,No
123346,No
123347,Yes
123348,Yes
123349,Yes
123350,Yes
123351,Yes
123352,Yes
123353,Yes
123354,Yes
123355,Yes
123356,Yes
123357,Yes
123358,Yes
123359,No
123360,Yes
123361,No
123362,Yes
123363,No
123364,No
123365,Yes
123366,No
123367,No
123368,No
123369,No
123370,No
123371,Yes
123372,Yes
123373,Yes
123374,Yes
123375,Yes
123376,Yes
123377,No
123378,Yes
123379,Yes
123380,Yes
123381,Yes
123382,Yes
123383,No
123384,Yes
123385,No
123386,No
123387,Yes
123388,Yes
123389,Yes
123390,Yes
123391,No
123392,Yes
123393,No
123394,Yes
123395,Yes
123396,Yes
123397,No
123398,Yes
123399,No
123400,No
123401,Yes
123402,Yes
123403,Yes
123404,Yes
123405,Yes
123406,No
123407,No
123408,No
123409,No
123410,Yes
123411,Yes
123412,Yes
123413,Yes
123414,Yes
123415,No
123416,Yes
123417,Yes
123418,Yes
123419,Yes
123420,Yes
123421,Yes
123422,Yes
123423,Yes
123424,Yes
123425,Yes
123426,No
123427,Yes
123428,Yes
123429,No
123430,Yes
123431,No
123432,Yes
123433,No
123434,No
123435,Yes
123436,No
123437,No
123438,Yes
123439,No
123440,Yes
123441,No
123442,Yes
123443,No
123444,No
123445,Yes
123446,Yes
123447,No
123448,Yes
123449,Yes
123450,Yes
123451,Yes
123452,No
123453,Yes
123454,Yes
123455,No
123456,Yes
123457,No
123458,Yes
123459,Yes
123460,Yes
123461,Yes
123462,No
123463,Yes
123464,Yes
123465,No
123466,Yes
123467,No
123468,Yes
123469,Yes
123470,No
123471,No
123472,Yes
123473,Yes
123474,Yes
123475,No
123476,No
123477,No
123478,Yes
123479,Yes
123480,No
123481,Yes
123482,No
123483,No
123484,Yes
123485,No
123486,No
123487,Yes
123488,Yes
123489,No
123490,Yes
123491,Yes
123492,Yes
123493,No
123494,Yes
123495,No
123496,Yes
123497,Yes
123498,No
123499,Yes
123500,Yes
123501,Yes
123502,Yes
123503,Yes
123504,No
123505,No
123506,Yes
123507,No
123508,Yes
123509,Yes
123510,Yes
123511,Yes
123512,No
123513,Yes
123514,No
123515,No
123516,No
123517,Yes
123518,No
123519,No
123520,Yes
123521,No
123522,Yes
123523,Yes
123524,Yes
123525,Yes
123526,Yes
123527,Yes
123528,No
123529,No
123530,Yes
123531,Yes
123532,Yes
123533,No
123534,Yes
123535,No
123536,No
123537,Yes
123538,Yes
123539,Yes
123540,No
123541,No
123542,Yes
123543,Yes
123544,Yes
123545,Yes
123546,No
123547,Yes
123548,Yes
123549,No
123550,No
123551,Yes
123552,No
123553,No
123554,No
123555,No
123556,Yes
123557,Yes
123558,No
123559,Yes
123560,No
123561,No
123562,No
123563,No
123564,Yes
123565,Yes
123566,No
123567,No
123568,Yes
123569,No
123570,No
123571,Yes
123572,Yes
123573,No
123574,Yes
123575,Yes
123576,Yes
123577,Yes
123578,No
123579,Yes
123580,No
123581,No
123582,No
123583,Yes
123584,No
123585,Yes
123586,Yes
123587,No
123588,Yes
123589,Yes
123590,Yes
123591,No
123592,Yes
123593,Yes
123594,Yes
123595,Yes
123596,No
123597,Yes
123598,Yes
123599,No
123600,No
123601,Yes
123602,Yes
123603,Yes
123604,Yes
123605,Yes
123606,Yes
123607,Yes
123608,Yes
123609,Yes
123610,Yes
123611,No
123612,Yes
123613,Yes
123614,No
123615,Yes
123616,No
123617,Yes
123618,No
123619,Yes
123620,No
123621,Yes
123622,Yes
123623,No
123624,No
123625,No
123626,Yes
123627,No
123628,No
123629,Yes
123630,Yes
123631,Yes
123632,Yes
123633,No
123634,Yes
123635,Yes
123636,Yes
123637,Yes
123638,Yes
123639,No
123640,No
123641,Yes
123642,No
123643,Yes
123644,Yes
123645,No
123646,No
123647,Yes
123648,Yes
123649,Yes
123650,No
123651,No
123652,Yes
123653,Yes
123654,Yes
123655,Yes
123656,No
123657,Yes
123658,Yes
123659,Yes
123660,No
123661,No
123662,Yes
123663,Yes
123664,Yes
123665,No
123666,Yes
123667,No
123668,Yes
123669,No
123670,Yes
123671,No
123672,Yes
123673,Yes
123674,Yes
123675,Yes
123676,Yes
123677,No
123678,Yes
123679,No
123680,No
123681,Yes
123682,Yes
123683,Yes
123684,No
123685,No
123686,Yes
123687,Yes
123688,No
123689,No
123690,No
123691,No
123692,No
123693,Yes
123694,No
123695,Yes
123696,Yes
123697,No
123698,No
123699,No
123700,Yes
123701,Yes
123702,No
123703,Yes
123704,Yes
123705,Yes
123706,No
123707,Yes
123708,No
123709,Yes
123710,Yes
123711,No
123712,Yes
123713,Yes
123714,No
123715,No
123716,Yes
123717,Yes
123718,No
123719,No
123720,Yes
123721,Yes
123722,Yes
123723,Yes
123724,Yes
123725,Yes
123726,Yes
123727,Yes
123728,No
123729,Yes
123730,Yes
123731,Yes
123732,No
123733,Yes
123734,No
123735,Yes
123736,Yes
123737,No
123738,No
123739,Yes
123740,No
123741,No
123742,Yes
123743,No
123744,Yes
123745,Yes
123746,Yes
123747,Yes
123748,No
123749,Yes
123750,Yes
123751,No
123752,Yes
123753,No
123754,Yes
123755,No
123756,Yes
123757,Yes
123758,No
123759,Yes
123760,Yes
123761,Yes
123762,Yes
123763,No
123764,Yes
123765,No
123766,No
123767,Yes
123768,No
123769,No
123770,Yes
123771,Yes
123772,No
123773,No
123774,No
123775,No
123776,No
123777,Yes
123778,No
123779,No
123780,No
123781,No
123782,Yes
123783,No
123784,No
123785,No
123786,Yes
123787,No
123788,Yes
123789,No
123790,Yes
123791,Yes
123792,No
123793,No
123794,Yes
123795,Yes
123796,Yes
123797,No
123798,No
123799,Yes
123800,Yes
123801,Yes
123802,No
123803,Yes
123804,Yes
123805,Yes
123806,Yes
123807,No
123808,Yes
123809,Yes
123810,No
123811,Yes
123812,Yes
123813,Yes
123814,Yes
123815,Yes
123816,No
123817,No
123818,No
123819,Yes
123820,No
123821,Yes
123822,No
123823,No
123824,Yes
123825,No
123826,Yes
123827,No
123828,Yes
123829,Yes
123830,No
123831,No
123832,Yes
123833,No
123834,Yes
123835,No
123836,Yes
123837,No
123838,No
123839,Yes
123840,No
123841,No
123842,Yes
123843,Yes
123844,No
123845,No
123846,Yes
123847,Yes
123848,No
123849,Yes
123850,No
123851,Yes
123852,Yes
123853,No
123854,Yes
123855,Yes
123856,Yes
123857,Yes
123858,No
123859,Yes
123860,No
123861,Yes
123862,No
123863,Yes
123864,No
123865,No
123866,No
123867,No
123868,No
123869,Yes
123870,No
123871,Yes
123872,Yes
123873,Yes
123874,Yes
123875,Yes
123876,Yes
123877,Yes
123878,No
123879,No
123880,Yes
123881,No
123882,Yes
123883,No
123884,No
123885,Yes
123886,Yes
123887,Yes
123888,Yes
123889,No
123890,Yes
123891,Yes
123892,No
123893,No
123894,Yes
123895,Yes
123896,Yes
123897,No
123898,No
123899,Yes
123900,Yes
123901,Yes
123902,Yes
123903,Yes
123904,Yes
123905,No
123906,Yes
123907,No
123908,Yes
123909,Yes
123910,Yes
123911,No
123912,Yes
123913,Yes
123914,Yes
123915,No
123916,No
123917,Yes
123918,No
123919,Yes
123920,No
123921,No
123922,Yes
123923,No
123924,No
123925,No
123926,Yes
123927,Yes
123928,Yes
123929,Yes
123930,No
123931,Yes
123932,No
123933,Yes
123934,Yes
123935,Yes
123936,Yes
123937,Yes
123938,No
123939,No
123940,Yes
123941,Yes
123942,No
123943,Yes
123944,No
123945,Yes
123946,No
123947,No
123948,No
123949,No
123950,No
123951,Yes
123952,Yes
123953,No
123954,Yes
123955,No
123956,No
123957,Yes
123958,No
123959,Yes
123960,Yes
123961,No
123962,Yes
123963,Yes
123964,No
123965,Yes
123966,No
123967,Yes
123968,No
123969,No
123970,Yes
123971,No
123972,Yes
123973,No
123974,Yes
123975,Yes
123976,No
123977,Yes
123978,Yes
123979,Yes
123980,Yes
123981,Yes
123982,No
123983,Yes
123984,No
123985,Yes
123986,No
123987,No
123988,Yes
123989,Yes
123990,No
123991,No
123992,Yes
123993,Yes
123994,Yes
123995,Yes
123996,No
123997,Yes
123998,No
123999,No
124000,No
124001,Yes
124002,Yes
124003,No
124004,Yes
124005,Yes
124006,Yes
124007,Yes
124008,No
124009,Yes
124010,No
124011,Yes
124012,Yes
124013,Yes
124014,Yes
124015,No
124016,Yes
124017,No
124018,Yes
124019,Yes
124020,No
124021,Yes
124022,No
124023,Yes
124024,No
124025,Yes
124026,Yes
124027,Yes
124028,No
124029,No
124030,Yes
124031,Yes
124032,Yes
124033,No
124034,No
124035,Yes
124036,No
124037,Yes
124038,No
124039,No
124040,No
124041,Yes
124042,No
124043,No
124044,No
124045,Yes
124046,Yes
124047,Yes
124048,No
124049,Yes
124050,No
124051,No
124052,Yes
124053,Yes
124054,Yes
124055,No
124056,Yes
124057,Yes
124058,No
124059,No
124060,No
124061,Yes
124062,Yes
124063,No
124064,Yes
124065,Yes
124066,Yes
124067,No
124068,Yes
124069,Yes
124070,Yes
124071,No
124072,No
124073,No
124074,Yes
124075,Yes
124076,No
124077,Yes
124078,No
124079,Yes
124080,Yes
124081,No
124082,No
124083,Yes
124084,Yes
124085,No
124086,No
124087,Yes
124088,Yes
124089,Yes
124090,Yes
124091,No
124092,No
124093,Yes
124094,Yes
124095,Yes
124096,No
124097,Yes
124098,Yes
124099,Yes
124100,Yes
124101,Yes
124102,No
124103,Yes
124104,No
124105,No
124106,Yes
124107,No
124108,No
124109,No
124110,No
124111,Yes
124112,No
124113,No
124114,Yes
124115,No
124116,Yes
124117,Yes
124118,Yes
124119,Yes
124120,Yes
124121,Yes
124122,Yes
124123,No
124124,Yes
124125,No
124126,Yes
124127,No
124128,Yes
124129,No
124130,Yes
124131,Yes
124132,Yes
124133,Yes
124134,No
124135,Yes
124136,Yes
124137,No
124138,No
124139,No
124140,Yes
124141,No
124142,Yes
124143,No
124144,No
124145,Yes
124146,Yes
124147,Yes
124148,No
124149,No
124150,Yes
124151,No
124152,Yes
124153,No
124154,Yes
124155,No
124156,No
124157,No
124158,No
124159,No
124160,No
124161,Yes
124162,No
124163,Yes
124164,Yes
124165,No
124166,Yes
124167,Yes
124168,No
124169,Yes
124170,No
124171,No
124172,Yes
124173,No
124174,No
124175,Yes
124176,No
124177,No
124178,Yes
124179,No
124180,Yes
124181,No
124182,No
124183,No
124184,Yes
124185,Yes
124186,Yes
124187,No
124188,Yes
124189,Yes
124190,No
124191,No
124192,No
124193,Yes
124194,No
124195,Yes
124196,No
124197,No
124198,Yes
124199,No
124200,No
124201,Yes
124202,Yes
124203,No
124204,No
124205,Yes
124206,No
124207,Yes
124208,No
124209,Yes
124210,Yes
124211,Yes
124212,No
124213,Yes
124214,Yes
124215,No
124216,No
124217,No
124218,No
124219,No
124220,No
124221,No
124222,Yes
124223,No
124224,Yes
124225,Yes
124226,Yes
124227,Yes
124228,Yes
124229,No
124230,No
124231,Yes
124232,No
124233,No
124234,No
124235,Yes
124236,Yes
124237,Yes
124238,No
124239,No
124240,No
124241,Yes
124242,Yes
124243,Yes
124244,Yes
124245,Yes
124246,No
124247,Yes
124248,Yes
124249,Yes
124250,Yes
124251,No
124252,Yes
124253,No
124254,Yes
124255,No
124256,Yes
124257,No
124258,No
124259,Yes
124260,Yes
124261,Yes
124262,Yes
124263,No
124264,No
124265,No
124266,Yes
124267,Yes
124268,Yes
124269,Yes
124270,Yes
124271,No
124272,Yes
124273,No
124274,Yes
124275,No
124276,No
124277,No
124278,Yes
124279,No
124280,Yes
124281,Yes
124282,No
124283,Yes
124284,Yes
124285,No
124286,No
124287,No
124288,Yes
124289,No
124290,No
124291,Yes
124292,No
124293,Yes
124294,No
124295,Yes
124296,Yes
124297,No
124298,Yes
124299,Yes
124300,No
124301,Yes
124302,Yes
124303,Yes
124304,Yes
124305,No
124306,No
124307,Yes
124308,Yes
124309,No
124310,Yes
124311,Yes
124312,No
124313,Yes
124314,Yes
124315,Yes
124316,No
124317,Yes
124318,No
124319,No
124320,Yes
124321,No
124322,Yes
124323,Yes
124324,Yes
124325,No
124326,Yes
124327,Yes
124328,Yes
124329,Yes
124330,Yes
124331,Yes
124332,Yes
124333,Yes
124334,No
124335,No
124336,No
124337,No
124338,Yes
124339,Yes
124340,Yes
124341,Yes
124342,Yes
124343,Yes
124344,No
124345,Yes
124346,No
124347,Yes
124348,Yes
124349,No
124350,Yes
124351,No
124352,Yes
124353,Yes
124354,Yes
124355,No
124356,No
124357,Yes
124358,Yes
124359,Yes
124360,No
124361,Yes
124362,No
124363,Yes
124364,Yes
124365,Yes
124366,Yes
124367,Yes
124368,Yes
124369,No
124370,Yes
124371,Yes
124372,No
124373,Yes
124374,Yes
124375,Yes
124376,Yes
124377,No
124378,Yes
124379,No
124380,No
124381,No
124382,Yes
124383,Yes
124384,Yes
124385,No
124386,No
124387,Yes
124388,Yes
124389,No
124390,Yes
124391,Yes
124392,Yes
124393,Yes
124394,Yes
124395,No
124396,No
124397,Yes
124398,No
124399,Yes
124400,No
124401,Yes
124402,Yes
124403,Yes
124404,Yes
124405,Yes
124406,Yes
124407,Yes
124408,Yes
124409,Yes
124410,Yes
124411,No
124412,Yes
124413,Yes
124414,Yes
124415,No
124416,No
124417,Yes
124418,Yes
124419,Yes
124420,No
124421,Yes
124422,Yes
124423,Yes
124424,Yes
124425,No
124426,Yes
124427,No
124428,Yes
124429,No
124430,Yes
124431,Yes
124432,Yes
124433,Yes
124434,No
124435,Yes
124436,Yes
124437,No
124438,No
124439,No
124440,Yes
124441,Yes
124442,Yes
124443,Yes
124444,Yes
124445,Yes
124446,Yes
124447,Yes
124448,No
124449,Yes
124450,No
124451,No
124452,No
124453,No
124454,No
124455,Yes
124456,Yes
124457,No
124458,Yes
124459,Yes
124460,Yes
124461,No
124462,Yes
124463,No
124464,Yes
124465,No
124466,Yes
124467,No
124468,Yes
124469,No
124470,No
124471,Yes
124472,No
124473,No
124474,No
124475,No
124476,Yes
124477,Yes
124478,Yes
124479,Yes
124480,No
124481,Yes
124482,No
124483,No
124484,No
124485,No
124486,Yes
124487,No
124488,No
124489,No
124490,Yes
124491,Yes
124492,Yes
124493,Yes
124494,Yes
124495,No
124496,Yes
124497,Yes
124498,Yes
124499,No
124500,Yes
124501,Yes
124502,No
124503,Yes
124504,No
124505,Yes
124506,No
124507,Yes
124508,No
124509,Yes
124510,Yes
124511,Yes
124512,Yes
124513,Yes
124514,Yes
124515,No
124516,Yes
124517,No
124518,Yes
124519,Yes
124520,Yes
124521,Yes
124522,Yes
124523,Yes
124524,Yes
124525,No
124526,Yes
124527,No
124528,Yes
124529,No
124530,Yes
124531,Yes
124532,Yes
124533,Yes
124534,Yes
124535,Yes
124536,Yes
124537,Yes
124538,Yes
124539,Yes
124540,Yes
124541,No
124542,No
124543,Yes
124544,No
124545,Yes
124546,No
124547,Yes
124548,Yes
124549,Yes
124550,No
124551,Yes
124552,No
124553,No
124554,No
124555,Yes
124556,Yes
124557,Yes
124558,No
124559,Yes
124560,Yes
124561,No
124562,No
124563,Yes
124564,Yes
124565,Yes
124566,Yes
124567,No
124568,No
124569,Yes
124570,Yes
124571,No
124572,No
124573,Yes
124574,No
124575,Yes
124576,No
124577,No
124578,Yes
124579,No
124580,Yes
124581,Yes
124582,Yes
124583,Yes
124584,No
124585,Yes
124586,Yes
124587,No
124588,Yes
124589,No
124590,Yes
124591,Yes
124592,Yes
124593,Yes
124594,No
124595,No
124596,No
124597,No
124598,Yes
124599,Yes
124600,No
124601,No
124602,No
124603,No
124604,No
124605,Yes
124606,No
124607,No
124608,No
124609,No
124610,Yes
124611,Yes
124612,No
124613,Yes
124614,Yes
124615,No
124616,No
124617,Yes
124618,No
124619,No
124620,No
124621,No
124622,Yes
124623,No
124624,No
124625,Yes
124626,Yes
124627,No
124628,No
124629,Yes
124630,Yes
124631,No
124632,No
124633,Yes
124634,Yes
124635,No
124636,Yes
124637,Yes
124638,No
124639,Yes
124640,Yes
124641,No
124642,Yes
124643,Yes
124644,Yes
124645,Yes
124646,Yes
124647,No
124648,No
124649,Yes
124650,No
124651,Yes
124652,Yes
124653,Yes
124654,Yes
124655,No
124656,No
124657,Yes
124658,No
124659,No
124660,No
124661,Yes
124662,No
124663,Yes
124664,Yes
124665,Yes
124666,No
124667,No
124668,Yes
124669,No
124670,Yes
124671,Yes
124672,No
124673,No
124674,Yes
124675,Yes
124676,No
124677,Yes
124678,No
124679,No
124680,No
124681,Yes
124682,Yes
124683,Yes
124684,Yes
124685,No
124686,Yes
124687,Yes
124688,Yes
124689,No
124690,Yes
124691,No
124692,Yes
124693,Yes
124694,Yes
124695,No
124696,No
124697,No
124698,No
124699,No
124700,No
124701,No
124702,Yes
124703,No
124704,Yes
124705,Yes
124706,No
124707,Yes
124708,No
124709,No
124710,Yes
124711,Yes
124712,Yes
124713,No
124714,Yes
124715,No
124716,No
124717,No
124718,Yes
124719,No
124720,Yes
124721,Yes
124722,No
124723,Yes
124724,No
124725,No
124726,Yes
124727,Yes
124728,No
124729,No
124730,Yes
124731,Yes
124732,No
124733,No
124734,No
124735,No
124736,Yes
124737,Yes
124738,No
124739,No
124740,Yes
124741,Yes
124742,Yes
124743,Yes
124744,Yes
124745,Yes
124746,Yes
124747,Yes
124748,Yes
124749,No
124750,No
124751,No
124752,No
124753,No
124754,No
124755,Yes
124756,Yes
124757,Yes
124758,No
124759,No
124760,No
124761,Yes
124762,Yes
124763,No
124764,Yes
124765,No
124766,Yes
124767,No
124768,Yes
124769,No
124770,Yes
124771,No
124772,Yes
124773,Yes
124774,Yes
124775,No
124776,No
124777,Yes
124778,No
124779,No
124780,No
124781,Yes
124782,No
124783,No
124784,Yes
124785,Yes
124786,Yes
124787,Yes
124788,Yes
124789,Yes
124790,Yes
124791,Yes
124792,Yes
124793,No
124794,No
124795,Yes
124796,Yes
124797,Yes
124798,Yes
124799,Yes
124800,Yes
124801,No
124802,Yes
124803,No
124804,Yes
124805,Yes
124806,No
124807,No
124808,No
124809,No
124810,No
124811,No
124812,Yes
124813,No
124814,Yes
124815,Yes
124816,Yes
124817,Yes
124818,Yes
124819,No
124820,No
124821,Yes
124822,Yes
124823,No
124824,Yes
124825,Yes
124826,No
124827,Yes
124828,Yes
124829,No
124830,Yes
124831,No
124832,No
124833,No
124834,No
124835,No
124836,No
124837,Yes
124838,No
124839,No
124840,Yes
124841,Yes
124842,No
124843,Yes
124844,Yes
124845,Yes
124846,Yes
124847,Yes
124848,No
124849,No
124850,Yes
124851,Yes
124852,No
124853,Yes
124854,Yes
124855,Yes
124856,No
124857,Yes
124858,No
124859,No
124860,Yes
124861,Yes
124862,No
124863,No
124864,No
124865,Yes
124866,No
124867,No
124868,Yes
124869,Yes
124870,No
124871,Yes
124872,Yes
124873,No
124874,No
124875,Yes
124876,No
124877,No
124878,Yes
124879,Yes
124880,No
124881,No
124882,Yes
124883,Yes
124884,No
124885,Yes
124886,Yes
124887,Yes
124888,No
124889,Yes
124890,Yes
124891,No
124892,No
124893,No
124894,Yes
124895,Yes
124896,No
124897,No
124898,Yes
124899,Yes
124900,Yes
124901,Yes
124902,Yes
124903,Yes
124904,Yes
124905,No
124906,No
124907,Yes
124908,No
124909,No
124910,Yes
124911,Yes
124912,Yes
124913,No
124914,Yes
124915,No
124916,Yes
124917,No
124918,No
124919,No
124920,No
124921,No
124922,Yes
124923,Yes
124924,No
124925,No
124926,Yes
124927,Yes
124928,No
124929,No
124930,No
124931,No
124932,No
124933,Yes
124934,No
124935,Yes
124936,Yes
124937,No
124938,No
124939,Yes
124940,Yes
124941,Yes
124942,No
124943,No
124944,No
124945,Yes
124946,Yes
124947,Yes
124948,Yes
124949,No
124950,Yes
124951,Yes
124952,Yes
124953,No
124954,Yes
124955,No
124956,Yes
124957,Yes
124958,No
124959,No
124960,No
124961,Yes
124962,Yes
124963,Yes
124964,No
124965,Yes
124966,Yes
124967,Yes
124968,No
124969,No
124970,Yes
124971,No
124972,No
124973,No
124974,Yes
124975,No
124976,Yes
124977,Yes
124978,Yes
124979,No
124980,No
124981,No
124982,No
124983,Yes
124984,Yes
124985,Yes
124986,Yes
124987,Yes
124988,No
124989,Yes
124990,Yes
124991,Yes
124992,Yes
124993,Yes
124994,Yes
124995,No
124996,No
124997,Yes
124998,Yes
124999,Yes
125000,Yes
125001,Yes
125002,Yes
125003,Yes
125004,Yes
125005,No
125006,Yes
125007,Yes
125008,Yes
125009,Yes
125010,Yes
125011,Yes
125012,Yes
125013,No
125014,Yes
125015,No
125016,No
125017,No
125018,Yes
125019,Yes
125020,No
125021,Yes
125022,No
125023,No
125024,No
125025,Yes
125026,Yes
125027,No
125028,Yes
125029,No
125030,Yes
125031,Yes
125032,No
125033,Yes
125034,Yes
125035,Yes
125036,Yes
125037,No
125038,Yes
125039,Yes
125040,No
125041,Yes
125042,No
125043,Yes
125044,Yes
125045,Yes
125046,No
125047,No
125048,No
125049,No
125050,Yes
125051,No
125052,Yes
125053,No
125054,Yes
125055,Yes
125056,No
125057,Yes
125058,No
125059,No
125060,No
125061,No
125062,No
125063,No
125064,No
125065,No
125066,Yes
125067,Yes
125068,Yes
125069,No
125070,No
125071,No
125072,Yes
125073,Yes
125074,No
125075,No
125076,Yes
125077,Yes
125078,Yes
125079,Yes
125080,Yes
125081,Yes
125082,Yes
125083,Yes
125084,Yes
125085,Yes
125086,No
125087,Yes
125088,No
125089,No
125090,Yes
125091,Yes
125092,Yes
125093,No
125094,No
125095,No
125096,Yes
125097,No
125098,Yes
125099,Yes
125100,No
125101,No
125102,Yes
125103,Yes
125104,Yes
125105,Yes
125106,No
125107,No
125108,No
125109,No
125110,Yes
125111,No
125112,No
125113,Yes
125114,No
125115,No
125116,No
125117,Yes
125118,No
125119,No
125120,No
125121,No
125122,No
125123,Yes
125124,Yes
125125,Yes
125126,Yes
125127,Yes
125128,No
125129,No
125130,Yes
125131,Yes
125132,No
125133,No
125134,Yes
125135,Yes
125136,Yes
125137,Yes
125138,No
125139,Yes
125140,No
125141,No
125142,No
125143,No
125144,Yes
125145,No
125146,Yes
125147,Yes
125148,No
125149,No
125150,No
125151,No
125152,Yes
125153,Yes
125154,No
125155,Yes
125156,Yes
125157,No
125158,Yes
125159,Yes
125160,No
125161,Yes
125162,Yes
125163,Yes
125164,No
125165,No
125166,Yes
125167,Yes
125168,Yes
125169,No
125170,No
125171,Yes
125172,No
125173,Yes
125174,Yes
125175,Yes
125176,No
125177,No
125178,Yes
125179,Yes
125180,No
125181,No
125182,Yes
125183,No
125184,Yes
125185,No
125186,No
125187,No
125188,Yes
125189,Yes
125190,No
125191,No
125192,Yes
125193,No
125194,Yes
125195,Yes
125196,No
125197,No
125198,Yes
125199,No
125200,No
125201,No
125202,No
125203,No
125204,Yes
125205,Yes
125206,Yes
125207,No
125208,No
125209,No
125210,No
125211,No
125212,Yes
125213,Yes
125214,No
125215,No
125216,No
125217,Yes
125218,Yes
125219,Yes
125220,Yes
125221,Yes
125222,No
125223,No
125224,Yes
125225,Yes
125226,No
125227,No
125228,Yes
125229,Yes
125230,Yes
125231,Yes
125232,Yes
125233,Yes
125234,Yes
125235,Yes
125236,No
125237,No
125238,No
125239,No
125240,Yes
125241,No
125242,No
125243,Yes
125244,No
125245,No
125246,Yes
125247,Yes
125248,Yes
125249,Yes
125250,Yes
125251,No
125252,No
125253,Yes
125254,No
125255,Yes
125256,No
125257,No
125258,No
125259,No
125260,Yes
125261,No
125262,Yes
125263,Yes
125264,No
125265,No
125266,Yes
125267,No
125268,No
125269,Yes
125270,Yes
125271,Yes
125272,Yes
125273,Yes
125274,Yes
125275,Yes
125276,No
125277,Yes
125278,Yes
125279,No
125280,No
125281,Yes
125282,No
125283,No
125284,Yes
125285,No
125286,Yes
125287,Yes
125288,Yes
125289,No
125290,No
125291,Yes
125292,No
125293,Yes
125294,Yes
125295,No
125296,No
125297,Yes
125298,No
125299,No
125300,Yes
125301,Yes
125302,Yes
125303,No
125304,No
125305,Yes
125306,Yes
125307,No
125308,Yes
125309,No
125310,No
125311,No
125312,Yes
125313,Yes
125314,Yes
125315,Yes
125316,Yes
125317,Yes
125318,Yes
125319,No
125320,No
125321,Yes
125322,Yes
125323,Yes
125324,Yes
125325,No
125326,No
125327,Yes
125328,Yes
125329,Yes
125330,No
125331,Yes
125332,Yes
125333,No
125334,No
125335,Yes
125336,Yes
125337,No
125338,Yes
125339,No
125340,No
125341,Yes
125342,No
125343,Yes
125344,No
125345,Yes
125346,No
125347,Yes
125348,Yes
125349,No
125350,Yes
125351,Yes
125352,No
125353,Yes
125354,No
125355,No
125356,Yes
125357,No
125358,No
125359,No
125360,Yes
125361,Yes
125362,Yes
125363,No
125364,Yes
125365,Yes
125366,Yes
125367,Yes
125368,Yes
125369,Yes
125370,No
125371,Yes
125372,Yes
125373,No
125374,Yes
125375,No
125376,Yes
125377,Yes
125378,No
125379,Yes
125380,No
125381,No
125382,Yes
125383,Yes
125384,No
125385,Yes
125386,Yes
125387,No
125388,Yes
125389,Yes
125390,No
125391,Yes
125392,No
125393,No
125394,Yes
125395,No
125396,Yes
125397,Yes
125398,No
125399,Yes
125400,Yes
125401,No
125402,Yes
125403,Yes
125404,No
125405,No
125406,Yes
125407,Yes
125408,Yes
125409,No
125410,Yes
125411,Yes
125412,Yes
125413,No
125414,Yes
125415,No
125416,Yes
125417,Yes
125418,Yes
125419,No
125420,No
125421,No
125422,Yes
125423,Yes
125424,Yes
125425,No
125426,No
125427,Yes
125428,No
125429,No
125430,No
125431,Yes
125432,Yes
125433,No
125434,Yes
125435,No
125436,Yes
125437,Yes
125438,Yes
125439,No
125440,Yes
125441,No
125442,No
125443,No
125444,No
125445,No
125446,Yes
125447,Yes
125448,No
125449,Yes
125450,Yes
125451,No
125452,Yes
125453,Yes
125454,Yes
125455,Yes
125456,Yes
125457,No
125458,No
125459,Yes
125460,Yes
125461,No
125462,Yes
125463,No
125464,No
125465,No
125466,Yes
125467,No
125468,No
125469,No
125470,Yes
125471,Yes
125472,Yes
125473,Yes
125474,No
125475,Yes
125476,Yes
125477,Yes
125478,Yes
125479,No
125480,No
125481,Yes
125482,Yes
125483,Yes
125484,Yes
125485,Yes
125486,Yes
125487,Yes
125488,Yes
125489,Yes
125490,Yes
125491,No
125492,Yes
125493,Yes
125494,No
125495,No
125496,Yes
125497,No
125498,Yes
125499,No
125500,No
125501,Yes
125502,No
125503,Yes
125504,No
125505,Yes
125506,No
125507,Yes
125508,Yes
125509,No
125510,Yes
125511,Yes
125512,Yes
125513,No
125514,No
125515,No
125516,Yes
125517,No
125518,Yes
125519,Yes
125520,No
125521,No
125522,No
125523,No
125524,Yes
125525,No
125526,Yes
125527,No
125528,Yes
125529,Yes
125530,Yes
125531,No
125532,Yes
125533,Yes
125534,No
125535,Yes
125536,Yes
125537,Yes
125538,Yes
125539,No
125540,Yes
125541,Yes
125542,Yes
125543,Yes
125544,No
125545,No
125546,No
125547,No
125548,Yes
125549,No
125550,Yes
125551,No
125552,Yes
125553,No
125554,No
125555,Yes
125556,No
125557,Yes
125558,No
125559,No
125560,Yes
125561,Yes
125562,No
125563,Yes
125564,No
125565,Yes
125566,No
125567,Yes
125568,No
125569,Yes
125570,No
125571,Yes
125572,Yes
125573,Yes
125574,Yes
125575,No
125576,Yes
125577,No
125578,Yes
125579,No
125580,Yes
125581,No
125582,No
125583,No
125584,Yes
125585,Yes
125586,Yes
125587,No
125588,No
125589,No
125590,No
125591,No
125592,Yes
125593,Yes
125594,Yes
125595,Yes
125596,Yes
125597,Yes
125598,Yes
125599,No
125600,No
125601,No
125602,Yes
125603,Yes
125604,No
125605,Yes
125606,Yes
125607,No
125608,Yes
125609,Yes
125610,Yes
125611,Yes
125612,No
125613,Yes
125614,Yes
125615,Yes
125616,No
125617,Yes
125618,Yes
125619,No
125620,Yes
125621,Yes
125622,Yes
125623,No
125624,Yes
125625,No
125626,Yes
125627,Yes
125628,No
125629,Yes
125630,Yes
125631,No
125632,No
125633,Yes
125634,Yes
125635,No
125636,No
125637,Yes
125638,No
125639,No
125640,No
125641,Yes
125642,No
125643,Yes
125644,No
125645,No
125646,Yes
125647,Yes
125648,Yes
125649,No
125650,No
125651,No
125652,No
125653,Yes
125654,Yes
125655,Yes
125656,No
125657,Yes
125658,Yes
125659,No
125660,No
125661,No
125662,Yes
125663,No
125664,No
125665,No
125666,No
125667,No
125668,Yes
125669,No
125670,Yes
125671,No
125672,Yes
125673,No
125674,No
125675,Yes
125676,No
125677,No
125678,Yes
125679,Yes
125680,No
125681,No
125682,Yes
125683,No
125684,Yes
125685,No
125686,Yes
125687,No
125688,No
125689,Yes
125690,Yes
125691,Yes
125692,No
125693,No
125694,Yes
125695,No
125696,Yes
125697,No
125698,Yes
125699,Yes
125700,No
125701,Yes
125702,Yes
125703,Yes
125704,Yes
125705,Yes
125706,No
125707,Yes
125708,No
125709,Yes
125710,No
125711,Yes
125712,Yes
125713,Yes
125714,Yes
125715,Yes
125716,Yes
125717,Yes
125718,Yes
125719,Yes
125720,No
125721,No
125722,Yes
125723,No
125724,No
125725,Yes
125726,Yes
125727,No
125728,No
125729,No
125730,Yes
125731,Yes
125732,Yes
125733,No
125734,No
125735,No
125736,No
125737,Yes
125738,Yes
125739,Yes
125740,No
125741,Yes
125742,No
125743,No
125744,Yes
125745,No
125746,Yes
125747,No
125748,Yes
125749,Yes
125750,No
125751,No
125752,Yes
125753,No
125754,Yes
125755,Yes
125756,Yes
125757,Yes
125758,No
125759,Yes
125760,No
125761,Yes
125762,No
125763,Yes
125764,No
125765,Yes
125766,Yes
125767,No
125768,Yes
125769,Yes
125770,Yes
125771,Yes
125772,No
125773,No
125774,No
125775,No
125776,Yes
125777,Yes
125778,Yes
125779,No
125780,Yes
125781,No
125782,Yes
125783,No
125784,No
125785,Yes
125786,No
125787,No
125788,Yes
125789,No
125790,No
125791,No
125792,Yes
125793,No
125794,Yes
125795,Yes
125796,Yes
125797,Yes
125798,Yes
125799,Yes
125800,Yes
125801,No
125802,Yes
125803,No
125804,No
125805,No
125806,Yes
125807,No
125808,Yes
125809,Yes
125810,Yes
125811,Yes
125812,No
125813,Yes
125814,No
125815,No
125816,No
125817,Yes
125818,Yes
125819,Yes
125820,Yes
125821,Yes
125822,No
125823,Yes
125824,No
125825,No
125826,No
125827,Yes
125828,Yes
125829,Yes
125830,No
125831,Yes
125832,No
125833,Yes
125834,Yes
125835,Yes
125836,No
125837,Yes
125838,No
125839,No
125840,No
125841,Yes
125842,No
125843,Yes
125844,No
125845,No
125846,Yes
125847,No
125848,Yes
125849,No
125850,Yes
125851,No
125852,Yes
125853,No
125854,No
125855,Yes
125856,Yes
125857,Yes
125858,No
125859,Yes
125860,Yes
125861,Yes
125862,No
125863,No
125864,Yes
125865,No
125866,No
125867,Yes
125868,No
125869,No
125870,No
125871,Yes
125872,No
125873,Yes
125874,Yes
125875,Yes
125876,Yes
125877,Yes
125878,Yes
125879,No
125880,Yes
125881,Yes
125882,Yes
125883,Yes
125884,Yes
125885,Yes
125886,Yes
125887,No
125888,No
125889,No
125890,Yes
125891,Yes
125892,No
125893,Yes
125894,Yes
125895,Yes
125896,No
125897,Yes
125898,No
125899,No
125900,No
125901,No
125902,No
125903,Yes
125904,No
125905,No
125906,Yes
125907,Yes
125908,No
125909,Yes
125910,Yes
125911,Yes
125912,No
125913,Yes
125914,Yes
125915,Yes
125916,Yes
125917,Yes
125918,No
125919,No
125920,No
125921,Yes
125922,Yes
125923,Yes
125924,No
125925,Yes
125926,Yes
125927,Yes
125928,No
125929,Yes
125930,Yes
125931,Yes
125932,Yes
125933,No
125934,Yes
125935,Yes
125936,Yes
125937,No
125938,Yes
125939,No
125940,Yes
125941,Yes
125942,No
125943,No
125944,Yes
125945,No
125946,No
125947,Yes
125948,No
125949,No
125950,Yes
125951,Yes
125952,Yes
125953,Yes
125954,No
125955,Yes
125956,Yes
125957,Yes
125958,Yes
125959,Yes
125960,No
125961,Yes
125962,No
125963,No
125964,No
125965,No
125966,Yes
125967,Yes
125968,Yes
125969,No
125970,Yes
125971,No
125972,Yes
125973,Yes
125974,No
125975,Yes
125976,Yes
125977,Yes
125978,Yes
125979,No
125980,Yes
125981,Yes
125982,Yes
125983,No
125984,No
125985,Yes
125986,No
125987,Yes
125988,No
125989,No
125990,No
125991,No
125992,No
125993,No
125994,Yes
125995,No
125996,No
125997,No
125998,Yes
125999,No
126000,Yes
126001,No
126002,No
126003,No
126004,Yes
126005,Yes
126006,Yes
126007,Yes
126008,No
126009,No
126010,Yes
126011,Yes
126012,No
126013,No
126014,No
126015,Yes
126016,Yes
126017,Yes
126018,No
126019,No
126020,Yes
126021,Yes
126022,No
126023,No
126024,No
126025,No
126026,Yes
126027,No
126028,Yes
126029,No
126030,No
126031,No
126032,No
126033,Yes
126034,Yes
126035,No
126036,Yes
126037,No
126038,No
126039,No
126040,Yes
126041,Yes
126042,No
126043,Yes
126044,No
126045,Yes
126046,No
126047,Yes
126048,No
126049,Yes
126050,Yes
126051,Yes
126052,Yes
126053,No
126054,Yes
126055,Yes
126056,Yes
126057,Yes
126058,No
126059,Yes
126060,Yes
126061,Yes
126062,Yes
126063,No
126064,No
126065,Yes
126066,No
126067,No
126068,No
126069,Yes
126070,Yes
126071,Yes
126072,Yes
126073,Yes
126074,Yes
126075,Yes
126076,No
126077,Yes
126078,Yes
126079,No
126080,No
126081,No
126082,No
126083,Yes
126084,Yes
126085,No
126086,Yes
126087,No
126088,No
126089,No
126090,No
126091,No
126092,Yes
126093,No
126094,Yes
126095,No
126096,No
126097,Yes
126098,Yes
126099,No
126100,Yes
126101,No
126102,Yes
126103,No
126104,Yes
126105,Yes
126106,Yes
126107,Yes
126108,Yes
126109,No
126110,No
126111,No
126112,Yes
126113,No
126114,No
126115,No
126116,No
126117,No
126118,No
126119,No
126120,No
126121,No
126122,No
126123,No
126124,Yes
126125,No
126126,Yes
126127,Yes
126128,Yes
126129,No
126130,Yes
126131,Yes
126132,Yes
126133,No
126134,No
126135,Yes
126136,No
126137,Yes
126138,Yes
126139,No
126140,Yes
126141,Yes
126142,Yes
126143,No
126144,No
126145,No
126146,Yes
126147,Yes
126148,No
126149,Yes
126150,No
126151,Yes
126152,No
126153,No
126154,Yes
126155,No
126156,No
126157,No
126158,Yes
126159,No
126160,Yes
126161,No
126162,Yes
126163,Yes
126164,No
126165,Yes
126166,No
126167,No
126168,No
126169,No
126170,Yes
126171,Yes
126172,Yes
126173,Yes
126174,No
126175,Yes
126176,Yes
126177,No
126178,Yes
126179,No
126180,No
126181,Yes
126182,Yes
126183,Yes
126184,Yes
126185,Yes
126186,No
126187,No
126188,No
126189,Yes
126190,No
126191,Yes
126192,No
126193,No
126194,Yes
126195,Yes
126196,No
126197,Yes
126198,Yes
126199,Yes
126200,Yes
126201,Yes
126202,Yes
126203,No
126204,Yes
126205,No
126206,No
126207,Yes
126208,Yes
126209,Yes
126210,Yes
126211,Yes
126212,Yes
126213,No
126214,Yes
126215,Yes
126216,No
126217,No
126218,Yes
126219,No
126220,No
126221,Yes
126222,No
126223,No
126224,No
126225,Yes
126226,Yes
126227,No
126228,No
126229,No
126230,Yes
126231,No
126232,Yes
126233,No
126234,No
126235,Yes
126236,Yes
126237,Yes
126238,Yes
126239,No
126240,Yes
126241,No
126242,Yes
126243,No
126244,No
126245,Yes
126246,Yes
126247,Yes
126248,Yes
126249,Yes
126250,Yes
126251,Yes
126252,Yes
126253,No
126254,Yes
126255,Yes
126256,Yes
126257,Yes
126258,No
126259,Yes
126260,No
126261,Yes
126262,No
126263,Yes
126264,No
126265,Yes
126266,Yes
126267,No
126268,No
126269,No
126270,Yes
126271,Yes
126272,No
126273,Yes
126274,No
126275,No
126276,Yes
126277,Yes
126278,Yes
126279,No
126280,No
126281,Yes
126282,Yes
126283,Yes
126284,No
126285,Yes
126286,Yes
126287,No
126288,Yes
126289,Yes
126290,Yes
126291,No
126292,Yes
126293,Yes
126294,No
126295,No
126296,No
126297,No
126298,Yes
126299,Yes
126300,No
126301,Yes
126302,No
126303,No
126304,No
126305,No
126306,No
126307,No
126308,No
126309,No
126310,No
126311,No
126312,No
126313,No
126314,Yes
126315,No
126316,No
126317,Yes
126318,Yes
126319,No
126320,Yes
126321,No
126322,No
126323,Yes
126324,No
126325,No
126326,Yes
126327,Yes
126328,No
126329,No
126330,Yes
126331,No
126332,Yes
126333,Yes
126334,Yes
126335,Yes
126336,Yes
126337,Yes
126338,Yes
126339,No
126340,Yes
126341,Yes
126342,No
126343,Yes
126344,Yes
126345,Yes
126346,No
126347,No
126348,No
126349,Yes
126350,Yes
126351,Yes
126352,Yes
126353,Yes
126354,No
126355,Yes
126356,No
126357,No
126358,No
126359,No
126360,No
126361,Yes
126362,Yes
126363,No
126364,No
126365,Yes
126366,Yes
126367,Yes
126368,Yes
126369,No
126370,Yes
126371,Yes
126372,Yes
126373,No
126374,Yes
126375,Yes
126376,No
126377,No
126378,Yes
126379,No
126380,Yes
126381,No
126382,No
126383,No
126384,No
126385,Yes
126386,Yes
126387,Yes
126388,Yes
126389,Yes
126390,No
126391,Yes
126392,No
126393,Yes
126394,Yes
126395,Yes
126396,No
126397,Yes
126398,No
126399,No
126400,Yes
126401,No
126402,Yes
126403,Yes
126404,No
126405,No
126406,Yes
126407,Yes
126408,Yes
126409,Yes
126410,Yes
126411,No
126412,No
126413,Yes
126414,Yes
126415,Yes
126416,Yes
126417,No
126418,Yes
126419,Yes
126420,Yes
126421,No
126422,Yes
126423,Yes
126424,Yes
126425,Yes
126426,Yes
126427,No
126428,Yes
126429,Yes
126430,Yes
126431,No
126432,No
126433,No
126434,No
126435,Yes
126436,Yes
126437,Yes
126438,No
126439,Yes
126440,Yes
126441,Yes
126442,Yes
126443,Yes
126444,No
126445,No
126446,Yes
126447,Yes
126448,No
126449,No
126450,No
126451,Yes
126452,Yes
126453,No
126454,No
126455,Yes
126456,No
126457,Yes
126458,Yes
126459,Yes
126460,Yes
126461,Yes
126462,Yes
126463,Yes
126464,Yes
126465,No
126466,Yes
126467,No
126468,Yes
126469,Yes
126470,No
126471,No
126472,Yes
126473,Yes
126474,Yes
126475,Yes
126476,Yes
126477,No
126478,No
126479,No
126480,Yes
126481,Yes
126482,Yes
126483,Yes
126484,No
126485,Yes
126486,No
126487,No
126488,Yes
126489,No
126490,No
126491,Yes
126492,Yes
126493,No
126494,Yes
126495,No
126496,Yes
126497,Yes
126498,No
126499,Yes
126500,No
126501,Yes
126502,No
126503,Yes
126504,No
126505,No
126506,No
126507,Yes
126508,Yes
126509,Yes
126510,No
126511,No
126512,Yes
126513,Yes
126514,Yes
126515,Yes
126516,Yes
126517,No
126518,No
126519,No
126520,Yes
126521,No
126522,No
126523,No
126524,Yes
126525,No
126526,Yes
126527,Yes
126528,No
126529,No
126530,No
126531,No
126532,Yes
126533,No
126534,Yes
126535,No
126536,No
126537,No
126538,Yes
126539,Yes
126540,Yes
126541,Yes
126542,Yes
126543,No
126544,No
126545,No
126546,Yes
126547,Yes
126548,Yes
126549,No
126550,Yes
126551,Yes
126552,No
126553,No
126554,Yes
126555,No
126556,Yes
126557,No
126558,Yes
126559,No
126560,Yes
126561,No
126562,No
126563,No
126564,No
126565,Yes
126566,Yes
126567,No
126568,Yes
126569,Yes
126570,No
126571,No
126572,No
126573,Yes
126574,Yes
126575,Yes
126576,No
126577,Yes
126578,Yes
126579,Yes
126580,Yes
126581,Yes
126582,No
126583,Yes
126584,No
126585,Yes
126586,No
126587,Yes
126588,No
126589,Yes
126590,Yes
126591,Yes
126592,No
126593,No
126594,No
126595,Yes
126596,No
126597,No
126598,Yes
126599,Yes
126600,No
126601,No
126602,Yes
126603,Yes
126604,Yes
126605,No
126606,Yes
126607,Yes
126608,No
126609,Yes
126610,Yes
126611,Yes
126612,No
126613,No
126614,No
126615,No
126616,No
126617,Yes
126618,No
126619,No
126620,Yes
126621,Yes
126622,Yes
126623,Yes
126624,No
126625,Yes
126626,Yes
126627,Yes
126628,Yes
126629,Yes
126630,No
126631,Yes
126632,Yes
126633,No
126634,Yes
126635,Yes
126636,No
126637,No
126638,No
126639,Yes
126640,Yes
126641,Yes
126642,Yes
126643,No
126644,Yes
126645,Yes
126646,No
126647,Yes
126648,Yes
126649,Yes
126650,No
126651,Yes
126652,Yes
126653,No
126654,Yes
126655,Yes
126656,No
126657,No
126658,No
126659,No
126660,No
126661,Yes
126662,Yes
126663,Yes
126664,No
126665,Yes
126666,Yes
126667,No
126668,No
126669,No
126670,Yes
126671,No
126672,Yes
126673,Yes
126674,Yes
126675,Yes
126676,Yes
126677,Yes
126678,No
126679,Yes
126680,No
126681,Yes
126682,No
126683,No
126684,No
126685,Yes
126686,No
126687,Yes
126688,No
126689,No
126690,Yes
126691,Yes
126692,Yes
126693,Yes
126694,No
126695,Yes
126696,Yes
126697,Yes
126698,Yes
126699,Yes
126700,Yes
126701,Yes
126702,Yes
126703,No
126704,No
126705,No
126706,Yes
126707,No
126708,Yes
126709,No
126710,Yes
126711,No
126712,Yes
126713,No
126714,Yes
126715,Yes
126716,No
126717,Yes
126718,Yes
126719,Yes
126720,Yes
126721,No
126722,Yes
126723,Yes
126724,Yes
126725,Yes
126726,No
126727,Yes
126728,Yes
126729,No
126730,Yes
126731,No
126732,No
126733,No
126734,Yes
126735,Yes
126736,Yes
126737,Yes
126738,No
126739,No
126740,No
126741,Yes
126742,No
126743,Yes
126744,No
126745,Yes
126746,Yes
126747,Yes
126748,No
126749,No
126750,Yes
126751,No
126752,No
126753,Yes
126754,Yes
126755,No
126756,Yes
126757,Yes
126758,No
126759,No
126760,Yes
126761,No
126762,No
126763,No
126764,No
126765,Yes
126766,No
126767,No
126768,Yes
126769,Yes
126770,Yes
126771,No
126772,No
126773,Yes
126774,No
126775,No
126776,Yes
126777,No
126778,No
126779,Yes
126780,Yes
126781,Yes
126782,No
126783,Yes
126784,No
126785,Yes
126786,No
126787,Yes
126788,Yes
126789,Yes
126790,Yes
126791,Yes
126792,No
126793,Yes
126794,Yes
126795,No
126796,No
126797,No
126798,Yes
126799,No
126800,Yes
126801,No
126802,No
126803,No
126804,No
126805,Yes
126806,No
126807,Yes
126808,No
126809,No
126810,Yes
126811,Yes
126812,No
126813,Yes
126814,No
126815,Yes
126816,Yes
126817,No
126818,No
126819,Yes
126820,No
126821,No
126822,Yes
126823,No
126824,No
126825,No
126826,Yes
126827,No
126828,Yes
126829,Yes
126830,Yes
126831,No
126832,No
126833,Yes
126834,Yes
126835,Yes
126836,No
126837,No
126838,Yes
126839,No
126840,No
126841,No
126842,Yes
126843,No
126844,Yes
126845,Yes
126846,Yes
126847,Yes
126848,No
126849,No
126850,No
126851,No
126852,No
126853,Yes
126854,Yes
126855,No
126856,Yes
126857,Yes
126858,No
126859,No
126860,Yes
126861,Yes
126862,No
126863,Yes
126864,Yes
126865,No
126866,No
126867,No
126868,Yes
126869,No
126870,Yes
126871,Yes
126872,No
126873,No
126874,No
126875,No
126876,No
126877,Yes
126878,Yes
126879,Yes
126880,No
126881,Yes
126882,No
126883,No
126884,Yes
126885,No
126886,No
126887,No
126888,Yes
126889,No
126890,Yes
126891,Yes
126892,No
126893,No
126894,No
126895,Yes
126896,No
126897,Yes
126898,No
126899,Yes
126900,Yes
126901,Yes
126902,No
126903,No
126904,Yes
126905,Yes
126906,No
126907,Yes
126908,No
126909,No
126910,No
126911,No
126912,No
126913,No
126914,No
126915,No
126916,Yes
126917,No
126918,No
126919,No
126920,Yes
126921,Yes
126922,Yes
126923,No
126924,Yes
126925,Yes
126926,Yes
126927,Yes
126928,No
126929,No
126930,Yes
126931,Yes
126932,No
126933,Yes
126934,Yes
126935,Yes
126936,No
126937,Yes
126938,No
126939,Yes
126940,Yes
126941,Yes
126942,Yes
126943,No
126944,No
126945,Yes
126946,No
126947,No
126948,No
126949,No
126950,Yes
126951,Yes
126952,Yes
126953,Yes
126954,Yes
126955,Yes
126956,Yes
126957,Yes
126958,No
126959,No
126960,Yes
126961,Yes
126962,Yes
126963,Yes
126964,Yes
126965,No
126966,Yes
126967,No
126968,Yes
126969,Yes
126970,Yes
126971,Yes
126972,No
126973,No
126974,No
126975,No
126976,Yes
126977,Yes
126978,Yes
126979,Yes
126980,Yes
126981,Yes
126982,Yes
126983,No
126984,No
126985,No
126986,Yes
126987,Yes
126988,No
126989,Yes
126990,Yes
126991,Yes
126992,Yes
126993,No
126994,No
126995,No
126996,Yes
126997,Yes
126998,Yes
126999,Yes
127000,Yes
127001,No
127002,No
127003,No
127004,No
127005,No
127006,No
127007,Yes
127008,No
127009,No
127010,Yes
127011,No
127012,Yes
127013,No
127014,No
127015,Yes
127016,Yes
127017,Yes
127018,Yes
127019,No
127020,No
127021,No
127022,Yes
127023,No
127024,Yes
127025,Yes
127026,Yes
127027,No
127028,No
127029,Yes
127030,No
127031,No
127032,Yes
127033,No
127034,Yes
127035,No
127036,No
127037,Yes
127038,Yes
127039,No
127040,No
127041,No
127042,Yes
127043,No
127044,Yes
127045,Yes
127046,No
127047,No
127048,No
127049,No
127050,No
127051,Yes
127052,No
127053,No
127054,Yes
127055,Yes
127056,No
127057,Yes
127058,Yes
127059,Yes
127060,Yes
127061,Yes
127062,Yes
127063,No
127064,Yes
127065,Yes
127066,Yes
127067,Yes
127068,No
127069,Yes
127070,Yes
127071,Yes
127072,Yes
127073,No
127074,Yes
127075,Yes
127076,Yes
127077,No
127078,Yes
127079,No
127080,Yes
127081,No
127082,No
127083,Yes
127084,Yes
127085,No
127086,Yes
127087,No
127088,No
127089,No
127090,Yes
127091,Yes
127092,Yes
127093,Yes
127094,Yes
127095,No
127096,Yes
127097,Yes
127098,Yes
127099,No
127100,Yes
127101,Yes
127102,No
127103,Yes
127104,Yes
127105,Yes
127106,Yes
127107,No
127108,No
127109,Yes
127110,No
127111,No
127112,Yes
127113,No
127114,Yes
127115,Yes
127116,Yes
127117,Yes
127118,Yes
127119,No
127120,No
127121,Yes
127122,Yes
127123,No
127124,Yes
127125,Yes
127126,No
127127,No
127128,No
127129,No
127130,No
127131,Yes
127132,No
127133,Yes
127134,No
127135,No
127136,Yes
127137,No
127138,No
127139,No
127140,Yes
127141,No
127142,Yes
127143,No
127144,No
127145,Yes
127146,No
127147,No
127148,Yes
127149,No
127150,No
127151,No
127152,Yes
127153,Yes
127154,Yes
127155,No
127156,Yes
127157,Yes
127158,Yes
127159,Yes
127160,No
127161,No
127162,Yes
127163,Yes
127164,No
127165,Yes
127166,No
127167,Yes
127168,Yes
127169,Yes
127170,No
127171,No
127172,No
127173,No
127174,No
127175,Yes
127176,No
127177,Yes
127178,Yes
127179,No
127180,No
127181,No
127182,Yes
127183,No
127184,Yes
127185,No
127186,Yes
127187,Yes
127188,No
127189,Yes
127190,No
127191,Yes
127192,Yes
127193,No
127194,Yes
127195,No
127196,Yes
127197,No
127198,Yes
127199,No
127200,Yes
127201,Yes
127202,Yes
127203,No
127204,No
127205,No
127206,No
127207,Yes
127208,Yes
127209,No
127210,Yes
127211,Yes
127212,Yes
127213,Yes
127214,No
127215,No
127216,Yes
127217,Yes
127218,Yes
127219,Yes
127220,Yes
127221,No
127222,Yes
127223,Yes
127224,No
127225,Yes
127226,Yes
127227,Yes
127228,Yes
127229,Yes
127230,Yes
127231,Yes
127232,Yes
127233,Yes
127234,No
127235,No
127236,Yes
127237,No
127238,No
127239,No
127240,Yes
127241,Yes
127242,Yes
127243,No
127244,No
127245,No
127246,Yes
127247,No
127248,Yes
127249,Yes
127250,No
127251,Yes
127252,No
127253,No
127254,No
127255,No
127256,Yes
127257,Yes
127258,Yes
127259,Yes
127260,No
127261,Yes
127262,Yes
127263,No
127264,Yes
127265,No
127266,Yes
127267,Yes
127268,No
127269,No
127270,Yes
127271,Yes
127272,No
127273,No
127274,Yes
127275,Yes
127276,Yes
127277,Yes
127278,Yes
127279,Yes
127280,Yes
127281,Yes
127282,Yes
127283,Yes
127284,No
127285,No
127286,No
127287,No
127288,Yes
127289,No
127290,Yes
127291,Yes
127292,No
127293,Yes
127294,No
127295,Yes
127296,Yes
127297,No
127298,Yes
127299,Yes
127300,Yes
127301,Yes
127302,No
127303,Yes
127304,Yes
127305,No
127306,No
127307,No
127308,No
127309,Yes
127310,No
127311,Yes
127312,Yes
127313,No
127314,No
127315,Yes
127316,Yes
127317,No
127318,Yes
127319,Yes
127320,No
127321,No
127322,No
127323,Yes
127324,No
127325,Yes
127326,Yes
127327,No
127328,No
127329,No
127330,No
127331,No
127332,Yes
127333,Yes
127334,Yes
127335,No
127336,No
127337,No
127338,Yes
127339,Yes
127340,No
127341,No
127342,Yes
127343,No
127344,Yes
127345,Yes
127346,No
127347,No
127348,Yes
127349,No
127350,Yes
127351,No
127352,No
127353,Yes
127354,Yes
127355,Yes
127356,Yes
127357,Yes
127358,Yes
127359,No
127360,Yes
127361,No
127362,No
127363,Yes
127364,No
127365,Yes
127366,No
127367,Yes
127368,Yes
127369,No
127370,Yes
127371,No
127372,Yes
127373,Yes
127374,No
127375,Yes
127376,Yes
127377,Yes
127378,No
127379,No
127380,Yes
127381,No
127382,No
127383,No
127384,No
127385,No
127386,No
127387,Yes
127388,No
127389,Yes
127390,No
127391,Yes
127392,No
127393,Yes
127394,Yes
127395,Yes
127396,Yes
127397,Yes
127398,No
127399,Yes
127400,No
127401,No
127402,Yes
127403,Yes
127404,Yes
127405,Yes
127406,No
127407,No
127408,No
127409,No
127410,No
127411,No
127412,Yes
127413,No
127414,Yes
127415,Yes
127416,Yes
127417,Yes
127418,Yes
127419,No
127420,No
127421,Yes
127422,No
127423,Yes
127424,Yes
127425,Yes
127426,Yes
127427,No
127428,No
127429,No
127430,No
127431,No
127432,No
127433,Yes
127434,Yes
127435,No
127436,No
127437,Yes
127438,No
127439,No
127440,No
127441,Yes
127442,Yes
127443,No
127444,Yes
127445,Yes
127446,Yes
127447,No
127448,No
127449,No
127450,Yes
127451,No
127452,No
127453,Yes
127454,Yes
127455,Yes
127456,No
127457,Yes
127458,Yes
127459,No
127460,Yes
127461,No
127462,Yes
127463,No
127464,No
127465,Yes
127466,Yes
127467,No
127468,No
127469,Yes
127470,Yes
127471,Yes
127472,Yes
127473,Yes
127474,Yes
127475,No
127476,Yes
127477,Yes
127478,Yes
127479,Yes
127480,Yes
127481,Yes
127482,Yes
127483,No
127484,No
127485,No
127486,No
127487,Yes
127488,Yes
127489,Yes
127490,No
127491,No
127492,Yes
127493,No
127494,No
127495,Yes
127496,Yes
127497,Yes
127498,Yes
127499,No
127500,No
127501,No
127502,No
127503,No
127504,No
127505,Yes
127506,No
127507,No
127508,Yes
127509,No
127510,Yes
127511,No
127512,Yes
127513,Yes
127514,No
127515,Yes
127516,Yes
127517,Yes
127518,Yes
127519,Yes
127520,Yes
127521,Yes
127522,No
127523,No
127524,Yes
127525,No
127526,No
127527,Yes
127528,Yes
127529,Yes
127530,Yes
127531,Yes
127532,Yes
127533,Yes
127534,No
127535,No
127536,Yes
127537,No
127538,No
127539,No
127540,No
127541,No
127542,No
127543,Yes
127544,Yes
127545,Yes
127546,Yes
127547,No
127548,Yes
127549,Yes
127550,Yes
127551,No
127552,Yes
127553,Yes
127554,No
127555,No
127556,Yes
127557,No
127558,Yes
127559,Yes
127560,No
127561,No
127562,Yes
127563,Yes
127564,No
127565,No
127566,Yes
127567,Yes
127568,Yes
127569,Yes
127570,No
127571,Yes
127572,No
127573,Yes
127574,Yes
127575,Yes
127576,Yes
127577,No
127578,Yes
127579,Yes
127580,No
127581,Yes
127582,Yes
127583,Yes
127584,No
127585,Yes
127586,Yes
127587,Yes
127588,No
127589,No
127590,No
127591,No
127592,No
127593,No
127594,No
127595,Yes
127596,Yes
127597,No
127598,No
127599,Yes
127600,No
127601,No
127602,Yes
127603,No
127604,Yes
127605,No
127606,Yes
127607,No
127608,No
127609,Yes
127610,Yes
127611,Yes
127612,Yes
127613,Yes
127614,Yes
127615,Yes
127616,Yes
127617,No
127618,No
127619,Yes
127620,Yes
127621,Yes
127622,No
127623,No
127624,Yes
127625,Yes
127626,Yes
127627,Yes
127628,Yes
127629,No
127630,Yes
127631,No
127632,No
127633,Yes
127634,No
127635,Yes
127636,No
127637,No
127638,Yes
127639,Yes
127640,Yes
127641,No
127642,Yes
127643,Yes
127644,No
127645,Yes
127646,Yes
127647,Yes
127648,Yes
127649,No
127650,No
127651,No
127652,Yes
127653,Yes
127654,No
127655,No
127656,Yes
127657,No
127658,Yes
127659,Yes
127660,No
127661,No
127662,No
127663,Yes
127664,Yes
127665,Yes
127666,No
127667,Yes
127668,Yes
127669,Yes
127670,No
127671,No
127672,Yes
127673,No
127674,Yes
127675,Yes
127676,Yes
127677,Yes
127678,Yes
127679,No
127680,No
127681,Yes
127682,Yes
127683,No
127684,Yes
127685,Yes
127686,Yes
127687,No
127688,No
127689,No
127690,Yes
127691,No
127692,Yes
127693,No
127694,No
127695,Yes
127696,No
127697,Yes
127698,No
127699,No
127700,No
127701,No
127702,Yes
127703,No
127704,Yes
127705,Yes
127706,Yes
127707,No
127708,No
127709,No
127710,No
127711,Yes
127712,Yes
127713,Yes
127714,No
127715,Yes
127716,Yes
127717,Yes
127718,Yes
127719,Yes
127720,Yes
127721,No
127722,Yes
127723,Yes
127724,Yes
127725,Yes
127726,Yes
127727,No
127728,Yes
127729,No
127730,No
127731,No
127732,No
127733,No
127734,No
127735,Yes
127736,Yes
127737,Yes
127738,No
127739,Yes
127740,Yes
127741,No
127742,Yes
127743,No
127744,Yes
127745,No
127746,No
127747,Yes
127748,Yes
127749,No
127750,Yes
127751,Yes
127752,Yes
127753,Yes
127754,No
127755,Yes
127756,Yes
127757,Yes
127758,No
127759,Yes
127760,Yes
127761,Yes
127762,No
127763,No
127764,Yes
127765,No
127766,Yes
127767,No
127768,Yes
127769,No
127770,Yes
127771,No
127772,Yes
127773,Yes
127774,No
127775,Yes
127776,Yes
127777,No
127778,Yes
127779,Yes
127780,Yes
127781,Yes
127782,No
127783,Yes
127784,No
127785,Yes
127786,Yes
127787,No
127788,Yes
127789,No
127790,No
127791,Yes
127792,Yes
127793,Yes
127794,No
127795,Yes
127796,No
127797,Yes
127798,Yes
127799,No
127800,Yes
127801,Yes
127802,Yes
127803,No
127804,No
127805,Yes
127806,No
127807,Yes
127808,No
127809,Yes
127810,No
127811,No
127812,No
127813,Yes
127814,Yes
127815,Yes
127816,No
127817,Yes
127818,Yes
127819,No
127820,No
127821,No
127822,Yes
127823,Yes
127824,Yes
127825,Yes
127826,No
127827,No
127828,Yes
127829,Yes
127830,Yes
127831,Yes
127832,No
127833,Yes
127834,Yes
127835,No
127836,Yes
127837,No
127838,Yes
127839,No
127840,Yes
127841,No
127842,Yes
127843,No
127844,Yes
127845,Yes
127846,Yes
127847,No
127848,Yes
127849,No
127850,No
127851,Yes
127852,No
127853,Yes
127854,Yes
127855,No
127856,Yes
127857,Yes
127858,No
127859,No
127860,Yes
127861,No
127862,No
127863,No
127864,Yes
127865,Yes
127866,No
127867,No
127868,Yes
127869,Yes
127870,Yes
127871,No
127872,No
127873,No
127874,No
127875,Yes
127876,Yes
127877,Yes
127878,No
127879,Yes
127880,Yes
127881,Yes
127882,No
127883,No
127884,Yes
127885,Yes
127886,No
127887,Yes
127888,Yes
127889,No
127890,No
127891,No
127892,Yes
127893,No
127894,Yes
127895,No
127896,Yes
127897,Yes
127898,Yes
127899,Yes
127900,No
127901,No
127902,Yes
127903,No
127904,No
127905,No
127906,Yes
127907,Yes
127908,Yes
127909,Yes
127910,No
127911,No
127912,Yes
127913,No
127914,No
127915,Yes
127916,Yes
127917,Yes
127918,Yes
127919,Yes
127920,Yes
127921,No
127922,Yes
127923,Yes
127924,Yes
127925,No
127926,Yes
127927,Yes
127928,Yes
127929,No
127930,Yes
127931,Yes
127932,No
127933,No
127934,No
127935,No
127936,Yes
127937,Yes
127938,No
127939,Yes
127940,Yes
127941,No
127942,Yes
127943,No
127944,No
127945,Yes
127946,Yes
127947,No
127948,No
127949,Yes
127950,Yes
127951,Yes
127952,No
127953,No
127954,No
127955,No
127956,Yes
127957,Yes
127958,Yes
127959,Yes
127960,No
127961,No
127962,Yes
127963,Yes
127964,Yes
127965,No
127966,No
127967,No
127968,Yes
127969,Yes
127970,Yes
127971,No
127972,Yes
127973,No
127974,No
127975,No
127976,Yes
127977,Yes
127978,Yes
127979,No
127980,No
127981,No
127982,No
127983,Yes
127984,Yes
127985,Yes
127986,No
127987,Yes
127988,Yes
127989,Yes
127990,Yes
127991,Yes
127992,No
127993,Yes
127994,Yes
127995,No
127996,No
127997,Yes
127998,No
127999,No
128000,No
128001,Yes
128002,No
128003,Yes
128004,Yes
128005,Yes
128006,No
128007,No
128008,No
128009,Yes
128010,Yes
128011,No
128012,Yes
128013,Yes
128014,Yes
128015,Yes
128016,Yes
128017,No
128018,No
128019,No
128020,Yes
128021,Yes
128022,Yes
128023,No
128024,No
128025,Yes
128026,Yes
128027,No
128028,Yes
128029,Yes
128030,Yes
128031,No
128032,No
128033,No
128034,No
128035,No
128036,No
128037,No
128038,No
128039,Yes
128040,Yes
128041,Yes
128042,No
128043,No
128044,Yes
128045,Yes
128046,Yes
128047,Yes
128048,No
128049,Yes
128050,Yes
128051,No
128052,No
128053,Yes
128054,Yes
128055,Yes
128056,Yes
128057,Yes
128058,No
128059,Yes
128060,Yes
128061,No
128062,Yes
128063,Yes
128064,No
128065,No
128066,Yes
128067,Yes
128068,No
128069,No
128070,Yes
128071,No
128072,No
128073,Yes
128074,Yes
128075,No
128076,Yes
128077,No
128078,Yes
128079,No
128080,No
128081,No
128082,Yes
128083,Yes
128084,Yes
128085,Yes
128086,Yes
128087,No
128088,Yes
128089,No
128090,No
128091,Yes
128092,Yes
128093,No
128094,Yes
128095,Yes
128096,Yes
128097,Yes
128098,No
128099,Yes
128100,Yes
128101,Yes
128102,No
128103,Yes
128104,Yes
128105,No
128106,Yes
128107,Yes
128108,No
128109,No
128110,No
128111,Yes
128112,Yes
128113,No
128114,Yes
128115,Yes
128116,No
128117,Yes
128118,Yes
128119,No
128120,No
128121,Yes
128122,Yes
128123,Yes
128124,Yes
128125,No
128126,Yes
128127,No
128128,Yes
128129,Yes
128130,Yes
128131,No
128132,Yes
128133,No
128134,Yes
128135,Yes
128136,Yes
128137,Yes
128138,No
128139,No
128140,Yes
128141,Yes
128142,No
128143,Yes
128144,Yes
128145,Yes
128146,No
128147,Yes
128148,No
128149,Yes
128150,No
128151,Yes
128152,No
128153,Yes
128154,Yes
128155,Yes
128156,No
128157,No
128158,No
128159,Yes
128160,Yes
128161,Yes
128162,Yes
128163,No
128164,Yes
128165,Yes
128166,No
128167,Yes
128168,No
128169,Yes
128170,No
128171,Yes
128172,No
128173,No
128174,No
128175,No
128176,No
128177,No
128178,No
128179,Yes
128180,No
128181,Yes
128182,No
128183,No
128184,Yes
128185,No
128186,Yes
128187,Yes
128188,Yes
128189,No
128190,Yes
128191,No
128192,No
128193,Yes
128194,Yes
128195,Yes
128196,Yes
128197,Yes
128198,No
128199,No
128200,No
128201,Yes
128202,No
128203,Yes
128204,Yes
128205,Yes
128206,Yes
128207,Yes
128208,Yes
128209,Yes
128210,No
128211,No
128212,Yes
128213,Yes
128214,Yes
128215,No
128216,Yes
128217,No
128218,No
128219,Yes
128220,No
128221,No
128222,Yes
128223,Yes
128224,Yes
128225,Yes
128226,No
128227,Yes
128228,Yes
128229,Yes
128230,Yes
128231,Yes
128232,Yes
128233,Yes
128234,No
128235,Yes
128236,Yes
128237,No
128238,Yes
128239,Yes
128240,Yes
128241,Yes
128242,No
128243,Yes
128244,No
128245,Yes
128246,No
128247,No
128248,Yes
128249,No
128250,Yes
128251,No
128252,No
128253,Yes
128254,Yes
128255,No
128256,No
128257,Yes
128258,No
128259,Yes
128260,Yes
128261,Yes
128262,Yes
128263,Yes
128264,No
128265,Yes
128266,Yes
128267,No
128268,Yes
128269,No
128270,Yes
128271,Yes
128272,No
128273,No
128274,Yes
128275,No
128276,Yes
128277,Yes
128278,Yes
128279,No
128280,Yes
128281,Yes
128282,Yes
128283,Yes
128284,Yes
128285,No
128286,Yes
128287,No
128288,Yes
128289,Yes
128290,No
128291,Yes
128292,No
128293,No
128294,No
128295,Yes
128296,No
128297,Yes
128298,No
128299,Yes
128300,No
128301,No
128302,Yes
128303,Yes
128304,Yes
128305,Yes
128306,Yes
128307,Yes
128308,Yes
128309,No
128310,Yes
128311,No
128312,Yes
128313,Yes
128314,No
128315,Yes
128316,Yes
128317,Yes
128318,No
128319,Yes
128320,No
128321,Yes
128322,No
128323,No
128324,No
128325,No
128326,Yes
128327,No
128328,Yes
128329,Yes
128330,No
128331,Yes
128332,Yes
128333,No
128334,Yes
128335,No
128336,No
128337,No
128338,No
128339,No
128340,No
128341,No
128342,Yes
128343,No
128344,No
128345,Yes
128346,No
128347,Yes
128348,Yes
128349,Yes
128350,Yes
128351,No
128352,Yes
128353,No
128354,Yes
128355,Yes
128356,No
128357,Yes
128358,Yes
128359,No
128360,No
128361,No
128362,Yes
128363,Yes
128364,Yes
128365,Yes
128366,Yes
128367,No
128368,No
128369,No
128370,Yes
128371,Yes
128372,Yes
128373,No
128374,No
128375,No
128376,Yes
128377,Yes
128378,Yes
128379,Yes
128380,Yes
128381,Yes
128382,No
128383,Yes
128384,Yes
128385,Yes
128386,No
128387,No
128388,Yes
128389,No
128390,Yes
128391,Yes
128392,Yes
128393,Yes
128394,Yes
128395,Yes
128396,Yes
128397,No
128398,No
128399,Yes
128400,No
128401,Yes
128402,Yes
128403,Yes
128404,No
128405,Yes
128406,No
128407,No
128408,Yes
128409,Yes
128410,Yes
128411,Yes
128412,Yes
128413,Yes
128414,No
128415,Yes
128416,No
128417,No
128418,No
128419,No
128420,No
128421,No
128422,Yes
128423,Yes
128424,Yes
128425,No
128426,No
128427,No
128428,Yes
128429,No
128430,No
128431,No
128432,Yes
128433,No
128434,Yes
128435,No
128436,No
128437,Yes
128438,No
128439,No
128440,Yes
128441,Yes
128442,Yes
128443,Yes
128444,Yes
128445,Yes
128446,Yes
128447,No
128448,No
128449,No
128450,No
128451,No
128452,Yes
128453,No
128454,Yes
128455,Yes
128456,Yes
128457,No
128458,No
128459,No
128460,Yes
128461,Yes
128462,Yes
128463,No
128464,No
128465,Yes
128466,No
128467,No
128468,Yes
128469,No
128470,No
128471,No
128472,Yes
128473,Yes
128474,Yes
128475,Yes
128476,Yes
128477,No
128478,Yes
128479,No
128480,Yes
128481,No
128482,Yes
128483,No
128484,No
128485,Yes
128486,Yes
128487,No
128488,Yes
128489,No
128490,No
128491,Yes
128492,No
128493,No
128494,No
128495,No
128496,No
128497,Yes
128498,Yes
128499,No
128500,Yes
128501,Yes
128502,Yes
128503,Yes
128504,No
128505,No
128506,No
128507,No
128508,Yes
128509,Yes
128510,Yes
128511,No
128512,Yes
128513,Yes
128514,No
128515,Yes
128516,Yes
128517,Yes
128518,Yes
128519,No
128520,Yes
128521,Yes
128522,No
128523,No
128524,No
128525,Yes
128526,No
128527,Yes
128528,No
128529,Yes
128530,Yes
128531,No
128532,Yes
128533,No
128534,No
128535,No
128536,No
128537,No
128538,Yes
128539,Yes
128540,No
128541,Yes
128542,No
128543,No
128544,Yes
128545,No
128546,No
128547,No
128548,Yes
128549,Yes
128550,No
128551,No
128552,No
128553,Yes
128554,Yes
128555,Yes
128556,Yes
128557,Yes
128558,Yes
128559,Yes
128560,Yes
128561,No
128562,No
128563,No
128564,Yes
128565,No
128566,No
128567,No
128568,Yes
128569,Yes
128570,No
128571,Yes
128572,No
128573,Yes
128574,No
128575,Yes
128576,Yes
128577,Yes
128578,Yes
128579,No
128580,No
128581,No
128582,Yes
128583,No
128584,Yes
128585,No
128586,No
128587,Yes
128588,Yes
128589,Yes
128590,No
128591,Yes
128592,No
128593,Yes
128594,Yes
128595,No
128596,No
128597,Yes
128598,Yes
128599,No
128600,No
128601,No
128602,No
128603,Yes
128604,Yes
128605,Yes
128606,No
128607,No
128608,No
128609,Yes
128610,Yes
128611,No
128612,Yes
128613,Yes
128614,Yes
128615,No
128616,No
128617,No
128618,No
128619,No
128620,No
128621,No
128622,No
128623,Yes
128624,No
128625,Yes
128626,No
128627,No
128628,Yes
128629,Yes
128630,No
128631,Yes
128632,No
128633,No
128634,Yes
128635,No
128636,No
128637,Yes
128638,Yes
128639,No
128640,Yes
128641,No
128642,Yes
128643,No
128644,Yes
128645,Yes
128646,Yes
128647,No
128648,Yes
128649,Yes
128650,No
128651,No
128652,No
128653,Yes
128654,No
128655,Yes
128656,Yes
128657,Yes
128658,Yes
128659,No
128660,Yes
128661,No
128662,No
128663,Yes
128664,Yes
128665,No
128666,Yes
128667,Yes
128668,No
128669,Yes
128670,Yes
128671,Yes
128672,Yes
128673,No
128674,No
128675,No
128676,No
128677,No
128678,No
128679,No
128680,Yes
128681,Yes
128682,No
128683,No
128684,Yes
128685,Yes
128686,Yes
128687,No
128688,Yes
128689,No
128690,Yes
128691,Yes
128692,No
128693,Yes
128694,No
128695,Yes
128696,No
128697,No
128698,No
128699,No
128700,No
128701,Yes
128702,No
128703,Yes
128704,No
128705,Yes
128706,No
128707,No
128708,No
128709,Yes
128710,No
128711,No
128712,Yes
128713,No
128714,No
128715,Yes
128716,No
128717,No
128718,Yes
128719,No
128720,No
128721,No
128722,No
128723,No
128724,Yes
128725,No
128726,Yes
128727,Yes
128728,No
128729,No
128730,Yes
128731,No
128732,Yes
128733,No
128734,Yes
128735,Yes
128736,Yes
128737,No
128738,Yes
128739,Yes
128740,Yes
128741,Yes
128742,No
128743,Yes
128744,No
128745,No
128746,Yes
128747,Yes
128748,Yes
128749,Yes
128750,Yes
128751,Yes
128752,Yes
128753,Yes
128754,No
128755,No
128756,No
128757,Yes
128758,No
128759,Yes
128760,Yes
128761,No
128762,No
128763,No
128764,No
128765,Yes
128766,No
128767,No
128768,Yes
128769,Yes
128770,No
128771,Yes
128772,Yes
128773,Yes
128774,Yes
128775,No
128776,Yes
128777,Yes
128778,Yes
128779,Yes
128780,Yes
128781,No
128782,No
128783,No
128784,Yes
128785,No
128786,Yes
128787,No
128788,No
128789,No
128790,Yes
128791,No
128792,Yes
128793,No
128794,No
128795,Yes
128796,Yes
128797,No
128798,No
128799,Yes
128800,No
128801,No
128802,Yes
128803,Yes
128804,No
128805,No
128806,No
128807,No
128808,Yes
128809,No
128810,Yes
128811,Yes
128812,Yes
128813,Yes
128814,No
128815,Yes
128816,No
128817,Yes
128818,No
128819,Yes
128820,Yes
128821,No
128822,No
128823,No
128824,No
128825,No
128826,Yes
128827,Yes
128828,No
128829,Yes
128830,Yes
128831,No
128832,Yes
128833,Yes
128834,Yes
128835,Yes
128836,No
128837,No
128838,Yes
128839,Yes
128840,No
128841,No
128842,Yes
128843,No
128844,No
128845,Yes
128846,No
128847,Yes
128848,Yes
128849,Yes
128850,Yes
128851,No
128852,Yes
128853,No
128854,No
128855,No
128856,Yes
128857,Yes
128858,Yes
128859,Yes
128860,Yes
128861,Yes
128862,Yes
128863,No
128864,No
128865,Yes
128866,Yes
128867,No
128868,No
128869,No
128870,No
128871,Yes
128872,Yes
128873,No
128874,Yes
128875,Yes
128876,No
128877,No
128878,Yes
128879,No
128880,Yes
128881,Yes
128882,Yes
128883,Yes
128884,No
128885,Yes
128886,No
128887,Yes
128888,Yes
128889,No
128890,Yes
128891,Yes
128892,Yes
128893,No
128894,Yes
128895,Yes
128896,No
128897,Yes
128898,No
128899,Yes
128900,Yes
128901,Yes
128902,Yes
128903,Yes
128904,No
128905,Yes
128906,Yes
128907,Yes
128908,No
128909,No
128910,Yes
128911,Yes
128912,Yes
128913,Yes
128914,Yes
128915,Yes
128916,No
128917,No
128918,No
128919,Yes
128920,No
128921,No
128922,Yes
128923,Yes
128924,No
128925,No
128926,No
128927,No
128928,Yes
128929,Yes
128930,No
128931,No
128932,Yes
128933,Yes
128934,No
128935,Yes
128936,Yes
128937,Yes
128938,No
128939,No
128940,Yes
128941,Yes
128942,No
128943,Yes
128944,No
128945,Yes
128946,Yes
128947,No
128948,No
128949,Yes
128950,No
128951,No
128952,No
128953,Yes
128954,No
128955,No
128956,No
128957,Yes
128958,No
128959,No
128960,No
128961,No
128962,Yes
128963,Yes
128964,Yes
128965,No
128966,No
128967,No
128968,Yes
128969,Yes
128970,Yes
128971,No
128972,No
128973,Yes
128974,No
128975,Yes
128976,Yes
128977,No
128978,Yes
128979,Yes
128980,Yes
128981,Yes
128982,Yes
128983,No
128984,No
128985,No
128986,Yes
128987,Yes
128988,Yes
128989,Yes
128990,Yes
128991,No
128992,Yes
128993,No
128994,No
128995,No
128996,Yes
128997,Yes
128998,Yes
128999,Yes
129000,Yes
129001,No
129002,No
129003,No
129004,Yes
129005,Yes
129006,No
129007,No
129008,Yes
129009,No
129010,No
129011,No
129012,No
129013,No
129014,No
129015,Yes
129016,No
129017,No
129018,Yes
129019,No
129020,Yes
129021,No
129022,Yes
129023,No
129024,Yes
129025,Yes
129026,No
129027,No
129028,No
129029,Yes
129030,Yes
129031,No
129032,Yes
129033,No
129034,Yes
129035,Yes
129036,Yes
129037,No
129038,Yes
129039,Yes
129040,No
129041,No
129042,No
129043,Yes
129044,Yes
129045,No
129046,No
129047,Yes
129048,Yes
129049,Yes
129050,Yes
129051,Yes
129052,No
129053,No
129054,No
129055,Yes
129056,No
129057,Yes
129058,Yes
129059,No
129060,No
129061,Yes
129062,Yes
129063,No
129064,No
129065,Yes
129066,No
129067,No
129068,Yes
129069,Yes
129070,Yes
129071,Yes
129072,Yes
129073,No
129074,Yes
129075,Yes
129076,No
129077,Yes
129078,Yes
129079,No
129080,No
129081,No
129082,No
129083,No
129084,Yes
129085,No
129086,Yes
129087,Yes
129088,No
129089,Yes
129090,No
129091,Yes
129092,Yes
129093,Yes
129094,No
129095,No
129096,No
129097,No
129098,Yes
129099,No
129100,Yes
129101,No
129102,Yes
129103,No
129104,Yes
129105,No
129106,Yes
129107,No
129108,Yes
129109,No
129110,Yes
129111,No
129112,No
129113,No
129114,No
129115,No
129116,No
129117,No
129118,Yes
129119,No
129120,No
129121,No
129122,Yes
129123,Yes
129124,No
129125,Yes
129126,No
129127,Yes
129128,Yes
129129,Yes
129130,Yes
129131,Yes
129132,Yes
129133,Yes
129134,No
129135,Yes
129136,No
129137,Yes
129138,No
129139,No
129140,No
129141,No
129142,No
129143,Yes
129144,No
129145,No
129146,Yes
129147,Yes
129148,No
129149,No
129150,Yes
129151,No
129152,Yes
129153,Yes
129154,Yes
129155,No
129156,No
129157,Yes
129158,Yes
129159,No
129160,No
129161,Yes
129162,Yes
129163,Yes
129164,Yes
129165,No
129166,Yes
129167,No
129168,Yes
129169,Yes
129170,Yes
129171,Yes
129172,Yes
129173,Yes
129174,Yes
129175,Yes
129176,Yes
129177,No
129178,No
129179,Yes
129180,Yes
129181,No
129182,No
129183,No
129184,Yes
129185,No
129186,No
129187,No
129188,No
129189,Yes
129190,No
129191,Yes
129192,No
129193,Yes
129194,No
129195,Yes
129196,Yes
129197,Yes
129198,Yes
129199,No
129200,No
129201,No
129202,No
129203,Yes
129204,No
129205,Yes
129206,Yes
129207,Yes
129208,No
129209,Yes
129210,No
129211,Yes
129212,No
129213,No
129214,No
129215,Yes
129216,No
129217,Yes
129218,No
129219,Yes
129220,Yes
129221,Yes
129222,Yes
129223,No
129224,Yes
129225,Yes
129226,No
129227,No
129228,Yes
129229,Yes
129230,No
129231,Yes
129232,No
129233,Yes
129234,Yes
129235,Yes
129236,Yes
129237,No
129238,Yes
129239,Yes
129240,Yes
129241,Yes
129242,Yes
129243,No
129244,No
129245,Yes
129246,Yes
129247,Yes
129248,Yes
129249,No
129250,Yes
129251,No
129252,No
129253,Yes
129254,No
129255,Yes
129256,No
129257,Yes
129258,Yes
129259,Yes
129260,No
129261,No
129262,Yes
129263,No
129264,No
129265,Yes
129266,Yes
129267,No
129268,Yes
129269,Yes
129270,No
129271,Yes
129272,Yes
129273,Yes
129274,Yes
129275,Yes
129276,Yes
129277,Yes
129278,Yes
129279,No
129280,Yes
129281,Yes
129282,Yes
129283,No
129284,Yes
129285,No
129286,Yes
129287,Yes
129288,No
129289,Yes
129290,No
129291,Yes
129292,No
129293,No
129294,Yes
129295,Yes
129296,No
129297,Yes
129298,No
129299,Yes
129300,Yes
129301,Yes
129302,No
129303,Yes
129304,No
129305,Yes
129306,Yes
129307,Yes
129308,No
129309,No
129310,Yes
129311,No
129312,No
129313,Yes
129314,No
129315,Yes
129316,No
129317,No
129318,Yes
129319,No
129320,Yes
129321,Yes
129322,No
129323,No
129324,Yes
129325,Yes
129326,Yes
129327,No
129328,Yes
129329,Yes
129330,No
129331,Yes
129332,No
129333,Yes
129334,Yes
129335,Yes
129336,Yes
129337,Yes
129338,No
129339,No
129340,Yes
129341,No
129342,No
129343,No
129344,No
129345,Yes
129346,Yes
129347,No
129348,Yes
129349,Yes
129350,No
129351,Yes
129352,Yes
129353,Yes
129354,Yes
129355,No
129356,No
129357,Yes
129358,No
129359,No
129360,Yes
129361,No
129362,No
129363,No
129364,No
129365,Yes
129366,No
129367,No
129368,No
129369,Yes
129370,No
129371,No
129372,No
129373,Yes
129374,Yes
129375,Yes
129376,No
129377,No
129378,Yes
129379,Yes
129380,No
129381,Yes
129382,Yes
129383,No
129384,Yes
129385,Yes
129386,Yes
129387,No
129388,No
129389,Yes
129390,No
129391,No
129392,Yes
129393,No
129394,No
129395,Yes
129396,Yes
129397,Yes
129398,Yes
129399,No
129400,No
129401,No
129402,Yes
129403,No
129404,Yes
129405,No
129406,Yes
129407,No
129408,Yes
129409,No
129410,Yes
129411,Yes
129412,No
129413,No
129414,Yes
129415,Yes
129416,No
129417,Yes
129418,No
129419,Yes
129420,Yes
129421,No
129422,No
129423,No
129424,No
129425,No
129426,Yes
129427,Yes
129428,No
129429,No
129430,Yes
129431,No
129432,No
129433,No
129434,No
129435,Yes
129436,Yes
129437,Yes
129438,Yes
129439,Yes
129440,Yes
129441,No
129442,No
129443,No
129444,Yes
129445,Yes
129446,Yes
129447,No
129448,Yes
129449,No
129450,No
129451,No
129452,Yes
129453,No
129454,No
129455,Yes
129456,No
129457,No
129458,Yes
129459,No
129460,Yes
129461,No
129462,No
129463,Yes
129464,No
129465,No
129466,No
129467,Yes
129468,Yes
129469,Yes
129470,Yes
129471,No
129472,Yes
129473,Yes
129474,Yes
129475,Yes
129476,Yes
129477,No
129478,Yes
129479,Yes
129480,Yes
129481,Yes
129482,Yes
129483,Yes
129484,No
129485,Yes
129486,No
129487,Yes
129488,No
129489,No
129490,Yes
129491,Yes
129492,No
129493,No
129494,No
129495,No
129496,No
129497,Yes
129498,No
129499,Yes
129500,Yes
129501,Yes
129502,Yes
129503,Yes
129504,No
129505,Yes
129506,No
129507,No
129508,No
129509,Yes
129510,No
129511,Yes
129512,Yes
129513,Yes
129514,No
129515,Yes
129516,Yes
129517,Yes
129518,No
129519,No
129520,No
129521,No
129522,Yes
129523,No
129524,Yes
129525,Yes
129526,Yes
129527,Yes
129528,Yes
129529,Yes
129530,Yes
129531,Yes
129532,No
129533,Yes
129534,No
129535,No
129536,Yes
129537,Yes
129538,Yes
129539,No
129540,No
129541,Yes
129542,Yes
129543,Yes
129544,Yes
129545,Yes
129546,Yes
129547,No
129548,No
129549,Yes
129550,Yes
129551,No
129552,Yes
129553,Yes
129554,No
129555,No
129556,No
129557,No
129558,No
129559,Yes
129560,No
129561,No
129562,No
129563,No
129564,Yes
129565,No
129566,Yes
129567,No
129568,No
129569,Yes
129570,No
129571,No
129572,No
129573,Yes
129574,Yes
129575,No
129576,No
129577,Yes
129578,No
129579,Yes
129580,No
129581,No
129582,No
129583,No
129584,No
129585,No
129586,No
129587,Yes
129588,No
129589,Yes
129590,No
129591,Yes
129592,Yes
129593,Yes
129594,Yes
129595,No
129596,Yes
129597,Yes
129598,No
129599,Yes
129600,Yes
129601,Yes
129602,Yes
129603,Yes
129604,Yes
129605,Yes
129606,No
129607,Yes
129608,No
129609,Yes
129610,No
129611,Yes
129612,No
129613,No
129614,Yes
129615,No
129616,No
129617,Yes
129618,Yes
129619,Yes
129620,No
129621,Yes
129622,No
129623,No
129624,No
129625,Yes
129626,Yes
129627,Yes
129628,Yes
129629,No
129630,Yes
129631,Yes
129632,Yes
129633,No
129634,Yes
129635,No
129636,Yes
129637,No
129638,No
129639,Yes
129640,Yes
129641,No
129642,Yes
129643,Yes
129644,Yes
129645,No
129646,No
129647,No
129648,Yes
129649,No
129650,Yes
129651,No
129652,Yes
129653,Yes
129654,No
129655,No
129656,Yes
129657,Yes
129658,No
129659,Yes
129660,No
129661,Yes
129662,Yes
129663,No
129664,No
129665,Yes
129666,No
129667,Yes
129668,Yes
129669,No
129670,No
129671,Yes
129672,Yes
129673,No
129674,Yes
129675,No
129676,No
129677,Yes
129678,No
129679,Yes
129680,Yes
129681,No
129682,Yes
129683,No
129684,Yes
129685,No
129686,Yes
129687,Yes
129688,No
129689,Yes
129690,Yes
129691,Yes
129692,Yes
129693,Yes
129694,No
129695,Yes
129696,No
129697,No
129698,No
129699,Yes
129700,No
129701,No
129702,Yes
129703,Yes
129704,Yes
129705,Yes
129706,No
129707,No
129708,Yes
129709,Yes
129710,No
129711,Yes
129712,Yes
129713,Yes
129714,No
129715,Yes
129716,Yes
129717,No
129718,Yes
129719,Yes
129720,No
129721,Yes
129722,No
129723,Yes
129724,No
129725,Yes
129726,No
129727,No
129728,Yes
129729,Yes
129730,No
129731,No
129732,Yes
129733,Yes
129734,Yes
129735,No
129736,No
129737,No
129738,Yes
129739,No
129740,No
129741,No
129742,Yes
129743,No
129744,No
129745,No
129746,Yes
129747,No
129748,No
129749,Yes
129750,Yes
129751,No
129752,Yes
129753,Yes
129754,Yes
129755,Yes
129756,No
129757,No
129758,Yes
129759,Yes
129760,Yes
129761,Yes
129762,No
129763,No
129764,Yes
129765,Yes
129766,Yes
129767,No
129768,No
129769,Yes
129770,Yes
129771,Yes
129772,Yes
129773,No
129774,No
129775,No
129776,Yes
129777,Yes
129778,No
129779,Yes
129780,Yes
129781,Yes
129782,Yes
129783,No
129784,Yes
129785,Yes
129786,Yes
129787,Yes
129788,No
129789,Yes
129790,Yes
129791,No
129792,No
129793,No
129794,No
129795,No
129796,No
129797,No
129798,Yes
129799,Yes
129800,No
129801,Yes
129802,No
129803,Yes
129804,No
129805,Yes
129806,Yes
129807,Yes
129808,No
129809,Yes
129810,No
129811,No
129812,Yes
129813,No
129814,No
129815,Yes
129816,No
129817,Yes
129818,No
129819,Yes
129820,Yes
129821,No
129822,No
129823,Yes
129824,No
129825,Yes
129826,Yes
129827,Yes
129828,No
129829,No
129830,No
129831,Yes
129832,Yes
129833,No
129834,No
129835,Yes
129836,Yes
129837,No
129838,No
129839,Yes
129840,No
129841,No
129842,No
129843,Yes
129844,Yes
129845,Yes
129846,No
129847,Yes
129848,Yes
129849,Yes
129850,Yes
129851,Yes
129852,No
129853,Yes
129854,No
129855,Yes
129856,Yes
129857,No
129858,Yes
129859,Yes
129860,Yes
129861,Yes
129862,No
129863,Yes
129864,No
129865,No
129866,No
129867,Yes
129868,Yes
129869,Yes
129870,No
129871,Yes
129872,Yes
129873,Yes
129874,No
129875,No
129876,Yes
129877,No
129878,Yes
129879,No
129880,Yes
129881,Yes
129882,Yes
129883,No
129884,Yes
129885,Yes
129886,No
129887,Yes
129888,No
129889,Yes
129890,No
129891,Yes
129892,Yes
129893,Yes
129894,Yes
129895,Yes
129896,Yes
129897,Yes
129898,No
129899,No
129900,Yes
129901,Yes
129902,No
129903,Yes
129904,Yes
129905,Yes
129906,Yes
129907,Yes
129908,Yes
129909,Yes
129910,Yes
129911,Yes
129912,Yes
129913,No
129914,Yes
129915,Yes
129916,No
129917,Yes
129918,No
129919,No
129920,Yes
129921,Yes
129922,Yes
129923,No
129924,Yes
129925,No
129926,Yes
129927,No
129928,No
129929,Yes
129930,Yes
129931,No
129932,No
129933,No
129934,No
129935,Yes
129936,Yes
129937,Yes
129938,Yes
129939,Yes
129940,No
129941,Yes
129942,Yes
129943,No
129944,No
129945,Yes
129946,Yes
129947,Yes
129948,No
129949,No
129950,No
129951,No
129952,Yes
129953,Yes
129954,No
129955,Yes
129956,Yes
129957,No
129958,Yes
129959,No
129960,No
129961,No
129962,Yes
129963,No
129964,Yes
129965,Yes
129966,Yes
129967,Yes
129968,No
129969,No
129970,Yes
129971,No
129972,No
129973,Yes
129974,Yes
129975,No
129976,No
129977,No
129978,Yes
129979,No
129980,No
129981,Yes
129982,Yes
129983,Yes
129984,No
129985,No
129986,Yes
129987,Yes
129988,No
129989,No
129990,Yes
129991,No
129992,Yes
129993,Yes
129994,Yes
129995,Yes
129996,No
129997,Yes
129998,Yes
129999,Yes
130000,No
130001,Yes
130002,No
130003,Yes
130004,Yes
130005,Yes
130006,Yes
130007,Yes
130008,Yes
130009,Yes
130010,No
130011,Yes
130012,No
130013,Yes
130014,No
130015,Yes
130016,Yes
130017,No
130018,Yes
130019,No
130020,No
130021,No
130022,No
130023,No
130024,No
130025,Yes
130026,No
130027,No
130028,Yes
130029,Yes
130030,No
130031,Yes
130032,Yes
130033,No
130034,Yes
130035,Yes
130036,Yes
130037,Yes
130038,Yes
130039,Yes
130040,Yes
130041,Yes
130042,Yes
130043,Yes
130044,Yes
130045,No
130046,Yes
130047,Yes
130048,Yes
130049,Yes
130050,No
130051,No
130052,Yes
130053,No
130054,Yes
130055,No
130056,Yes
130057,No
130058,Yes
130059,Yes
130060,Yes
130061,Yes
130062,No
130063,Yes
130064,Yes
130065,Yes
130066,Yes
130067,Yes
130068,Yes
130069,Yes
130070,Yes
130071,Yes
130072,Yes
130073,Yes
130074,Yes
130075,No
130076,No
130077,Yes
130078,No
130079,No
130080,No
130081,No
130082,Yes
130083,Yes
130084,No
130085,No
130086,Yes
130087,Yes
130088,Yes
130089,Yes
130090,Yes
130091,Yes
130092,Yes
130093,No
130094,No
130095,No
130096,No
130097,No
130098,Yes
130099,No
130100,Yes
130101,Yes
130102,No
130103,No
130104,Yes
130105,No
130106,Yes
130107,No
130108,No
130109,Yes
130110,No
130111,Yes
130112,Yes
130113,Yes
130114,Yes
130115,Yes
130116,Yes
130117,Yes
130118,Yes
130119,Yes
130120,No
130121,No
130122,No
130123,Yes
130124,No
130125,Yes
130126,No
130127,Yes
130128,Yes
130129,Yes
130130,No
130131,Yes
130132,Yes
130133,Yes
130134,No
130135,No
130136,Yes
130137,No
130138,Yes
130139,Yes
130140,Yes
130141,No
130142,No
130143,Yes
130144,No
130145,Yes
130146,Yes
130147,No
130148,Yes
130149,No
130150,Yes
130151,Yes
130152,No
130153,Yes
130154,No
130155,No
130156,Yes
130157,No
130158,No
130159,Yes
130160,No
130161,No
130162,Yes
130163,Yes
130164,Yes
130165,No
130166,No
130167,No
130168,Yes
130169,Yes
130170,Yes
130171,Yes
130172,Yes
130173,No
130174,Yes
130175,Yes
130176,Yes
130177,Yes
130178,No
130179,Yes
130180,Yes
130181,Yes
130182,No
130183,Yes
130184,Yes
130185,No
130186,No
130187,No
130188,No
130189,No
130190,No
130191,Yes
130192,No
130193,Yes
130194,Yes
130195,No
130196,No
130197,No
130198,Yes
130199,No
130200,No
130201,No
130202,No
130203,Yes
130204,No
130205,Yes
130206,No
130207,No
130208,Yes
130209,No
130210,Yes
130211,No
130212,Yes
130213,No
130214,Yes
130215,Yes
130216,Yes
130217,Yes
130218,Yes
130219,No
130220,No
130221,Yes
130222,No
130223,Yes
130224,Yes
130225,Yes
130226,Yes
130227,Yes
130228,No
130229,Yes
130230,Yes
130231,Yes
130232,Yes
130233,Yes
130234,Yes
130235,No
130236,No
130237,Yes
130238,Yes
130239,Yes
130240,No
130241,Yes
130242,No
130243,Yes
130244,Yes
130245,No
130246,Yes
130247,No
130248,No
130249,No
130250,Yes
130251,Yes
130252,Yes
130253,Yes
130254,No
130255,No
130256,No
130257,Yes
130258,Yes
130259,Yes
130260,Yes
130261,Yes
130262,Yes
130263,Yes
130264,Yes
130265,Yes
130266,Yes
130267,No
130268,Yes
130269,Yes
130270,No
130271,Yes
130272,Yes
130273,Yes
130274,No
130275,No
130276,Yes
130277,No
130278,No
130279,No
130280,No
130281,Yes
130282,No
130283,Yes
130284,No
130285,Yes
130286,Yes
130287,No
130288,Yes
130289,No
130290,Yes
130291,Yes
130292,Yes
130293,No
130294,No
130295,No
130296,Yes
130297,No
130298,Yes
130299,No
130300,No
130301,Yes
130302,No
130303,No
130304,Yes
130305,No
130306,No
130307,Yes
130308,No
130309,Yes
130310,No
130311,No
130312,Yes
130313,Yes
130314,Yes
130315,No
130316,Yes
130317,Yes
130318,No
130319,No
130320,No
130321,No
130322,No
130323,No
130324,No
130325,Yes
130326,Yes
130327,Yes
130328,No
130329,No
130330,No
130331,Yes
130332,No
130333,Yes
130334,Yes
130335,No
130336,Yes
130337,No
130338,Yes
130339,Yes
130340,Yes
130341,No
130342,Yes
130343,Yes
130344,Yes
130345,Yes
130346,Yes
130347,No
130348,Yes
130349,Yes
130350,Yes
130351,Yes
130352,Yes
130353,No
130354,Yes
130355,Yes
130356,Yes
130357,No
130358,Yes
130359,No
130360,No
130361,Yes
130362,No
130363,Yes
130364,Yes
130365,No
130366,Yes
130367,Yes
130368,Yes
130369,Yes
130370,No
130371,No
130372,Yes
130373,No
130374,Yes
130375,No
130376,Yes
130377,No
130378,Yes
130379,No
130380,Yes
130381,Yes
130382,Yes
130383,Yes
130384,No
130385,No
130386,Yes
130387,No
130388,No
130389,Yes
130390,No
130391,No
130392,Yes
130393,Yes
130394,Yes
130395,Yes
130396,Yes
130397,Yes
130398,No
130399,Yes
130400,No
130401,Yes
130402,Yes
130403,Yes
130404,Yes
130405,No
130406,No
130407,Yes
130408,Yes
130409,Yes
130410,Yes
130411,Yes
130412,No
130413,Yes
130414,Yes
130415,No
130416,No
130417,Yes
130418,Yes
130419,Yes
130420,Yes
130421,No
130422,No
130423,No
130424,Yes
130425,Yes
130426,No
130427,Yes
130428,No
130429,Yes
130430,Yes
130431,No
130432,No
130433,Yes
130434,Yes
130435,Yes
130436,No
130437,No
130438,Yes
130439,No
130440,Yes
130441,Yes
130442,No
130443,Yes
130444,Yes
130445,Yes
130446,Yes
130447,No
130448,Yes
130449,No
130450,Yes
130451,No
130452,No
130453,No
130454,Yes
130455,Yes
130456,No
130457,Yes
130458,Yes
130459,Yes
130460,Yes
130461,Yes
130462,No
130463,No
130464,Yes
130465,Yes
130466,No
130467,Yes
130468,Yes
130469,No
130470,No
130471,No
130472,Yes
130473,Yes
130474,No
130475,No
130476,Yes
130477,No
130478,Yes
130479,No
130480,Yes
130481,Yes
130482,No
130483,Yes
130484,Yes
130485,No
130486,Yes
130487,Yes
130488,Yes
130489,Yes
130490,Yes
130491,No
130492,Yes
130493,Yes
130494,No
130495,No
130496,No
130497,No
130498,No
130499,Yes
130500,No
130501,No
130502,No
130503,Yes
130504,No
130505,No
130506,Yes
130507,Yes
130508,No
130509,No
130510,Yes
130511,Yes
130512,Yes
130513,No
130514,No
130515,Yes
130516,No
130517,No
130518,No
130519,Yes
130520,Yes
130521,Yes
130522,Yes
130523,Yes
130524,Yes
130525,Yes
130526,No
130527,No
130528,No
130529,Yes
130530,Yes
130531,No
130532,Yes
130533,No
130534,Yes
130535,No
130536,Yes
130537,Yes
130538,No
130539,No
130540,Yes
130541,Yes
130542,Yes
130543,Yes
130544,No
130545,Yes
130546,No
130547,No
130548,Yes
130549,Yes
130550,Yes
130551,No
130552,Yes
130553,No
130554,Yes
130555,No
130556,No
130557,No
130558,No
130559,Yes
130560,No
130561,Yes
130562,Yes
130563,Yes
130564,Yes
130565,Yes
130566,No
130567,No
130568,Yes
130569,Yes
130570,Yes
130571,Yes
130572,Yes
130573,Yes
130574,No
130575,No
130576,No
130577,No
130578,Yes
130579,No
130580,Yes
130581,Yes
130582,Yes
130583,Yes
130584,No
130585,No
130586,Yes
130587,Yes
130588,No
130589,Yes
130590,No
130591,Yes
130592,Yes
130593,No
130594,No
130595,Yes
130596,No
130597,Yes
130598,No
130599,No
130600,No
130601,Yes
130602,Yes
130603,No
130604,Yes
130605,No
130606,Yes
130607,No
130608,Yes
130609,Yes
130610,Yes
130611,No
130612,No
130613,Yes
130614,No
130615,No
130616,No
130617,Yes
130618,No
130619,Yes
130620,No
130621,Yes
130622,No
130623,No
130624,No
130625,No
130626,Yes
130627,Yes
130628,Yes
130629,No
130630,No
130631,Yes
130632,Yes
130633,No
130634,No
130635,Yes
130636,Yes
130637,Yes
130638,Yes
130639,No
130640,No
130641,Yes
130642,No
130643,Yes
130644,No
130645,No
130646,No
130647,Yes
130648,No
130649,No
130650,Yes
130651,Yes
130652,Yes
130653,No
130654,No
130655,Yes
130656,Yes
130657,No
130658,Yes
130659,No
130660,Yes
130661,No
130662,No
130663,No
130664,No
130665,Yes
130666,Yes
130667,No
130668,Yes
130669,Yes
130670,Yes
130671,No
130672,No
130673,Yes
130674,No
130675,No
130676,No
130677,Yes
130678,No
130679,No
130680,Yes
130681,Yes
130682,No
130683,Yes
130684,Yes
130685,Yes
130686,Yes
130687,No
130688,Yes
130689,Yes
130690,No
130691,Yes
130692,No
130693,No
130694,No
130695,Yes
130696,Yes
130697,Yes
130698,No
130699,Yes
130700,No
130701,Yes
130702,No
130703,Yes
130704,Yes
130705,Yes
130706,Yes
130707,Yes
130708,No
130709,No
130710,No
130711,Yes
130712,Yes
130713,Yes
130714,Yes
130715,No
130716,No
130717,Yes
130718,No
130719,No
130720,No
130721,Yes
130722,No
130723,Yes
130724,No
130725,No
130726,No
130727,Yes
130728,Yes
130729,No
130730,Yes
130731,No
130732,Yes
130733,No
130734,Yes
130735,Yes
130736,Yes
130737,No
130738,Yes
130739,Yes
130740,No
130741,No
130742,Yes
130743,Yes
130744,Yes
130745,Yes
130746,Yes
130747,Yes
130748,Yes
130749,Yes
130750,Yes
130751,No
130752,No
130753,Yes
130754,Yes
130755,No
130756,No
130757,Yes
130758,Yes
130759,No
130760,No
130761,No
130762,Yes
130763,Yes
130764,No
130765,Yes
130766,Yes
130767,Yes
130768,No
130769,No
130770,Yes
130771,No
130772,Yes
130773,Yes
130774,No
130775,Yes
130776,No
130777,Yes
130778,No
130779,No
130780,No
130781,Yes
130782,No
130783,No
130784,Yes
130785,Yes
130786,No
130787,Yes
130788,No
130789,Yes
130790,No
130791,Yes
130792,Yes
130793,No
130794,Yes
130795,Yes
130796,Yes
130797,Yes
130798,Yes
130799,Yes
130800,Yes
130801,No
130802,Yes
130803,Yes
130804,Yes
130805,Yes
130806,No
130807,No
130808,No
130809,No
130810,Yes
130811,No
130812,No
130813,No
130814,Yes
130815,No
130816,No
130817,No
130818,No
130819,Yes
130820,Yes
130821,Yes
130822,Yes
130823,Yes
130824,No
130825,No
130826,No
130827,No
130828,No
130829,Yes
130830,No
130831,Yes
130832,Yes
130833,Yes
130834,Yes
130835,Yes
130836,No
130837,No
130838,Yes
130839,No
130840,No
130841,Yes
130842,Yes
130843,No
130844,Yes
130845,No
130846,Yes
130847,No
130848,Yes
130849,No
130850,No
130851,Yes
130852,Yes
130853,Yes
130854,Yes
130855,Yes
130856,No
130857,No
130858,No
130859,No
130860,Yes
130861,No
130862,No
130863,Yes
130864,Yes
130865,Yes
130866,No
130867,Yes
130868,No
130869,Yes
130870,Yes
130871,No
130872,Yes
130873,Yes
130874,Yes
130875,No
130876,Yes
130877,Yes
130878,Yes
130879,Yes
130880,No
130881,Yes
130882,Yes
130883,Yes
130884,No
130885,No
130886,No
130887,No
130888,No
130889,Yes
130890,Yes
130891,Yes
130892,No
130893,Yes
130894,No
130895,Yes
130896,No
130897,No
130898,No
130899,No
130900,Yes
130901,Yes
130902,No
130903,Yes
130904,Yes
130905,Yes
130906,Yes
130907,Yes
130908,Yes
130909,No
130910,Yes
130911,Yes
130912,No
130913,Yes
130914,Yes
130915,Yes
130916,No
130917,No
130918,No
130919,No
130920,Yes
130921,Yes
130922,No
130923,No
130924,Yes
130925,No
130926,Yes
130927,Yes
130928,No
130929,Yes
130930,No
130931,No
130932,No
130933,No
130934,Yes
130935,No
130936,Yes
130937,Yes
130938,No
130939,Yes
130940,No
130941,No
130942,Yes
130943,Yes
130944,No
130945,Yes
130946,Yes
130947,Yes
130948,No
130949,Yes
130950,No
130951,Yes
130952,Yes
130953,Yes
130954,No
130955,No
130956,Yes
130957,Yes
130958,Yes
130959,Yes
130960,Yes
130961,Yes
130962,Yes
130963,Yes
130964,Yes
130965,No
130966,No
130967,Yes
130968,No
130969,Yes
130970,Yes
130971,No
130972,No
130973,Yes
130974,Yes
130975,No
130976,No
130977,Yes
130978,No
130979,Yes
130980,No
130981,No
130982,No
130983,Yes
130984,Yes
130985,Yes
130986,Yes
130987,No
130988,Yes
130989,Yes
130990,Yes
130991,Yes
130992,No
130993,Yes
130994,No
130995,Yes
130996,No
130997,Yes
130998,Yes
130999,Yes
131000,Yes
131001,No
131002,Yes
131003,Yes
131004,Yes
131005,No
131006,No
131007,Yes
131008,Yes
131009,Yes
131010,Yes
131011,No
131012,No
131013,No
131014,Yes
131015,No
131016,Yes
131017,Yes
131018,No
131019,No
131020,No
131021,No
131022,Yes
131023,No
131024,No
131025,Yes
131026,Yes
131027,No
131028,No
131029,Yes
131030,Yes
131031,Yes
131032,No
131033,No
131034,No
131035,Yes
131036,Yes
131037,Yes
131038,Yes
131039,No
131040,No
131041,No
131042,Yes
131043,Yes
131044,No
131045,Yes
131046,Yes
131047,Yes
131048,Yes
131049,Yes
131050,No
131051,Yes
131052,Yes
131053,No
131054,Yes
131055,Yes
131056,No
131057,Yes
131058,No
131059,Yes
131060,No
131061,Yes
131062,No
131063,Yes
131064,Yes
131065,No
131066,Yes
131067,Yes
131068,Yes
131069,Yes
131070,No
131071,Yes
131072,Yes
131073,No
131074,Yes
131075,No
131076,No
131077,No
131078,No
131079,Yes
131080,No
131081,No
131082,No
131083,Yes
131084,Yes
131085,Yes
131086,Yes
131087,Yes
131088,No
131089,No
131090,Yes
131091,Yes
131092,No
131093,Yes
131094,No
131095,Yes
131096,No
131097,No
131098,Yes
131099,Yes
131100,Yes
131101,Yes
131102,Yes
131103,Yes
131104,Yes
131105,Yes
131106,No
131107,Yes
131108,Yes
131109,Yes
131110,No
131111,No
131112,No
131113,Yes
131114,Yes
131115,No
131116,No
131117,Yes
131118,No
131119,Yes
131120,Yes
131121,No
131122,Yes
131123,No
131124,Yes
131125,Yes
131126,Yes
131127,Yes
131128,Yes
131129,No
131130,No
131131,No
131132,Yes
131133,No
131134,No
131135,Yes
131136,No
131137,No
131138,No
131139,Yes
131140,Yes
131141,Yes
131142,No
131143,No
131144,Yes
131145,Yes
131146,No
131147,No
131148,No
131149,No
131150,No
131151,No
131152,No
131153,No
131154,Yes
131155,Yes
131156,No
131157,Yes
131158,No
131159,Yes
131160,No
131161,Yes
131162,Yes
131163,Yes
131164,Yes
131165,No
131166,Yes
131167,No
131168,Yes
131169,No
131170,Yes
131171,No
131172,No
131173,No
131174,Yes
131175,Yes
131176,Yes
131177,Yes
131178,No
131179,Yes
131180,No
131181,Yes
131182,Yes
131183,Yes
131184,No
131185,Yes
131186,Yes
131187,Yes
131188,Yes
131189,No
131190,No
131191,No
131192,Yes
131193,No
131194,No
131195,No
131196,Yes
131197,No
131198,No
131199,No
131200,No
131201,Yes
131202,Yes
131203,Yes
131204,No
131205,No
131206,Yes
131207,Yes
131208,Yes
131209,No
131210,Yes
131211,Yes
131212,No
131213,Yes
131214,Yes
131215,No
131216,No
131217,No
131218,Yes
131219,No
131220,Yes
131221,Yes
131222,Yes
131223,Yes
131224,Yes
131225,Yes
131226,Yes
131227,Yes
131228,Yes
131229,Yes
131230,Yes
131231,Yes
131232,No
131233,Yes
131234,No
131235,Yes
131236,Yes
131237,Yes
131238,Yes
131239,Yes
131240,No
131241,Yes
131242,No
131243,Yes
131244,Yes
131245,No
131246,Yes
131247,Yes
131248,Yes
131249,Yes
131250,Yes
131251,No
131252,Yes
131253,Yes
131254,Yes
131255,Yes
131256,No
131257,Yes
131258,Yes
131259,No
131260,No
131261,No
131262,Yes
131263,No
131264,Yes
131265,Yes
131266,Yes
131267,Yes
131268,No
131269,No
131270,No
131271,No
131272,No
131273,Yes
131274,No
131275,No
131276,No
131277,No
131278,Yes
131279,Yes
131280,Yes
131281,Yes
131282,No
131283,No
131284,No
131285,Yes
131286,No
131287,No
131288,No
131289,No
131290,No
131291,No
131292,Yes
131293,Yes
131294,Yes
131295,No
131296,No
131297,Yes
131298,No
131299,Yes
131300,Yes
131301,Yes
131302,Yes
131303,Yes
131304,No
131305,No
131306,No
131307,Yes
131308,Yes
131309,Yes
131310,No
131311,No
131312,No
131313,Yes
131314,Yes
131315,No
131316,Yes
131317,No
131318,Yes
131319,No
131320,No
131321,No
131322,Yes
131323,Yes
131324,Yes
131325,No
131326,Yes
131327,Yes
131328,Yes
131329,No
131330,Yes
131331,Yes
131332,No
131333,No
131334,No
131335,No
131336,Yes
131337,Yes
131338,No
131339,No
131340,Yes
131341,Yes
131342,No
131343,Yes
131344,Yes
131345,No
131346,Yes
131347,Yes
131348,No
131349,No
131350,Yes
131351,Yes
131352,Yes
131353,Yes
131354,No
131355,Yes
131356,No
131357,No
131358,Yes
131359,No
131360,Yes
131361,Yes
131362,Yes
131363,Yes
131364,Yes
131365,No
131366,No
131367,No
131368,Yes
131369,Yes
131370,Yes
131371,Yes
131372,No
131373,Yes
131374,Yes
131375,Yes
131376,Yes
131377,Yes
131378,Yes
131379,No
131380,Yes
131381,Yes
131382,Yes
131383,No
131384,Yes
131385,Yes
131386,Yes
131387,No
131388,Yes
131389,Yes
131390,No
131391,No
131392,No
131393,Yes
131394,Yes
131395,No
131396,No
131397,Yes
131398,Yes
131399,Yes
131400,No
131401,No
131402,No
131403,Yes
131404,Yes
131405,No
131406,Yes
131407,No
131408,Yes
131409,No
131410,Yes
131411,Yes
131412,No
131413,Yes
131414,Yes
131415,No
131416,No
131417,No
131418,Yes
131419,Yes
131420,Yes
131421,Yes
131422,No
131423,Yes
131424,Yes
131425,Yes
131426,Yes
131427,Yes
131428,Yes
131429,Yes
131430,Yes
131431,Yes
131432,No
131433,No
131434,No
131435,No
131436,No
131437,Yes
131438,Yes
131439,Yes
131440,Yes
131441,Yes
131442,Yes
131443,No
131444,Yes
131445,Yes
131446,Yes
131447,Yes
131448,Yes
131449,No
131450,No
131451,Yes
131452,Yes
131453,Yes
131454,Yes
131455,Yes
131456,No
131457,No
131458,Yes
131459,No
131460,Yes
131461,Yes
131462,Yes
131463,No
131464,Yes
131465,Yes
131466,Yes
131467,Yes
131468,No
131469,No
131470,No
131471,Yes
131472,Yes
131473,Yes
131474,Yes
131475,Yes
131476,Yes
131477,Yes
131478,No
131479,No
131480,No
131481,Yes
131482,No
131483,No
131484,No
131485,Yes
131486,Yes
131487,No
131488,Yes
131489,Yes
131490,No
131491,Yes
131492,No
131493,Yes
131494,Yes
131495,Yes
131496,No
131497,Yes
131498,No
131499,Yes
131500,Yes
131501,No
131502,Yes
131503,Yes
131504,Yes
131505,Yes
131506,No
131507,No
131508,No
131509,Yes
131510,Yes
131511,No
131512,Yes
131513,No
131514,No
131515,No
131516,Yes
131517,Yes
131518,No
131519,No
131520,Yes
131521,Yes
131522,Yes
131523,Yes
131524,No
131525,No
131526,No
131527,Yes
131528,Yes
131529,Yes
131530,No
131531,Yes
131532,Yes
131533,Yes
131534,Yes
131535,No
131536,No
131537,No
131538,Yes
131539,No
131540,Yes
131541,Yes
131542,No
131543,No
131544,No
131545,Yes
131546,Yes
131547,No
131548,No
131549,Yes
131550,Yes
131551,Yes
131552,No
131553,Yes
131554,Yes
131555,Yes
131556,No
131557,Yes
131558,No
131559,Yes
131560,Yes
131561,Yes
131562,No
131563,No
131564,No
131565,No
131566,Yes
131567,No
131568,Yes
131569,Yes
131570,No
131571,No
131572,Yes
131573,Yes
131574,No
131575,No
131576,Yes
131577,Yes
131578,Yes
131579,No
131580,No
131581,Yes
131582,No
131583,No
131584,Yes
131585,Yes
131586,Yes
131587,No
131588,Yes
131589,Yes
131590,No
131591,No
131592,No
131593,Yes
131594,Yes
131595,Yes
131596,Yes
131597,Yes
131598,Yes
131599,Yes
131600,Yes
131601,No
131602,No
131603,No
131604,Yes
131605,No
131606,No
131607,Yes
131608,Yes
131609,Yes
131610,No
131611,No
131612,No
131613,Yes
131614,No
131615,Yes
131616,No
131617,No
131618,Yes
131619,No
131620,Yes
131621,Yes
131622,Yes
131623,No
131624,No
131625,Yes
131626,Yes
131627,No
131628,Yes
131629,No
131630,No
131631,No
131632,No
131633,Yes
131634,Yes
131635,Yes
131636,Yes
131637,No
131638,No
131639,No
131640,Yes
131641,Yes
131642,Yes
131643,Yes
131644,Yes
131645,Yes
131646,No
131647,No
131648,No
131649,Yes
131650,Yes
131651,No
131652,Yes
131653,Yes
131654,No
131655,Yes
131656,Yes
131657,No
131658,No
131659,Yes
131660,No
131661,Yes
131662,Yes
131663,Yes
131664,No
131665,No
131666,Yes
131667,No
131668,Yes
131669,Yes
131670,Yes
131671,No
131672,No
131673,Yes
131674,No
131675,No
131676,Yes
131677,Yes
131678,No
131679,No
131680,No
131681,Yes
131682,No
131683,No
131684,Yes
131685,Yes
131686,Yes
131687,No
131688,Yes
131689,No
131690,Yes
131691,No
131692,Yes
131693,Yes
131694,No
131695,Yes
131696,No
131697,No
131698,Yes
131699,Yes
131700,Yes
131701,Yes
131702,Yes
131703,Yes
131704,No
131705,Yes
131706,Yes
131707,Yes
131708,Yes
131709,No
131710,Yes
131711,No
131712,Yes
131713,Yes
131714,Yes
131715,No
131716,No
131717,No
131718,Yes
131719,No
131720,Yes
131721,Yes
131722,Yes
131723,Yes
131724,No
131725,Yes
131726,Yes
131727,No
131728,Yes
131729,Yes
131730,Yes
131731,Yes
131732,No
131733,No
131734,Yes
131735,No
131736,No
131737,Yes
131738,Yes
131739,No
131740,Yes
131741,Yes
131742,Yes
131743,No
131744,Yes
131745,No
131746,Yes
131747,No
131748,Yes
131749,Yes
131750,Yes
131751,No
131752,Yes
131753,Yes
131754,No
131755,Yes
131756,Yes
131757,Yes
131758,Yes
131759,Yes
131760,No
131761,No
131762,Yes
131763,Yes
131764,No
131765,No
131766,No
131767,Yes
131768,Yes
131769,No
131770,No
131771,No
131772,Yes
131773,No
131774,Yes
131775,No
131776,Yes
131777,No
131778,No
131779,Yes
131780,Yes
131781,No
131782,Yes
131783,No
131784,Yes
131785,No
131786,Yes
131787,No
131788,Yes
131789,No
131790,No
131791,Yes
131792,Yes
131793,No
131794,No
131795,Yes
131796,No
131797,Yes
131798,No
131799,No
131800,No
131801,No
131802,Yes
131803,No
131804,No
131805,Yes
131806,No
131807,No
131808,No
131809,No
131810,Yes
131811,No
131812,Yes
131813,No
131814,No
131815,Yes
131816,No
131817,Yes
131818,Yes
131819,No
131820,Yes
131821,No
131822,Yes
131823,No
131824,Yes
131825,Yes
131826,Yes
131827,Yes
131828,No
131829,No
131830,No
131831,No
131832,Yes
131833,Yes
131834,Yes
131835,Yes
131836,Yes
131837,Yes
131838,No
131839,No
131840,Yes
131841,Yes
131842,No
131843,No
131844,Yes
131845,No
131846,Yes
131847,Yes
131848,Yes
131849,No
131850,No
131851,Yes
131852,No
131853,Yes
131854,No
131855,Yes
131856,No
131857,Yes
131858,No
131859,No
131860,No
131861,No
131862,No
131863,Yes
131864,No
131865,No
131866,Yes
131867,No
131868,Yes
131869,Yes
131870,Yes
131871,Yes
131872,Yes
131873,No
131874,Yes
131875,Yes
131876,No
131877,Yes
131878,Yes
131879,Yes
131880,Yes
131881,Yes
131882,Yes
131883,No
131884,No
131885,No
131886,Yes
131887,No
131888,Yes
131889,No
131890,Yes
131891,Yes
131892,Yes
131893,Yes
131894,Yes
131895,Yes
131896,Yes
131897,Yes
131898,No
131899,Yes
131900,Yes
131901,No
131902,Yes
131903,No
131904,Yes
131905,Yes
131906,No
131907,No
131908,No
131909,Yes
131910,Yes
131911,Yes
131912,No
131913,No
131914,Yes
131915,Yes
131916,No
131917,No
131918,Yes
131919,No
131920,No
131921,Yes
131922,Yes
131923,No
131924,No
131925,Yes
131926,No
131927,No
131928,No
131929,No
131930,Yes
131931,Yes
131932,No
131933,Yes
131934,No
131935,No
131936,No
131937,Yes
131938,Yes
131939,Yes
131940,Yes
131941,No
131942,No
131943,Yes
131944,Yes
131945,No
131946,No
131947,Yes
131948,No
131949,Yes
131950,No
131951,Yes
131952,Yes
131953,No
131954,No
131955,Yes
131956,No
131957,Yes
131958,No
131959,No
131960,Yes
131961,No
131962,Yes
131963,Yes
131964,Yes
131965,No
131966,Yes
131967,Yes
131968,No
131969,Yes
131970,No
131971,No
131972,No
131973,Yes
131974,No
131975,Yes
131976,Yes
131977,No
131978,No
131979,Yes
131980,No
131981,No
131982,No
131983,No
131984,Yes
131985,Yes
131986,Yes
131987,Yes
131988,Yes
131989,Yes
131990,Yes
131991,Yes
131992,No
131993,Yes
131994,No
131995,Yes
131996,No
131997,No
131998,Yes
131999,Yes
132000,No
132001,Yes
132002,Yes
132003,Yes
132004,No
132005,Yes
132006,Yes
132007,No
132008,Yes
132009,Yes
132010,No
132011,Yes
132012,Yes
132013,Yes
132014,No
132015,Yes
132016,Yes
132017,No
132018,No
132019,Yes
132020,No
132021,No
132022,Yes
132023,Yes
132024,Yes
132025,Yes
132026,No
132027,Yes
132028,No
132029,Yes
132030,No
132031,Yes
132032,No
132033,Yes
132034,No
132035,Yes
132036,No
132037,Yes
132038,Yes
132039,No
132040,Yes
132041,No
132042,Yes
132043,No
132044,Yes
132045,No
132046,No
132047,Yes
132048,No
132049,No
132050,No
132051,Yes
132052,Yes
132053,Yes
132054,No
132055,Yes
132056,Yes
132057,Yes
132058,Yes
132059,No
132060,Yes
132061,Yes
132062,Yes
132063,Yes
132064,Yes
132065,No
132066,No
132067,No
132068,Yes
132069,Yes
132070,Yes
132071,Yes
132072,Yes
132073,Yes
132074,Yes
132075,Yes
132076,No
132077,No
132078,Yes
132079,Yes
132080,No
132081,No
132082,Yes
132083,Yes
132084,Yes
132085,No
132086,Yes
132087,Yes
132088,Yes
132089,Yes
132090,No
132091,No
132092,No
132093,Yes
132094,No
132095,Yes
132096,No
132097,No
132098,No
132099,Yes
132100,Yes
132101,Yes
132102,No
132103,Yes
132104,No
132105,Yes
132106,No
132107,No
132108,Yes
132109,No
132110,No
132111,Yes
132112,Yes
132113,No
132114,No
132115,Yes
132116,No
132117,Yes
132118,Yes
132119,No
132120,No
132121,Yes
132122,Yes
132123,Yes
132124,Yes
132125,No
132126,Yes
132127,Yes
132128,No
132129,No
132130,Yes
132131,No
132132,No
132133,No
132134,No
132135,No
132136,No
132137,No
132138,Yes
132139,Yes
132140,Yes
132141,No
132142,Yes
132143,No
132144,Yes
132145,Yes
132146,Yes
132147,Yes
132148,No
132149,No
132150,Yes
132151,Yes
132152,Yes
132153,Yes
132154,Yes
132155,Yes
132156,No
132157,No
132158,No
132159,Yes
132160,No
132161,No
132162,No
132163,Yes
132164,Yes
132165,No
132166,Yes
132167,No
132168,Yes
132169,Yes
132170,Yes
132171,Yes
132172,No
132173,No
132174,Yes
132175,Yes
132176,Yes
132177,Yes
132178,Yes
132179,Yes
132180,Yes
132181,No
132182,No
132183,Yes
132184,Yes
132185,Yes
132186,Yes
132187,Yes
132188,Yes
132189,Yes
132190,Yes
132191,Yes
132192,Yes
132193,No
132194,No
132195,Yes
132196,No
132197,Yes
132198,No
132199,Yes
132200,Yes
132201,Yes
132202,Yes
132203,No
132204,No
132205,No
132206,Yes
132207,Yes
132208,Yes
132209,No
132210,Yes
132211,No
132212,Yes
132213,Yes
132214,Yes
132215,No
132216,No
132217,Yes
132218,No
132219,Yes
132220,No
132221,No
132222,No
132223,Yes
132224,Yes
132225,Yes
132226,Yes
132227,Yes
132228,No
132229,No
132230,Yes
132231,Yes
132232,Yes
132233,Yes
132234,Yes
132235,Yes
132236,Yes
132237,Yes
132238,Yes
132239,Yes
132240,Yes
132241,No
132242,Yes
132243,Yes
132244,No
132245,No
132246,No
132247,No
132248,Yes
132249,Yes
132250,Yes
132251,Yes
132252,Yes
132253,Yes
132254,Yes
132255,No
132256,Yes
132257,Yes
132258,Yes
132259,No
132260,No
132261,Yes
132262,Yes
132263,Yes
132264,Yes
132265,Yes
132266,No
132267,No
132268,No
132269,Yes
132270,Yes
132271,Yes
132272,No
132273,Yes
132274,Yes
132275,No
132276,No
132277,No
132278,Yes
132279,Yes
132280,Yes
132281,Yes
132282,Yes
132283,No
132284,Yes
132285,No
132286,Yes
132287,No
132288,Yes
132289,No
132290,Yes
132291,No
132292,Yes
132293,No
132294,No
132295,No
132296,Yes
132297,Yes
132298,Yes
132299,No
132300,Yes
132301,Yes
132302,No
132303,No
132304,No
132305,No
132306,Yes
132307,No
132308,No
132309,Yes
132310,No
132311,Yes
132312,No
132313,Yes
132314,No
132315,No
132316,No
132317,Yes
132318,Yes
132319,No
132320,Yes
132321,Yes
132322,Yes
132323,Yes
132324,No
132325,Yes
132326,Yes
132327,Yes
132328,No
132329,No
132330,Yes
132331,Yes
132332,Yes
132333,No
132334,No
132335,Yes
132336,Yes
132337,No
132338,Yes
132339,Yes
132340,Yes
132341,Yes
132342,No
132343,Yes
132344,Yes
132345,No
132346,No
132347,Yes
132348,No
132349,Yes
132350,Yes
132351,Yes
132352,No
132353,Yes
132354,Yes
132355,No
132356,No
132357,No
132358,Yes
132359,Yes
132360,No
132361,Yes
132362,Yes
132363,No
132364,No
132365,Yes
132366,No
132367,No
132368,No
132369,No
132370,Yes
132371,Yes
132372,Yes
132373,No
132374,No
132375,No
132376,No
132377,Yes
132378,No
132379,No
132380,No
132381,Yes
132382,No
132383,Yes
132384,No
132385,Yes
132386,Yes
132387,Yes
132388,Yes
132389,Yes
132390,No
132391,Yes
132392,Yes
132393,Yes
132394,No
132395,Yes
132396,No
132397,Yes
132398,No
132399,Yes
132400,Yes
132401,Yes
132402,Yes
132403,Yes
132404,No
132405,Yes
132406,Yes
132407,No
132408,No
132409,No
132410,Yes
132411,No
132412,No
132413,No
132414,Yes
132415,Yes
132416,Yes
132417,Yes
132418,Yes
132419,No
132420,No
132421,No
132422,No
132423,Yes
132424,Yes
132425,No
132426,Yes
132427,Yes
132428,No
132429,Yes
132430,Yes
132431,No
132432,Yes
132433,Yes
132434,No
132435,No
132436,Yes
132437,Yes
132438,No
132439,No
132440,Yes
132441,Yes
132442,Yes
132443,No
132444,No
132445,No
132446,Yes
132447,No
132448,Yes
132449,No
132450,Yes
132451,No
132452,No
132453,No
132454,No
132455,No
132456,Yes
132457,No
132458,Yes
132459,No
132460,No
132461,Yes
132462,No
132463,Yes
132464,Yes
132465,No
132466,Yes
132467,No
132468,Yes
132469,Yes
132470,Yes
132471,No
132472,Yes
132473,Yes
132474,No
132475,Yes
132476,No
132477,No
132478,Yes
132479,Yes
132480,Yes
132481,Yes
132482,Yes
132483,Yes
132484,Yes
132485,No
132486,Yes
132487,Yes
132488,No
132489,Yes
132490,Yes
132491,No
132492,No
132493,Yes
132494,No
132495,No
132496,No
132497,Yes
132498,No
132499,No
132500,No
132501,Yes
132502,Yes
132503,Yes
132504,Yes
132505,No
132506,No
132507,No
132508,Yes
132509,Yes
132510,Yes
132511,No
132512,No
132513,Yes
132514,No
132515,Yes
132516,Yes
132517,No
132518,No
132519,Yes
132520,Yes
132521,No
132522,No
132523,Yes
132524,No
132525,No
132526,No
132527,No
132528,No
132529,No
132530,No
132531,Yes
132532,Yes
132533,Yes
132534,Yes
132535,Yes
132536,No
132537,Yes
132538,Yes
132539,No
132540,Yes
132541,No
132542,Yes
132543,Yes
132544,No
132545,No
132546,Yes
132547,Yes
132548,No
132549,Yes
132550,No
132551,No
132552,Yes
132553,Yes
132554,Yes
132555,No
132556,Yes
132557,No
132558,No
132559,Yes
132560,No
132561,No
132562,No
132563,No
132564,No
132565,No
132566,Yes
132567,No
132568,Yes
132569,Yes
132570,Yes
132571,No
132572,Yes
132573,Yes
132574,No
132575,Yes
132576,No
132577,Yes
132578,Yes
132579,No
132580,No
132581,No
132582,Yes
132583,No
132584,Yes
132585,Yes
132586,No
132587,No
132588,Yes
132589,Yes
132590,Yes
132591,Yes
132592,Yes
132593,Yes
132594,No
132595,Yes
132596,No
132597,No
132598,No
132599,Yes
132600,Yes
132601,Yes
132602,Yes
132603,Yes
132604,No
132605,Yes
132606,No
132607,Yes
132608,No
132609,No
132610,Yes
132611,Yes
132612,Yes
132613,No
132614,No
132615,Yes
132616,No
132617,Yes
132618,Yes
132619,Yes
132620,Yes
132621,Yes
132622,No
132623,No
132624,Yes
132625,Yes
132626,No
132627,No
132628,No
132629,No
132630,No
132631,Yes
132632,Yes
132633,Yes
132634,No
132635,Yes
132636,No
132637,Yes
132638,No
132639,No
132640,No
132641,Yes
132642,Yes
132643,No
132644,Yes
132645,Yes
132646,Yes
132647,Yes
132648,Yes
132649,Yes
132650,Yes
132651,No
132652,Yes
132653,No
132654,Yes
132655,No
132656,Yes
132657,Yes
132658,No
132659,Yes
132660,Yes
132661,No
132662,No
132663,Yes
132664,No
132665,Yes
132666,No
132667,No
132668,Yes
132669,No
132670,Yes
132671,No
132672,No
132673,Yes
132674,Yes
132675,No
132676,No
132677,No
132678,Yes
132679,Yes
132680,Yes
132681,Yes
132682,No
132683,No
132684,Yes
132685,Yes
132686,Yes
132687,Yes
132688,Yes
132689,No
132690,No
132691,Yes
132692,No
132693,Yes
132694,No
132695,No
132696,Yes
132697,No
132698,Yes
132699,No
132700,Yes
132701,No
132702,No
132703,No
132704,Yes
132705,Yes
132706,No
132707,Yes
132708,No
132709,No
132710,Yes
132711,Yes
132712,No
132713,No
132714,No
132715,No
132716,Yes
132717,Yes
132718,No
132719,Yes
132720,No
132721,Yes
132722,Yes
132723,Yes
132724,No
132725,No
132726,Yes
132727,No
132728,No
132729,No
132730,No
132731,No
132732,Yes
132733,No
132734,No
132735,Yes
132736,Yes
132737,Yes
132738,No
132739,No
132740,No
132741,No
132742,Yes
132743,No
132744,Yes
132745,No
132746,Yes
132747,Yes
132748,No
132749,Yes
132750,Yes
132751,No
132752,Yes
132753,No
132754,No
132755,Yes
132756,Yes
132757,No
132758,No
132759,Yes
132760,No
132761,Yes
132762,Yes
132763,Yes
132764,Yes
132765,Yes
132766,No
132767,Yes
132768,No
132769,No
132770,Yes
132771,Yes
132772,Yes
132773,No
132774,Yes
132775,Yes
132776,No
132777,No
132778,Yes
132779,Yes
132780,No
132781,No
132782,Yes
132783,No
132784,Yes
132785,No
132786,Yes
132787,No
132788,No
132789,No
132790,No
132791,No
132792,Yes
132793,No
132794,No
132795,Yes
132796,No
132797,Yes
132798,No
132799,Yes
132800,Yes
132801,Yes
132802,No
132803,Yes
132804,Yes
132805,Yes
132806,Yes
132807,Yes
132808,Yes
132809,Yes
132810,Yes
132811,No
132812,Yes
132813,No
132814,Yes
132815,No
132816,Yes
132817,Yes
132818,No
132819,No
132820,No
132821,Yes
132822,No
132823,Yes
132824,Yes
132825,Yes
132826,Yes
132827,Yes
132828,Yes
132829,No
132830,Yes
132831,No
132832,No
132833,Yes
132834,Yes
132835,No
132836,No
132837,No
132838,Yes
132839,No
132840,No
132841,Yes
132842,Yes
132843,Yes
132844,No
132845,No
132846,No
132847,Yes
132848,No
132849,No
132850,No
132851,Yes
132852,Yes
132853,Yes
132854,No
132855,Yes
132856,Yes
132857,Yes
132858,Yes
132859,Yes
132860,No
132861,No
132862,No
132863,No
132864,Yes
132865,No
132866,No
132867,Yes
132868,No
132869,No
132870,Yes
132871,Yes
132872,No
132873,No
132874,Yes
132875,Yes
132876,Yes
132877,No
132878,Yes
132879,No
132880,Yes
132881,No
132882,Yes
132883,No
132884,Yes
132885,Yes
132886,No
132887,Yes
132888,Yes
132889,No
132890,Yes
132891,No
132892,Yes
132893,No
132894,No
132895,Yes
132896,Yes
132897,Yes
132898,No
132899,No
132900,Yes
132901,Yes
132902,Yes
132903,No
132904,No
132905,No
132906,No
132907,No
132908,Yes
132909,No
132910,No
132911,No
132912,No
132913,No
132914,Yes
132915,No
132916,No
132917,No
132918,Yes
132919,No
132920,No
132921,Yes
132922,No
132923,Yes
132924,Yes
132925,No
132926,No
132927,Yes
132928,No
132929,Yes
132930,Yes
132931,No
132932,No
132933,Yes
132934,Yes
132935,No
132936,Yes
132937,No
132938,No
132939,Yes
132940,Yes
132941,Yes
132942,No
132943,Yes
132944,Yes
132945,Yes
132946,Yes
132947,Yes
132948,Yes
132949,Yes
132950,No
132951,No
132952,Yes
132953,Yes
132954,Yes
132955,Yes
132956,Yes
132957,Yes
132958,Yes
132959,Yes
132960,Yes
132961,Yes
132962,Yes
132963,Yes
132964,No
132965,No
132966,Yes
132967,Yes
132968,Yes
132969,No
132970,Yes
132971,Yes
132972,Yes
132973,Yes
132974,No
132975,No
132976,No
132977,No
132978,No
132979,Yes
132980,No
132981,No
132982,Yes
132983,No
132984,No
132985,No
132986,No
132987,No
132988,Yes
132989,Yes
132990,Yes
132991,Yes
132992,No
132993,Yes
132994,Yes
132995,No
132996,Yes
132997,Yes
132998,Yes
132999,Yes
133000,No
133001,Yes
133002,No
133003,No
133004,No
133005,No
133006,Yes
133007,No
133008,Yes
133009,No
133010,Yes
133011,Yes
133012,Yes
133013,Yes
133014,No
133015,Yes
133016,Yes
133017,Yes
133018,No
133019,Yes
133020,Yes
133021,No
133022,No
133023,Yes
133024,No
133025,Yes
133026,Yes
133027,No
133028,Yes
133029,No
133030,No
133031,No
133032,Yes
133033,No
133034,No
133035,No
133036,No
133037,No
133038,Yes
133039,Yes
133040,No
133041,No
133042,Yes
133043,No
133044,No
133045,Yes
133046,Yes
133047,Yes
133048,Yes
133049,No
133050,Yes
133051,Yes
133052,Yes
133053,No
133054,Yes
133055,Yes
133056,No
133057,Yes
133058,No
133059,Yes
133060,No
133061,No
133062,Yes
133063,No
133064,Yes
133065,Yes
133066,No
133067,No
133068,No
133069,No
133070,No
133071,No
133072,Yes
133073,No
133074,No
133075,Yes
133076,No
133077,Yes
133078,No
133079,Yes
133080,Yes
133081,Yes
133082,No
133083,No
133084,Yes
133085,No
133086,Yes
133087,Yes
133088,Yes
133089,Yes
133090,Yes
133091,Yes
133092,No
133093,No
133094,No
133095,No
133096,No
133097,Yes
133098,No
133099,Yes
133100,Yes
133101,Yes
133102,No
133103,No
133104,No
133105,Yes
133106,No
133107,No
133108,No
133109,Yes
133110,Yes
133111,Yes
133112,Yes
133113,No
133114,Yes
133115,No
133116,No
133117,Yes
133118,Yes
133119,Yes
133120,No
133121,Yes
133122,Yes
133123,Yes
133124,No
133125,Yes
133126,Yes
133127,Yes
133128,Yes
133129,No
133130,Yes
133131,Yes
133132,Yes
133133,Yes
133134,No
133135,Yes
133136,Yes
133137,No
133138,Yes
133139,Yes
133140,No
133141,Yes
133142,Yes
133143,No
133144,No
133145,Yes
133146,Yes
133147,No
133148,Yes
133149,No
133150,Yes
133151,Yes
133152,No
133153,Yes
133154,Yes
133155,Yes
133156,Yes
133157,No
133158,No
133159,No
133160,Yes
133161,No
133162,No
133163,Yes
133164,No
133165,Yes
133166,No
133167,Yes
133168,Yes
133169,No
133170,No
133171,No
133172,Yes
133173,Yes
133174,Yes
133175,Yes
133176,No
133177,Yes
133178,No
133179,No
133180,No
133181,No
133182,No
133183,No
133184,Yes
133185,Yes
133186,Yes
133187,Yes
133188,No
133189,Yes
133190,No
133191,No
133192,Yes
133193,Yes
133194,Yes
133195,No
133196,No
133197,No
133198,No
133199,Yes
133200,Yes
133201,Yes
133202,Yes
133203,Yes
133204,Yes
133205,Yes
133206,No
133207,Yes
133208,Yes
133209,Yes
133210,Yes
133211,No
133212,No
133213,No
133214,No
133215,No
133216,Yes
133217,No
133218,Yes
133219,Yes
133220,No
133221,Yes
133222,Yes
133223,No
133224,No
133225,Yes
133226,Yes
133227,Yes
133228,Yes
133229,Yes
133230,No
133231,Yes
133232,Yes
133233,Yes
133234,No
133235,Yes
133236,Yes
133237,Yes
133238,Yes
133239,No
133240,No
133241,No
133242,No
133243,No
133244,Yes
133245,No
133246,Yes
133247,Yes
133248,No
133249,Yes
133250,No
133251,Yes
133252,Yes
133253,No
133254,Yes
133255,Yes
133256,No
133257,No
133258,Yes
133259,Yes
133260,Yes
133261,No
133262,No
133263,No
133264,Yes
133265,Yes
133266,No
133267,Yes
133268,No
133269,No
133270,No
133271,No
133272,No
133273,Yes
133274,Yes
133275,Yes
133276,No
133277,No
133278,Yes
133279,No
133280,Yes
133281,Yes
133282,No
133283,No
133284,Yes
133285,Yes
133286,No
133287,Yes
133288,Yes
133289,No
133290,Yes
133291,Yes
133292,No
133293,No
133294,No
133295,Yes
133296,No
133297,No
133298,Yes
133299,Yes
133300,Yes
133301,Yes
133302,No
133303,No
133304,Yes
133305,Yes
133306,Yes
133307,No
133308,No
133309,No
133310,No
133311,No
133312,Yes
133313,Yes
133314,No
133315,Yes
133316,No
133317,No
133318,Yes
133319,No
133320,Yes
133321,Yes
133322,Yes
133323,Yes
133324,No
133325,No
133326,Yes
133327,No
133328,Yes
133329,Yes
133330,No
133331,No
133332,Yes
133333,No
133334,Yes
133335,Yes
133336,Yes
133337,No
133338,Yes
133339,No
133340,Yes
133341,Yes
133342,Yes
133343,No
133344,Yes
133345,No
133346,Yes
133347,Yes
133348,Yes
133349,No
133350,No
133351,Yes
133352,No
133353,Yes
133354,No
133355,No
133356,Yes
133357,Yes
133358,No
133359,Yes
133360,No
133361,No
133362,No
133363,No
133364,No
133365,Yes
133366,Yes
133367,Yes
133368,No
133369,Yes
133370,No
133371,No
133372,Yes
133373,Yes
133374,Yes
133375,No
133376,Yes
133377,Yes
133378,Yes
133379,Yes
133380,No
133381,No
133382,Yes
133383,Yes
133384,Yes
133385,No
133386,Yes
133387,Yes
133388,Yes
133389,No
133390,No
133391,No
133392,No
133393,Yes
133394,Yes
133395,No
133396,No
133397,Yes
133398,No
133399,Yes
133400,Yes
133401,No
133402,No
133403,No
133404,Yes
133405,Yes
133406,Yes
133407,No
133408,Yes
133409,Yes
133410,Yes
133411,Yes
133412,No
133413,Yes
133414,Yes
133415,No
133416,Yes
133417,No
133418,No
133419,Yes
133420,No
133421,Yes
133422,Yes
133423,Yes
133424,Yes
133425,Yes
133426,Yes
133427,No
133428,No
133429,No
133430,No
133431,Yes
133432,Yes
133433,No
133434,No
133435,Yes
133436,No
133437,Yes
133438,No
133439,Yes
133440,Yes
133441,No
133442,No
133443,Yes
133444,Yes
133445,No
133446,No
133447,Yes
133448,No
133449,Yes
133450,No
133451,No
133452,Yes
133453,No
133454,Yes
133455,Yes
133456,Yes
133457,No
133458,No
133459,No
133460,Yes
133461,Yes
133462,Yes
133463,No
133464,Yes
133465,Yes
133466,Yes
133467,No
133468,No
133469,Yes
133470,Yes
133471,No
133472,No
133473,Yes
133474,Yes
133475,Yes
133476,Yes
133477,Yes
133478,No
133479,Yes
133480,No
133481,No
133482,Yes
133483,Yes
133484,Yes
133485,Yes
133486,Yes
133487,No
133488,Yes
133489,Yes
133490,Yes
133491,No
133492,Yes
133493,No
133494,No
133495,No
133496,No
133497,Yes
133498,No
133499,No
133500,No
133501,Yes
133502,Yes
133503,Yes
133504,Yes
133505,Yes
133506,Yes
133507,Yes
133508,Yes
133509,Yes
133510,No
133511,No
133512,No
133513,No
133514,Yes
133515,No
133516,No
133517,Yes
133518,Yes
133519,No
133520,Yes
133521,Yes
133522,No
133523,No
133524,Yes
133525,No
133526,Yes
133527,Yes
133528,No
133529,Yes
133530,Yes
133531,Yes
133532,Yes
133533,No
133534,Yes
133535,Yes
133536,No
133537,Yes
133538,Yes
133539,No
133540,No
133541,Yes
133542,Yes
133543,Yes
133544,No
133545,Yes
133546,No
133547,Yes
133548,Yes
133549,No
133550,Yes
133551,Yes
133552,Yes
133553,No
133554,Yes
133555,Yes
133556,Yes
133557,Yes
133558,Yes
133559,No
133560,Yes
133561,Yes
133562,No
133563,Yes
133564,Yes
133565,Yes
133566,Yes
133567,No
133568,No
133569,Yes
133570,Yes
133571,No
133572,Yes
133573,Yes
133574,No
133575,Yes
133576,Yes
133577,Yes
133578,No
133579,Yes
133580,No
133581,Yes
133582,Yes
133583,Yes
133584,No
133585,Yes
133586,No
133587,Yes
133588,Yes
133589,Yes
133590,No
133591,Yes
133592,Yes
133593,Yes
133594,Yes
133595,Yes
133596,No
133597,No
133598,Yes
133599,No
133600,Yes
133601,Yes
133602,No
133603,No
133604,No
133605,No
133606,Yes
133607,Yes
133608,No
133609,Yes
133610,Yes
133611,Yes
133612,No
133613,Yes
133614,Yes
133615,No
133616,No
133617,No
133618,No
133619,Yes
133620,No
133621,Yes
133622,No
133623,No
133624,Yes
133625,No
133626,No
133627,Yes
133628,Yes
133629,Yes
133630,No
133631,Yes
133632,Yes
133633,Yes
133634,No
133635,Yes
133636,Yes
133637,No
133638,Yes
133639,Yes
133640,Yes
133641,No
133642,No
133643,No
133644,No
133645,Yes
133646,Yes
133647,Yes
133648,No
133649,No
133650,No
133651,No
133652,No
133653,No
133654,Yes
133655,Yes
133656,Yes
133657,No
133658,No
133659,No
133660,Yes
133661,Yes
133662,No
133663,Yes
133664,Yes
133665,Yes
133666,No
133667,Yes
133668,Yes
133669,No
133670,No
133671,No
133672,No
133673,No
133674,Yes
133675,Yes
133676,Yes
133677,Yes
133678,Yes
133679,Yes
133680,Yes
133681,No
133682,Yes
133683,Yes
133684,No
133685,No
133686,Yes
133687,No
133688,No
133689,No
133690,No
133691,Yes
133692,No
133693,No
133694,Yes
133695,No
133696,Yes
133697,No
133698,Yes
133699,Yes
133700,Yes
133701,Yes
133702,Yes
133703,Yes
133704,Yes
133705,No
133706,No
133707,Yes
133708,No
133709,Yes
133710,Yes
133711,No
133712,No
133713,Yes
133714,Yes
133715,No
133716,Yes
133717,Yes
133718,No
133719,No
133720,No
133721,No
133722,No
133723,Yes
133724,Yes
133725,Yes
133726,No
133727,No
133728,Yes
133729,No
133730,Yes
133731,No
133732,Yes
133733,No
133734,No
133735,Yes
133736,No
133737,Yes
133738,No
133739,No
133740,Yes
133741,Yes
133742,No
133743,Yes
133744,Yes
133745,Yes
133746,Yes
133747,No
133748,No
133749,No
133750,No
133751,No
133752,No
133753,No
133754,Yes
133755,Yes
133756,Yes
133757,No
133758,No
133759,Yes
133760,Yes
133761,Yes
133762,No
133763,No
133764,No
133765,Yes
133766,No
133767,Yes
133768,No
133769,Yes
133770,Yes
133771,Yes
133772,Yes
133773,No
133774,No
133775,Yes
133776,Yes
133777,Yes
133778,Yes
133779,Yes
133780,Yes
133781,No
133782,Yes
133783,No
133784,Yes
133785,No
133786,No
133787,No
133788,Yes
133789,No
133790,Yes
133791,Yes
133792,Yes
133793,Yes
133794,Yes
133795,Yes
133796,Yes
133797,Yes
133798,No
133799,Yes
133800,No
133801,Yes
133802,No
133803,No
133804,No
133805,Yes
133806,No
133807,No
133808,Yes
133809,Yes
133810,No
133811,Yes
133812,Yes
133813,Yes
133814,Yes
133815,No
133816,No
133817,Yes
133818,No
133819,Yes
133820,No
133821,Yes
133822,Yes
133823,No
133824,No
133825,Yes
133826,No
133827,No
133828,Yes
133829,Yes
133830,No
133831,No
133832,Yes
133833,No
133834,Yes
133835,Yes
133836,Yes
133837,No
133838,No
133839,No
133840,Yes
133841,No
133842,Yes
133843,Yes
133844,No
133845,No
133846,No
133847,Yes
133848,Yes
133849,No
133850,No
133851,Yes
133852,No
133853,Yes
133854,Yes
133855,Yes
133856,Yes
133857,No
133858,Yes
133859,No
133860,No
133861,Yes
133862,No
133863,Yes
133864,No
133865,No
133866,No
133867,No
133868,Yes
133869,No
133870,No
133871,Yes
133872,Yes
133873,Yes
133874,Yes
133875,No
133876,Yes
133877,Yes
133878,Yes
133879,Yes
133880,No
133881,Yes
133882,No
133883,Yes
133884,Yes
133885,No
133886,Yes
133887,Yes
133888,Yes
133889,Yes
133890,Yes
133891,No
133892,Yes
133893,No
133894,Yes
133895,Yes
133896,No
133897,No
133898,Yes
133899,No
133900,No
133901,Yes
133902,Yes
133903,No
133904,Yes
133905,Yes
133906,No
133907,Yes
133908,Yes
133909,No
133910,No
133911,No
133912,No
133913,Yes
133914,No
133915,No
133916,Yes
133917,No
133918,Yes
133919,No
133920,No
133921,No
133922,Yes
133923,Yes
133924,Yes
133925,Yes
133926,Yes
133927,Yes
133928,No
133929,No
133930,Yes
133931,No
133932,No
133933,Yes
133934,Yes
133935,No
133936,No
133937,Yes
133938,Yes
133939,Yes
133940,No
133941,Yes
133942,No
133943,No
133944,Yes
133945,Yes
133946,No
133947,Yes
133948,Yes
133949,No
133950,No
133951,No
133952,Yes
133953,No
133954,Yes
133955,No
133956,Yes
133957,Yes
133958,No
133959,No
133960,Yes
133961,Yes
133962,Yes
133963,Yes
133964,No
133965,No
133966,No
133967,Yes
133968,Yes
133969,Yes
133970,No
133971,Yes
133972,No
133973,No
133974,No
133975,Yes
133976,Yes
133977,Yes
133978,No
133979,Yes
133980,No
133981,No
133982,No
133983,No
133984,Yes
133985,No
133986,Yes
133987,No
133988,Yes
133989,No
133990,Yes
133991,Yes
133992,No
133993,No
133994,No
133995,No
133996,Yes
133997,Yes
133998,Yes
133999,No
134000,No
134001,No
134002,No
134003,Yes
134004,No
134005,Yes
134006,No
134007,Yes
134008,Yes
134009,Yes
134010,Yes
134011,Yes
134012,No
134013,No
134014,Yes
134015,No
134016,Yes
134017,No
134018,Yes
134019,No
134020,Yes
134021,No
134022,No
134023,No
134024,No
134025,Yes
134026,No
134027,Yes
134028,No
134029,Yes
134030,No
134031,Yes
134032,Yes
134033,No
134034,Yes
134035,No
134036,Yes
134037,Yes
134038,Yes
134039,No
134040,No
134041,No
134042,Yes
134043,No
134044,No
134045,Yes
134046,Yes
134047,No
134048,No
134049,Yes
134050,Yes
134051,No
134052,Yes
134053,No
134054,Yes
134055,Yes
134056,Yes
134057,No
134058,No
134059,Yes
134060,Yes
134061,No
134062,Yes
134063,No
134064,Yes
134065,Yes
134066,No
134067,No
134068,Yes
134069,Yes
134070,No
134071,No
134072,No
134073,Yes
134074,Yes
134075,Yes
134076,Yes
134077,No
134078,Yes
134079,No
134080,Yes
134081,No
134082,Yes
134083,Yes
134084,Yes
134085,No
134086,Yes
134087,Yes
134088,Yes
134089,No
134090,Yes
134091,Yes
134092,Yes
134093,Yes
134094,No
134095,No
134096,Yes
134097,Yes
134098,Yes
134099,Yes
134100,Yes
134101,Yes
134102,Yes
134103,Yes
134104,Yes
134105,No
134106,Yes
134107,No
134108,Yes
134109,Yes
134110,Yes
134111,Yes
134112,Yes
134113,Yes
134114,Yes
134115,No
134116,No
134117,Yes
134118,No
134119,No
134120,Yes
134121,Yes
134122,Yes
134123,Yes
134124,No
134125,Yes
134126,Yes
134127,No
134128,Yes
134129,Yes
134130,Yes
134131,Yes
134132,No
134133,Yes
134134,No
134135,Yes
134136,Yes
134137,Yes
134138,No
134139,Yes
134140,Yes
134141,Yes
134142,Yes
134143,No
134144,No
134145,Yes
134146,Yes
134147,No
134148,No
134149,No
134150,Yes
134151,No
134152,Yes
134153,Yes
134154,No
134155,Yes
134156,No
134157,Yes
134158,No
134159,No
134160,No
134161,No
134162,Yes
134163,Yes
134164,Yes
134165,Yes
134166,No
134167,No
134168,Yes
134169,Yes
134170,No
134171,No
134172,No
134173,No
134174,Yes
134175,Yes
134176,Yes
134177,Yes
134178,No
134179,No
134180,Yes
134181,No
134182,Yes
134183,No
134184,No
134185,Yes
134186,No
134187,Yes
134188,No
134189,No
134190,Yes
134191,Yes
134192,No
134193,No
134194,No
134195,No
134196,Yes
134197,Yes
134198,No
134199,Yes
134200,Yes
134201,Yes
134202,No
134203,Yes
134204,Yes
134205,Yes
134206,No
134207,No
134208,Yes
134209,No
134210,Yes
134211,Yes
134212,Yes
134213,Yes
134214,No
134215,No
134216,Yes
134217,No
134218,Yes
134219,No
134220,Yes
134221,No
134222,Yes
134223,Yes
134224,Yes
134225,Yes
134226,Yes
134227,Yes
134228,Yes
134229,No
134230,Yes
134231,No
134232,Yes
134233,No
134234,No
134235,Yes
134236,Yes
134237,Yes
134238,No
134239,Yes
134240,No
134241,Yes
134242,No
134243,Yes
134244,No
134245,Yes
134246,Yes
134247,Yes
134248,Yes
134249,Yes
134250,Yes
134251,No
134252,No
134253,Yes
134254,Yes
134255,Yes
134256,No
134257,Yes
134258,Yes
134259,Yes
134260,Yes
134261,Yes
134262,No
134263,Yes
134264,Yes
134265,No
134266,Yes
134267,Yes
134268,Yes
134269,Yes
134270,Yes
134271,Yes
134272,No
134273,No
134274,Yes
134275,No
134276,No
134277,No
134278,Yes
134279,Yes
134280,Yes
134281,No
134282,No
134283,No
134284,No
134285,Yes
134286,Yes
134287,No
134288,Yes
134289,Yes
134290,No
134291,No
134292,Yes
134293,No
134294,Yes
134295,Yes
134296,Yes
134297,Yes
134298,Yes
134299,Yes
134300,No
134301,No
134302,No
134303,Yes
134304,No
134305,Yes
134306,Yes
134307,Yes
134308,No
134309,No
134310,Yes
134311,No
134312,No
134313,No
134314,No
134315,Yes
134316,Yes
134317,Yes
134318,No
134319,Yes
134320,Yes
134321,Yes
134322,Yes
134323,No
134324,No
134325,Yes
134326,No
134327,No
134328,No
134329,No
134330,No
134331,Yes
134332,No
134333,No
134334,Yes
134335,Yes
134336,No
134337,No
134338,No
134339,Yes
134340,Yes
134341,No
134342,No
134343,No
134344,No
134345,No
134346,No
134347,No
134348,Yes
134349,Yes
134350,No
134351,No
134352,Yes
134353,No
134354,Yes
134355,Yes
134356,No
134357,Yes
134358,No
134359,Yes
134360,Yes
134361,No
134362,Yes
134363,No
134364,Yes
134365,No
134366,Yes
134367,Yes
134368,No
134369,Yes
134370,Yes
134371,Yes
134372,Yes
134373,Yes
134374,No
134375,Yes
134376,No
134377,No
134378,No
134379,Yes
134380,No
134381,No
134382,Yes
134383,No
134384,Yes
134385,Yes
134386,Yes
134387,Yes
134388,Yes
134389,Yes
134390,No
134391,No
134392,No
134393,Yes
134394,Yes
134395,Yes
134396,No
134397,Yes
134398,Yes
134399,No
134400,Yes
134401,Yes
134402,No
134403,Yes
134404,Yes
134405,Yes
134406,Yes
134407,No
134408,No
134409,Yes
134410,Yes
134411,Yes
134412,Yes
134413,No
134414,No
134415,Yes
134416,Yes
134417,Yes
134418,Yes
134419,Yes
134420,Yes
134421,No
134422,Yes
134423,No
134424,Yes
134425,No
134426,Yes
134427,No
134428,Yes
134429,Yes
134430,No
134431,Yes
134432,No
134433,No
134434,No
134435,No
134436,Yes
134437,Yes
134438,Yes
134439,Yes
134440,No
134441,No
134442,Yes
134443,Yes
134444,No
134445,No
134446,Yes
134447,Yes
134448,Yes
134449,No
134450,No
134451,No
134452,Yes
134453,No
134454,Yes
134455,Yes
134456,Yes
134457,Yes
134458,No
134459,Yes
134460,No
134461,No
134462,Yes
134463,No
134464,No
134465,No
134466,Yes
134467,No
134468,No
134469,No
134470,Yes
134471,No
134472,Yes
134473,Yes
134474,Yes
134475,No
134476,Yes
134477,Yes
134478,Yes
134479,Yes
134480,No
134481,No
134482,Yes
134483,Yes
134484,Yes
134485,No
134486,Yes
134487,No
134488,Yes
134489,Yes
134490,Yes
134491,No
134492,Yes
134493,Yes
134494,Yes
134495,No
134496,No
134497,Yes
134498,Yes
134499,Yes
134500,No
134501,No
134502,Yes
134503,No
134504,Yes
134505,No
134506,Yes
134507,Yes
134508,No
134509,Yes
134510,Yes
134511,No
134512,Yes
134513,No
134514,Yes
134515,Yes
134516,Yes
134517,Yes
134518,No
134519,Yes
134520,Yes
134521,No
134522,Yes
134523,No
134524,Yes
134525,Yes
134526,Yes
134527,Yes
134528,Yes
134529,Yes
134530,Yes
134531,Yes
134532,No
134533,No
134534,No
134535,No
134536,Yes
134537,Yes
134538,No
134539,Yes
134540,No
134541,Yes
134542,Yes
134543,Yes
134544,Yes
134545,No
134546,No
134547,No
134548,Yes
134549,Yes
134550,Yes
134551,Yes
134552,No
134553,No
134554,Yes
134555,Yes
134556,No
134557,No
134558,Yes
134559,Yes
134560,No
134561,No
134562,Yes
134563,No
134564,No
134565,Yes
134566,No
134567,Yes
134568,Yes
134569,No
134570,No
134571,No
134572,No
134573,Yes
134574,Yes
134575,Yes
134576,No
134577,Yes
134578,Yes
134579,Yes
134580,Yes
134581,No
134582,Yes
134583,Yes
134584,Yes
134585,Yes
134586,No
134587,Yes
134588,Yes
134589,No
134590,Yes
134591,No
134592,No
134593,No
134594,No
134595,No
134596,Yes
134597,Yes
134598,Yes
134599,No
134600,No
134601,Yes
134602,No
134603,Yes
134604,No
134605,No
134606,Yes
134607,No
134608,No
134609,Yes
134610,No
134611,Yes
134612,No
134613,Yes
134614,No
134615,Yes
134616,Yes
134617,Yes
134618,Yes
134619,No
134620,Yes
134621,Yes
134622,No
134623,No
134624,No
134625,Yes
134626,No
134627,Yes
134628,No
134629,No
134630,No
134631,No
134632,No
134633,Yes
134634,No
134635,Yes
134636,No
134637,No
134638,Yes
134639,Yes
134640,Yes
134641,Yes
134642,Yes
134643,No
134644,No
134645,Yes
134646,No
134647,Yes
134648,No
134649,Yes
134650,No
134651,Yes
134652,Yes
134653,Yes
134654,No
134655,Yes
134656,Yes
134657,No
134658,No
134659,No
134660,No
134661,Yes
134662,No
134663,Yes
134664,No
134665,Yes
134666,No
134667,Yes
134668,No
134669,Yes
134670,Yes
134671,Yes
134672,Yes
134673,No
134674,Yes
134675,Yes
134676,No
134677,Yes
134678,No
134679,Yes
134680,Yes
134681,No
134682,No
134683,No
134684,Yes
134685,Yes
134686,No
134687,Yes
134688,No
134689,Yes
134690,Yes
134691,Yes
134692,Yes
134693,Yes
134694,No
134695,No
134696,No
134697,Yes
134698,No
134699,No
134700,Yes
134701,Yes
134702,Yes
134703,Yes
134704,No
134705,Yes
134706,No
134707,No
134708,Yes
134709,No
134710,No
134711,No
134712,No
134713,No
134714,No
134715,No
134716,No
134717,Yes
134718,Yes
134719,Yes
134720,No
134721,Yes
134722,Yes
134723,Yes
134724,Yes
134725,Yes
134726,No
134727,No
134728,Yes
134729,No
134730,Yes
134731,Yes
134732,Yes
134733,Yes
134734,Yes
134735,No
134736,Yes
134737,No
134738,Yes
134739,Yes
134740,Yes
134741,No
134742,Yes
134743,No
134744,Yes
134745,No
134746,Yes
134747,Yes
134748,Yes
134749,Yes
134750,Yes
134751,No
134752,Yes
134753,Yes
134754,Yes
134755,Yes
134756,Yes
134757,Yes
134758,Yes
134759,Yes
134760,Yes
134761,Yes
134762,Yes
134763,No
134764,No
134765,No
134766,No
134767,No
134768,Yes
134769,Yes
134770,No
134771,Yes
134772,No
134773,No
134774,No
134775,No
134776,No
134777,Yes
134778,Yes
134779,Yes
134780,Yes
134781,Yes
134782,Yes
134783,Yes
134784,Yes
134785,Yes
134786,Yes
134787,No
134788,Yes
134789,Yes
134790,Yes
134791,No
134792,No
134793,No
134794,No
134795,No
134796,No
134797,No
134798,Yes
134799,No
134800,Yes
134801,Yes
134802,Yes
134803,Yes
134804,Yes
134805,Yes
134806,Yes
134807,Yes
134808,No
134809,Yes
134810,Yes
134811,Yes
134812,No
134813,No
134814,No
134815,No
134816,No
134817,Yes
134818,Yes
134819,Yes
134820,No
134821,Yes
134822,Yes
134823,No
134824,No
134825,Yes
134826,Yes
134827,Yes
134828,No
134829,Yes
134830,No
134831,Yes
134832,Yes
134833,No
134834,Yes
134835,Yes
134836,Yes
134837,Yes
134838,Yes
134839,Yes
134840,Yes
134841,Yes
134842,Yes
134843,Yes
134844,Yes
134845,No
134846,No
134847,Yes
134848,No
134849,Yes
134850,Yes
134851,No
134852,Yes
134853,Yes
134854,No
134855,Yes
134856,No
134857,Yes
134858,Yes
134859,Yes
134860,No
134861,Yes
134862,No
134863,No
134864,No
134865,Yes
134866,Yes
134867,Yes
134868,Yes
134869,No
134870,Yes
134871,No
134872,Yes
134873,No
134874,Yes
134875,No
134876,Yes
134877,Yes
134878,No
134879,Yes
134880,Yes
134881,No
134882,Yes
134883,No
134884,Yes
134885,Yes
134886,No
134887,Yes
134888,Yes
134889,Yes
134890,Yes
134891,Yes
134892,No
134893,No
134894,Yes
134895,No
134896,No
134897,No
134898,No
134899,Yes
134900,Yes
134901,No
134902,Yes
134903,Yes
134904,Yes
134905,No
134906,No
134907,No
134908,No
134909,Yes
134910,Yes
134911,Yes
134912,Yes
134913,Yes
134914,No
134915,No
134916,Yes
134917,Yes
134918,Yes
134919,Yes
134920,No
134921,No
134922,No
134923,Yes
134924,Yes
134925,No
134926,No
134927,Yes
134928,Yes
134929,No
134930,No
134931,Yes
134932,Yes
134933,Yes
134934,Yes
134935,Yes
134936,Yes
134937,No
134938,Yes
134939,No
134940,No
134941,No
134942,Yes
134943,Yes
134944,Yes
134945,No
134946,Yes
134947,No
134948,No
134949,Yes
134950,Yes
134951,No
134952,Yes
134953,No
134954,No
134955,Yes
134956,Yes
134957,No
134958,Yes
134959,Yes
134960,No
134961,No
134962,No
134963,Yes
134964,Yes
134965,Yes
134966,Yes
134967,No
134968,No
134969,No
134970,No
134971,Yes
134972,No
134973,No
134974,Yes
134975,No
134976,No
134977,No
134978,No
134979,No
134980,Yes
134981,No
134982,Yes
134983,Yes
134984,Yes
134985,Yes
134986,Yes
134987,Yes
134988,Yes
134989,Yes
134990,Yes
134991,Yes
134992,No
134993,Yes
134994,Yes
134995,Yes
134996,No
134997,No
134998,No
134999,No
135000,No
135001,Yes
135002,No
135003,No
135004,Yes
135005,Yes
135006,Yes
135007,Yes
135008,No
135009,Yes
135010,Yes
135011,Yes
135012,Yes
135013,Yes
135014,Yes
135015,No
135016,No
135017,Yes
135018,No
135019,Yes
135020,Yes
135021,Yes
135022,No
135023,Yes
135024,Yes
135025,Yes
135026,Yes
135027,Yes
135028,Yes
135029,Yes
135030,No
135031,No
135032,No
135033,No
135034,No
135035,Yes
135036,Yes
135037,No
135038,No
135039,No
135040,No
135041,Yes
135042,Yes
135043,Yes
135044,Yes
135045,Yes
135046,No
135047,Yes
135048,No
135049,No
135050,No
135051,No
135052,Yes
135053,No
135054,Yes
135055,No
135056,No
135057,Yes
135058,Yes
135059,No
135060,Yes
135061,No
135062,Yes
135063,No
135064,No
135065,No
135066,Yes
135067,No
135068,No
135069,Yes
135070,Yes
135071,Yes
135072,Yes
135073,No
135074,No
135075,No
135076,Yes
135077,Yes
135078,No
135079,No
135080,No
135081,No
135082,Yes
135083,Yes
135084,No
135085,No
135086,Yes
135087,Yes
135088,Yes
135089,Yes
135090,Yes
135091,Yes
135092,Yes
135093,Yes
135094,Yes
135095,No
135096,Yes
135097,Yes
135098,No
135099,No
135100,Yes
135101,Yes
135102,No
135103,Yes
135104,Yes
135105,Yes
135106,No
135107,No
135108,Yes
135109,Yes
135110,No
135111,Yes
135112,Yes
135113,No
135114,Yes
135115,No
135116,Yes
135117,No
135118,No
135119,Yes
135120,Yes
135121,No
135122,Yes
135123,Yes
135124,No
135125,Yes
135126,No
135127,No
135128,Yes
135129,Yes
135130,Yes
135131,No
135132,Yes
135133,Yes
135134,No
135135,Yes
135136,Yes
135137,Yes
135138,Yes
135139,Yes
135140,No
135141,No
135142,No
135143,Yes
135144,No
135145,Yes
135146,Yes
135147,Yes
135148,Yes
135149,Yes
135150,No
135151,No
135152,Yes
135153,No
135154,No
135155,No
135156,No
135157,Yes
135158,No
135159,No
135160,Yes
135161,Yes
135162,Yes
135163,Yes
135164,No
135165,No
135166,Yes
135167,Yes
135168,Yes
135169,No
135170,No
135171,Yes
135172,No
135173,Yes
135174,Yes
135175,No
135176,Yes
135177,Yes
135178,Yes
135179,Yes
135180,Yes
135181,No
135182,No
135183,Yes
135184,No
135185,Yes
135186,Yes
135187,No
135188,No
135189,No
135190,No
135191,Yes
135192,No
135193,Yes
135194,Yes
135195,Yes
135196,Yes
135197,No
135198,Yes
135199,No
135200,Yes
135201,No
135202,Yes
135203,Yes
135204,No
135205,No
135206,Yes
135207,Yes
135208,Yes
135209,Yes
135210,Yes
135211,Yes
135212,Yes
135213,No
135214,No
135215,Yes
135216,No
135217,Yes
135218,No
135219,Yes
135220,Yes
135221,No
135222,Yes
135223,No
135224,Yes
135225,No
135226,Yes
135227,No
135228,Yes
135229,No
135230,Yes
135231,Yes
135232,Yes
135233,No
135234,Yes
135235,No
135236,Yes
135237,Yes
135238,Yes
135239,Yes
135240,Yes
135241,Yes
135242,No
135243,No
135244,Yes
135245,Yes
135246,Yes
135247,Yes
135248,Yes
135249,Yes
135250,Yes
135251,Yes
135252,No
135253,Yes
135254,Yes
135255,No
135256,Yes
135257,No
135258,No
135259,No
135260,Yes
135261,Yes
135262,No
135263,No
135264,Yes
135265,Yes
135266,Yes
135267,Yes
135268,Yes
135269,No
135270,Yes
135271,Yes
135272,No
135273,No
135274,Yes
135275,Yes
135276,Yes
135277,No
135278,Yes
135279,Yes
135280,No
135281,Yes
135282,Yes
135283,Yes
135284,No
135285,Yes
135286,Yes
135287,No
135288,No
135289,No
135290,Yes
135291,Yes
135292,No
135293,Yes
135294,Yes
135295,Yes
135296,No
135297,No
135298,No
135299,Yes
135300,No
135301,Yes
135302,No
135303,No
135304,Yes
135305,Yes
135306,No
135307,Yes
135308,Yes
135309,Yes
135310,No
135311,Yes
135312,No
135313,Yes
135314,Yes
135315,Yes
135316,No
135317,Yes
135318,No
135319,Yes
135320,Yes
135321,Yes
135322,Yes
135323,Yes
135324,Yes
135325,Yes
135326,No
135327,No
135328,No
135329,Yes
135330,No
135331,No
135332,No
135333,No
135334,No
135335,No
135336,Yes
135337,No
135338,No
135339,No
135340,Yes
135341,Yes
135342,No
135343,No
135344,Yes
135345,No
135346,Yes
135347,No
135348,Yes
135349,No
135350,Yes
135351,No
135352,Yes
135353,No
135354,Yes
135355,Yes
135356,Yes
135357,Yes
135358,Yes
135359,Yes
135360,No
135361,Yes
135362,Yes
135363,No
135364,No
135365,No
135366,Yes
135367,No
135368,No
135369,Yes
135370,Yes
135371,No
135372,Yes
135373,No
135374,Yes
135375,No
135376,Yes
135377,Yes
135378,No
135379,Yes
135380,No
135381,Yes
135382,Yes
135383,No
135384,Yes
135385,Yes
135386,No
135387,Yes
135388,No
135389,Yes
135390,No
135391,Yes
135392,No
135393,No
135394,No
135395,Yes
135396,No
135397,No
135398,No
135399,No
135400,No
135401,No
135402,No
135403,Yes
135404,Yes
135405,No
135406,Yes
135407,Yes
135408,Yes
135409,Yes
135410,Yes
135411,Yes
135412,Yes
135413,Yes
135414,No
135415,No
135416,Yes
135417,Yes
135418,Yes
135419,Yes
135420,No
135421,Yes
135422,Yes
135423,Yes
135424,No
135425,Yes
135426,No
135427,No
135428,Yes
135429,Yes
135430,Yes
135431,No
135432,Yes
135433,Yes
135434,No
135435,No
135436,No
135437,Yes
135438,Yes
135439,No
135440,No
135441,Yes
135442,Yes
135443,Yes
135444,Yes
135445,Yes
135446,Yes
135447,No
135448,Yes
135449,Yes
135450,No
135451,Yes
135452,No
135453,Yes
135454,Yes
135455,No
135456,No
135457,No
135458,Yes
135459,Yes
135460,No
135461,Yes
135462,Yes
135463,No
135464,No
135465,No
135466,Yes
135467,Yes
135468,Yes
135469,Yes
135470,No
135471,Yes
135472,No
135473,Yes
135474,Yes
135475,Yes
135476,No
135477,No
135478,Yes
135479,Yes
135480,Yes
135481,No
135482,No
135483,Yes
135484,No
135485,No
135486,Yes
135487,No
135488,No
135489,Yes
135490,Yes
135491,No
135492,Yes
135493,No
135494,No
135495,No
135496,Yes
135497,Yes
135498,Yes
135499,No
135500,No
135501,No
135502,Yes
135503,Yes
135504,No
135505,No
135506,No
135507,Yes
135508,Yes
135509,No
135510,Yes
135511,Yes
135512,Yes
135513,Yes
135514,Yes
135515,No
135516,Yes
135517,Yes
135518,No
135519,No
135520,Yes
135521,No
135522,Yes
135523,Yes
135524,Yes
135525,No
135526,Yes
135527,Yes
135528,Yes
135529,Yes
135530,Yes
135531,No
135532,Yes
135533,Yes
135534,No
135535,Yes
135536,No
135537,Yes
135538,Yes
135539,Yes
135540,Yes
135541,Yes
135542,Yes
135543,Yes
135544,No
135545,Yes
135546,No
135547,Yes
135548,Yes
135549,Yes
135550,No
135551,Yes
135552,No
135553,Yes
135554,No
135555,Yes
135556,Yes
135557,Yes
135558,No
135559,Yes
135560,No
135561,No
135562,Yes
135563,No
135564,Yes
135565,Yes
135566,No
135567,Yes
135568,No
135569,No
135570,Yes
135571,Yes
135572,Yes
135573,No
135574,No
135575,No
135576,No
135577,Yes
135578,Yes
135579,No
135580,No
135581,No
135582,Yes
135583,Yes
135584,No
135585,Yes
135586,Yes
135587,Yes
135588,Yes
135589,No
135590,Yes
135591,Yes
135592,Yes
135593,Yes
135594,No
135595,Yes
135596,Yes
135597,No
135598,No
135599,Yes
135600,Yes
135601,Yes
135602,Yes
135603,Yes
135604,No
135605,Yes
135606,Yes
135607,No
135608,Yes
135609,No
135610,Yes
135611,Yes
135612,No
135613,Yes
135614,No
135615,No
135616,Yes
135617,Yes
135618,Yes
135619,Yes
135620,Yes
135621,No
135622,Yes
135623,Yes
135624,Yes
135625,Yes
135626,No
135627,Yes
135628,Yes
135629,Yes
135630,No
135631,No
135632,No
135633,No
135634,No
135635,Yes
135636,Yes
135637,Yes
135638,No
135639,Yes
135640,Yes
135641,Yes
135642,No
135643,Yes
135644,No
135645,No
135646,Yes
135647,No
135648,Yes
135649,Yes
135650,Yes
135651,No
135652,No
135653,No
135654,No
135655,Yes
135656,No
135657,Yes
135658,Yes
135659,Yes
135660,No
135661,Yes
135662,No
135663,Yes
135664,Yes
135665,Yes
135666,No
135667,No
135668,No
135669,No
135670,Yes
135671,Yes
135672,Yes
135673,No
135674,No
135675,No
135676,No
135677,Yes
135678,Yes
135679,No
135680,No
135681,Yes
135682,No
135683,Yes
135684,Yes
135685,No
135686,Yes
135687,No
135688,No
135689,Yes
135690,No
135691,No
135692,Yes
135693,Yes
135694,Yes
135695,No
135696,No
135697,No
135698,No
135699,No
135700,Yes
135701,Yes
135702,No
135703,Yes
135704,Yes
135705,No
135706,Yes
135707,Yes
135708,No
135709,Yes
135710,No
135711,Yes
135712,Yes
135713,Yes
135714,Yes
135715,Yes
135716,Yes
135717,Yes
135718,Yes
135719,No
135720,Yes
135721,No
135722,No
135723,Yes
135724,Yes
135725,No
135726,No
135727,No
135728,Yes
135729,Yes
135730,No
135731,Yes
135732,Yes
135733,Yes
135734,No
135735,No
135736,No
135737,Yes
135738,No
135739,Yes
135740,No
135741,Yes
135742,Yes
135743,Yes
135744,Yes
135745,Yes
135746,No
135747,Yes
135748,Yes
135749,Yes
135750,Yes
135751,Yes
135752,No
135753,No
135754,Yes
135755,No
135756,Yes
135757,No
135758,No
135759,Yes
135760,No
135761,Yes
135762,Yes
135763,No
135764,No
135765,Yes
135766,No
135767,Yes
135768,No
135769,Yes
135770,Yes
135771,No
135772,Yes
135773,Yes
135774,Yes
135775,Yes
135776,No
135777,No
135778,Yes
135779,No
135780,Yes
135781,No
135782,No
135783,No
135784,Yes
135785,Yes
135786,No
135787,Yes
135788,Yes
135789,No
135790,No
135791,Yes
135792,Yes
135793,Yes
135794,Yes
135795,Yes
135796,Yes
135797,No
135798,Yes
135799,No
135800,Yes
135801,Yes
135802,No
135803,Yes
135804,Yes
135805,Yes
135806,Yes
135807,No
135808,No
135809,Yes
135810,Yes
135811,No
135812,No
135813,No
135814,No
135815,No
135816,No
135817,No
135818,Yes
135819,Yes
135820,Yes
135821,No
135822,Yes
135823,Yes
135824,No
135825,Yes
135826,Yes
135827,Yes
135828,No
135829,No
135830,Yes
135831,Yes
135832,Yes
135833,Yes
135834,Yes
135835,No
135836,No
135837,Yes
135838,No
135839,Yes
135840,Yes
135841,No
135842,Yes
135843,Yes
135844,No
135845,Yes
135846,Yes
135847,Yes
135848,Yes
135849,Yes
135850,No
135851,Yes
135852,No
135853,No
135854,Yes
135855,Yes
135856,Yes
135857,No
135858,Yes
135859,Yes
135860,Yes
135861,No
135862,No
135863,Yes
135864,No
135865,Yes
135866,Yes
135867,Yes
135868,No
135869,No
135870,Yes
135871,No
135872,No
135873,No
135874,Yes
135875,Yes
135876,No
135877,No
135878,Yes
135879,No
135880,No
135881,Yes
135882,No
135883,No
135884,Yes
135885,No
135886,Yes
135887,No
135888,Yes
135889,No
135890,No
135891,Yes
135892,Yes
135893,Yes
135894,No
135895,No
135896,Yes
135897,No
135898,Yes
135899,Yes
135900,No
135901,No
135902,Yes
135903,No
135904,Yes
135905,Yes
135906,No
135907,No
135908,No
135909,Yes
135910,No
135911,No
135912,No
135913,Yes
135914,Yes
135915,Yes
135916,Yes
135917,Yes
135918,No
135919,Yes
135920,No
135921,No
135922,No
135923,No
135924,No
135925,Yes
135926,Yes
135927,Yes
135928,No
135929,No
135930,No
135931,Yes
135932,Yes
135933,Yes
135934,Yes
135935,Yes
135936,No
135937,Yes
135938,Yes
135939,Yes
135940,Yes
135941,Yes
135942,Yes
135943,Yes
135944,Yes
135945,Yes
135946,No
135947,Yes
135948,Yes
135949,No
135950,Yes
135951,Yes
135952,No
135953,No
135954,No
135955,No
135956,Yes
135957,No
135958,No
135959,No
135960,No
135961,Yes
135962,Yes
135963,No
135964,No
135965,No
135966,No
135967,No
135968,Yes
135969,Yes
135970,Yes
135971,No
135972,Yes
135973,No
135974,Yes
135975,Yes
135976,Yes
135977,Yes
135978,Yes
135979,No
135980,Yes
135981,Yes
135982,No
135983,Yes
135984,No
135985,Yes
135986,No
135987,Yes
135988,No
135989,No
135990,Yes
135991,Yes
135992,Yes
135993,Yes
135994,No
135995,Yes
135996,No
135997,Yes
135998,Yes
135999,Yes
136000,No
136001,No
136002,Yes
136003,Yes
136004,Yes
136005,Yes
136006,No
136007,Yes
136008,Yes
136009,Yes
136010,Yes
136011,Yes
136012,Yes
136013,No
136014,Yes
136015,Yes
136016,No
136017,No
136018,Yes
136019,No
136020,No
136021,No
136022,Yes
136023,Yes
136024,Yes
136025,No
136026,No
136027,No
136028,No
136029,No
136030,No
136031,Yes
136032,No
136033,Yes
136034,No
136035,No
136036,Yes
136037,No
136038,No
136039,Yes
136040,Yes
136041,No
136042,No
136043,Yes
136044,No
136045,Yes
136046,Yes
136047,No
136048,Yes
136049,Yes
136050,No
136051,No
136052,No
136053,Yes
136054,Yes
136055,Yes
136056,Yes
136057,No
136058,Yes
136059,Yes
136060,No
136061,Yes
136062,Yes
136063,No
136064,Yes
136065,Yes
136066,No
136067,Yes
136068,Yes
136069,No
136070,No
136071,Yes
136072,Yes
136073,No
136074,No
136075,Yes
136076,No
136077,No
136078,No
136079,No
136080,Yes
136081,No
136082,Yes
136083,Yes
136084,Yes
136085,Yes
136086,Yes
136087,Yes
136088,Yes
136089,No
136090,No
136091,No
136092,No
136093,Yes
136094,Yes
136095,No
136096,Yes
136097,No
136098,No
136099,Yes
136100,No
136101,Yes
136102,Yes
136103,Yes
136104,Yes
136105,Yes
136106,Yes
136107,No
136108,Yes
136109,No
136110,Yes
136111,No
136112,Yes
136113,Yes
136114,No
136115,Yes
136116,No
136117,Yes
136118,No
136119,No
136120,No
136121,No
136122,No
136123,No
136124,Yes
136125,Yes
136126,Yes
136127,No
136128,No
136129,No
136130,Yes
136131,Yes
136132,No
136133,Yes
136134,Yes
136135,Yes
136136,Yes
136137,Yes
136138,No
136139,No
136140,No
136141,Yes
136142,No
136143,Yes
136144,Yes
136145,No
136146,Yes
136147,Yes
136148,Yes
136149,No
136150,Yes
136151,Yes
136152,No
136153,No
136154,Yes
136155,Yes
136156,No
136157,No
136158,Yes
136159,Yes
136160,Yes
136161,No
136162,Yes
136163,Yes
136164,No
136165,Yes
136166,No
136167,Yes
136168,Yes
136169,Yes
136170,Yes
136171,Yes
136172,No
136173,Yes
136174,No
136175,No
136176,No
136177,No
136178,No
136179,Yes
136180,No
136181,Yes
136182,Yes
136183,No
136184,Yes
136185,Yes
136186,No
136187,Yes
136188,Yes
136189,Yes
136190,Yes
136191,Yes
136192,No
136193,No
136194,Yes
136195,Yes
136196,No
136197,Yes
136198,No
136199,Yes
136200,No
136201,No
136202,Yes
136203,No
136204,Yes
136205,Yes
136206,Yes
136207,Yes
136208,Yes
136209,No
136210,Yes
136211,Yes
136212,Yes
136213,No
136214,Yes
136215,Yes
136216,Yes
136217,No
136218,Yes
136219,No
136220,Yes
136221,Yes
136222,Yes
136223,Yes
136224,Yes
136225,Yes
136226,Yes
136227,Yes
136228,No
136229,No
136230,No
136231,Yes
136232,Yes
136233,No
136234,Yes
136235,Yes
136236,No
136237,No
136238,Yes
136239,Yes
136240,Yes
136241,Yes
136242,Yes
136243,Yes
136244,No
136245,Yes
136246,No
136247,No
136248,Yes
136249,Yes
136250,Yes
136251,Yes
136252,Yes
136253,Yes
136254,Yes
136255,No
136256,Yes
136257,Yes
136258,Yes
136259,Yes
136260,Yes
136261,Yes
136262,Yes
136263,Yes
136264,No
136265,Yes
136266,Yes
136267,No
136268,No
136269,Yes
136270,No
136271,Yes
136272,Yes
136273,No
136274,Yes
136275,Yes
136276,No
136277,Yes
136278,Yes
136279,Yes
136280,Yes
136281,No
136282,No
136283,Yes
136284,Yes
136285,Yes
136286,No
136287,Yes
136288,No
136289,Yes
136290,No
136291,Yes
136292,Yes
136293,No
136294,No
136295,Yes
136296,No
136297,Yes
136298,No
136299,No
136300,Yes
136301,Yes
136302,No
136303,Yes
136304,Yes
136305,Yes
136306,No
136307,Yes
136308,Yes
136309,Yes
136310,No
136311,Yes
136312,Yes
136313,No
136314,No
136315,No
136316,Yes
136317,Yes
136318,No
136319,No
136320,Yes
136321,No
136322,Yes
136323,Yes
136324,No
136325,Yes
136326,Yes
136327,No
136328,No
136329,No
136330,No
136331,No
136332,No
136333,No
136334,Yes
136335,No
136336,Yes
136337,No
136338,Yes
136339,No
136340,No
136341,Yes
136342,No
136343,Yes
136344,Yes
136345,No
136346,Yes
136347,Yes
136348,No
136349,No
136350,Yes
136351,No
136352,No
136353,No
136354,Yes
136355,Yes
136356,Yes
136357,Yes
136358,Yes
136359,Yes
136360,No
136361,Yes
136362,Yes
136363,Yes
136364,Yes
136365,No
136366,No
136367,No
136368,No
136369,Yes
136370,Yes
136371,No
136372,No
136373,Yes
136374,Yes
136375,Yes
136376,Yes
136377,Yes
136378,Yes
136379,Yes
136380,No
136381,Yes
136382,No
136383,Yes
136384,No
136385,Yes
136386,No
136387,Yes
136388,Yes
136389,No
136390,Yes
136391,Yes
136392,No
136393,No
136394,Yes
136395,Yes
136396,Yes
136397,Yes
136398,No
136399,Yes
136400,No
136401,No
136402,No
136403,No
136404,Yes
136405,Yes
136406,No
136407,No
136408,Yes
136409,Yes
136410,Yes
136411,Yes
136412,Yes
136413,Yes
136414,Yes
136415,Yes
136416,Yes
136417,Yes
136418,Yes
136419,Yes
136420,Yes
136421,No
136422,No
136423,Yes
136424,No
136425,Yes
136426,No
136427,Yes
136428,Yes
136429,Yes
136430,Yes
136431,Yes
136432,Yes
136433,Yes
136434,No
136435,No
136436,No
136437,No
136438,Yes
136439,No
136440,Yes
136441,Yes
136442,Yes
136443,Yes
136444,No
136445,No
136446,Yes
136447,No
136448,Yes
136449,Yes
136450,No
136451,Yes
136452,Yes
136453,Yes
136454,No
136455,Yes
136456,No
136457,Yes
136458,Yes
136459,No
136460,Yes
136461,No
136462,Yes
136463,No
136464,Yes
136465,Yes
136466,Yes
136467,No
136468,Yes
136469,Yes
136470,No
136471,Yes
136472,No
136473,Yes
136474,No
136475,Yes
136476,No
136477,No
136478,Yes
136479,Yes
136480,No
136481,Yes
136482,Yes
136483,Yes
136484,No
136485,No
136486,No
136487,No
136488,No
136489,Yes
136490,No
136491,Yes
136492,Yes
136493,No
136494,Yes
136495,No
136496,Yes
136497,No
136498,Yes
136499,Yes
136500,No
136501,No
136502,Yes
136503,No
136504,No
136505,Yes
136506,Yes
136507,Yes
136508,Yes
136509,Yes
136510,No
136511,No
136512,Yes
136513,Yes
136514,No
136515,No
136516,Yes
136517,Yes
136518,Yes
136519,No
136520,Yes
136521,No
136522,Yes
136523,No
136524,Yes
136525,Yes
136526,Yes
136527,No
136528,Yes
136529,No
136530,Yes
136531,Yes
136532,Yes
136533,Yes
136534,No
136535,Yes
136536,No
136537,Yes
136538,No
136539,No
136540,No
136541,No
136542,Yes
136543,No
136544,Yes
136545,Yes
136546,Yes
136547,Yes
136548,Yes
136549,Yes
136550,No
136551,Yes
136552,Yes
136553,Yes
136554,Yes
136555,Yes
136556,Yes
136557,No
136558,No
136559,No
136560,Yes
136561,Yes
136562,Yes
136563,Yes
136564,No
136565,No
136566,Yes
136567,Yes
136568,No
136569,No
136570,No
136571,No
136572,Yes
136573,No
136574,No
136575,Yes
136576,Yes
136577,No
136578,No
136579,Yes
136580,No
136581,Yes
136582,No
136583,Yes
136584,No
136585,No
136586,No
136587,No
136588,Yes
136589,Yes
136590,Yes
136591,Yes
136592,Yes
136593,Yes
136594,No
136595,Yes
136596,No
136597,No
136598,No
136599,Yes
136600,No
136601,No
136602,Yes
136603,No
136604,No
136605,Yes
136606,Yes
136607,Yes
136608,No
136609,No
136610,No
136611,No
136612,No
136613,No
136614,No
136615,No
136616,No
136617,No
136618,No
136619,No
136620,Yes
136621,No
136622,No
136623,No
136624,No
136625,Yes
136626,No
136627,Yes
136628,No
136629,No
136630,No
136631,Yes
136632,Yes
136633,No
136634,No
136635,No
136636,Yes
136637,No
136638,Yes
136639,No
136640,Yes
136641,No
136642,No
136643,Yes
136644,Yes
136645,Yes
136646,Yes
136647,Yes
136648,No
136649,No
136650,No
136651,No
136652,Yes
136653,No
136654,Yes
136655,No
136656,No
136657,Yes
136658,Yes
136659,No
136660,No
136661,Yes
136662,No
136663,No
136664,No
136665,No
136666,No
136667,No
136668,No
136669,Yes
136670,Yes
136671,No
136672,No
136673,Yes
136674,Yes
136675,Yes
136676,No
136677,No
136678,No
136679,Yes
136680,Yes
136681,No
136682,Yes
136683,Yes
136684,No
136685,Yes
136686,Yes
136687,Yes
136688,Yes
136689,No
136690,No
136691,No
136692,Yes
136693,Yes
136694,Yes
136695,No
136696,Yes
136697,No
136698,Yes
136699,Yes
136700,Yes
136701,Yes
136702,No
136703,No
136704,Yes
136705,Yes
136706,Yes
136707,Yes
136708,Yes
136709,No
136710,No
136711,Yes
136712,Yes
136713,Yes
136714,Yes
136715,No
136716,No
136717,No
136718,No
136719,Yes
136720,Yes
136721,No
136722,No
136723,No
136724,Yes
136725,No
136726,No
136727,Yes
136728,No
136729,Yes
136730,No
136731,Yes
136732,Yes
136733,Yes
136734,Yes
136735,Yes
136736,Yes
136737,Yes
136738,Yes
136739,Yes
136740,Yes
136741,No
136742,Yes
136743,Yes
136744,No
136745,Yes
136746,Yes
136747,Yes
136748,No
136749,Yes
136750,No
136751,Yes
136752,No
136753,Yes
136754,Yes
136755,No
136756,No
136757,Yes
136758,No
136759,Yes
136760,No
136761,Yes
136762,Yes
136763,Yes
136764,No
136765,No
136766,No
136767,No
136768,No
136769,Yes
136770,Yes
136771,No
136772,Yes
136773,No
136774,No
136775,No
136776,No
136777,Yes
136778,No
136779,Yes
136780,Yes
136781,Yes
136782,Yes
136783,No
136784,Yes
136785,No
136786,Yes
136787,Yes
136788,Yes
136789,No
136790,Yes
136791,Yes
136792,Yes
136793,Yes
136794,Yes
136795,No
136796,Yes
136797,Yes
136798,Yes
136799,Yes
136800,No
136801,No
136802,Yes
136803,Yes
136804,Yes
136805,Yes
136806,Yes
136807,No
136808,No
136809,No
136810,Yes
136811,Yes
136812,Yes
136813,Yes
136814,Yes
136815,No
136816,Yes
136817,Yes
136818,No
136819,Yes
136820,Yes
136821,Yes
136822,No
136823,No
136824,Yes
136825,Yes
136826,No
136827,No
136828,No
136829,No
136830,No
136831,No
136832,No
136833,No
136834,Yes
136835,Yes
136836,No
136837,Yes
136838,Yes
136839,Yes
136840,Yes
136841,No
136842,Yes
136843,Yes
136844,Yes
136845,Yes
136846,No
136847,Yes
136848,Yes
136849,Yes
136850,No
136851,Yes
136852,No
136853,Yes
136854,Yes
136855,Yes
136856,Yes
136857,Yes
136858,No
136859,No
136860,No
136861,No
136862,Yes
136863,Yes
136864,Yes
136865,No
136866,Yes
136867,No
136868,Yes
136869,No
136870,Yes
136871,No
136872,Yes
136873,Yes
136874,Yes
136875,Yes
136876,Yes
136877,Yes
136878,Yes
136879,Yes
136880,Yes
136881,Yes
136882,Yes
136883,No
136884,Yes
136885,Yes
136886,No
136887,Yes
136888,Yes
136889,Yes
136890,No
136891,No
136892,No
136893,Yes
136894,Yes
136895,Yes
136896,No
136897,Yes
136898,Yes
136899,Yes
136900,Yes
136901,No
136902,No
136903,No
136904,No
136905,Yes
136906,Yes
136907,Yes
136908,Yes
136909,Yes
136910,Yes
136911,No
136912,Yes
136913,No
136914,Yes
136915,Yes
136916,Yes
136917,Yes
136918,No
136919,Yes
136920,Yes
136921,No
136922,Yes
136923,No
136924,No
136925,No
136926,Yes
136927,Yes
136928,No
136929,Yes
136930,No
136931,Yes
136932,Yes
136933,No
136934,No
136935,No
136936,Yes
136937,No
136938,Yes
136939,Yes
136940,Yes
136941,Yes
136942,Yes
136943,No
136944,No
136945,No
136946,No
136947,Yes
136948,Yes
136949,Yes
136950,Yes
136951,Yes
136952,No
136953,No
136954,No
136955,No
136956,No
136957,Yes
136958,Yes
136959,Yes
136960,No
136961,Yes
136962,No
136963,Yes
136964,Yes
136965,Yes
136966,Yes
136967,Yes
136968,Yes
136969,Yes
136970,Yes
136971,No
136972,Yes
136973,No
136974,No
136975,Yes
136976,No
136977,No
136978,No
136979,Yes
136980,Yes
136981,No
136982,Yes
136983,No
136984,Yes
136985,No
136986,Yes
136987,Yes
136988,No
136989,Yes
136990,No
136991,Yes
136992,No
136993,Yes
136994,Yes
136995,Yes
136996,Yes
136997,Yes
136998,Yes
136999,Yes
137000,Yes
137001,No
137002,No
137003,No
137004,Yes
137005,No
137006,Yes
137007,Yes
137008,Yes
137009,Yes
137010,Yes
137011,Yes
137012,No
137013,No
137014,Yes
137015,Yes
137016,Yes
137017,No
137018,No
137019,Yes
137020,Yes
137021,No
137022,No
137023,No
137024,Yes
137025,No
137026,Yes
137027,Yes
137028,Yes
137029,Yes
137030,No
137031,No
137032,No
137033,No
137034,Yes
137035,Yes
137036,No
137037,Yes
137038,No
137039,Yes
137040,Yes
137041,No
137042,Yes
137043,No
137044,No
137045,No
137046,Yes
137047,Yes
137048,No
137049,Yes
137050,Yes
137051,Yes
137052,Yes
137053,No
137054,No
137055,Yes
137056,No
137057,No
137058,Yes
137059,No
137060,Yes
137061,No
137062,Yes
137063,Yes
137064,No
137065,Yes
137066,No
137067,Yes
137068,Yes
137069,Yes
137070,Yes
137071,Yes
137072,Yes
137073,No
137074,No
137075,Yes
137076,Yes
137077,Yes
137078,Yes
137079,No
137080,Yes
137081,Yes
137082,Yes
137083,Yes
137084,No
137085,No
137086,No
137087,Yes
137088,No
137089,No
137090,Yes
137091,No
137092,Yes
137093,No
137094,Yes
137095,Yes
137096,No
137097,No
137098,No
137099,Yes
137100,No
137101,No
137102,No
137103,Yes
137104,No
137105,Yes
137106,No
137107,No
137108,Yes
137109,Yes
137110,Yes
137111,Yes
137112,No
137113,No
137114,No
137115,Yes
137116,No
137117,Yes
137118,Yes
137119,Yes
137120,Yes
137121,Yes
137122,No
137123,No
137124,No
137125,No
137126,No
137127,Yes
137128,Yes
137129,No
137130,No
137131,Yes
137132,Yes
137133,No
137134,Yes
137135,No
137136,Yes
137137,No
137138,No
137139,No
137140,Yes
137141,Yes
137142,No
137143,Yes
137144,No
137145,Yes
137146,Yes
137147,Yes
137148,Yes
137149,No
137150,Yes
137151,Yes
137152,Yes
137153,No
137154,Yes
137155,Yes
137156,No
137157,No
137158,Yes
137159,Yes
137160,Yes
137161,No
137162,No
137163,Yes
137164,No
137165,No
137166,No
137167,No
137168,Yes
137169,Yes
137170,Yes
137171,Yes
137172,No
137173,Yes
137174,Yes
137175,Yes
137176,Yes
137177,Yes
137178,No
137179,No
137180,No
137181,No
137182,Yes
137183,No
137184,Yes
137185,Yes
137186,No
137187,Yes
137188,Yes
137189,Yes
137190,No
137191,Yes
137192,Yes
137193,Yes
137194,No
137195,No
137196,No
137197,Yes
137198,Yes
137199,Yes
137200,Yes
137201,Yes
137202,No
137203,No
137204,Yes
137205,No
137206,No
137207,Yes
137208,Yes
137209,No
137210,No
137211,Yes
137212,Yes
137213,No
137214,Yes
137215,Yes
137216,Yes
137217,Yes
137218,No
137219,Yes
137220,Yes
137221,Yes
137222,Yes
137223,Yes
137224,Yes
137225,No
137226,No
137227,Yes
137228,Yes
137229,Yes
137230,Yes
137231,No
137232,No
137233,No
137234,No
137235,Yes
137236,No
137237,No
137238,No
137239,Yes
137240,Yes
137241,No
137242,No
137243,No
137244,No
137245,Yes
137246,No
137247,Yes
137248,No
137249,No
137250,No
137251,Yes
137252,Yes
137253,Yes
137254,No
137255,Yes
137256,Yes
137257,No
137258,No
137259,Yes
137260,No
137261,Yes
137262,Yes
137263,Yes
137264,Yes
137265,Yes
137266,Yes
137267,No
137268,Yes
137269,No
137270,No
137271,No
137272,No
137273,No
137274,No
137275,Yes
137276,Yes
137277,Yes
137278,No
137279,Yes
137280,Yes
137281,Yes
137282,Yes
137283,No
137284,No
137285,Yes
137286,No
137287,No
137288,Yes
137289,Yes
137290,Yes
137291,Yes
137292,No
137293,No
137294,Yes
137295,Yes
137296,Yes
137297,No
137298,Yes
137299,Yes
137300,Yes
137301,Yes
137302,Yes
137303,Yes
137304,Yes
137305,Yes
137306,Yes
137307,Yes
137308,No
137309,Yes
137310,No
137311,Yes
137312,Yes
137313,Yes
137314,No
137315,Yes
137316,No
137317,Yes
137318,Yes
137319,Yes
137320,Yes
137321,Yes
137322,No
137323,Yes
137324,Yes
137325,Yes
137326,Yes
137327,Yes
137328,Yes
137329,Yes
137330,No
137331,Yes
137332,Yes
137333,No
137334,Yes
137335,Yes
137336,Yes
137337,Yes
137338,Yes
137339,No
137340,No
137341,No
137342,No
137343,Yes
137344,Yes
137345,Yes
137346,No
137347,No
137348,No
137349,Yes
137350,No
137351,Yes
137352,Yes
137353,No
137354,Yes
137355,Yes
137356,Yes
137357,Yes
137358,No
137359,No
137360,No
137361,Yes
137362,No
137363,Yes
137364,No
137365,No
137366,Yes
137367,Yes
137368,No
137369,No
137370,Yes
137371,No
137372,No
137373,No
137374,No
137375,No
137376,Yes
137377,No
137378,Yes
137379,No
137380,No
137381,Yes
137382,No
137383,Yes
137384,Yes
137385,Yes
137386,Yes
137387,Yes
137388,No
137389,No
137390,Yes
137391,No
137392,Yes
137393,Yes
137394,No
137395,Yes
137396,Yes
137397,Yes
137398,Yes
137399,Yes
137400,Yes
137401,No
137402,No
137403,No
137404,No
137405,Yes
137406,Yes
137407,Yes
137408,Yes
137409,Yes
137410,Yes
137411,Yes
137412,No
137413,No
137414,Yes
137415,No
137416,No
137417,Yes
137418,Yes
137419,Yes
137420,Yes
137421,No
137422,No
137423,No
137424,Yes
137425,Yes
137426,No
137427,No
137428,Yes
137429,No
137430,No
137431,Yes
137432,Yes
137433,Yes
137434,No
137435,Yes
137436,Yes
137437,Yes
137438,Yes
137439,Yes
137440,No
137441,No
137442,Yes
137443,No
137444,No
137445,Yes
137446,No
137447,Yes
137448,Yes
137449,Yes
137450,No
137451,Yes
137452,No
137453,Yes
137454,Yes
137455,No
137456,No
137457,Yes
137458,No
137459,Yes
137460,No
137461,Yes
137462,Yes
137463,Yes
137464,Yes
137465,No
137466,Yes
137467,Yes
137468,No
137469,Yes
137470,No
137471,Yes
137472,No
137473,No
137474,No
137475,No
137476,No
137477,Yes
137478,Yes
137479,Yes
137480,Yes
137481,No
137482,Yes
137483,Yes
137484,Yes
137485,No
137486,Yes
137487,No
137488,No
137489,Yes
137490,Yes
137491,No
137492,No
137493,Yes
137494,No
137495,Yes
137496,Yes
137497,No
137498,Yes
137499,Yes
137500,Yes
137501,No
137502,Yes
137503,Yes
137504,Yes
137505,No
137506,No
137507,No
137508,No
137509,Yes
137510,No
137511,No
137512,No
137513,Yes
137514,No
137515,No
137516,No
137517,No
137518,No
137519,Yes
137520,Yes
137521,Yes
137522,No
137523,No
137524,Yes
137525,No
137526,Yes
137527,Yes
137528,Yes
137529,Yes
137530,No
137531,Yes
137532,Yes
137533,Yes
137534,No
137535,No
137536,Yes
137537,Yes
137538,Yes
137539,No
137540,No
137541,Yes
137542,Yes
137543,No
137544,Yes
137545,No
137546,No
137547,Yes
137548,No
137549,No
137550,No
137551,No
137552,Yes
137553,Yes
137554,Yes
137555,No
137556,Yes
137557,Yes
137558,Yes
137559,No
137560,No
137561,No
137562,Yes
137563,No
137564,No
137565,No
137566,No
137567,Yes
137568,Yes
137569,Yes
137570,No
137571,Yes
137572,No
137573,No
137574,Yes
137575,Yes
137576,No
137577,Yes
137578,No
137579,No
137580,No
137581,Yes
137582,Yes
137583,Yes
137584,Yes
137585,No
137586,Yes
137587,Yes
137588,No
137589,Yes
137590,Yes
137591,Yes
137592,No
137593,No
137594,Yes
137595,Yes
137596,No
137597,No
137598,No
137599,No
137600,Yes
137601,No
137602,Yes
137603,Yes
137604,Yes
137605,No
137606,No
137607,Yes
137608,Yes
137609,Yes
137610,Yes
137611,No
137612,No
137613,No
137614,No
137615,No
137616,Yes
137617,Yes
137618,No
137619,Yes
137620,No
137621,No
137622,Yes
137623,Yes
137624,Yes
137625,Yes
137626,No
137627,Yes
137628,Yes
137629,No
137630,Yes
137631,No
137632,No
137633,No
137634,No
137635,No
137636,No
137637,Yes
137638,No
137639,No
137640,Yes
137641,Yes
137642,Yes
137643,No
137644,No
137645,Yes
137646,No
137647,Yes
137648,Yes
137649,No
137650,No
137651,Yes
137652,No
137653,Yes
137654,Yes
137655,No
137656,No
137657,No
137658,Yes
137659,No
137660,Yes
137661,Yes
137662,Yes
137663,Yes
137664,Yes
137665,Yes
137666,Yes
137667,No
137668,Yes
137669,Yes
137670,No
137671,No
137672,No
137673,No
137674,No
137675,Yes
137676,Yes
137677,Yes
137678,Yes
137679,Yes
137680,No
137681,Yes
137682,No
137683,No
137684,Yes
137685,Yes
137686,No
137687,No
137688,Yes
137689,Yes
137690,No
137691,No
137692,Yes
137693,Yes
137694,Yes
137695,Yes
137696,No
137697,Yes
137698,No
137699,Yes
137700,Yes
137701,No
137702,No
137703,No
137704,Yes
137705,Yes
137706,No
137707,Yes
137708,No
137709,No
137710,Yes
137711,No
137712,Yes
137713,No
137714,Yes
137715,No
137716,Yes
137717,Yes
137718,No
137719,Yes
137720,No
137721,No
137722,No
137723,Yes
137724,No
137725,Yes
137726,Yes
137727,Yes
137728,Yes
137729,No
137730,No
137731,No
137732,Yes
137733,Yes
137734,Yes
137735,Yes
137736,No
137737,No
137738,No
137739,Yes
137740,Yes
137741,Yes
137742,Yes
137743,Yes
137744,No
137745,Yes
137746,No
137747,No
137748,Yes
137749,Yes
137750,No
137751,No
137752,No
137753,No
137754,Yes
137755,Yes
137756,Yes
137757,Yes
137758,Yes
137759,Yes
137760,No
137761,Yes
137762,Yes
137763,Yes
137764,Yes
137765,Yes
137766,No
137767,Yes
137768,No
137769,No
137770,Yes
137771,Yes
137772,Yes
137773,Yes
137774,Yes
137775,No
137776,No
137777,Yes
137778,Yes
137779,No
137780,Yes
137781,Yes
137782,Yes
137783,No
137784,Yes
137785,Yes
137786,Yes
137787,Yes
137788,Yes
137789,Yes
137790,Yes
137791,Yes
137792,Yes
137793,No
137794,Yes
137795,Yes
137796,No
137797,No
137798,No
137799,No
137800,Yes
137801,Yes
137802,No
137803,Yes
137804,No
137805,Yes
137806,Yes
137807,No
137808,No
137809,No
137810,Yes
137811,Yes
137812,No
137813,No
137814,Yes
137815,Yes
137816,Yes
137817,Yes
137818,Yes
137819,No
137820,Yes
137821,Yes
137822,Yes
137823,No
137824,No
137825,Yes
137826,Yes
137827,Yes
137828,No
137829,No
137830,Yes
137831,Yes
137832,No
137833,Yes
137834,No
137835,No
137836,Yes
137837,Yes
137838,No
137839,Yes
137840,No
137841,Yes
137842,No
137843,No
137844,No
137845,No
137846,No
137847,Yes
137848,Yes
137849,No
137850,Yes
137851,No
137852,Yes
137853,Yes
137854,Yes
137855,No
137856,Yes
137857,No
137858,Yes
137859,Yes
137860,No
137861,Yes
137862,Yes
137863,Yes
137864,No
137865,Yes
137866,No
137867,Yes
137868,No
137869,No
137870,No
137871,Yes
137872,No
137873,No
137874,No
137875,Yes
137876,No
137877,No
137878,No
137879,No
137880,Yes
137881,No
137882,Yes
137883,Yes
137884,Yes
137885,No
137886,Yes
137887,No
137888,Yes
137889,No
137890,No
137891,Yes
137892,Yes
137893,No
137894,No
137895,No
137896,Yes
137897,No
137898,Yes
137899,Yes
137900,Yes
137901,Yes
137902,Yes
137903,Yes
137904,Yes
137905,No
137906,No
137907,No
137908,No
137909,Yes
137910,Yes
137911,Yes
137912,No
137913,No
137914,Yes
137915,No
137916,Yes
137917,Yes
137918,No
137919,Yes
137920,Yes
137921,Yes
137922,No
137923,Yes
137924,Yes
137925,Yes
137926,Yes
137927,No
137928,No
137929,Yes
137930,Yes
137931,No
137932,No
137933,No
137934,Yes
137935,No
137936,Yes
137937,Yes
137938,No
137939,Yes
137940,Yes
137941,No
137942,Yes
137943,No
137944,Yes
137945,Yes
137946,No
137947,No
137948,No
137949,Yes
137950,Yes
137951,No
137952,Yes
137953,Yes
137954,Yes
137955,Yes
137956,No
137957,No
137958,No
137959,No
137960,Yes
137961,Yes
137962,No
137963,No
137964,Yes
137965,Yes
137966,No
137967,No
137968,Yes
137969,Yes
137970,No
137971,Yes
137972,No
137973,No
137974,Yes
137975,No
137976,No
137977,No
137978,Yes
137979,Yes
137980,Yes
137981,No
137982,No
137983,No
137984,No
137985,No
137986,Yes
137987,Yes
137988,No
137989,No
137990,Yes
137991,Yes
137992,Yes
137993,Yes
137994,No
137995,Yes
137996,Yes
137997,No
137998,No
137999,No
138000,Yes
138001,No
138002,Yes
138003,Yes
138004,Yes
138005,Yes
138006,No
138007,Yes
138008,No
138009,Yes
138010,No
138011,No
138012,No
138013,Yes
138014,Yes
138015,No
138016,No
138017,No
138018,Yes
138019,Yes
138020,No
138021,Yes
138022,Yes
138023,Yes
138024,Yes
138025,No
138026,Yes
138027,Yes
138028,No
138029,Yes
138030,Yes
138031,No
138032,Yes
138033,Yes
138034,Yes
138035,No
138036,Yes
138037,No
138038,No
138039,No
138040,Yes
138041,Yes
138042,No
138043,Yes
138044,No
138045,No
138046,Yes
138047,No
138048,Yes
138049,Yes
138050,No
138051,No
138052,No
138053,Yes
138054,No
138055,No
138056,Yes
138057,Yes
138058,Yes
138059,No
138060,Yes
138061,Yes
138062,Yes
138063,No
138064,Yes
138065,No
138066,Yes
138067,Yes
138068,Yes
138069,No
138070,No
138071,Yes
138072,No
138073,Yes
138074,No
138075,No
138076,No
138077,No
138078,No
138079,Yes
138080,No
138081,Yes
138082,No
138083,No
138084,No
138085,Yes
138086,Yes
138087,Yes
138088,No
138089,No
138090,No
138091,Yes
138092,Yes
138093,Yes
138094,Yes
138095,Yes
138096,Yes
138097,No
138098,Yes
138099,Yes
138100,No
138101,Yes
138102,No
138103,Yes
138104,Yes
138105,No
138106,Yes
138107,Yes
138108,No
138109,No
138110,No
138111,Yes
138112,No
138113,No
138114,No
138115,No
138116,Yes
138117,Yes
138118,No
138119,Yes
138120,No
138121,No
138122,No
138123,Yes
138124,No
138125,Yes
138126,No
138127,No
138128,Yes
138129,Yes
138130,No
138131,No
138132,No
138133,No
138134,No
138135,No
138136,No
138137,Yes
138138,Yes
138139,No
138140,Yes
138141,Yes
138142,No
138143,Yes
138144,Yes
138145,Yes
138146,Yes
138147,No
138148,No
138149,Yes
138150,No
138151,No
138152,Yes
138153,Yes
138154,Yes
138155,Yes
138156,No
138157,Yes
138158,Yes
138159,No
138160,Yes
138161,Yes
138162,Yes
138163,No
138164,No
138165,Yes
138166,Yes
138167,No
138168,No
138169,No
138170,No
138171,Yes
138172,No
138173,No
138174,No
138175,Yes
138176,Yes
138177,No
138178,Yes
138179,Yes
138180,Yes
138181,No
138182,Yes
138183,No
138184,No
138185,Yes
138186,No
138187,No
138188,Yes
138189,No
138190,Yes
138191,Yes
138192,Yes
138193,No
138194,Yes
138195,No
138196,Yes
138197,No
138198,No
138199,No
138200,Yes
138201,Yes
138202,No
138203,Yes
138204,No
138205,Yes
138206,Yes
138207,No
138208,No
138209,Yes
138210,Yes
138211,Yes
138212,Yes
138213,No
138214,Yes
138215,Yes
138216,No
138217,No
138218,No
138219,Yes
138220,No
138221,No
138222,No
138223,Yes
138224,Yes
138225,Yes
138226,Yes
138227,Yes
138228,No
138229,No
138230,Yes
138231,No
138232,Yes
138233,Yes
138234,Yes
138235,Yes
138236,Yes
138237,Yes
138238,Yes
138239,Yes
138240,No
138241,No
138242,Yes
138243,Yes
138244,No
138245,Yes
138246,No
138247,No
138248,No
138249,Yes
138250,Yes
138251,Yes
138252,No
138253,No
138254,Yes
138255,No
138256,No
138257,Yes
138258,Yes
138259,Yes
138260,Yes
138261,Yes
138262,Yes
138263,Yes
138264,Yes
138265,No
138266,Yes
138267,No
138268,Yes
138269,No
138270,Yes
138271,Yes
138272,No
138273,Yes
138274,No
138275,Yes
138276,Yes
138277,Yes
138278,No
138279,No
138280,Yes
138281,No
138282,Yes
138283,Yes
138284,No
138285,Yes
138286,No
138287,No
138288,No
138289,Yes
138290,Yes
138291,Yes
138292,Yes
138293,No
138294,Yes
138295,Yes
138296,Yes
138297,Yes
138298,Yes
138299,Yes
138300,No
138301,Yes
138302,No
138303,No
138304,Yes
138305,Yes
138306,Yes
138307,No
138308,Yes
138309,Yes
138310,No
138311,No
138312,Yes
138313,No
138314,Yes
138315,No
138316,No
138317,Yes
138318,Yes
138319,No
138320,Yes
138321,No
138322,No
138323,No
138324,No
138325,Yes
138326,Yes
138327,No
138328,No
138329,No
138330,Yes
138331,Yes
138332,Yes
138333,No
138334,Yes
138335,Yes
138336,No
138337,Yes
138338,Yes
138339,Yes
138340,Yes
138341,Yes
138342,Yes
138343,Yes
138344,Yes
138345,No
138346,No
138347,Yes
138348,Yes
138349,Yes
138350,Yes
138351,No
138352,Yes
138353,No
138354,Yes
138355,Yes
138356,Yes
138357,Yes
138358,Yes
138359,No
138360,No
138361,Yes
138362,No
138363,Yes
138364,No
138365,No
138366,No
138367,Yes
138368,No
138369,Yes
138370,No
138371,No
138372,No
138373,Yes
138374,Yes
138375,No
138376,Yes
138377,Yes
138378,No
138379,No
138380,No
138381,Yes
138382,No
138383,Yes
138384,Yes
138385,No
138386,Yes
138387,Yes
138388,No
138389,No
138390,No
138391,Yes
138392,No
138393,No
138394,Yes
138395,Yes
138396,No
138397,Yes
138398,Yes
138399,No
138400,No
138401,No
138402,Yes
138403,Yes
138404,Yes
138405,Yes
138406,No
138407,No
138408,Yes
138409,Yes
138410,No
138411,No
138412,Yes
138413,No
138414,No
138415,Yes
138416,No
138417,Yes
138418,Yes
138419,Yes
138420,Yes
138421,Yes
138422,No
138423,No
138424,No
138425,Yes
138426,No
138427,Yes
138428,Yes
138429,No
138430,Yes
138431,No
138432,No
138433,Yes
138434,Yes
138435,Yes
138436,Yes
138437,Yes
138438,No
138439,Yes
138440,No
138441,Yes
138442,Yes
138443,Yes
138444,Yes
138445,No
138446,Yes
138447,Yes
138448,Yes
138449,No
138450,Yes
138451,Yes
138452,Yes
138453,Yes
138454,Yes
138455,Yes
138456,Yes
138457,Yes
138458,Yes
138459,No
138460,Yes
138461,Yes
138462,Yes
138463,Yes
138464,No
138465,No
138466,No
138467,No
138468,No
138469,No
138470,Yes
138471,Yes
138472,Yes
138473,Yes
138474,No
138475,No
138476,No
138477,Yes
138478,Yes
138479,Yes
138480,No
138481,No
138482,Yes
138483,No
138484,No
138485,No
138486,Yes
138487,No
138488,Yes
138489,Yes
138490,Yes
138491,No
138492,Yes
138493,No
138494,No
138495,No
138496,No
138497,Yes
138498,No
138499,No
138500,Yes
138501,No
138502,No
138503,Yes
138504,No
138505,Yes
138506,Yes
138507,No
138508,No
138509,Yes
138510,Yes
138511,Yes
138512,No
138513,Yes
138514,Yes
138515,Yes
138516,No
138517,No
138518,Yes
138519,Yes
138520,Yes
138521,Yes
138522,Yes
138523,Yes
138524,Yes
138525,Yes
138526,No
138527,Yes
138528,Yes
138529,No
138530,Yes
138531,Yes
138532,Yes
138533,No
138534,No
138535,No
138536,No
138537,Yes
138538,No
138539,No
138540,Yes
138541,Yes
138542,Yes
138543,No
138544,No
138545,Yes
138546,Yes
138547,Yes
138548,Yes
138549,No
138550,Yes
138551,Yes
138552,No
138553,Yes
138554,Yes
138555,No
138556,Yes
138557,No
138558,Yes
138559,Yes
138560,Yes
138561,No
138562,No
138563,No
138564,No
138565,No
138566,No
138567,No
138568,No
138569,No
138570,Yes
138571,Yes
138572,Yes
138573,Yes
138574,Yes
138575,Yes
138576,Yes
138577,No
138578,Yes
138579,Yes
138580,No
138581,Yes
138582,Yes
138583,No
138584,Yes
138585,Yes
138586,Yes
138587,Yes
138588,Yes
138589,Yes
138590,No
138591,Yes
138592,Yes
138593,Yes
138594,Yes
138595,No
138596,No
138597,No
138598,Yes
138599,No
138600,Yes
138601,Yes
138602,No
138603,No
138604,Yes
138605,No
138606,Yes
138607,Yes
138608,Yes
138609,Yes
138610,Yes
138611,Yes
138612,Yes
138613,No
138614,No
138615,No
138616,No
138617,No
138618,Yes
138619,Yes
138620,Yes
138621,Yes
138622,No
138623,Yes
138624,Yes
138625,No
138626,No
138627,Yes
138628,No
138629,Yes
138630,Yes
138631,Yes
138632,No
138633,No
138634,Yes
138635,Yes
138636,Yes
138637,No
138638,No
138639,Yes
138640,Yes
138641,Yes
138642,Yes
138643,Yes
138644,Yes
138645,No
138646,No
138647,No
138648,Yes
138649,Yes
138650,Yes
138651,Yes
138652,Yes
138653,No
138654,Yes
138655,Yes
138656,Yes
138657,No
138658,No
138659,Yes
138660,Yes
138661,Yes
138662,No
138663,Yes
138664,Yes
138665,No
138666,No
138667,No
138668,Yes
138669,No
138670,No
138671,No
138672,Yes
138673,No
138674,No
138675,Yes
138676,Yes
138677,No
138678,Yes
138679,No
138680,No
138681,Yes
138682,Yes
138683,Yes
138684,Yes
138685,No
138686,Yes
138687,Yes
138688,Yes
138689,No
138690,Yes
138691,No
138692,Yes
138693,No
138694,Yes
138695,Yes
138696,Yes
138697,Yes
138698,No
138699,Yes
138700,Yes
138701,Yes
138702,Yes
138703,No
138704,Yes
138705,No
138706,Yes
138707,Yes
138708,Yes
138709,Yes
138710,No
138711,Yes
138712,Yes
138713,Yes
138714,Yes
138715,Yes
138716,Yes
138717,No
138718,Yes
138719,Yes
138720,Yes
138721,Yes
138722,Yes
138723,Yes
138724,Yes
138725,No
138726,Yes
138727,Yes
138728,Yes
138729,No
138730,No
138731,No
138732,Yes
138733,Yes
138734,Yes
138735,Yes
138736,Yes
138737,Yes
138738,No
138739,Yes
138740,Yes
138741,No
138742,No
138743,No
138744,No
138745,No
138746,No
138747,No
138748,Yes
138749,No
138750,Yes
138751,Yes
138752,Yes
138753,Yes
138754,No
138755,No
138756,No
138757,No
138758,No
138759,Yes
138760,Yes
138761,No
138762,No
138763,Yes
138764,Yes
138765,No
138766,Yes
138767,No
138768,No
138769,Yes
138770,No
138771,Yes
138772,Yes
138773,No
138774,No
138775,No
138776,No
138777,No
138778,Yes
138779,Yes
138780,Yes
138781,No
138782,No
138783,Yes
138784,Yes
138785,Yes
138786,Yes
138787,Yes
138788,Yes
138789,Yes
138790,Yes
138791,No
138792,Yes
138793,No
138794,No
138795,Yes
138796,Yes
138797,Yes
138798,Yes
138799,No
138800,No
138801,No
138802,Yes
138803,No
138804,Yes
138805,No
138806,No
138807,Yes
138808,Yes
138809,Yes
138810,Yes
138811,Yes
138812,Yes
138813,No
138814,Yes
138815,No
138816,No
138817,Yes
138818,Yes
138819,Yes
138820,Yes
138821,Yes
138822,Yes
138823,No
138824,No
138825,Yes
138826,No
138827,Yes
138828,No
138829,Yes
138830,Yes
138831,Yes
138832,Yes
138833,Yes
138834,Yes
138835,Yes
138836,No
138837,No
138838,No
138839,Yes
138840,Yes
138841,Yes
138842,No
138843,No
138844,No
138845,Yes
138846,Yes
138847,Yes
138848,Yes
138849,No
138850,No
138851,No
138852,Yes
138853,Yes
138854,No
138855,No
138856,Yes
138857,Yes
138858,Yes
138859,No
138860,Yes
138861,Yes
138862,No
138863,No
138864,No
138865,No
138866,No
138867,Yes
138868,Yes
138869,Yes
138870,No
138871,No
138872,No
138873,Yes
138874,No
138875,No
138876,No
138877,No
138878,Yes
138879,Yes
138880,Yes
138881,No
138882,No
138883,Yes
138884,No
138885,Yes
138886,Yes
138887,Yes
138888,Yes
138889,Yes
138890,Yes
138891,No
138892,Yes
138893,No
138894,Yes
138895,Yes
138896,No
138897,No
138898,No
138899,No
138900,Yes
138901,No
138902,Yes
138903,No
138904,No
138905,No
138906,Yes
138907,No
138908,No
138909,Yes
138910,Yes
138911,No
138912,Yes
138913,Yes
138914,Yes
138915,Yes
138916,Yes
138917,No
138918,Yes
138919,Yes
138920,Yes
138921,Yes
138922,No
138923,Yes
138924,No
138925,No
138926,Yes
138927,No
138928,No
138929,No
138930,No
138931,Yes
138932,Yes
138933,Yes
138934,No
138935,No
138936,Yes
138937,No
138938,Yes
138939,Yes
138940,Yes
138941,Yes
138942,Yes
138943,Yes
138944,Yes
138945,Yes
138946,No
138947,Yes
138948,Yes
138949,Yes
138950,Yes
138951,Yes
138952,Yes
138953,Yes
138954,Yes
138955,Yes
138956,Yes
138957,Yes
138958,No
138959,Yes
138960,Yes
138961,No
138962,No
138963,Yes
138964,Yes
138965,Yes
138966,No
138967,Yes
138968,No
138969,No
138970,Yes
138971,No
138972,No
138973,Yes
138974,Yes
138975,Yes
138976,Yes
138977,No
138978,No
138979,Yes
138980,Yes
138981,Yes
138982,No
138983,No
138984,No
138985,Yes
138986,Yes
138987,No
138988,Yes
138989,Yes
138990,No
138991,Yes
138992,No
138993,No
138994,No
138995,No
138996,Yes
138997,No
138998,No
138999,No
139000,Yes
139001,No
139002,Yes
139003,No
139004,No
139005,Yes
139006,No
139007,Yes
139008,No
139009,Yes
139010,No
139011,No
139012,Yes
139013,No
139014,No
139015,Yes
139016,Yes
139017,No
139018,Yes
139019,No
139020,Yes
139021,No
139022,No
139023,Yes
139024,No
139025,Yes
139026,Yes
139027,No
139028,No
139029,Yes
139030,Yes
139031,No
139032,Yes
139033,Yes
139034,No
139035,Yes
139036,Yes
139037,Yes
139038,No
139039,No
139040,No
139041,No
139042,No
139043,Yes
139044,No
139045,Yes
139046,No
139047,Yes
139048,Yes
139049,No
139050,No
139051,Yes
139052,Yes
139053,Yes
139054,No
139055,Yes
139056,No
139057,Yes
139058,Yes
139059,No
139060,Yes
139061,No
139062,No
139063,No
139064,Yes
139065,Yes
139066,No
139067,No
139068,Yes
139069,Yes
139070,No
139071,No
139072,No
139073,No
139074,No
139075,No
139076,Yes
139077,Yes
139078,No
139079,Yes
139080,Yes
139081,Yes
139082,Yes
139083,No
139084,No
139085,No
139086,No
139087,No
139088,Yes
139089,No
139090,Yes
139091,No
139092,Yes
139093,No
139094,Yes
139095,No
139096,Yes
139097,Yes
139098,No
139099,Yes
139100,Yes
139101,Yes
139102,No
139103,Yes
139104,Yes
139105,No
139106,Yes
139107,No
139108,Yes
139109,Yes
139110,No
139111,No
139112,Yes
139113,Yes
139114,No
139115,No
139116,Yes
139117,Yes
139118,No
139119,No
139120,No
139121,No
139122,Yes
139123,No
139124,Yes
139125,No
139126,Yes
139127,Yes
139128,Yes
139129,Yes
139130,No
139131,No
139132,No
139133,No
139134,Yes
139135,Yes
139136,No
139137,Yes
139138,Yes
139139,Yes
139140,No
139141,Yes
139142,No
139143,No
139144,No
139145,No
139146,Yes
139147,No
139148,Yes
139149,No
139150,Yes
139151,Yes
139152,No
139153,No
139154,Yes
139155,Yes
139156,Yes
139157,No
139158,Yes
139159,No
139160,Yes
139161,Yes
139162,No
139163,No
139164,Yes
139165,No
139166,Yes
139167,Yes
139168,No
139169,No
139170,Yes
139171,Yes
139172,No
139173,Yes
139174,No
139175,No
139176,No
139177,No
139178,Yes
139179,Yes
139180,No
139181,Yes
139182,Yes
139183,Yes
139184,Yes
139185,No
139186,Yes
139187,Yes
139188,Yes
139189,No
139190,No
139191,No
139192,No
139193,No
139194,No
139195,No
139196,No
139197,Yes
139198,No
139199,Yes
139200,No
139201,No
139202,No
139203,No
139204,Yes
139205,No
139206,Yes
139207,Yes
139208,Yes
139209,Yes
139210,Yes
139211,No
139212,Yes
139213,Yes
139214,No
139215,Yes
139216,Yes
139217,Yes
139218,No
139219,Yes
139220,Yes
139221,No
139222,No
139223,Yes
139224,No
139225,No
139226,No
139227,No
139228,Yes
139229,Yes
139230,No
139231,No
139232,No
139233,Yes
139234,Yes
139235,Yes
139236,No
139237,Yes
139238,Yes
139239,No
139240,No
139241,Yes
139242,Yes
139243,No
139244,Yes
139245,Yes
139246,No
139247,No
139248,Yes
139249,Yes
139250,No
139251,Yes
139252,No
139253,No
139254,Yes
139255,Yes
139256,Yes
139257,No
139258,Yes
139259,No
139260,Yes
139261,No
139262,Yes
139263,Yes
139264,Yes
139265,Yes
139266,Yes
139267,Yes
139268,Yes
139269,No
139270,No
139271,No
139272,Yes
139273,No
139274,No
139275,No
139276,No
139277,Yes
139278,No
139279,Yes
139280,Yes
139281,Yes
139282,Yes
139283,Yes
139284,Yes
139285,No
139286,Yes
139287,Yes
139288,No
139289,Yes
139290,No
139291,Yes
139292,Yes
139293,Yes
139294,No
139295,Yes
139296,No
139297,Yes
139298,No
139299,Yes
139300,Yes
139301,No
139302,No
139303,Yes
139304,No
139305,Yes
139306,No
139307,Yes
139308,No
139309,Yes
139310,No
139311,Yes
139312,Yes
139313,Yes
139314,No
139315,No
139316,Yes
139317,Yes
139318,Yes
139319,Yes
139320,No
139321,No
139322,No
139323,Yes
139324,Yes
139325,No
139326,No
139327,No
139328,Yes
139329,Yes
139330,Yes
139331,No
139332,No
139333,Yes
139334,Yes
139335,No
139336,Yes
139337,No
139338,No
139339,No
139340,Yes
139341,Yes
139342,No
139343,Yes
139344,No
139345,No
139346,Yes
139347,No
139348,No
139349,Yes
139350,Yes
139351,No
139352,No
139353,Yes
139354,Yes
139355,Yes
139356,Yes
139357,Yes
139358,Yes
139359,No
139360,Yes
139361,Yes
139362,Yes
139363,Yes
139364,Yes
139365,No
139366,Yes
139367,Yes
139368,Yes
139369,Yes
139370,Yes
139371,No
139372,Yes
139373,No
139374,Yes
139375,No
139376,No
139377,Yes
139378,No
139379,Yes
139380,Yes
139381,Yes
139382,Yes
139383,Yes
139384,Yes
139385,Yes
139386,No
139387,No
139388,Yes
139389,No
139390,Yes
139391,Yes
139392,Yes
139393,Yes
139394,No
139395,Yes
139396,Yes
139397,No
139398,Yes
139399,No
139400,No
139401,No
139402,Yes
139403,Yes
139404,No
139405,No
139406,Yes
139407,No
139408,Yes
139409,No
139410,Yes
139411,No
139412,No
139413,No
139414,No
139415,Yes
139416,Yes
139417,Yes
139418,No
139419,Yes
139420,No
139421,No
139422,Yes
139423,No
139424,No
139425,Yes
139426,Yes
139427,No
139428,Yes
139429,No
139430,Yes
139431,No
139432,No
139433,No
139434,Yes
139435,No
139436,No
139437,Yes
139438,Yes
139439,Yes
139440,Yes
139441,Yes
139442,No
139443,Yes
139444,No
139445,No
139446,No
139447,No
139448,Yes
139449,No
139450,Yes
139451,No
139452,No
139453,No
139454,No
139455,No
139456,Yes
139457,Yes
139458,No
139459,No
139460,No
139461,No
139462,No
139463,Yes
139464,No
139465,Yes
139466,Yes
139467,Yes
139468,No
139469,No
139470,Yes
139471,No
139472,Yes
139473,Yes
139474,Yes
139475,Yes
139476,No
139477,Yes
139478,No
139479,Yes
139480,No
139481,No
139482,Yes
139483,No
139484,No
139485,No
139486,No
139487,No
139488,No
139489,Yes
139490,No
139491,No
139492,Yes
139493,No
139494,Yes
139495,No
139496,Yes
139497,Yes
139498,Yes
139499,Yes
139500,Yes
139501,Yes
139502,Yes
139503,Yes
139504,No
139505,No
139506,No
139507,No
139508,No
139509,Yes
139510,Yes
139511,Yes
139512,Yes
139513,Yes
139514,No
139515,No
139516,Yes
139517,Yes
139518,Yes
139519,Yes
139520,Yes
139521,No
139522,No
139523,No
139524,No
139525,No
139526,Yes
139527,No
139528,Yes
139529,Yes
139530,No
139531,Yes
139532,Yes
139533,Yes
139534,Yes
139535,Yes
139536,Yes
139537,Yes
139538,Yes
139539,Yes
139540,No
139541,Yes
139542,No
139543,Yes
139544,Yes
139545,Yes
139546,No
139547,Yes
139548,No
139549,No
139550,Yes
139551,Yes
139552,No
139553,No
139554,Yes
139555,No
139556,No
139557,Yes
139558,No
139559,No
139560,No
139561,Yes
139562,No
139563,Yes
139564,No
139565,No
139566,No
139567,No
139568,Yes
139569,Yes
139570,Yes
139571,Yes
139572,No
139573,Yes
139574,Yes
139575,Yes
139576,Yes
139577,Yes
139578,Yes
139579,Yes
139580,Yes
139581,No
139582,Yes
139583,No
139584,Yes
139585,No
139586,Yes
139587,Yes
139588,Yes
139589,No
139590,No
139591,Yes
139592,Yes
139593,No
139594,No
139595,No
139596,No
139597,Yes
139598,Yes
139599,Yes
139600,Yes
139601,No
139602,Yes
139603,No
139604,No
139605,Yes
139606,No
139607,No
139608,No
139609,Yes
139610,Yes
139611,Yes
139612,Yes
139613,Yes
139614,Yes
139615,No
139616,No
139617,No
139618,No
139619,No
139620,Yes
139621,Yes
139622,No
139623,Yes
139624,Yes
139625,Yes
139626,No
139627,Yes
139628,Yes
139629,Yes
139630,Yes
139631,Yes
139632,Yes
139633,No
139634,No
139635,No
139636,Yes
139637,Yes
139638,No
139639,Yes
139640,No
139641,Yes
139642,No
139643,Yes
139644,Yes
139645,No
139646,No
139647,Yes
139648,No
139649,No
139650,Yes
139651,No
139652,Yes
139653,Yes
139654,No
139655,No
139656,No
139657,No
139658,No
139659,Yes
139660,Yes
139661,No
139662,No
139663,Yes
139664,No
139665,Yes
139666,Yes
139667,Yes
139668,Yes
139669,No
139670,No
139671,No
139672,No
139673,No
139674,Yes
139675,No
139676,No
139677,Yes
139678,Yes
139679,No
139680,Yes
139681,Yes
139682,Yes
139683,Yes
139684,Yes
139685,Yes
139686,No
139687,Yes
139688,No
139689,Yes
139690,Yes
139691,Yes
139692,No
139693,No
139694,Yes
139695,Yes
139696,Yes
139697,No
139698,No
139699,No
139700,Yes
139701,Yes
139702,No
139703,Yes
139704,No
139705,Yes
139706,No
139707,Yes
139708,Yes
139709,No
139710,Yes
139711,Yes
139712,Yes
139713,Yes
139714,No
139715,Yes
139716,No
139717,Yes
139718,Yes
139719,Yes
139720,Yes
139721,Yes
139722,No
139723,Yes
139724,Yes
139725,No
139726,No
139727,No
139728,No
139729,No
139730,No
139731,Yes
139732,Yes
139733,Yes
139734,No
139735,No
139736,Yes
139737,No
139738,Yes
139739,Yes
139740,No
139741,Yes
139742,No
139743,Yes
139744,No
139745,Yes
139746,No
139747,Yes
139748,Yes
139749,Yes
139750,Yes
139751,No
139752,Yes
139753,Yes
139754,Yes
139755,Yes
139756,Yes
139757,No
139758,No
139759,Yes
139760,No
139761,Yes
139762,Yes
139763,No
139764,No
139765,No
139766,Yes
139767,No
139768,No
139769,Yes
139770,Yes
139771,Yes
139772,Yes
139773,Yes
139774,No
139775,Yes
139776,Yes
139777,Yes
139778,Yes
139779,Yes
139780,Yes
139781,No
139782,No
139783,Yes
139784,Yes
139785,No
139786,Yes
139787,Yes
139788,No
139789,No
139790,No
139791,No
139792,Yes
139793,Yes
139794,Yes
139795,No
139796,Yes
139797,No
139798,Yes
139799,Yes
139800,No
139801,No
139802,Yes
139803,No
139804,No
139805,Yes
139806,No
139807,Yes
139808,Yes
139809,No
139810,Yes
139811,Yes
139812,Yes
139813,No
139814,Yes
139815,Yes
139816,No
139817,No
139818,Yes
139819,Yes
139820,Yes
139821,Yes
139822,Yes
139823,Yes
139824,No
139825,Yes
139826,No
139827,No
139828,Yes
139829,No
139830,Yes
139831,Yes
139832,No
139833,No
139834,No
139835,No
139836,No
139837,Yes
139838,No
139839,No
139840,Yes
139841,Yes
139842,Yes
139843,No
139844,No
139845,Yes
139846,Yes
139847,Yes
139848,No
139849,Yes
139850,No
139851,No
139852,Yes
139853,No
139854,Yes
139855,Yes
139856,Yes
139857,Yes
139858,Yes
139859,Yes
139860,Yes
139861,No
139862,Yes
139863,No
139864,Yes
139865,Yes
139866,Yes
139867,Yes
139868,Yes
139869,No
139870,Yes
139871,No
139872,No
139873,No
139874,No
139875,No
139876,No
139877,No
139878,No
139879,No
139880,Yes
139881,Yes
139882,Yes
139883,Yes
139884,Yes
139885,Yes
139886,No
139887,No
139888,Yes
139889,Yes
139890,No
139891,No
139892,Yes
139893,Yes
139894,No
139895,Yes
139896,No
139897,No
139898,No
139899,Yes
139900,No
139901,Yes
139902,No
139903,No
139904,Yes
139905,No
139906,No
139907,No
139908,No
139909,Yes
139910,No
139911,No
139912,No
139913,Yes
139914,No
139915,Yes
139916,No
139917,Yes
139918,Yes
139919,Yes
139920,Yes
139921,Yes
139922,Yes
139923,Yes
139924,Yes
139925,Yes
139926,No
139927,No
139928,No
139929,Yes
139930,Yes
139931,Yes
139932,No
139933,No
139934,Yes
139935,No
139936,No
139937,Yes
139938,No
139939,No
139940,No
139941,Yes
139942,Yes
139943,No
139944,No
139945,No
139946,No
139947,Yes
139948,Yes
139949,No
139950,Yes
139951,No
139952,No
139953,Yes
139954,Yes
139955,No
139956,Yes
139957,Yes
139958,Yes
139959,Yes
139960,No
139961,No
139962,No
139963,Yes
139964,No
139965,Yes
139966,No
139967,No
139968,No
139969,Yes
139970,No
139971,Yes
139972,Yes
139973,Yes
139974,No
139975,Yes
139976,No
139977,Yes
139978,Yes
139979,Yes
139980,Yes
139981,No
139982,Yes
139983,Yes
139984,No
139985,No
139986,No
139987,Yes
139988,Yes
139989,Yes
139990,No
139991,No
139992,Yes
139993,Yes
139994,Yes
139995,Yes
139996,No
139997,Yes
139998,Yes
139999,No
140000,Yes
140001,Yes
140002,Yes
140003,Yes
140004,No
140005,Yes
140006,Yes
140007,No
140008,Yes
140009,No
140010,No
140011,Yes
140012,No
140013,Yes
140014,Yes
140015,No
140016,Yes
140017,No
140018,Yes
140019,Yes
140020,No
140021,Yes
140022,Yes
140023,Yes
140024,No
140025,Yes
140026,Yes
140027,No
140028,Yes
140029,Yes
140030,Yes
140031,No
140032,Yes
140033,No
140034,No
140035,No
140036,No
140037,Yes
140038,No
140039,Yes
140040,No
140041,No
140042,Yes
140043,No
140044,Yes
140045,Yes
140046,Yes
140047,Yes
140048,Yes
140049,Yes
140050,No
140051,Yes
140052,Yes
140053,Yes
140054,No
140055,Yes
140056,Yes
140057,Yes
140058,No
140059,No
140060,No
140061,Yes
140062,Yes
140063,Yes
140064,Yes
140065,Yes
140066,No
140067,No
140068,No
140069,Yes
140070,Yes
140071,Yes
140072,No
140073,Yes
140074,No
140075,Yes
140076,No
140077,No
140078,No
140079,No
140080,Yes
140081,No
140082,No
140083,No
140084,Yes
140085,Yes
140086,Yes
140087,Yes
140088,Yes
140089,Yes
140090,No
140091,No
140092,Yes
140093,No
140094,No
140095,No
140096,Yes
140097,No
140098,Yes
140099,Yes
140100,Yes
140101,Yes
140102,No
140103,Yes
140104,Yes
140105,No
140106,Yes
140107,No
140108,No
140109,No
140110,No
140111,No
140112,No
140113,Yes
140114,Yes
140115,Yes
140116,No
140117,Yes
140118,No
140119,No
140120,Yes
140121,No
140122,No
140123,Yes
140124,No
140125,Yes
140126,No
140127,Yes
140128,No
140129,No
140130,No
140131,Yes
140132,Yes
140133,Yes
140134,Yes
140135,Yes
140136,Yes
140137,Yes
140138,No
140139,Yes
140140,Yes
140141,No
140142,No
140143,No
140144,Yes
140145,No
140146,No
140147,Yes
140148,No
140149,No
140150,No
140151,Yes
140152,No
140153,No
140154,No
140155,No
140156,Yes
140157,Yes
140158,No
140159,Yes
140160,Yes
140161,No
140162,Yes
140163,Yes
140164,Yes
140165,No
140166,Yes
140167,Yes
140168,Yes
140169,Yes
140170,No
140171,No
140172,Yes
140173,No
140174,No
140175,Yes
140176,Yes
140177,No
140178,No
140179,No
140180,Yes
140181,No
140182,Yes
140183,No
140184,Yes
140185,Yes
140186,Yes
140187,No
140188,Yes
140189,No
140190,Yes
140191,Yes
140192,Yes
140193,Yes
140194,No
140195,Yes
140196,No
140197,No
140198,No
140199,Yes
140200,No
140201,Yes
140202,Yes
140203,Yes
140204,Yes
140205,No
140206,Yes
140207,Yes
140208,Yes
140209,No
140210,No
140211,No
140212,Yes
140213,Yes
140214,Yes
140215,Yes
140216,Yes
140217,Yes
140218,No
140219,No
140220,No
140221,Yes
140222,Yes
140223,Yes
140224,Yes
140225,Yes
140226,Yes
140227,No
140228,Yes
140229,Yes
140230,Yes
140231,Yes
140232,Yes
140233,No
140234,No
140235,No
140236,No
140237,Yes
140238,Yes
140239,No
140240,Yes
140241,No
140242,Yes
140243,Yes
140244,Yes
140245,No
140246,No
140247,Yes
140248,No
140249,Yes
140250,Yes
140251,No
140252,No
140253,Yes
140254,Yes
140255,No
140256,Yes
140257,Yes
140258,No
140259,Yes
140260,No
140261,No
140262,No
140263,No
140264,No
140265,Yes
140266,Yes
140267,No
140268,Yes
140269,No
140270,Yes
140271,Yes
140272,No
140273,Yes
140274,No
140275,Yes
140276,Yes
140277,Yes
140278,No
140279,No
140280,No
140281,No
140282,Yes
140283,No
140284,Yes
140285,Yes
140286,No
140287,No
140288,No
140289,Yes
140290,Yes
140291,Yes
140292,No
140293,Yes
140294,No
140295,No
140296,No
140297,No
140298,No
140299,Yes
140300,No
140301,Yes
140302,Yes
140303,Yes
140304,Yes
140305,No
140306,No
140307,Yes
140308,Yes
140309,Yes
140310,Yes
140311,Yes
140312,Yes
140313,Yes
140314,Yes
140315,Yes
140316,Yes
140317,No
140318,Yes
140319,Yes
140320,Yes
140321,Yes
140322,Yes
140323,Yes
140324,Yes
140325,No
140326,Yes
140327,No
140328,No
140329,Yes
140330,Yes
140331,Yes
140332,No
140333,Yes
140334,No
140335,Yes
140336,No
140337,No
140338,No
140339,No
140340,No
140341,No
140342,No
140343,No
140344,Yes
140345,No
140346,Yes
140347,No
140348,Yes
140349,No
140350,Yes
140351,No
140352,Yes
140353,No
140354,Yes
140355,No
140356,Yes
140357,No
140358,Yes
140359,Yes
140360,Yes
140361,No
140362,No
140363,Yes
140364,No
140365,Yes
140366,Yes
140367,No
140368,No
140369,No
140370,No
140371,No
140372,No
140373,Yes
140374,Yes
140375,Yes
140376,No
140377,No
140378,Yes
140379,Yes
140380,Yes
140381,Yes
140382,Yes
140383,No
140384,No
140385,No
140386,Yes
140387,No
140388,No
140389,Yes
140390,No
140391,Yes
140392,No
140393,Yes
140394,No
140395,No
140396,No
140397,Yes
140398,Yes
140399,No
140400,Yes
140401,No
140402,No
140403,No
140404,Yes
140405,No
140406,Yes
140407,Yes
140408,Yes
140409,Yes
140410,No
140411,Yes
140412,Yes
140413,Yes
140414,Yes
140415,Yes
140416,No
140417,Yes
140418,Yes
140419,Yes
140420,Yes
140421,No
140422,Yes
140423,Yes
140424,Yes
140425,No
140426,Yes
140427,Yes
140428,Yes
140429,No
140430,No
140431,No
140432,Yes
140433,Yes
140434,Yes
140435,Yes
140436,No
140437,Yes
140438,Yes
140439,Yes
140440,Yes
140441,No
140442,Yes
140443,Yes
140444,No
140445,No
140446,No
140447,Yes
140448,Yes
140449,No
140450,Yes
140451,Yes
140452,Yes
140453,Yes
140454,No
140455,No
140456,Yes
140457,Yes
140458,Yes
140459,No
140460,No
140461,No
140462,Yes
140463,No
140464,No
140465,Yes
140466,Yes
140467,No
140468,No
140469,No
140470,Yes
140471,No
140472,Yes
140473,Yes
140474,No
140475,No
140476,No
140477,Yes
140478,Yes
140479,Yes
140480,No
140481,No
140482,Yes
140483,No
140484,No
140485,Yes
140486,Yes
140487,Yes
140488,Yes
140489,No
140490,Yes
140491,No
140492,Yes
140493,Yes
140494,Yes
140495,No
140496,No
140497,Yes
140498,No
140499,No
140500,Yes
140501,No
140502,No
140503,No
140504,Yes
140505,No
140506,Yes
140507,No
140508,Yes
140509,No
140510,Yes
140511,Yes
140512,Yes
140513,Yes
140514,Yes
140515,No
140516,Yes
140517,No
140518,No
140519,Yes
140520,No
140521,Yes
140522,Yes
140523,Yes
140524,No
140525,Yes
140526,No
140527,Yes
140528,No
140529,Yes
140530,Yes
140531,Yes
140532,Yes
140533,Yes
140534,Yes
140535,Yes
140536,Yes
140537,Yes
140538,No
140539,Yes
140540,Yes
140541,No
140542,Yes
140543,Yes
140544,Yes
140545,No
140546,Yes
140547,Yes
140548,Yes
140549,No
140550,No
140551,Yes
140552,Yes
140553,Yes
140554,No
140555,Yes
140556,Yes
140557,Yes
140558,No
140559,No
140560,Yes
140561,Yes
140562,No
140563,Yes
140564,Yes
140565,Yes
140566,No
140567,No
140568,No
140569,No
140570,No
140571,Yes
140572,Yes
140573,Yes
140574,No
140575,No
140576,Yes
140577,Yes
140578,Yes
140579,Yes
140580,No
140581,Yes
140582,Yes
140583,No
140584,Yes
140585,No
140586,No
140587,No
140588,No
140589,Yes
140590,Yes
140591,Yes
140592,No
140593,No
140594,No
140595,No
140596,No
140597,No
140598,Yes
140599,Yes
140600,Yes
140601,No
140602,No
140603,Yes
140604,No
140605,No
140606,Yes
140607,No
140608,No
140609,No
140610,Yes
140611,Yes
140612,No
140613,No
140614,No
140615,Yes
140616,Yes
140617,Yes
140618,Yes
140619,No
140620,Yes
140621,Yes
140622,No
140623,No
140624,Yes
140625,Yes
140626,Yes
140627,No
140628,Yes
140629,No
140630,No
140631,Yes
140632,No
140633,No
140634,No
140635,Yes
140636,No
140637,Yes
140638,Yes
140639,Yes
140640,No
140641,Yes
140642,No
140643,Yes
140644,Yes
140645,No
140646,Yes
140647,Yes
140648,No
140649,No
140650,No
140651,No
140652,Yes
140653,Yes
140654,No
140655,Yes
140656,No
140657,Yes
140658,Yes
140659,Yes
140660,Yes
140661,No
140662,Yes
140663,No
140664,Yes
140665,Yes
140666,No
140667,Yes
140668,No
140669,No
140670,No
140671,Yes
140672,Yes
140673,Yes
140674,Yes
140675,No
140676,No
140677,Yes
140678,Yes
140679,No
140680,No
140681,Yes
140682,No
140683,Yes
140684,Yes
140685,Yes
140686,No
140687,Yes
140688,Yes
140689,No
140690,No
140691,No
140692,Yes
140693,Yes
140694,Yes
140695,Yes
140696,No
140697,Yes
140698,Yes
140699,No
140700,No
140701,No
140702,No
140703,Yes
140704,No
140705,No
140706,Yes
140707,No
140708,Yes
140709,Yes
140710,Yes
140711,Yes
140712,No
140713,Yes
140714,Yes
140715,No
140716,Yes
140717,No
140718,Yes
140719,Yes
140720,No
140721,Yes
140722,Yes
140723,Yes
140724,No
140725,Yes
140726,No
140727,Yes
140728,Yes
140729,No
140730,No
140731,Yes
140732,Yes
140733,No
140734,Yes
140735,Yes
140736,No
140737,Yes
140738,No
140739,No
140740,Yes
140741,No
140742,Yes
140743,Yes
140744,Yes
140745,Yes
140746,No
140747,Yes
140748,No
140749,Yes
140750,Yes
140751,No
140752,Yes
140753,No
140754,Yes
140755,No
140756,Yes
140757,No
140758,No
140759,No
140760,No
140761,No
140762,No
140763,Yes
140764,Yes
140765,No
140766,Yes
140767,No
140768,No
140769,Yes
140770,Yes
140771,Yes
140772,Yes
140773,Yes
140774,No
140775,No
140776,Yes
140777,Yes
140778,No
140779,No
140780,Yes
140781,Yes
140782,Yes
140783,Yes
140784,Yes
140785,No
140786,Yes
140787,Yes
140788,Yes
140789,Yes
140790,Yes
140791,No
140792,No
140793,Yes
140794,No
140795,Yes
140796,Yes
140797,Yes
140798,No
140799,No
140800,No
140801,No
140802,No
140803,No
140804,Yes
140805,Yes
140806,Yes
140807,Yes
140808,No
140809,No
140810,Yes
140811,No
140812,No
140813,No
140814,No
140815,No
140816,No
140817,Yes
140818,No
140819,Yes
140820,Yes
140821,Yes
140822,Yes
140823,No
140824,Yes
140825,No
140826,Yes
140827,Yes
140828,No
140829,Yes
140830,Yes
140831,No
140832,Yes
140833,No
140834,No
140835,No
140836,Yes
140837,No
140838,No
140839,Yes
140840,No
140841,Yes
140842,No
140843,Yes
140844,Yes
140845,No
140846,Yes
140847,Yes
140848,Yes
140849,Yes
140850,Yes
140851,Yes
140852,Yes
140853,Yes
140854,Yes
140855,Yes
140856,No
140857,Yes
140858,Yes
140859,Yes
140860,Yes
140861,Yes
140862,No
140863,Yes
140864,No
140865,Yes
140866,Yes
140867,Yes
140868,Yes
140869,No
140870,Yes
140871,No
140872,Yes
140873,Yes
140874,No
140875,No
140876,Yes
140877,No
140878,No
140879,Yes
140880,Yes
140881,No
140882,No
140883,Yes
140884,Yes
140885,Yes
140886,Yes
140887,No
140888,Yes
140889,No
140890,Yes
140891,Yes
140892,Yes
140893,No
140894,Yes
140895,Yes
140896,No
140897,No
140898,Yes
140899,No
140900,No
140901,Yes
140902,No
140903,No
140904,Yes
140905,Yes
140906,Yes
140907,Yes
140908,Yes
140909,Yes
140910,No
140911,Yes
140912,No
140913,Yes
140914,Yes
140915,No
140916,Yes
140917,No
140918,Yes
140919,Yes
140920,Yes
140921,No
140922,Yes
140923,No
140924,Yes
140925,Yes
140926,Yes
140927,Yes
140928,Yes
140929,Yes
140930,Yes
140931,No
140932,Yes
140933,Yes
140934,Yes
140935,Yes
140936,Yes
140937,Yes
140938,Yes
140939,Yes
140940,No
140941,Yes
140942,Yes
140943,No
140944,Yes
140945,Yes
140946,Yes
140947,No
140948,Yes
140949,No
140950,No
140951,Yes
140952,Yes
140953,Yes
140954,Yes
140955,Yes
140956,No
140957,Yes
140958,Yes
140959,Yes
140960,No
140961,Yes
140962,Yes
140963,No
140964,No
140965,No
140966,Yes
140967,No
140968,No
140969,Yes
140970,Yes
140971,No
140972,Yes
140973,No
140974,No
140975,No
140976,Yes
140977,Yes
140978,No
140979,No
140980,No
140981,No
140982,No
140983,Yes
140984,Yes
140985,Yes
140986,No
140987,No
140988,No
140989,Yes
140990,Yes
140991,No
140992,Yes
140993,Yes
140994,Yes
140995,Yes
140996,No
140997,No
140998,Yes
140999,Yes
141000,Yes
141001,Yes
141002,No
141003,Yes
141004,Yes
141005,No
141006,Yes
141007,Yes
141008,No
141009,Yes
141010,No
141011,Yes
141012,Yes
141013,Yes
141014,No
141015,Yes
141016,Yes
141017,Yes
141018,No
141019,Yes
141020,Yes
141021,Yes
141022,Yes
141023,Yes
141024,No
141025,No
141026,No
141027,No
141028,Yes
141029,Yes
141030,Yes
141031,No
141032,No
141033,Yes
141034,Yes
141035,Yes
141036,Yes
141037,No
141038,Yes
141039,Yes
141040,Yes
141041,Yes
141042,Yes
141043,No
141044,No
141045,No
141046,No
141047,No
141048,Yes
141049,Yes
141050,No
141051,Yes
141052,No
141053,No
141054,No
141055,Yes
141056,No
141057,Yes
141058,Yes
141059,Yes
141060,Yes
141061,No
141062,No
141063,No
141064,Yes
141065,No
141066,No
141067,Yes
141068,Yes
141069,Yes
141070,No
141071,Yes
141072,Yes
141073,Yes
141074,Yes
141075,No
141076,Yes
141077,Yes
141078,Yes
141079,Yes
141080,No
141081,Yes
141082,Yes
141083,Yes
141084,No
141085,Yes
141086,Yes
141087,Yes
141088,No
141089,No
141090,No
141091,No
141092,No
141093,No
141094,No
141095,Yes
141096,Yes
141097,Yes
141098,Yes
141099,No
141100,Yes
141101,No
141102,No
141103,No
141104,No
141105,No
141106,Yes
141107,No
141108,No
141109,No
141110,Yes
141111,Yes
141112,Yes
141113,No
141114,Yes
141115,Yes
141116,No
141117,Yes
141118,No
141119,No
141120,No
141121,No
141122,Yes
141123,No
141124,Yes
141125,No
141126,Yes
141127,Yes
141128,Yes
141129,No
141130,No
141131,No
141132,No
141133,Yes
141134,No
141135,Yes
141136,Yes
141137,Yes
141138,No
141139,No
141140,No
141141,Yes
141142,No
141143,Yes
141144,Yes
141145,No
141146,No
141147,Yes
141148,No
141149,No
141150,No
141151,Yes
141152,Yes
141153,Yes
141154,Yes
141155,Yes
141156,No
141157,Yes
141158,Yes
141159,Yes
141160,Yes
141161,Yes
141162,No
141163,Yes
141164,No
141165,Yes
141166,Yes
141167,No
141168,Yes
141169,No
141170,Yes
141171,No
141172,Yes
141173,Yes
141174,No
141175,Yes
141176,Yes
141177,Yes
141178,Yes
141179,Yes
141180,Yes
141181,No
141182,Yes
141183,No
141184,No
141185,No
141186,Yes
141187,Yes
141188,Yes
141189,No
141190,Yes
141191,No
141192,No
141193,Yes
141194,Yes
141195,Yes
141196,No
141197,Yes
141198,Yes
141199,Yes
141200,Yes
141201,Yes
141202,Yes
141203,Yes
141204,Yes
141205,Yes
141206,Yes
141207,No
141208,Yes
141209,No
141210,Yes
141211,Yes
141212,Yes
141213,No
141214,Yes
141215,No
141216,No
141217,No
141218,No
141219,Yes
141220,No
141221,Yes
141222,Yes
141223,No
141224,No
141225,Yes
141226,No
141227,No
141228,No
141229,No
141230,Yes
141231,Yes
141232,No
141233,Yes
141234,No
141235,Yes
141236,Yes
141237,Yes
141238,Yes
141239,Yes
141240,Yes
141241,Yes
141242,Yes
141243,No
141244,Yes
141245,Yes
141246,Yes
141247,No
141248,No
141249,Yes
141250,No
141251,No
141252,Yes
141253,Yes
141254,No
141255,Yes
141256,No
141257,Yes
141258,No
141259,Yes
141260,Yes
141261,Yes
141262,No
141263,No
141264,Yes
141265,No
141266,No
141267,Yes
141268,Yes
141269,No
141270,Yes
141271,Yes
141272,No
141273,No
141274,Yes
141275,No
141276,No
141277,Yes
141278,Yes
141279,Yes
141280,Yes
141281,No
141282,Yes
141283,Yes
141284,No
141285,No
141286,No
141287,No
141288,No
141289,No
141290,Yes
141291,No
141292,No
141293,Yes
141294,No
141295,Yes
141296,Yes
141297,No
141298,Yes
141299,Yes
141300,No
141301,No
141302,No
141303,Yes
141304,No
141305,No
141306,No
141307,Yes
141308,No
141309,Yes
141310,No
141311,Yes
141312,No
141313,Yes
141314,Yes
141315,Yes
141316,No
141317,No
141318,Yes
141319,Yes
141320,Yes
141321,No
141322,Yes
141323,No
141324,Yes
141325,No
141326,Yes
141327,Yes
141328,Yes
141329,No
141330,Yes
141331,No
141332,No
141333,No
141334,Yes
141335,Yes
141336,Yes
141337,Yes
141338,Yes
141339,Yes
141340,No
141341,Yes
141342,No
141343,No
141344,No
141345,No
141346,No
141347,Yes
141348,Yes
141349,No
141350,Yes
141351,Yes
141352,Yes
141353,No
141354,No
141355,Yes
141356,Yes
141357,Yes
141358,Yes
141359,Yes
141360,No
141361,Yes
141362,Yes
141363,Yes
141364,Yes
141365,No
141366,No
141367,No
141368,Yes
141369,No
141370,Yes
141371,Yes
141372,No
141373,Yes
141374,Yes
141375,Yes
141376,No
141377,Yes
141378,Yes
141379,Yes
141380,Yes
141381,Yes
141382,No
141383,Yes
141384,No
141385,Yes
141386,No
141387,No
141388,No
141389,Yes
141390,Yes
141391,Yes
141392,Yes
141393,Yes
141394,No
141395,No
141396,No
141397,No
141398,No
141399,Yes
141400,Yes
141401,Yes
141402,Yes
141403,Yes
141404,Yes
141405,No
141406,No
141407,No
141408,Yes
141409,No
141410,Yes
141411,No
141412,Yes
141413,No
141414,Yes
141415,No
141416,No
141417,No
141418,Yes
141419,No
141420,Yes
141421,No
141422,No
141423,No
141424,No
141425,Yes
141426,Yes
141427,No
141428,Yes
141429,Yes
141430,No
141431,No
141432,Yes
141433,Yes
141434,Yes
141435,No
141436,No
141437,Yes
141438,No
141439,No
141440,No
141441,Yes
141442,Yes
141443,No
141444,Yes
141445,No
141446,Yes
141447,Yes
141448,Yes
141449,Yes
141450,Yes
141451,Yes
141452,Yes
141453,Yes
141454,No
141455,No
141456,No
141457,No
141458,Yes
141459,Yes
141460,No
141461,No
141462,No
141463,Yes
141464,No
141465,No
141466,No
141467,Yes
141468,No
141469,Yes
141470,Yes
141471,Yes
141472,Yes
141473,Yes
141474,Yes
141475,No
141476,Yes
141477,No
141478,Yes
141479,No
141480,Yes
141481,Yes
141482,Yes
141483,Yes
141484,No
141485,Yes
141486,No
141487,Yes
141488,No
141489,Yes
141490,Yes
141491,Yes
141492,No
141493,No
141494,Yes
141495,Yes
141496,Yes
141497,No
141498,Yes
141499,No
141500,No
141501,No
141502,Yes
141503,Yes
141504,Yes
141505,No
141506,Yes
141507,Yes
141508,No
141509,No
141510,Yes
141511,Yes
141512,Yes
141513,Yes
141514,Yes
141515,No
141516,No
141517,No
141518,Yes
141519,No
141520,Yes
141521,Yes
141522,No
141523,Yes
141524,No
141525,Yes
141526,No
141527,Yes
141528,No
141529,Yes
141530,Yes
141531,No
141532,Yes
141533,Yes
141534,No
141535,Yes
141536,No
141537,Yes
141538,Yes
141539,Yes
141540,No
141541,Yes
141542,No
141543,No
141544,No
141545,No
141546,Yes
141547,Yes
141548,No
141549,Yes
141550,Yes
141551,Yes
141552,Yes
141553,Yes
141554,Yes
141555,Yes
141556,Yes
141557,No
141558,No
141559,Yes
141560,Yes
141561,Yes
141562,No
141563,Yes
141564,Yes
141565,Yes
141566,Yes
141567,Yes
141568,Yes
141569,No
141570,Yes
141571,Yes
141572,No
141573,Yes
141574,No
141575,Yes
141576,Yes
141577,Yes
141578,No
141579,Yes
141580,Yes
141581,Yes
141582,Yes
141583,Yes
141584,Yes
141585,No
141586,No
141587,Yes
141588,Yes
141589,Yes
141590,Yes
141591,Yes
141592,Yes
141593,Yes
141594,No
141595,Yes
141596,No
141597,Yes
141598,Yes
141599,Yes
141600,Yes
141601,Yes
141602,No
141603,Yes
141604,Yes
141605,No
141606,Yes
141607,No
141608,Yes
141609,No
141610,No
141611,Yes
141612,No
141613,Yes
141614,No
141615,No
141616,No
141617,Yes
141618,Yes
141619,Yes
141620,Yes
141621,Yes
141622,Yes
141623,Yes
141624,No
141625,Yes
141626,Yes
141627,No
141628,No
141629,Yes
141630,No
141631,No
141632,Yes
141633,No
141634,Yes
141635,Yes
141636,Yes
141637,Yes
141638,No
141639,Yes
141640,No
141641,Yes
141642,Yes
141643,No
141644,Yes
141645,Yes
141646,No
141647,No
141648,Yes
141649,Yes
141650,Yes
141651,No
141652,Yes
141653,No
141654,Yes
141655,Yes
141656,Yes
141657,Yes
141658,Yes
141659,No
141660,No
141661,Yes
141662,No
141663,Yes
141664,Yes
141665,Yes
141666,Yes
141667,Yes
141668,No
141669,No
141670,Yes
141671,No
141672,No
141673,Yes
141674,No
141675,Yes
141676,Yes
141677,Yes
141678,Yes
141679,Yes
141680,Yes
141681,Yes
141682,Yes
141683,No
141684,Yes
141685,Yes
141686,No
141687,No
141688,No
141689,Yes
141690,Yes
141691,No
141692,Yes
141693,Yes
141694,No
141695,Yes
141696,Yes
141697,No
141698,Yes
141699,No
141700,No
141701,No
141702,Yes
141703,No
141704,Yes
141705,No
141706,Yes
141707,Yes
141708,Yes
141709,Yes
141710,No
141711,Yes
141712,No
141713,No
141714,Yes
141715,No
141716,No
141717,No
141718,No
141719,Yes
141720,Yes
141721,Yes
141722,No
141723,No
141724,No
141725,Yes
141726,No
141727,No
141728,No
141729,No
141730,No
141731,Yes
141732,No
141733,Yes
141734,Yes
141735,Yes
141736,Yes
141737,Yes
141738,Yes
141739,Yes
141740,Yes
141741,No
141742,Yes
141743,Yes
141744,No
141745,No
141746,Yes
141747,No
141748,Yes
141749,Yes
141750,No
141751,Yes
141752,No
141753,No
141754,No
141755,Yes
141756,Yes
141757,Yes
141758,No
141759,No
141760,No
141761,No
141762,No
141763,No
141764,Yes
141765,Yes
141766,Yes
141767,Yes
141768,Yes
141769,No
141770,No
141771,Yes
141772,Yes
141773,No
141774,Yes
141775,Yes
141776,Yes
141777,No
141778,No
141779,No
141780,No
141781,Yes
141782,Yes
141783,Yes
141784,Yes
141785,Yes
141786,No
141787,No
141788,Yes
141789,Yes
141790,No
141791,Yes
141792,Yes
141793,Yes
141794,Yes
141795,No
141796,No
141797,Yes
141798,No
141799,Yes
141800,Yes
141801,No
141802,Yes
141803,Yes
141804,No
141805,Yes
141806,Yes
141807,No
141808,Yes
141809,Yes
141810,No
141811,Yes
141812,Yes
141813,No
141814,Yes
141815,No
141816,No
141817,Yes
141818,Yes
141819,No
141820,No
141821,No
141822,Yes
141823,Yes
141824,No
141825,Yes
141826,No
141827,No
141828,No
141829,Yes
141830,No
141831,Yes
141832,Yes
141833,Yes
141834,No
141835,Yes
141836,No
141837,Yes
141838,No
141839,Yes
141840,No
141841,No
141842,Yes
141843,No
141844,No
141845,No
141846,Yes
141847,No
141848,No
141849,Yes
141850,Yes
141851,No
141852,Yes
141853,Yes
141854,No
141855,Yes
141856,Yes
141857,No
141858,No
141859,No
141860,No
141861,No
141862,Yes
141863,Yes
141864,Yes
141865,Yes
141866,No
141867,Yes
141868,Yes
141869,Yes
141870,Yes
141871,Yes
141872,No
141873,No
141874,No
141875,No
141876,Yes
141877,Yes
141878,No
141879,Yes
141880,Yes
141881,No
141882,Yes
141883,No
141884,Yes
141885,No
141886,No
141887,Yes
141888,Yes
141889,No
141890,Yes
141891,No
141892,No
141893,No
141894,No
141895,No
141896,No
141897,Yes
141898,No
141899,Yes
141900,No
141901,Yes
141902,No
141903,No
141904,Yes
141905,Yes
141906,No
141907,Yes
141908,Yes
141909,Yes
141910,Yes
141911,No
141912,Yes
141913,Yes
141914,No
141915,Yes
141916,Yes
141917,Yes
141918,Yes
141919,Yes
141920,Yes
141921,Yes
141922,Yes
141923,Yes
141924,No
141925,Yes
141926,Yes
141927,Yes
141928,Yes
141929,Yes
141930,Yes
141931,Yes
141932,Yes
141933,Yes
141934,No
141935,No
141936,No
141937,No
141938,No
141939,Yes
141940,No
141941,Yes
141942,Yes
141943,No
141944,No
141945,No
141946,Yes
141947,Yes
141948,Yes
141949,Yes
141950,Yes
141951,Yes
141952,Yes
141953,Yes
141954,No
141955,No
141956,Yes
141957,No
141958,No
141959,Yes
141960,No
141961,Yes
141962,No
141963,Yes
141964,Yes
141965,No
141966,Yes
141967,No
141968,Yes
141969,No
141970,Yes
141971,No
141972,Yes
141973,No
141974,No
141975,Yes
141976,Yes
141977,Yes
141978,Yes
141979,Yes
141980,No
141981,Yes
141982,Yes
141983,No
141984,No
141985,Yes
141986,No
141987,No
141988,Yes
141989,Yes
141990,No
141991,No
141992,Yes
141993,Yes
141994,No
141995,Yes
141996,Yes
141997,Yes
141998,No
141999,Yes
142000,No
142001,Yes
142002,Yes
142003,Yes
142004,No
142005,Yes
142006,Yes
142007,Yes
142008,No
142009,Yes
142010,No
142011,Yes
142012,No
142013,No
142014,Yes
142015,Yes
142016,Yes
142017,Yes
142018,No
142019,Yes
142020,Yes
142021,Yes
142022,No
142023,No
142024,Yes
142025,No
142026,No
142027,Yes
142028,No
142029,Yes
142030,Yes
142031,Yes
142032,No
142033,Yes
142034,Yes
142035,No
142036,No
142037,Yes
142038,Yes
142039,Yes
142040,No
142041,Yes
142042,Yes
142043,Yes
142044,Yes
142045,Yes
142046,Yes
142047,No
142048,No
142049,Yes
142050,No
142051,No
142052,Yes
142053,No
142054,Yes
142055,Yes
142056,Yes
142057,Yes
142058,No
142059,Yes
142060,Yes
142061,No
142062,Yes
142063,No
142064,Yes
142065,Yes
142066,No
142067,Yes
142068,No
142069,No
142070,No
142071,Yes
142072,No
142073,No
142074,No
142075,No
142076,Yes
142077,No
142078,Yes
142079,No
142080,Yes
142081,Yes
142082,No
142083,Yes
142084,Yes
142085,Yes
142086,No
142087,No
142088,Yes
142089,Yes
142090,Yes
142091,No
142092,Yes
142093,Yes
142094,Yes
142095,No
142096,Yes
142097,Yes
142098,No
142099,No
142100,No
142101,Yes
142102,Yes
142103,No
142104,No
142105,Yes
142106,No
142107,Yes
142108,No
142109,No
142110,No
142111,No
142112,No
142113,Yes
142114,No
142115,No
142116,No
142117,Yes
142118,No
142119,Yes
142120,Yes
142121,Yes
142122,Yes
142123,No
142124,No
142125,Yes
142126,No
142127,Yes
142128,Yes
142129,Yes
142130,No
142131,Yes
142132,Yes
142133,Yes
142134,Yes
142135,Yes
142136,No
142137,Yes
142138,No
142139,Yes
142140,Yes
142141,No
142142,Yes
142143,No
142144,No
142145,Yes
142146,No
142147,Yes
142148,Yes
142149,No
142150,Yes
142151,No
142152,Yes
142153,Yes
142154,Yes
142155,No
142156,No
142157,Yes
142158,Yes
142159,Yes
142160,No
142161,Yes
142162,Yes
142163,Yes
142164,Yes
142165,No
142166,Yes
142167,Yes
142168,Yes
142169,Yes
142170,Yes
142171,No
142172,Yes
142173,Yes
142174,No
142175,Yes
142176,Yes
142177,Yes
142178,No
142179,No
142180,Yes
142181,No
142182,Yes
142183,Yes
142184,Yes
142185,No
142186,Yes
142187,Yes
142188,No
142189,No
142190,No
142191,Yes
142192,Yes
142193,No
142194,Yes
142195,Yes
142196,Yes
142197,No
142198,Yes
142199,Yes
142200,Yes
142201,No
142202,Yes
142203,Yes
142204,No
142205,No
142206,Yes
142207,Yes
142208,Yes
142209,Yes
142210,Yes
142211,No
142212,No
142213,Yes
142214,No
142215,Yes
142216,No
142217,No
142218,Yes
142219,Yes
142220,No
142221,No
142222,No
142223,No
142224,No
142225,No
142226,No
142227,No
142228,No
142229,Yes
142230,Yes
142231,No
142232,No
142233,Yes
142234,No
142235,No
142236,No
142237,Yes
142238,Yes
142239,No
142240,Yes
142241,Yes
142242,Yes
142243,No
142244,Yes
142245,Yes
142246,Yes
142247,No
142248,Yes
142249,No
142250,No
142251,Yes
142252,No
142253,Yes
142254,Yes
142255,No
142256,Yes
142257,No
142258,No
142259,No
142260,Yes
142261,No
142262,No
142263,No
142264,No
142265,Yes
142266,No
142267,No
142268,No
142269,Yes
142270,No
142271,Yes
142272,No
142273,No
142274,Yes
142275,Yes
142276,Yes
142277,No
142278,Yes
142279,Yes
142280,No
142281,Yes
142282,No
142283,No
142284,Yes
142285,Yes
142286,Yes
142287,Yes
142288,Yes
142289,Yes
142290,No
142291,No
142292,No
142293,No
142294,No
142295,No
142296,Yes
142297,Yes
142298,Yes
142299,No
142300,No
142301,Yes
142302,No
142303,Yes
142304,No
142305,No
142306,Yes
142307,Yes
142308,Yes
142309,Yes
142310,Yes
142311,No
142312,Yes
142313,No
142314,Yes
142315,Yes
142316,Yes
142317,Yes
142318,No
142319,Yes
142320,No
142321,Yes
142322,Yes
142323,Yes
142324,No
142325,No
142326,Yes
142327,No
142328,Yes
142329,No
142330,Yes
142331,No
142332,Yes
142333,Yes
142334,Yes
142335,Yes
142336,Yes
142337,Yes
142338,Yes
142339,No
142340,No
142341,No
142342,No
142343,No
142344,No
142345,Yes
142346,Yes
142347,Yes
142348,No
142349,Yes
142350,No
142351,Yes
142352,Yes
142353,Yes
142354,No
142355,No
142356,Yes
142357,Yes
142358,No
142359,Yes
142360,Yes
142361,Yes
142362,No
142363,Yes
142364,Yes
142365,Yes
142366,No
142367,Yes
142368,Yes
142369,Yes
142370,Yes
142371,No
142372,Yes
142373,Yes
142374,No
142375,Yes
142376,No
142377,No
142378,Yes
142379,Yes
142380,No
142381,Yes
142382,Yes
142383,No
142384,Yes
142385,Yes
142386,Yes
142387,Yes
142388,Yes
142389,No
142390,Yes
142391,Yes
142392,Yes
142393,Yes
142394,Yes
142395,Yes
142396,No
142397,Yes
142398,Yes
142399,Yes
142400,Yes
142401,Yes
142402,Yes
142403,No
142404,Yes
142405,Yes
142406,No
142407,No
142408,Yes
142409,No
142410,Yes
142411,No
142412,No
142413,Yes
142414,No
142415,Yes
142416,No
142417,No
142418,Yes
142419,No
142420,Yes
142421,Yes
142422,Yes
142423,Yes
142424,No
142425,No
142426,No
142427,Yes
142428,No
142429,Yes
142430,Yes
142431,Yes
142432,Yes
142433,No
142434,Yes
142435,Yes
142436,No
142437,Yes
142438,Yes
142439,No
142440,No
142441,Yes
142442,Yes
142443,Yes
142444,No
142445,Yes
142446,No
142447,Yes
142448,Yes
142449,No
142450,No
142451,Yes
142452,Yes
142453,No
142454,Yes
142455,No
142456,No
142457,No
142458,Yes
142459,No
142460,No
142461,No
142462,Yes
142463,No
142464,No
142465,Yes
142466,No
142467,No
142468,Yes
142469,No
142470,Yes
142471,Yes
142472,Yes
142473,Yes
142474,Yes
142475,Yes
142476,No
142477,Yes
142478,Yes
142479,Yes
142480,No
142481,No
142482,Yes
142483,Yes
142484,No
142485,No
142486,Yes
142487,No
142488,Yes
142489,Yes
142490,No
142491,Yes
142492,Yes
142493,No
142494,No
142495,Yes
142496,Yes
142497,No
142498,No
142499,No
142500,No
142501,Yes
142502,Yes
142503,Yes
142504,Yes
142505,Yes
142506,Yes
142507,No
142508,Yes
142509,No
142510,No
142511,No
142512,Yes
142513,No
142514,Yes
142515,No
142516,No
142517,Yes
142518,Yes
142519,Yes
142520,Yes
142521,No
142522,No
142523,No
142524,No
142525,Yes
142526,Yes
142527,No
142528,Yes
142529,No
142530,Yes
142531,No
142532,Yes
142533,Yes
142534,No
142535,Yes
142536,Yes
142537,No
142538,No
142539,No
142540,Yes
142541,No
142542,Yes
142543,Yes
142544,No
142545,Yes
142546,No
142547,No
142548,No
142549,No
142550,No
142551,No
142552,No
142553,No
142554,No
142555,Yes
142556,No
142557,No
142558,Yes
142559,Yes
142560,Yes
142561,No
142562,No
142563,No
142564,No
142565,No
142566,No
142567,Yes
142568,No
142569,No
142570,Yes
142571,Yes
142572,Yes
142573,No
142574,Yes
142575,No
142576,Yes
142577,Yes
142578,Yes
142579,No
142580,Yes
142581,Yes
142582,No
142583,No
142584,No
142585,Yes
142586,Yes
142587,No
142588,Yes
142589,Yes
142590,Yes
142591,Yes
142592,Yes
142593,Yes
142594,No
142595,Yes
142596,Yes
142597,Yes
142598,No
142599,Yes
142600,No
142601,Yes
142602,Yes
142603,Yes
142604,No
142605,No
142606,No
142607,No
142608,Yes
142609,No
142610,No
142611,No
142612,Yes
142613,Yes
142614,Yes
142615,Yes
142616,Yes
142617,No
142618,No
142619,Yes
142620,No
142621,Yes
142622,No
142623,Yes
142624,No
142625,Yes
142626,No
142627,No
142628,Yes
142629,No
142630,No
142631,No
142632,No
142633,No
142634,Yes
142635,No
142636,No
142637,Yes
142638,Yes
142639,Yes
142640,No
142641,No
142642,No
142643,Yes
142644,No
142645,Yes
142646,Yes
142647,Yes
142648,No
142649,Yes
142650,No
142651,Yes
142652,No
142653,No
142654,Yes
142655,Yes
142656,No
142657,Yes
142658,No
142659,Yes
142660,No
142661,Yes
142662,No
142663,Yes
142664,Yes
142665,Yes
142666,Yes
142667,Yes
142668,Yes
142669,No
142670,No
142671,Yes
142672,Yes
142673,No
142674,No
142675,Yes
142676,Yes
142677,No
142678,Yes
142679,Yes
142680,Yes
142681,Yes
142682,No
142683,Yes
142684,Yes
142685,No
142686,Yes
142687,No
142688,No
142689,No
142690,No
142691,No
142692,No
142693,No
142694,Yes
142695,Yes
142696,Yes
142697,Yes
142698,No
142699,No
142700,No
142701,No
142702,No
142703,Yes
142704,No
142705,No
142706,No
142707,Yes
142708,No
142709,No
142710,Yes
142711,Yes
142712,Yes
142713,No
142714,No
142715,Yes
142716,No
142717,Yes
142718,No
142719,No
142720,Yes
142721,Yes
142722,Yes
142723,No
142724,No
142725,No
142726,No
142727,Yes
142728,No
142729,No
142730,Yes
142731,Yes
142732,No
142733,No
142734,No
142735,Yes
142736,Yes
142737,No
142738,Yes
142739,No
142740,Yes
142741,No
142742,No
142743,Yes
142744,Yes
142745,Yes
142746,Yes
142747,No
142748,Yes
142749,Yes
142750,Yes
142751,No
142752,Yes
142753,Yes
142754,No
142755,Yes
142756,Yes
142757,No
142758,No
142759,Yes
142760,No
142761,Yes
142762,No
142763,Yes
142764,No
142765,Yes
142766,No
142767,No
142768,Yes
142769,No
142770,Yes
142771,Yes
142772,No
142773,No
142774,Yes
142775,Yes
142776,Yes
142777,Yes
142778,No
142779,Yes
142780,No
142781,No
142782,Yes
142783,No
142784,No
142785,Yes
142786,Yes
142787,Yes
142788,Yes
142789,Yes
142790,Yes
142791,No
142792,No
142793,Yes
142794,No
142795,Yes
142796,No
142797,Yes
142798,Yes
142799,Yes
142800,No
142801,Yes
142802,Yes
142803,Yes
142804,Yes
142805,Yes
142806,Yes
142807,Yes
142808,No
142809,No
142810,Yes
142811,No
142812,Yes
142813,Yes
142814,No
142815,No
142816,Yes
142817,Yes
142818,No
142819,No
142820,No
142821,Yes
142822,Yes
142823,Yes
142824,Yes
142825,Yes
142826,Yes
142827,Yes
142828,No
142829,Yes
142830,No
142831,Yes
142832,Yes
142833,No
142834,No
142835,No
142836,Yes
142837,Yes
142838,Yes
142839,No
142840,No
142841,Yes
142842,No
142843,Yes
142844,No
142845,Yes
142846,No
142847,Yes
142848,Yes
142849,Yes
142850,No
142851,Yes
142852,Yes
142853,Yes
142854,No
142855,No
142856,No
142857,Yes
142858,No
142859,No
142860,Yes
142861,Yes
142862,No
142863,No
142864,No
142865,No
142866,Yes
142867,Yes
142868,No
142869,Yes
142870,Yes
142871,No
142872,Yes
142873,No
142874,Yes
142875,Yes
142876,No
142877,Yes
142878,No
142879,No
142880,No
142881,Yes
142882,No
142883,Yes
142884,Yes
142885,No
142886,Yes
142887,No
142888,No
142889,No
142890,No
142891,Yes
142892,Yes
142893,Yes
142894,No
142895,No
142896,Yes
142897,No
142898,Yes
142899,Yes
142900,Yes
142901,Yes
142902,Yes
142903,No
142904,Yes
142905,Yes
142906,No
142907,Yes
142908,Yes
142909,Yes
142910,Yes
142911,No
142912,Yes
142913,Yes
142914,Yes
142915,No
142916,Yes
142917,No
142918,Yes
142919,No
142920,No
142921,Yes
142922,Yes
142923,No
142924,Yes
142925,Yes
142926,No
142927,No
142928,No
142929,Yes
142930,No
142931,No
142932,No
142933,Yes
142934,No
142935,Yes
142936,Yes
142937,No
142938,Yes
142939,Yes
142940,Yes
142941,No
142942,No
142943,Yes
142944,No
142945,No
142946,No
142947,No
142948,No
142949,Yes
142950,Yes
142951,No
142952,Yes
142953,Yes
142954,Yes
142955,Yes
142956,Yes
142957,Yes
142958,Yes
142959,No
142960,Yes
142961,No
142962,Yes
142963,Yes
142964,No
142965,Yes
142966,No
142967,No
142968,No
142969,No
142970,Yes
142971,Yes
142972,No
142973,No
142974,Yes
142975,Yes
142976,Yes
142977,Yes
142978,Yes
142979,No
142980,No
142981,Yes
142982,Yes
142983,No
142984,Yes
142985,Yes
142986,Yes
142987,Yes
142988,No
142989,No
142990,No
142991,Yes
142992,Yes
142993,Yes
142994,No
142995,Yes
142996,Yes
142997,Yes
142998,No
142999,Yes
143000,Yes
143001,No
143002,No
143003,No
143004,No
143005,No
143006,Yes
143007,Yes
143008,Yes
143009,No
143010,Yes
143011,Yes
143012,Yes
143013,No
143014,No
143015,Yes
143016,No
143017,No
143018,No
143019,Yes
143020,No
143021,Yes
143022,No
143023,No
143024,Yes
143025,Yes
143026,No
143027,Yes
143028,No
143029,No
143030,No
143031,No
143032,Yes
143033,No
143034,Yes
143035,Yes
143036,No
143037,Yes
143038,Yes
143039,Yes
143040,No
143041,Yes
143042,Yes
143043,No
143044,No
143045,No
143046,No
143047,No
143048,No
143049,No
143050,Yes
143051,No
143052,Yes
143053,No
143054,No
143055,No
143056,No
143057,Yes
143058,Yes
143059,Yes
143060,Yes
143061,Yes
143062,Yes
143063,No
143064,Yes
143065,Yes
143066,No
143067,Yes
143068,No
143069,No
143070,Yes
143071,Yes
143072,Yes
143073,Yes
143074,Yes
143075,Yes
143076,No
143077,Yes
143078,Yes
143079,Yes
143080,Yes
143081,Yes
143082,Yes
143083,Yes
143084,No
143085,Yes
143086,No
143087,No
143088,Yes
143089,Yes
143090,Yes
143091,No
143092,No
143093,Yes
143094,Yes
143095,No
143096,Yes
143097,Yes
143098,No
143099,No
143100,No
143101,No
143102,No
143103,No
143104,No
143105,Yes
143106,Yes
143107,No
143108,No
143109,Yes
143110,No
143111,Yes
143112,No
143113,No
143114,No
143115,No
143116,No
143117,Yes
143118,No
143119,Yes
143120,Yes
143121,No
143122,Yes
143123,No
143124,No
143125,No
143126,No
143127,No
143128,Yes
143129,Yes
143130,No
143131,No
143132,No
143133,No
143134,Yes
143135,Yes
143136,No
143137,Yes
143138,No
143139,No
143140,Yes
143141,No
143142,Yes
143143,Yes
143144,No
143145,No
143146,Yes
143147,Yes
143148,Yes
143149,No
143150,Yes
143151,Yes
143152,No
143153,No
143154,Yes
143155,No
143156,Yes
143157,No
143158,Yes
143159,No
143160,Yes
143161,No
143162,Yes
143163,No
143164,Yes
143165,Yes
143166,Yes
143167,No
143168,No
143169,Yes
143170,Yes
143171,No
143172,No
143173,No
143174,Yes
143175,No
143176,No
143177,Yes
143178,Yes
143179,Yes
143180,No
143181,No
143182,No
143183,No
143184,No
143185,No
143186,Yes
143187,No
143188,No
143189,No
143190,Yes
143191,No
143192,No
143193,No
143194,Yes
143195,Yes
143196,Yes
143197,No
143198,Yes
143199,Yes
143200,No
143201,No
143202,No
143203,Yes
143204,No
143205,No
143206,Yes
143207,No
143208,No
143209,No
143210,No
143211,No
143212,No
143213,Yes
143214,Yes
143215,Yes
143216,Yes
143217,No
143218,No
143219,Yes
143220,No
143221,Yes
143222,No
143223,No
143224,No
143225,No
143226,Yes
143227,No
143228,No
143229,No
143230,Yes
143231,No
143232,No
143233,Yes
143234,No
143235,Yes
143236,No
143237,Yes
143238,Yes
143239,No
143240,Yes
143241,Yes
143242,Yes
143243,No
143244,Yes
143245,Yes
143246,No
143247,Yes
143248,Yes
143249,No
143250,Yes
143251,Yes
143252,Yes
143253,No
143254,Yes
143255,Yes
143256,Yes
143257,No
143258,No
143259,No
143260,Yes
143261,Yes
143262,Yes
143263,Yes
143264,No
143265,No
143266,No
143267,Yes
143268,Yes
143269,Yes
143270,Yes
143271,Yes
143272,No
143273,No
143274,No
143275,No
143276,Yes
143277,Yes
143278,No
143279,No
143280,Yes
143281,Yes
143282,Yes
143283,No
143284,No
143285,Yes
143286,Yes
143287,No
143288,Yes
143289,Yes
143290,Yes
143291,Yes
143292,Yes
143293,Yes
143294,No
143295,Yes
143296,No
143297,Yes
143298,No
143299,No
143300,Yes
143301,Yes
143302,Yes
143303,Yes
143304,Yes
143305,No
143306,No
143307,No
143308,No
143309,No
143310,No
143311,No
143312,Yes
143313,Yes
143314,Yes
143315,No
143316,No
143317,Yes
143318,No
143319,No
143320,No
143321,No
143322,No
143323,Yes
143324,Yes
143325,No
143326,Yes
143327,Yes
143328,No
143329,Yes
143330,Yes
143331,Yes
143332,No
143333,Yes
143334,No
143335,Yes
143336,No
143337,Yes
143338,Yes
143339,Yes
143340,Yes
143341,Yes
143342,Yes
143343,No
143344,Yes
143345,No
143346,Yes
143347,No
143348,Yes
143349,No
143350,Yes
143351,Yes
143352,No
143353,No
143354,Yes
143355,Yes
143356,No
143357,No
143358,No
143359,No
143360,Yes
143361,No
143362,Yes
143363,Yes
143364,No
143365,Yes
143366,Yes
143367,Yes
143368,Yes
143369,Yes
143370,No
143371,No
143372,Yes
143373,No
143374,No
143375,Yes
143376,Yes
143377,Yes
143378,Yes
143379,Yes
143380,Yes
143381,Yes
143382,Yes
143383,No
143384,Yes
143385,Yes
143386,No
143387,Yes
143388,No
143389,Yes
143390,Yes
143391,Yes
143392,No
143393,Yes
143394,Yes
143395,Yes
143396,No
143397,No
143398,No
143399,Yes
143400,No
143401,No
143402,Yes
143403,No
143404,No
143405,Yes
143406,No
143407,No
143408,Yes
143409,Yes
143410,No
143411,No
143412,Yes
143413,No
143414,Yes
143415,Yes
143416,Yes
143417,Yes
143418,No
143419,Yes
143420,Yes
143421,No
143422,Yes
143423,No
143424,Yes
143425,Yes
143426,Yes
143427,Yes
143428,No
143429,No
143430,Yes
143431,Yes
143432,No
143433,Yes
143434,No
143435,Yes
143436,Yes
143437,No
143438,Yes
143439,Yes
143440,Yes
143441,No
143442,Yes
143443,Yes
143444,No
143445,No
143446,No
143447,Yes
143448,No
143449,Yes
143450,No
143451,Yes
143452,Yes
143453,Yes
143454,Yes
143455,Yes
143456,Yes
143457,Yes
143458,Yes
143459,Yes
143460,Yes
143461,Yes
143462,Yes
143463,Yes
143464,Yes
143465,No
143466,No
143467,Yes
143468,Yes
143469,Yes
143470,Yes
143471,No
143472,No
143473,No
143474,No
143475,No
143476,Yes
143477,No
143478,Yes
143479,Yes
143480,No
143481,Yes
143482,Yes
143483,Yes
143484,Yes
143485,No
143486,No
143487,Yes
143488,Yes
143489,Yes
143490,No
143491,Yes
143492,Yes
143493,Yes
143494,Yes
143495,Yes
143496,Yes
143497,Yes
143498,No
143499,Yes
143500,Yes
143501,No
143502,Yes
143503,No
143504,Yes
143505,No
143506,Yes
143507,Yes
143508,No
143509,Yes
143510,No
143511,Yes
143512,Yes
143513,No
143514,No
143515,Yes
143516,Yes
143517,No
143518,Yes
143519,Yes
143520,Yes
143521,No
143522,No
143523,No
143524,No
143525,Yes
143526,No
143527,No
143528,Yes
143529,Yes
143530,No
143531,Yes
143532,Yes
143533,Yes
143534,Yes
143535,No
143536,Yes
143537,Yes
143538,Yes
143539,Yes
143540,Yes
143541,Yes
143542,Yes
143543,No
143544,Yes
143545,Yes
143546,Yes
143547,Yes
143548,Yes
143549,Yes
143550,No
143551,Yes
143552,Yes
143553,Yes
143554,No
143555,No
143556,No
143557,No
143558,Yes
143559,No
143560,No
143561,Yes
143562,No
143563,Yes
143564,No
143565,Yes
143566,Yes
143567,Yes
143568,Yes
143569,No
143570,No
143571,Yes
143572,No
143573,Yes
143574,Yes
143575,Yes
143576,Yes
143577,No
143578,Yes
143579,Yes
143580,No
143581,Yes
143582,No
143583,Yes
143584,Yes
143585,Yes
143586,No
143587,Yes
143588,Yes
143589,No
143590,Yes
143591,No
143592,No
143593,Yes
143594,Yes
143595,No
143596,Yes
143597,Yes
143598,No
143599,No
143600,Yes
143601,No
143602,No
143603,Yes
143604,Yes
143605,Yes
143606,No
143607,No
143608,No
143609,No
143610,Yes
143611,No
143612,No
143613,Yes
143614,Yes
143615,No
143616,No
143617,Yes
143618,Yes
143619,Yes
143620,Yes
143621,No
143622,Yes
143623,Yes
143624,Yes
143625,No
143626,No
143627,Yes
143628,Yes
143629,Yes
143630,No
143631,Yes
143632,No
143633,Yes
143634,No
143635,Yes
143636,Yes
143637,No
143638,Yes
143639,Yes
143640,Yes
143641,No
143642,Yes
143643,Yes
143644,Yes
143645,No
143646,No
143647,Yes
143648,No
143649,No
143650,No
143651,No
143652,Yes
143653,No
143654,Yes
143655,No
143656,No
143657,No
143658,Yes
143659,Yes
143660,No
143661,Yes
143662,Yes
143663,No
143664,No
143665,No
143666,No
143667,No
143668,Yes
143669,Yes
143670,Yes
143671,Yes
143672,No
143673,Yes
143674,No
143675,No
143676,No
143677,No
143678,No
143679,No
143680,Yes
143681,No
143682,Yes
143683,Yes
143684,No
143685,Yes
143686,Yes
143687,Yes
143688,Yes
143689,Yes
143690,Yes
143691,Yes
143692,Yes
143693,No
143694,Yes
143695,No
143696,No
143697,No
143698,Yes
143699,Yes
143700,Yes
143701,No
143702,No
143703,Yes
143704,Yes
143705,Yes
143706,No
143707,No
143708,No
143709,No
143710,No
143711,No
143712,No
143713,Yes
143714,Yes
143715,Yes
143716,Yes
143717,Yes
143718,Yes
143719,Yes
143720,Yes
143721,Yes
143722,No
143723,Yes
143724,Yes
143725,Yes
143726,Yes
143727,Yes
143728,No
143729,Yes
143730,No
143731,Yes
143732,Yes
143733,No
143734,No
143735,Yes
143736,No
143737,Yes
143738,Yes
143739,Yes
143740,Yes
143741,Yes
143742,No
143743,Yes
143744,No
143745,No
143746,Yes
143747,No
143748,Yes
143749,Yes
143750,Yes
143751,No
143752,Yes
143753,Yes
143754,No
143755,No
143756,Yes
143757,No
143758,No
143759,Yes
143760,Yes
143761,Yes
143762,No
143763,No
143764,No
143765,No
143766,No
143767,Yes
143768,No
143769,Yes
143770,No
143771,Yes
143772,No
143773,Yes
143774,No
143775,Yes
143776,Yes
143777,Yes
143778,Yes
143779,No
143780,Yes
143781,No
143782,Yes
143783,No
143784,No
143785,No
143786,No
143787,Yes
143788,No
143789,No
143790,Yes
143791,No
143792,Yes
143793,No
143794,Yes
143795,No
143796,No
143797,Yes
143798,No
143799,Yes
143800,No
143801,No
143802,No
143803,No
143804,Yes
143805,Yes
143806,Yes
143807,Yes
143808,Yes
143809,No
143810,No
143811,No
143812,No
143813,Yes
143814,No
143815,Yes
143816,Yes
143817,Yes
143818,No
143819,No
143820,No
143821,Yes
143822,Yes
143823,Yes
143824,No
143825,No
143826,No
143827,Yes
143828,Yes
143829,No
143830,Yes
143831,Yes
143832,Yes
143833,No
143834,No
143835,Yes
143836,Yes
143837,No
143838,Yes
143839,Yes
143840,No
143841,No
143842,Yes
143843,Yes
143844,Yes
143845,Yes
143846,Yes
143847,Yes
143848,Yes
143849,Yes
143850,No
143851,Yes
143852,Yes
143853,No
143854,Yes
143855,No
143856,No
143857,No
143858,Yes
143859,No
143860,No
143861,No
143862,No
143863,Yes
143864,Yes
143865,Yes
143866,No
143867,No
143868,No
143869,No
143870,No
143871,Yes
143872,Yes
143873,No
143874,No
143875,No
143876,Yes
143877,No
143878,Yes
143879,No
143880,No
143881,No
143882,Yes
143883,Yes
143884,No
143885,No
143886,No
143887,Yes
143888,No
143889,Yes
143890,No
143891,No
143892,Yes
143893,Yes
143894,No
143895,Yes
143896,Yes
143897,No
143898,No
143899,No
143900,No
143901,Yes
143902,No
143903,Yes
143904,Yes
143905,No
143906,Yes
143907,Yes
143908,No
143909,Yes
143910,No
143911,No
143912,Yes
143913,Yes
143914,No
143915,Yes
143916,Yes
143917,No
143918,Yes
143919,Yes
143920,Yes
143921,Yes
143922,Yes
143923,No
143924,No
143925,Yes
143926,Yes
143927,Yes
143928,No
143929,Yes
143930,No
143931,Yes
143932,Yes
143933,Yes
143934,Yes
143935,Yes
143936,Yes
143937,No
143938,Yes
143939,No
143940,Yes
143941,Yes
143942,No
143943,Yes
143944,Yes
143945,No
143946,Yes
143947,No
143948,No
143949,Yes
143950,No
143951,No
143952,No
143953,No
143954,No
143955,No
143956,Yes
143957,No
143958,Yes
143959,No
143960,Yes
143961,No
143962,No
143963,Yes
143964,No
143965,Yes
143966,No
143967,No
143968,Yes
143969,Yes
143970,Yes
143971,Yes
143972,Yes
143973,No
143974,No
143975,No
143976,Yes
143977,Yes
143978,Yes
143979,No
143980,Yes
143981,No
143982,No
143983,No
143984,Yes
143985,No
143986,Yes
143987,Yes
143988,No
143989,Yes
143990,Yes
143991,Yes
143992,Yes
143993,Yes
143994,No
143995,Yes
143996,Yes
143997,Yes
143998,Yes
143999,No
144000,Yes
144001,Yes
144002,Yes
144003,No
144004,Yes
144005,Yes
144006,No
144007,No
144008,Yes
144009,Yes
144010,Yes
144011,Yes
144012,Yes
144013,Yes
144014,No
144015,Yes
144016,Yes
144017,Yes
144018,Yes
144019,No
144020,No
144021,Yes
144022,Yes
144023,Yes
144024,No
144025,No
144026,No
144027,No
144028,Yes
144029,No
144030,No
144031,No
144032,No
144033,Yes
144034,Yes
144035,No
144036,Yes
144037,Yes
144038,Yes
144039,No
144040,Yes
144041,No
144042,No
144043,Yes
144044,No
144045,No
144046,No
144047,Yes
144048,No
144049,No
144050,No
144051,No
144052,No
144053,Yes
144054,Yes
144055,Yes
144056,No
144057,Yes
144058,Yes
144059,Yes
144060,Yes
144061,No
144062,Yes
144063,Yes
144064,No
144065,No
144066,Yes
144067,No
144068,Yes
144069,Yes
144070,Yes
144071,Yes
144072,No
144073,Yes
144074,No
144075,No
144076,Yes
144077,Yes
144078,Yes
144079,Yes
144080,No
144081,No
144082,No
144083,Yes
144084,Yes
144085,Yes
144086,Yes
144087,No
144088,Yes
144089,Yes
144090,No
144091,No
144092,No
144093,Yes
144094,No
144095,Yes
144096,Yes
144097,Yes
144098,No
144099,Yes
144100,No
144101,No
144102,No
144103,No
144104,No
144105,No
144106,No
144107,Yes
144108,No
144109,Yes
144110,Yes
144111,Yes
144112,Yes
144113,No
144114,Yes
144115,No
144116,No
144117,No
144118,Yes
144119,Yes
144120,Yes
144121,No
144122,Yes
144123,No
144124,Yes
144125,No
144126,Yes
144127,Yes
144128,Yes
144129,Yes
144130,Yes
144131,No
144132,Yes
144133,Yes
144134,Yes
144135,Yes
144136,No
144137,No
144138,No
144139,No
144140,Yes
144141,No
144142,Yes
144143,No
144144,No
144145,No
144146,No
144147,Yes
144148,No
144149,Yes
144150,No
144151,No
144152,No
144153,Yes
144154,No
144155,Yes
144156,Yes
144157,No
144158,Yes
144159,No
144160,Yes
144161,Yes
144162,Yes
144163,Yes
144164,Yes
144165,Yes
144166,Yes
144167,Yes
144168,Yes
144169,No
144170,Yes
144171,No
144172,No
144173,Yes
144174,Yes
144175,Yes
144176,No
144177,Yes
144178,No
144179,Yes
144180,No
144181,No
144182,No
144183,Yes
144184,Yes
144185,Yes
144186,Yes
144187,Yes
144188,Yes
144189,Yes
144190,Yes
144191,Yes
144192,Yes
144193,Yes
144194,Yes
144195,No
144196,No
144197,No
144198,Yes
144199,Yes
144200,Yes
144201,Yes
144202,No
144203,No
144204,Yes
144205,Yes
144206,Yes
144207,Yes
144208,Yes
144209,Yes
144210,No
144211,Yes
144212,No
144213,No
144214,No
144215,Yes
144216,Yes
144217,No
144218,No
144219,No
144220,No
144221,Yes
144222,Yes
144223,No
144224,No
144225,Yes
144226,Yes
144227,No
144228,No
144229,Yes
144230,Yes
144231,Yes
144232,Yes
144233,No
144234,Yes
144235,Yes
144236,No
144237,Yes
144238,No
144239,Yes
144240,No
144241,No
144242,Yes
144243,No
144244,No
144245,No
144246,No
144247,Yes
144248,No
144249,Yes
144250,Yes
144251,Yes
144252,Yes
144253,No
144254,No
144255,No
144256,Yes
144257,No
144258,No
144259,Yes
144260,Yes
144261,No
144262,No
144263,Yes
144264,No
144265,No
144266,Yes
144267,Yes
144268,No
144269,Yes
144270,Yes
144271,Yes
144272,Yes
144273,Yes
144274,No
144275,No
144276,Yes
144277,Yes
144278,Yes
144279,Yes
144280,No
144281,Yes
144282,Yes
144283,Yes
144284,No
144285,Yes
144286,No
144287,Yes
144288,Yes
144289,Yes
144290,Yes
144291,No
144292,No
144293,Yes
144294,Yes
144295,No
144296,Yes
144297,No
144298,Yes
144299,Yes
144300,Yes
144301,No
144302,Yes
144303,No
144304,Yes
144305,No
144306,Yes
144307,No
144308,Yes
144309,No
144310,Yes
144311,No
144312,No
144313,Yes
144314,No
144315,No
144316,Yes
144317,Yes
144318,Yes
144319,Yes
144320,No
144321,No
144322,No
144323,Yes
144324,No
144325,No
144326,Yes
144327,Yes
144328,Yes
144329,Yes
144330,Yes
144331,No
144332,Yes
144333,Yes
144334,No
144335,No
144336,No
144337,Yes
144338,No
144339,No
144340,Yes
144341,No
144342,No
144343,No
144344,Yes
144345,No
144346,Yes
144347,Yes
144348,Yes
144349,Yes
144350,Yes
144351,No
144352,No
144353,Yes
144354,Yes
144355,Yes
144356,No
144357,No
144358,No
144359,Yes
144360,Yes
144361,No
144362,Yes
144363,Yes
144364,No
144365,Yes
144366,No
144367,Yes
144368,Yes
144369,Yes
144370,Yes
144371,Yes
144372,No
144373,Yes
144374,Yes
144375,No
144376,No
144377,No
144378,Yes
144379,No
144380,Yes
144381,Yes
144382,Yes
144383,Yes
144384,Yes
144385,No
144386,Yes
144387,Yes
144388,No
144389,Yes
144390,Yes
144391,No
144392,Yes
144393,No
144394,Yes
144395,Yes
144396,Yes
144397,Yes
144398,Yes
144399,Yes
144400,Yes
144401,Yes
144402,No
144403,No
144404,No
144405,Yes
144406,No
144407,Yes
144408,No
144409,Yes
144410,Yes
144411,No
144412,Yes
144413,Yes
144414,No
144415,No
144416,Yes
144417,Yes
144418,Yes
144419,Yes
144420,No
144421,No
144422,Yes
144423,Yes
144424,No
144425,No
144426,No
144427,No
144428,Yes
144429,Yes
144430,Yes
144431,Yes
144432,No
144433,Yes
144434,Yes
144435,No
144436,No
144437,No
144438,Yes
144439,Yes
144440,No
144441,Yes
144442,No
144443,No
144444,Yes
144445,Yes
144446,Yes
144447,No
144448,No
144449,Yes
144450,No
144451,No
144452,No
144453,No
144454,Yes
144455,Yes
144456,No
144457,Yes
144458,Yes
144459,Yes
144460,No
144461,Yes
144462,No
144463,Yes
144464,No
144465,Yes
144466,No
144467,No
144468,Yes
144469,Yes
144470,No
144471,No
144472,No
144473,No
144474,Yes
144475,Yes
144476,Yes
144477,No
144478,Yes
144479,No
144480,No
144481,No
144482,Yes
144483,No
144484,Yes
144485,Yes
144486,No
144487,Yes
144488,No
144489,Yes
144490,No
144491,Yes
144492,Yes
144493,Yes
144494,No
144495,Yes
144496,No
144497,No
144498,No
144499,No
144500,No
144501,No
144502,No
144503,Yes
144504,No
144505,No
144506,Yes
144507,Yes
144508,Yes
144509,Yes
144510,No
144511,Yes
144512,Yes
144513,No
144514,Yes
144515,Yes
144516,Yes
144517,No
144518,Yes
144519,No
144520,No
144521,Yes
144522,No
144523,Yes
144524,Yes
144525,Yes
144526,Yes
144527,No
144528,Yes
144529,Yes
144530,No
144531,Yes
144532,Yes
144533,Yes
144534,No
144535,No
144536,Yes
144537,Yes
144538,No
144539,Yes
144540,Yes
144541,Yes
144542,No
144543,Yes
144544,No
144545,Yes
144546,No
144547,Yes
144548,No
144549,No
144550,No
144551,Yes
144552,Yes
144553,Yes
144554,Yes
144555,Yes
144556,Yes
144557,No
144558,No
144559,Yes
144560,Yes
144561,Yes
144562,Yes
144563,No
144564,Yes
144565,Yes
144566,Yes
144567,Yes
144568,No
144569,Yes
144570,No
144571,No
144572,No
144573,Yes
144574,Yes
144575,No
144576,Yes
144577,No
144578,Yes
144579,Yes
144580,No
144581,Yes
144582,Yes
144583,No
144584,Yes
144585,Yes
144586,No
144587,Yes
144588,No
144589,Yes
144590,Yes
144591,No
144592,No
144593,No
144594,Yes
144595,Yes
144596,No
144597,Yes
144598,No
144599,No
144600,No
144601,Yes
144602,Yes
144603,Yes
144604,No
144605,Yes
144606,No
144607,Yes
144608,Yes
144609,Yes
144610,Yes
144611,No
144612,Yes
144613,No
144614,Yes
144615,Yes
144616,No
144617,No
144618,Yes
144619,Yes
144620,Yes
144621,No
144622,Yes
144623,Yes
144624,No
144625,Yes
144626,No
144627,No
144628,Yes
144629,Yes
144630,No
144631,Yes
144632,No
144633,Yes
144634,Yes
144635,No
144636,Yes
144637,No
144638,No
144639,Yes
144640,Yes
144641,No
144642,No
144643,No
144644,Yes
144645,Yes
144646,No
144647,Yes
144648,No
144649,Yes
144650,Yes
144651,Yes
144652,Yes
144653,No
144654,Yes
144655,No
144656,No
144657,No
144658,Yes
144659,No
144660,Yes
144661,No
144662,Yes
144663,No
144664,Yes
144665,No
144666,Yes
144667,No
144668,Yes
144669,Yes
144670,Yes
144671,Yes
144672,Yes
144673,No
144674,Yes
144675,No
144676,Yes
144677,No
144678,Yes
144679,Yes
144680,Yes
144681,Yes
144682,No
144683,Yes
144684,No
144685,No
144686,Yes
144687,Yes
144688,No
144689,Yes
144690,Yes
144691,Yes
144692,Yes
144693,No
144694,No
144695,Yes
144696,No
144697,Yes
144698,Yes
144699,Yes
144700,No
144701,Yes
144702,Yes
144703,No
144704,Yes
144705,No
144706,No
144707,Yes
144708,No
144709,Yes
144710,Yes
144711,Yes
144712,Yes
144713,Yes
144714,Yes
144715,No
144716,Yes
144717,Yes
144718,No
144719,No
144720,Yes
144721,Yes
144722,No
144723,Yes
144724,Yes
144725,Yes
144726,Yes
144727,Yes
144728,No
144729,Yes
144730,Yes
144731,Yes
144732,No
144733,No
144734,Yes
144735,No
144736,No
144737,Yes
144738,Yes
144739,Yes
144740,No
144741,No
144742,Yes
144743,Yes
144744,Yes
144745,Yes
144746,No
144747,Yes
144748,Yes
144749,No
144750,No
144751,No
144752,No
144753,Yes
144754,No
144755,Yes
144756,No
144757,Yes
144758,Yes
144759,Yes
144760,No
144761,Yes
144762,Yes
144763,No
144764,Yes
144765,Yes
144766,No
144767,No
144768,Yes
144769,No
144770,No
144771,Yes
144772,Yes
144773,No
144774,No
144775,Yes
144776,No
144777,Yes
144778,No
144779,No
144780,Yes
144781,Yes
144782,Yes
144783,No
144784,No
144785,Yes
144786,No
144787,No
144788,Yes
144789,Yes
144790,No
144791,Yes
144792,No
144793,Yes
144794,Yes
144795,No
144796,No
144797,Yes
144798,Yes
144799,Yes
144800,Yes
144801,Yes
144802,Yes
144803,Yes
144804,No
144805,Yes
144806,No
144807,No
144808,Yes
144809,Yes
144810,No
144811,Yes
144812,No
144813,Yes
144814,No
144815,No
144816,No
144817,Yes
144818,No
144819,Yes
144820,No
144821,No
144822,No
144823,Yes
144824,No
144825,Yes
144826,Yes
144827,Yes
144828,Yes
144829,No
144830,Yes
144831,Yes
144832,Yes
144833,Yes
144834,Yes
144835,No
144836,Yes
144837,No
144838,No
144839,Yes
144840,No
144841,Yes
144842,No
144843,Yes
144844,Yes
144845,Yes
144846,No
144847,Yes
144848,No
144849,Yes
144850,No
144851,No
144852,Yes
144853,Yes
144854,No
144855,No
144856,No
144857,Yes
144858,No
144859,Yes
144860,Yes
144861,Yes
144862,Yes
144863,Yes
144864,No
144865,Yes
144866,Yes
144867,Yes
144868,Yes
144869,Yes
144870,Yes
144871,Yes
144872,No
144873,No
144874,No
144875,Yes
144876,Yes
144877,Yes
144878,No
144879,Yes
144880,No
144881,Yes
144882,No
144883,No
144884,Yes
144885,No
144886,No
144887,No
144888,No
144889,No
144890,Yes
144891,Yes
144892,Yes
144893,Yes
144894,Yes
144895,No
144896,No
144897,No
144898,Yes
144899,No
144900,No
144901,Yes
144902,Yes
144903,Yes
144904,No
144905,Yes
144906,Yes
144907,Yes
144908,Yes
144909,Yes
144910,Yes
144911,No
144912,No
144913,No
144914,Yes
144915,Yes
144916,Yes
144917,Yes
144918,Yes
144919,Yes
144920,No
144921,No
144922,Yes
144923,No
144924,Yes
144925,Yes
144926,No
144927,Yes
144928,No
144929,No
144930,No
144931,No
144932,No
144933,Yes
144934,Yes
144935,Yes
144936,Yes
144937,Yes
144938,No
144939,No
144940,Yes
144941,Yes
144942,No
144943,No
144944,Yes
144945,Yes
144946,Yes
144947,No
144948,No
144949,Yes
144950,Yes
144951,Yes
144952,Yes
144953,Yes
144954,Yes
144955,Yes
144956,Yes
144957,No
144958,No
144959,No
144960,Yes
144961,Yes
144962,Yes
144963,No
144964,No
144965,No
144966,Yes
144967,Yes
144968,No
144969,No
144970,Yes
144971,No
144972,Yes
144973,Yes
144974,No
144975,No
144976,No
144977,No
144978,No
144979,Yes
144980,Yes
144981,No
144982,No
144983,Yes
144984,Yes
144985,Yes
144986,Yes
144987,No
144988,Yes
144989,No
144990,Yes
144991,No
144992,No
144993,Yes
144994,Yes
144995,Yes
144996,Yes
144997,Yes
144998,Yes
144999,Yes
145000,No
145001,No
145002,Yes
145003,No
145004,No
145005,Yes
145006,No
145007,No
145008,Yes
145009,No
145010,No
145011,Yes
145012,Yes
145013,Yes
145014,No
145015,Yes
145016,No
145017,Yes
145018,Yes
145019,Yes
145020,Yes
145021,No
145022,No
145023,Yes
145024,No
145025,No
145026,No
145027,No
145028,No
145029,No
145030,Yes
145031,Yes
145032,Yes
145033,No
145034,Yes
145035,Yes
145036,Yes
145037,Yes
145038,Yes
145039,Yes
145040,Yes
145041,No
145042,No
145043,Yes
145044,No
145045,Yes
145046,Yes
145047,No
145048,Yes
145049,Yes
145050,Yes
145051,Yes
145052,Yes
145053,No
145054,No
145055,No
145056,Yes
145057,No
145058,Yes
145059,Yes
145060,No
145061,Yes
145062,Yes
145063,Yes
145064,Yes
145065,No
145066,No
145067,No
145068,No
145069,Yes
145070,No
145071,Yes
145072,Yes
145073,No
145074,Yes
145075,Yes
145076,Yes
145077,No
145078,No
145079,Yes
145080,Yes
145081,No
145082,Yes
145083,No
145084,No
145085,Yes
145086,No
145087,Yes
145088,No
145089,Yes
145090,No
145091,No
145092,No
145093,Yes
145094,No
145095,Yes
145096,Yes
145097,No
145098,Yes
145099,No
145100,Yes
145101,No
145102,No
145103,No
145104,No
145105,Yes
145106,Yes
145107,No
145108,Yes
145109,Yes
145110,Yes
145111,Yes
145112,No
145113,No
145114,No
145115,Yes
145116,No
145117,Yes
145118,No
145119,Yes
145120,No
145121,Yes
145122,Yes
145123,No
145124,No
145125,Yes
145126,Yes
145127,No
145128,Yes
145129,No
145130,No
145131,Yes
145132,No
145133,Yes
145134,Yes
145135,Yes
145136,Yes
145137,No
145138,Yes
145139,Yes
145140,Yes
145141,No
145142,No
145143,Yes
145144,No
145145,Yes
145146,No
145147,No
145148,No
145149,Yes
145150,No
145151,Yes
145152,Yes
145153,No
145154,Yes
145155,Yes
145156,Yes
145157,No
145158,No
145159,Yes
145160,No
145161,Yes
145162,No
145163,Yes
145164,Yes
145165,Yes
145166,No
145167,Yes
145168,No
145169,Yes
145170,Yes
145171,No
145172,No
145173,No
145174,Yes
145175,Yes
145176,No
145177,Yes
145178,Yes
145179,No
145180,No
145181,No
145182,No
145183,Yes
145184,No
145185,Yes
145186,Yes
145187,No
145188,Yes
145189,Yes
145190,No
145191,Yes
145192,No
145193,No
145194,Yes
145195,No
145196,No
145197,No
145198,No
145199,No
145200,No
145201,No
145202,No
145203,Yes
145204,No
145205,No
145206,Yes
145207,Yes
145208,No
145209,Yes
145210,Yes
145211,Yes
145212,Yes
145213,Yes
145214,Yes
145215,Yes
145216,No
145217,Yes
145218,No
145219,No
145220,Yes
145221,No
145222,Yes
145223,No
145224,Yes
145225,No
145226,No
145227,No
145228,No
145229,Yes
145230,Yes
145231,Yes
145232,Yes
145233,Yes
145234,No
145235,No
145236,Yes
145237,Yes
145238,No
145239,Yes
145240,Yes
145241,Yes
145242,Yes
145243,Yes
145244,Yes
145245,Yes
145246,Yes
145247,Yes
145248,Yes
145249,No
145250,No
145251,Yes
145252,No
145253,No
145254,Yes
145255,No
145256,Yes
145257,Yes
145258,No
145259,Yes
145260,No
145261,Yes
145262,No
145263,Yes
145264,Yes
145265,Yes
145266,No
145267,Yes
145268,Yes
145269,No
145270,No
145271,No
145272,No
145273,No
145274,Yes
145275,No
145276,Yes
145277,Yes
145278,Yes
145279,No
145280,Yes
145281,Yes
145282,Yes
145283,No
145284,Yes
145285,Yes
145286,Yes
145287,Yes
145288,Yes
145289,No
145290,No
145291,Yes
145292,Yes
145293,Yes
145294,No
145295,Yes
145296,Yes
145297,Yes
145298,Yes
145299,Yes
145300,Yes
145301,No
145302,Yes
145303,No
145304,Yes
145305,Yes
145306,Yes
145307,Yes
145308,No
145309,Yes
145310,No
145311,No
145312,Yes
145313,No
145314,Yes
145315,No
145316,Yes
145317,No
145318,Yes
145319,Yes
145320,No
145321,No
145322,No
145323,No
145324,No
145325,No
145326,Yes
145327,Yes
145328,Yes
145329,No
145330,Yes
145331,Yes
145332,No
145333,Yes
145334,Yes
145335,Yes
145336,No
145337,Yes
145338,Yes
145339,No
145340,No
145341,No
145342,No
145343,Yes
145344,Yes
145345,Yes
145346,No
145347,No
145348,No
145349,Yes
145350,Yes
145351,Yes
145352,Yes
145353,Yes
145354,No
145355,No
145356,Yes
145357,No
145358,No
145359,Yes
145360,No
145361,Yes
145362,Yes
145363,Yes
145364,No
145365,Yes
145366,Yes
145367,No
145368,Yes
145369,Yes
145370,No
145371,Yes
145372,No
145373,Yes
145374,No
145375,No
145376,Yes
145377,Yes
145378,Yes
145379,No
145380,Yes
145381,Yes
145382,No
145383,Yes
145384,Yes
145385,Yes
145386,No
145387,Yes
145388,Yes
145389,Yes
145390,No
145391,Yes
145392,Yes
145393,No
145394,Yes
145395,Yes
145396,Yes
145397,Yes
145398,Yes
145399,Yes
145400,No
145401,Yes
145402,Yes
145403,No
145404,No
145405,No
145406,Yes
145407,Yes
145408,No
145409,Yes
145410,No
145411,Yes
145412,No
145413,No
145414,Yes
145415,Yes
145416,No
145417,No
145418,No
145419,Yes
145420,No
145421,No
145422,No
145423,No
145424,No
145425,No
145426,Yes
145427,Yes
145428,No
145429,Yes
145430,Yes
145431,No
145432,No
145433,Yes
145434,Yes
145435,Yes
145436,Yes
145437,Yes
145438,Yes
145439,Yes
145440,Yes
145441,Yes
145442,No
145443,No
145444,No
145445,Yes
145446,No
145447,Yes
145448,Yes
145449,No
145450,Yes
145451,Yes
145452,Yes
145453,Yes
145454,No
145455,Yes
145456,No
145457,No
145458,Yes
145459,No
145460,Yes
145461,Yes
145462,Yes
145463,Yes
145464,Yes
145465,Yes
145466,Yes
145467,No
145468,Yes
145469,No
145470,Yes
145471,No
145472,No
145473,No
145474,Yes
145475,No
145476,No
145477,Yes
145478,No
145479,No
145480,Yes
145481,Yes
145482,No
145483,Yes
145484,Yes
145485,No
145486,Yes
145487,Yes
145488,Yes
145489,Yes
145490,Yes
145491,Yes
145492,No
145493,No
145494,Yes
145495,No
145496,Yes
145497,No
145498,No
145499,Yes
145500,Yes
145501,No
145502,No
145503,No
145504,Yes
145505,No
145506,Yes
145507,No
145508,Yes
145509,Yes
145510,Yes
145511,Yes
145512,Yes
145513,Yes
145514,Yes
145515,Yes
145516,Yes
145517,No
145518,Yes
145519,Yes
145520,Yes
145521,No
145522,Yes
145523,No
145524,Yes
145525,Yes
145526,No
145527,No
145528,No
145529,No
145530,No
145531,Yes
145532,Yes
145533,No
145534,Yes
145535,Yes
145536,Yes
145537,No
145538,Yes
145539,No
145540,Yes
145541,Yes
145542,Yes
145543,No
145544,No
145545,Yes
145546,No
145547,Yes
145548,No
145549,No
145550,Yes
145551,Yes
145552,No
145553,Yes
145554,No
145555,No
145556,No
145557,No
145558,Yes
145559,Yes
145560,No
145561,No
145562,No
145563,Yes
145564,Yes
145565,Yes
145566,No
145567,No
145568,No
145569,Yes
145570,Yes
145571,No
145572,No
145573,No
145574,Yes
145575,No
145576,No
145577,No
145578,No
145579,Yes
145580,Yes
145581,No
145582,No
145583,No
145584,No
145585,No
145586,Yes
145587,Yes
145588,Yes
145589,No
145590,Yes
145591,Yes
145592,Yes
145593,No
145594,No
145595,No
145596,No
145597,Yes
145598,No
145599,Yes
145600,Yes
145601,Yes
145602,Yes
145603,Yes
145604,No
145605,No
145606,Yes
145607,Yes
145608,Yes
145609,No
145610,No
145611,Yes
145612,Yes
145613,No
145614,Yes
145615,Yes
145616,No
145617,No
145618,Yes
145619,Yes
145620,No
145621,Yes
145622,No
145623,Yes
145624,Yes
145625,No
145626,Yes
145627,Yes
145628,Yes
145629,No
145630,Yes
145631,Yes
145632,No
145633,Yes
145634,Yes
145635,Yes
145636,Yes
145637,Yes
145638,No
145639,Yes
145640,Yes
145641,Yes
145642,No
145643,No
145644,No
145645,Yes
145646,No
145647,Yes
145648,No
145649,Yes
145650,No
145651,No
145652,Yes
145653,Yes
145654,No
145655,No
145656,Yes
145657,No
145658,No
145659,Yes
145660,No
145661,No
145662,No
145663,Yes
145664,No
145665,No
145666,No
145667,No
145668,No
145669,No
145670,No
145671,Yes
145672,Yes
145673,Yes
145674,Yes
145675,No
145676,No
145677,Yes
145678,Yes
145679,No
145680,Yes
145681,No
145682,No
145683,Yes
145684,Yes
145685,Yes
145686,No
145687,No
145688,No
145689,No
145690,No
145691,Yes
145692,Yes
145693,No
145694,No
145695,No
145696,Yes
145697,No
145698,No
145699,No
145700,Yes
145701,Yes
145702,Yes
145703,Yes
145704,No
145705,Yes
145706,Yes
145707,No
145708,Yes
145709,Yes
145710,No
145711,No
145712,Yes
145713,No
145714,No
145715,Yes
145716,No
145717,Yes
145718,No
145719,No
145720,Yes
145721,Yes
145722,Yes
145723,Yes
145724,No
145725,No
145726,Yes
145727,Yes
145728,No
145729,Yes
145730,No
145731,No
145732,Yes
145733,Yes
145734,No
145735,No
145736,Yes
145737,No
145738,Yes
145739,Yes
145740,Yes
145741,No
145742,Yes
145743,Yes
145744,Yes
145745,No
145746,No
145747,Yes
145748,No
145749,No
145750,Yes
145751,No
145752,Yes
145753,No
145754,No
145755,Yes
145756,Yes
145757,No
145758,Yes
145759,Yes
145760,Yes
145761,Yes
145762,Yes
145763,Yes
145764,No
145765,Yes
145766,Yes
145767,Yes
145768,No
145769,No
145770,No
145771,Yes
145772,Yes
145773,Yes
145774,No
145775,No
145776,Yes
145777,No
145778,Yes
145779,No
145780,Yes
145781,No
145782,Yes
145783,No
145784,No
145785,Yes
145786,No
145787,Yes
145788,No
145789,No
145790,Yes
145791,No
145792,Yes
145793,No
145794,Yes
145795,Yes
145796,No
145797,Yes
145798,No
145799,No
145800,Yes
145801,No
145802,Yes
145803,Yes
145804,No
145805,Yes
145806,Yes
145807,Yes
145808,No
145809,Yes
145810,No
145811,Yes
145812,Yes
145813,Yes
145814,No
145815,No
145816,Yes
145817,Yes
145818,No
145819,Yes
145820,Yes
145821,Yes
145822,Yes
145823,Yes
145824,Yes
145825,No
145826,No
145827,Yes
145828,Yes
145829,No
145830,No
145831,No
145832,Yes
145833,Yes
145834,Yes
145835,No
145836,Yes
145837,Yes
145838,Yes
145839,No
145840,No
145841,No
145842,Yes
145843,No
145844,Yes
145845,Yes
145846,No
145847,Yes
145848,No
145849,Yes
145850,No
145851,Yes
145852,No
145853,No
145854,No
145855,No
145856,Yes
145857,No
145858,Yes
145859,No
145860,Yes
145861,Yes
145862,Yes
145863,No
145864,Yes
145865,Yes
145866,Yes
145867,No
145868,No
145869,Yes
145870,Yes
145871,No
145872,Yes
145873,Yes
145874,Yes
145875,Yes
145876,Yes
145877,Yes
145878,Yes
145879,No
145880,Yes
145881,No
145882,Yes
145883,No
145884,Yes
145885,Yes
145886,No
145887,Yes
145888,No
145889,Yes
145890,No
145891,No
145892,Yes
145893,Yes
145894,No
145895,Yes
145896,No
145897,Yes
145898,No
145899,No
145900,Yes
145901,No
145902,Yes
145903,No
145904,Yes
145905,Yes
145906,Yes
145907,No
145908,No
145909,Yes
145910,No
145911,No
145912,No
145913,No
145914,Yes
145915,No
145916,Yes
145917,No
145918,No
145919,No
145920,Yes
145921,Yes
145922,No
145923,Yes
145924,No
145925,No
145926,Yes
145927,Yes
145928,Yes
145929,Yes
145930,No
145931,Yes
145932,Yes
145933,Yes
145934,No
145935,Yes
145936,Yes
145937,Yes
145938,No
145939,No
145940,No
145941,No
145942,Yes
145943,Yes
145944,Yes
145945,Yes
145946,Yes
145947,Yes
145948,Yes
145949,No
145950,Yes
145951,No
145952,Yes
145953,Yes
145954,No
145955,Yes
145956,Yes
145957,No
145958,Yes
145959,No
145960,No
145961,No
145962,No
145963,No
145964,Yes
145965,No
145966,Yes
145967,No
145968,No
145969,Yes
145970,Yes
145971,Yes
145972,Yes
145973,No
145974,Yes
145975,Yes
145976,No
145977,Yes
145978,Yes
145979,Yes
145980,No
145981,Yes
145982,No
145983,No
145984,Yes
145985,No
145986,Yes
145987,Yes
145988,Yes
145989,Yes
145990,Yes
145991,Yes
145992,No
145993,Yes
145994,No
145995,No
145996,No
145997,No
145998,No
145999,Yes
146000,No
146001,Yes
146002,Yes
146003,Yes
146004,No
146005,No
146006,No
146007,No
146008,Yes
146009,Yes
146010,No
146011,Yes
146012,No
146013,Yes
146014,Yes
146015,Yes
146016,Yes
146017,Yes
146018,Yes
146019,No
146020,No
146021,Yes
146022,No
146023,Yes
146024,No
146025,Yes
146026,No
146027,No
146028,No
146029,Yes
146030,Yes
146031,Yes
146032,Yes
146033,Yes
146034,No
146035,Yes
146036,Yes
146037,No
146038,Yes
146039,Yes
146040,Yes
146041,No
146042,No
146043,No
146044,Yes
146045,Yes
146046,Yes
146047,Yes
146048,Yes
146049,Yes
146050,No
146051,Yes
146052,Yes
146053,No
146054,Yes
146055,No
146056,Yes
146057,No
146058,Yes
146059,Yes
146060,Yes
146061,No
146062,No
146063,Yes
146064,Yes
146065,No
146066,Yes
146067,No
146068,Yes
146069,Yes
146070,Yes
146071,Yes
146072,Yes
146073,Yes
146074,Yes
146075,No
146076,Yes
146077,Yes
146078,Yes
146079,No
146080,Yes
146081,No
146082,Yes
146083,Yes
146084,Yes
146085,No
146086,No
146087,Yes
146088,Yes
146089,Yes
146090,No
146091,No
146092,No
146093,Yes
146094,No
146095,No
146096,No
146097,No
146098,No
146099,No
146100,Yes
146101,Yes
146102,No
146103,No
146104,No
146105,No
146106,No
146107,Yes
146108,Yes
146109,No
146110,Yes
146111,Yes
146112,Yes
146113,No
146114,Yes
146115,No
146116,Yes
146117,Yes
146118,Yes
146119,Yes
146120,No
146121,No
146122,No
146123,Yes
146124,Yes
146125,Yes
146126,Yes
146127,No
146128,Yes
146129,Yes
146130,No
146131,Yes
146132,No
146133,Yes
146134,Yes
146135,No
146136,Yes
146137,Yes
146138,No
146139,No
146140,No
146141,Yes
146142,No
146143,No
146144,No
146145,Yes
146146,Yes
146147,Yes
146148,Yes
146149,No
146150,Yes
146151,Yes
146152,Yes
146153,Yes
146154,No
146155,Yes
146156,No
146157,Yes
146158,Yes
146159,No
146160,No
146161,No
146162,Yes
146163,Yes
146164,Yes
146165,Yes
146166,Yes
146167,Yes
146168,No
146169,Yes
146170,Yes
146171,Yes
146172,Yes
146173,Yes
146174,Yes
146175,Yes
146176,No
146177,No
146178,No
146179,Yes
146180,Yes
146181,Yes
146182,Yes
146183,Yes
146184,No
146185,No
146186,No
146187,Yes
146188,Yes
146189,No
146190,Yes
146191,No
146192,Yes
146193,Yes
146194,Yes
146195,Yes
146196,Yes
146197,No
146198,Yes
146199,No
146200,Yes
146201,No
146202,Yes
146203,Yes
146204,Yes
146205,Yes
146206,Yes
146207,No
146208,Yes
146209,No
146210,Yes
146211,No
146212,No
146213,Yes
146214,No
146215,Yes
146216,No
146217,Yes
146218,No
146219,Yes
146220,No
146221,Yes
146222,No
146223,No
146224,Yes
146225,No
146226,Yes
146227,Yes
146228,Yes
146229,Yes
146230,Yes
146231,No
146232,No
146233,Yes
146234,Yes
146235,Yes
146236,Yes
146237,No
146238,No
146239,Yes
146240,Yes
146241,Yes
146242,Yes
146243,Yes
146244,No
146245,No
146246,No
146247,No
146248,No
146249,No
146250,Yes
146251,Yes
146252,No
146253,No
146254,No
146255,Yes
146256,Yes
146257,No
146258,No
146259,Yes
146260,No
146261,Yes
146262,No
146263,No
146264,No
146265,No
146266,Yes
146267,Yes
146268,Yes
146269,No
146270,No
146271,No
146272,No
146273,Yes
146274,No
146275,No
146276,Yes
146277,No
146278,Yes
146279,No
146280,Yes
146281,No
146282,Yes
146283,No
146284,No
146285,Yes
146286,Yes
146287,No
146288,No
146289,Yes
146290,No
146291,No
146292,Yes
146293,No
146294,No
146295,Yes
146296,Yes
146297,Yes
146298,No
146299,No
146300,Yes
146301,No
146302,Yes
146303,Yes
146304,No
146305,Yes
146306,Yes
146307,Yes
146308,Yes
146309,No
146310,No
146311,No
146312,No
146313,No
146314,Yes
146315,No
146316,Yes
146317,No
146318,No
146319,Yes
146320,Yes
146321,Yes
146322,No
146323,Yes
146324,No
146325,No
146326,Yes
146327,Yes
146328,Yes
146329,Yes
146330,No
146331,Yes
146332,Yes
146333,No
146334,Yes
146335,No
146336,Yes
146337,Yes
146338,Yes
146339,Yes
146340,Yes
146341,No
146342,Yes
146343,Yes
146344,Yes
146345,No
146346,No
146347,Yes
146348,No
146349,Yes
146350,Yes
146351,Yes
146352,No
146353,Yes
146354,No
146355,No
146356,No
146357,Yes
146358,Yes
146359,No
146360,Yes
146361,Yes
146362,Yes
146363,Yes
146364,No
146365,Yes
146366,Yes
146367,Yes
146368,Yes
146369,No
146370,No
146371,No
146372,Yes
146373,No
146374,Yes
146375,No
146376,Yes
146377,No
146378,Yes
146379,Yes
146380,Yes
146381,No
146382,Yes
146383,No
146384,No
146385,Yes
146386,No
146387,Yes
146388,No
146389,No
146390,No
146391,Yes
146392,Yes
146393,Yes
146394,Yes
146395,Yes
146396,Yes
146397,No
146398,No
146399,Yes
146400,Yes
146401,Yes
146402,No
146403,No
146404,No
146405,Yes
146406,No
146407,Yes
146408,Yes
146409,No
146410,No
146411,Yes
146412,Yes
146413,Yes
146414,Yes
146415,No
146416,Yes
146417,Yes
146418,No
146419,No
146420,Yes
146421,Yes
146422,Yes
146423,Yes
146424,No
146425,Yes
146426,Yes
146427,No
146428,Yes
146429,No
146430,No
146431,Yes
146432,No
146433,No
146434,Yes
146435,No
146436,No
146437,No
146438,Yes
146439,No
146440,Yes
146441,No
146442,Yes
146443,Yes
146444,Yes
146445,Yes
146446,Yes
146447,Yes
146448,Yes
146449,Yes
146450,Yes
146451,Yes
146452,Yes
146453,No
146454,Yes
146455,Yes
146456,No
146457,Yes
146458,Yes
146459,Yes
146460,Yes
146461,Yes
146462,Yes
146463,Yes
146464,Yes
146465,Yes
146466,Yes
146467,No
146468,No
146469,Yes
146470,Yes
146471,No
146472,Yes
146473,Yes
146474,No
146475,Yes
146476,Yes
146477,Yes
146478,No
146479,Yes
146480,Yes
146481,Yes
146482,No
146483,Yes
146484,Yes
146485,No
146486,Yes
146487,Yes
146488,No
146489,Yes
146490,Yes
146491,Yes
146492,No
146493,No
146494,Yes
146495,No
146496,Yes
146497,Yes
146498,Yes
146499,Yes
146500,Yes
146501,No
146502,No
146503,No
146504,No
146505,No
146506,Yes
146507,Yes
146508,No
146509,No
146510,No
146511,No
146512,Yes
146513,No
146514,Yes
146515,No
146516,Yes
146517,No
146518,Yes
146519,Yes
146520,No
146521,No
146522,Yes
146523,Yes
146524,No
146525,Yes
146526,No
146527,Yes
146528,Yes
146529,Yes
146530,Yes
146531,No
146532,Yes
146533,Yes
146534,No
146535,Yes
146536,Yes
146537,Yes
146538,Yes
146539,No
146540,Yes
146541,Yes
146542,No
146543,No
146544,Yes
146545,Yes
146546,Yes
146547,No
146548,No
146549,Yes
146550,Yes
146551,No
146552,Yes
146553,No
146554,Yes
146555,Yes
146556,Yes
146557,Yes
146558,No
146559,No
146560,Yes
146561,Yes
146562,Yes
146563,Yes
146564,No
146565,Yes
146566,Yes
146567,Yes
146568,Yes
146569,Yes
146570,Yes
146571,No
146572,Yes
146573,Yes
146574,Yes
146575,No
146576,Yes
146577,No
146578,Yes
146579,Yes
146580,No
146581,No
146582,Yes
146583,No
146584,Yes
146585,No
146586,Yes
146587,Yes
146588,Yes
146589,Yes
146590,Yes
146591,Yes
146592,No
146593,Yes
146594,Yes
146595,No
146596,Yes
146597,Yes
146598,No
146599,No
146600,No
146601,No
146602,No
146603,No
146604,Yes
146605,No
146606,Yes
146607,No
146608,No
146609,No
146610,Yes
146611,No
146612,No
146613,Yes
146614,No
146615,Yes
146616,No
146617,No
146618,Yes
146619,No
146620,Yes
146621,No
146622,No
146623,No
146624,Yes
146625,Yes
146626,No
146627,Yes
146628,Yes
146629,Yes
146630,Yes
146631,Yes
146632,Yes
146633,No
146634,Yes
146635,Yes
146636,No
146637,Yes
146638,No
146639,Yes
146640,No
146641,No
146642,Yes
146643,No
146644,Yes
146645,Yes
146646,No
146647,Yes
146648,Yes
146649,No
146650,Yes
146651,Yes
146652,Yes
146653,Yes
146654,Yes
146655,Yes
146656,No
146657,Yes
146658,Yes
146659,Yes
146660,Yes
146661,Yes
146662,Yes
146663,No
146664,No
146665,Yes
146666,No
146667,Yes
146668,Yes
146669,Yes
146670,No
146671,Yes
146672,Yes
146673,Yes
146674,No
146675,Yes
146676,Yes
146677,No
146678,Yes
146679,Yes
146680,No
146681,Yes
146682,No
146683,No
146684,No
146685,Yes
146686,Yes
146687,Yes
146688,Yes
146689,No
146690,Yes
146691,No
146692,Yes
146693,Yes
146694,No
146695,No
146696,Yes
146697,No
146698,Yes
146699,Yes
146700,Yes
146701,Yes
146702,Yes
146703,No
146704,Yes
146705,Yes
146706,No
146707,Yes
146708,Yes
146709,Yes
146710,Yes
146711,Yes
146712,Yes
146713,Yes
146714,No
146715,Yes
146716,No
146717,Yes
146718,No
146719,No
146720,No
146721,Yes
146722,Yes
146723,No
146724,No
146725,No
146726,Yes
146727,Yes
146728,No
146729,No
146730,No
146731,Yes
146732,Yes
146733,Yes
146734,No
146735,No
146736,Yes
146737,Yes
146738,No
146739,No
146740,Yes
146741,Yes
146742,Yes
146743,No
146744,No
146745,Yes
146746,No
146747,No
146748,Yes
146749,Yes
146750,Yes
146751,Yes
146752,No
146753,No
146754,Yes
146755,No
146756,Yes
146757,No
146758,No
146759,No
146760,No
146761,Yes
146762,No
146763,Yes
146764,Yes
146765,Yes
146766,No
146767,No
146768,Yes
146769,No
146770,No
146771,No
146772,Yes
146773,Yes
146774,No
146775,No
146776,No
146777,Yes
146778,Yes
146779,Yes
146780,Yes
146781,Yes
146782,Yes
146783,No
146784,No
146785,Yes
146786,Yes
146787,Yes
146788,Yes
146789,No
146790,No
146791,Yes
146792,Yes
146793,Yes
146794,Yes
146795,No
146796,No
146797,Yes
146798,No
146799,Yes
146800,No
146801,No
146802,Yes
146803,Yes
146804,No
146805,No
146806,No
146807,No
146808,Yes
146809,Yes
146810,Yes
146811,Yes
146812,Yes
146813,Yes
146814,Yes
146815,Yes
146816,No
146817,Yes
146818,Yes
146819,Yes
146820,Yes
146821,Yes
146822,No
146823,No
146824,Yes
146825,No
146826,No
146827,Yes
146828,No
146829,Yes
146830,No
146831,Yes
146832,Yes
146833,Yes
146834,Yes
146835,Yes
146836,No
146837,Yes
146838,Yes
146839,No
146840,Yes
146841,Yes
146842,No
146843,Yes
146844,Yes
146845,No
146846,No
146847,No
146848,Yes
146849,Yes
146850,Yes
146851,Yes
146852,No
146853,Yes
146854,Yes
146855,No
146856,Yes
146857,No
146858,No
146859,Yes
146860,Yes
146861,Yes
146862,No
146863,No
146864,Yes
146865,No
146866,Yes
146867,Yes
146868,Yes
146869,Yes
146870,No
146871,Yes
146872,No
146873,No
146874,Yes
146875,Yes
146876,No
146877,Yes
146878,No
146879,No
146880,Yes
146881,Yes
146882,Yes
146883,Yes
146884,Yes
146885,Yes
146886,Yes
146887,Yes
146888,Yes
146889,No
146890,Yes
146891,Yes
146892,Yes
146893,Yes
146894,Yes
146895,No
146896,Yes
146897,No
146898,Yes
146899,Yes
146900,No
146901,No
146902,Yes
146903,Yes
146904,Yes
146905,Yes
146906,Yes
146907,Yes
146908,No
146909,Yes
146910,No
146911,No
146912,No
146913,Yes
146914,Yes
146915,No
146916,Yes
146917,Yes
146918,Yes
146919,Yes
146920,Yes
146921,No
146922,Yes
146923,No
146924,Yes
146925,Yes
146926,No
146927,Yes
146928,No
146929,No
146930,Yes
146931,No
146932,No
146933,Yes
146934,Yes
146935,No
146936,Yes
146937,Yes
146938,Yes
146939,Yes
146940,Yes
146941,Yes
146942,Yes
146943,Yes
146944,No
146945,No
146946,Yes
146947,Yes
146948,No
146949,Yes
146950,No
146951,No
146952,Yes
146953,No
146954,No
146955,Yes
146956,Yes
146957,No
146958,No
146959,Yes
146960,Yes
146961,Yes
146962,Yes
146963,No
146964,No
146965,Yes
146966,Yes
146967,Yes
146968,No
146969,Yes
146970,No
146971,Yes
146972,No
146973,Yes
146974,Yes
146975,Yes
146976,No
146977,Yes
146978,No
146979,Yes
146980,Yes
146981,Yes
146982,No
146983,Yes
146984,Yes
146985,No
146986,Yes
146987,Yes
146988,Yes
146989,Yes
146990,Yes
146991,Yes
146992,Yes
146993,No
146994,Yes
146995,Yes
146996,Yes
146997,Yes
146998,No
146999,Yes
147000,No
147001,No
147002,Yes
147003,Yes
147004,No
147005,Yes
147006,No
147007,Yes
147008,No
147009,Yes
147010,Yes
147011,Yes
147012,Yes
147013,Yes
147014,Yes
147015,No
147016,No
147017,Yes
147018,Yes
147019,Yes
147020,No
147021,Yes
147022,Yes
147023,No
147024,Yes
147025,No
147026,No
147027,Yes
147028,No
147029,Yes
147030,No
147031,Yes
147032,No
147033,Yes
147034,Yes
147035,No
147036,Yes
147037,No
147038,Yes
147039,No
147040,No
147041,Yes
147042,No
147043,No
147044,Yes
147045,Yes
147046,No
147047,Yes
147048,Yes
147049,Yes
147050,Yes
147051,No
147052,Yes
147053,No
147054,No
147055,No
147056,No
147057,Yes
147058,No
147059,Yes
147060,No
147061,Yes
147062,Yes
147063,Yes
147064,Yes
147065,Yes
147066,Yes
147067,Yes
147068,Yes
147069,No
147070,Yes
147071,No
147072,Yes
147073,Yes
147074,Yes
147075,Yes
147076,Yes
147077,No
147078,No
147079,No
147080,Yes
147081,Yes
147082,No
147083,Yes
147084,Yes
147085,Yes
147086,Yes
147087,Yes
147088,No
147089,No
147090,Yes
147091,Yes
147092,Yes
147093,Yes
147094,Yes
147095,Yes
147096,Yes
147097,No
147098,Yes
147099,Yes
147100,Yes
147101,Yes
147102,Yes
147103,Yes
147104,Yes
147105,Yes
147106,Yes
147107,No
147108,No
147109,Yes
147110,No
147111,No
147112,Yes
147113,Yes
147114,Yes
147115,No
147116,No
147117,Yes
147118,No
147119,Yes
147120,Yes
147121,Yes
147122,No
147123,No
147124,No
147125,Yes
147126,No
147127,Yes
147128,Yes
147129,Yes
147130,No
147131,Yes
147132,Yes
147133,No
147134,No
147135,Yes
147136,No
147137,Yes
147138,No
147139,No
147140,Yes
147141,Yes
147142,Yes
147143,No
147144,Yes
147145,No
147146,No
147147,Yes
147148,No
147149,Yes
147150,Yes
147151,Yes
147152,No
147153,Yes
147154,No
147155,No
147156,Yes
147157,No
147158,Yes
147159,No
147160,No
147161,Yes
147162,Yes
147163,Yes
147164,Yes
147165,No
147166,No
147167,No
147168,Yes
147169,No
147170,No
147171,Yes
147172,Yes
147173,Yes
147174,Yes
147175,No
147176,Yes
147177,Yes
147178,Yes
147179,Yes
147180,No
147181,No
147182,Yes
147183,No
147184,No
147185,No
147186,No
147187,Yes
147188,No
147189,Yes
147190,Yes
147191,No
147192,No
147193,Yes
147194,Yes
147195,No
147196,Yes
147197,Yes
147198,Yes
147199,Yes
147200,No
147201,No
147202,No
147203,Yes
147204,No
147205,Yes
147206,Yes
147207,Yes
147208,No
147209,No
147210,No
147211,Yes
147212,Yes
147213,Yes
147214,No
147215,No
147216,No
147217,No
147218,No
147219,Yes
147220,Yes
147221,Yes
147222,No
147223,No
147224,No
147225,No
147226,Yes
147227,No
147228,No
147229,No
147230,Yes
147231,Yes
147232,Yes
147233,Yes
147234,No
147235,No
147236,Yes
147237,Yes
147238,Yes
147239,Yes
147240,Yes
147241,Yes
147242,No
147243,No
147244,No
147245,Yes
147246,No
147247,Yes
147248,No
147249,Yes
147250,No
147251,Yes
147252,Yes
147253,Yes
147254,Yes
147255,No
147256,No
147257,Yes
147258,Yes
147259,Yes
147260,Yes
147261,No
147262,Yes
147263,No
147264,Yes
147265,No
147266,Yes
147267,Yes
147268,Yes
147269,No
147270,Yes
147271,Yes
147272,Yes
147273,Yes
147274,No
147275,No
147276,No
147277,No
147278,Yes
147279,No
147280,Yes
147281,No
147282,Yes
147283,Yes
147284,Yes
147285,Yes
147286,Yes
147287,No
147288,Yes
147289,Yes
147290,Yes
147291,Yes
147292,Yes
147293,No
147294,No
147295,No
147296,No
147297,Yes
147298,No
147299,No
147300,No
147301,Yes
147302,No
147303,No
147304,No
147305,Yes
147306,Yes
147307,Yes
147308,No
147309,No
147310,Yes
147311,Yes
147312,No
147313,No
147314,Yes
147315,Yes
147316,Yes
147317,No
147318,No
147319,Yes
147320,No
147321,Yes
147322,No
147323,No
147324,Yes
147325,No
147326,Yes
147327,Yes
147328,Yes
147329,Yes
147330,Yes
147331,Yes
147332,Yes
147333,No
147334,Yes
147335,Yes
147336,No
147337,No
147338,Yes
147339,Yes
147340,Yes
147341,Yes
147342,No
147343,No
147344,Yes
147345,Yes
147346,Yes
147347,No
147348,No
147349,No
147350,No
147351,No
147352,No
147353,Yes
147354,No
147355,Yes
147356,No
147357,Yes
147358,No
147359,No
147360,Yes
147361,No
147362,Yes
147363,No
147364,Yes
147365,Yes
147366,Yes
147367,No
147368,Yes
147369,Yes
147370,No
147371,No
147372,Yes
147373,Yes
147374,Yes
147375,No
147376,Yes
147377,Yes
147378,No
147379,Yes
147380,Yes
147381,No
147382,Yes
147383,Yes
147384,Yes
147385,Yes
147386,No
147387,No
147388,No
147389,Yes
147390,Yes
147391,No
147392,Yes
147393,No
147394,No
147395,No
147396,No
147397,No
147398,Yes
147399,No
147400,No
147401,No
147402,Yes
147403,No
147404,Yes
147405,No
147406,Yes
147407,No
147408,Yes
147409,Yes
147410,No
147411,Yes
147412,Yes
147413,No
147414,Yes
147415,Yes
147416,Yes
147417,Yes
147418,No
147419,No
147420,No
147421,No
147422,No
147423,No
147424,No
147425,No
147426,Yes
147427,Yes
147428,No
147429,No
147430,No
147431,Yes
147432,No
147433,No
147434,Yes
147435,No
147436,Yes
147437,Yes
147438,Yes
147439,Yes
147440,No
147441,No
147442,No
147443,No
147444,Yes
147445,Yes
147446,Yes
147447,No
147448,No
147449,No
147450,Yes
147451,No
147452,No
147453,Yes
147454,Yes
147455,Yes
147456,No
147457,Yes
147458,Yes
147459,Yes
147460,Yes
147461,Yes
147462,No
147463,No
147464,Yes
147465,No
147466,Yes
147467,Yes
147468,No
147469,No
147470,No
147471,Yes
147472,No
147473,Yes
147474,No
147475,Yes
147476,No
147477,Yes
147478,No
147479,Yes
147480,No
147481,Yes
147482,No
147483,No
147484,No
147485,Yes
147486,Yes
147487,Yes
147488,No
147489,No
147490,No
147491,No
147492,Yes
147493,Yes
147494,No
147495,Yes
147496,No
147497,No
147498,No
147499,No
147500,No
147501,No
147502,No
147503,No
147504,No
147505,Yes
147506,Yes
147507,Yes
147508,No
147509,No
147510,No
147511,Yes
147512,No
147513,No
147514,No
147515,No
147516,Yes
147517,No
147518,No
147519,Yes
147520,Yes
147521,No
147522,Yes
147523,No
147524,No
147525,No
147526,Yes
147527,No
147528,Yes
147529,Yes
147530,Yes
147531,No
147532,No
147533,No
147534,Yes
147535,No
147536,Yes
147537,Yes
147538,Yes
147539,Yes
147540,No
147541,No
147542,Yes
147543,No
147544,No
147545,Yes
147546,No
147547,No
147548,Yes
147549,Yes
147550,No
147551,No
147552,No
147553,Yes
147554,Yes
147555,Yes
147556,No
147557,No
147558,Yes
147559,Yes
147560,No
147561,Yes
147562,Yes
147563,Yes
147564,No
147565,Yes
147566,Yes
147567,No
147568,No
147569,Yes
147570,No
147571,No
147572,Yes
147573,No
147574,Yes
147575,Yes
147576,Yes
147577,Yes
147578,Yes
147579,Yes
147580,Yes
147581,Yes
147582,Yes
147583,No
147584,No
147585,No
147586,No
147587,Yes
147588,No
147589,Yes
147590,No
147591,Yes
147592,No
147593,Yes
147594,No
147595,Yes
147596,No
147597,Yes
147598,Yes
147599,Yes
147600,Yes
147601,Yes
147602,Yes
147603,Yes
147604,Yes
147605,Yes
147606,Yes
147607,No
147608,Yes
147609,No
147610,No
147611,Yes
147612,Yes
147613,No
147614,No
147615,Yes
147616,Yes
147617,No
147618,No
147619,Yes
147620,Yes
147621,No
147622,Yes
147623,Yes
147624,No
147625,No
147626,Yes
147627,No
147628,Yes
147629,Yes
147630,No
147631,Yes
147632,Yes
147633,No
147634,No
147635,No
147636,No
147637,Yes
147638,Yes
147639,No
147640,Yes
147641,No
147642,Yes
147643,No
147644,Yes
147645,Yes
147646,Yes
147647,Yes
147648,No
147649,No
147650,No
147651,No
147652,No
147653,Yes
147654,Yes
147655,No
147656,No
147657,No
147658,Yes
147659,Yes
147660,Yes
147661,No
147662,No
147663,Yes
147664,Yes
147665,Yes
147666,No
147667,Yes
147668,No
147669,Yes
147670,Yes
147671,No
147672,Yes
147673,No
147674,No
147675,Yes
147676,Yes
147677,No
147678,No
147679,No
147680,Yes
147681,Yes
147682,No
147683,Yes
147684,No
147685,Yes
147686,No
147687,Yes
147688,No
147689,Yes
147690,Yes
147691,Yes
147692,No
147693,Yes
147694,Yes
147695,Yes
147696,Yes
147697,Yes
147698,Yes
147699,Yes
147700,Yes
147701,Yes
147702,Yes
147703,No
147704,Yes
147705,Yes
147706,Yes
147707,Yes
147708,Yes
147709,Yes
147710,No
147711,Yes
147712,Yes
147713,Yes
147714,Yes
147715,Yes
147716,No
147717,Yes
147718,Yes
147719,No
147720,Yes
147721,Yes
147722,Yes
147723,Yes
147724,Yes
147725,Yes
147726,No
147727,No
147728,Yes
147729,Yes
147730,No
147731,Yes
147732,Yes
147733,No
147734,No
147735,Yes
147736,Yes
147737,No
147738,Yes
147739,No
147740,Yes
147741,No
147742,No
147743,Yes
147744,Yes
147745,Yes
147746,Yes
147747,No
147748,Yes
147749,Yes
147750,No
147751,Yes
147752,Yes
147753,Yes
147754,Yes
147755,Yes
147756,Yes
147757,No
147758,Yes
147759,No
147760,No
147761,Yes
147762,Yes
147763,Yes
147764,Yes
147765,Yes
147766,No
147767,No
147768,No
147769,Yes
147770,Yes
147771,Yes
147772,No
147773,Yes
147774,Yes
147775,Yes
147776,Yes
147777,Yes
147778,No
147779,Yes
147780,Yes
147781,Yes
147782,No
147783,No
147784,No
147785,Yes
147786,Yes
147787,Yes
147788,Yes
147789,Yes
147790,Yes
147791,Yes
147792,No
147793,Yes
147794,Yes
147795,No
147796,Yes
147797,Yes
147798,No
147799,Yes
147800,No
147801,Yes
147802,Yes
147803,Yes
147804,Yes
147805,Yes
147806,Yes
147807,Yes
147808,Yes
147809,Yes
147810,Yes
147811,Yes
147812,Yes
147813,No
147814,Yes
147815,No
147816,Yes
147817,No
147818,Yes
147819,No
147820,No
147821,Yes
147822,Yes
147823,Yes
147824,Yes
147825,Yes
147826,No
147827,Yes
147828,Yes
147829,No
147830,Yes
147831,No
147832,No
147833,Yes
147834,No
147835,No
147836,Yes
147837,No
147838,Yes
147839,Yes
147840,Yes
147841,Yes
147842,Yes
147843,Yes
147844,No
147845,Yes
147846,No
147847,Yes
147848,No
147849,Yes
147850,No
147851,Yes
147852,Yes
147853,No
147854,Yes
147855,No
147856,No
147857,Yes
147858,Yes
147859,No
147860,Yes
147861,Yes
147862,Yes
147863,No
147864,Yes
147865,Yes
147866,Yes
147867,Yes
147868,Yes
147869,Yes
147870,No
147871,Yes
147872,No
147873,No
147874,No
147875,Yes
147876,Yes
147877,Yes
147878,No
147879,Yes
147880,Yes
147881,Yes
147882,No
147883,Yes
147884,No
147885,No
147886,Yes
147887,Yes
147888,Yes
147889,Yes
147890,Yes
147891,No
147892,Yes
147893,Yes
147894,Yes
147895,Yes
147896,Yes
147897,No
147898,Yes
147899,Yes
147900,No
147901,No
147902,Yes
147903,No
147904,No
147905,Yes
147906,Yes
147907,No
147908,Yes
147909,Yes
147910,Yes
147911,Yes
147912,No
147913,Yes
147914,Yes
147915,Yes
147916,Yes
147917,No
147918,Yes
147919,Yes
147920,Yes
147921,Yes
147922,Yes
147923,Yes
147924,No
147925,Yes
147926,No
147927,No
147928,Yes
147929,No
147930,No
147931,No
147932,Yes
147933,Yes
147934,Yes
147935,Yes
147936,Yes
147937,Yes
147938,No
147939,No
147940,Yes
147941,Yes
147942,No
147943,Yes
147944,No
147945,No
147946,No
147947,Yes
147948,Yes
147949,No
147950,No
147951,No
147952,Yes
147953,Yes
147954,No
147955,Yes
147956,No
147957,No
147958,No
147959,No
147960,No
147961,No
147962,No
147963,No
147964,Yes
147965,Yes
147966,No
147967,Yes
147968,Yes
147969,Yes
147970,Yes
147971,No
147972,Yes
147973,No
147974,No
147975,Yes
147976,No
147977,No
147978,Yes
147979,Yes
147980,No
147981,Yes
147982,No
147983,Yes
147984,Yes
147985,No
147986,Yes
147987,No
147988,Yes
147989,Yes
147990,Yes
147991,No
147992,Yes
147993,No
147994,Yes
147995,No
147996,Yes
147997,No
147998,Yes
147999,Yes
148000,No
148001,Yes
148002,Yes
148003,Yes
148004,Yes
148005,Yes
148006,No
148007,Yes
148008,No
148009,No
148010,Yes
148011,Yes
148012,No
148013,Yes
148014,No
148015,No
148016,Yes
148017,No
148018,Yes
148019,No
148020,No
148021,Yes
148022,Yes
148023,No
148024,Yes
148025,Yes
148026,No
148027,No
148028,No
148029,Yes
148030,Yes
148031,No
148032,Yes
148033,No
148034,Yes
148035,Yes
148036,No
148037,Yes
148038,Yes
148039,Yes
148040,Yes
148041,Yes
148042,Yes
148043,Yes
148044,Yes
148045,Yes
148046,No
148047,Yes
148048,Yes
148049,Yes
148050,No
148051,No
148052,No
148053,No
148054,Yes
148055,No
148056,Yes
148057,Yes
148058,No
148059,Yes
148060,No
148061,No
148062,Yes
148063,Yes
148064,No
148065,Yes
148066,No
148067,No
148068,No
148069,No
148070,Yes
148071,Yes
148072,Yes
148073,Yes
148074,Yes
148075,No
148076,Yes
148077,No
148078,Yes
148079,No
148080,Yes
148081,No
148082,No
148083,Yes
148084,No
148085,Yes
148086,Yes
148087,Yes
148088,No
148089,Yes
148090,Yes
148091,Yes
148092,No
148093,Yes
148094,No
148095,Yes
148096,Yes
148097,Yes
148098,No
148099,Yes
148100,Yes
148101,No
148102,No
148103,Yes
148104,No
148105,Yes
148106,Yes
148107,Yes
148108,No
148109,No
148110,No
148111,Yes
148112,Yes
148113,No
148114,Yes
148115,No
148116,Yes
148117,No
148118,Yes
148119,No
148120,Yes
148121,No
148122,Yes
148123,No
148124,Yes
148125,No
148126,No
148127,Yes
148128,Yes
148129,No
148130,Yes
148131,Yes
148132,Yes
148133,Yes
148134,Yes
148135,No
148136,Yes
148137,No
148138,Yes
148139,Yes
148140,Yes
148141,Yes
148142,No
148143,No
148144,Yes
148145,No
148146,Yes
148147,No
148148,Yes
148149,No
148150,Yes
148151,Yes
148152,No
148153,No
148154,Yes
148155,Yes
148156,Yes
148157,No
148158,No
148159,Yes
148160,Yes
148161,Yes
148162,No
148163,Yes
148164,No
148165,Yes
148166,Yes
148167,Yes
148168,Yes
148169,Yes
148170,No
148171,No
148172,Yes
148173,No
148174,Yes
148175,No
148176,No
148177,Yes
148178,Yes
148179,No
148180,Yes
148181,Yes
148182,Yes
148183,No
148184,No
148185,Yes
148186,Yes
148187,No
148188,Yes
148189,No
148190,No
148191,Yes
148192,Yes
148193,No
148194,No
148195,Yes
148196,No
148197,Yes
148198,No
148199,No
148200,Yes
148201,Yes
148202,No
148203,Yes
148204,No
148205,No
148206,No
148207,Yes
148208,No
148209,No
148210,Yes
148211,No
148212,Yes
148213,Yes
148214,Yes
148215,No
148216,No
148217,No
148218,Yes
148219,Yes
148220,Yes
148221,Yes
148222,Yes
148223,No
148224,Yes
148225,Yes
148226,No
148227,Yes
148228,Yes
148229,No
148230,No
148231,No
148232,No
148233,No
148234,Yes
148235,Yes
148236,Yes
148237,No
148238,Yes
148239,Yes
148240,Yes
148241,Yes
148242,Yes
148243,No
148244,Yes
148245,No
148246,No
148247,Yes
148248,No
148249,No
148250,Yes
148251,Yes
148252,No
148253,Yes
148254,No
148255,Yes
148256,Yes
148257,Yes
148258,Yes
148259,Yes
148260,Yes
148261,No
148262,Yes
148263,Yes
148264,No
148265,No
148266,Yes
148267,Yes
148268,Yes
148269,No
148270,Yes
148271,No
148272,Yes
148273,Yes
148274,Yes
148275,Yes
148276,Yes
148277,No
148278,Yes
148279,No
148280,Yes
148281,Yes
148282,No
148283,Yes
148284,Yes
148285,Yes
148286,Yes
148287,No
148288,Yes
148289,Yes
148290,No
148291,Yes
148292,Yes
148293,Yes
148294,No
148295,Yes
148296,No
148297,No
148298,No
148299,Yes
148300,Yes
148301,Yes
148302,Yes
148303,Yes
148304,No
148305,No
148306,Yes
148307,No
148308,Yes
148309,Yes
148310,Yes
148311,No
148312,Yes
148313,Yes
148314,Yes
148315,Yes
148316,No
148317,No
148318,Yes
148319,No
148320,No
148321,Yes
148322,No
148323,Yes
148324,Yes
148325,No
148326,Yes
148327,Yes
148328,Yes
148329,No
148330,Yes
148331,Yes
148332,Yes
148333,Yes
148334,Yes
148335,Yes
148336,Yes
148337,Yes
148338,No
148339,No
148340,No
148341,No
148342,Yes
148343,No
148344,Yes
148345,No
148346,Yes
148347,No
148348,Yes
148349,No
148350,Yes
148351,Yes
148352,Yes
148353,No
148354,No
148355,No
148356,Yes
148357,Yes
148358,Yes
148359,Yes
148360,Yes
148361,No
148362,No
148363,No
148364,Yes
148365,No
148366,Yes
148367,No
148368,Yes
148369,No
148370,No
148371,Yes
148372,Yes
148373,Yes
148374,No
148375,Yes
148376,Yes
148377,No
148378,Yes
148379,Yes
148380,No
148381,Yes
148382,Yes
148383,No
148384,Yes
148385,Yes
148386,No
148387,Yes
148388,Yes
148389,Yes
148390,Yes
148391,Yes
148392,Yes
148393,No
148394,Yes
148395,No
148396,Yes
148397,Yes
148398,No
148399,No
148400,No
148401,No
148402,Yes
148403,Yes
148404,Yes
148405,Yes
148406,No
148407,No
148408,No
148409,Yes
148410,No
148411,No
148412,Yes
148413,No
148414,No
148415,Yes
148416,No
148417,Yes
148418,No
148419,Yes
148420,No
148421,Yes
148422,Yes
148423,No
148424,Yes
148425,No
148426,Yes
148427,No
148428,No
148429,Yes
148430,No
148431,Yes
148432,Yes
148433,No
148434,Yes
148435,No
148436,Yes
148437,No
148438,Yes
148439,Yes
148440,Yes
148441,No
148442,No
148443,Yes
148444,Yes
148445,No
148446,No
148447,Yes
148448,Yes
148449,Yes
148450,Yes
148451,No
148452,Yes
148453,No
148454,Yes
148455,Yes
148456,No
148457,No
148458,No
148459,No
148460,No
148461,Yes
148462,No
148463,Yes
148464,Yes
148465,No
148466,No
148467,No
148468,No
148469,No
148470,Yes
148471,Yes
148472,No
148473,Yes
148474,No
148475,No
148476,No
148477,No
148478,No
148479,No
148480,No
148481,No
148482,No
148483,No
148484,Yes
148485,No
148486,Yes
148487,Yes
148488,Yes
148489,Yes
148490,Yes
148491,No
148492,Yes
148493,No
148494,Yes
148495,No
148496,Yes
148497,Yes
148498,No
148499,No
148500,Yes
148501,Yes
148502,Yes
148503,Yes
148504,No
148505,No
148506,No
148507,No
148508,No
148509,No
148510,No
148511,Yes
148512,Yes
148513,Yes
148514,Yes
148515,No
148516,Yes
148517,Yes
148518,Yes
148519,Yes
148520,Yes
148521,No
148522,Yes
148523,No
148524,Yes
148525,No
148526,No
148527,No
148528,No
148529,No
148530,No
148531,Yes
148532,No
148533,Yes
148534,Yes
148535,Yes
148536,No
148537,Yes
148538,Yes
148539,Yes
148540,Yes
148541,No
148542,Yes
148543,Yes
148544,Yes
148545,No
148546,No
148547,No
148548,Yes
148549,No
148550,Yes
148551,Yes
148552,No
148553,No
148554,No
148555,Yes
148556,No
148557,Yes
148558,No
148559,No
148560,Yes
148561,Yes
148562,Yes
148563,Yes
148564,Yes
148565,Yes
148566,Yes
148567,No
148568,Yes
148569,Yes
148570,No
148571,No
148572,Yes
148573,Yes
148574,Yes
148575,No
148576,Yes
148577,No
148578,Yes
148579,Yes
148580,Yes
148581,Yes
148582,Yes
148583,No
148584,No
148585,Yes
148586,No
148587,Yes
148588,Yes
148589,No
148590,Yes
148591,Yes
148592,Yes
148593,Yes
148594,Yes
148595,Yes
148596,No
148597,No
148598,Yes
148599,Yes
148600,Yes
148601,Yes
148602,No
148603,No
148604,Yes
148605,Yes
148606,Yes
148607,Yes
148608,Yes
148609,No
148610,No
148611,Yes
148612,No
148613,Yes
148614,Yes
148615,Yes
148616,Yes
148617,Yes
148618,Yes
148619,Yes
148620,Yes
148621,No
148622,No
148623,Yes
148624,Yes
148625,Yes
148626,Yes
148627,No
148628,No
148629,Yes
148630,Yes
148631,Yes
148632,Yes
148633,Yes
148634,No
148635,No
148636,Yes
148637,Yes
148638,No
148639,No
148640,No
148641,Yes
148642,Yes
148643,Yes
148644,No
148645,No
148646,Yes
148647,Yes
148648,Yes
148649,No
148650,Yes
148651,Yes
148652,Yes
148653,Yes
148654,No
148655,Yes
148656,Yes
148657,Yes
148658,No
148659,No
148660,Yes
148661,No
148662,Yes
148663,Yes
148664,Yes
148665,Yes
148666,Yes
148667,No
148668,No
148669,Yes
148670,Yes
148671,Yes
148672,Yes
148673,No
148674,No
148675,Yes
148676,No
148677,No
148678,Yes
148679,Yes
148680,Yes
148681,Yes
148682,Yes
148683,Yes
148684,No
148685,Yes
148686,Yes
148687,Yes
148688,Yes
148689,Yes
148690,No
148691,Yes
148692,No
148693,Yes
148694,Yes
148695,Yes
148696,Yes
148697,No
148698,Yes
148699,Yes
148700,Yes
148701,No
148702,No
148703,No
148704,No
148705,No
148706,No
148707,Yes
148708,Yes
148709,Yes
148710,Yes
148711,Yes
148712,Yes
148713,Yes
148714,No
148715,Yes
148716,No
148717,No
148718,No
148719,No
148720,No
148721,Yes
148722,No
148723,Yes
148724,Yes
148725,Yes
148726,No
148727,No
148728,No
148729,Yes
148730,Yes
148731,Yes
148732,No
148733,No
148734,Yes
148735,Yes
148736,Yes
148737,Yes
148738,Yes
148739,Yes
148740,Yes
148741,No
148742,No
148743,No
148744,Yes
148745,Yes
148746,No
148747,Yes
148748,No
148749,No
148750,No
148751,No
148752,Yes
148753,Yes
148754,Yes
148755,Yes
148756,Yes
148757,Yes
148758,No
148759,Yes
148760,No
148761,No
148762,No
148763,No
148764,No
148765,Yes
148766,No
148767,No
148768,Yes
148769,No
148770,No
148771,Yes
148772,Yes
148773,Yes
148774,No
148775,Yes
148776,No
148777,No
148778,Yes
148779,Yes
148780,Yes
148781,Yes
148782,No
148783,Yes
148784,Yes
148785,No
148786,No
148787,Yes
148788,Yes
148789,Yes
148790,No
148791,No
148792,Yes
148793,No
148794,Yes
148795,Yes
148796,No
148797,Yes
148798,No
148799,Yes
148800,Yes
148801,Yes
148802,No
148803,Yes
148804,Yes
148805,Yes
148806,Yes
148807,Yes
148808,Yes
148809,Yes
148810,Yes
148811,No
148812,No
148813,No
148814,Yes
148815,No
148816,Yes
148817,No
148818,No
148819,No
148820,Yes
148821,No
148822,Yes
148823,Yes
148824,No
148825,Yes
148826,Yes
148827,Yes
148828,No
148829,Yes
148830,No
148831,No
148832,Yes
148833,No
148834,Yes
148835,Yes
148836,No
148837,Yes
148838,Yes
148839,Yes
148840,No
148841,No
148842,No
148843,Yes
148844,Yes
148845,Yes
148846,Yes
148847,No
148848,Yes
148849,No
148850,Yes
148851,Yes
148852,Yes
148853,No
148854,Yes
148855,No
148856,No
148857,Yes
148858,No
148859,Yes
148860,No
148861,Yes
148862,No
148863,Yes
148864,No
148865,Yes
148866,No
148867,Yes
148868,Yes
148869,No
148870,Yes
148871,Yes
148872,No
148873,Yes
148874,Yes
148875,Yes
148876,Yes
148877,Yes
148878,No
148879,No
148880,Yes
148881,No
148882,Yes
148883,No
148884,No
148885,Yes
148886,Yes
148887,No
148888,Yes
148889,Yes
148890,No
148891,Yes
148892,Yes
148893,Yes
148894,Yes
148895,Yes
148896,Yes
148897,Yes
148898,Yes
148899,Yes
148900,No
148901,Yes
148902,No
148903,No
148904,No
148905,Yes
148906,Yes
148907,Yes
148908,No
148909,Yes
148910,No
148911,No
148912,Yes
148913,No
148914,Yes
148915,No
148916,Yes
148917,Yes
148918,Yes
148919,Yes
148920,No
148921,Yes
148922,No
148923,No
148924,Yes
148925,Yes
148926,No
148927,No
148928,Yes
148929,Yes
148930,No
148931,No
148932,Yes
148933,Yes
148934,No
148935,Yes
148936,Yes
148937,No
148938,No
148939,No
148940,Yes
148941,No
148942,Yes
148943,Yes
148944,No
148945,Yes
148946,Yes
148947,No
148948,Yes
148949,No
148950,Yes
148951,Yes
148952,No
148953,Yes
148954,No
148955,Yes
148956,Yes
148957,No
148958,Yes
148959,No
148960,Yes
148961,No
148962,No
148963,Yes
148964,No
148965,Yes
148966,No
148967,Yes
148968,Yes
148969,Yes
148970,No
148971,Yes
148972,Yes
148973,Yes
148974,Yes
148975,Yes
148976,Yes
148977,No
148978,No
148979,No
148980,No
148981,No
148982,Yes
148983,Yes
148984,Yes
148985,Yes
148986,No
148987,Yes
148988,No
148989,Yes
148990,No
148991,Yes
148992,No
148993,No
148994,No
148995,No
148996,No
148997,No
148998,Yes
148999,Yes
149000,Yes
149001,Yes
149002,Yes
149003,Yes
149004,No
149005,No
149006,No
149007,Yes
149008,Yes
149009,No
149010,Yes
149011,No
149012,No
149013,No
149014,Yes
149015,Yes
149016,Yes
149017,No
149018,Yes
149019,No
149020,No
149021,No
149022,Yes
149023,Yes
149024,Yes
149025,No
149026,Yes
149027,Yes
149028,Yes
149029,No
149030,No
149031,No
149032,No
149033,Yes
149034,Yes
149035,No
149036,No
149037,Yes
149038,No
149039,Yes
149040,Yes
149041,Yes
149042,No
149043,No
149044,No
149045,Yes
149046,Yes
149047,No
149048,No
149049,No
149050,Yes
149051,Yes
149052,Yes
149053,No
149054,Yes
149055,Yes
149056,Yes
149057,Yes
149058,Yes
149059,Yes
149060,No
149061,Yes
149062,Yes
149063,No
149064,Yes
149065,Yes
149066,No
149067,No
149068,No
149069,Yes
149070,Yes
149071,No
149072,No
149073,Yes
149074,Yes
149075,Yes
149076,Yes
149077,Yes
149078,No
149079,No
149080,Yes
149081,No
149082,No
149083,No
149084,Yes
149085,Yes
149086,Yes
149087,No
149088,No
149089,Yes
149090,No
149091,No
149092,No
149093,No
149094,No
149095,Yes
149096,No
149097,Yes
149098,No
149099,No
149100,Yes
149101,No
149102,Yes
149103,Yes
149104,Yes
149105,No
149106,Yes
149107,No
149108,Yes
149109,No
149110,No
149111,Yes
149112,Yes
149113,No
149114,Yes
149115,No
149116,Yes
149117,No
149118,No
149119,No
149120,Yes
149121,Yes
149122,Yes
149123,No
149124,Yes
149125,Yes
149126,No
149127,Yes
149128,No
149129,No
149130,No
149131,Yes
149132,Yes
149133,Yes
149134,No
149135,Yes
149136,No
149137,Yes
149138,Yes
149139,Yes
149140,Yes
149141,No
149142,No
149143,No
149144,Yes
149145,Yes
149146,Yes
149147,No
149148,No
149149,Yes
149150,No
149151,Yes
149152,Yes
149153,Yes
149154,Yes
149155,No
149156,No
149157,Yes
149158,Yes
149159,Yes
149160,Yes
149161,Yes
149162,Yes
149163,Yes
149164,Yes
149165,Yes
149166,No
149167,No
149168,Yes
149169,Yes
149170,No
149171,No
149172,No
149173,No
149174,Yes
149175,No
149176,Yes
149177,Yes
149178,Yes
149179,No
149180,Yes
149181,Yes
149182,No
149183,Yes
149184,Yes
149185,Yes
149186,No
149187,No
149188,No
149189,Yes
149190,Yes
149191,Yes
149192,Yes
149193,Yes
149194,Yes
149195,Yes
149196,No
149197,No
149198,Yes
149199,No
149200,Yes
149201,No
149202,Yes
149203,Yes
149204,Yes
149205,Yes
149206,Yes
149207,Yes
149208,Yes
149209,Yes
149210,Yes
149211,Yes
149212,Yes
149213,No
149214,Yes
149215,No
149216,Yes
149217,Yes
149218,No
149219,Yes
149220,No
149221,No
149222,No
149223,Yes
149224,Yes
149225,Yes
149226,Yes
149227,No
149228,Yes
149229,No
149230,Yes
149231,Yes
149232,No
149233,No
149234,Yes
149235,Yes
149236,No
149237,No
149238,No
149239,Yes
149240,Yes
149241,Yes
149242,Yes
149243,Yes
149244,Yes
149245,No
149246,Yes
149247,Yes
149248,No
149249,No
149250,Yes
149251,Yes
149252,Yes
149253,Yes
149254,No
149255,Yes
149256,No
149257,Yes
149258,Yes
149259,No
149260,Yes
149261,No
149262,Yes
149263,Yes
149264,Yes
149265,No
149266,No
149267,No
149268,Yes
149269,Yes
149270,Yes
149271,No
149272,Yes
149273,Yes
149274,Yes
149275,Yes
149276,No
149277,Yes
149278,Yes
149279,Yes
149280,No
149281,No
149282,No
149283,Yes
149284,No
149285,Yes
149286,No
149287,No
149288,Yes
149289,No
149290,Yes
149291,Yes
149292,No
149293,Yes
149294,No
149295,Yes
149296,Yes
149297,Yes
149298,Yes
149299,Yes
149300,Yes
149301,No
149302,No
149303,Yes
149304,No
149305,No
149306,Yes
149307,No
149308,No
149309,Yes
149310,No
149311,Yes
149312,No
149313,No
149314,Yes
149315,No
149316,Yes
149317,No
149318,Yes
149319,Yes
149320,No
149321,Yes
149322,Yes
149323,Yes
149324,No
149325,Yes
149326,Yes
149327,No
149328,Yes
149329,Yes
149330,Yes
149331,No
149332,No
149333,No
149334,No
149335,Yes
149336,No
149337,Yes
149338,Yes
149339,Yes
149340,Yes
149341,Yes
149342,No
149343,No
149344,Yes
149345,No
149346,No
149347,No
149348,No
149349,No
149350,Yes
149351,No
149352,Yes
149353,Yes
149354,No
149355,Yes
149356,Yes
149357,Yes
149358,Yes
149359,Yes
149360,No
149361,Yes
149362,No
149363,Yes
149364,Yes
149365,Yes
149366,Yes
149367,Yes
149368,No
149369,No
149370,Yes
149371,No
149372,Yes
149373,No
149374,No
149375,Yes
149376,Yes
149377,No
149378,Yes
149379,Yes
149380,No
149381,Yes
149382,Yes
149383,Yes
149384,No
149385,Yes
149386,No
149387,No
149388,Yes
149389,Yes
149390,Yes
149391,Yes
149392,No
149393,Yes
149394,No
149395,Yes
149396,No
149397,Yes
149398,No
149399,Yes
149400,No
149401,No
149402,Yes
149403,No
149404,Yes
149405,Yes
149406,Yes
149407,No
149408,No
149409,Yes
149410,No
149411,Yes
149412,Yes
149413,Yes
149414,No
149415,No
149416,Yes
149417,Yes
149418,No
149419,No
149420,No
149421,Yes
149422,Yes
149423,No
149424,Yes
149425,No
149426,No
149427,No
149428,Yes
149429,No
149430,No
149431,Yes
149432,No
149433,No
149434,Yes
149435,No
149436,Yes
149437,Yes
149438,Yes
149439,Yes
149440,No
149441,Yes
149442,No
149443,No
149444,No
149445,Yes
149446,Yes
149447,Yes
149448,Yes
149449,No
149450,Yes
149451,No
149452,Yes
149453,Yes
149454,Yes
149455,No
149456,Yes
149457,Yes
149458,Yes
149459,No
149460,Yes
149461,No
149462,No
149463,No
149464,Yes
149465,No
149466,Yes
149467,Yes
149468,No
149469,Yes
149470,No
149471,No
149472,No
149473,No
149474,Yes
149475,No
149476,Yes
149477,Yes
149478,Yes
149479,No
149480,No
149481,No
149482,No
149483,Yes
149484,Yes
149485,Yes
149486,Yes
149487,Yes
149488,Yes
149489,Yes
149490,No
149491,Yes
149492,Yes
149493,Yes
149494,No
149495,Yes
149496,Yes
149497,Yes
149498,Yes
149499,Yes
149500,Yes
149501,No
149502,No
149503,No
149504,No
149505,Yes
149506,No
149507,Yes
149508,Yes
149509,Yes
149510,No
149511,No
149512,Yes
149513,Yes
149514,Yes
149515,Yes
149516,No
149517,Yes
149518,Yes
149519,No
149520,No
149521,No
149522,Yes
149523,No
149524,Yes
149525,Yes
149526,Yes
149527,No
149528,No
149529,No
149530,No
149531,Yes
149532,Yes
149533,No
149534,No
149535,Yes
149536,Yes
149537,Yes
149538,Yes
149539,No
149540,Yes
149541,No
149542,Yes
149543,Yes
149544,No
149545,No
149546,Yes
149547,No
149548,No
149549,Yes
149550,Yes
149551,Yes
149552,Yes
149553,No
149554,Yes
149555,No
149556,No
149557,Yes
149558,Yes
149559,No
149560,No
149561,Yes
149562,Yes
149563,Yes
149564,Yes
149565,Yes
149566,Yes
149567,No
149568,No
149569,Yes
149570,Yes
149571,Yes
149572,Yes
149573,No
149574,Yes
149575,Yes
149576,No
149577,No
149578,Yes
149579,Yes
149580,Yes
149581,Yes
149582,No
149583,No
149584,No
149585,Yes
149586,Yes
149587,Yes
149588,Yes
149589,Yes
149590,Yes
149591,Yes
149592,Yes
149593,No
149594,Yes
149595,Yes
149596,No
149597,Yes
149598,Yes
149599,No
149600,No
149601,Yes
149602,Yes
149603,No
149604,No
149605,Yes
149606,Yes
149607,Yes
149608,Yes
149609,Yes
149610,No
149611,No
149612,No
149613,No
149614,No
149615,No
149616,No
149617,Yes
149618,No
149619,No
149620,Yes
149621,No
149622,Yes
149623,Yes
149624,Yes
149625,Yes
149626,No
149627,Yes
149628,Yes
149629,No
149630,Yes
149631,No
149632,No
149633,No
149634,No
149635,Yes
149636,Yes
149637,Yes
149638,Yes
149639,No
149640,Yes
149641,Yes
149642,No
149643,No
149644,No
149645,Yes
149646,Yes
149647,Yes
149648,No
149649,No
149650,Yes
149651,Yes
149652,No
149653,No
149654,Yes
149655,Yes
149656,Yes
149657,No
149658,Yes
149659,Yes
149660,Yes
149661,Yes
149662,No
149663,Yes
149664,Yes
149665,Yes
149666,Yes
149667,Yes
149668,No
149669,No
149670,No
149671,Yes
149672,No
149673,Yes
149674,No
149675,Yes
149676,Yes
149677,No
149678,Yes
149679,No
149680,Yes
149681,Yes
149682,No
149683,No
149684,Yes
149685,Yes
149686,Yes
149687,Yes
149688,No
149689,No
149690,No
149691,No
149692,Yes
149693,Yes
149694,Yes
149695,No
149696,No
149697,No
149698,Yes
149699,Yes
149700,No
149701,No
149702,No
149703,Yes
149704,No
149705,Yes
149706,Yes
149707,Yes
149708,No
149709,Yes
149710,Yes
149711,Yes
149712,No
149713,Yes
149714,Yes
149715,No
149716,Yes
149717,Yes
149718,Yes
149719,Yes
149720,No
149721,Yes
149722,Yes
149723,No
149724,No
149725,No
149726,No
149727,No
149728,No
149729,Yes
149730,Yes
149731,Yes
149732,No
149733,Yes
149734,Yes
149735,Yes
149736,Yes
149737,No
149738,No
149739,No
149740,Yes
149741,Yes
149742,Yes
149743,No
149744,No
149745,No
149746,Yes
149747,No
149748,Yes
149749,No
149750,No
149751,No
149752,No
149753,No
149754,Yes
149755,Yes
149756,No
149757,Yes
149758,Yes
149759,No
149760,Yes
149761,Yes
149762,Yes
149763,Yes
149764,Yes
149765,Yes
149766,Yes
149767,No
149768,No
149769,No
149770,Yes
149771,Yes
149772,Yes
149773,Yes
149774,Yes
149775,Yes
149776,No
149777,Yes
149778,No
149779,Yes
149780,No
149781,Yes
149782,No
149783,Yes
149784,No
149785,No
149786,Yes
149787,No
149788,No
149789,No
149790,Yes
149791,Yes
149792,Yes
149793,Yes
149794,Yes
149795,Yes
149796,Yes
149797,No
149798,Yes
149799,No
149800,No
149801,No
149802,Yes
149803,No
149804,Yes
149805,Yes
149806,No
149807,Yes
149808,Yes
149809,No
149810,Yes
149811,No
149812,Yes
149813,Yes
149814,Yes
149815,No
149816,No
149817,Yes
149818,No
149819,Yes
149820,No
149821,Yes
149822,Yes
149823,No
149824,No
149825,Yes
149826,Yes
149827,Yes
149828,Yes
149829,Yes
149830,Yes
149831,Yes
149832,No
149833,No
149834,Yes
149835,Yes
149836,No
149837,No
149838,No
149839,No
149840,No
149841,Yes
149842,No
149843,Yes
149844,Yes
149845,Yes
149846,No
149847,Yes
149848,Yes
149849,Yes
149850,No
149851,No
149852,Yes
149853,Yes
149854,Yes
149855,Yes
149856,No
149857,Yes
149858,No
149859,No
149860,Yes
149861,Yes
149862,No
149863,Yes
149864,Yes
149865,No
149866,Yes
149867,No
149868,Yes
149869,Yes
149870,No
149871,Yes
149872,Yes
149873,Yes
149874,Yes
149875,Yes
149876,No
149877,No
149878,Yes
149879,No
149880,Yes
149881,No
149882,No
149883,No
149884,No
149885,No
149886,No
149887,Yes
149888,Yes
149889,No
149890,No
149891,Yes
149892,No
149893,No
149894,Yes
149895,Yes
149896,Yes
149897,No
149898,Yes
149899,Yes
149900,No
149901,Yes
149902,Yes
149903,No
149904,No
149905,Yes
149906,Yes
149907,Yes
149908,No
149909,Yes
149910,No
149911,Yes
149912,No
149913,Yes
149914,No
149915,No
149916,Yes
149917,No
149918,No
149919,Yes
149920,No
149921,No
149922,No
149923,No
149924,Yes
149925,No
149926,No
149927,Yes
149928,Yes
149929,Yes
149930,No
149931,Yes
149932,Yes
149933,No
149934,Yes
149935,Yes
149936,No
149937,Yes
149938,Yes
149939,Yes
149940,No
149941,No
149942,Yes
149943,Yes
149944,No
149945,Yes
149946,Yes
149947,Yes
149948,No
149949,Yes
149950,Yes
149951,Yes
149952,No
149953,Yes
149954,Yes
149955,Yes
149956,Yes
149957,No
149958,Yes
149959,Yes
149960,Yes
149961,Yes
149962,No
149963,No
149964,No
149965,No
149966,Yes
149967,Yes
149968,Yes
149969,Yes
149970,Yes
149971,Yes
149972,No
149973,Yes
149974,No
149975,Yes
149976,Yes
149977,Yes
149978,Yes
149979,Yes
149980,Yes
149981,No
149982,No
149983,Yes
149984,Yes
149985,Yes
149986,No
149987,No
149988,Yes
149989,No
149990,Yes
149991,Yes
149992,No
149993,No
149994,Yes
149995,Yes
149996,No
149997,No
149998,Yes
149999,No
150000,No
150001,Yes
150002,No
150003,Yes
150004,Yes
150005,Yes
150006,No
150007,No
150008,Yes
150009,Yes
150010,Yes
150011,Yes
150012,Yes
150013,No
150014,Yes
150015,Yes
150016,Yes
150017,Yes
150018,Yes
150019,Yes
150020,No
150021,No
150022,No
150023,No
150024,Yes
150025,No
150026,No
150027,Yes
150028,No
150029,Yes
150030,Yes
150031,Yes
150032,Yes
150033,Yes
150034,Yes
150035,Yes
