ID,Survival Prediction
75036,Yes
75037,No
75038,No
75039,Yes
75040,Yes
75041,Yes
75042,Yes
75043,Yes
75044,No
75045,Yes
75046,Yes
75047,Yes
75048,No
75049,No
75050,Yes
75051,Yes
75052,Yes
75053,No
75054,Yes
75055,Yes
75056,Yes
75057,No
75058,Yes
75059,Yes
75060,No
75061,Yes
75062,Yes
75063,Yes
75064,Yes
75065,Yes
75066,No
75067,Yes
75068,No
75069,Yes
75070,No
75071,Yes
75072,No
75073,No
75074,No
75075,Yes
75076,No
75077,Yes
75078,No
75079,Yes
75080,Yes
75081,Yes
75082,No
75083,No
75084,Yes
75085,Yes
75086,Yes
75087,Yes
75088,No
75089,No
75090,No
75091,Yes
75092,No
75093,No
75094,No
75095,Yes
75096,Yes
75097,No
75098,No
75099,No
75100,Yes
75101,No
75102,No
75103,No
75104,Yes
75105,Yes
75106,Yes
75107,Yes
75108,No
75109,No
75110,Yes
75111,No
75112,No
75113,Yes
75114,No
75115,Yes
75116,Yes
75117,No
75118,No
75119,No
75120,No
75121,No
75122,No
75123,No
75124,No
75125,No
75126,No
75127,No
75128,Yes
75129,Yes
75130,Yes
75131,Yes
75132,Yes
75133,No
75134,Yes
75135,No
75136,No
75137,Yes
75138,No
75139,No
75140,No
75141,Yes
75142,Yes
75143,No
75144,No
75145,Yes
75146,No
75147,No
75148,Yes
75149,Yes
75150,Yes
75151,No
75152,Yes
75153,Yes
75154,No
75155,Yes
75156,Yes
75157,No
75158,No
75159,No
75160,Yes
75161,No
75162,No
75163,No
75164,Yes
75165,Yes
75166,Yes
75167,No
75168,Yes
75169,Yes
75170,Yes
75171,Yes
75172,Yes
75173,No
75174,Yes
75175,No
75176,Yes
75177,Yes
75178,No
75179,Yes
75180,No
75181,Yes
75182,No
75183,Yes
75184,No
75185,Yes
75186,No
75187,No
75188,No
75189,Yes
75190,Yes
75191,Yes
75192,No
75193,Yes
75194,Yes
75195,No
75196,Yes
75197,No
75198,No
75199,Yes
75200,No
75201,No
75202,No
75203,No
75204,No
75205,Yes
75206,Yes
75207,Yes
75208,Yes
75209,No
75210,Yes
75211,Yes
75212,No
75213,Yes
75214,Yes
75215,Yes
75216,No
75217,Yes
75218,Yes
75219,Yes
75220,Yes
75221,Yes
75222,No
75223,Yes
75224,No
75225,Yes
75226,No
75227,Yes
75228,Yes
75229,No
75230,No
75231,No
75232,No
75233,Yes
75234,Yes
75235,No
75236,Yes
75237,No
75238,Yes
75239,Yes
75240,No
75241,Yes
75242,No
75243,Yes
75244,Yes
75245,No
75246,Yes
75247,Yes
75248,Yes
75249,No
75250,Yes
75251,No
75252,Yes
75253,Yes
75254,Yes
75255,No
75256,Yes
75257,No
75258,No
75259,No
75260,Yes
75261,No
75262,Yes
75263,Yes
75264,No
75265,No
75266,No
75267,Yes
75268,No
75269,No
75270,No
75271,No
75272,Yes
75273,Yes
75274,Yes
75275,No
75276,No
75277,No
75278,No
75279,Yes
75280,Yes
75281,Yes
75282,No
75283,Yes
75284,Yes
75285,No
75286,Yes
75287,Yes
75288,Yes
75289,Yes
75290,Yes
75291,No
75292,No
75293,Yes
75294,No
75295,Yes
75296,Yes
75297,No
75298,No
75299,No
75300,No
75301,No
75302,No
75303,No
75304,No
75305,No
75306,Yes
75307,Yes
75308,Yes
75309,Yes
75310,No
75311,No
75312,Yes
75313,No
75314,Yes
75315,Yes
75316,Yes
75317,Yes
75318,Yes
75319,No
75320,Yes
75321,No
75322,No
75323,Yes
75324,No
75325,Yes
75326,No
75327,Yes
75328,Yes
75329,Yes
75330,No
75331,Yes
75332,Yes
75333,No
75334,Yes
75335,Yes
75336,No
75337,Yes
75338,No
75339,No
75340,Yes
75341,Yes
75342,No
75343,Yes
75344,No
75345,Yes
75346,No
75347,No
75348,No
75349,Yes
75350,No
75351,No
75352,Yes
75353,Yes
75354,Yes
75355,No
75356,No
75357,Yes
75358,No
75359,No
75360,No
75361,Yes
75362,No
75363,No
75364,No
75365,Yes
75366,Yes
75367,Yes
75368,No
75369,Yes
75370,Yes
75371,No
75372,No
75373,Yes
75374,No
75375,Yes
75376,Yes
75377,Yes
75378,Yes
75379,No
75380,No
75381,No
75382,No
75383,No
75384,Yes
75385,Yes
75386,No
75387,No
75388,Yes
75389,Yes
75390,Yes
75391,No
75392,Yes
75393,No
75394,Yes
75395,Yes
75396,No
75397,Yes
75398,No
75399,No
75400,Yes
75401,No
75402,Yes
75403,No
75404,Yes
75405,Yes
75406,Yes
75407,Yes
75408,No
75409,Yes
75410,Yes
75411,Yes
75412,Yes
75413,No
75414,No
75415,No
75416,Yes
75417,Yes
75418,Yes
75419,Yes
75420,No
75421,No
75422,No
75423,No
75424,Yes
75425,No
75426,Yes
75427,Yes
75428,Yes
75429,Yes
75430,No
75431,No
75432,Yes
75433,No
75434,No
75435,No
75436,Yes
75437,Yes
75438,Yes
75439,Yes
75440,Yes
75441,No
75442,No
75443,No
75444,No
75445,Yes
75446,No
75447,Yes
75448,Yes
75449,No
75450,Yes
75451,Yes
75452,Yes
75453,Yes
75454,Yes
75455,No
75456,No
75457,Yes
75458,Yes
75459,Yes
75460,No
75461,No
75462,No
75463,Yes
75464,No
75465,No
75466,No
75467,Yes
75468,No
75469,Yes
75470,No
75471,Yes
75472,Yes
75473,No
75474,No
75475,No
75476,Yes
75477,No
75478,No
75479,Yes
75480,No
75481,Yes
75482,Yes
75483,Yes
75484,No
75485,No
75486,Yes
75487,No
75488,Yes
75489,No
75490,No
75491,Yes
75492,Yes
75493,No
75494,Yes
75495,Yes
75496,Yes
75497,No
75498,No
75499,Yes
75500,No
75501,Yes
75502,Yes
75503,Yes
75504,No
75505,Yes
75506,Yes
75507,Yes
75508,Yes
75509,No
75510,No
75511,Yes
75512,Yes
75513,Yes
75514,Yes
75515,Yes
75516,No
75517,Yes
75518,Yes
75519,No
75520,Yes
75521,Yes
75522,Yes
75523,Yes
75524,Yes
75525,No
75526,Yes
75527,Yes
75528,No
75529,Yes
75530,Yes
75531,Yes
75532,Yes
75533,No
75534,Yes
75535,Yes
75536,Yes
75537,No
75538,Yes
75539,Yes
75540,Yes
75541,No
75542,No
75543,No
75544,No
75545,Yes
75546,Yes
75547,No
75548,Yes
75549,Yes
75550,No
75551,Yes
75552,No
75553,Yes
75554,No
75555,Yes
75556,No
75557,No
75558,Yes
75559,No
75560,Yes
75561,Yes
75562,Yes
75563,No
75564,No
75565,No
75566,Yes
75567,Yes
75568,Yes
75569,Yes
75570,Yes
75571,Yes
75572,No
75573,No
75574,No
75575,No
75576,Yes
75577,No
75578,Yes
75579,No
75580,Yes
75581,No
75582,No
75583,Yes
75584,No
75585,Yes
75586,Yes
75587,Yes
75588,No
75589,Yes
75590,Yes
75591,Yes
75592,Yes
75593,Yes
75594,No
75595,No
75596,Yes
75597,No
75598,Yes
75599,No
75600,No
75601,No
75602,No
75603,No
75604,No
75605,Yes
75606,Yes
75607,No
75608,No
75609,No
75610,Yes
75611,No
75612,Yes
75613,No
75614,Yes
75615,No
75616,Yes
75617,No
75618,Yes
75619,Yes
75620,Yes
75621,Yes
75622,No
75623,No
75624,Yes
75625,Yes
75626,Yes
75627,No
75628,No
75629,No
75630,Yes
75631,Yes
75632,Yes
75633,Yes
75634,Yes
75635,No
75636,No
75637,Yes
75638,No
75639,Yes
75640,Yes
75641,No
75642,No
75643,No
75644,Yes
75645,No
75646,No
75647,No
75648,No
75649,No
75650,No
75651,No
75652,No
75653,No
75654,Yes
75655,Yes
75656,No
75657,Yes
75658,Yes
75659,No
75660,Yes
75661,No
75662,No
75663,Yes
75664,Yes
75665,Yes
75666,No
75667,Yes
75668,Yes
75669,Yes
75670,No
75671,Yes
75672,Yes
75673,Yes
75674,No
75675,Yes
75676,Yes
75677,No
75678,No
75679,Yes
75680,Yes
75681,Yes
75682,No
75683,Yes
75684,Yes
75685,Yes
75686,Yes
75687,No
75688,Yes
75689,No
75690,Yes
75691,Yes
75692,No
75693,No
75694,Yes
75695,No
75696,No
75697,Yes
75698,No
75699,Yes
75700,Yes
75701,No
75702,No
75703,Yes
75704,Yes
75705,Yes
75706,No
75707,No
75708,Yes
75709,No
75710,Yes
75711,Yes
75712,Yes
75713,Yes
75714,Yes
75715,Yes
75716,Yes
75717,Yes
75718,Yes
75719,No
75720,No
75721,No
75722,Yes
75723,Yes
75724,Yes
75725,Yes
75726,Yes
75727,Yes
75728,Yes
75729,No
75730,Yes
75731,No
75732,Yes
75733,Yes
75734,No
75735,No
75736,Yes
75737,Yes
75738,Yes
75739,Yes
75740,Yes
75741,Yes
75742,Yes
75743,No
75744,No
75745,No
75746,No
75747,No
75748,No
75749,No
75750,No
75751,Yes
75752,Yes
75753,No
75754,No
75755,No
75756,Yes
75757,Yes
75758,Yes
75759,Yes
75760,Yes
75761,No
75762,Yes
75763,No
75764,Yes
75765,Yes
75766,No
75767,Yes
75768,Yes
75769,Yes
75770,Yes
75771,Yes
75772,Yes
75773,Yes
75774,Yes
75775,No
75776,No
75777,Yes
75778,Yes
75779,Yes
75780,Yes
75781,Yes
75782,Yes
75783,Yes
75784,No
75785,Yes
75786,No
75787,Yes
75788,No
75789,Yes
75790,Yes
75791,No
75792,Yes
75793,No
75794,No
75795,No
75796,Yes
75797,No
75798,No
75799,No
75800,No
75801,Yes
75802,Yes
75803,Yes
75804,Yes
75805,No
75806,Yes
75807,No
75808,No
75809,No
75810,No
75811,Yes
75812,No
75813,No
75814,No
75815,No
75816,No
75817,Yes
75818,Yes
75819,No
75820,No
75821,No
75822,No
75823,Yes
75824,No
75825,Yes
75826,Yes
75827,No
75828,No
75829,Yes
75830,Yes
75831,No
75832,Yes
75833,Yes
75834,Yes
75835,Yes
75836,No
75837,Yes
75838,Yes
75839,Yes
75840,Yes
75841,No
75842,Yes
75843,No
75844,Yes
75845,Yes
75846,No
75847,Yes
75848,Yes
75849,No
75850,Yes
75851,No
75852,No
75853,Yes
75854,No
75855,No
75856,Yes
75857,No
75858,No
75859,No
75860,No
75861,Yes
75862,Yes
75863,No
75864,Yes
75865,Yes
75866,Yes
75867,Yes
75868,Yes
75869,Yes
75870,No
75871,Yes
75872,Yes
75873,Yes
75874,Yes
75875,Yes
75876,Yes
75877,Yes
75878,Yes
75879,No
75880,No
75881,Yes
75882,No
75883,No
75884,No
75885,No
75886,No
75887,Yes
75888,Yes
75889,No
75890,No
75891,Yes
75892,No
75893,Yes
75894,Yes
75895,Yes
75896,Yes
75897,Yes
75898,Yes
75899,No
75900,Yes
75901,Yes
75902,No
75903,No
75904,No
75905,No
75906,No
75907,No
75908,No
75909,Yes
75910,Yes
75911,Yes
75912,Yes
75913,No
75914,Yes
75915,No
75916,No
75917,Yes
75918,No
75919,Yes
75920,No
75921,No
75922,No
75923,No
75924,No
75925,Yes
75926,Yes
75927,No
75928,Yes
75929,Yes
75930,Yes
75931,Yes
75932,Yes
75933,Yes
75934,No
75935,Yes
75936,Yes
75937,Yes
75938,No
75939,No
75940,Yes
75941,Yes
75942,Yes
75943,No
75944,Yes
75945,No
75946,Yes
75947,Yes
75948,Yes
75949,Yes
75950,Yes
75951,No
75952,No
75953,No
75954,Yes
75955,Yes
75956,No
75957,Yes
75958,No
75959,No
75960,Yes
75961,No
75962,Yes
75963,No
75964,Yes
75965,Yes
75966,No
75967,No
75968,Yes
75969,No
75970,Yes
75971,Yes
75972,Yes
75973,Yes
75974,No
75975,Yes
75976,Yes
75977,Yes
75978,No
75979,No
75980,Yes
75981,No
75982,Yes
75983,Yes
75984,No
75985,Yes
75986,No
75987,No
75988,No
75989,Yes
75990,No
75991,Yes
75992,Yes
75993,No
75994,Yes
75995,Yes
75996,Yes
75997,Yes
75998,No
75999,Yes
76000,Yes
76001,No
76002,No
76003,Yes
76004,Yes
76005,Yes
76006,Yes
76007,Yes
76008,No
76009,Yes
76010,Yes
76011,No
76012,No
76013,Yes
76014,Yes
76015,No
76016,Yes
76017,Yes
76018,Yes
76019,No
76020,Yes
76021,No
76022,No
76023,No
76024,Yes
76025,No
76026,No
76027,Yes
76028,No
76029,Yes
76030,No
76031,No
76032,No
76033,No
76034,No
76035,Yes
76036,No
76037,Yes
76038,Yes
76039,Yes
76040,Yes
76041,Yes
76042,Yes
76043,Yes
76044,Yes
76045,Yes
76046,No
76047,No
76048,No
76049,Yes
76050,No
76051,Yes
76052,No
76053,No
76054,No
76055,Yes
76056,No
76057,Yes
76058,Yes
76059,No
76060,No
76061,Yes
76062,No
76063,Yes
76064,Yes
76065,Yes
76066,Yes
76067,Yes
76068,Yes
76069,No
76070,No
76071,Yes
76072,Yes
76073,Yes
76074,Yes
76075,Yes
76076,No
76077,Yes
76078,Yes
76079,No
76080,Yes
76081,Yes
76082,No
76083,Yes
76084,No
76085,Yes
76086,No
76087,Yes
76088,No
76089,Yes
76090,Yes
76091,Yes
76092,Yes
76093,Yes
76094,No
76095,Yes
76096,No
76097,No
76098,No
76099,Yes
76100,Yes
76101,No
76102,Yes
76103,Yes
76104,Yes
76105,No
76106,Yes
76107,No
76108,No
76109,Yes
76110,No
76111,No
76112,Yes
76113,Yes
76114,No
76115,No
76116,No
76117,No
76118,No
76119,No
76120,No
76121,No
76122,Yes
76123,No
76124,Yes
76125,No
76126,Yes
76127,Yes
76128,No
76129,Yes
76130,Yes
76131,No
76132,No
76133,Yes
76134,Yes
76135,No
76136,No
76137,Yes
76138,No
76139,No
76140,No
76141,No
76142,Yes
76143,Yes
76144,No
76145,No
76146,No
76147,No
76148,No
76149,Yes
76150,Yes
76151,Yes
76152,No
76153,Yes
76154,Yes
76155,Yes
76156,No
76157,Yes
76158,Yes
76159,Yes
76160,Yes
76161,Yes
76162,Yes
76163,No
76164,Yes
76165,No
76166,Yes
76167,Yes
76168,No
76169,No
76170,Yes
76171,Yes
76172,Yes
76173,Yes
76174,No
76175,No
76176,No
76177,Yes
76178,No
76179,No
76180,Yes
76181,No
76182,Yes
76183,Yes
76184,No
76185,Yes
76186,Yes
76187,Yes
76188,Yes
76189,Yes
76190,Yes
76191,No
76192,Yes
76193,No
76194,Yes
76195,No
76196,Yes
76197,Yes
76198,No
76199,Yes
76200,Yes
76201,No
76202,Yes
76203,Yes
76204,Yes
76205,Yes
76206,Yes
76207,Yes
76208,Yes
76209,Yes
76210,Yes
76211,Yes
76212,Yes
76213,Yes
76214,Yes
76215,Yes
76216,No
76217,Yes
76218,Yes
76219,Yes
76220,Yes
76221,No
76222,No
76223,No
76224,Yes
76225,No
76226,Yes
76227,No
76228,Yes
76229,No
76230,No
76231,Yes
76232,No
76233,Yes
76234,No
76235,No
76236,No
76237,No
76238,Yes
76239,No
76240,No
76241,Yes
76242,Yes
76243,Yes
76244,No
76245,No
76246,No
76247,Yes
76248,Yes
76249,No
76250,No
76251,No
76252,Yes
76253,Yes
76254,Yes
76255,Yes
76256,Yes
76257,Yes
76258,Yes
76259,Yes
76260,No
76261,Yes
76262,Yes
76263,No
76264,No
76265,No
76266,No
76267,Yes
76268,No
76269,No
76270,Yes
76271,Yes
76272,Yes
76273,No
76274,No
76275,Yes
76276,Yes
76277,Yes
76278,Yes
76279,No
76280,No
76281,Yes
76282,Yes
76283,No
76284,Yes
76285,No
76286,No
76287,No
76288,Yes
76289,Yes
76290,Yes
76291,No
76292,No
76293,Yes
76294,No
76295,No
76296,Yes
76297,Yes
76298,Yes
76299,No
76300,Yes
76301,Yes
76302,Yes
76303,No
76304,No
76305,No
76306,No
76307,No
76308,No
76309,Yes
76310,No
76311,No
76312,Yes
76313,No
76314,No
76315,No
76316,Yes
76317,Yes
76318,No
76319,No
76320,Yes
76321,No
76322,Yes
76323,No
76324,No
76325,No
76326,Yes
76327,Yes
76328,Yes
76329,Yes
76330,Yes
76331,No
76332,No
76333,Yes
76334,Yes
76335,Yes
76336,No
76337,No
76338,Yes
76339,Yes
76340,Yes
76341,No
76342,Yes
76343,No
76344,No
76345,Yes
76346,No
76347,Yes
76348,Yes
76349,Yes
76350,No
76351,No
76352,Yes
76353,Yes
76354,No
76355,No
76356,No
76357,Yes
76358,Yes
76359,No
76360,No
76361,Yes
76362,No
76363,No
76364,Yes
76365,Yes
76366,Yes
76367,Yes
76368,Yes
76369,No
76370,No
76371,No
76372,Yes
76373,Yes
76374,Yes
76375,Yes
76376,Yes
76377,Yes
76378,Yes
76379,No
76380,No
76381,No
76382,No
76383,No
76384,Yes
76385,No
76386,Yes
76387,No
76388,No
76389,Yes
76390,No
76391,No
76392,Yes
76393,Yes
76394,No
76395,Yes
76396,No
76397,Yes
76398,Yes
76399,Yes
76400,No
76401,No
76402,Yes
76403,Yes
76404,No
76405,Yes
76406,Yes
76407,No
76408,No
76409,No
76410,No
76411,Yes
76412,No
76413,Yes
76414,Yes
76415,No
76416,No
76417,Yes
76418,No
76419,Yes
76420,Yes
76421,No
76422,No
76423,Yes
76424,Yes
76425,Yes
76426,No
76427,No
76428,No
76429,No
76430,Yes
76431,Yes
76432,Yes
76433,No
76434,Yes
76435,Yes
76436,Yes
76437,Yes
76438,No
76439,No
76440,Yes
76441,Yes
76442,Yes
76443,Yes
76444,No
76445,Yes
76446,Yes
76447,No
76448,No
76449,Yes
76450,Yes
76451,No
76452,Yes
76453,No
76454,Yes
76455,No
76456,Yes
76457,No
76458,Yes
76459,Yes
76460,No
76461,Yes
76462,Yes
76463,Yes
76464,Yes
76465,No
76466,Yes
76467,Yes
76468,No
76469,Yes
76470,Yes
76471,Yes
76472,No
76473,Yes
76474,Yes
76475,No
76476,Yes
76477,Yes
76478,No
76479,Yes
76480,Yes
76481,Yes
76482,No
76483,No
76484,No
76485,No
76486,No
76487,No
76488,No
76489,No
76490,Yes
76491,Yes
76492,Yes
76493,Yes
76494,Yes
76495,Yes
76496,Yes
76497,No
76498,No
76499,Yes
76500,Yes
76501,Yes
76502,Yes
76503,No
76504,No
76505,No
76506,Yes
76507,Yes
76508,Yes
76509,No
76510,No
76511,No
76512,Yes
76513,Yes
76514,No
76515,No
76516,Yes
76517,Yes
76518,Yes
76519,No
76520,No
76521,No
76522,Yes
76523,No
76524,No
76525,Yes
76526,No
76527,Yes
76528,Yes
76529,No
76530,No
76531,No
76532,Yes
76533,No
76534,No
76535,Yes
76536,Yes
76537,No
76538,No
76539,No
76540,Yes
76541,Yes
76542,No
76543,Yes
76544,No
76545,Yes
76546,Yes
76547,No
76548,Yes
76549,Yes
76550,Yes
76551,No
76552,Yes
76553,No
76554,No
76555,No
76556,Yes
76557,Yes
76558,No
76559,No
76560,Yes
76561,No
76562,Yes
76563,No
76564,No
76565,No
76566,Yes
76567,No
76568,No
76569,No
76570,Yes
76571,Yes
76572,Yes
76573,No
76574,No
76575,No
76576,No
76577,Yes
76578,No
76579,Yes
76580,Yes
76581,No
76582,No
76583,No
76584,Yes
76585,No
76586,No
76587,Yes
76588,Yes
76589,No
76590,No
76591,No
76592,Yes
76593,No
76594,Yes
76595,No
76596,Yes
76597,Yes
76598,Yes
76599,No
76600,Yes
76601,Yes
76602,Yes
76603,No
76604,No
76605,No
76606,No
76607,Yes
76608,No
76609,Yes
76610,No
76611,No
76612,Yes
76613,Yes
76614,Yes
76615,No
76616,No
76617,No
76618,Yes
76619,Yes
76620,Yes
76621,No
76622,Yes
76623,No
76624,Yes
76625,Yes
76626,Yes
76627,No
76628,No
76629,Yes
76630,Yes
76631,Yes
76632,Yes
76633,No
76634,No
76635,Yes
76636,Yes
76637,Yes
76638,No
76639,No
76640,Yes
76641,No
76642,No
76643,No
76644,Yes
76645,No
76646,Yes
76647,Yes
76648,Yes
76649,Yes
76650,Yes
76651,No
76652,No
76653,No
76654,Yes
76655,Yes
76656,No
76657,Yes
76658,No
76659,No
76660,No
76661,Yes
76662,Yes
76663,No
76664,No
76665,No
76666,No
76667,Yes
76668,Yes
76669,No
76670,No
76671,Yes
76672,Yes
76673,No
76674,Yes
76675,No
76676,Yes
76677,No
76678,Yes
76679,No
76680,Yes
76681,No
76682,No
76683,No
76684,No
76685,No
76686,Yes
76687,No
76688,Yes
76689,No
76690,Yes
76691,Yes
76692,Yes
76693,Yes
76694,Yes
76695,Yes
76696,No
76697,Yes
76698,Yes
76699,No
76700,Yes
76701,Yes
76702,No
76703,Yes
76704,Yes
76705,Yes
76706,No
76707,Yes
76708,Yes
76709,Yes
76710,Yes
76711,Yes
76712,No
76713,Yes
76714,No
76715,Yes
76716,Yes
76717,Yes
76718,Yes
76719,No
76720,Yes
76721,Yes
76722,Yes
76723,No
76724,No
76725,No
76726,No
76727,Yes
76728,Yes
76729,Yes
76730,No
76731,Yes
76732,No
76733,No
76734,No
76735,No
76736,Yes
76737,Yes
76738,No
76739,Yes
76740,Yes
76741,Yes
76742,No
76743,Yes
76744,No
76745,Yes
76746,No
76747,Yes
76748,Yes
76749,No
76750,Yes
76751,Yes
76752,No
76753,Yes
76754,No
76755,Yes
76756,Yes
76757,No
76758,No
76759,Yes
76760,Yes
76761,Yes
76762,Yes
76763,No
76764,Yes
76765,Yes
76766,Yes
76767,No
76768,Yes
76769,No
76770,Yes
76771,Yes
76772,Yes
76773,No
76774,Yes
76775,Yes
76776,Yes
76777,Yes
76778,Yes
76779,Yes
76780,No
76781,Yes
76782,Yes
76783,Yes
76784,Yes
76785,No
76786,Yes
76787,Yes
76788,No
76789,Yes
76790,Yes
76791,No
76792,Yes
76793,Yes
76794,No
76795,Yes
76796,No
76797,Yes
76798,Yes
76799,Yes
76800,No
76801,Yes
76802,Yes
76803,Yes
76804,Yes
76805,Yes
76806,No
76807,Yes
76808,Yes
76809,Yes
76810,Yes
76811,Yes
76812,Yes
76813,Yes
76814,No
76815,No
76816,Yes
76817,Yes
76818,Yes
76819,Yes
76820,No
76821,No
76822,No
76823,Yes
76824,Yes
76825,Yes
76826,Yes
76827,Yes
76828,No
76829,Yes
76830,Yes
76831,Yes
76832,Yes
76833,No
76834,Yes
76835,Yes
76836,No
76837,No
76838,Yes
76839,No
76840,No
76841,Yes
76842,Yes
76843,No
76844,Yes
76845,No
76846,No
76847,Yes
76848,No
76849,Yes
76850,Yes
76851,Yes
76852,No
76853,No
76854,No
76855,Yes
76856,Yes
76857,No
76858,Yes
76859,No
76860,No
76861,Yes
76862,Yes
76863,No
76864,No
76865,Yes
76866,No
76867,Yes
76868,Yes
76869,Yes
76870,Yes
76871,Yes
76872,No
76873,Yes
76874,Yes
76875,No
76876,No
76877,Yes
76878,No
76879,Yes
76880,No
76881,Yes
76882,No
76883,Yes
76884,No
76885,No
76886,Yes
76887,Yes
76888,No
76889,Yes
76890,Yes
76891,No
76892,Yes
76893,No
76894,No
76895,Yes
76896,Yes
76897,Yes
76898,Yes
76899,Yes
76900,No
76901,No
76902,Yes
76903,Yes
76904,Yes
76905,Yes
76906,No
76907,Yes
76908,No
76909,No
76910,Yes
76911,No
76912,No
76913,No
76914,Yes
76915,Yes
76916,No
76917,No
76918,Yes
76919,No
76920,No
76921,No
76922,Yes
76923,Yes
76924,Yes
76925,Yes
76926,No
76927,Yes
76928,No
76929,Yes
76930,No
76931,No
76932,Yes
76933,Yes
76934,Yes
76935,No
76936,Yes
76937,Yes
76938,No
76939,Yes
76940,No
76941,No
76942,Yes
76943,Yes
76944,No
76945,Yes
76946,No
76947,No
76948,Yes
76949,Yes
76950,No
76951,No
76952,Yes
76953,No
76954,Yes
76955,Yes
76956,Yes
76957,No
76958,No
76959,No
76960,Yes
76961,No
76962,Yes
76963,Yes
76964,Yes
76965,Yes
76966,Yes
76967,No
76968,No
76969,No
76970,Yes
76971,No
76972,No
76973,Yes
76974,Yes
76975,Yes
76976,Yes
76977,Yes
76978,Yes
76979,No
76980,Yes
76981,No
76982,No
76983,Yes
76984,Yes
76985,Yes
76986,No
76987,No
76988,No
76989,Yes
76990,Yes
76991,No
76992,Yes
76993,No
76994,Yes
76995,No
76996,No
76997,Yes
76998,Yes
76999,Yes
77000,No
77001,Yes
77002,Yes
77003,Yes
77004,No
77005,Yes
77006,No
77007,No
77008,No
77009,Yes
77010,Yes
77011,No
77012,No
77013,Yes
77014,No
77015,Yes
77016,No
77017,No
77018,Yes
77019,No
77020,Yes
77021,No
77022,Yes
77023,No
77024,No
77025,Yes
77026,Yes
77027,No
77028,Yes
77029,Yes
77030,Yes
77031,No
77032,Yes
77033,Yes
77034,Yes
77035,No
77036,Yes
77037,No
77038,No
77039,Yes
77040,No
77041,Yes
77042,Yes
77043,Yes
77044,Yes
77045,Yes
77046,No
77047,Yes
77048,No
77049,Yes
77050,Yes
77051,Yes
77052,No
77053,No
77054,No
77055,Yes
77056,Yes
77057,No
77058,Yes
77059,Yes
77060,Yes
77061,No
77062,No
77063,No
77064,No
77065,No
77066,No
77067,Yes
77068,Yes
77069,Yes
77070,Yes
77071,Yes
77072,No
77073,No
77074,No
77075,No
77076,Yes
77077,Yes
77078,No
77079,No
77080,No
77081,Yes
77082,Yes
77083,Yes
77084,No
77085,Yes
77086,No
77087,Yes
77088,No
77089,No
77090,Yes
77091,No
77092,Yes
77093,No
77094,No
77095,No
77096,No
77097,Yes
77098,No
77099,Yes
77100,No
77101,Yes
77102,No
77103,No
77104,Yes
77105,No
77106,No
77107,Yes
77108,No
77109,Yes
77110,Yes
77111,No
77112,No
77113,Yes
77114,Yes
77115,No
77116,No
77117,Yes
77118,Yes
77119,Yes
77120,No
77121,No
77122,No
77123,No
77124,Yes
77125,No
77126,Yes
77127,Yes
77128,Yes
77129,No
77130,Yes
77131,Yes
77132,Yes
77133,No
77134,Yes
77135,No
77136,Yes
77137,Yes
77138,No
77139,Yes
77140,Yes
77141,Yes
77142,Yes
77143,No
77144,Yes
77145,No
77146,No
77147,Yes
77148,Yes
77149,Yes
77150,Yes
77151,No
77152,Yes
77153,Yes
77154,Yes
77155,Yes
77156,No
77157,Yes
77158,Yes
77159,No
77160,No
77161,Yes
77162,No
77163,Yes
77164,No
77165,Yes
77166,Yes
77167,No
77168,No
77169,No
77170,No
77171,Yes
77172,No
77173,Yes
77174,Yes
77175,No
77176,Yes
77177,Yes
77178,Yes
77179,No
77180,Yes
77181,No
77182,No
77183,No
77184,Yes
77185,Yes
77186,Yes
77187,Yes
77188,No
77189,Yes
77190,Yes
77191,Yes
77192,Yes
77193,No
77194,Yes
77195,Yes
77196,No
77197,Yes
77198,Yes
77199,No
77200,Yes
77201,Yes
77202,Yes
77203,No
77204,No
77205,Yes
77206,Yes
77207,No
77208,Yes
77209,No
77210,No
77211,No
77212,Yes
77213,No
77214,No
77215,Yes
77216,Yes
77217,No
77218,Yes
77219,No
77220,No
77221,No
77222,Yes
77223,No
77224,No
77225,Yes
77226,No
77227,No
77228,Yes
77229,No
77230,No
77231,No
77232,Yes
77233,Yes
77234,Yes
77235,No
77236,No
77237,Yes
77238,No
77239,No
77240,Yes
77241,Yes
77242,No
77243,Yes
77244,Yes
77245,Yes
77246,Yes
77247,No
77248,No
77249,Yes
77250,Yes
77251,No
77252,Yes
77253,Yes
77254,Yes
77255,Yes
77256,No
77257,Yes
77258,No
77259,No
77260,No
77261,No
77262,Yes
77263,Yes
77264,No
77265,Yes
77266,No
77267,Yes
77268,Yes
77269,No
77270,No
77271,No
77272,Yes
77273,Yes
77274,Yes
77275,No
77276,No
77277,No
77278,Yes
77279,No
77280,No
77281,Yes
77282,Yes
77283,Yes
77284,No
77285,No
77286,Yes
77287,Yes
77288,No
77289,Yes
77290,Yes
77291,No
77292,No
77293,Yes
77294,No
77295,Yes
77296,Yes
77297,Yes
77298,Yes
77299,No
77300,No
77301,Yes
77302,No
77303,No
77304,No
77305,Yes
77306,No
77307,No
77308,Yes
77309,No
77310,No
77311,Yes
77312,No
77313,Yes
77314,No
77315,Yes
77316,No
77317,No
77318,Yes
77319,No
77320,Yes
77321,No
77322,Yes
77323,No
77324,Yes
77325,No
77326,No
77327,Yes
77328,No
77329,No
77330,Yes
77331,Yes
77332,Yes
77333,Yes
77334,No
77335,Yes
77336,Yes
77337,No
77338,No
77339,Yes
77340,Yes
77341,No
77342,No
77343,Yes
77344,No
77345,Yes
77346,No
77347,Yes
77348,No
77349,Yes
77350,Yes
77351,Yes
77352,No
77353,Yes
77354,No
77355,Yes
77356,Yes
77357,Yes
77358,No
77359,Yes
77360,Yes
77361,Yes
77362,Yes
77363,Yes
77364,Yes
77365,No
77366,Yes
77367,No
77368,Yes
77369,Yes
77370,Yes
77371,Yes
77372,No
77373,Yes
77374,Yes
77375,Yes
77376,Yes
77377,Yes
77378,No
77379,Yes
77380,Yes
77381,Yes
77382,No
77383,No
77384,Yes
77385,No
77386,Yes
77387,Yes
77388,No
77389,No
77390,No
77391,No
77392,Yes
77393,No
77394,Yes
77395,Yes
77396,No
77397,Yes
77398,Yes
77399,Yes
77400,No
77401,Yes
77402,Yes
77403,No
77404,No
77405,No
77406,Yes
77407,Yes
77408,No
77409,Yes
77410,Yes
77411,No
77412,Yes
77413,Yes
77414,Yes
77415,No
77416,Yes
77417,Yes
77418,No
77419,Yes
77420,Yes
77421,No
77422,Yes
77423,Yes
77424,Yes
77425,No
77426,Yes
77427,Yes
77428,No
77429,Yes
77430,Yes
77431,No
77432,No
77433,No
77434,Yes
77435,No
77436,No
77437,Yes
77438,Yes
77439,Yes
77440,Yes
77441,No
77442,No
77443,No
77444,No
77445,Yes
77446,Yes
77447,Yes
77448,Yes
77449,No
77450,No
77451,Yes
77452,Yes
77453,Yes
77454,Yes
77455,Yes
77456,Yes
77457,Yes
77458,Yes
77459,No
77460,Yes
77461,No
77462,No
77463,No
77464,No
77465,Yes
77466,Yes
77467,Yes
77468,Yes
77469,Yes
77470,Yes
77471,Yes
77472,Yes
77473,No
77474,Yes
77475,Yes
77476,Yes
77477,No
77478,Yes
77479,Yes
77480,Yes
77481,Yes
77482,No
77483,No
77484,Yes
77485,Yes
77486,No
77487,Yes
77488,Yes
77489,No
77490,Yes
77491,Yes
77492,Yes
77493,No
77494,No
77495,Yes
77496,No
77497,Yes
77498,No
77499,Yes
77500,Yes
77501,Yes
77502,No
77503,Yes
77504,Yes
77505,Yes
77506,No
77507,No
77508,No
77509,No
77510,No
77511,No
77512,Yes
77513,No
77514,Yes
77515,Yes
77516,No
77517,No
77518,No
77519,Yes
77520,No
77521,Yes
77522,Yes
77523,Yes
77524,Yes
77525,No
77526,Yes
77527,No
77528,Yes
77529,Yes
77530,No
77531,Yes
77532,Yes
77533,Yes
77534,Yes
77535,No
77536,No
77537,Yes
77538,Yes
77539,No
77540,Yes
77541,No
77542,Yes
77543,Yes
77544,No
77545,Yes
77546,Yes
77547,Yes
77548,Yes
77549,Yes
77550,Yes
77551,Yes
77552,No
77553,No
77554,No
77555,Yes
77556,No
77557,No
77558,Yes
77559,No
77560,Yes
77561,No
77562,Yes
77563,No
77564,Yes
77565,Yes
77566,Yes
77567,No
77568,Yes
77569,No
77570,No
77571,Yes
77572,Yes
77573,Yes
77574,No
77575,Yes
77576,Yes
77577,Yes
77578,No
77579,No
77580,Yes
77581,Yes
77582,Yes
77583,No
77584,Yes
77585,No
77586,Yes
77587,Yes
77588,No
77589,Yes
77590,No
77591,Yes
77592,Yes
77593,No
77594,Yes
77595,No
77596,No
77597,Yes
77598,Yes
77599,Yes
77600,Yes
77601,Yes
77602,Yes
77603,No
77604,No
77605,Yes
77606,No
77607,No
77608,No
77609,Yes
77610,Yes
77611,Yes
77612,Yes
77613,Yes
77614,Yes
77615,Yes
77616,No
77617,Yes
77618,Yes
77619,No
77620,Yes
77621,No
77622,No
77623,No
77624,No
77625,No
77626,No
77627,Yes
77628,No
77629,Yes
77630,Yes
77631,No
77632,No
77633,Yes
77634,No
77635,Yes
77636,Yes
77637,Yes
77638,Yes
77639,Yes
77640,No
77641,Yes
77642,No
77643,No
77644,No
77645,No
77646,Yes
77647,No
77648,Yes
77649,Yes
77650,No
77651,Yes
77652,Yes
77653,No
77654,Yes
77655,Yes
77656,No
77657,No
77658,Yes
77659,Yes
77660,Yes
77661,No
77662,Yes
77663,Yes
77664,No
77665,Yes
77666,Yes
77667,Yes
77668,Yes
77669,No
77670,No
77671,Yes
77672,Yes
77673,Yes
77674,No
77675,Yes
77676,No
77677,No
77678,Yes
77679,No
77680,Yes
77681,Yes
77682,No
77683,Yes
77684,Yes
77685,No
77686,Yes
77687,Yes
77688,Yes
77689,Yes
77690,No
77691,Yes
77692,No
77693,Yes
77694,Yes
77695,Yes
77696,Yes
77697,Yes
77698,Yes
77699,Yes
77700,No
77701,Yes
77702,No
77703,No
77704,No
77705,Yes
77706,Yes
77707,Yes
77708,No
77709,No
77710,No
77711,No
77712,Yes
77713,Yes
77714,Yes
77715,Yes
77716,Yes
77717,Yes
77718,Yes
77719,No
77720,Yes
77721,Yes
77722,Yes
77723,Yes
77724,Yes
77725,No
77726,Yes
77727,Yes
77728,No
77729,No
77730,Yes
77731,No
77732,Yes
77733,No
77734,Yes
77735,Yes
77736,Yes
77737,Yes
77738,Yes
77739,Yes
77740,Yes
77741,Yes
77742,No
77743,No
77744,Yes
77745,Yes
77746,No
77747,No
77748,Yes
77749,Yes
77750,Yes
77751,Yes
77752,No
77753,Yes
77754,Yes
77755,No
77756,Yes
77757,No
77758,No
77759,No
77760,Yes
77761,Yes
77762,Yes
77763,No
77764,No
77765,Yes
77766,Yes
77767,No
77768,No
77769,No
77770,Yes
77771,No
77772,Yes
77773,No
77774,No
77775,Yes
77776,Yes
77777,Yes
77778,Yes
77779,Yes
77780,No
77781,No
77782,No
77783,No
77784,No
77785,Yes
77786,Yes
77787,Yes
77788,Yes
77789,No
77790,Yes
77791,Yes
77792,Yes
77793,No
77794,Yes
77795,Yes
77796,No
77797,No
77798,No
77799,No
77800,No
77801,Yes
77802,No
77803,Yes
77804,Yes
77805,Yes
77806,No
77807,Yes
77808,Yes
77809,Yes
77810,No
77811,Yes
77812,Yes
77813,Yes
77814,Yes
77815,No
77816,No
77817,No
77818,No
77819,Yes
77820,Yes
77821,No
77822,No
77823,Yes
77824,No
77825,Yes
77826,No
77827,Yes
77828,No
77829,No
77830,No
77831,No
77832,Yes
77833,No
77834,Yes
77835,No
77836,Yes
77837,No
77838,No
77839,No
77840,No
77841,Yes
77842,No
77843,No
77844,Yes
77845,Yes
77846,No
77847,Yes
77848,Yes
77849,Yes
77850,Yes
77851,Yes
77852,Yes
77853,No
77854,Yes
77855,No
77856,Yes
77857,Yes
77858,Yes
77859,No
77860,Yes
77861,Yes
77862,Yes
77863,No
77864,Yes
77865,No
77866,Yes
77867,No
77868,Yes
77869,Yes
77870,Yes
77871,No
77872,Yes
77873,No
77874,No
77875,Yes
77876,No
77877,No
77878,No
77879,No
77880,Yes
77881,Yes
77882,Yes
77883,Yes
77884,Yes
77885,No
77886,No
77887,No
77888,Yes
77889,Yes
77890,Yes
77891,Yes
77892,No
77893,Yes
77894,Yes
77895,Yes
77896,No
77897,Yes
77898,No
77899,Yes
77900,Yes
77901,No
77902,No
77903,No
77904,Yes
77905,No
77906,No
77907,Yes
77908,Yes
77909,Yes
77910,No
77911,No
77912,No
77913,Yes
77914,Yes
77915,No
77916,No
77917,Yes
77918,No
77919,No
77920,No
77921,No
77922,Yes
77923,Yes
77924,No
77925,Yes
77926,Yes
77927,No
77928,Yes
77929,No
77930,No
77931,Yes
77932,No
77933,Yes
77934,Yes
77935,No
77936,Yes
77937,No
77938,Yes
77939,No
77940,No
77941,Yes
77942,No
77943,No
77944,No
77945,Yes
77946,No
77947,Yes
77948,No
77949,Yes
77950,Yes
77951,Yes
77952,Yes
77953,Yes
77954,Yes
77955,Yes
77956,Yes
77957,No
77958,Yes
77959,No
77960,No
77961,No
77962,Yes
77963,No
77964,No
77965,Yes
77966,Yes
77967,Yes
77968,Yes
77969,Yes
77970,No
77971,Yes
77972,Yes
77973,Yes
77974,Yes
77975,Yes
77976,No
77977,Yes
77978,No
77979,No
77980,No
77981,No
77982,No
77983,Yes
77984,Yes
77985,Yes
77986,No
77987,Yes
77988,Yes
77989,Yes
77990,No
77991,Yes
77992,Yes
77993,No
77994,No
77995,Yes
77996,Yes
77997,No
77998,No
77999,No
78000,Yes
78001,Yes
78002,No
78003,Yes
78004,No
78005,No
78006,Yes
78007,No
78008,Yes
78009,Yes
78010,No
78011,Yes
78012,Yes
78013,No
78014,Yes
78015,No
78016,No
78017,Yes
78018,Yes
78019,Yes
78020,Yes
78021,No
78022,Yes
78023,Yes
78024,Yes
78025,Yes
78026,Yes
78027,No
78028,No
78029,No
78030,Yes
78031,No
78032,Yes
78033,Yes
78034,No
78035,Yes
78036,No
78037,Yes
78038,Yes
78039,Yes
78040,Yes
78041,No
78042,No
78043,No
78044,No
78045,Yes
78046,No
78047,No
78048,No
78049,No
78050,No
78051,No
78052,No
78053,No
78054,Yes
78055,Yes
78056,Yes
78057,Yes
78058,Yes
78059,Yes
78060,Yes
78061,No
78062,Yes
78063,Yes
78064,Yes
78065,No
78066,Yes
78067,Yes
78068,No
78069,Yes
78070,No
78071,Yes
78072,No
78073,Yes
78074,No
78075,No
78076,Yes
78077,Yes
78078,Yes
78079,Yes
78080,Yes
78081,No
78082,No
78083,Yes
78084,Yes
78085,Yes
78086,Yes
78087,Yes
78088,No
78089,Yes
78090,Yes
78091,Yes
78092,Yes
78093,Yes
78094,Yes
78095,No
78096,Yes
78097,Yes
78098,Yes
78099,Yes
78100,Yes
78101,No
78102,Yes
78103,No
78104,Yes
78105,Yes
78106,No
78107,Yes
78108,No
78109,Yes
78110,Yes
78111,No
78112,Yes
78113,No
78114,Yes
78115,No
78116,Yes
78117,Yes
78118,No
78119,No
78120,No
78121,Yes
78122,No
78123,No
78124,No
78125,Yes
78126,No
78127,Yes
78128,Yes
78129,Yes
78130,Yes
78131,Yes
78132,Yes
78133,No
78134,Yes
78135,Yes
78136,No
78137,Yes
78138,No
78139,No
78140,Yes
78141,No
78142,Yes
78143,Yes
78144,Yes
78145,No
78146,Yes
78147,Yes
78148,Yes
78149,No
78150,Yes
78151,Yes
78152,No
78153,No
78154,No
78155,No
78156,No
78157,Yes
78158,No
78159,No
78160,No
78161,Yes
78162,No
78163,No
78164,No
78165,No
78166,Yes
78167,No
78168,No
78169,Yes
78170,Yes
78171,No
78172,Yes
78173,No
78174,No
78175,No
78176,No
78177,Yes
78178,Yes
78179,No
78180,Yes
78181,Yes
78182,Yes
78183,Yes
78184,Yes
78185,Yes
78186,Yes
78187,Yes
78188,No
78189,No
78190,No
78191,Yes
78192,No
78193,No
78194,Yes
78195,No
78196,No
78197,Yes
78198,No
78199,No
78200,No
78201,Yes
78202,No
78203,Yes
78204,Yes
78205,Yes
78206,No
78207,No
78208,No
78209,Yes
78210,Yes
78211,Yes
78212,Yes
78213,Yes
78214,Yes
78215,No
78216,Yes
78217,No
78218,No
78219,No
78220,No
78221,Yes
78222,No
78223,No
78224,Yes
78225,Yes
78226,Yes
78227,No
78228,No
78229,No
78230,Yes
78231,No
78232,Yes
78233,Yes
78234,Yes
78235,No
78236,Yes
78237,No
78238,No
78239,Yes
78240,Yes
78241,No
78242,No
78243,No
78244,No
78245,No
78246,Yes
78247,No
78248,No
78249,No
78250,Yes
78251,Yes
78252,Yes
78253,Yes
78254,Yes
78255,Yes
78256,Yes
78257,No
78258,No
78259,No
78260,Yes
78261,Yes
78262,No
78263,No
78264,Yes
78265,Yes
78266,Yes
78267,No
78268,No
78269,No
78270,Yes
78271,No
78272,No
78273,Yes
78274,Yes
78275,Yes
78276,No
78277,No
78278,Yes
78279,No
78280,Yes
78281,Yes
78282,Yes
78283,No
78284,No
78285,Yes
78286,Yes
78287,Yes
78288,Yes
78289,Yes
78290,Yes
78291,Yes
78292,Yes
78293,Yes
78294,Yes
78295,No
78296,No
78297,Yes
78298,No
78299,Yes
78300,No
78301,No
78302,No
78303,No
78304,Yes
78305,No
78306,Yes
78307,Yes
78308,No
78309,Yes
78310,No
78311,Yes
78312,No
78313,Yes
78314,Yes
78315,Yes
78316,Yes
78317,No
78318,Yes
78319,No
78320,No
78321,No
78322,No
78323,No
78324,No
78325,No
78326,Yes
78327,No
78328,Yes
78329,Yes
78330,Yes
78331,Yes
78332,Yes
78333,Yes
78334,No
78335,Yes
78336,No
78337,No
78338,No
78339,No
78340,No
78341,Yes
78342,No
78343,No
78344,Yes
78345,Yes
78346,Yes
78347,No
78348,No
78349,Yes
78350,Yes
78351,Yes
78352,Yes
78353,Yes
78354,No
78355,Yes
78356,Yes
78357,Yes
78358,Yes
78359,Yes
78360,Yes
78361,No
78362,No
78363,Yes
78364,Yes
78365,Yes
78366,Yes
78367,Yes
78368,Yes
78369,No
78370,No
78371,Yes
78372,Yes
78373,No
78374,Yes
78375,Yes
78376,Yes
78377,No
78378,Yes
78379,No
78380,No
78381,Yes
78382,Yes
78383,Yes
78384,Yes
78385,No
78386,Yes
78387,Yes
78388,Yes
78389,Yes
78390,No
78391,No
78392,Yes
78393,Yes
78394,No
78395,No
78396,Yes
78397,Yes
78398,No
78399,Yes
78400,Yes
78401,Yes
78402,Yes
78403,Yes
78404,Yes
78405,Yes
78406,Yes
78407,Yes
78408,Yes
78409,No
78410,Yes
78411,No
78412,No
78413,No
78414,Yes
78415,Yes
78416,Yes
78417,Yes
78418,Yes
78419,Yes
78420,No
78421,No
78422,No
78423,No
78424,No
78425,Yes
78426,No
78427,Yes
78428,No
78429,No
78430,No
78431,Yes
78432,Yes
78433,Yes
78434,Yes
78435,No
78436,Yes
78437,No
78438,Yes
78439,Yes
78440,No
78441,No
78442,No
78443,Yes
78444,Yes
78445,Yes
78446,No
78447,No
78448,Yes
78449,Yes
78450,Yes
78451,Yes
78452,No
78453,No
78454,Yes
78455,No
78456,Yes
78457,Yes
78458,No
78459,Yes
78460,Yes
78461,Yes
78462,No
78463,No
78464,Yes
78465,Yes
78466,Yes
78467,No
78468,No
78469,No
78470,Yes
78471,Yes
78472,No
78473,No
78474,No
78475,Yes
78476,Yes
78477,Yes
78478,Yes
78479,No
78480,Yes
78481,Yes
78482,Yes
78483,No
78484,No
78485,No
78486,Yes
78487,Yes
78488,Yes
78489,No
78490,Yes
78491,Yes
78492,Yes
78493,Yes
78494,Yes
78495,No
78496,No
78497,Yes
78498,Yes
78499,Yes
78500,Yes
78501,Yes
78502,Yes
78503,No
78504,Yes
78505,No
78506,No
78507,No
78508,Yes
78509,No
78510,No
78511,No
78512,Yes
78513,Yes
78514,No
78515,Yes
78516,No
78517,Yes
78518,No
78519,No
78520,Yes
78521,No
78522,No
78523,No
78524,Yes
78525,No
78526,No
78527,No
78528,Yes
78529,Yes
78530,No
78531,Yes
78532,No
78533,No
78534,No
78535,Yes
78536,Yes
78537,No
78538,No
78539,Yes
78540,Yes
78541,No
78542,Yes
78543,Yes
78544,No
78545,Yes
78546,Yes
78547,No
78548,No
78549,No
78550,Yes
78551,No
78552,Yes
78553,No
78554,Yes
78555,Yes
78556,Yes
78557,No
78558,Yes
78559,Yes
78560,Yes
78561,Yes
78562,Yes
78563,Yes
78564,Yes
78565,No
78566,Yes
78567,Yes
78568,No
78569,No
78570,Yes
78571,Yes
78572,Yes
78573,No
78574,Yes
78575,Yes
78576,No
78577,No
78578,No
78579,No
78580,Yes
78581,No
78582,Yes
78583,Yes
78584,Yes
78585,Yes
78586,No
78587,No
78588,No
78589,Yes
78590,Yes
78591,Yes
78592,No
78593,No
78594,Yes
78595,No
78596,Yes
78597,Yes
78598,Yes
78599,Yes
78600,Yes
78601,Yes
78602,Yes
78603,Yes
78604,Yes
78605,Yes
78606,Yes
78607,Yes
78608,No
78609,No
78610,Yes
78611,No
78612,Yes
78613,No
78614,No
78615,Yes
78616,Yes
78617,Yes
78618,Yes
78619,Yes
78620,Yes
78621,Yes
78622,No
78623,No
78624,Yes
78625,No
78626,Yes
78627,Yes
78628,No
78629,Yes
78630,No
78631,Yes
78632,Yes
78633,Yes
78634,Yes
78635,No
78636,Yes
78637,Yes
78638,Yes
78639,No
78640,No
78641,No
78642,Yes
78643,No
78644,Yes
78645,Yes
78646,Yes
78647,No
78648,No
78649,Yes
78650,Yes
78651,No
78652,No
78653,Yes
78654,No
78655,Yes
78656,Yes
78657,Yes
78658,Yes
78659,No
78660,No
78661,Yes
78662,Yes
78663,Yes
78664,Yes
78665,Yes
78666,No
78667,No
78668,Yes
78669,Yes
78670,No
78671,Yes
78672,No
78673,Yes
78674,Yes
78675,Yes
78676,Yes
78677,No
78678,No
78679,Yes
78680,No
78681,Yes
78682,No
78683,No
78684,Yes
78685,No
78686,Yes
78687,Yes
78688,No
78689,Yes
78690,Yes
78691,Yes
78692,Yes
78693,Yes
78694,No
78695,Yes
78696,No
78697,No
78698,Yes
78699,Yes
78700,Yes
78701,No
78702,No
78703,Yes
78704,No
78705,No
78706,No
78707,No
78708,Yes
78709,Yes
78710,Yes
78711,No
78712,No
78713,No
78714,No
78715,Yes
78716,No
78717,Yes
78718,No
78719,No
78720,Yes
78721,Yes
78722,Yes
78723,No
78724,Yes
78725,Yes
78726,Yes
78727,No
78728,No
78729,No
78730,Yes
78731,Yes
78732,No
78733,No
78734,No
78735,Yes
78736,Yes
78737,Yes
78738,No
78739,Yes
78740,Yes
78741,Yes
78742,No
78743,Yes
78744,Yes
78745,No
78746,Yes
78747,Yes
78748,Yes
78749,Yes
78750,No
78751,No
78752,Yes
78753,Yes
78754,Yes
78755,Yes
78756,Yes
78757,No
78758,Yes
78759,No
78760,Yes
78761,No
78762,Yes
78763,Yes
78764,Yes
78765,Yes
78766,No
78767,Yes
78768,No
78769,No
78770,Yes
78771,No
78772,Yes
78773,Yes
78774,No
78775,Yes
78776,Yes
78777,Yes
78778,Yes
78779,Yes
78780,Yes
78781,No
78782,Yes
78783,No
78784,Yes
78785,Yes
78786,No
78787,Yes
78788,Yes
78789,No
78790,No
78791,No
78792,Yes
78793,Yes
78794,No
78795,Yes
78796,No
78797,No
78798,Yes
78799,No
78800,No
78801,No
78802,No
78803,Yes
78804,Yes
78805,Yes
78806,Yes
78807,Yes
78808,No
78809,Yes
78810,Yes
78811,Yes
78812,No
78813,Yes
78814,Yes
78815,No
78816,No
78817,No
78818,Yes
78819,Yes
78820,Yes
78821,Yes
78822,Yes
78823,Yes
78824,Yes
78825,No
78826,No
78827,Yes
78828,Yes
78829,No
78830,Yes
78831,No
78832,Yes
78833,Yes
78834,Yes
78835,Yes
78836,Yes
78837,No
78838,No
78839,No
78840,No
78841,No
78842,No
78843,No
78844,Yes
78845,Yes
78846,Yes
78847,No
78848,No
78849,No
78850,No
78851,No
78852,Yes
78853,No
78854,Yes
78855,No
78856,No
78857,Yes
78858,Yes
78859,No
78860,Yes
78861,No
78862,Yes
78863,Yes
78864,Yes
78865,Yes
78866,No
78867,No
78868,Yes
78869,Yes
78870,No
78871,Yes
78872,No
78873,Yes
78874,Yes
78875,Yes
78876,No
78877,Yes
78878,No
78879,No
78880,No
78881,Yes
78882,Yes
78883,No
78884,Yes
78885,Yes
78886,No
78887,Yes
78888,No
78889,Yes
78890,No
78891,No
78892,Yes
78893,Yes
78894,No
78895,No
78896,Yes
78897,Yes
78898,No
78899,No
78900,Yes
78901,Yes
78902,No
78903,Yes
78904,No
78905,Yes
78906,Yes
78907,Yes
78908,Yes
78909,No
78910,Yes
78911,Yes
78912,Yes
78913,Yes
78914,No
78915,Yes
78916,No
78917,Yes
78918,No
78919,No
78920,No
78921,No
78922,No
78923,No
78924,No
78925,No
78926,Yes
78927,Yes
78928,No
78929,Yes
78930,No
78931,Yes
78932,No
78933,Yes
78934,Yes
78935,Yes
78936,Yes
78937,Yes
78938,Yes
78939,Yes
78940,No
78941,No
78942,No
78943,Yes
78944,Yes
78945,No
78946,Yes
78947,No
78948,Yes
78949,Yes
78950,No
78951,No
78952,Yes
78953,No
78954,Yes
78955,Yes
78956,Yes
78957,No
78958,No
78959,No
78960,Yes
78961,No
78962,No
78963,Yes
78964,No
78965,Yes
78966,Yes
78967,Yes
78968,No
78969,Yes
78970,Yes
78971,No
78972,No
78973,No
78974,No
78975,No
78976,Yes
78977,Yes
78978,No
78979,No
78980,Yes
78981,Yes
78982,No
78983,No
78984,No
78985,No
78986,No
78987,No
78988,No
78989,Yes
78990,Yes
78991,Yes
78992,No
78993,No
78994,Yes
78995,No
78996,Yes
78997,Yes
78998,No
78999,Yes
79000,No
79001,Yes
79002,No
79003,No
79004,Yes
79005,No
79006,Yes
79007,Yes
79008,No
79009,Yes
79010,Yes
79011,Yes
79012,Yes
79013,No
79014,Yes
79015,No
79016,Yes
79017,No
79018,No
79019,No
79020,Yes
79021,Yes
79022,No
79023,No
79024,Yes
79025,Yes
79026,Yes
79027,No
79028,Yes
79029,Yes
79030,No
79031,No
79032,No
79033,No
79034,No
79035,No
79036,No
79037,Yes
79038,No
79039,No
79040,Yes
79041,Yes
79042,Yes
79043,No
79044,No
79045,No
79046,No
79047,No
79048,No
79049,No
79050,Yes
79051,No
79052,Yes
79053,No
79054,Yes
79055,No
79056,No
79057,Yes
79058,Yes
79059,No
79060,Yes
79061,No
79062,Yes
79063,No
79064,Yes
79065,Yes
79066,No
79067,No
79068,Yes
79069,No
79070,Yes
79071,Yes
79072,Yes
79073,Yes
79074,Yes
79075,No
79076,Yes
79077,No
79078,Yes
79079,No
79080,Yes
79081,No
79082,Yes
79083,No
79084,No
79085,No
79086,No
79087,No
79088,Yes
79089,Yes
79090,No
79091,No
79092,No
79093,Yes
79094,Yes
79095,Yes
79096,Yes
79097,No
79098,Yes
79099,Yes
79100,Yes
79101,No
79102,No
79103,Yes
79104,Yes
79105,No
79106,No
79107,No
79108,No
79109,Yes
79110,No
79111,No
79112,Yes
79113,Yes
79114,No
79115,Yes
79116,No
79117,Yes
79118,Yes
79119,Yes
79120,No
79121,Yes
79122,Yes
79123,Yes
79124,No
79125,No
79126,No
79127,No
79128,No
79129,Yes
79130,No
79131,No
79132,Yes
79133,Yes
79134,No
79135,Yes
79136,Yes
79137,No
79138,No
79139,No
79140,No
79141,Yes
79142,Yes
79143,Yes
79144,Yes
79145,Yes
79146,No
79147,Yes
79148,No
79149,No
79150,Yes
79151,No
79152,No
79153,Yes
79154,Yes
79155,Yes
79156,No
79157,Yes
79158,No
79159,Yes
79160,Yes
79161,Yes
79162,No
79163,Yes
79164,Yes
79165,No
79166,Yes
79167,No
79168,No
79169,No
79170,No
79171,Yes
79172,Yes
79173,Yes
79174,No
79175,Yes
79176,No
79177,Yes
79178,Yes
79179,Yes
79180,No
79181,Yes
79182,No
79183,Yes
79184,Yes
79185,No
79186,Yes
79187,No
79188,Yes
79189,Yes
79190,No
79191,Yes
79192,Yes
79193,No
79194,Yes
79195,Yes
79196,No
79197,No
79198,Yes
79199,No
79200,Yes
79201,Yes
79202,No
79203,No
79204,Yes
79205,Yes
79206,No
79207,No
79208,Yes
79209,No
79210,Yes
79211,No
79212,No
79213,Yes
79214,No
79215,No
79216,No
79217,Yes
79218,No
79219,No
79220,Yes
79221,No
79222,Yes
79223,No
79224,No
79225,Yes
79226,No
79227,No
79228,No
79229,No
79230,Yes
79231,Yes
79232,Yes
79233,Yes
79234,Yes
79235,Yes
79236,No
79237,Yes
79238,No
79239,Yes
79240,No
79241,Yes
79242,Yes
79243,Yes
79244,No
79245,Yes
79246,No
79247,No
79248,No
79249,No
79250,No
79251,Yes
79252,No
79253,No
79254,Yes
79255,No
79256,Yes
79257,Yes
79258,Yes
79259,No
79260,Yes
79261,No
79262,Yes
79263,No
79264,Yes
79265,Yes
79266,Yes
79267,No
79268,Yes
79269,Yes
79270,Yes
79271,Yes
79272,No
79273,Yes
79274,Yes
79275,Yes
79276,Yes
79277,No
79278,No
79279,No
79280,No
79281,No
79282,No
79283,Yes
79284,No
79285,No
79286,No
79287,Yes
79288,Yes
79289,Yes
79290,No
79291,No
79292,No
79293,Yes
79294,Yes
79295,Yes
79296,Yes
79297,Yes
79298,No
79299,Yes
79300,No
79301,Yes
79302,Yes
79303,No
79304,No
79305,No
79306,No
79307,No
79308,Yes
79309,Yes
79310,Yes
79311,Yes
79312,No
79313,Yes
79314,Yes
79315,No
79316,No
79317,Yes
79318,Yes
79319,Yes
79320,Yes
79321,Yes
79322,Yes
79323,Yes
79324,Yes
79325,No
79326,No
79327,Yes
79328,Yes
79329,No
79330,Yes
79331,Yes
79332,No
79333,No
79334,No
79335,No
79336,Yes
79337,Yes
79338,Yes
79339,Yes
79340,Yes
79341,Yes
79342,Yes
79343,Yes
79344,Yes
79345,No
79346,No
79347,Yes
79348,Yes
79349,No
79350,Yes
79351,No
79352,No
79353,Yes
79354,Yes
79355,Yes
79356,Yes
79357,No
79358,Yes
79359,No
79360,Yes
79361,No
79362,Yes
79363,Yes
79364,No
79365,No
79366,No
79367,Yes
79368,No
79369,No
79370,Yes
79371,No
79372,No
79373,Yes
79374,No
79375,Yes
79376,Yes
79377,Yes
79378,Yes
79379,No
79380,No
79381,No
79382,No
79383,No
79384,No
79385,No
79386,Yes
79387,Yes
79388,Yes
79389,No
79390,No
79391,Yes
79392,Yes
79393,No
79394,No
79395,Yes
79396,No
79397,No
79398,No
79399,No
79400,No
79401,No
79402,No
79403,Yes
79404,No
79405,Yes
79406,Yes
79407,Yes
79408,Yes
79409,Yes
79410,No
79411,Yes
79412,No
79413,Yes
79414,Yes
79415,No
79416,No
79417,Yes
79418,No
79419,No
79420,No
79421,No
79422,No
79423,Yes
79424,Yes
79425,Yes
79426,Yes
79427,Yes
79428,Yes
79429,Yes
79430,Yes
79431,Yes
79432,No
79433,Yes
79434,Yes
79435,Yes
79436,Yes
79437,Yes
79438,No
79439,Yes
79440,No
79441,No
79442,Yes
79443,Yes
79444,No
79445,No
79446,No
79447,Yes
79448,No
79449,Yes
79450,No
79451,No
79452,Yes
79453,Yes
79454,No
79455,Yes
79456,Yes
79457,Yes
79458,Yes
79459,Yes
79460,No
79461,Yes
79462,No
79463,No
79464,Yes
79465,No
79466,No
79467,No
79468,No
79469,Yes
79470,No
79471,No
79472,No
79473,No
79474,No
79475,Yes
79476,No
79477,Yes
79478,No
79479,Yes
79480,No
79481,Yes
79482,Yes
79483,No
79484,No
79485,Yes
79486,Yes
79487,Yes
79488,No
79489,No
79490,Yes
79491,Yes
79492,Yes
79493,Yes
79494,No
79495,No
79496,Yes
79497,No
79498,No
79499,No
79500,Yes
79501,No
79502,Yes
79503,No
79504,Yes
79505,No
79506,Yes
79507,No
79508,No
79509,No
79510,Yes
79511,Yes
79512,Yes
79513,Yes
79514,No
79515,No
79516,Yes
79517,Yes
79518,Yes
79519,No
79520,Yes
79521,No
79522,No
79523,Yes
79524,Yes
79525,No
79526,Yes
79527,No
79528,Yes
79529,Yes
79530,No
79531,Yes
79532,Yes
79533,Yes
79534,Yes
79535,Yes
79536,No
79537,No
79538,No
79539,No
79540,No
79541,Yes
79542,No
79543,Yes
79544,Yes
79545,Yes
79546,Yes
79547,No
79548,Yes
79549,No
79550,No
79551,Yes
79552,No
79553,Yes
79554,Yes
79555,No
79556,No
79557,Yes
79558,Yes
79559,No
79560,No
79561,Yes
79562,Yes
79563,No
79564,No
79565,Yes
79566,No
79567,Yes
79568,Yes
79569,Yes
79570,No
79571,Yes
79572,Yes
79573,Yes
79574,Yes
79575,No
79576,No
79577,Yes
79578,No
79579,Yes
79580,No
79581,No
79582,No
79583,No
79584,No
79585,No
79586,No
79587,No
79588,Yes
79589,No
79590,No
79591,No
79592,Yes
79593,No
79594,Yes
79595,No
79596,Yes
79597,Yes
79598,Yes
79599,No
79600,No
79601,Yes
79602,Yes
79603,No
79604,Yes
79605,Yes
79606,Yes
79607,No
79608,No
79609,Yes
79610,Yes
79611,Yes
79612,Yes
79613,No
79614,No
79615,Yes
79616,Yes
79617,No
79618,Yes
79619,No
79620,Yes
79621,No
79622,Yes
79623,Yes
79624,Yes
79625,Yes
79626,Yes
79627,Yes
79628,Yes
79629,No
79630,Yes
79631,Yes
79632,No
79633,Yes
79634,No
79635,No
79636,No
79637,No
79638,Yes
79639,No
79640,Yes
79641,No
79642,No
79643,Yes
79644,Yes
79645,Yes
79646,Yes
79647,No
79648,No
79649,No
79650,No
79651,Yes
79652,No
79653,No
79654,Yes
79655,Yes
79656,No
79657,Yes
79658,Yes
79659,No
79660,No
79661,No
79662,Yes
79663,No
79664,Yes
79665,No
79666,No
79667,No
79668,Yes
79669,Yes
79670,No
79671,Yes
79672,No
79673,Yes
79674,No
79675,Yes
79676,Yes
79677,Yes
79678,Yes
79679,Yes
79680,Yes
79681,Yes
79682,No
79683,No
79684,No
79685,No
79686,No
79687,No
79688,Yes
79689,No
79690,Yes
79691,Yes
79692,Yes
79693,No
79694,No
79695,No
79696,No
79697,No
79698,No
79699,Yes
79700,No
79701,No
79702,Yes
79703,Yes
79704,Yes
79705,No
79706,Yes
79707,Yes
79708,No
79709,No
79710,No
79711,Yes
79712,Yes
79713,No
79714,Yes
79715,No
79716,Yes
79717,Yes
79718,Yes
79719,No
79720,Yes
79721,No
79722,No
79723,No
79724,Yes
79725,No
79726,Yes
79727,Yes
79728,Yes
79729,Yes
79730,Yes
79731,No
79732,Yes
79733,No
79734,Yes
79735,Yes
79736,No
79737,Yes
79738,Yes
79739,Yes
79740,No
79741,Yes
79742,Yes
79743,No
79744,Yes
79745,Yes
79746,No
79747,No
79748,No
79749,Yes
79750,Yes
79751,Yes
79752,No
79753,No
79754,Yes
79755,Yes
79756,Yes
79757,No
79758,No
79759,Yes
79760,No
79761,No
79762,Yes
79763,Yes
79764,No
79765,No
79766,No
79767,Yes
79768,Yes
79769,No
79770,No
79771,Yes
79772,No
79773,No
79774,Yes
79775,Yes
79776,Yes
79777,No
79778,Yes
79779,No
79780,No
79781,No
79782,Yes
79783,No
79784,No
79785,Yes
79786,Yes
79787,No
79788,No
79789,Yes
79790,No
79791,Yes
79792,Yes
79793,No
79794,Yes
79795,Yes
79796,Yes
79797,Yes
79798,Yes
79799,No
79800,No
79801,Yes
79802,Yes
79803,Yes
79804,No
79805,No
79806,No
79807,Yes
79808,No
79809,Yes
79810,Yes
79811,Yes
79812,No
79813,Yes
79814,Yes
79815,Yes
79816,No
79817,No
79818,No
79819,No
79820,Yes
79821,Yes
79822,Yes
79823,Yes
79824,No
79825,No
79826,No
79827,Yes
79828,No
79829,No
79830,Yes
79831,Yes
79832,No
79833,Yes
79834,Yes
79835,No
79836,No
79837,Yes
79838,Yes
79839,No
79840,No
79841,No
79842,No
79843,No
79844,Yes
79845,No
79846,Yes
79847,Yes
79848,Yes
79849,No
79850,No
79851,Yes
79852,No
79853,Yes
79854,Yes
79855,No
79856,Yes
79857,Yes
79858,No
79859,Yes
79860,Yes
79861,No
79862,No
79863,No
79864,No
79865,No
79866,No
79867,No
79868,No
79869,No
79870,Yes
79871,Yes
79872,Yes
79873,No
79874,Yes
79875,No
79876,No
79877,No
79878,Yes
79879,Yes
79880,No
79881,Yes
79882,No
79883,Yes
79884,Yes
79885,No
79886,Yes
79887,Yes
79888,Yes
79889,Yes
79890,Yes
79891,No
79892,Yes
79893,No
79894,Yes
79895,No
79896,Yes
79897,Yes
79898,Yes
79899,Yes
79900,No
79901,Yes
79902,No
79903,Yes
79904,Yes
79905,Yes
79906,No
79907,Yes
79908,No
79909,No
79910,Yes
79911,No
79912,Yes
79913,No
79914,Yes
79915,No
79916,No
79917,Yes
79918,Yes
79919,Yes
79920,Yes
79921,Yes
79922,No
79923,No
79924,Yes
79925,Yes
79926,Yes
79927,No
79928,No
79929,Yes
79930,Yes
79931,Yes
79932,Yes
79933,Yes
79934,Yes
79935,Yes
79936,Yes
79937,No
79938,Yes
79939,No
79940,Yes
79941,No
79942,No
79943,Yes
79944,Yes
79945,Yes
79946,Yes
79947,Yes
79948,No
79949,No
79950,Yes
79951,Yes
79952,Yes
79953,Yes
79954,No
79955,No
79956,No
79957,No
79958,No
79959,No
79960,Yes
79961,No
79962,No
79963,Yes
79964,No
79965,No
79966,Yes
79967,No
79968,Yes
79969,Yes
79970,No
79971,No
79972,No
79973,No
79974,No
79975,Yes
79976,No
79977,Yes
79978,No
79979,Yes
79980,No
79981,No
79982,Yes
79983,Yes
79984,Yes
79985,Yes
79986,No
79987,Yes
79988,Yes
79989,No
79990,No
79991,No
79992,Yes
79993,Yes
79994,Yes
79995,No
79996,Yes
79997,Yes
79998,Yes
79999,Yes
80000,Yes
80001,Yes
80002,Yes
80003,No
80004,Yes
80005,Yes
80006,Yes
80007,Yes
80008,Yes
80009,Yes
80010,Yes
80011,Yes
80012,Yes
80013,Yes
80014,No
80015,No
80016,Yes
80017,Yes
80018,Yes
80019,Yes
80020,No
80021,No
80022,Yes
80023,Yes
80024,Yes
80025,Yes
80026,Yes
80027,Yes
80028,No
80029,No
80030,Yes
80031,No
80032,Yes
80033,Yes
80034,Yes
80035,Yes
80036,Yes
80037,No
80038,Yes
80039,Yes
80040,No
80041,Yes
80042,Yes
80043,No
80044,Yes
80045,Yes
80046,Yes
80047,Yes
80048,Yes
80049,No
80050,No
80051,Yes
80052,Yes
80053,No
80054,Yes
80055,Yes
80056,Yes
80057,No
80058,Yes
80059,No
80060,No
80061,Yes
80062,No
80063,No
80064,No
80065,No
80066,No
80067,No
80068,Yes
80069,No
80070,No
80071,Yes
80072,No
80073,Yes
80074,Yes
80075,No
80076,Yes
80077,Yes
80078,Yes
80079,Yes
80080,No
80081,Yes
80082,No
80083,No
80084,No
80085,Yes
80086,Yes
80087,No
80088,No
80089,Yes
80090,No
80091,Yes
80092,Yes
80093,Yes
80094,No
80095,Yes
80096,Yes
80097,No
80098,No
80099,Yes
80100,No
80101,Yes
80102,Yes
80103,Yes
80104,No
80105,Yes
80106,No
80107,No
80108,No
80109,Yes
80110,Yes
80111,Yes
80112,Yes
80113,Yes
80114,Yes
80115,No
80116,Yes
80117,No
80118,Yes
80119,Yes
80120,Yes
80121,Yes
80122,No
80123,No
80124,Yes
80125,No
80126,No
80127,Yes
80128,No
80129,Yes
80130,Yes
80131,Yes
80132,Yes
80133,No
80134,Yes
80135,No
80136,No
80137,No
80138,Yes
80139,Yes
80140,No
80141,No
80142,Yes
80143,No
80144,No
80145,No
80146,Yes
80147,Yes
80148,No
80149,Yes
80150,No
80151,Yes
80152,Yes
80153,Yes
80154,Yes
80155,No
80156,Yes
80157,Yes
80158,Yes
80159,Yes
80160,No
80161,Yes
80162,Yes
80163,Yes
80164,Yes
80165,Yes
80166,Yes
80167,No
80168,No
80169,Yes
80170,Yes
80171,No
80172,Yes
80173,Yes
80174,Yes
80175,Yes
80176,Yes
80177,No
80178,No
80179,Yes
80180,No
80181,No
80182,Yes
80183,Yes
80184,Yes
80185,Yes
80186,No
80187,Yes
80188,No
80189,Yes
80190,No
80191,Yes
80192,Yes
80193,No
80194,No
80195,Yes
80196,Yes
80197,Yes
80198,Yes
80199,Yes
80200,Yes
80201,No
80202,No
80203,Yes
80204,No
80205,Yes
80206,Yes
80207,Yes
80208,Yes
80209,Yes
80210,Yes
80211,No
80212,No
80213,Yes
80214,No
80215,Yes
80216,No
80217,No
80218,No
80219,No
80220,Yes
80221,Yes
80222,No
80223,Yes
80224,No
80225,Yes
80226,Yes
80227,Yes
80228,No
80229,Yes
80230,No
80231,Yes
80232,Yes
80233,No
80234,No
80235,Yes
80236,No
80237,No
80238,Yes
80239,No
80240,Yes
80241,Yes
80242,No
80243,Yes
80244,No
80245,No
80246,Yes
80247,Yes
80248,No
80249,Yes
80250,Yes
80251,Yes
80252,No
80253,Yes
80254,Yes
80255,Yes
80256,No
80257,No
80258,No
80259,No
80260,Yes
80261,No
80262,No
80263,Yes
80264,Yes
80265,No
80266,Yes
80267,No
80268,No
80269,No
80270,Yes
80271,No
80272,Yes
80273,Yes
80274,Yes
80275,No
80276,No
80277,No
80278,Yes
80279,Yes
80280,Yes
80281,No
80282,Yes
80283,No
80284,Yes
80285,Yes
80286,No
80287,Yes
80288,No
80289,Yes
80290,Yes
80291,Yes
80292,Yes
80293,Yes
80294,Yes
80295,No
80296,Yes
80297,Yes
80298,Yes
80299,No
80300,Yes
80301,Yes
80302,Yes
80303,Yes
80304,Yes
80305,Yes
80306,Yes
80307,No
80308,No
80309,Yes
80310,No
80311,Yes
80312,Yes
80313,Yes
80314,Yes
80315,No
80316,No
80317,Yes
80318,Yes
80319,Yes
80320,Yes
80321,No
80322,Yes
80323,Yes
80324,No
80325,No
80326,Yes
80327,Yes
80328,Yes
80329,Yes
80330,No
80331,Yes
80332,Yes
80333,Yes
80334,Yes
80335,Yes
80336,No
80337,Yes
80338,Yes
80339,No
80340,Yes
80341,Yes
80342,Yes
80343,Yes
80344,Yes
80345,No
80346,Yes
80347,Yes
80348,No
80349,Yes
80350,Yes
80351,No
80352,No
80353,No
80354,No
80355,No
80356,Yes
80357,Yes
80358,Yes
80359,Yes
80360,No
80361,Yes
80362,No
80363,Yes
80364,No
80365,Yes
80366,Yes
80367,Yes
80368,Yes
80369,No
80370,No
80371,Yes
80372,No
80373,Yes
80374,Yes
80375,Yes
80376,No
80377,No
80378,Yes
80379,Yes
80380,No
80381,No
80382,Yes
80383,Yes
80384,Yes
80385,Yes
80386,Yes
80387,Yes
80388,Yes
80389,Yes
80390,No
80391,Yes
80392,Yes
80393,Yes
80394,Yes
80395,No
80396,No
80397,No
80398,Yes
80399,Yes
80400,Yes
80401,Yes
80402,No
80403,No
80404,Yes
80405,No
80406,Yes
80407,No
80408,No
80409,Yes
80410,No
80411,Yes
80412,Yes
80413,Yes
80414,Yes
80415,Yes
80416,Yes
80417,No
80418,No
80419,No
80420,No
80421,No
80422,Yes
80423,Yes
80424,No
80425,No
80426,No
80427,No
80428,Yes
80429,No
80430,No
80431,Yes
80432,No
80433,Yes
80434,No
80435,Yes
80436,Yes
80437,No
80438,No
80439,No
80440,Yes
80441,No
80442,Yes
80443,Yes
80444,Yes
80445,Yes
80446,Yes
80447,No
80448,No
80449,No
80450,No
80451,Yes
80452,No
80453,Yes
80454,No
80455,No
80456,Yes
80457,No
80458,No
80459,No
80460,Yes
80461,No
80462,Yes
80463,Yes
80464,Yes
80465,Yes
80466,No
80467,Yes
80468,Yes
80469,No
80470,No
80471,No
80472,Yes
80473,Yes
80474,Yes
80475,No
80476,Yes
80477,Yes
80478,No
80479,Yes
80480,No
80481,Yes
80482,No
80483,Yes
80484,No
80485,No
80486,No
80487,Yes
80488,Yes
80489,Yes
80490,No
80491,Yes
80492,No
80493,Yes
80494,Yes
80495,Yes
80496,Yes
80497,Yes
80498,No
80499,Yes
80500,No
80501,Yes
80502,Yes
80503,Yes
80504,No
80505,Yes
80506,No
80507,Yes
80508,Yes
80509,Yes
80510,Yes
80511,No
80512,Yes
80513,Yes
80514,No
80515,Yes
80516,Yes
80517,Yes
80518,No
80519,No
80520,No
80521,Yes
80522,Yes
80523,Yes
80524,Yes
80525,Yes
80526,Yes
80527,No
80528,Yes
80529,Yes
80530,Yes
80531,Yes
80532,No
80533,No
80534,No
80535,No
80536,No
80537,No
80538,Yes
80539,Yes
80540,No
80541,Yes
80542,No
80543,No
80544,Yes
80545,Yes
80546,Yes
80547,No
80548,No
80549,Yes
80550,Yes
80551,Yes
80552,No
80553,No
80554,Yes
80555,No
80556,Yes
80557,Yes
80558,No
80559,Yes
80560,Yes
80561,No
80562,No
80563,Yes
80564,No
80565,Yes
80566,Yes
80567,No
80568,Yes
80569,Yes
80570,Yes
80571,Yes
80572,Yes
80573,No
80574,No
80575,Yes
80576,No
80577,Yes
80578,Yes
80579,No
80580,No
80581,No
80582,No
80583,No
80584,No
80585,No
80586,No
80587,Yes
80588,No
80589,No
80590,Yes
80591,No
80592,No
80593,Yes
80594,Yes
80595,No
80596,No
80597,Yes
80598,No
80599,Yes
80600,No
80601,Yes
80602,No
80603,Yes
80604,Yes
80605,Yes
80606,Yes
80607,No
80608,Yes
80609,Yes
80610,Yes
80611,Yes
80612,Yes
80613,Yes
80614,No
80615,Yes
80616,Yes
80617,Yes
80618,Yes
80619,Yes
80620,Yes
80621,Yes
80622,Yes
80623,Yes
80624,Yes
80625,No
80626,No
80627,No
80628,No
80629,Yes
80630,Yes
80631,Yes
80632,Yes
80633,No
80634,Yes
80635,No
80636,Yes
80637,No
80638,Yes
80639,Yes
80640,Yes
80641,No
80642,Yes
80643,Yes
80644,No
80645,No
80646,No
80647,Yes
80648,Yes
80649,Yes
80650,Yes
80651,Yes
80652,Yes
80653,No
80654,No
80655,Yes
80656,No
80657,No
80658,No
80659,Yes
80660,No
80661,No
80662,No
80663,Yes
80664,No
80665,No
80666,No
80667,No
80668,Yes
80669,No
80670,Yes
80671,No
80672,No
80673,Yes
80674,No
80675,Yes
80676,No
80677,Yes
80678,Yes
80679,Yes
80680,Yes
80681,Yes
80682,Yes
80683,Yes
80684,No
80685,No
80686,Yes
80687,No
80688,No
80689,Yes
80690,No
80691,Yes
80692,Yes
80693,No
80694,No
80695,Yes
80696,Yes
80697,No
80698,No
80699,Yes
80700,Yes
80701,No
80702,No
80703,Yes
80704,No
80705,No
80706,Yes
80707,Yes
80708,Yes
80709,No
80710,No
80711,Yes
80712,Yes
80713,Yes
80714,Yes
80715,No
80716,Yes
80717,No
80718,No
80719,Yes
80720,Yes
80721,No
80722,No
80723,Yes
80724,Yes
80725,Yes
80726,No
80727,No
80728,No
80729,No
80730,No
80731,No
80732,No
80733,Yes
80734,No
80735,Yes
80736,Yes
80737,No
80738,Yes
80739,Yes
80740,No
80741,No
80742,No
80743,No
80744,Yes
80745,No
80746,Yes
80747,No
80748,Yes
80749,Yes
80750,No
80751,No
80752,No
80753,Yes
80754,Yes
80755,No
80756,No
80757,Yes
80758,Yes
80759,Yes
80760,No
80761,Yes
80762,Yes
80763,No
80764,No
80765,Yes
80766,Yes
80767,No
80768,Yes
80769,Yes
80770,No
80771,Yes
80772,No
80773,No
80774,Yes
80775,Yes
80776,No
80777,Yes
80778,No
80779,Yes
80780,Yes
80781,No
80782,Yes
80783,No
80784,Yes
80785,No
80786,No
80787,Yes
80788,No
80789,No
80790,Yes
80791,No
80792,No
80793,No
80794,Yes
80795,Yes
80796,Yes
80797,Yes
80798,Yes
80799,Yes
80800,No
80801,Yes
80802,Yes
80803,Yes
80804,Yes
80805,No
80806,No
80807,Yes
80808,No
80809,Yes
80810,No
80811,Yes
80812,Yes
80813,No
80814,Yes
80815,Yes
80816,No
80817,No
80818,No
80819,No
80820,Yes
80821,No
80822,No
80823,Yes
80824,Yes
80825,No
80826,Yes
80827,No
80828,Yes
80829,Yes
80830,No
80831,Yes
80832,No
80833,No
80834,No
80835,Yes
80836,No
80837,No
80838,Yes
80839,No
80840,No
80841,Yes
80842,No
80843,Yes
80844,Yes
80845,No
80846,Yes
80847,Yes
80848,Yes
80849,No
80850,No
80851,Yes
80852,No
80853,Yes
80854,Yes
80855,No
80856,Yes
80857,No
80858,No
80859,No
80860,No
80861,Yes
80862,No
80863,Yes
80864,Yes
80865,No
80866,Yes
80867,No
80868,No
80869,No
80870,Yes
80871,No
80872,No
80873,No
80874,Yes
80875,Yes
80876,No
80877,Yes
80878,No
80879,No
80880,Yes
80881,No
80882,Yes
80883,No
80884,No
80885,Yes
80886,No
80887,Yes
80888,Yes
80889,Yes
80890,No
80891,Yes
80892,No
80893,Yes
80894,Yes
80895,Yes
80896,Yes
80897,Yes
80898,No
80899,No
80900,Yes
80901,No
80902,No
80903,Yes
80904,Yes
80905,Yes
80906,Yes
80907,No
80908,No
80909,No
80910,No
80911,Yes
80912,No
80913,No
80914,Yes
80915,Yes
80916,No
80917,Yes
80918,No
80919,No
80920,No
80921,Yes
80922,No
80923,No
80924,Yes
80925,Yes
80926,Yes
80927,Yes
80928,No
80929,No
80930,Yes
80931,No
80932,Yes
80933,Yes
80934,Yes
80935,No
80936,No
80937,Yes
80938,No
80939,No
80940,No
80941,No
80942,No
80943,No
80944,No
80945,Yes
80946,Yes
80947,No
80948,Yes
80949,Yes
80950,No
80951,No
80952,No
80953,Yes
80954,No
80955,Yes
80956,No
80957,Yes
80958,No
80959,No
80960,No
80961,Yes
80962,Yes
80963,Yes
80964,Yes
80965,Yes
80966,No
80967,Yes
80968,Yes
80969,No
80970,Yes
80971,No
80972,Yes
80973,No
80974,Yes
80975,Yes
80976,No
80977,Yes
80978,No
80979,No
80980,No
80981,No
80982,No
80983,Yes
80984,No
80985,No
80986,No
80987,No
80988,No
80989,Yes
80990,Yes
80991,No
80992,No
80993,No
80994,No
80995,No
80996,Yes
80997,Yes
80998,No
80999,Yes
81000,Yes
81001,Yes
81002,Yes
81003,No
81004,No
81005,No
81006,No
81007,Yes
81008,Yes
81009,No
81010,No
81011,Yes
81012,No
81013,No
81014,No
81015,Yes
81016,No
81017,No
81018,Yes
81019,Yes
81020,Yes
81021,Yes
81022,Yes
81023,Yes
81024,Yes
81025,Yes
81026,No
81027,No
81028,Yes
81029,Yes
81030,Yes
81031,No
81032,Yes
81033,Yes
81034,No
81035,Yes
81036,Yes
81037,No
81038,Yes
81039,Yes
81040,Yes
81041,Yes
81042,Yes
81043,No
81044,Yes
81045,Yes
81046,No
81047,Yes
81048,Yes
81049,Yes
81050,Yes
81051,Yes
81052,Yes
81053,Yes
81054,No
81055,Yes
81056,No
81057,Yes
81058,No
81059,Yes
81060,Yes
81061,No
81062,Yes
81063,Yes
81064,Yes
81065,Yes
81066,No
81067,Yes
81068,Yes
81069,No
81070,Yes
81071,Yes
81072,No
81073,Yes
81074,No
81075,Yes
81076,No
81077,Yes
81078,No
81079,Yes
81080,No
81081,Yes
81082,Yes
81083,No
81084,No
81085,Yes
81086,No
81087,No
81088,Yes
81089,Yes
81090,Yes
81091,No
81092,Yes
81093,No
81094,Yes
81095,Yes
81096,No
81097,No
81098,No
81099,Yes
81100,Yes
81101,No
81102,No
81103,Yes
81104,Yes
81105,No
81106,Yes
81107,No
81108,No
81109,No
81110,Yes
81111,No
81112,No
81113,Yes
81114,Yes
81115,Yes
81116,No
81117,No
81118,Yes
81119,No
81120,Yes
81121,Yes
81122,Yes
81123,Yes
81124,No
81125,No
81126,No
81127,No
81128,No
81129,Yes
81130,Yes
81131,No
81132,No
81133,No
81134,Yes
81135,Yes
81136,Yes
81137,Yes
81138,No
81139,Yes
81140,Yes
81141,Yes
81142,Yes
81143,Yes
81144,No
81145,No
81146,Yes
81147,Yes
81148,Yes
81149,No
81150,No
81151,No
81152,No
81153,No
81154,No
81155,No
81156,No
81157,Yes
81158,No
81159,Yes
81160,No
81161,Yes
81162,Yes
81163,Yes
81164,No
81165,Yes
81166,Yes
81167,Yes
81168,Yes
81169,No
81170,Yes
81171,Yes
81172,Yes
81173,No
81174,Yes
81175,Yes
81176,No
81177,No
81178,Yes
81179,No
81180,Yes
81181,No
81182,Yes
81183,No
81184,No
81185,No
81186,Yes
81187,Yes
81188,No
81189,No
81190,No
81191,Yes
81192,Yes
81193,No
81194,No
81195,Yes
81196,No
81197,No
81198,No
81199,No
81200,Yes
81201,Yes
81202,No
81203,No
81204,Yes
81205,Yes
81206,No
81207,No
81208,Yes
81209,No
81210,No
81211,No
81212,No
81213,Yes
81214,Yes
81215,Yes
81216,Yes
81217,Yes
81218,No
81219,No
81220,Yes
81221,No
81222,Yes
81223,No
81224,No
81225,No
81226,No
81227,No
81228,No
81229,Yes
81230,Yes
81231,Yes
81232,Yes
81233,Yes
81234,No
81235,No
81236,Yes
81237,No
81238,No
81239,No
81240,No
81241,No
81242,Yes
81243,No
81244,No
81245,No
81246,Yes
81247,Yes
81248,No
81249,Yes
81250,Yes
81251,Yes
81252,Yes
81253,Yes
81254,Yes
81255,No
81256,Yes
81257,No
81258,Yes
81259,Yes
81260,No
81261,Yes
81262,No
81263,No
81264,Yes
81265,No
81266,Yes
81267,No
81268,No
81269,No
81270,Yes
81271,Yes
81272,No
81273,No
81274,No
81275,Yes
81276,Yes
81277,Yes
81278,Yes
81279,No
81280,Yes
81281,No
81282,No
81283,Yes
81284,No
81285,No
81286,Yes
81287,No
81288,Yes
81289,No
81290,Yes
81291,No
81292,No
81293,Yes
81294,Yes
81295,Yes
81296,No
81297,Yes
81298,Yes
81299,No
81300,Yes
81301,Yes
81302,No
81303,Yes
81304,No
81305,No
81306,No
81307,Yes
81308,Yes
81309,Yes
81310,No
81311,No
81312,Yes
81313,No
81314,Yes
81315,No
81316,No
81317,No
81318,Yes
81319,No
81320,Yes
81321,No
81322,Yes
81323,Yes
81324,Yes
81325,Yes
81326,No
81327,Yes
81328,Yes
81329,Yes
81330,No
81331,Yes
81332,Yes
81333,No
81334,Yes
81335,Yes
81336,Yes
81337,Yes
81338,No
81339,Yes
81340,No
81341,Yes
81342,No
81343,Yes
81344,No
81345,Yes
81346,Yes
81347,No
81348,Yes
81349,No
81350,Yes
81351,Yes
81352,Yes
81353,No
81354,Yes
81355,No
81356,No
81357,Yes
81358,Yes
81359,Yes
81360,Yes
81361,No
81362,Yes
81363,No
81364,Yes
81365,Yes
81366,Yes
81367,No
81368,Yes
81369,Yes
81370,No
81371,No
81372,Yes
81373,Yes
81374,No
81375,Yes
81376,No
81377,No
81378,No
81379,Yes
81380,Yes
81381,Yes
81382,Yes
81383,Yes
81384,Yes
81385,Yes
81386,No
81387,Yes
81388,No
81389,No
81390,No
81391,Yes
81392,Yes
81393,No
81394,No
81395,Yes
81396,Yes
81397,Yes
81398,Yes
81399,No
81400,Yes
81401,Yes
81402,Yes
81403,Yes
81404,Yes
81405,Yes
81406,Yes
81407,Yes
81408,Yes
81409,Yes
81410,No
81411,Yes
81412,No
81413,Yes
81414,Yes
81415,Yes
81416,No
81417,No
81418,Yes
81419,Yes
81420,No
81421,Yes
81422,No
81423,No
81424,Yes
81425,Yes
81426,Yes
81427,Yes
81428,Yes
81429,Yes
81430,Yes
81431,Yes
81432,No
81433,Yes
81434,Yes
81435,Yes
81436,Yes
81437,No
81438,Yes
81439,No
81440,Yes
81441,No
81442,No
81443,No
81444,Yes
81445,No
81446,No
81447,No
81448,No
81449,Yes
81450,No
81451,Yes
81452,Yes
81453,No
81454,Yes
81455,Yes
81456,No
81457,No
81458,No
81459,Yes
81460,Yes
81461,No
81462,Yes
81463,No
81464,Yes
81465,Yes
81466,No
81467,No
81468,Yes
81469,No
81470,Yes
81471,No
81472,No
81473,Yes
81474,Yes
81475,No
81476,No
81477,Yes
81478,Yes
81479,No
81480,No
81481,No
81482,No
81483,No
81484,No
81485,Yes
81486,Yes
81487,No
81488,Yes
81489,Yes
81490,No
81491,Yes
81492,Yes
81493,Yes
81494,No
81495,Yes
81496,No
81497,Yes
81498,Yes
81499,Yes
81500,Yes
81501,Yes
81502,Yes
81503,No
81504,Yes
81505,Yes
81506,Yes
81507,Yes
81508,Yes
81509,No
81510,No
81511,Yes
81512,No
81513,Yes
81514,Yes
81515,Yes
81516,Yes
81517,Yes
81518,No
81519,Yes
81520,No
81521,No
81522,Yes
81523,Yes
81524,Yes
81525,Yes
81526,No
81527,No
81528,No
81529,Yes
81530,Yes
81531,No
81532,Yes
81533,Yes
81534,Yes
81535,Yes
81536,No
81537,Yes
81538,Yes
81539,Yes
81540,No
81541,No
81542,Yes
81543,Yes
81544,Yes
81545,No
81546,No
81547,No
81548,Yes
81549,Yes
81550,No
81551,No
81552,Yes
81553,No
81554,Yes
81555,No
81556,Yes
81557,Yes
81558,No
81559,Yes
81560,Yes
81561,Yes
81562,Yes
81563,Yes
81564,No
81565,Yes
81566,Yes
81567,Yes
81568,Yes
81569,Yes
81570,No
81571,No
81572,Yes
81573,Yes
81574,Yes
81575,Yes
81576,No
81577,No
81578,No
81579,Yes
81580,Yes
81581,Yes
81582,No
81583,No
81584,No
81585,Yes
81586,Yes
81587,Yes
81588,Yes
81589,Yes
81590,Yes
81591,No
81592,Yes
81593,No
81594,No
81595,No
81596,No
81597,No
81598,Yes
81599,Yes
81600,No
81601,No
81602,Yes
81603,Yes
81604,No
81605,Yes
81606,Yes
81607,Yes
81608,Yes
81609,Yes
81610,Yes
81611,Yes
81612,Yes
81613,Yes
81614,No
81615,No
81616,Yes
81617,Yes
81618,No
81619,No
81620,Yes
81621,No
81622,No
81623,No
81624,Yes
81625,Yes
81626,Yes
81627,Yes
81628,Yes
81629,No
81630,No
81631,No
81632,No
81633,Yes
81634,Yes
81635,Yes
81636,Yes
81637,Yes
81638,No
81639,Yes
81640,Yes
81641,Yes
81642,Yes
81643,Yes
81644,No
81645,Yes
81646,Yes
81647,Yes
81648,No
81649,Yes
81650,Yes
81651,Yes
81652,Yes
81653,No
81654,Yes
81655,No
81656,No
81657,Yes
81658,Yes
81659,Yes
81660,No
81661,Yes
81662,Yes
81663,No
81664,Yes
81665,Yes
81666,Yes
81667,No
81668,No
81669,No
81670,Yes
81671,No
81672,Yes
81673,Yes
81674,No
81675,Yes
81676,No
81677,Yes
81678,No
81679,Yes
81680,Yes
81681,Yes
81682,Yes
81683,No
81684,No
81685,Yes
81686,Yes
81687,No
81688,Yes
81689,Yes
81690,No
81691,No
81692,No
81693,No
81694,No
81695,No
81696,No
81697,Yes
81698,Yes
81699,No
81700,No
81701,No
81702,No
81703,No
81704,Yes
81705,Yes
81706,No
81707,No
81708,Yes
81709,Yes
81710,Yes
81711,No
81712,No
81713,No
81714,No
81715,Yes
81716,Yes
81717,Yes
81718,Yes
81719,No
81720,No
81721,No
81722,Yes
81723,Yes
81724,Yes
81725,No
81726,No
81727,Yes
81728,Yes
81729,No
81730,Yes
81731,No
81732,Yes
81733,Yes
81734,Yes
81735,No
81736,No
81737,No
81738,No
81739,No
81740,No
81741,No
81742,No
81743,No
81744,Yes
81745,No
81746,Yes
81747,Yes
81748,Yes
81749,Yes
81750,Yes
81751,Yes
81752,No
81753,No
81754,Yes
81755,Yes
81756,No
81757,No
81758,Yes
81759,No
81760,No
81761,No
81762,Yes
81763,No
81764,No
81765,No
81766,No
81767,No
81768,No
81769,No
81770,No
81771,No
81772,Yes
81773,No
81774,Yes
81775,Yes
81776,Yes
81777,No
81778,Yes
81779,No
81780,No
81781,No
81782,No
81783,No
81784,Yes
81785,Yes
81786,Yes
81787,No
81788,No
81789,No
81790,Yes
81791,Yes
81792,Yes
81793,Yes
81794,No
81795,No
81796,Yes
81797,Yes
81798,Yes
81799,Yes
81800,Yes
81801,No
81802,Yes
81803,Yes
81804,No
81805,No
81806,Yes
81807,No
81808,No
81809,Yes
81810,Yes
81811,Yes
81812,Yes
81813,No
81814,No
81815,No
81816,Yes
81817,Yes
81818,No
81819,Yes
81820,Yes
81821,Yes
81822,Yes
81823,Yes
81824,No
81825,No
81826,Yes
81827,Yes
81828,No
81829,No
81830,No
81831,Yes
81832,Yes
81833,Yes
81834,No
81835,No
81836,Yes
81837,Yes
81838,Yes
81839,Yes
81840,No
81841,No
81842,No
81843,No
81844,No
81845,Yes
81846,Yes
81847,Yes
81848,No
81849,No
81850,No
81851,Yes
81852,Yes
81853,No
81854,No
81855,No
81856,No
81857,No
81858,No
81859,No
81860,No
81861,Yes
81862,Yes
81863,No
81864,Yes
81865,No
81866,Yes
81867,No
81868,Yes
81869,No
81870,Yes
81871,No
81872,No
81873,Yes
81874,Yes
81875,No
81876,Yes
81877,No
81878,No
81879,No
81880,No
81881,Yes
81882,No
81883,Yes
81884,No
81885,No
81886,Yes
81887,No
81888,Yes
81889,Yes
81890,No
81891,Yes
81892,Yes
81893,No
81894,Yes
81895,No
81896,No
81897,Yes
81898,Yes
81899,No
81900,No
81901,No
81902,No
81903,Yes
81904,Yes
81905,No
81906,Yes
81907,Yes
81908,No
81909,Yes
81910,No
81911,Yes
81912,Yes
81913,No
81914,Yes
81915,Yes
81916,Yes
81917,Yes
81918,Yes
81919,Yes
81920,Yes
81921,Yes
81922,Yes
81923,No
81924,Yes
81925,Yes
81926,No
81927,No
81928,No
81929,Yes
81930,Yes
81931,No
81932,Yes
81933,Yes
81934,Yes
81935,Yes
81936,Yes
81937,Yes
81938,Yes
81939,Yes
81940,Yes
81941,No
81942,No
81943,Yes
81944,Yes
81945,No
81946,No
81947,Yes
81948,Yes
81949,No
81950,No
81951,No
81952,Yes
81953,Yes
81954,Yes
81955,No
81956,No
81957,Yes
81958,Yes
81959,Yes
81960,No
81961,Yes
81962,No
81963,Yes
81964,No
81965,No
81966,Yes
81967,No
81968,Yes
81969,Yes
81970,No
81971,No
81972,Yes
81973,Yes
81974,No
81975,No
81976,Yes
81977,No
81978,No
81979,Yes
81980,Yes
81981,Yes
81982,No
81983,No
81984,No
81985,Yes
81986,Yes
81987,Yes
81988,No
81989,Yes
81990,No
81991,No
81992,No
81993,Yes
81994,No
81995,No
81996,Yes
81997,Yes
81998,Yes
81999,Yes
82000,Yes
82001,Yes
82002,Yes
82003,Yes
82004,No
82005,No
82006,Yes
82007,Yes
82008,No
82009,No
82010,Yes
82011,Yes
82012,No
82013,Yes
82014,Yes
82015,Yes
82016,No
82017,Yes
82018,Yes
82019,No
82020,Yes
82021,No
82022,Yes
82023,Yes
82024,No
82025,Yes
82026,No
82027,Yes
82028,Yes
82029,No
82030,No
82031,No
82032,Yes
82033,Yes
82034,Yes
82035,Yes
82036,Yes
82037,No
82038,No
82039,Yes
82040,No
82041,Yes
82042,Yes
82043,No
82044,Yes
82045,Yes
82046,Yes
82047,No
82048,No
82049,Yes
82050,Yes
82051,No
82052,No
82053,No
82054,Yes
82055,No
82056,Yes
82057,Yes
82058,No
82059,No
82060,No
82061,No
82062,Yes
82063,No
82064,Yes
82065,No
82066,Yes
82067,No
82068,Yes
82069,No
82070,Yes
82071,Yes
82072,Yes
82073,No
82074,Yes
82075,Yes
82076,Yes
82077,No
82078,Yes
82079,Yes
82080,No
82081,Yes
82082,Yes
82083,Yes
82084,Yes
82085,Yes
82086,Yes
82087,Yes
82088,Yes
82089,No
82090,Yes
82091,No
82092,No
82093,No
82094,Yes
82095,No
82096,No
82097,No
82098,Yes
82099,No
82100,Yes
82101,Yes
82102,Yes
82103,No
82104,Yes
82105,No
82106,No
82107,Yes
82108,Yes
82109,No
82110,No
82111,Yes
82112,Yes
82113,No
82114,No
82115,Yes
82116,Yes
82117,No
82118,Yes
82119,No
82120,No
82121,No
82122,No
82123,No
82124,No
82125,No
82126,No
82127,Yes
82128,No
82129,Yes
82130,No
82131,Yes
82132,No
82133,Yes
82134,Yes
82135,Yes
82136,Yes
82137,Yes
82138,Yes
82139,Yes
82140,No
82141,Yes
82142,Yes
82143,No
82144,No
82145,No
82146,Yes
82147,No
82148,Yes
82149,Yes
82150,Yes
82151,No
82152,No
82153,No
82154,No
82155,Yes
82156,Yes
82157,No
82158,Yes
82159,Yes
82160,Yes
82161,Yes
82162,No
82163,No
82164,Yes
82165,Yes
82166,Yes
82167,No
82168,No
82169,Yes
82170,Yes
82171,No
82172,No
82173,No
82174,No
82175,No
82176,No
82177,Yes
82178,Yes
82179,Yes
82180,Yes
82181,Yes
82182,No
82183,Yes
82184,Yes
82185,Yes
82186,No
82187,Yes
82188,No
82189,Yes
82190,No
82191,Yes
82192,No
82193,No
82194,Yes
82195,No
82196,No
82197,Yes
82198,Yes
82199,Yes
82200,No
82201,No
82202,No
82203,Yes
82204,Yes
82205,Yes
82206,Yes
82207,Yes
82208,No
82209,No
82210,No
82211,Yes
82212,Yes
82213,Yes
82214,No
82215,Yes
82216,No
82217,No
82218,No
82219,Yes
82220,Yes
82221,No
82222,Yes
82223,No
82224,Yes
82225,Yes
82226,Yes
82227,Yes
82228,No
82229,Yes
82230,No
82231,Yes
82232,Yes
82233,Yes
82234,Yes
82235,No
82236,Yes
82237,Yes
82238,Yes
82239,Yes
82240,Yes
82241,Yes
82242,Yes
82243,No
82244,Yes
82245,No
82246,Yes
82247,Yes
82248,No
82249,Yes
82250,Yes
82251,Yes
82252,Yes
82253,Yes
82254,Yes
82255,No
82256,No
82257,Yes
82258,Yes
82259,Yes
82260,No
82261,Yes
82262,Yes
82263,Yes
82264,No
82265,No
82266,No
82267,No
82268,No
82269,Yes
82270,Yes
82271,Yes
82272,No
82273,Yes
82274,Yes
82275,Yes
82276,Yes
82277,Yes
82278,No
82279,No
82280,Yes
82281,Yes
82282,No
82283,No
82284,Yes
82285,Yes
82286,Yes
82287,Yes
82288,No
82289,Yes
82290,Yes
82291,No
82292,Yes
82293,No
82294,No
82295,Yes
82296,No
82297,Yes
82298,No
82299,No
82300,No
82301,No
82302,No
82303,Yes
82304,No
82305,Yes
82306,Yes
82307,Yes
82308,No
82309,Yes
82310,Yes
82311,Yes
82312,Yes
82313,Yes
82314,Yes
82315,No
82316,No
82317,Yes
82318,Yes
82319,Yes
82320,No
82321,No
82322,Yes
82323,Yes
82324,Yes
82325,Yes
82326,No
82327,No
82328,No
82329,Yes
82330,No
82331,Yes
82332,No
82333,No
82334,Yes
82335,No
82336,No
82337,Yes
82338,No
82339,Yes
82340,No
82341,No
82342,No
82343,No
82344,Yes
82345,Yes
82346,No
82347,No
82348,Yes
82349,Yes
82350,No
82351,Yes
82352,Yes
82353,Yes
82354,No
82355,No
82356,No
82357,Yes
82358,Yes
82359,No
82360,Yes
82361,Yes
82362,Yes
82363,No
82364,No
82365,Yes
82366,No
82367,Yes
82368,Yes
82369,Yes
82370,No
82371,No
82372,Yes
82373,No
82374,No
82375,Yes
82376,Yes
82377,No
82378,Yes
82379,No
82380,Yes
82381,No
82382,No
82383,Yes
82384,Yes
82385,Yes
82386,Yes
82387,No
82388,Yes
82389,Yes
82390,No
82391,Yes
82392,No
82393,No
82394,Yes
82395,No
82396,Yes
82397,Yes
82398,Yes
82399,Yes
82400,No
82401,Yes
82402,Yes
82403,Yes
82404,Yes
82405,No
82406,Yes
82407,No
82408,No
82409,Yes
82410,Yes
82411,No
82412,Yes
82413,No
82414,Yes
82415,No
82416,Yes
82417,No
82418,No
82419,Yes
82420,No
82421,No
82422,Yes
82423,Yes
82424,Yes
82425,Yes
82426,No
82427,No
82428,Yes
82429,No
82430,Yes
82431,No
82432,No
82433,Yes
82434,Yes
82435,Yes
82436,No
82437,No
82438,Yes
82439,Yes
82440,No
82441,No
82442,Yes
82443,No
82444,Yes
82445,No
82446,No
82447,Yes
82448,No
82449,No
82450,No
82451,Yes
82452,No
82453,No
82454,Yes
82455,Yes
82456,Yes
82457,No
82458,No
82459,Yes
82460,Yes
82461,No
82462,Yes
82463,Yes
82464,Yes
82465,No
82466,No
82467,Yes
82468,No
82469,No
82470,No
82471,Yes
82472,Yes
82473,Yes
82474,No
82475,No
82476,Yes
82477,Yes
82478,Yes
82479,No
82480,Yes
82481,No
82482,No
82483,Yes
82484,Yes
82485,No
82486,No
82487,Yes
82488,Yes
82489,Yes
82490,Yes
82491,No
82492,Yes
82493,No
82494,Yes
82495,No
82496,Yes
82497,Yes
82498,Yes
82499,No
82500,No
82501,Yes
82502,No
82503,Yes
82504,No
82505,No
82506,No
82507,No
82508,No
82509,No
82510,No
82511,Yes
82512,Yes
82513,Yes
82514,Yes
82515,No
82516,Yes
82517,Yes
82518,Yes
82519,No
82520,No
82521,Yes
82522,Yes
82523,No
82524,No
82525,No
82526,Yes
82527,Yes
82528,No
82529,Yes
82530,Yes
82531,Yes
82532,No
82533,Yes
82534,Yes
82535,Yes
82536,No
82537,Yes
82538,Yes
82539,Yes
82540,Yes
82541,No
82542,No
82543,No
82544,No
82545,No
82546,Yes
82547,Yes
82548,Yes
82549,No
82550,No
82551,Yes
82552,No
82553,Yes
82554,No
82555,Yes
82556,No
82557,Yes
82558,Yes
82559,Yes
82560,No
82561,No
82562,Yes
82563,Yes
82564,Yes
82565,Yes
82566,No
82567,Yes
82568,Yes
82569,Yes
82570,No
82571,No
82572,No
82573,No
82574,Yes
82575,Yes
82576,No
82577,Yes
82578,No
82579,No
82580,No
82581,No
82582,Yes
82583,Yes
82584,Yes
82585,Yes
82586,No
82587,No
82588,Yes
82589,No
82590,Yes
82591,No
82592,Yes
82593,Yes
82594,Yes
82595,Yes
82596,No
82597,No
82598,No
82599,Yes
82600,Yes
82601,No
82602,No
82603,Yes
82604,Yes
82605,Yes
82606,No
82607,No
82608,Yes
82609,No
82610,No
82611,No
82612,No
82613,Yes
82614,No
82615,Yes
82616,Yes
82617,Yes
82618,Yes
82619,Yes
82620,No
82621,No
82622,No
82623,Yes
82624,Yes
82625,No
82626,Yes
82627,Yes
82628,Yes
82629,No
82630,No
82631,Yes
82632,Yes
82633,Yes
82634,No
82635,Yes
82636,No
82637,Yes
82638,No
82639,Yes
82640,No
82641,No
82642,No
82643,No
82644,Yes
82645,No
82646,No
82647,No
82648,Yes
82649,Yes
82650,No
82651,Yes
82652,No
82653,No
82654,No
82655,Yes
82656,No
82657,Yes
82658,No
82659,Yes
82660,No
82661,No
82662,No
82663,Yes
82664,Yes
82665,Yes
82666,No
82667,No
82668,No
82669,No
82670,No
82671,No
82672,Yes
82673,No
82674,No
82675,No
82676,Yes
82677,Yes
82678,Yes
82679,Yes
82680,Yes
82681,Yes
82682,Yes
82683,No
82684,No
82685,Yes
82686,No
82687,Yes
82688,Yes
82689,Yes
82690,No
82691,No
82692,No
82693,No
82694,No
82695,Yes
82696,No
82697,No
82698,No
82699,No
82700,No
82701,Yes
82702,No
82703,No
82704,Yes
82705,Yes
82706,No
82707,Yes
82708,Yes
82709,Yes
82710,Yes
82711,No
82712,No
82713,Yes
82714,Yes
82715,Yes
82716,No
82717,No
82718,No
82719,Yes
82720,Yes
82721,No
82722,Yes
82723,No
82724,Yes
82725,Yes
82726,Yes
82727,No
82728,No
82729,Yes
82730,No
82731,Yes
82732,No
82733,No
82734,Yes
82735,No
82736,Yes
82737,No
82738,No
82739,No
82740,No
82741,No
82742,Yes
82743,No
82744,Yes
82745,No
82746,No
82747,No
82748,Yes
82749,No
82750,Yes
82751,No
82752,No
82753,Yes
82754,Yes
82755,Yes
82756,Yes
82757,Yes
82758,Yes
82759,Yes
82760,No
82761,No
82762,Yes
82763,No
82764,No
82765,No
82766,No
82767,Yes
82768,Yes
82769,No
82770,No
82771,No
82772,No
82773,No
82774,Yes
82775,Yes
82776,Yes
82777,Yes
82778,No
82779,Yes
82780,No
82781,Yes
82782,No
82783,Yes
82784,Yes
82785,Yes
82786,Yes
82787,Yes
82788,No
82789,Yes
82790,Yes
82791,Yes
82792,No
82793,Yes
82794,Yes
82795,Yes
82796,No
82797,Yes
82798,Yes
82799,No
82800,No
82801,No
82802,Yes
82803,No
82804,Yes
82805,No
82806,Yes
82807,Yes
82808,No
82809,Yes
82810,Yes
82811,Yes
82812,No
82813,Yes
82814,Yes
82815,No
82816,Yes
82817,Yes
82818,Yes
82819,No
82820,No
82821,Yes
82822,Yes
82823,No
82824,Yes
82825,No
82826,No
82827,Yes
82828,Yes
82829,No
82830,No
82831,Yes
82832,Yes
82833,Yes
82834,No
82835,Yes
82836,No
82837,Yes
82838,No
82839,No
82840,No
82841,Yes
82842,No
82843,Yes
82844,Yes
82845,Yes
82846,No
82847,No
82848,Yes
82849,Yes
82850,Yes
82851,No
82852,Yes
82853,Yes
82854,No
82855,Yes
82856,Yes
82857,Yes
82858,Yes
82859,Yes
82860,Yes
82861,No
82862,Yes
82863,Yes
82864,Yes
82865,No
82866,Yes
82867,Yes
82868,No
82869,No
82870,Yes
82871,Yes
82872,Yes
82873,No
82874,No
82875,Yes
82876,No
82877,Yes
82878,Yes
82879,No
82880,No
82881,No
82882,Yes
82883,Yes
82884,No
82885,No
82886,Yes
82887,Yes
82888,Yes
82889,Yes
82890,No
82891,No
82892,Yes
82893,Yes
82894,Yes
82895,No
82896,No
82897,No
82898,Yes
82899,Yes
82900,Yes
82901,No
82902,No
82903,Yes
82904,Yes
82905,Yes
82906,No
82907,Yes
82908,No
82909,No
82910,Yes
82911,No
82912,No
82913,Yes
82914,Yes
82915,Yes
82916,No
82917,No
82918,Yes
82919,Yes
82920,No
82921,No
82922,No
82923,No
82924,No
82925,Yes
82926,Yes
82927,No
82928,No
82929,No
82930,No
82931,Yes
82932,Yes
82933,No
82934,No
82935,Yes
82936,No
82937,No
82938,Yes
82939,Yes
82940,Yes
82941,Yes
82942,No
82943,No
82944,Yes
82945,No
82946,No
82947,No
82948,Yes
82949,No
82950,No
82951,Yes
82952,Yes
82953,No
82954,Yes
82955,No
82956,No
82957,Yes
82958,No
82959,No
82960,No
82961,Yes
82962,Yes
82963,Yes
82964,Yes
82965,No
82966,No
82967,Yes
82968,No
82969,Yes
82970,Yes
82971,Yes
82972,Yes
82973,No
82974,No
82975,Yes
82976,Yes
82977,No
82978,No
82979,No
82980,Yes
82981,No
82982,Yes
82983,Yes
82984,No
82985,Yes
82986,Yes
82987,Yes
82988,No
82989,Yes
82990,Yes
82991,No
82992,Yes
82993,No
82994,No
82995,No
82996,Yes
82997,No
82998,No
82999,Yes
83000,Yes
83001,Yes
83002,No
83003,Yes
83004,Yes
83005,No
83006,Yes
83007,Yes
83008,No
83009,No
83010,Yes
83011,No
83012,Yes
83013,Yes
83014,Yes
83015,No
83016,No
83017,No
83018,Yes
83019,Yes
83020,No
83021,No
83022,Yes
83023,No
83024,Yes
83025,Yes
83026,No
83027,Yes
83028,Yes
83029,Yes
83030,Yes
83031,Yes
83032,No
83033,No
83034,Yes
83035,Yes
83036,Yes
83037,Yes
83038,Yes
83039,Yes
83040,Yes
83041,Yes
83042,No
83043,Yes
83044,No
83045,No
83046,Yes
83047,Yes
83048,No
83049,No
83050,No
83051,No
83052,No
83053,No
83054,Yes
83055,Yes
83056,No
83057,Yes
83058,Yes
83059,Yes
83060,Yes
83061,Yes
83062,Yes
83063,No
83064,No
83065,Yes
83066,Yes
83067,Yes
83068,Yes
83069,Yes
83070,Yes
83071,No
83072,No
83073,Yes
83074,Yes
83075,No
83076,Yes
83077,Yes
83078,Yes
83079,Yes
83080,No
83081,No
83082,Yes
83083,Yes
83084,Yes
83085,No
83086,No
83087,Yes
83088,Yes
83089,Yes
83090,Yes
83091,Yes
83092,Yes
83093,No
83094,Yes
83095,No
83096,No
83097,No
83098,No
83099,No
83100,Yes
83101,Yes
83102,Yes
83103,No
83104,Yes
83105,No
83106,No
83107,Yes
83108,Yes
83109,No
83110,Yes
83111,No
83112,Yes
83113,Yes
83114,Yes
83115,No
83116,Yes
83117,Yes
83118,Yes
83119,No
83120,No
83121,Yes
83122,No
83123,Yes
83124,Yes
83125,Yes
83126,Yes
83127,No
83128,No
83129,No
83130,Yes
83131,No
83132,Yes
83133,No
83134,Yes
83135,No
83136,Yes
83137,Yes
83138,No
83139,Yes
83140,Yes
83141,No
83142,Yes
83143,Yes
83144,Yes
83145,Yes
83146,No
83147,No
83148,No
83149,Yes
83150,No
83151,Yes
83152,Yes
83153,No
83154,Yes
83155,No
83156,Yes
83157,Yes
83158,No
83159,No
83160,No
83161,Yes
83162,Yes
83163,No
83164,No
83165,Yes
83166,Yes
83167,Yes
83168,Yes
83169,No
83170,Yes
83171,Yes
83172,Yes
83173,No
83174,Yes
83175,No
83176,No
83177,Yes
83178,No
83179,Yes
83180,Yes
83181,No
83182,No
83183,Yes
83184,No
83185,No
83186,Yes
83187,No
83188,Yes
83189,No
83190,Yes
83191,Yes
83192,Yes
83193,No
83194,Yes
83195,Yes
83196,Yes
83197,No
83198,No
83199,No
83200,No
83201,No
83202,Yes
83203,Yes
83204,Yes
83205,No
83206,Yes
83207,Yes
83208,Yes
83209,Yes
83210,No
83211,No
83212,Yes
83213,Yes
83214,No
83215,Yes
83216,No
83217,Yes
83218,Yes
83219,Yes
83220,No
83221,No
83222,No
83223,Yes
83224,Yes
83225,Yes
83226,Yes
83227,Yes
83228,No
83229,No
83230,Yes
83231,Yes
83232,Yes
83233,No
83234,Yes
83235,Yes
83236,Yes
83237,Yes
83238,No
83239,Yes
83240,No
83241,Yes
83242,No
83243,No
83244,No
83245,No
83246,Yes
83247,No
83248,No
83249,No
83250,No
83251,No
83252,Yes
83253,Yes
83254,No
83255,No
83256,No
83257,No
83258,No
83259,No
83260,Yes
83261,No
83262,Yes
83263,No
83264,No
83265,No
83266,Yes
83267,Yes
83268,No
83269,No
83270,No
83271,Yes
83272,No
83273,No
83274,Yes
83275,Yes
83276,No
83277,No
83278,Yes
83279,Yes
83280,Yes
83281,Yes
83282,Yes
83283,Yes
83284,No
83285,Yes
83286,No
83287,Yes
83288,Yes
83289,Yes
83290,No
83291,No
83292,Yes
83293,Yes
83294,Yes
83295,Yes
83296,No
83297,No
83298,No
83299,No
83300,Yes
83301,Yes
83302,Yes
83303,Yes
83304,Yes
83305,No
83306,Yes
83307,Yes
83308,No
83309,No
83310,No
83311,Yes
83312,Yes
83313,Yes
83314,Yes
83315,Yes
83316,Yes
83317,No
83318,Yes
83319,No
83320,Yes
83321,No
83322,Yes
83323,Yes
83324,No
83325,No
83326,No
83327,No
83328,Yes
83329,Yes
83330,Yes
83331,No
83332,No
83333,No
83334,Yes
83335,Yes
83336,Yes
83337,No
83338,No
83339,No
83340,Yes
83341,Yes
83342,No
83343,Yes
83344,Yes
83345,No
83346,No
83347,No
83348,No
83349,Yes
83350,Yes
83351,Yes
83352,No
83353,Yes
83354,Yes
83355,No
83356,Yes
83357,No
83358,No
83359,No
83360,Yes
83361,Yes
83362,Yes
83363,No
83364,Yes
83365,No
83366,Yes
83367,Yes
83368,Yes
83369,Yes
83370,No
83371,No
83372,No
83373,Yes
83374,No
83375,No
83376,No
83377,No
83378,Yes
83379,No
83380,Yes
83381,No
83382,Yes
83383,Yes
83384,No
83385,No
83386,Yes
83387,Yes
83388,Yes
83389,No
83390,Yes
83391,Yes
83392,Yes
83393,Yes
83394,No
83395,No
83396,No
83397,Yes
83398,Yes
83399,No
83400,Yes
83401,Yes
83402,Yes
83403,Yes
83404,Yes
83405,No
83406,Yes
83407,Yes
83408,Yes
83409,Yes
83410,No
83411,No
83412,No
83413,No
83414,Yes
83415,No
83416,Yes
83417,Yes
83418,Yes
83419,Yes
83420,Yes
83421,Yes
83422,No
83423,No
83424,No
83425,No
83426,Yes
83427,No
83428,No
83429,Yes
83430,Yes
83431,Yes
83432,Yes
83433,Yes
83434,No
83435,Yes
83436,Yes
83437,No
83438,Yes
83439,Yes
83440,No
83441,Yes
83442,No
83443,No
83444,Yes
83445,No
83446,Yes
83447,Yes
83448,No
83449,Yes
83450,Yes
83451,No
83452,Yes
83453,Yes
83454,No
83455,Yes
83456,Yes
83457,Yes
83458,Yes
83459,No
83460,Yes
83461,Yes
83462,Yes
83463,Yes
83464,No
83465,No
83466,Yes
83467,No
83468,No
83469,Yes
83470,No
83471,No
83472,Yes
83473,No
83474,Yes
83475,No
83476,Yes
83477,Yes
83478,Yes
83479,Yes
83480,No
83481,No
83482,No
83483,No
83484,Yes
83485,No
83486,No
83487,Yes
83488,Yes
83489,Yes
83490,Yes
83491,Yes
83492,Yes
83493,Yes
83494,Yes
83495,Yes
83496,No
83497,No
83498,Yes
83499,No
83500,No
83501,Yes
83502,Yes
83503,No
83504,No
83505,No
83506,Yes
83507,Yes
83508,No
83509,Yes
83510,Yes
83511,No
83512,No
83513,Yes
83514,No
83515,No
83516,Yes
83517,Yes
83518,Yes
83519,No
83520,No
83521,Yes
83522,No
83523,No
83524,No
83525,Yes
83526,No
83527,Yes
83528,Yes
83529,Yes
83530,No
83531,Yes
83532,Yes
83533,No
83534,Yes
83535,Yes
83536,Yes
83537,No
83538,Yes
83539,No
83540,No
83541,Yes
83542,No
83543,Yes
83544,Yes
83545,No
83546,Yes
83547,No
83548,Yes
83549,Yes
83550,Yes
83551,No
83552,No
83553,Yes
83554,No
83555,Yes
83556,No
83557,Yes
83558,No
83559,Yes
83560,Yes
83561,No
83562,No
83563,No
83564,Yes
83565,No
83566,Yes
83567,No
83568,Yes
83569,Yes
83570,Yes
83571,Yes
83572,No
83573,Yes
83574,Yes
83575,No
83576,Yes
83577,No
83578,Yes
83579,Yes
83580,Yes
83581,Yes
83582,Yes
83583,No
83584,Yes
83585,No
83586,Yes
83587,No
83588,No
83589,No
83590,No
83591,No
83592,No
83593,No
83594,Yes
83595,Yes
83596,No
83597,Yes
83598,Yes
83599,No
83600,No
83601,Yes
83602,Yes
83603,Yes
83604,No
83605,Yes
83606,No
83607,No
83608,Yes
83609,Yes
83610,Yes
83611,No
83612,No
83613,No
83614,No
83615,No
83616,No
83617,No
83618,Yes
83619,No
83620,No
83621,No
83622,No
83623,Yes
83624,Yes
83625,No
83626,No
83627,No
83628,Yes
83629,Yes
83630,No
83631,No
83632,No
83633,Yes
83634,No
83635,No
83636,Yes
83637,No
83638,Yes
83639,Yes
83640,No
83641,Yes
83642,No
83643,Yes
83644,No
83645,No
83646,No
83647,No
83648,Yes
83649,No
83650,Yes
83651,No
83652,Yes
83653,Yes
83654,Yes
83655,No
83656,Yes
83657,Yes
83658,Yes
83659,No
83660,No
83661,No
83662,Yes
83663,Yes
83664,No
83665,No
83666,Yes
83667,Yes
83668,Yes
83669,Yes
83670,No
83671,Yes
83672,No
83673,Yes
83674,Yes
83675,Yes
83676,Yes
83677,Yes
83678,No
83679,Yes
83680,Yes
83681,Yes
83682,No
83683,No
83684,No
83685,Yes
83686,Yes
83687,Yes
83688,Yes
83689,No
83690,Yes
83691,Yes
83692,No
83693,No
83694,No
83695,Yes
83696,No
83697,No
83698,Yes
83699,Yes
83700,Yes
83701,No
83702,Yes
83703,No
83704,Yes
83705,Yes
83706,No
83707,Yes
83708,Yes
83709,Yes
83710,No
83711,No
83712,Yes
83713,No
83714,No
83715,Yes
83716,No
83717,Yes
83718,No
83719,No
83720,Yes
83721,No
83722,Yes
83723,No
83724,Yes
83725,Yes
83726,Yes
83727,Yes
83728,Yes
83729,No
83730,No
83731,Yes
83732,No
83733,Yes
83734,Yes
83735,Yes
83736,No
83737,No
83738,Yes
83739,Yes
83740,Yes
83741,Yes
83742,No
83743,Yes
83744,No
83745,No
83746,Yes
83747,No
83748,No
83749,No
83750,Yes
83751,Yes
83752,Yes
83753,No
83754,No
83755,No
83756,Yes
83757,No
83758,Yes
83759,Yes
83760,Yes
83761,No
83762,Yes
83763,No
83764,Yes
83765,Yes
83766,No
83767,Yes
83768,Yes
83769,Yes
83770,No
83771,Yes
83772,Yes
83773,No
83774,Yes
83775,Yes
83776,Yes
83777,Yes
83778,Yes
83779,Yes
83780,Yes
83781,Yes
83782,Yes
83783,Yes
83784,Yes
83785,No
83786,Yes
83787,Yes
83788,No
83789,Yes
83790,Yes
83791,Yes
83792,No
83793,No
83794,No
83795,No
83796,Yes
83797,Yes
83798,No
83799,Yes
83800,No
83801,Yes
83802,Yes
83803,No
83804,Yes
83805,Yes
83806,No
83807,Yes
83808,No
83809,Yes
83810,No
83811,No
83812,Yes
83813,Yes
83814,No
83815,Yes
83816,Yes
83817,No
83818,No
83819,Yes
83820,Yes
83821,No
83822,Yes
83823,No
83824,Yes
83825,Yes
83826,No
83827,No
83828,No
83829,Yes
83830,Yes
83831,No
83832,Yes
83833,No
83834,No
83835,No
83836,No
83837,Yes
83838,No
83839,Yes
83840,No
83841,Yes
83842,No
83843,Yes
83844,Yes
83845,Yes
83846,Yes
83847,Yes
83848,Yes
83849,Yes
83850,No
83851,No
83852,Yes
83853,No
83854,No
83855,Yes
83856,No
83857,No
83858,Yes
83859,No
83860,No
83861,Yes
83862,Yes
83863,No
83864,Yes
83865,No
83866,Yes
83867,Yes
83868,No
83869,Yes
83870,No
83871,Yes
83872,Yes
83873,No
83874,No
83875,No
83876,Yes
83877,Yes
83878,Yes
83879,No
83880,Yes
83881,No
83882,Yes
83883,Yes
83884,No
83885,Yes
83886,No
83887,No
83888,Yes
83889,Yes
83890,No
83891,No
83892,No
83893,Yes
83894,No
83895,Yes
83896,No
83897,Yes
83898,No
83899,Yes
83900,No
83901,Yes
83902,No
83903,Yes
83904,Yes
83905,No
83906,No
83907,Yes
83908,No
83909,No
83910,Yes
83911,Yes
83912,No
83913,No
83914,Yes
83915,No
83916,Yes
83917,No
83918,Yes
83919,No
83920,Yes
83921,No
83922,No
83923,No
83924,Yes
83925,Yes
83926,Yes
83927,Yes
83928,No
83929,Yes
83930,No
83931,No
83932,No
83933,Yes
83934,No
83935,Yes
83936,Yes
83937,Yes
83938,Yes
83939,Yes
83940,Yes
83941,Yes
83942,Yes
83943,Yes
83944,Yes
83945,Yes
83946,Yes
83947,Yes
83948,No
83949,Yes
83950,No
83951,Yes
83952,Yes
83953,No
83954,Yes
83955,No
83956,No
83957,Yes
83958,No
83959,No
83960,No
83961,No
83962,No
83963,No
83964,No
83965,Yes
83966,No
83967,No
83968,Yes
83969,No
83970,Yes
83971,Yes
83972,No
83973,No
83974,Yes
83975,No
83976,No
83977,Yes
83978,Yes
83979,Yes
83980,Yes
83981,Yes
83982,No
83983,Yes
83984,Yes
83985,No
83986,No
83987,No
83988,Yes
83989,No
83990,Yes
83991,Yes
83992,Yes
83993,Yes
83994,Yes
83995,No
83996,No
83997,No
83998,Yes
83999,Yes
84000,Yes
84001,Yes
84002,Yes
84003,Yes
84004,No
84005,No
84006,No
84007,No
84008,Yes
84009,No
84010,No
84011,No
84012,No
84013,Yes
84014,No
84015,No
84016,Yes
84017,No
84018,No
84019,Yes
84020,No
84021,Yes
84022,No
84023,No
84024,Yes
84025,Yes
84026,Yes
84027,No
84028,Yes
84029,No
84030,Yes
84031,No
84032,Yes
84033,No
84034,Yes
84035,No
84036,Yes
84037,No
84038,No
84039,Yes
84040,No
84041,Yes
84042,No
84043,Yes
84044,Yes
84045,Yes
84046,Yes
84047,Yes
84048,No
84049,Yes
84050,No
84051,Yes
84052,No
84053,No
84054,No
84055,Yes
84056,No
84057,Yes
84058,No
84059,Yes
84060,Yes
84061,No
84062,Yes
84063,Yes
84064,No
84065,Yes
84066,Yes
84067,Yes
84068,Yes
84069,Yes
84070,Yes
84071,Yes
84072,Yes
84073,Yes
84074,Yes
84075,Yes
84076,No
84077,No
84078,Yes
84079,Yes
84080,No
84081,No
84082,No
84083,No
84084,No
84085,Yes
84086,Yes
84087,No
84088,Yes
84089,Yes
84090,Yes
84091,No
84092,No
84093,No
84094,Yes
84095,Yes
84096,Yes
84097,No
84098,No
84099,No
84100,Yes
84101,No
84102,No
84103,Yes
84104,No
84105,Yes
84106,No
84107,Yes
84108,Yes
84109,No
84110,Yes
84111,No
84112,No
84113,No
84114,No
84115,No
84116,Yes
84117,No
84118,No
84119,Yes
84120,No
84121,Yes
84122,Yes
84123,No
84124,No
84125,No
84126,No
84127,No
84128,Yes
84129,Yes
84130,No
84131,No
84132,Yes
84133,Yes
84134,Yes
84135,No
84136,No
84137,No
84138,No
84139,No
84140,No
84141,Yes
84142,Yes
84143,Yes
84144,Yes
84145,Yes
84146,Yes
84147,No
84148,Yes
84149,Yes
84150,Yes
84151,No
84152,Yes
84153,No
84154,No
84155,No
84156,Yes
84157,Yes
84158,Yes
84159,Yes
84160,No
84161,Yes
84162,Yes
84163,Yes
84164,Yes
84165,Yes
84166,Yes
84167,No
84168,Yes
84169,No
84170,Yes
84171,Yes
84172,No
84173,Yes
84174,No
84175,Yes
84176,Yes
84177,Yes
84178,Yes
84179,Yes
84180,No
84181,Yes
84182,No
84183,No
84184,No
84185,Yes
84186,No
84187,Yes
84188,No
84189,No
84190,Yes
84191,No
84192,Yes
84193,No
84194,Yes
84195,Yes
84196,No
84197,Yes
84198,Yes
84199,No
84200,Yes
84201,No
84202,Yes
84203,Yes
84204,Yes
84205,Yes
84206,Yes
84207,No
84208,No
84209,Yes
84210,Yes
84211,Yes
84212,Yes
84213,No
84214,Yes
84215,Yes
84216,Yes
84217,Yes
84218,Yes
84219,No
84220,Yes
84221,Yes
84222,No
84223,No
84224,No
84225,Yes
84226,No
84227,Yes
84228,Yes
84229,No
84230,Yes
84231,Yes
84232,Yes
84233,Yes
84234,Yes
84235,Yes
84236,Yes
84237,No
84238,No
84239,Yes
84240,Yes
84241,Yes
84242,No
84243,No
84244,No
84245,Yes
84246,No
84247,Yes
84248,Yes
84249,Yes
84250,Yes
84251,No
84252,Yes
84253,Yes
84254,Yes
84255,No
84256,No
84257,No
84258,No
84259,Yes
84260,Yes
84261,Yes
84262,No
84263,Yes
84264,No
84265,No
84266,Yes
84267,No
84268,Yes
84269,Yes
84270,Yes
84271,Yes
84272,Yes
84273,No
84274,No
84275,No
84276,Yes
84277,Yes
84278,Yes
84279,No
84280,Yes
84281,No
84282,No
84283,Yes
84284,No
84285,Yes
84286,Yes
84287,No
84288,No
84289,Yes
84290,No
84291,No
84292,No
84293,Yes
84294,No
84295,Yes
84296,Yes
84297,Yes
84298,No
84299,Yes
84300,Yes
84301,No
84302,Yes
84303,No
84304,Yes
84305,Yes
84306,No
84307,Yes
84308,No
84309,No
84310,Yes
84311,No
84312,Yes
84313,No
84314,No
84315,No
84316,Yes
84317,No
84318,No
84319,Yes
84320,Yes
84321,Yes
84322,No
84323,Yes
84324,Yes
84325,Yes
84326,Yes
84327,No
84328,No
84329,Yes
84330,No
84331,Yes
84332,Yes
84333,No
84334,No
84335,Yes
84336,No
84337,No
84338,No
84339,Yes
84340,Yes
84341,No
84342,Yes
84343,Yes
84344,No
84345,No
84346,No
84347,No
84348,Yes
84349,No
84350,Yes
84351,No
84352,Yes
84353,Yes
84354,Yes
84355,No
84356,No
84357,Yes
84358,Yes
84359,No
84360,No
84361,Yes
84362,Yes
84363,Yes
84364,No
84365,Yes
84366,Yes
84367,Yes
84368,Yes
84369,Yes
84370,Yes
84371,Yes
84372,Yes
84373,Yes
84374,Yes
84375,Yes
84376,No
84377,Yes
84378,Yes
84379,Yes
84380,Yes
84381,No
84382,No
84383,Yes
84384,No
84385,Yes
84386,Yes
84387,Yes
84388,Yes
84389,Yes
84390,No
84391,Yes
84392,Yes
84393,Yes
84394,No
84395,Yes
84396,Yes
84397,No
84398,No
84399,Yes
84400,Yes
84401,Yes
84402,No
84403,Yes
84404,Yes
84405,No
84406,Yes
84407,Yes
84408,No
84409,Yes
84410,No
84411,No
84412,Yes
84413,No
84414,Yes
84415,No
84416,Yes
84417,No
84418,No
84419,Yes
84420,Yes
84421,No
84422,Yes
84423,Yes
84424,Yes
84425,No
84426,Yes
84427,Yes
84428,No
84429,Yes
84430,Yes
84431,Yes
84432,Yes
84433,Yes
84434,Yes
84435,No
84436,Yes
84437,Yes
84438,Yes
84439,No
84440,No
84441,Yes
84442,No
84443,Yes
84444,Yes
84445,No
84446,Yes
84447,No
84448,Yes
84449,Yes
84450,Yes
84451,No
84452,No
84453,No
84454,Yes
84455,Yes
84456,Yes
84457,No
84458,Yes
84459,Yes
84460,No
84461,Yes
84462,No
84463,Yes
84464,Yes
84465,Yes
84466,No
84467,Yes
84468,No
84469,Yes
84470,Yes
84471,Yes
84472,No
84473,No
84474,No
84475,Yes
84476,Yes
84477,Yes
84478,No
84479,Yes
84480,Yes
84481,No
84482,Yes
84483,No
84484,Yes
84485,No
84486,No
84487,Yes
84488,Yes
84489,No
84490,No
84491,Yes
84492,Yes
84493,No
84494,Yes
84495,No
84496,No
84497,No
84498,No
84499,Yes
84500,No
84501,Yes
84502,No
84503,Yes
84504,No
84505,No
84506,No
84507,No
84508,Yes
84509,No
84510,No
84511,Yes
84512,Yes
84513,No
84514,No
84515,No
84516,Yes
84517,Yes
84518,Yes
84519,No
84520,Yes
84521,No
84522,Yes
84523,No
84524,Yes
84525,No
84526,No
84527,Yes
84528,No
84529,Yes
84530,Yes
84531,Yes
84532,Yes
84533,No
84534,No
84535,Yes
84536,No
84537,Yes
84538,Yes
84539,Yes
84540,Yes
84541,Yes
84542,No
84543,No
84544,Yes
84545,No
84546,Yes
84547,No
84548,No
84549,No
84550,No
84551,Yes
84552,No
84553,Yes
84554,No
84555,Yes
84556,No
84557,No
84558,Yes
84559,Yes
84560,Yes
84561,Yes
84562,Yes
84563,Yes
84564,No
84565,Yes
84566,Yes
84567,Yes
84568,No
84569,No
84570,Yes
84571,Yes
84572,No
84573,Yes
84574,No
84575,Yes
84576,Yes
84577,No
84578,Yes
84579,Yes
84580,No
84581,Yes
84582,Yes
84583,Yes
84584,Yes
84585,No
84586,Yes
84587,No
84588,No
84589,Yes
84590,Yes
84591,Yes
84592,No
84593,Yes
84594,Yes
84595,No
84596,No
84597,No
84598,Yes
84599,Yes
84600,Yes
84601,No
84602,No
84603,Yes
84604,Yes
84605,Yes
84606,No
84607,Yes
84608,Yes
84609,No
84610,Yes
84611,Yes
84612,No
84613,No
84614,No
84615,Yes
84616,No
84617,Yes
84618,Yes
84619,No
84620,Yes
84621,Yes
84622,Yes
84623,Yes
84624,Yes
84625,No
84626,Yes
84627,No
84628,No
84629,Yes
84630,No
84631,No
84632,No
84633,Yes
84634,Yes
84635,No
84636,No
84637,Yes
84638,Yes
84639,Yes
84640,Yes
84641,No
84642,Yes
84643,No
84644,Yes
84645,Yes
84646,No
84647,Yes
84648,No
84649,No
84650,No
84651,No
84652,Yes
84653,Yes
84654,Yes
84655,Yes
84656,Yes
84657,Yes
84658,Yes
84659,Yes
84660,Yes
84661,No
84662,No
84663,Yes
84664,Yes
84665,No
84666,No
84667,No
84668,No
84669,No
84670,Yes
84671,Yes
84672,Yes
84673,No
84674,No
84675,Yes
84676,Yes
84677,Yes
84678,Yes
84679,Yes
84680,Yes
84681,Yes
84682,Yes
84683,No
84684,Yes
84685,Yes
84686,No
84687,No
84688,Yes
84689,Yes
84690,Yes
84691,No
84692,Yes
84693,No
84694,No
84695,Yes
84696,Yes
84697,No
84698,Yes
84699,Yes
84700,Yes
84701,No
84702,Yes
84703,No
84704,No
84705,Yes
84706,Yes
84707,Yes
84708,No
84709,No
84710,Yes
84711,Yes
84712,No
84713,Yes
84714,Yes
84715,No
84716,No
84717,Yes
84718,No
84719,No
84720,Yes
84721,Yes
84722,No
84723,Yes
84724,Yes
84725,Yes
84726,Yes
84727,Yes
84728,No
84729,Yes
84730,No
84731,No
84732,No
84733,No
84734,Yes
84735,Yes
84736,No
84737,Yes
84738,No
84739,No
84740,No
84741,Yes
84742,Yes
84743,Yes
84744,Yes
84745,No
84746,No
84747,No
84748,No
84749,Yes
84750,No
84751,No
84752,No
84753,Yes
84754,Yes
84755,No
84756,No
84757,No
84758,Yes
84759,Yes
84760,No
84761,Yes
84762,Yes
84763,Yes
84764,Yes
84765,No
84766,No
84767,Yes
84768,Yes
84769,Yes
84770,Yes
84771,No
84772,Yes
84773,Yes
84774,No
84775,Yes
84776,No
84777,Yes
84778,Yes
84779,No
84780,Yes
84781,Yes
84782,Yes
84783,Yes
84784,No
84785,Yes
84786,No
84787,Yes
84788,Yes
84789,No
84790,No
84791,Yes
84792,Yes
84793,No
84794,No
84795,Yes
84796,Yes
84797,No
84798,Yes
84799,No
84800,Yes
84801,Yes
84802,Yes
84803,Yes
84804,Yes
84805,No
84806,Yes
84807,Yes
84808,Yes
84809,No
84810,Yes
84811,No
84812,Yes
84813,Yes
84814,No
84815,Yes
84816,No
84817,Yes
84818,No
84819,No
84820,Yes
84821,No
84822,Yes
84823,No
84824,Yes
84825,Yes
84826,Yes
84827,No
84828,No
84829,No
84830,Yes
84831,Yes
84832,No
84833,Yes
84834,Yes
84835,No
84836,No
84837,Yes
84838,Yes
84839,No
84840,Yes
84841,Yes
84842,No
84843,Yes
84844,Yes
84845,Yes
84846,Yes
84847,No
84848,No
84849,Yes
84850,No
84851,Yes
84852,Yes
84853,No
84854,No
84855,Yes
84856,No
84857,Yes
84858,Yes
84859,Yes
84860,Yes
84861,Yes
84862,Yes
84863,No
84864,Yes
84865,No
84866,Yes
84867,Yes
84868,Yes
84869,No
84870,No
84871,No
84872,Yes
84873,Yes
84874,No
84875,Yes
84876,No
84877,No
84878,No
84879,Yes
84880,Yes
84881,Yes
84882,Yes
84883,Yes
84884,Yes
84885,Yes
84886,Yes
84887,Yes
84888,No
84889,No
84890,Yes
84891,Yes
84892,No
84893,No
84894,No
84895,No
84896,Yes
84897,Yes
84898,Yes
84899,Yes
84900,No
84901,Yes
84902,Yes
84903,Yes
84904,No
84905,No
84906,Yes
84907,No
84908,Yes
84909,Yes
84910,No
84911,Yes
84912,No
84913,Yes
84914,Yes
84915,No
84916,No
84917,No
84918,Yes
84919,Yes
84920,Yes
84921,No
84922,No
84923,No
84924,Yes
84925,No
84926,No
84927,Yes
84928,No
84929,No
84930,Yes
84931,Yes
84932,Yes
84933,Yes
84934,Yes
84935,Yes
84936,Yes
84937,Yes
84938,No
84939,Yes
84940,Yes
84941,Yes
84942,Yes
84943,Yes
84944,Yes
84945,Yes
84946,Yes
84947,No
84948,No
84949,Yes
84950,No
84951,No
84952,Yes
84953,Yes
84954,Yes
84955,No
84956,No
84957,Yes
84958,Yes
84959,Yes
84960,Yes
84961,Yes
84962,No
84963,Yes
84964,No
84965,Yes
84966,Yes
84967,No
84968,Yes
84969,Yes
84970,No
84971,No
84972,No
84973,Yes
84974,Yes
84975,No
84976,No
84977,Yes
84978,No
84979,No
84980,No
84981,No
84982,Yes
84983,No
84984,No
84985,Yes
84986,Yes
84987,Yes
84988,Yes
84989,No
84990,Yes
84991,Yes
84992,Yes
84993,Yes
84994,Yes
84995,Yes
84996,No
84997,Yes
84998,Yes
84999,Yes
85000,No
85001,No
85002,Yes
85003,No
85004,No
85005,No
85006,Yes
85007,Yes
85008,Yes
85009,Yes
85010,No
85011,No
85012,Yes
85013,Yes
85014,No
85015,Yes
85016,Yes
85017,Yes
85018,No
85019,No
85020,Yes
85021,Yes
85022,Yes
85023,No
85024,Yes
85025,Yes
85026,Yes
85027,Yes
85028,No
85029,Yes
85030,No
85031,Yes
85032,Yes
85033,No
85034,Yes
85035,No
85036,No
85037,Yes
85038,Yes
85039,Yes
85040,No
85041,Yes
85042,No
85043,Yes
85044,Yes
85045,No
85046,Yes
85047,No
85048,No
85049,Yes
85050,Yes
85051,No
85052,Yes
85053,Yes
85054,No
85055,No
85056,Yes
85057,Yes
85058,No
85059,No
85060,No
85061,Yes
85062,Yes
85063,Yes
85064,No
85065,Yes
85066,Yes
85067,No
85068,Yes
85069,No
85070,Yes
85071,Yes
85072,No
85073,No
85074,No
85075,No
85076,Yes
85077,No
85078,Yes
85079,Yes
85080,Yes
85081,Yes
85082,No
85083,No
85084,No
85085,Yes
85086,Yes
85087,Yes
85088,No
85089,No
85090,Yes
85091,Yes
85092,Yes
85093,Yes
85094,Yes
85095,Yes
85096,Yes
85097,Yes
85098,No
85099,Yes
85100,Yes
85101,No
85102,No
85103,No
85104,Yes
85105,Yes
85106,Yes
85107,No
85108,Yes
85109,Yes
85110,Yes
85111,Yes
85112,Yes
85113,Yes
85114,Yes
85115,No
85116,Yes
85117,No
85118,Yes
85119,No
85120,No
85121,No
85122,Yes
85123,No
85124,No
85125,No
85126,Yes
85127,Yes
85128,Yes
85129,Yes
85130,Yes
85131,Yes
85132,No
85133,No
85134,No
85135,Yes
85136,Yes
85137,No
85138,Yes
85139,Yes
85140,Yes
85141,Yes
85142,No
85143,No
85144,Yes
85145,Yes
85146,Yes
85147,No
85148,Yes
85149,Yes
85150,Yes
85151,Yes
85152,Yes
85153,Yes
85154,No
85155,No
85156,Yes
85157,Yes
85158,Yes
85159,Yes
85160,Yes
85161,No
85162,Yes
85163,No
85164,No
85165,Yes
85166,Yes
85167,No
85168,No
85169,Yes
85170,No
85171,Yes
85172,Yes
85173,No
85174,Yes
85175,Yes
85176,Yes
85177,Yes
85178,No
85179,Yes
85180,Yes
85181,Yes
85182,Yes
85183,Yes
85184,No
85185,No
85186,Yes
85187,Yes
85188,No
85189,Yes
85190,No
85191,No
85192,No
85193,No
85194,Yes
85195,No
85196,No
85197,Yes
85198,Yes
85199,No
85200,Yes
85201,No
85202,No
85203,Yes
85204,No
85205,No
85206,Yes
85207,No
85208,No
85209,Yes
85210,No
85211,Yes
85212,Yes
85213,Yes
85214,Yes
85215,Yes
85216,No
85217,No
85218,No
85219,No
85220,No
85221,Yes
85222,Yes
85223,Yes
85224,Yes
85225,No
85226,Yes
85227,Yes
85228,No
85229,No
85230,Yes
85231,Yes
85232,No
85233,Yes
85234,No
85235,Yes
85236,Yes
85237,Yes
85238,Yes
85239,No
85240,Yes
85241,No
85242,No
85243,Yes
85244,Yes
85245,Yes
85246,No
85247,No
85248,Yes
85249,Yes
85250,No
85251,Yes
85252,No
85253,No
85254,No
85255,No
85256,No
85257,Yes
85258,Yes
85259,No
85260,No
85261,No
85262,Yes
85263,No
85264,No
85265,Yes
85266,Yes
85267,No
85268,Yes
85269,No
85270,Yes
85271,Yes
85272,No
85273,No
85274,No
85275,No
85276,No
85277,Yes
85278,Yes
85279,Yes
85280,Yes
85281,Yes
85282,No
85283,Yes
85284,Yes
85285,Yes
85286,Yes
85287,No
85288,Yes
85289,Yes
85290,Yes
85291,Yes
85292,No
85293,No
85294,Yes
85295,Yes
85296,No
85297,No
85298,No
85299,Yes
85300,Yes
85301,No
85302,No
85303,No
85304,No
85305,No
85306,No
85307,Yes
85308,Yes
85309,Yes
85310,Yes
85311,Yes
85312,Yes
85313,Yes
85314,No
85315,Yes
85316,Yes
85317,Yes
85318,Yes
85319,Yes
85320,No
85321,Yes
85322,Yes
85323,Yes
85324,Yes
85325,No
85326,Yes
85327,Yes
85328,Yes
85329,Yes
85330,Yes
85331,Yes
85332,Yes
85333,No
85334,No
85335,No
85336,Yes
85337,No
85338,No
85339,Yes
85340,No
85341,Yes
85342,Yes
85343,No
85344,No
85345,No
85346,No
85347,No
85348,No
85349,No
85350,Yes
85351,No
85352,Yes
85353,No
85354,No
85355,Yes
85356,No
85357,No
85358,No
85359,Yes
85360,Yes
85361,Yes
85362,No
85363,Yes
85364,No
85365,Yes
85366,No
85367,No
85368,Yes
85369,Yes
85370,No
85371,Yes
85372,No
85373,No
85374,No
85375,Yes
85376,Yes
85377,No
85378,No
85379,Yes
85380,Yes
85381,No
85382,Yes
85383,Yes
85384,No
85385,Yes
85386,No
85387,Yes
85388,Yes
85389,Yes
85390,Yes
85391,Yes
85392,No
85393,Yes
85394,Yes
85395,Yes
85396,Yes
85397,Yes
85398,No
85399,No
85400,Yes
85401,Yes
85402,No
85403,No
85404,No
85405,Yes
85406,No
85407,No
85408,No
85409,Yes
85410,Yes
85411,Yes
85412,No
85413,Yes
85414,Yes
85415,No
85416,Yes
85417,No
85418,Yes
85419,Yes
85420,No
85421,Yes
85422,No
85423,Yes
85424,Yes
85425,No
85426,Yes
85427,No
85428,Yes
85429,No
85430,No
85431,No
85432,Yes
85433,No
85434,Yes
85435,No
85436,No
85437,Yes
85438,Yes
85439,Yes
85440,No
85441,No
85442,Yes
85443,Yes
85444,No
85445,No
85446,No
85447,No
85448,Yes
85449,Yes
85450,Yes
85451,No
85452,Yes
85453,Yes
85454,Yes
85455,Yes
85456,Yes
85457,Yes
85458,No
85459,No
85460,Yes
85461,Yes
85462,No
85463,No
85464,No
85465,No
85466,Yes
85467,No
85468,No
85469,Yes
85470,Yes
85471,No
85472,Yes
85473,Yes
85474,No
85475,Yes
85476,No
85477,Yes
85478,Yes
85479,Yes
85480,No
85481,Yes
85482,No
85483,Yes
85484,No
85485,Yes
85486,No
85487,Yes
85488,No
85489,Yes
85490,Yes
85491,No
85492,No
85493,No
85494,Yes
85495,Yes
85496,Yes
85497,Yes
85498,No
85499,No
85500,Yes
85501,No
85502,Yes
85503,No
85504,Yes
85505,Yes
85506,No
85507,Yes
85508,No
85509,Yes
85510,No
85511,Yes
85512,Yes
85513,Yes
85514,No
85515,No
85516,Yes
85517,Yes
85518,Yes
85519,Yes
85520,No
85521,Yes
85522,Yes
85523,No
85524,Yes
85525,No
85526,No
85527,No
85528,Yes
85529,No
85530,Yes
85531,No
85532,Yes
85533,No
85534,Yes
85535,Yes
85536,Yes
85537,No
85538,Yes
85539,Yes
85540,No
85541,No
85542,No
85543,Yes
85544,No
85545,No
85546,No
85547,No
85548,No
85549,No
85550,No
85551,Yes
85552,Yes
85553,Yes
85554,Yes
85555,No
85556,No
85557,No
85558,Yes
85559,No
85560,No
85561,Yes
85562,Yes
85563,No
85564,No
85565,Yes
85566,Yes
85567,Yes
85568,Yes
85569,Yes
85570,No
85571,Yes
85572,No
85573,Yes
85574,Yes
85575,Yes
85576,Yes
85577,No
85578,No
85579,Yes
85580,Yes
85581,Yes
85582,Yes
85583,Yes
85584,Yes
85585,Yes
85586,Yes
85587,Yes
85588,Yes
85589,Yes
85590,Yes
85591,Yes
85592,No
85593,Yes
85594,Yes
85595,No
85596,Yes
85597,Yes
85598,Yes
85599,Yes
85600,No
85601,Yes
85602,Yes
85603,No
85604,No
85605,No
85606,Yes
85607,No
85608,No
85609,Yes
85610,Yes
85611,No
85612,Yes
85613,Yes
85614,Yes
85615,Yes
85616,No
85617,No
85618,No
85619,Yes
85620,Yes
85621,Yes
85622,Yes
85623,No
85624,No
85625,No
85626,Yes
85627,Yes
85628,Yes
85629,Yes
85630,Yes
85631,Yes
85632,No
85633,Yes
85634,No
85635,No
85636,Yes
85637,Yes
85638,Yes
85639,Yes
85640,Yes
85641,No
85642,Yes
85643,Yes
85644,Yes
85645,Yes
85646,Yes
85647,No
85648,No
85649,No
85650,No
85651,Yes
85652,No
85653,Yes
85654,No
85655,Yes
85656,Yes
85657,Yes
85658,Yes
85659,Yes
85660,Yes
85661,Yes
85662,No
85663,No
85664,Yes
85665,Yes
85666,No
85667,Yes
85668,No
85669,No
85670,Yes
85671,No
85672,No
85673,Yes
85674,No
85675,No
85676,Yes
85677,No
85678,No
85679,Yes
85680,Yes
85681,No
85682,No
85683,Yes
85684,No
85685,No
85686,Yes
85687,Yes
85688,Yes
85689,Yes
85690,Yes
85691,Yes
85692,No
85693,Yes
85694,No
85695,Yes
85696,Yes
85697,No
85698,No
85699,Yes
85700,Yes
85701,No
85702,Yes
85703,No
85704,No
85705,No
85706,Yes
85707,No
85708,No
85709,Yes
85710,Yes
85711,Yes
85712,Yes
85713,No
85714,No
85715,Yes
85716,No
85717,No
85718,Yes
85719,Yes
85720,No
85721,No
85722,No
85723,No
85724,No
85725,No
85726,Yes
85727,Yes
85728,No
85729,No
85730,Yes
85731,Yes
85732,No
85733,Yes
85734,No
85735,Yes
85736,Yes
85737,No
85738,No
85739,Yes
85740,Yes
85741,Yes
85742,No
85743,Yes
85744,No
85745,Yes
85746,Yes
85747,No
85748,No
85749,No
85750,Yes
85751,Yes
85752,No
85753,No
85754,No
85755,No
85756,Yes
85757,No
85758,No
85759,Yes
85760,Yes
85761,No
85762,No
85763,Yes
85764,No
85765,Yes
85766,No
85767,Yes
85768,Yes
85769,Yes
85770,No
85771,Yes
85772,Yes
85773,Yes
85774,Yes
85775,No
85776,Yes
85777,No
85778,No
85779,No
85780,Yes
85781,Yes
85782,Yes
85783,No
85784,Yes
85785,Yes
85786,Yes
85787,Yes
85788,No
85789,Yes
85790,Yes
85791,Yes
85792,No
85793,Yes
85794,Yes
85795,Yes
85796,Yes
85797,Yes
85798,Yes
85799,No
85800,Yes
85801,No
85802,Yes
85803,No
85804,Yes
85805,No
85806,No
85807,Yes
85808,Yes
85809,No
85810,No
85811,Yes
85812,No
85813,Yes
85814,Yes
85815,Yes
85816,No
85817,No
85818,Yes
85819,No
85820,Yes
85821,No
85822,Yes
85823,Yes
85824,No
85825,Yes
85826,No
85827,Yes
85828,No
85829,No
85830,Yes
85831,Yes
85832,No
85833,No
85834,No
85835,Yes
85836,Yes
85837,No
85838,No
85839,No
85840,Yes
85841,No
85842,No
85843,Yes
85844,No
85845,Yes
85846,No
85847,No
85848,Yes
85849,No
85850,Yes
85851,Yes
85852,No
85853,No
85854,No
85855,No
85856,No
85857,Yes
85858,Yes
85859,No
85860,No
85861,No
85862,Yes
85863,Yes
85864,Yes
85865,Yes
85866,Yes
85867,No
85868,Yes
85869,Yes
85870,No
85871,No
85872,Yes
85873,Yes
85874,Yes
85875,No
85876,Yes
85877,No
85878,Yes
85879,Yes
85880,Yes
85881,Yes
85882,Yes
85883,No
85884,Yes
85885,Yes
85886,Yes
85887,Yes
85888,No
85889,No
85890,No
85891,No
85892,No
85893,No
85894,No
85895,Yes
85896,No
85897,Yes
85898,No
85899,Yes
85900,Yes
85901,Yes
85902,Yes
85903,Yes
85904,No
85905,Yes
85906,Yes
85907,Yes
85908,No
85909,Yes
85910,Yes
85911,Yes
85912,Yes
85913,Yes
85914,Yes
85915,No
85916,Yes
85917,Yes
85918,No
85919,Yes
85920,Yes
85921,Yes
85922,No
85923,No
85924,No
85925,Yes
85926,Yes
85927,No
85928,Yes
85929,Yes
85930,Yes
85931,Yes
85932,Yes
85933,Yes
85934,Yes
85935,Yes
85936,No
85937,Yes
85938,Yes
85939,Yes
85940,Yes
85941,No
85942,No
85943,Yes
85944,No
85945,No
85946,Yes
85947,Yes
85948,Yes
85949,Yes
85950,Yes
85951,Yes
85952,Yes
85953,No
85954,No
85955,No
85956,No
85957,No
85958,Yes
85959,Yes
85960,Yes
85961,Yes
85962,Yes
85963,No
85964,Yes
85965,No
85966,Yes
85967,No
85968,Yes
85969,Yes
85970,No
85971,Yes
85972,Yes
85973,Yes
85974,No
85975,No
85976,No
85977,Yes
85978,No
85979,Yes
85980,Yes
85981,No
85982,Yes
85983,Yes
85984,Yes
85985,Yes
85986,No
85987,Yes
85988,Yes
85989,Yes
85990,No
85991,No
85992,Yes
85993,Yes
85994,Yes
85995,No
85996,Yes
85997,Yes
85998,Yes
85999,Yes
86000,Yes
86001,No
86002,No
86003,Yes
86004,No
86005,No
86006,No
86007,Yes
86008,Yes
86009,Yes
86010,No
86011,No
86012,No
86013,Yes
86014,No
86015,No
86016,Yes
86017,No
86018,Yes
86019,Yes
86020,No
86021,Yes
86022,Yes
86023,No
86024,No
86025,No
86026,No
86027,No
86028,Yes
86029,No
86030,No
86031,Yes
86032,Yes
86033,Yes
86034,Yes
86035,No
86036,Yes
86037,Yes
86038,Yes
86039,No
86040,Yes
86041,Yes
86042,No
86043,No
86044,No
86045,Yes
86046,Yes
86047,Yes
86048,Yes
86049,Yes
86050,No
86051,No
86052,Yes
86053,Yes
86054,Yes
86055,Yes
86056,No
86057,Yes
86058,Yes
86059,Yes
86060,No
86061,Yes
86062,No
86063,No
86064,No
86065,No
86066,No
86067,No
86068,Yes
86069,Yes
86070,Yes
86071,No
86072,No
86073,No
86074,Yes
86075,No
86076,Yes
86077,No
86078,No
86079,Yes
86080,No
86081,Yes
86082,Yes
86083,No
86084,Yes
86085,Yes
86086,No
86087,No
86088,Yes
86089,No
86090,Yes
86091,No
86092,No
86093,Yes
86094,No
86095,Yes
86096,No
86097,No
86098,No
86099,Yes
86100,No
86101,Yes
86102,Yes
86103,Yes
86104,Yes
86105,No
86106,No
86107,Yes
86108,Yes
86109,No
86110,No
86111,No
86112,No
86113,No
86114,No
86115,No
86116,Yes
86117,No
86118,Yes
86119,No
86120,Yes
86121,No
86122,Yes
86123,No
86124,No
86125,Yes
86126,No
86127,No
86128,No
86129,No
86130,Yes
86131,Yes
86132,Yes
86133,No
86134,No
86135,No
86136,Yes
86137,No
86138,No
86139,No
86140,Yes
86141,No
86142,Yes
86143,Yes
86144,Yes
86145,No
86146,No
86147,Yes
86148,No
86149,Yes
86150,No
86151,Yes
86152,Yes
86153,No
86154,Yes
86155,No
86156,Yes
86157,Yes
86158,Yes
86159,Yes
86160,Yes
86161,Yes
86162,Yes
86163,No
86164,No
86165,Yes
86166,Yes
86167,Yes
86168,No
86169,Yes
86170,No
86171,No
86172,No
86173,No
86174,No
86175,No
86176,No
86177,Yes
86178,Yes
86179,No
86180,Yes
86181,No
86182,No
86183,No
86184,Yes
86185,Yes
86186,Yes
86187,Yes
86188,Yes
86189,Yes
86190,Yes
86191,No
86192,Yes
86193,No
86194,Yes
86195,Yes
86196,Yes
86197,Yes
86198,No
86199,No
86200,Yes
86201,Yes
86202,Yes
86203,No
86204,Yes
86205,Yes
86206,No
86207,Yes
86208,Yes
86209,Yes
86210,No
86211,Yes
86212,Yes
86213,Yes
86214,No
86215,Yes
86216,No
86217,No
86218,Yes
86219,Yes
86220,No
86221,Yes
86222,No
86223,Yes
86224,No
86225,No
86226,No
86227,Yes
86228,Yes
86229,No
86230,No
86231,No
86232,Yes
86233,Yes
86234,Yes
86235,Yes
86236,Yes
86237,Yes
86238,No
86239,No
86240,Yes
86241,No
86242,Yes
86243,Yes
86244,No
86245,Yes
86246,Yes
86247,No
86248,Yes
86249,Yes
86250,No
86251,Yes
86252,Yes
86253,Yes
86254,Yes
86255,Yes
86256,No
86257,No
86258,No
86259,No
86260,No
86261,No
86262,Yes
86263,Yes
86264,Yes
86265,No
86266,Yes
86267,No
86268,Yes
86269,Yes
86270,Yes
86271,Yes
86272,No
86273,Yes
86274,No
86275,Yes
86276,Yes
86277,Yes
86278,No
86279,Yes
86280,No
86281,Yes
86282,Yes
86283,No
86284,No
86285,Yes
86286,No
86287,No
86288,No
86289,No
86290,No
86291,Yes
86292,No
86293,Yes
86294,No
86295,No
86296,No
86297,No
86298,Yes
86299,No
86300,Yes
86301,Yes
86302,No
86303,No
86304,No
86305,Yes
86306,No
86307,Yes
86308,Yes
86309,No
86310,Yes
86311,Yes
86312,Yes
86313,No
86314,Yes
86315,Yes
86316,Yes
86317,No
86318,Yes
86319,Yes
86320,Yes
86321,Yes
86322,No
86323,No
86324,No
86325,No
86326,No
86327,No
86328,Yes
86329,No
86330,No
86331,Yes
86332,No
86333,Yes
86334,Yes
86335,Yes
86336,Yes
86337,Yes
86338,No
86339,Yes
86340,No
86341,No
86342,Yes
86343,No
86344,Yes
86345,No
86346,Yes
86347,No
86348,No
86349,No
86350,Yes
86351,Yes
86352,Yes
86353,No
86354,No
86355,Yes
86356,Yes
86357,No
86358,No
86359,Yes
86360,Yes
86361,No
86362,Yes
86363,Yes
86364,No
86365,No
86366,Yes
86367,Yes
86368,No
86369,Yes
86370,Yes
86371,Yes
86372,Yes
86373,Yes
86374,Yes
86375,Yes
86376,Yes
86377,Yes
86378,No
86379,Yes
86380,Yes
86381,Yes
86382,No
86383,No
86384,No
86385,No
86386,Yes
86387,Yes
86388,No
86389,Yes
86390,No
86391,Yes
86392,Yes
86393,Yes
86394,Yes
86395,No
86396,No
86397,Yes
86398,Yes
86399,No
86400,Yes
86401,Yes
86402,Yes
86403,Yes
86404,No
86405,Yes
86406,Yes
86407,Yes
86408,No
86409,Yes
86410,Yes
86411,No
86412,Yes
86413,No
86414,Yes
86415,Yes
86416,Yes
86417,No
86418,Yes
86419,No
86420,No
86421,No
86422,Yes
86423,Yes
86424,Yes
86425,No
86426,Yes
86427,Yes
86428,No
86429,Yes
86430,No
86431,No
86432,No
86433,Yes
86434,Yes
86435,Yes
86436,No
86437,Yes
86438,No
86439,No
86440,Yes
86441,No
86442,Yes
86443,No
86444,No
86445,No
86446,No
86447,Yes
86448,Yes
86449,No
86450,No
86451,Yes
86452,Yes
86453,No
86454,Yes
86455,No
86456,No
86457,Yes
86458,No
86459,Yes
86460,No
86461,Yes
86462,Yes
86463,Yes
86464,No
86465,Yes
86466,Yes
86467,Yes
86468,Yes
86469,Yes
86470,Yes
86471,Yes
86472,Yes
86473,Yes
86474,Yes
86475,Yes
86476,No
86477,No
86478,Yes
86479,Yes
86480,Yes
86481,Yes
86482,No
86483,No
86484,Yes
86485,Yes
86486,Yes
86487,Yes
86488,Yes
86489,No
86490,No
86491,Yes
86492,Yes
86493,No
86494,Yes
86495,No
86496,No
86497,Yes
86498,No
86499,Yes
86500,Yes
86501,Yes
86502,No
86503,No
86504,Yes
86505,No
86506,Yes
86507,No
86508,Yes
86509,Yes
86510,No
86511,Yes
86512,No
86513,No
86514,Yes
86515,Yes
86516,Yes
86517,Yes
86518,No
86519,No
86520,Yes
86521,No
86522,No
86523,No
86524,Yes
86525,No
86526,Yes
86527,Yes
86528,Yes
86529,Yes
86530,Yes
86531,No
86532,Yes
86533,No
86534,No
86535,No
86536,No
86537,No
86538,Yes
86539,Yes
86540,No
86541,No
86542,Yes
86543,Yes
86544,Yes
86545,No
86546,Yes
86547,Yes
86548,Yes
86549,Yes
86550,Yes
86551,No
86552,Yes
86553,No
86554,Yes
86555,Yes
86556,Yes
86557,Yes
86558,Yes
86559,No
86560,No
86561,Yes
86562,Yes
86563,Yes
86564,No
86565,Yes
86566,Yes
86567,No
86568,Yes
86569,No
86570,Yes
86571,Yes
86572,Yes
86573,Yes
86574,Yes
86575,Yes
86576,No
86577,No
86578,Yes
86579,No
86580,Yes
86581,Yes
86582,No
86583,Yes
86584,No
86585,Yes
86586,Yes
86587,Yes
86588,Yes
86589,Yes
86590,Yes
86591,No
86592,No
86593,No
86594,No
86595,No
86596,No
86597,No
86598,No
86599,No
86600,No
86601,No
86602,Yes
86603,Yes
86604,No
86605,No
86606,Yes
86607,No
86608,Yes
86609,No
86610,No
86611,Yes
86612,No
86613,Yes
86614,Yes
86615,Yes
86616,Yes
86617,No
86618,No
86619,Yes
86620,Yes
86621,No
86622,No
86623,Yes
86624,No
86625,Yes
86626,Yes
86627,Yes
86628,No
86629,No
86630,Yes
86631,No
86632,Yes
86633,Yes
86634,Yes
86635,No
86636,No
86637,No
86638,No
86639,Yes
86640,Yes
86641,Yes
86642,Yes
86643,Yes
86644,Yes
86645,No
86646,No
86647,No
86648,Yes
86649,No
86650,No
86651,Yes
86652,Yes
86653,Yes
86654,No
86655,Yes
86656,No
86657,Yes
86658,Yes
86659,Yes
86660,No
86661,Yes
86662,No
86663,No
86664,Yes
86665,No
86666,No
86667,Yes
86668,No
86669,Yes
86670,Yes
86671,Yes
86672,No
86673,Yes
86674,No
86675,Yes
86676,Yes
86677,No
86678,No
86679,Yes
86680,No
86681,Yes
86682,Yes
86683,No
86684,No
86685,Yes
86686,No
86687,No
86688,Yes
86689,No
86690,No
86691,No
86692,No
86693,No
86694,Yes
86695,Yes
86696,Yes
86697,Yes
86698,Yes
86699,Yes
86700,No
86701,Yes
86702,No
86703,No
86704,Yes
86705,Yes
86706,Yes
86707,No
86708,Yes
86709,No
86710,Yes
86711,Yes
86712,Yes
86713,Yes
86714,Yes
86715,Yes
86716,No
86717,No
86718,No
86719,No
86720,No
86721,Yes
86722,Yes
86723,No
86724,No
86725,No
86726,No
86727,Yes
86728,Yes
86729,Yes
86730,No
86731,No
86732,Yes
86733,No
86734,Yes
86735,Yes
86736,Yes
86737,Yes
86738,No
86739,Yes
86740,No
86741,No
86742,Yes
86743,Yes
86744,No
86745,No
86746,Yes
86747,Yes
86748,No
86749,Yes
86750,Yes
86751,No
86752,Yes
86753,Yes
86754,No
86755,Yes
86756,Yes
86757,Yes
86758,Yes
86759,Yes
86760,Yes
86761,Yes
86762,No
86763,No
86764,No
86765,Yes
86766,No
86767,No
86768,Yes
86769,No
86770,No
86771,Yes
86772,Yes
86773,Yes
86774,Yes
86775,Yes
86776,Yes
86777,No
86778,Yes
86779,No
86780,No
86781,No
86782,No
86783,Yes
86784,Yes
86785,Yes
86786,Yes
86787,No
86788,No
86789,No
86790,No
86791,No
86792,Yes
86793,Yes
86794,Yes
86795,Yes
86796,Yes
86797,Yes
86798,No
86799,No
86800,Yes
86801,No
86802,No
86803,Yes
86804,No
86805,No
86806,No
86807,No
86808,Yes
86809,Yes
86810,Yes
86811,No
86812,No
86813,No
86814,No
86815,Yes
86816,Yes
86817,No
86818,Yes
86819,Yes
86820,Yes
86821,Yes
86822,No
86823,No
86824,No
86825,Yes
86826,No
86827,No
86828,Yes
86829,Yes
86830,No
86831,Yes
86832,Yes
86833,No
86834,Yes
86835,Yes
86836,No
86837,No
86838,No
86839,Yes
86840,No
86841,Yes
86842,No
86843,Yes
86844,No
86845,Yes
86846,Yes
86847,Yes
86848,Yes
86849,Yes
86850,No
86851,No
86852,No
86853,Yes
86854,Yes
86855,No
86856,No
86857,No
86858,No
86859,Yes
86860,Yes
86861,No
86862,Yes
86863,No
86864,Yes
86865,Yes
86866,No
86867,Yes
86868,Yes
86869,No
86870,Yes
86871,No
86872,Yes
86873,Yes
86874,No
86875,No
86876,No
86877,Yes
86878,Yes
86879,No
86880,Yes
86881,No
86882,Yes
86883,No
86884,Yes
86885,Yes
86886,Yes
86887,No
86888,No
86889,Yes
86890,No
86891,Yes
86892,Yes
86893,No
86894,No
86895,No
86896,Yes
86897,No
86898,No
86899,No
86900,Yes
86901,No
86902,No
86903,No
86904,No
86905,Yes
86906,No
86907,Yes
86908,No
86909,No
86910,No
86911,No
86912,No
86913,No
86914,Yes
86915,Yes
86916,No
86917,Yes
86918,No
86919,No
86920,Yes
86921,Yes
86922,Yes
86923,No
86924,No
86925,Yes
86926,Yes
86927,No
86928,Yes
86929,Yes
86930,Yes
86931,Yes
86932,No
86933,No
86934,Yes
86935,No
86936,No
86937,Yes
86938,Yes
86939,No
86940,Yes
86941,No
86942,Yes
86943,Yes
86944,Yes
86945,No
86946,Yes
86947,Yes
86948,Yes
86949,Yes
86950,Yes
86951,Yes
86952,Yes
86953,Yes
86954,No
86955,No
86956,No
86957,No
86958,No
86959,Yes
86960,No
86961,Yes
86962,Yes
86963,Yes
86964,Yes
86965,Yes
86966,Yes
86967,Yes
86968,No
86969,Yes
86970,No
86971,No
86972,No
86973,Yes
86974,No
86975,No
86976,No
86977,Yes
86978,Yes
86979,No
86980,Yes
86981,Yes
86982,Yes
86983,No
86984,No
86985,Yes
86986,Yes
86987,No
86988,Yes
86989,Yes
86990,Yes
86991,Yes
86992,No
86993,No
86994,Yes
86995,Yes
86996,Yes
86997,Yes
86998,Yes
86999,Yes
87000,Yes
87001,Yes
87002,No
87003,No
87004,Yes
87005,Yes
87006,Yes
87007,No
87008,No
87009,Yes
87010,Yes
87011,Yes
87012,No
87013,No
87014,Yes
87015,Yes
87016,Yes
87017,No
87018,Yes
87019,No
87020,No
87021,Yes
87022,Yes
87023,No
87024,No
87025,No
87026,Yes
87027,Yes
87028,Yes
87029,Yes
87030,No
87031,Yes
87032,No
87033,No
87034,Yes
87035,Yes
87036,No
87037,No
87038,No
87039,Yes
87040,Yes
87041,No
87042,Yes
87043,No
87044,No
87045,Yes
87046,Yes
87047,Yes
87048,No
87049,No
87050,No
87051,No
87052,No
87053,Yes
87054,Yes
87055,Yes
87056,Yes
87057,No
87058,Yes
87059,Yes
87060,Yes
87061,Yes
87062,Yes
87063,No
87064,No
87065,Yes
87066,Yes
87067,Yes
87068,No
87069,No
87070,Yes
87071,No
87072,No
87073,No
87074,No
87075,No
87076,Yes
87077,Yes
87078,Yes
87079,Yes
87080,Yes
87081,No
87082,No
87083,Yes
87084,Yes
87085,No
87086,Yes
87087,Yes
87088,Yes
87089,No
87090,No
87091,No
87092,Yes
87093,No
87094,Yes
87095,Yes
87096,No
87097,No
87098,No
87099,No
87100,Yes
87101,No
87102,Yes
87103,Yes
87104,No
87105,Yes
87106,No
87107,Yes
87108,Yes
87109,Yes
87110,No
87111,No
87112,Yes
87113,Yes
87114,Yes
87115,Yes
87116,No
87117,No
87118,No
87119,No
87120,No
87121,No
87122,No
87123,Yes
87124,Yes
87125,Yes
87126,Yes
87127,Yes
87128,Yes
87129,No
87130,No
87131,No
87132,No
87133,Yes
87134,No
87135,Yes
87136,Yes
87137,Yes
87138,No
87139,No
87140,Yes
87141,No
87142,No
87143,Yes
87144,Yes
87145,No
87146,No
87147,No
87148,No
87149,No
87150,Yes
87151,Yes
87152,Yes
87153,Yes
87154,No
87155,No
87156,Yes
87157,Yes
87158,Yes
87159,Yes
87160,No
87161,Yes
87162,No
87163,No
87164,Yes
87165,Yes
87166,Yes
87167,Yes
87168,Yes
87169,Yes
87170,Yes
87171,Yes
87172,No
87173,Yes
87174,Yes
87175,Yes
87176,No
87177,No
87178,No
87179,No
87180,Yes
87181,Yes
87182,Yes
87183,No
87184,Yes
87185,Yes
87186,Yes
87187,No
87188,Yes
87189,No
87190,No
87191,Yes
87192,Yes
87193,Yes
87194,Yes
87195,No
87196,No
87197,No
87198,No
87199,No
87200,Yes
87201,Yes
87202,No
87203,No
87204,No
87205,Yes
87206,No
87207,No
87208,No
87209,No
87210,Yes
87211,Yes
87212,Yes
87213,No
87214,Yes
87215,Yes
87216,Yes
87217,Yes
87218,No
87219,No
87220,Yes
87221,No
87222,No
87223,No
87224,Yes
87225,No
87226,Yes
87227,No
87228,No
87229,No
87230,Yes
87231,No
87232,Yes
87233,Yes
87234,Yes
87235,Yes
87236,No
87237,Yes
87238,No
87239,Yes
87240,Yes
87241,Yes
87242,Yes
87243,No
87244,Yes
87245,No
87246,Yes
87247,Yes
87248,Yes
87249,No
87250,Yes
87251,Yes
87252,Yes
87253,Yes
87254,Yes
87255,Yes
87256,No
87257,Yes
87258,Yes
87259,Yes
87260,No
87261,Yes
87262,No
87263,Yes
87264,No
87265,No
87266,Yes
87267,Yes
87268,Yes
87269,Yes
87270,No
87271,Yes
87272,Yes
87273,Yes
87274,Yes
87275,Yes
87276,Yes
87277,Yes
87278,Yes
87279,Yes
87280,No
87281,No
87282,No
87283,Yes
87284,No
87285,Yes
87286,No
87287,Yes
87288,Yes
87289,Yes
87290,No
87291,No
87292,Yes
87293,Yes
87294,Yes
87295,Yes
87296,Yes
87297,Yes
87298,Yes
87299,Yes
87300,Yes
87301,Yes
87302,No
87303,No
87304,Yes
87305,No
87306,Yes
87307,No
87308,No
87309,No
87310,Yes
87311,Yes
87312,Yes
87313,No
87314,Yes
87315,No
87316,No
87317,No
87318,Yes
87319,Yes
87320,Yes
87321,Yes
87322,Yes
87323,Yes
87324,Yes
87325,Yes
87326,Yes
87327,No
87328,No
87329,Yes
87330,No
87331,Yes
87332,No
87333,No
87334,Yes
87335,No
87336,No
87337,Yes
87338,Yes
87339,Yes
87340,Yes
87341,Yes
87342,No
87343,Yes
87344,Yes
87345,Yes
87346,No
87347,Yes
87348,No
87349,Yes
87350,Yes
87351,Yes
87352,No
87353,Yes
87354,Yes
87355,Yes
87356,Yes
87357,No
87358,Yes
87359,Yes
87360,No
87361,Yes
87362,No
87363,Yes
87364,Yes
87365,Yes
87366,Yes
87367,No
87368,Yes
87369,Yes
87370,Yes
87371,Yes
87372,Yes
87373,Yes
87374,No
87375,No
87376,No
87377,Yes
87378,Yes
87379,No
87380,Yes
87381,Yes
87382,No
87383,Yes
87384,Yes
87385,No
87386,No
87387,No
87388,Yes
87389,Yes
87390,No
87391,Yes
87392,Yes
87393,No
87394,No
87395,Yes
87396,Yes
87397,Yes
87398,No
87399,Yes
87400,No
87401,No
87402,No
87403,Yes
87404,Yes
87405,Yes
87406,Yes
87407,Yes
87408,Yes
87409,No
87410,Yes
87411,Yes
87412,Yes
87413,No
87414,No
87415,Yes
87416,No
87417,No
87418,No
87419,No
87420,No
87421,No
87422,No
87423,No
87424,Yes
87425,Yes
87426,No
87427,Yes
87428,Yes
87429,Yes
87430,Yes
87431,Yes
87432,Yes
87433,No
87434,Yes
87435,No
87436,Yes
87437,No
87438,Yes
87439,No
87440,Yes
87441,No
87442,No
87443,No
87444,No
87445,No
87446,No
87447,No
87448,Yes
87449,Yes
87450,Yes
87451,No
87452,Yes
87453,No
87454,Yes
87455,No
87456,No
87457,Yes
87458,Yes
87459,Yes
87460,Yes
87461,Yes
87462,Yes
87463,Yes
87464,Yes
87465,Yes
87466,Yes
87467,Yes
87468,Yes
87469,Yes
87470,No
87471,Yes
87472,Yes
87473,No
87474,No
87475,Yes
87476,No
87477,No
87478,No
87479,No
87480,No
87481,Yes
87482,Yes
87483,No
87484,Yes
87485,Yes
87486,No
87487,Yes
87488,Yes
87489,Yes
87490,No
87491,No
87492,Yes
87493,No
87494,Yes
87495,Yes
87496,No
87497,No
87498,Yes
87499,No
87500,No
87501,No
87502,No
87503,Yes
87504,Yes
87505,Yes
87506,Yes
87507,Yes
87508,Yes
87509,Yes
87510,Yes
87511,No
87512,Yes
87513,Yes
87514,Yes
87515,No
87516,Yes
87517,No
87518,Yes
87519,Yes
87520,No
87521,No
87522,No
87523,Yes
87524,Yes
87525,No
87526,Yes
87527,Yes
87528,Yes
87529,No
87530,Yes
87531,No
87532,Yes
87533,Yes
87534,Yes
87535,Yes
87536,Yes
87537,Yes
87538,No
87539,No
87540,No
87541,Yes
87542,No
87543,No
87544,No
87545,No
87546,No
87547,No
87548,Yes
87549,Yes
87550,Yes
87551,Yes
87552,Yes
87553,Yes
87554,No
87555,No
87556,No
87557,Yes
87558,Yes
87559,Yes
87560,Yes
87561,Yes
87562,Yes
87563,Yes
87564,Yes
87565,No
87566,Yes
87567,No
87568,No
87569,No
87570,No
87571,No
87572,Yes
87573,Yes
87574,No
87575,Yes
87576,Yes
87577,Yes
87578,Yes
87579,Yes
87580,Yes
87581,No
87582,Yes
87583,No
87584,Yes
87585,Yes
87586,No
87587,Yes
87588,No
87589,Yes
87590,No
87591,Yes
87592,Yes
87593,No
87594,Yes
87595,Yes
87596,No
87597,Yes
87598,No
87599,Yes
87600,No
87601,Yes
87602,Yes
87603,Yes
87604,No
87605,Yes
87606,No
87607,Yes
87608,Yes
87609,Yes
87610,No
87611,No
87612,Yes
87613,Yes
87614,No
87615,Yes
87616,Yes
87617,No
87618,Yes
87619,Yes
87620,Yes
87621,No
87622,No
87623,Yes
87624,Yes
87625,Yes
87626,Yes
87627,Yes
87628,No
87629,Yes
87630,Yes
87631,No
87632,No
87633,Yes
87634,No
87635,Yes
87636,No
87637,Yes
87638,Yes
87639,Yes
87640,Yes
87641,Yes
87642,Yes
87643,Yes
87644,Yes
87645,Yes
87646,Yes
87647,Yes
87648,Yes
87649,Yes
87650,No
87651,Yes
87652,Yes
87653,Yes
87654,No
87655,Yes
87656,No
87657,Yes
87658,Yes
87659,No
87660,No
87661,Yes
87662,Yes
87663,Yes
87664,Yes
87665,Yes
87666,Yes
87667,No
87668,No
87669,No
87670,Yes
87671,Yes
87672,Yes
87673,Yes
87674,No
87675,No
87676,Yes
87677,No
87678,Yes
87679,No
87680,No
87681,Yes
87682,Yes
87683,No
87684,Yes
87685,No
87686,Yes
87687,Yes
87688,Yes
87689,Yes
87690,Yes
87691,Yes
87692,No
87693,No
87694,Yes
87695,No
87696,Yes
87697,No
87698,Yes
87699,Yes
87700,No
87701,Yes
87702,Yes
87703,Yes
87704,Yes
87705,No
87706,Yes
87707,Yes
87708,Yes
87709,Yes
87710,No
87711,Yes
87712,Yes
87713,No
87714,No
87715,No
87716,No
87717,No
87718,No
87719,No
87720,No
87721,Yes
87722,Yes
87723,Yes
87724,No
87725,Yes
87726,Yes
87727,No
87728,Yes
87729,No
87730,Yes
87731,Yes
87732,Yes
87733,Yes
87734,Yes
87735,No
87736,Yes
87737,Yes
87738,Yes
87739,No
87740,Yes
87741,Yes
87742,Yes
87743,Yes
87744,Yes
87745,Yes
87746,Yes
87747,Yes
87748,No
87749,No
87750,No
87751,Yes
87752,Yes
87753,Yes
87754,Yes
87755,No
87756,No
87757,Yes
87758,Yes
87759,Yes
87760,Yes
87761,No
87762,Yes
87763,No
87764,Yes
87765,No
87766,Yes
87767,Yes
87768,No
87769,Yes
87770,Yes
87771,Yes
87772,Yes
87773,No
87774,No
87775,No
87776,No
87777,No
87778,Yes
87779,Yes
87780,No
87781,No
87782,Yes
87783,Yes
87784,Yes
87785,Yes
87786,Yes
87787,Yes
87788,No
87789,Yes
87790,Yes
87791,Yes
87792,No
87793,No
87794,Yes
87795,Yes
87796,Yes
87797,Yes
87798,Yes
87799,No
87800,Yes
87801,No
87802,Yes
87803,Yes
87804,Yes
87805,Yes
87806,Yes
87807,No
87808,No
87809,No
87810,Yes
87811,No
87812,Yes
87813,No
87814,No
87815,Yes
87816,No
87817,Yes
87818,Yes
87819,No
87820,No
87821,Yes
87822,No
87823,No
87824,Yes
87825,Yes
87826,No
87827,No
87828,Yes
87829,No
87830,No
87831,No
87832,No
87833,No
87834,Yes
87835,Yes
87836,No
87837,No
87838,No
87839,Yes
87840,No
87841,Yes
87842,No
87843,Yes
87844,No
87845,No
87846,Yes
87847,No
87848,Yes
87849,Yes
87850,No
87851,No
87852,No
87853,No
87854,Yes
87855,No
87856,No
87857,Yes
87858,Yes
87859,Yes
87860,Yes
87861,Yes
87862,Yes
87863,No
87864,No
87865,No
87866,No
87867,No
87868,Yes
87869,Yes
87870,No
87871,No
87872,Yes
87873,No
87874,Yes
87875,Yes
87876,Yes
87877,No
87878,Yes
87879,No
87880,No
87881,Yes
87882,No
87883,Yes
87884,Yes
87885,No
87886,No
87887,Yes
87888,Yes
87889,Yes
87890,Yes
87891,Yes
87892,No
87893,No
87894,No
87895,Yes
87896,No
87897,No
87898,No
87899,No
87900,Yes
87901,No
87902,Yes
87903,No
87904,No
87905,No
87906,No
87907,Yes
87908,No
87909,Yes
87910,Yes
87911,No
87912,Yes
87913,No
87914,No
87915,No
87916,Yes
87917,No
87918,Yes
87919,No
87920,Yes
87921,Yes
87922,Yes
87923,Yes
87924,Yes
87925,Yes
87926,No
87927,No
87928,No
87929,Yes
87930,Yes
87931,No
87932,Yes
87933,Yes
87934,No
87935,No
87936,Yes
87937,Yes
87938,Yes
87939,No
87940,No
87941,No
87942,Yes
87943,No
87944,No
87945,Yes
87946,Yes
87947,Yes
87948,Yes
87949,Yes
87950,Yes
87951,No
87952,Yes
87953,No
87954,Yes
87955,No
87956,Yes
87957,Yes
87958,No
87959,Yes
87960,No
87961,Yes
87962,No
87963,Yes
87964,Yes
87965,No
87966,Yes
87967,No
87968,Yes
87969,Yes
87970,No
87971,Yes
87972,No
87973,No
87974,No
87975,No
87976,Yes
87977,Yes
87978,No
87979,No
87980,Yes
87981,No
87982,Yes
87983,Yes
87984,No
87985,No
87986,No
87987,No
87988,No
87989,Yes
87990,Yes
87991,Yes
87992,Yes
87993,Yes
87994,No
87995,Yes
87996,No
87997,Yes
87998,No
87999,No
88000,Yes
88001,Yes
88002,Yes
88003,Yes
88004,No
88005,Yes
88006,Yes
88007,No
88008,Yes
88009,Yes
88010,No
88011,Yes
88012,No
88013,No
88014,Yes
88015,Yes
88016,No
88017,Yes
88018,Yes
88019,Yes
88020,No
88021,No
88022,Yes
88023,No
88024,Yes
88025,Yes
88026,No
88027,Yes
88028,Yes
88029,Yes
88030,No
88031,Yes
88032,No
88033,Yes
88034,No
88035,Yes
88036,No
88037,Yes
88038,No
88039,No
88040,No
88041,No
88042,No
88043,No
88044,Yes
88045,No
88046,Yes
88047,No
88048,No
88049,No
88050,No
88051,Yes
88052,No
88053,No
88054,Yes
88055,Yes
88056,No
88057,No
88058,No
88059,Yes
88060,No
88061,No
88062,No
88063,No
88064,Yes
88065,Yes
88066,Yes
88067,No
88068,No
88069,No
88070,No
88071,Yes
88072,Yes
88073,Yes
88074,Yes
88075,No
88076,Yes
88077,Yes
88078,No
88079,No
88080,No
88081,Yes
88082,No
88083,No
88084,Yes
88085,Yes
88086,Yes
88087,Yes
88088,Yes
88089,No
88090,Yes
88091,Yes
88092,Yes
88093,Yes
88094,No
88095,No
88096,No
88097,Yes
88098,Yes
88099,Yes
88100,No
88101,Yes
88102,Yes
88103,Yes
88104,No
88105,Yes
88106,No
88107,No
88108,Yes
88109,No
88110,Yes
88111,No
88112,Yes
88113,No
88114,Yes
88115,No
88116,No
88117,No
88118,No
88119,Yes
88120,No
88121,No
88122,Yes
88123,No
88124,No
88125,No
88126,No
88127,Yes
88128,No
88129,Yes
88130,No
88131,No
88132,Yes
88133,No
88134,Yes
88135,No
88136,Yes
88137,No
88138,Yes
88139,Yes
88140,Yes
88141,No
88142,Yes
88143,No
88144,Yes
88145,Yes
88146,Yes
88147,No
88148,Yes
88149,Yes
88150,Yes
88151,Yes
88152,Yes
88153,Yes
88154,Yes
88155,No
88156,No
88157,Yes
88158,Yes
88159,No
88160,Yes
88161,No
88162,No
88163,No
88164,No
88165,Yes
88166,Yes
88167,No
88168,Yes
88169,No
88170,Yes
88171,No
88172,No
88173,Yes
88174,Yes
88175,No
88176,Yes
88177,No
88178,Yes
88179,Yes
88180,No
88181,No
88182,No
88183,No
88184,Yes
88185,Yes
88186,Yes
88187,Yes
88188,Yes
88189,No
88190,Yes
88191,Yes
88192,Yes
88193,Yes
88194,Yes
88195,No
88196,No
88197,No
88198,Yes
88199,No
88200,Yes
88201,Yes
88202,No
88203,No
88204,No
88205,No
88206,Yes
88207,Yes
88208,Yes
88209,No
88210,No
88211,Yes
88212,No
88213,No
88214,Yes
88215,No
88216,No
88217,No
88218,No
88219,Yes
88220,No
88221,No
88222,Yes
88223,Yes
88224,Yes
88225,Yes
88226,Yes
88227,No
88228,No
88229,No
88230,Yes
88231,Yes
88232,Yes
88233,Yes
88234,Yes
88235,Yes
88236,Yes
88237,No
88238,No
88239,No
88240,No
88241,Yes
88242,Yes
88243,No
88244,Yes
88245,No
88246,No
88247,Yes
88248,No
88249,No
88250,Yes
88251,No
88252,Yes
88253,No
88254,Yes
88255,Yes
88256,No
88257,Yes
88258,Yes
88259,Yes
88260,Yes
88261,Yes
88262,No
88263,Yes
88264,No
88265,Yes
88266,No
88267,Yes
88268,Yes
88269,Yes
88270,Yes
88271,No
88272,Yes
88273,Yes
88274,No
88275,No
88276,No
88277,Yes
88278,Yes
88279,No
88280,Yes
88281,Yes
88282,Yes
88283,Yes
88284,Yes
88285,Yes
88286,No
88287,Yes
88288,No
88289,No
88290,Yes
88291,Yes
88292,No
88293,Yes
88294,Yes
88295,Yes
88296,No
88297,No
88298,Yes
88299,Yes
88300,Yes
88301,No
88302,No
88303,Yes
88304,No
88305,No
88306,No
88307,No
88308,No
88309,No
88310,Yes
88311,Yes
88312,Yes
88313,No
88314,No
88315,No
88316,Yes
88317,Yes
88318,Yes
88319,Yes
88320,Yes
88321,No
88322,Yes
88323,No
88324,No
88325,Yes
88326,Yes
88327,Yes
88328,No
88329,Yes
88330,Yes
88331,No
88332,Yes
88333,Yes
88334,Yes
88335,Yes
88336,Yes
88337,Yes
88338,No
88339,Yes
88340,No
88341,Yes
88342,No
88343,No
88344,Yes
88345,Yes
88346,Yes
88347,No
88348,Yes
88349,No
88350,No
88351,No
88352,Yes
88353,Yes
88354,Yes
88355,Yes
88356,Yes
88357,No
88358,Yes
88359,No
88360,No
88361,Yes
88362,Yes
88363,Yes
88364,No
88365,Yes
88366,No
88367,Yes
88368,No
88369,Yes
88370,Yes
88371,Yes
88372,Yes
88373,No
88374,Yes
88375,No
88376,Yes
88377,No
88378,Yes
88379,Yes
88380,Yes
88381,Yes
88382,No
88383,No
88384,No
88385,No
88386,Yes
88387,Yes
88388,No
88389,No
88390,No
88391,No
88392,Yes
88393,No
88394,No
88395,Yes
88396,Yes
88397,Yes
88398,Yes
88399,Yes
88400,No
88401,No
88402,Yes
88403,Yes
88404,Yes
88405,Yes
88406,No
88407,No
88408,No
88409,Yes
88410,No
88411,Yes
88412,No
88413,Yes
88414,No
88415,Yes
88416,Yes
88417,No
88418,Yes
88419,No
88420,Yes
88421,Yes
88422,No
88423,No
88424,No
88425,No
88426,Yes
88427,Yes
88428,Yes
88429,No
88430,No
88431,No
88432,No
88433,Yes
88434,Yes
88435,Yes
88436,Yes
88437,Yes
88438,Yes
88439,Yes
88440,No
88441,No
88442,No
88443,No
88444,Yes
88445,Yes
88446,No
88447,Yes
88448,Yes
88449,No
88450,Yes
88451,No
88452,No
88453,Yes
88454,No
88455,Yes
88456,No
88457,Yes
88458,No
88459,No
88460,No
88461,Yes
88462,Yes
88463,Yes
88464,Yes
88465,No
88466,Yes
88467,Yes
88468,Yes
88469,Yes
88470,No
88471,No
88472,Yes
88473,Yes
88474,No
88475,Yes
88476,Yes
88477,Yes
88478,Yes
88479,Yes
88480,Yes
88481,Yes
88482,Yes
88483,No
88484,No
88485,Yes
88486,Yes
88487,No
88488,No
88489,No
88490,Yes
88491,Yes
88492,Yes
88493,No
88494,Yes
88495,Yes
88496,No
88497,No
88498,No
88499,No
88500,Yes
88501,Yes
88502,Yes
88503,No
88504,Yes
88505,Yes
88506,No
88507,No
88508,Yes
88509,No
88510,Yes
88511,No
88512,Yes
88513,No
88514,No
88515,No
88516,Yes
88517,No
88518,Yes
88519,Yes
88520,No
88521,Yes
88522,No
88523,Yes
88524,Yes
88525,No
88526,Yes
88527,Yes
88528,No
88529,No
88530,No
88531,Yes
88532,No
88533,No
88534,Yes
88535,No
88536,Yes
88537,Yes
88538,Yes
88539,Yes
88540,Yes
88541,Yes
88542,Yes
88543,Yes
88544,No
88545,No
88546,Yes
88547,No
88548,No
88549,No
88550,No
88551,Yes
88552,Yes
88553,Yes
88554,Yes
88555,Yes
88556,No
88557,No
88558,No
88559,No
88560,Yes
88561,Yes
88562,Yes
88563,No
88564,No
88565,No
88566,Yes
88567,No
88568,Yes
88569,No
88570,Yes
88571,Yes
88572,Yes
88573,Yes
88574,Yes
88575,No
88576,Yes
88577,Yes
88578,No
88579,Yes
88580,Yes
88581,No
88582,No
88583,No
88584,Yes
88585,No
88586,No
88587,No
88588,No
88589,Yes
88590,No
88591,Yes
88592,No
88593,Yes
88594,Yes
88595,Yes
88596,Yes
88597,No
88598,Yes
88599,No
88600,No
88601,No
88602,Yes
88603,Yes
88604,Yes
88605,Yes
88606,Yes
88607,No
88608,Yes
88609,Yes
88610,No
88611,Yes
88612,Yes
88613,Yes
88614,Yes
88615,Yes
88616,Yes
88617,No
88618,No
88619,Yes
88620,Yes
88621,Yes
88622,No
88623,No
88624,No
88625,Yes
88626,Yes
88627,No
88628,No
88629,Yes
88630,Yes
88631,Yes
88632,No
88633,No
88634,Yes
88635,Yes
88636,Yes
88637,Yes
88638,No
88639,Yes
88640,Yes
88641,No
88642,Yes
88643,Yes
88644,Yes
88645,No
88646,Yes
88647,Yes
88648,Yes
88649,Yes
88650,No
88651,Yes
88652,Yes
88653,Yes
88654,No
88655,No
88656,No
88657,Yes
88658,Yes
88659,Yes
88660,Yes
88661,No
88662,Yes
88663,Yes
88664,Yes
88665,No
88666,No
88667,Yes
88668,Yes
88669,No
88670,No
88671,No
88672,Yes
88673,Yes
88674,Yes
88675,No
88676,Yes
88677,No
88678,No
88679,No
88680,No
88681,No
88682,Yes
88683,No
88684,Yes
88685,Yes
88686,No
88687,No
88688,Yes
88689,No
88690,Yes
88691,No
88692,Yes
88693,No
88694,Yes
88695,Yes
88696,Yes
88697,No
88698,No
88699,No
88700,No
88701,No
88702,Yes
88703,Yes
88704,No
88705,Yes
88706,Yes
88707,Yes
88708,Yes
88709,Yes
88710,Yes
88711,Yes
88712,Yes
88713,Yes
88714,Yes
88715,Yes
88716,Yes
88717,Yes
88718,Yes
88719,No
88720,Yes
88721,No
88722,No
88723,No
88724,No
88725,Yes
88726,Yes
88727,Yes
88728,Yes
88729,Yes
88730,No
88731,Yes
88732,No
88733,Yes
88734,Yes
88735,No
88736,Yes
88737,No
88738,No
88739,No
88740,Yes
88741,No
88742,Yes
88743,No
88744,Yes
88745,No
88746,Yes
88747,Yes
88748,No
88749,Yes
88750,No
88751,No
88752,Yes
88753,Yes
88754,Yes
88755,Yes
88756,No
88757,Yes
88758,No
88759,Yes
88760,No
88761,Yes
88762,No
88763,Yes
88764,No
88765,No
88766,No
88767,No
88768,Yes
88769,Yes
88770,No
88771,Yes
88772,No
88773,No
88774,No
88775,Yes
88776,Yes
88777,Yes
88778,Yes
88779,No
88780,No
88781,Yes
88782,No
88783,Yes
88784,Yes
88785,Yes
88786,Yes
88787,Yes
88788,Yes
88789,Yes
88790,Yes
88791,No
88792,No
88793,Yes
88794,No
88795,Yes
88796,Yes
88797,No
88798,No
88799,No
88800,No
88801,Yes
88802,Yes
88803,No
88804,Yes
88805,Yes
88806,Yes
88807,Yes
88808,Yes
88809,Yes
88810,Yes
88811,Yes
88812,Yes
88813,Yes
88814,Yes
88815,No
88816,Yes
88817,Yes
88818,Yes
88819,Yes
88820,Yes
88821,Yes
88822,Yes
88823,Yes
88824,Yes
88825,Yes
88826,No
88827,Yes
88828,No
88829,No
88830,Yes
88831,Yes
88832,No
88833,Yes
88834,No
88835,No
88836,No
88837,No
88838,Yes
88839,No
88840,Yes
88841,No
88842,No
88843,No
88844,Yes
88845,Yes
88846,Yes
88847,Yes
88848,No
88849,Yes
88850,No
88851,No
88852,No
88853,Yes
88854,Yes
88855,No
88856,Yes
88857,No
88858,Yes
88859,Yes
88860,No
88861,Yes
88862,No
88863,No
88864,Yes
88865,Yes
88866,No
88867,No
88868,Yes
88869,No
88870,Yes
88871,No
88872,No
88873,No
88874,Yes
88875,Yes
88876,Yes
88877,Yes
88878,No
88879,Yes
88880,No
88881,Yes
88882,No
88883,No
88884,No
88885,Yes
88886,Yes
88887,No
88888,Yes
88889,No
88890,Yes
88891,Yes
88892,Yes
88893,Yes
88894,No
88895,No
88896,No
88897,No
88898,Yes
88899,No
88900,No
88901,Yes
88902,Yes
88903,No
88904,No
88905,No
88906,Yes
88907,Yes
88908,Yes
88909,Yes
88910,No
88911,No
88912,Yes
88913,Yes
88914,Yes
88915,Yes
88916,No
88917,No
88918,No
88919,No
88920,Yes
88921,Yes
88922,Yes
88923,No
88924,Yes
88925,Yes
88926,No
88927,No
88928,Yes
88929,No
88930,Yes
88931,Yes
88932,No
88933,Yes
88934,Yes
88935,No
88936,Yes
88937,No
88938,Yes
88939,Yes
88940,No
88941,Yes
88942,No
88943,Yes
88944,Yes
88945,Yes
88946,Yes
88947,No
88948,No
88949,Yes
88950,Yes
88951,Yes
88952,Yes
88953,No
88954,Yes
88955,No
88956,No
88957,Yes
88958,Yes
88959,Yes
88960,No
88961,Yes
88962,Yes
88963,Yes
88964,Yes
88965,No
88966,No
88967,Yes
88968,Yes
88969,Yes
88970,No
88971,Yes
88972,No
88973,No
88974,No
88975,No
88976,Yes
88977,Yes
88978,No
88979,Yes
88980,Yes
88981,Yes
88982,No
88983,Yes
88984,No
88985,Yes
88986,No
88987,Yes
88988,No
88989,Yes
88990,No
88991,Yes
88992,Yes
88993,Yes
88994,Yes
88995,No
88996,Yes
88997,No
88998,No
88999,No
89000,Yes
89001,No
89002,Yes
89003,Yes
89004,No
89005,Yes
89006,Yes
89007,No
89008,No
89009,Yes
89010,Yes
89011,No
89012,No
89013,Yes
89014,No
89015,No
89016,Yes
89017,No
89018,No
89019,No
89020,Yes
89021,No
89022,No
89023,No
89024,Yes
89025,Yes
89026,Yes
89027,Yes
89028,Yes
89029,Yes
89030,Yes
89031,No
89032,Yes
89033,No
89034,Yes
89035,Yes
89036,No
89037,Yes
89038,No
89039,Yes
89040,Yes
89041,Yes
89042,No
89043,Yes
89044,Yes
89045,No
89046,Yes
89047,Yes
89048,No
89049,No
89050,No
89051,Yes
89052,Yes
89053,No
89054,No
89055,Yes
89056,No
89057,No
89058,No
89059,No
89060,Yes
89061,No
89062,Yes
89063,No
89064,No
89065,Yes
89066,Yes
89067,No
89068,Yes
89069,No
89070,No
89071,No
89072,Yes
89073,Yes
89074,No
89075,Yes
89076,Yes
89077,No
89078,Yes
89079,Yes
89080,Yes
89081,No
89082,Yes
89083,No
89084,Yes
89085,No
89086,Yes
89087,Yes
89088,Yes
89089,No
89090,Yes
89091,Yes
89092,No
89093,No
89094,No
89095,No
89096,No
89097,No
89098,No
89099,Yes
89100,No
89101,Yes
89102,No
89103,Yes
89104,No
89105,No
89106,Yes
89107,No
89108,Yes
89109,Yes
89110,Yes
89111,No
89112,No
89113,Yes
89114,Yes
89115,Yes
89116,No
89117,Yes
89118,No
89119,No
89120,No
89121,Yes
89122,No
89123,No
89124,Yes
89125,Yes
89126,Yes
89127,No
89128,Yes
89129,Yes
89130,No
89131,No
89132,Yes
89133,Yes
89134,Yes
89135,Yes
89136,Yes
89137,Yes
89138,No
89139,Yes
89140,No
89141,No
89142,No
89143,No
89144,No
89145,No
89146,No
89147,Yes
89148,Yes
89149,Yes
89150,No
89151,No
89152,No
89153,No
89154,No
89155,No
89156,Yes
89157,Yes
89158,No
89159,Yes
89160,Yes
89161,Yes
89162,No
89163,Yes
89164,No
89165,Yes
89166,Yes
89167,Yes
89168,No
89169,Yes
89170,Yes
89171,No
89172,No
89173,Yes
89174,Yes
89175,Yes
89176,No
89177,Yes
89178,No
89179,Yes
89180,No
89181,Yes
89182,No
89183,No
89184,Yes
89185,Yes
89186,Yes
89187,No
89188,No
89189,Yes
89190,No
89191,No
89192,Yes
89193,No
89194,Yes
89195,Yes
89196,Yes
89197,Yes
89198,Yes
89199,No
89200,No
89201,Yes
89202,Yes
89203,Yes
89204,Yes
89205,No
89206,Yes
89207,Yes
89208,Yes
89209,Yes
89210,No
89211,Yes
89212,No
89213,Yes
89214,Yes
89215,No
89216,Yes
89217,Yes
89218,No
89219,No
89220,No
89221,Yes
89222,No
89223,Yes
89224,Yes
89225,No
89226,No
89227,No
89228,No
89229,No
89230,No
89231,Yes
89232,No
89233,Yes
89234,Yes
89235,Yes
89236,Yes
89237,Yes
89238,Yes
89239,No
89240,No
89241,Yes
89242,No
89243,No
89244,Yes
89245,Yes
89246,Yes
89247,No
89248,Yes
89249,No
89250,No
89251,Yes
89252,No
89253,Yes
89254,Yes
89255,No
89256,Yes
89257,Yes
89258,Yes
89259,No
89260,Yes
89261,No
89262,No
89263,No
89264,No
89265,No
89266,No
89267,No
89268,Yes
89269,Yes
89270,No
89271,No
89272,Yes
89273,Yes
89274,Yes
89275,No
89276,Yes
89277,Yes
89278,No
89279,Yes
89280,No
89281,No
89282,Yes
89283,Yes
89284,Yes
89285,Yes
89286,No
89287,No
89288,No
89289,Yes
89290,Yes
89291,Yes
89292,Yes
89293,Yes
89294,Yes
89295,No
89296,Yes
89297,Yes
89298,Yes
89299,Yes
89300,No
89301,No
89302,Yes
89303,Yes
89304,Yes
89305,Yes
89306,Yes
89307,No
89308,Yes
89309,Yes
89310,No
89311,Yes
89312,No
89313,Yes
89314,Yes
89315,No
89316,Yes
89317,No
89318,Yes
89319,No
89320,Yes
89321,No
89322,Yes
89323,Yes
89324,Yes
89325,Yes
89326,Yes
89327,Yes
89328,No
89329,No
89330,Yes
89331,No
89332,No
89333,Yes
89334,No
89335,No
89336,Yes
89337,No
89338,Yes
89339,No
89340,Yes
89341,No
89342,Yes
89343,Yes
89344,Yes
89345,Yes
89346,No
89347,No
89348,Yes
89349,Yes
89350,Yes
89351,No
89352,No
89353,Yes
89354,Yes
89355,Yes
89356,Yes
89357,No
89358,Yes
89359,Yes
89360,Yes
89361,No
89362,Yes
89363,No
89364,No
89365,No
89366,No
89367,No
89368,Yes
89369,No
89370,Yes
89371,Yes
89372,No
89373,No
89374,No
89375,No
89376,No
89377,Yes
89378,No
89379,Yes
89380,Yes
89381,No
89382,Yes
89383,No
89384,No
89385,Yes
89386,Yes
89387,Yes
89388,Yes
89389,No
89390,No
89391,No
89392,Yes
89393,Yes
89394,No
89395,No
89396,No
89397,No
89398,Yes
89399,Yes
89400,Yes
89401,Yes
89402,Yes
89403,Yes
89404,No
89405,No
89406,Yes
89407,Yes
89408,Yes
89409,Yes
89410,Yes
89411,No
89412,Yes
89413,Yes
89414,Yes
89415,Yes
89416,No
89417,Yes
89418,Yes
89419,No
89420,No
89421,Yes
89422,No
89423,Yes
89424,Yes
89425,No
89426,Yes
89427,No
89428,No
89429,Yes
89430,No
89431,Yes
89432,No
89433,Yes
89434,Yes
89435,No
89436,No
89437,No
89438,Yes
89439,No
89440,Yes
89441,Yes
89442,No
89443,Yes
89444,No
89445,No
89446,No
89447,No
89448,Yes
89449,Yes
89450,No
89451,No
89452,Yes
89453,Yes
89454,Yes
89455,No
89456,No
89457,Yes
89458,No
89459,Yes
89460,Yes
89461,Yes
89462,Yes
89463,Yes
89464,Yes
89465,No
89466,Yes
89467,No
89468,No
89469,No
89470,Yes
89471,No
89472,No
89473,Yes
89474,No
89475,No
89476,Yes
89477,No
89478,Yes
89479,No
89480,No
89481,Yes
89482,No
89483,No
89484,Yes
89485,No
89486,Yes
89487,Yes
89488,Yes
89489,Yes
89490,Yes
89491,Yes
89492,No
89493,Yes
89494,No
89495,Yes
89496,No
89497,Yes
89498,Yes
89499,Yes
89500,No
89501,No
89502,Yes
89503,Yes
89504,Yes
89505,Yes
89506,Yes
89507,Yes
89508,No
89509,Yes
89510,No
89511,No
89512,Yes
89513,No
89514,No
89515,Yes
89516,Yes
89517,No
89518,No
89519,Yes
89520,Yes
89521,Yes
89522,Yes
89523,Yes
89524,Yes
89525,Yes
89526,Yes
89527,No
89528,Yes
89529,No
89530,Yes
89531,No
89532,Yes
89533,Yes
89534,No
89535,Yes
89536,No
89537,No
89538,No
89539,Yes
89540,Yes
89541,Yes
89542,No
89543,Yes
89544,No
89545,No
89546,Yes
89547,No
89548,Yes
89549,Yes
89550,No
89551,Yes
89552,Yes
89553,Yes
89554,No
89555,No
89556,No
89557,Yes
89558,Yes
89559,No
89560,Yes
89561,No
89562,Yes
89563,Yes
89564,Yes
89565,No
89566,Yes
89567,No
89568,Yes
89569,Yes
89570,No
89571,No
89572,Yes
89573,No
89574,Yes
89575,No
89576,Yes
89577,Yes
89578,No
89579,No
89580,Yes
89581,Yes
89582,Yes
89583,Yes
89584,Yes
89585,No
89586,No
89587,Yes
89588,Yes
89589,No
89590,No
89591,Yes
89592,Yes
89593,Yes
89594,Yes
89595,Yes
89596,No
89597,No
89598,Yes
89599,Yes
89600,No
89601,Yes
89602,Yes
89603,Yes
89604,Yes
89605,Yes
89606,Yes
89607,Yes
89608,Yes
89609,No
89610,No
89611,Yes
89612,Yes
89613,No
89614,No
89615,No
89616,Yes
89617,No
89618,Yes
89619,No
89620,No
89621,Yes
89622,No
89623,No
89624,Yes
89625,No
89626,Yes
89627,Yes
89628,Yes
89629,No
89630,Yes
89631,No
89632,No
89633,Yes
89634,Yes
89635,Yes
89636,No
89637,Yes
89638,No
89639,Yes
89640,Yes
89641,Yes
89642,Yes
89643,Yes
89644,Yes
89645,Yes
89646,No
89647,Yes
89648,Yes
89649,Yes
89650,No
89651,No
89652,Yes
89653,Yes
89654,No
89655,Yes
89656,No
89657,Yes
89658,Yes
89659,No
89660,No
89661,Yes
89662,Yes
89663,No
89664,No
89665,No
89666,No
89667,Yes
89668,Yes
89669,No
89670,Yes
89671,No
89672,Yes
89673,Yes
89674,No
89675,No
89676,Yes
89677,No
89678,No
89679,No
89680,Yes
89681,Yes
89682,Yes
89683,Yes
89684,No
89685,No
89686,No
89687,No
89688,Yes
89689,Yes
89690,Yes
89691,Yes
89692,Yes
89693,Yes
89694,Yes
89695,Yes
89696,Yes
89697,No
89698,No
89699,No
89700,Yes
89701,Yes
89702,Yes
89703,No
89704,Yes
89705,No
89706,No
89707,No
89708,Yes
89709,No
89710,Yes
89711,No
89712,Yes
89713,No
89714,No
89715,Yes
89716,Yes
89717,Yes
89718,No
89719,Yes
89720,Yes
89721,No
89722,Yes
89723,Yes
89724,No
89725,Yes
89726,No
89727,Yes
89728,No
89729,Yes
89730,Yes
89731,Yes
89732,No
89733,No
89734,Yes
89735,No
89736,No
89737,No
89738,Yes
89739,Yes
89740,No
89741,No
89742,No
89743,No
89744,Yes
89745,No
89746,Yes
89747,Yes
89748,Yes
89749,No
89750,No
89751,Yes
89752,Yes
89753,Yes
89754,No
89755,Yes
89756,Yes
89757,No
89758,No
89759,Yes
89760,Yes
89761,No
89762,Yes
89763,No
89764,Yes
89765,Yes
89766,No
89767,Yes
89768,No
89769,Yes
89770,Yes
89771,No
89772,No
89773,No
89774,Yes
89775,Yes
89776,No
89777,Yes
89778,No
89779,Yes
89780,Yes
89781,Yes
89782,No
89783,Yes
89784,Yes
89785,No
89786,No
89787,No
89788,Yes
89789,Yes
89790,No
89791,No
89792,No
89793,Yes
89794,Yes
89795,No
89796,No
89797,No
89798,No
89799,Yes
89800,No
89801,Yes
89802,No
89803,Yes
89804,Yes
89805,Yes
89806,Yes
89807,No
89808,No
89809,Yes
89810,Yes
89811,No
89812,Yes
89813,Yes
89814,Yes
89815,Yes
89816,Yes
89817,No
89818,Yes
89819,Yes
89820,Yes
89821,No
89822,No
89823,No
89824,No
89825,Yes
89826,Yes
89827,No
89828,No
89829,No
89830,No
89831,Yes
89832,Yes
89833,Yes
89834,Yes
89835,No
89836,No
89837,Yes
89838,Yes
89839,Yes
89840,No
89841,Yes
89842,Yes
89843,Yes
89844,Yes
89845,No
89846,No
89847,Yes
89848,Yes
89849,No
89850,Yes
89851,Yes
89852,Yes
89853,Yes
89854,Yes
89855,No
89856,No
89857,Yes
89858,No
89859,Yes
89860,No
89861,No
89862,Yes
89863,Yes
89864,Yes
89865,Yes
89866,No
89867,Yes
89868,Yes
89869,No
89870,Yes
89871,Yes
89872,No
89873,No
89874,No
89875,No
89876,Yes
89877,No
89878,No
89879,Yes
89880,No
89881,Yes
89882,Yes
89883,Yes
89884,No
89885,No
89886,No
89887,No
89888,Yes
89889,Yes
89890,No
89891,No
89892,No
89893,Yes
89894,Yes
89895,Yes
89896,Yes
89897,Yes
89898,No
89899,Yes
89900,No
89901,Yes
89902,Yes
89903,No
89904,Yes
89905,Yes
89906,No
89907,Yes
89908,No
89909,Yes
89910,No
89911,Yes
89912,No
89913,No
89914,No
89915,Yes
89916,Yes
89917,No
89918,No
89919,Yes
89920,No
89921,Yes
89922,Yes
89923,No
89924,Yes
89925,Yes
89926,Yes
89927,Yes
89928,Yes
89929,No
89930,Yes
89931,Yes
89932,No
89933,Yes
89934,No
89935,No
89936,No
89937,No
89938,No
89939,No
89940,No
89941,Yes
89942,No
89943,Yes
89944,No
89945,Yes
89946,Yes
89947,No
89948,Yes
89949,No
89950,No
89951,No
89952,No
89953,Yes
89954,Yes
89955,Yes
89956,No
89957,Yes
89958,Yes
89959,No
89960,Yes
89961,No
89962,Yes
89963,No
89964,Yes
89965,No
89966,Yes
89967,Yes
89968,Yes
89969,No
89970,No
89971,No
89972,Yes
89973,No
89974,No
89975,Yes
89976,No
89977,Yes
89978,Yes
89979,Yes
89980,No
89981,No
89982,No
89983,No
89984,Yes
89985,No
89986,No
89987,No
89988,No
89989,Yes
89990,No
89991,Yes
89992,No
89993,No
89994,No
89995,Yes
89996,Yes
89997,Yes
89998,No
89999,No
90000,No
90001,No
90002,Yes
90003,Yes
90004,No
90005,No
90006,No
90007,No
90008,Yes
90009,No
90010,No
90011,No
90012,Yes
90013,No
90014,Yes
90015,Yes
90016,No
90017,No
90018,Yes
90019,No
90020,Yes
90021,No
90022,Yes
90023,Yes
90024,Yes
90025,No
90026,Yes
90027,Yes
90028,Yes
90029,Yes
90030,Yes
90031,No
90032,No
90033,No
90034,No
90035,Yes
90036,Yes
90037,Yes
90038,Yes
90039,No
90040,Yes
90041,Yes
90042,Yes
90043,Yes
90044,No
90045,No
90046,Yes
90047,Yes
90048,Yes
90049,No
90050,No
90051,Yes
90052,Yes
90053,Yes
90054,Yes
90055,No
90056,No
90057,No
90058,No
90059,No
90060,No
90061,No
90062,No
90063,Yes
90064,Yes
90065,Yes
90066,Yes
90067,No
90068,Yes
90069,Yes
90070,No
90071,No
90072,Yes
90073,No
90074,Yes
90075,Yes
90076,No
90077,No
90078,Yes
90079,Yes
90080,No
90081,No
90082,Yes
90083,No
90084,No
90085,Yes
90086,No
90087,Yes
90088,Yes
90089,No
90090,No
90091,Yes
90092,Yes
90093,No
90094,No
90095,Yes
90096,Yes
90097,Yes
90098,Yes
90099,Yes
90100,No
90101,No
90102,Yes
90103,Yes
90104,Yes
90105,No
90106,No
90107,Yes
90108,No
90109,Yes
90110,Yes
90111,Yes
90112,No
90113,Yes
90114,Yes
90115,Yes
90116,No
90117,No
90118,Yes
90119,Yes
90120,Yes
90121,No
90122,Yes
90123,No
90124,Yes
90125,Yes
90126,Yes
90127,Yes
90128,Yes
90129,Yes
90130,Yes
90131,No
90132,Yes
90133,No
90134,Yes
90135,No
90136,Yes
90137,No
90138,Yes
90139,No
90140,Yes
90141,No
90142,No
90143,Yes
90144,Yes
90145,Yes
90146,No
90147,No
90148,Yes
90149,No
90150,Yes
90151,No
90152,No
90153,Yes
90154,Yes
90155,No
90156,No
90157,Yes
90158,No
90159,No
90160,No
90161,Yes
90162,Yes
90163,No
90164,Yes
90165,Yes
90166,Yes
90167,Yes
90168,Yes
90169,No
90170,No
90171,Yes
90172,No
90173,Yes
90174,No
90175,Yes
90176,No
90177,Yes
90178,Yes
90179,No
90180,Yes
90181,Yes
90182,No
90183,Yes
90184,No
90185,Yes
90186,No
90187,Yes
90188,No
90189,Yes
90190,Yes
90191,Yes
90192,Yes
90193,Yes
90194,No
90195,No
90196,No
90197,Yes
90198,No
90199,No
90200,Yes
90201,Yes
90202,No
90203,No
90204,Yes
90205,Yes
90206,No
90207,Yes
90208,No
90209,Yes
90210,Yes
90211,Yes
90212,No
90213,No
90214,Yes
90215,No
90216,Yes
90217,Yes
90218,Yes
90219,No
90220,No
90221,Yes
90222,No
90223,No
90224,No
90225,No
90226,No
90227,No
90228,Yes
90229,No
90230,Yes
90231,Yes
90232,No
90233,No
90234,No
90235,No
90236,No
90237,Yes
90238,Yes
90239,No
90240,No
90241,No
90242,Yes
90243,Yes
90244,No
90245,Yes
90246,Yes
90247,Yes
90248,Yes
90249,No
90250,No
90251,No
90252,Yes
90253,Yes
90254,Yes
90255,Yes
90256,No
90257,Yes
90258,No
90259,Yes
90260,Yes
90261,Yes
90262,No
90263,Yes
90264,No
90265,Yes
90266,Yes
90267,Yes
90268,Yes
90269,Yes
90270,Yes
90271,Yes
90272,Yes
90273,Yes
90274,No
90275,Yes
90276,Yes
90277,No
90278,Yes
90279,Yes
90280,Yes
90281,Yes
90282,No
90283,Yes
90284,Yes
90285,No
90286,Yes
90287,Yes
90288,No
90289,Yes
90290,No
90291,No
90292,No
90293,Yes
90294,Yes
90295,Yes
90296,No
90297,Yes
90298,No
90299,Yes
90300,Yes
90301,No
90302,No
90303,Yes
90304,Yes
90305,No
90306,No
90307,Yes
90308,Yes
90309,No
90310,Yes
90311,No
90312,No
90313,Yes
90314,Yes
90315,Yes
90316,Yes
90317,Yes
90318,Yes
90319,No
90320,No
90321,Yes
90322,Yes
90323,Yes
90324,Yes
90325,Yes
90326,Yes
90327,No
90328,Yes
90329,No
90330,No
90331,Yes
90332,Yes
90333,No
90334,Yes
90335,No
90336,Yes
90337,No
90338,Yes
90339,No
90340,Yes
90341,No
90342,Yes
90343,Yes
90344,No
90345,Yes
90346,Yes
90347,No
90348,Yes
90349,Yes
90350,Yes
90351,Yes
90352,Yes
90353,Yes
90354,Yes
90355,Yes
90356,Yes
90357,Yes
90358,No
90359,Yes
90360,Yes
90361,No
90362,Yes
90363,Yes
90364,No
90365,No
90366,No
90367,No
90368,Yes
90369,Yes
90370,No
90371,Yes
90372,No
90373,No
90374,Yes
90375,Yes
90376,No
90377,No
90378,Yes
90379,Yes
90380,Yes
90381,Yes
90382,No
90383,No
90384,Yes
90385,Yes
90386,Yes
90387,No
90388,Yes
90389,Yes
90390,Yes
90391,No
90392,Yes
90393,Yes
90394,No
90395,Yes
90396,Yes
90397,No
90398,Yes
90399,No
90400,Yes
90401,No
90402,Yes
90403,No
90404,No
90405,Yes
90406,Yes
90407,Yes
90408,Yes
90409,Yes
90410,No
90411,Yes
90412,Yes
90413,Yes
90414,Yes
90415,Yes
90416,Yes
90417,No
90418,Yes
90419,Yes
90420,No
90421,Yes
90422,Yes
90423,Yes
90424,Yes
90425,No
90426,No
90427,Yes
90428,No
90429,Yes
90430,Yes
90431,Yes
90432,No
90433,No
90434,Yes
90435,Yes
90436,No
90437,Yes
90438,No
90439,No
90440,Yes
90441,Yes
90442,No
90443,Yes
90444,Yes
90445,No
90446,Yes
90447,Yes
90448,Yes
90449,Yes
90450,No
90451,Yes
90452,No
90453,Yes
90454,Yes
90455,Yes
90456,Yes
90457,No
90458,Yes
90459,Yes
90460,No
90461,No
90462,No
90463,No
90464,Yes
90465,Yes
90466,Yes
90467,No
90468,Yes
90469,No
90470,No
90471,Yes
90472,Yes
90473,No
90474,Yes
90475,Yes
90476,Yes
90477,No
90478,Yes
90479,Yes
90480,Yes
90481,Yes
90482,Yes
90483,No
90484,Yes
90485,Yes
90486,Yes
90487,Yes
90488,Yes
90489,No
90490,Yes
90491,Yes
90492,Yes
90493,Yes
90494,Yes
90495,No
90496,Yes
90497,Yes
90498,Yes
90499,Yes
90500,No
90501,Yes
90502,Yes
90503,No
90504,No
90505,No
90506,No
90507,Yes
90508,No
90509,Yes
90510,Yes
90511,Yes
90512,No
90513,Yes
90514,Yes
90515,Yes
90516,No
90517,No
90518,No
90519,No
90520,No
90521,No
90522,Yes
90523,Yes
90524,Yes
90525,Yes
90526,No
90527,No
90528,Yes
90529,Yes
90530,No
90531,Yes
90532,No
90533,Yes
90534,No
90535,No
90536,Yes
90537,No
90538,No
90539,Yes
90540,Yes
90541,Yes
90542,No
90543,Yes
90544,No
90545,Yes
90546,No
90547,Yes
90548,Yes
90549,No
90550,Yes
90551,No
90552,Yes
90553,Yes
90554,No
90555,Yes
90556,No
90557,Yes
90558,Yes
90559,No
90560,No
90561,Yes
90562,Yes
90563,No
90564,Yes
90565,Yes
90566,No
90567,No
90568,Yes
90569,No
90570,Yes
90571,Yes
90572,Yes
90573,Yes
90574,No
90575,Yes
90576,Yes
90577,No
90578,Yes
90579,Yes
90580,No
90581,No
90582,Yes
90583,Yes
90584,Yes
90585,No
90586,Yes
90587,Yes
90588,Yes
90589,Yes
90590,No
90591,No
90592,No
90593,Yes
90594,Yes
90595,Yes
90596,Yes
90597,No
90598,No
90599,Yes
90600,Yes
90601,No
90602,Yes
90603,No
90604,Yes
90605,No
90606,Yes
90607,Yes
90608,No
90609,No
90610,No
90611,No
90612,No
90613,No
90614,Yes
90615,No
90616,Yes
90617,Yes
90618,Yes
90619,No
90620,No
90621,No
90622,No
90623,Yes
90624,Yes
90625,No
90626,Yes
90627,Yes
90628,No
90629,No
90630,No
90631,Yes
90632,No
90633,Yes
90634,Yes
90635,Yes
90636,Yes
90637,Yes
90638,Yes
90639,No
90640,No
90641,No
90642,No
90643,Yes
90644,Yes
90645,Yes
90646,No
90647,No
90648,No
90649,No
90650,Yes
90651,No
90652,Yes
90653,No
90654,Yes
90655,Yes
90656,Yes
90657,No
90658,No
90659,Yes
90660,Yes
90661,Yes
90662,Yes
90663,Yes
90664,Yes
90665,No
90666,No
90667,Yes
90668,Yes
90669,No
90670,Yes
90671,Yes
90672,Yes
90673,No
90674,Yes
90675,Yes
90676,No
90677,No
90678,No
90679,No
90680,Yes
90681,Yes
90682,Yes
90683,No
90684,Yes
90685,Yes
90686,Yes
90687,No
90688,No
90689,No
90690,No
90691,Yes
90692,Yes
90693,No
90694,Yes
90695,No
90696,Yes
90697,Yes
90698,No
90699,No
90700,Yes
90701,No
90702,No
90703,No
90704,Yes
90705,Yes
90706,Yes
90707,No
90708,No
90709,No
90710,Yes
90711,Yes
90712,Yes
90713,Yes
90714,Yes
90715,Yes
90716,Yes
90717,Yes
90718,Yes
90719,No
90720,Yes
90721,No
90722,No
90723,No
90724,No
90725,No
90726,No
90727,Yes
90728,Yes
90729,Yes
90730,Yes
90731,No
90732,No
90733,No
90734,No
90735,No
90736,Yes
90737,Yes
90738,No
90739,Yes
90740,Yes
90741,Yes
90742,Yes
90743,No
90744,Yes
90745,Yes
90746,Yes
90747,Yes
90748,Yes
90749,Yes
90750,Yes
90751,No
90752,Yes
90753,Yes
90754,No
90755,No
90756,Yes
90757,No
90758,No
90759,Yes
90760,Yes
90761,No
90762,No
90763,No
90764,No
90765,No
90766,Yes
90767,Yes
90768,No
90769,Yes
90770,No
90771,Yes
90772,No
90773,No
90774,No
90775,Yes
90776,Yes
90777,No
90778,Yes
90779,Yes
90780,No
90781,No
90782,Yes
90783,No
90784,No
90785,Yes
90786,Yes
90787,No
90788,No
90789,No
90790,Yes
90791,Yes
90792,Yes
90793,Yes
90794,Yes
90795,No
90796,Yes
90797,No
90798,No
90799,Yes
90800,No
90801,Yes
90802,Yes
90803,Yes
90804,Yes
90805,Yes
90806,Yes
90807,Yes
90808,No
90809,No
90810,Yes
90811,No
90812,No
90813,Yes
90814,Yes
90815,Yes
90816,No
90817,Yes
90818,Yes
90819,No
90820,Yes
90821,Yes
90822,Yes
90823,No
90824,No
90825,Yes
90826,No
90827,No
90828,Yes
90829,No
90830,No
90831,No
90832,No
90833,Yes
90834,No
90835,Yes
90836,Yes
90837,Yes
90838,Yes
90839,No
90840,Yes
90841,Yes
90842,Yes
90843,No
90844,No
90845,Yes
90846,Yes
90847,No
90848,Yes
90849,Yes
90850,Yes
90851,Yes
90852,Yes
90853,Yes
90854,Yes
90855,No
90856,No
90857,Yes
90858,Yes
90859,No
90860,Yes
90861,Yes
90862,Yes
90863,Yes
90864,Yes
90865,No
90866,Yes
90867,No
90868,No
90869,Yes
90870,Yes
90871,Yes
90872,Yes
90873,Yes
90874,No
90875,Yes
90876,No
90877,Yes
90878,Yes
90879,No
90880,No
90881,No
90882,Yes
90883,No
90884,Yes
90885,No
90886,Yes
90887,Yes
90888,No
90889,Yes
90890,Yes
90891,No
90892,Yes
90893,Yes
90894,No
90895,No
90896,No
90897,Yes
90898,Yes
90899,No
90900,No
90901,Yes
90902,No
90903,No
90904,Yes
90905,Yes
90906,No
90907,No
90908,Yes
90909,Yes
90910,Yes
90911,No
90912,Yes
90913,No
90914,No
90915,Yes
90916,Yes
90917,No
90918,Yes
90919,Yes
90920,No
90921,No
90922,Yes
90923,No
90924,No
90925,Yes
90926,Yes
90927,Yes
90928,No
90929,No
90930,Yes
90931,Yes
90932,Yes
90933,No
90934,No
90935,Yes
90936,Yes
90937,Yes
90938,No
90939,Yes
90940,No
90941,No
90942,No
90943,Yes
90944,Yes
90945,Yes
90946,No
90947,No
90948,Yes
90949,No
90950,Yes
90951,Yes
90952,Yes
90953,Yes
90954,No
90955,No
90956,Yes
90957,Yes
90958,No
90959,No
90960,Yes
90961,Yes
90962,No
90963,Yes
90964,No
90965,No
90966,Yes
90967,Yes
90968,Yes
90969,Yes
90970,No
90971,No
90972,No
90973,Yes
90974,No
90975,Yes
90976,Yes
90977,No
90978,Yes
90979,No
90980,Yes
90981,Yes
90982,Yes
90983,No
90984,No
90985,Yes
90986,No
90987,No
90988,Yes
90989,No
90990,Yes
90991,Yes
90992,Yes
90993,Yes
90994,Yes
90995,Yes
90996,Yes
90997,No
90998,No
90999,Yes
91000,No
91001,Yes
91002,Yes
91003,Yes
91004,No
91005,Yes
91006,Yes
91007,No
91008,Yes
91009,Yes
91010,Yes
91011,No
91012,Yes
91013,No
91014,No
91015,Yes
91016,Yes
91017,Yes
91018,Yes
91019,Yes
91020,Yes
91021,No
91022,No
91023,Yes
91024,No
91025,No
91026,No
91027,Yes
91028,Yes
91029,No
91030,No
91031,Yes
91032,No
91033,Yes
91034,Yes
91035,Yes
91036,No
91037,No
91038,No
91039,Yes
91040,No
91041,Yes
91042,Yes
91043,Yes
91044,No
91045,No
91046,No
91047,No
91048,Yes
91049,Yes
91050,Yes
91051,No
91052,Yes
91053,No
91054,Yes
91055,Yes
91056,No
91057,No
91058,Yes
91059,No
91060,Yes
91061,Yes
91062,Yes
91063,No
91064,Yes
91065,Yes
91066,Yes
91067,Yes
91068,Yes
91069,No
91070,Yes
91071,Yes
91072,Yes
91073,No
91074,Yes
91075,No
91076,No
91077,Yes
91078,Yes
91079,No
91080,No
91081,Yes
91082,Yes
91083,Yes
91084,No
91085,No
91086,Yes
91087,Yes
91088,No
91089,No
91090,No
91091,Yes
91092,No
91093,Yes
91094,Yes
91095,Yes
91096,Yes
91097,No
91098,No
91099,No
91100,No
91101,Yes
91102,Yes
91103,Yes
91104,No
91105,Yes
91106,No
91107,Yes
91108,No
91109,Yes
91110,Yes
91111,No
91112,No
91113,Yes
91114,No
91115,No
91116,Yes
91117,No
91118,No
91119,Yes
91120,Yes
91121,No
91122,No
91123,No
91124,Yes
91125,No
91126,Yes
91127,No
91128,No
91129,Yes
91130,Yes
91131,Yes
91132,Yes
91133,No
91134,No
91135,Yes
91136,Yes
91137,Yes
91138,No
91139,Yes
91140,No
91141,Yes
91142,Yes
91143,Yes
91144,No
91145,Yes
91146,Yes
91147,No
91148,Yes
91149,No
91150,Yes
91151,Yes
91152,No
91153,Yes
91154,No
91155,No
91156,No
91157,Yes
91158,Yes
91159,No
91160,Yes
91161,No
91162,No
91163,No
91164,Yes
91165,No
91166,Yes
91167,No
91168,Yes
91169,Yes
91170,No
91171,Yes
91172,Yes
91173,No
91174,Yes
91175,Yes
91176,Yes
91177,No
91178,Yes
91179,Yes
91180,Yes
91181,Yes
91182,Yes
91183,Yes
91184,No
91185,No
91186,Yes
91187,No
91188,Yes
91189,Yes
91190,Yes
91191,Yes
91192,Yes
91193,No
91194,No
91195,No
91196,No
91197,No
91198,No
91199,Yes
91200,No
91201,Yes
91202,No
91203,No
91204,No
91205,No
91206,Yes
91207,No
91208,Yes
91209,Yes
91210,No
91211,No
91212,No
91213,Yes
91214,No
91215,No
91216,No
91217,Yes
91218,No
91219,Yes
91220,Yes
91221,No
91222,No
91223,No
91224,No
91225,Yes
91226,Yes
91227,Yes
91228,Yes
91229,Yes
91230,Yes
91231,Yes
91232,Yes
91233,Yes
91234,Yes
91235,Yes
91236,Yes
91237,No
91238,Yes
91239,Yes
91240,No
91241,Yes
91242,No
91243,Yes
91244,No
91245,Yes
91246,No
91247,No
91248,No
91249,Yes
91250,No
91251,No
91252,No
91253,No
91254,No
91255,Yes
91256,No
91257,No
91258,Yes
91259,No
91260,Yes
91261,Yes
91262,Yes
91263,No
91264,Yes
91265,No
91266,No
91267,Yes
91268,No
91269,Yes
91270,No
91271,Yes
91272,No
91273,No
91274,Yes
91275,Yes
91276,No
91277,No
91278,Yes
91279,Yes
91280,Yes
91281,Yes
91282,Yes
91283,Yes
91284,Yes
91285,Yes
91286,Yes
91287,Yes
91288,Yes
91289,Yes
91290,Yes
91291,No
91292,Yes
91293,No
91294,No
91295,No
91296,Yes
91297,Yes
91298,Yes
91299,Yes
91300,Yes
91301,Yes
91302,Yes
91303,Yes
91304,Yes
91305,Yes
91306,No
91307,No
91308,Yes
91309,No
91310,Yes
91311,No
91312,Yes
91313,No
91314,No
91315,No
91316,No
91317,No
91318,Yes
91319,Yes
91320,No
91321,Yes
91322,No
91323,Yes
91324,Yes
91325,No
91326,No
91327,Yes
91328,No
91329,Yes
91330,No
91331,No
91332,No
91333,No
91334,No
91335,No
91336,No
91337,Yes
91338,Yes
91339,Yes
91340,No
91341,No
91342,No
91343,Yes
91344,No
91345,No
91346,No
91347,Yes
91348,Yes
91349,Yes
91350,No
91351,Yes
91352,Yes
91353,Yes
91354,Yes
91355,No
91356,Yes
91357,No
91358,Yes
91359,Yes
91360,Yes
91361,Yes
91362,Yes
91363,No
91364,No
91365,Yes
91366,No
91367,Yes
91368,No
91369,No
91370,No
91371,Yes
91372,Yes
91373,Yes
91374,Yes
91375,Yes
91376,Yes
91377,No
91378,Yes
91379,No
91380,Yes
91381,No
91382,Yes
91383,Yes
91384,No
91385,No
91386,Yes
91387,No
91388,Yes
91389,Yes
91390,Yes
91391,Yes
91392,No
91393,No
91394,No
91395,Yes
91396,No
91397,No
91398,Yes
91399,Yes
91400,Yes
91401,Yes
91402,Yes
91403,Yes
91404,Yes
91405,No
91406,Yes
91407,No
91408,No
91409,No
91410,No
91411,No
91412,Yes
91413,No
91414,Yes
91415,Yes
91416,No
91417,No
91418,Yes
91419,Yes
91420,No
91421,Yes
91422,Yes
91423,Yes
91424,Yes
91425,Yes
91426,No
91427,No
91428,Yes
91429,No
91430,No
91431,Yes
91432,Yes
91433,No
91434,Yes
91435,No
91436,No
91437,Yes
91438,Yes
91439,Yes
91440,No
91441,Yes
91442,Yes
91443,Yes
91444,Yes
91445,Yes
91446,No
91447,No
91448,No
91449,Yes
91450,Yes
91451,Yes
91452,Yes
91453,Yes
91454,Yes
91455,Yes
91456,Yes
91457,Yes
91458,Yes
91459,No
91460,Yes
91461,No
91462,No
91463,No
91464,Yes
91465,Yes
91466,Yes
91467,Yes
91468,No
91469,No
91470,Yes
91471,No
91472,No
91473,No
91474,Yes
91475,Yes
91476,Yes
91477,Yes
91478,No
91479,Yes
91480,No
91481,Yes
91482,Yes
91483,Yes
91484,No
91485,No
91486,Yes
91487,Yes
91488,Yes
91489,Yes
91490,Yes
91491,Yes
91492,No
91493,No
91494,No
91495,Yes
91496,No
91497,No
91498,No
91499,No
91500,No
91501,Yes
91502,Yes
91503,Yes
91504,No
91505,No
91506,Yes
91507,Yes
91508,No
91509,Yes
91510,Yes
91511,Yes
91512,Yes
91513,Yes
91514,No
91515,Yes
91516,No
91517,Yes
91518,No
91519,Yes
91520,Yes
91521,No
91522,Yes
91523,Yes
91524,No
91525,Yes
91526,No
91527,No
91528,No
91529,Yes
91530,Yes
91531,No
91532,No
91533,Yes
91534,Yes
91535,Yes
91536,No
91537,No
91538,No
91539,Yes
91540,Yes
91541,No
91542,No
91543,Yes
91544,No
91545,Yes
91546,No
91547,No
91548,Yes
91549,No
91550,Yes
91551,No
91552,No
91553,Yes
91554,Yes
91555,Yes
91556,No
91557,No
91558,No
91559,Yes
91560,No
91561,Yes
91562,Yes
91563,No
91564,Yes
91565,No
91566,No
91567,Yes
91568,Yes
91569,Yes
91570,Yes
91571,No
91572,Yes
91573,Yes
91574,Yes
91575,Yes
91576,Yes
91577,Yes
91578,No
91579,Yes
91580,No
91581,No
91582,Yes
91583,No
91584,No
91585,Yes
91586,Yes
91587,No
91588,No
91589,No
91590,No
91591,Yes
91592,Yes
91593,No
91594,No
91595,Yes
91596,Yes
91597,Yes
91598,Yes
91599,Yes
91600,Yes
91601,No
91602,Yes
91603,No
91604,Yes
91605,Yes
91606,Yes
91607,Yes
91608,Yes
91609,No
91610,Yes
91611,No
91612,No
91613,No
91614,No
91615,Yes
91616,Yes
91617,No
91618,No
91619,No
91620,Yes
91621,No
91622,No
91623,Yes
91624,Yes
91625,Yes
91626,Yes
91627,No
91628,Yes
91629,Yes
91630,Yes
91631,No
91632,No
91633,Yes
91634,Yes
91635,No
91636,Yes
91637,Yes
91638,No
91639,Yes
91640,Yes
91641,Yes
91642,No
91643,Yes
91644,No
91645,Yes
91646,No
91647,Yes
91648,Yes
91649,No
91650,No
91651,No
91652,Yes
91653,No
91654,Yes
91655,No
91656,Yes
91657,No
91658,No
91659,No
91660,No
91661,Yes
91662,No
91663,Yes
91664,Yes
91665,No
91666,No
91667,No
91668,No
91669,No
91670,No
91671,No
91672,Yes
91673,No
91674,Yes
91675,Yes
91676,Yes
91677,No
91678,No
91679,Yes
91680,Yes
91681,Yes
91682,No
91683,No
91684,No
91685,No
91686,No
91687,No
91688,No
91689,Yes
91690,Yes
91691,Yes
91692,Yes
91693,No
91694,Yes
91695,Yes
91696,No
91697,Yes
91698,Yes
91699,Yes
91700,Yes
91701,No
91702,Yes
91703,Yes
91704,No
91705,Yes
91706,Yes
91707,No
91708,Yes
91709,Yes
91710,No
91711,Yes
91712,No
91713,Yes
91714,Yes
91715,Yes
91716,No
91717,No
91718,No
91719,Yes
91720,No
91721,No
91722,Yes
91723,Yes
91724,Yes
91725,No
91726,Yes
91727,No
91728,No
91729,Yes
91730,No
91731,Yes
91732,Yes
91733,No
91734,No
91735,Yes
91736,No
91737,Yes
91738,No
91739,No
91740,Yes
91741,No
91742,No
91743,Yes
91744,No
91745,Yes
91746,Yes
91747,No
91748,No
91749,No
91750,Yes
91751,Yes
91752,No
91753,No
91754,Yes
91755,Yes
91756,No
91757,No
91758,Yes
91759,No
91760,No
91761,Yes
91762,Yes
91763,No
91764,Yes
91765,Yes
91766,Yes
91767,No
91768,Yes
91769,No
91770,No
91771,No
91772,No
91773,No
91774,No
91775,Yes
91776,Yes
91777,Yes
91778,Yes
91779,Yes
91780,No
91781,No
91782,Yes
91783,Yes
91784,Yes
91785,Yes
91786,No
91787,Yes
91788,No
91789,No
91790,No
91791,No
91792,No
91793,No
91794,Yes
91795,Yes
91796,Yes
91797,No
91798,No
91799,Yes
91800,No
91801,No
91802,No
91803,No
91804,Yes
91805,No
91806,No
91807,No
91808,Yes
91809,No
91810,Yes
91811,No
91812,No
91813,No
91814,Yes
91815,Yes
91816,Yes
91817,No
91818,Yes
91819,No
91820,No
91821,Yes
91822,No
91823,No
91824,No
91825,No
91826,Yes
91827,No
91828,Yes
91829,Yes
91830,No
91831,Yes
91832,No
91833,No
91834,Yes
91835,Yes
91836,No
91837,No
91838,No
91839,No
91840,Yes
91841,Yes
91842,Yes
91843,No
91844,No
91845,Yes
91846,Yes
91847,Yes
91848,Yes
91849,No
91850,Yes
91851,No
91852,Yes
91853,Yes
91854,No
91855,Yes
91856,Yes
91857,No
91858,Yes
91859,No
91860,No
91861,No
91862,No
91863,No
91864,No
91865,No
91866,No
91867,No
91868,No
91869,Yes
91870,No
91871,No
91872,No
91873,Yes
91874,No
91875,No
91876,No
91877,No
91878,No
91879,Yes
91880,No
91881,No
91882,No
91883,Yes
91884,No
91885,Yes
91886,No
91887,Yes
91888,Yes
91889,Yes
91890,Yes
91891,No
91892,Yes
91893,No
91894,No
91895,Yes
91896,No
91897,No
91898,Yes
91899,Yes
91900,Yes
91901,Yes
91902,Yes
91903,Yes
91904,No
91905,No
91906,Yes
91907,No
91908,Yes
91909,Yes
91910,Yes
91911,Yes
91912,Yes
91913,Yes
91914,No
91915,No
91916,Yes
91917,No
91918,Yes
91919,Yes
91920,Yes
91921,Yes
91922,No
91923,Yes
91924,Yes
91925,No
91926,Yes
91927,Yes
91928,No
91929,No
91930,Yes
91931,No
91932,Yes
91933,Yes
91934,No
91935,Yes
91936,Yes
91937,No
91938,Yes
91939,Yes
91940,No
91941,No
91942,No
91943,No
91944,Yes
91945,Yes
91946,No
91947,Yes
91948,Yes
91949,Yes
91950,No
91951,No
91952,No
91953,No
91954,Yes
91955,No
91956,Yes
91957,Yes
91958,No
91959,No
91960,No
91961,No
91962,No
91963,No
91964,No
91965,No
91966,Yes
91967,Yes
91968,Yes
91969,Yes
91970,Yes
91971,Yes
91972,No
91973,No
91974,No
91975,Yes
91976,Yes
91977,Yes
91978,Yes
91979,Yes
91980,Yes
91981,No
91982,Yes
91983,Yes
91984,Yes
91985,Yes
91986,Yes
91987,No
91988,No
91989,No
91990,Yes
91991,No
91992,No
91993,Yes
91994,Yes
91995,Yes
91996,No
91997,Yes
91998,Yes
91999,Yes
92000,Yes
92001,No
92002,No
92003,Yes
92004,Yes
92005,No
92006,Yes
92007,No
92008,Yes
92009,No
92010,No
92011,No
92012,No
92013,Yes
92014,No
92015,Yes
92016,Yes
92017,Yes
92018,Yes
92019,Yes
92020,No
92021,No
92022,Yes
92023,Yes
92024,No
92025,No
92026,Yes
92027,Yes
92028,Yes
92029,No
92030,No
92031,Yes
92032,Yes
92033,Yes
92034,No
92035,No
92036,Yes
92037,Yes
92038,No
92039,Yes
92040,No
92041,Yes
92042,Yes
92043,Yes
92044,Yes
92045,Yes
92046,Yes
92047,No
92048,Yes
92049,Yes
92050,Yes
92051,Yes
92052,No
92053,No
92054,Yes
92055,Yes
92056,No
92057,Yes
92058,Yes
92059,Yes
92060,Yes
92061,Yes
92062,No
92063,No
92064,Yes
92065,Yes
92066,No
92067,No
92068,No
92069,No
92070,Yes
92071,No
92072,Yes
92073,Yes
92074,Yes
92075,Yes
92076,Yes
92077,Yes
92078,Yes
92079,No
92080,Yes
92081,No
92082,Yes
92083,No
92084,Yes
92085,Yes
92086,No
92087,Yes
92088,Yes
92089,Yes
92090,Yes
92091,Yes
92092,Yes
92093,No
92094,No
92095,No
92096,No
92097,Yes
92098,No
92099,Yes
92100,No
92101,No
92102,Yes
92103,No
92104,Yes
92105,Yes
92106,No
92107,Yes
92108,No
92109,Yes
92110,No
92111,Yes
92112,Yes
92113,No
92114,No
92115,No
92116,Yes
92117,No
92118,No
92119,Yes
92120,Yes
92121,No
92122,No
92123,No
92124,Yes
92125,No
92126,Yes
92127,Yes
92128,Yes
92129,No
92130,Yes
92131,No
92132,Yes
92133,No
92134,Yes
92135,Yes
92136,No
92137,No
92138,No
92139,No
92140,No
92141,Yes
92142,No
92143,Yes
92144,Yes
92145,No
92146,No
92147,Yes
92148,Yes
92149,Yes
92150,Yes
92151,Yes
92152,Yes
92153,Yes
92154,Yes
92155,Yes
92156,No
92157,Yes
92158,No
92159,Yes
92160,Yes
92161,Yes
92162,Yes
92163,Yes
92164,Yes
92165,No
92166,Yes
92167,Yes
92168,Yes
92169,No
92170,Yes
92171,Yes
92172,No
92173,No
92174,Yes
92175,Yes
92176,Yes
92177,No
92178,No
92179,Yes
92180,No
92181,Yes
92182,Yes
92183,No
92184,No
92185,Yes
92186,No
92187,No
92188,No
92189,No
92190,Yes
92191,Yes
92192,Yes
92193,Yes
92194,No
92195,Yes
92196,Yes
92197,No
92198,Yes
92199,No
92200,No
92201,Yes
92202,Yes
92203,No
92204,Yes
92205,Yes
92206,Yes
92207,Yes
92208,No
92209,Yes
92210,No
92211,Yes
92212,No
92213,No
92214,Yes
92215,No
92216,Yes
92217,Yes
92218,No
92219,Yes
92220,No
92221,Yes
92222,No
92223,Yes
92224,Yes
92225,No
92226,Yes
92227,Yes
92228,No
92229,Yes
92230,Yes
92231,Yes
92232,No
92233,Yes
92234,Yes
92235,No
92236,Yes
92237,Yes
92238,Yes
92239,Yes
92240,Yes
92241,No
92242,No
92243,No
92244,Yes
92245,No
92246,Yes
92247,No
92248,No
92249,Yes
92250,No
92251,Yes
92252,Yes
92253,Yes
92254,No
92255,Yes
92256,Yes
92257,No
92258,No
92259,Yes
92260,Yes
92261,No
92262,No
92263,Yes
92264,No
92265,Yes
92266,No
92267,Yes
92268,Yes
92269,No
92270,No
92271,Yes
92272,Yes
92273,No
92274,Yes
92275,Yes
92276,Yes
92277,No
92278,No
92279,No
92280,Yes
92281,No
92282,Yes
92283,Yes
92284,No
92285,No
92286,Yes
92287,No
92288,Yes
92289,No
92290,Yes
92291,Yes
92292,Yes
92293,No
92294,Yes
92295,No
92296,No
92297,Yes
92298,No
92299,Yes
92300,Yes
92301,Yes
92302,No
92303,Yes
92304,No
92305,Yes
92306,No
92307,Yes
92308,No
92309,Yes
92310,No
92311,No
92312,Yes
92313,Yes
92314,Yes
92315,No
92316,No
92317,Yes
92318,No
92319,No
92320,Yes
92321,Yes
92322,Yes
92323,No
92324,Yes
92325,No
92326,Yes
92327,Yes
92328,Yes
92329,Yes
92330,No
92331,No
92332,Yes
92333,No
92334,No
92335,No
92336,No
92337,No
92338,Yes
92339,Yes
92340,Yes
92341,Yes
92342,No
92343,Yes
92344,Yes
92345,Yes
92346,No
92347,Yes
92348,Yes
92349,No
92350,No
92351,No
92352,No
92353,No
92354,No
92355,Yes
92356,Yes
92357,No
92358,Yes
92359,Yes
92360,No
92361,No
92362,No
92363,Yes
92364,No
92365,Yes
92366,No
92367,Yes
92368,Yes
92369,Yes
92370,No
92371,No
92372,Yes
92373,Yes
92374,No
92375,No
92376,Yes
92377,No
92378,No
92379,No
92380,Yes
92381,Yes
92382,Yes
92383,No
92384,No
92385,No
92386,No
92387,Yes
92388,Yes
92389,No
92390,No
92391,Yes
92392,No
92393,No
92394,Yes
92395,Yes
92396,No
92397,No
92398,No
92399,Yes
92400,No
92401,No
92402,No
92403,Yes
92404,Yes
92405,Yes
92406,Yes
92407,Yes
92408,Yes
92409,Yes
92410,No
92411,Yes
92412,No
92413,Yes
92414,Yes
92415,Yes
92416,Yes
92417,No
92418,No
92419,No
92420,Yes
92421,No
92422,No
92423,No
92424,Yes
92425,No
92426,Yes
92427,Yes
92428,Yes
92429,Yes
92430,Yes
92431,No
92432,No
92433,Yes
92434,No
92435,No
92436,Yes
92437,No
92438,No
92439,No
92440,No
92441,Yes
92442,No
92443,Yes
92444,Yes
92445,No
92446,No
92447,Yes
92448,Yes
92449,No
92450,Yes
92451,Yes
92452,Yes
92453,Yes
92454,No
92455,Yes
92456,No
92457,Yes
92458,No
92459,Yes
92460,Yes
92461,Yes
92462,Yes
92463,Yes
92464,Yes
92465,Yes
92466,No
92467,Yes
92468,No
92469,Yes
92470,No
92471,Yes
92472,No
92473,Yes
92474,No
92475,No
92476,No
92477,Yes
92478,Yes
92479,Yes
92480,Yes
92481,Yes
92482,No
92483,Yes
92484,No
92485,Yes
92486,No
92487,Yes
92488,No
92489,No
92490,No
92491,Yes
92492,No
92493,Yes
92494,Yes
92495,No
92496,Yes
92497,No
92498,Yes
92499,No
92500,Yes
92501,No
92502,Yes
92503,Yes
92504,Yes
92505,Yes
92506,No
92507,Yes
92508,Yes
92509,Yes
92510,Yes
92511,No
92512,No
92513,No
92514,Yes
92515,No
92516,No
92517,Yes
92518,Yes
92519,Yes
92520,No
92521,Yes
92522,No
92523,Yes
92524,No
92525,Yes
92526,No
92527,Yes
92528,Yes
92529,Yes
92530,Yes
92531,Yes
92532,No
92533,No
92534,No
92535,No
92536,No
92537,No
92538,No
92539,No
92540,Yes
92541,Yes
92542,No
92543,Yes
92544,Yes
92545,Yes
92546,No
92547,No
92548,Yes
92549,Yes
92550,Yes
92551,Yes
92552,Yes
92553,Yes
92554,No
92555,No
92556,Yes
92557,No
92558,No
92559,No
92560,No
92561,No
92562,Yes
92563,No
92564,No
92565,No
92566,Yes
92567,Yes
92568,No
92569,No
92570,Yes
92571,Yes
92572,No
92573,No
92574,Yes
92575,Yes
92576,Yes
92577,Yes
92578,No
92579,No
92580,Yes
92581,Yes
92582,No
92583,Yes
92584,Yes
92585,No
92586,No
92587,No
92588,No
92589,Yes
92590,Yes
92591,Yes
92592,No
92593,Yes
92594,No
92595,No
92596,No
92597,Yes
92598,No
92599,Yes
92600,No
92601,Yes
92602,Yes
92603,No
92604,No
92605,Yes
92606,No
92607,Yes
92608,No
92609,Yes
92610,Yes
92611,Yes
92612,No
92613,Yes
92614,Yes
92615,No
92616,Yes
92617,No
92618,No
92619,No
92620,No
92621,Yes
92622,Yes
92623,Yes
92624,Yes
92625,Yes
92626,Yes
92627,Yes
92628,Yes
92629,No
92630,Yes
92631,Yes
92632,Yes
92633,Yes
92634,Yes
92635,Yes
92636,Yes
92637,Yes
92638,Yes
92639,No
92640,Yes
92641,Yes
92642,Yes
92643,Yes
92644,Yes
92645,Yes
92646,Yes
92647,No
92648,Yes
92649,No
92650,Yes
92651,Yes
92652,No
92653,No
92654,No
92655,Yes
92656,Yes
92657,No
92658,Yes
92659,Yes
92660,No
92661,Yes
92662,Yes
92663,No
92664,No
92665,Yes
92666,Yes
92667,No
92668,Yes
92669,Yes
92670,No
92671,No
92672,No
92673,No
92674,Yes
92675,Yes
92676,Yes
92677,No
92678,Yes
92679,No
92680,Yes
92681,Yes
92682,Yes
92683,No
92684,Yes
92685,Yes
92686,Yes
92687,No
92688,No
92689,Yes
92690,Yes
92691,Yes
92692,Yes
92693,No
92694,Yes
92695,Yes
92696,Yes
92697,Yes
92698,Yes
92699,No
92700,No
92701,Yes
92702,Yes
92703,No
92704,Yes
92705,No
92706,Yes
92707,Yes
92708,No
92709,Yes
92710,No
92711,No
92712,Yes
92713,Yes
92714,No
92715,Yes
92716,No
92717,Yes
92718,Yes
92719,Yes
92720,Yes
92721,Yes
92722,Yes
92723,Yes
92724,Yes
92725,Yes
92726,Yes
92727,Yes
92728,No
92729,Yes
92730,No
92731,No
92732,Yes
92733,No
92734,Yes
92735,No
92736,Yes
92737,No
92738,No
92739,No
92740,No
92741,Yes
92742,Yes
92743,No
92744,Yes
92745,Yes
92746,Yes
92747,No
92748,Yes
92749,No
92750,No
92751,No
92752,Yes
92753,No
92754,Yes
92755,Yes
92756,Yes
92757,No
92758,Yes
92759,Yes
92760,Yes
92761,No
92762,Yes
92763,Yes
92764,No
92765,No
92766,No
92767,No
92768,Yes
92769,Yes
92770,No
92771,Yes
92772,No
92773,Yes
92774,Yes
92775,Yes
92776,Yes
92777,Yes
92778,No
92779,No
92780,No
92781,No
92782,Yes
92783,No
92784,Yes
92785,No
92786,Yes
92787,No
92788,No
92789,Yes
92790,Yes
92791,Yes
92792,No
92793,Yes
92794,No
92795,No
92796,Yes
92797,No
92798,No
92799,Yes
92800,No
92801,No
92802,No
92803,Yes
92804,Yes
92805,No
92806,No
92807,Yes
92808,Yes
92809,No
92810,Yes
92811,Yes
92812,No
92813,Yes
92814,Yes
92815,No
92816,Yes
92817,Yes
92818,Yes
92819,Yes
92820,No
92821,Yes
92822,No
92823,No
92824,No
92825,Yes
92826,Yes
92827,Yes
92828,Yes
92829,Yes
92830,No
92831,No
92832,Yes
92833,Yes
92834,Yes
92835,No
92836,Yes
92837,Yes
92838,No
92839,No
92840,Yes
92841,Yes
92842,Yes
92843,Yes
92844,No
92845,No
92846,Yes
92847,No
92848,No
92849,No
92850,Yes
92851,No
92852,Yes
92853,Yes
92854,No
92855,Yes
92856,Yes
92857,Yes
92858,No
92859,Yes
92860,Yes
92861,No
92862,Yes
92863,No
92864,Yes
92865,No
92866,Yes
92867,Yes
92868,Yes
92869,Yes
92870,Yes
92871,Yes
92872,Yes
92873,Yes
92874,Yes
92875,No
92876,Yes
92877,No
92878,Yes
92879,No
92880,No
92881,No
92882,Yes
92883,Yes
92884,No
92885,No
92886,No
92887,No
92888,Yes
92889,No
92890,Yes
92891,Yes
92892,No
92893,Yes
92894,No
92895,Yes
92896,No
92897,No
92898,No
92899,No
92900,No
92901,No
92902,No
92903,No
92904,Yes
92905,No
92906,No
92907,No
92908,Yes
92909,Yes
92910,No
92911,Yes
92912,No
92913,No
92914,No
92915,No
92916,No
92917,No
92918,Yes
92919,Yes
92920,Yes
92921,Yes
92922,Yes
92923,No
92924,No
92925,Yes
92926,No
92927,No
92928,Yes
92929,Yes
92930,Yes
92931,No
92932,No
92933,No
92934,Yes
92935,Yes
92936,Yes
92937,No
92938,Yes
92939,No
92940,No
92941,Yes
92942,Yes
92943,No
92944,No
92945,Yes
92946,No
92947,Yes
92948,No
92949,No
92950,Yes
92951,Yes
92952,Yes
92953,No
92954,No
92955,Yes
92956,Yes
92957,No
92958,No
92959,Yes
92960,No
92961,Yes
92962,Yes
92963,Yes
92964,No
92965,Yes
92966,No
92967,No
92968,No
92969,Yes
92970,No
92971,Yes
92972,No
92973,Yes
92974,No
92975,No
92976,No
92977,Yes
92978,No
92979,No
92980,No
92981,No
92982,Yes
92983,No
92984,Yes
92985,Yes
92986,Yes
92987,Yes
92988,No
92989,No
92990,No
92991,Yes
92992,Yes
92993,No
92994,Yes
92995,Yes
92996,No
92997,Yes
92998,No
92999,Yes
93000,No
93001,Yes
93002,No
93003,Yes
93004,Yes
93005,Yes
93006,Yes
93007,No
93008,No
93009,No
93010,Yes
93011,Yes
93012,Yes
93013,Yes
93014,Yes
93015,Yes
93016,No
93017,Yes
93018,No
93019,Yes
93020,Yes
93021,Yes
93022,Yes
93023,Yes
93024,No
93025,Yes
93026,Yes
93027,Yes
93028,No
93029,No
93030,No
93031,Yes
93032,Yes
93033,No
93034,No
93035,Yes
93036,No
93037,Yes
93038,Yes
93039,Yes
93040,No
93041,No
93042,Yes
93043,No
93044,No
93045,Yes
93046,Yes
93047,No
93048,No
93049,Yes
93050,No
93051,No
93052,Yes
93053,Yes
93054,Yes
93055,Yes
93056,No
93057,Yes
93058,Yes
93059,Yes
93060,Yes
93061,Yes
93062,No
93063,No
93064,No
93065,No
93066,No
93067,No
93068,No
93069,Yes
93070,Yes
93071,No
93072,No
93073,Yes
93074,Yes
93075,Yes
93076,Yes
93077,Yes
93078,No
93079,Yes
93080,No
93081,Yes
93082,Yes
93083,No
93084,Yes
93085,No
93086,Yes
93087,Yes
93088,Yes
93089,Yes
93090,Yes
93091,Yes
93092,Yes
93093,No
93094,Yes
93095,Yes
93096,Yes
93097,Yes
93098,No
93099,No
93100,Yes
93101,Yes
93102,Yes
93103,No
93104,No
93105,No
93106,Yes
93107,No
93108,No
93109,Yes
93110,Yes
93111,Yes
93112,Yes
93113,Yes
93114,Yes
93115,No
93116,No
93117,No
93118,Yes
93119,Yes
93120,Yes
93121,Yes
93122,No
93123,Yes
93124,No
93125,Yes
93126,Yes
93127,No
93128,Yes
93129,Yes
93130,Yes
93131,Yes
93132,Yes
93133,Yes
93134,No
93135,Yes
93136,No
93137,Yes
93138,Yes
93139,Yes
93140,Yes
93141,No
93142,Yes
93143,No
93144,No
93145,No
93146,No
93147,Yes
93148,Yes
93149,No
93150,Yes
93151,Yes
93152,Yes
93153,No
93154,Yes
93155,No
93156,No
93157,No
93158,Yes
93159,No
93160,No
93161,Yes
93162,No
93163,Yes
93164,No
93165,Yes
93166,No
93167,No
93168,No
93169,No
93170,No
93171,Yes
93172,No
93173,Yes
93174,No
93175,No
93176,No
93177,No
93178,No
93179,Yes
93180,Yes
93181,No
93182,Yes
93183,Yes
93184,No
93185,Yes
93186,Yes
93187,Yes
93188,Yes
93189,No
93190,No
93191,Yes
93192,Yes
93193,Yes
93194,No
93195,No
93196,Yes
93197,Yes
93198,Yes
93199,No
93200,Yes
93201,Yes
93202,No
93203,Yes
93204,Yes
93205,No
93206,No
93207,Yes
93208,Yes
93209,Yes
93210,Yes
93211,Yes
93212,Yes
93213,No
93214,No
93215,Yes
93216,No
93217,Yes
93218,No
93219,Yes
93220,Yes
93221,Yes
93222,Yes
93223,Yes
93224,Yes
93225,No
93226,No
93227,Yes
93228,Yes
93229,No
93230,Yes
93231,No
93232,Yes
93233,No
93234,Yes
93235,Yes
93236,No
93237,No
93238,No
93239,No
93240,Yes
93241,Yes
93242,No
93243,No
93244,No
93245,Yes
93246,No
93247,Yes
93248,No
93249,Yes
93250,Yes
93251,Yes
93252,Yes
93253,No
93254,No
93255,No
93256,Yes
93257,Yes
93258,Yes
93259,Yes
93260,No
93261,Yes
93262,Yes
93263,Yes
93264,Yes
93265,Yes
93266,No
93267,Yes
93268,No
93269,Yes
93270,Yes
93271,Yes
93272,No
93273,Yes
93274,No
93275,No
93276,No
93277,Yes
93278,Yes
93279,Yes
93280,Yes
93281,No
93282,Yes
93283,No
93284,Yes
93285,Yes
93286,Yes
93287,Yes
93288,No
93289,Yes
93290,No
93291,Yes
93292,Yes
93293,Yes
93294,No
93295,No
93296,No
93297,Yes
93298,No
93299,Yes
93300,Yes
93301,No
93302,No
93303,Yes
93304,Yes
93305,No
93306,Yes
93307,Yes
93308,Yes
93309,No
93310,Yes
93311,Yes
93312,Yes
93313,No
93314,Yes
93315,Yes
93316,Yes
93317,Yes
93318,No
93319,Yes
93320,Yes
93321,No
93322,No
93323,Yes
93324,Yes
93325,Yes
93326,Yes
93327,No
93328,No
93329,Yes
93330,No
93331,Yes
93332,No
93333,Yes
93334,Yes
93335,No
93336,Yes
93337,No
93338,No
93339,Yes
93340,No
93341,Yes
93342,Yes
93343,Yes
93344,No
93345,Yes
93346,Yes
93347,No
93348,Yes
93349,No
93350,Yes
93351,Yes
93352,Yes
93353,Yes
93354,No
93355,Yes
93356,No
93357,No
93358,Yes
93359,No
93360,No
93361,Yes
93362,Yes
93363,Yes
93364,Yes
93365,Yes
93366,No
93367,No
93368,Yes
93369,No
93370,Yes
93371,Yes
93372,Yes
93373,No
93374,No
93375,Yes
93376,Yes
93377,Yes
93378,Yes
93379,No
93380,No
93381,Yes
93382,Yes
93383,Yes
93384,Yes
93385,Yes
93386,Yes
93387,Yes
93388,No
93389,Yes
93390,No
93391,No
93392,Yes
93393,Yes
93394,No
93395,Yes
93396,Yes
93397,Yes
93398,No
93399,Yes
93400,Yes
93401,Yes
93402,Yes
93403,Yes
93404,Yes
93405,No
93406,No
93407,Yes
93408,No
93409,No
93410,Yes
93411,No
93412,No
93413,Yes
93414,Yes
93415,Yes
93416,No
93417,No
93418,No
93419,No
93420,Yes
93421,Yes
93422,Yes
93423,No
93424,Yes
93425,No
93426,No
93427,Yes
93428,Yes
93429,Yes
93430,Yes
93431,Yes
93432,No
93433,No
93434,Yes
93435,No
93436,No
93437,Yes
93438,No
93439,No
93440,Yes
93441,Yes
93442,No
93443,No
93444,Yes
93445,Yes
93446,Yes
93447,Yes
93448,No
93449,No
93450,No
93451,Yes
93452,No
93453,No
93454,No
93455,No
93456,No
93457,No
93458,Yes
93459,Yes
93460,Yes
93461,No
93462,No
93463,No
93464,Yes
93465,No
93466,No
93467,No
93468,No
93469,Yes
93470,No
93471,No
93472,Yes
93473,Yes
93474,No
93475,No
93476,No
93477,Yes
93478,Yes
93479,No
93480,Yes
93481,No
93482,No
93483,Yes
93484,No
93485,Yes
93486,Yes
93487,Yes
93488,Yes
93489,Yes
93490,Yes
93491,Yes
93492,No
93493,Yes
93494,No
93495,No
93496,No
93497,Yes
93498,Yes
93499,Yes
93500,Yes
93501,Yes
93502,Yes
93503,No
93504,No
93505,Yes
93506,Yes
93507,No
93508,No
93509,No
93510,Yes
93511,No
93512,No
93513,Yes
93514,No
93515,No
93516,Yes
93517,Yes
93518,Yes
93519,Yes
93520,No
93521,Yes
93522,No
93523,Yes
93524,No
93525,Yes
93526,Yes
93527,No
93528,Yes
93529,Yes
93530,No
93531,Yes
93532,No
93533,No
93534,Yes
93535,Yes
93536,Yes
93537,Yes
93538,Yes
93539,Yes
93540,No
93541,Yes
93542,Yes
93543,No
93544,Yes
93545,Yes
93546,Yes
93547,Yes
93548,Yes
93549,Yes
93550,Yes
93551,No
93552,No
93553,No
93554,No
93555,Yes
93556,No
93557,No
93558,Yes
93559,Yes
93560,No
93561,No
93562,No
93563,No
93564,Yes
93565,Yes
93566,Yes
93567,No
93568,Yes
93569,Yes
93570,Yes
93571,Yes
93572,Yes
93573,No
93574,No
93575,Yes
93576,No
93577,Yes
93578,Yes
93579,No
93580,Yes
93581,Yes
93582,Yes
93583,Yes
93584,No
93585,Yes
93586,Yes
93587,No
93588,Yes
93589,Yes
93590,No
93591,Yes
93592,No
93593,Yes
93594,No
93595,No
93596,Yes
93597,No
93598,Yes
93599,Yes
93600,Yes
93601,No
93602,No
93603,No
93604,No
93605,Yes
93606,No
93607,Yes
93608,No
93609,No
93610,No
93611,Yes
93612,Yes
93613,Yes
93614,Yes
93615,Yes
93616,Yes
93617,No
93618,Yes
93619,No
93620,No
93621,Yes
93622,Yes
93623,No
93624,Yes
93625,Yes
93626,Yes
93627,No
93628,No
93629,No
93630,Yes
93631,Yes
93632,No
93633,Yes
93634,Yes
93635,Yes
93636,No
93637,No
93638,No
93639,No
93640,Yes
93641,Yes
93642,No
93643,No
93644,Yes
93645,Yes
93646,Yes
93647,No
93648,Yes
93649,No
93650,No
93651,No
93652,Yes
93653,No
93654,Yes
93655,No
93656,Yes
93657,No
93658,Yes
93659,No
93660,Yes
93661,Yes
93662,No
93663,Yes
93664,Yes
93665,Yes
93666,Yes
93667,No
93668,Yes
93669,Yes
93670,Yes
93671,Yes
93672,Yes
93673,Yes
93674,No
93675,No
93676,No
93677,Yes
93678,Yes
93679,Yes
93680,Yes
93681,Yes
93682,No
93683,Yes
93684,No
93685,Yes
93686,Yes
93687,Yes
93688,Yes
93689,No
93690,No
93691,Yes
93692,Yes
93693,No
93694,Yes
93695,No
93696,No
93697,Yes
93698,No
93699,Yes
93700,Yes
93701,Yes
93702,No
93703,Yes
93704,Yes
93705,Yes
93706,No
93707,No
93708,Yes
93709,No
93710,No
93711,Yes
93712,No
93713,No
93714,Yes
93715,No
93716,Yes
93717,No
93718,No
93719,No
93720,Yes
93721,No
93722,Yes
93723,No
93724,No
93725,No
93726,Yes
93727,No
93728,Yes
93729,No
93730,Yes
93731,Yes
93732,No
93733,Yes
93734,Yes
93735,Yes
93736,Yes
93737,Yes
93738,Yes
93739,Yes
93740,No
93741,Yes
93742,No
93743,Yes
93744,No
93745,Yes
93746,Yes
93747,Yes
93748,Yes
93749,No
93750,No
93751,No
93752,Yes
93753,No
93754,Yes
93755,Yes
93756,No
93757,Yes
93758,Yes
93759,No
93760,Yes
93761,No
93762,Yes
93763,Yes
93764,No
93765,Yes
93766,Yes
93767,Yes
93768,Yes
93769,No
93770,Yes
93771,Yes
93772,No
93773,No
93774,Yes
93775,Yes
93776,Yes
93777,Yes
93778,Yes
93779,Yes
93780,Yes
93781,Yes
93782,Yes
93783,Yes
93784,Yes
93785,No
93786,No
93787,Yes
93788,Yes
93789,No
93790,No
93791,Yes
93792,Yes
93793,Yes
93794,No
93795,No
93796,No
93797,Yes
93798,Yes
93799,No
93800,No
93801,Yes
93802,Yes
93803,No
93804,No
93805,Yes
93806,Yes
93807,Yes
93808,No
93809,No
93810,Yes
93811,Yes
93812,No
93813,No
93814,No
93815,Yes
93816,No
93817,No
93818,No
93819,Yes
93820,Yes
93821,No
93822,No
93823,Yes
93824,Yes
93825,No
93826,No
93827,No
93828,Yes
93829,Yes
93830,No
93831,Yes
93832,Yes
93833,Yes
93834,No
93835,Yes
93836,Yes
93837,Yes
93838,Yes
93839,No
93840,No
93841,No
93842,No
93843,Yes
93844,No
93845,No
93846,No
93847,Yes
93848,Yes
93849,No
93850,No
93851,Yes
93852,Yes
93853,No
93854,No
93855,Yes
93856,No
93857,No
93858,Yes
93859,Yes
93860,Yes
93861,Yes
93862,Yes
93863,No
93864,Yes
93865,No
93866,No
93867,Yes
93868,Yes
93869,Yes
93870,Yes
93871,No
93872,No
93873,No
93874,No
93875,Yes
93876,Yes
93877,Yes
93878,Yes
93879,Yes
93880,Yes
93881,Yes
93882,No
93883,Yes
93884,No
93885,Yes
93886,No
93887,Yes
93888,Yes
93889,Yes
93890,Yes
93891,No
93892,Yes
93893,Yes
93894,No
93895,Yes
93896,Yes
93897,No
93898,No
93899,Yes
93900,No
93901,Yes
93902,Yes
93903,Yes
93904,Yes
93905,Yes
93906,No
93907,Yes
93908,Yes
93909,No
93910,Yes
93911,Yes
93912,Yes
93913,Yes
93914,No
93915,No
93916,No
93917,Yes
93918,Yes
93919,No
93920,Yes
93921,Yes
93922,No
93923,Yes
93924,No
93925,No
93926,Yes
93927,Yes
93928,No
93929,Yes
93930,Yes
93931,No
93932,No
93933,Yes
93934,No
93935,Yes
93936,No
93937,Yes
93938,Yes
93939,No
93940,Yes
93941,No
93942,Yes
93943,Yes
93944,No
93945,Yes
93946,No
93947,Yes
93948,Yes
93949,No
93950,No
93951,No
93952,No
93953,Yes
93954,Yes
93955,No
93956,No
93957,Yes
93958,No
93959,No
93960,Yes
93961,No
93962,No
93963,No
93964,Yes
93965,Yes
93966,No
93967,No
93968,Yes
93969,No
93970,No
93971,Yes
93972,Yes
93973,Yes
93974,No
93975,No
93976,Yes
93977,Yes
93978,Yes
93979,Yes
93980,No
93981,Yes
93982,Yes
93983,No
93984,Yes
93985,No
93986,Yes
93987,Yes
93988,No
93989,No
93990,Yes
93991,No
93992,No
93993,Yes
93994,Yes
93995,Yes
93996,No
93997,No
93998,Yes
93999,Yes
94000,No
94001,No
94002,Yes
94003,Yes
94004,No
94005,No
94006,No
94007,No
94008,No
94009,No
94010,No
94011,No
94012,No
94013,Yes
94014,No
94015,No
94016,Yes
94017,Yes
94018,Yes
94019,Yes
94020,Yes
94021,Yes
94022,Yes
94023,Yes
94024,No
94025,Yes
94026,Yes
94027,Yes
94028,No
94029,Yes
94030,Yes
94031,No
94032,No
94033,Yes
94034,Yes
94035,No
94036,Yes
94037,Yes
94038,No
94039,Yes
94040,No
94041,Yes
94042,No
94043,Yes
94044,Yes
94045,No
94046,No
94047,Yes
94048,Yes
94049,Yes
94050,Yes
94051,No
94052,Yes
94053,No
94054,Yes
94055,Yes
94056,Yes
94057,No
94058,No
94059,Yes
94060,Yes
94061,Yes
94062,Yes
94063,Yes
94064,Yes
94065,No
94066,Yes
94067,Yes
94068,Yes
94069,Yes
94070,Yes
94071,Yes
94072,Yes
94073,No
94074,Yes
94075,Yes
94076,No
94077,Yes
94078,No
94079,Yes
94080,No
94081,Yes
94082,Yes
94083,Yes
94084,Yes
94085,No
94086,No
94087,No
94088,Yes
94089,Yes
94090,No
94091,No
94092,Yes
94093,Yes
94094,Yes
94095,Yes
94096,Yes
94097,Yes
94098,Yes
94099,No
94100,No
94101,No
94102,Yes
94103,No
94104,No
94105,Yes
94106,Yes
94107,Yes
94108,No
94109,Yes
94110,No
94111,No
94112,Yes
94113,No
94114,No
94115,No
94116,No
94117,Yes
94118,No
94119,Yes
94120,No
94121,No
94122,No
94123,Yes
94124,Yes
94125,No
94126,Yes
94127,No
94128,Yes
94129,No
94130,Yes
94131,No
94132,Yes
94133,Yes
94134,Yes
94135,No
94136,No
94137,Yes
94138,Yes
94139,Yes
94140,Yes
94141,Yes
94142,Yes
94143,No
94144,Yes
94145,Yes
94146,Yes
94147,No
94148,No
94149,No
94150,Yes
94151,No
94152,No
94153,Yes
94154,No
94155,Yes
94156,No
94157,Yes
94158,Yes
94159,Yes
94160,Yes
94161,Yes
94162,No
94163,Yes
94164,No
94165,Yes
94166,No
94167,Yes
94168,No
94169,No
94170,Yes
94171,No
94172,Yes
94173,Yes
94174,Yes
94175,No
94176,No
94177,No
94178,No
94179,Yes
94180,Yes
94181,No
94182,No
94183,Yes
94184,Yes
94185,No
94186,No
94187,No
94188,Yes
94189,Yes
94190,No
94191,No
94192,No
94193,No
94194,No
94195,No
94196,Yes
94197,Yes
94198,Yes
94199,Yes
94200,Yes
94201,Yes
94202,Yes
94203,Yes
94204,No
94205,Yes
94206,Yes
94207,No
94208,Yes
94209,Yes
94210,No
94211,Yes
94212,No
94213,Yes
94214,No
94215,Yes
94216,Yes
94217,Yes
94218,No
94219,No
94220,Yes
94221,Yes
94222,No
94223,No
94224,Yes
94225,No
94226,No
94227,No
94228,No
94229,Yes
94230,No
94231,Yes
94232,Yes
94233,No
94234,Yes
94235,No
94236,Yes
94237,Yes
94238,No
94239,No
94240,No
94241,No
94242,Yes
94243,No
94244,Yes
94245,Yes
94246,Yes
94247,Yes
94248,Yes
94249,Yes
94250,No
94251,No
94252,No
94253,No
94254,Yes
94255,No
94256,Yes
94257,Yes
94258,Yes
94259,No
94260,No
94261,Yes
94262,Yes
94263,Yes
94264,No
94265,Yes
94266,No
94267,Yes
94268,Yes
94269,Yes
94270,Yes
94271,Yes
94272,Yes
94273,No
94274,Yes
94275,Yes
94276,No
94277,No
94278,Yes
94279,Yes
94280,No
94281,Yes
94282,Yes
94283,No
94284,Yes
94285,Yes
94286,No
94287,No
94288,Yes
94289,Yes
94290,No
94291,Yes
94292,Yes
94293,Yes
94294,Yes
94295,Yes
94296,No
94297,Yes
94298,No
94299,Yes
94300,Yes
94301,No
94302,Yes
94303,Yes
94304,No
94305,No
94306,Yes
94307,No
94308,No
94309,No
94310,Yes
94311,Yes
94312,No
94313,No
94314,No
94315,Yes
94316,Yes
94317,Yes
94318,No
94319,Yes
94320,No
94321,No
94322,Yes
94323,No
94324,Yes
94325,Yes
94326,No
94327,No
94328,Yes
94329,Yes
94330,Yes
94331,Yes
94332,Yes
94333,No
94334,Yes
94335,No
94336,Yes
94337,Yes
94338,Yes
94339,Yes
94340,Yes
94341,No
94342,No
94343,Yes
94344,Yes
94345,Yes
94346,Yes
94347,No
94348,Yes
94349,Yes
94350,No
94351,Yes
94352,No
94353,Yes
94354,Yes
94355,No
94356,Yes
94357,No
94358,Yes
94359,Yes
94360,No
94361,No
94362,No
94363,Yes
94364,No
94365,No
94366,No
94367,Yes
94368,Yes
94369,Yes
94370,Yes
94371,Yes
94372,Yes
94373,No
94374,Yes
94375,Yes
94376,Yes
94377,No
94378,Yes
94379,No
94380,No
94381,No
94382,No
94383,Yes
94384,Yes
94385,No
94386,Yes
94387,No
94388,Yes
94389,No
94390,Yes
94391,No
94392,Yes
94393,Yes
94394,No
94395,Yes
94396,Yes
94397,No
94398,No
94399,No
94400,Yes
94401,No
94402,No
94403,No
94404,No
94405,Yes
94406,Yes
94407,No
94408,Yes
94409,Yes
94410,Yes
94411,No
94412,No
94413,No
94414,Yes
94415,Yes
94416,No
94417,No
94418,No
94419,Yes
94420,Yes
94421,No
94422,No
94423,Yes
94424,No
94425,No
94426,Yes
94427,Yes
94428,No
94429,Yes
94430,Yes
94431,Yes
94432,Yes
94433,No
94434,No
94435,Yes
94436,Yes
94437,No
94438,No
94439,Yes
94440,No
94441,No
94442,Yes
94443,Yes
94444,No
94445,Yes
94446,Yes
94447,No
94448,No
94449,Yes
94450,No
94451,Yes
94452,Yes
94453,No
94454,Yes
94455,Yes
94456,Yes
94457,No
94458,No
94459,Yes
94460,Yes
94461,No
94462,Yes
94463,Yes
94464,Yes
94465,Yes
94466,Yes
94467,No
94468,Yes
94469,No
94470,Yes
94471,Yes
94472,No
94473,Yes
94474,No
94475,No
94476,Yes
94477,No
94478,No
94479,Yes
94480,Yes
94481,Yes
94482,No
94483,No
94484,Yes
94485,No
94486,No
94487,Yes
94488,Yes
94489,Yes
94490,Yes
94491,No
94492,Yes
94493,Yes
94494,Yes
94495,Yes
94496,No
94497,Yes
94498,No
94499,No
94500,Yes
94501,No
94502,Yes
94503,Yes
94504,No
94505,Yes
94506,Yes
94507,Yes
94508,No
94509,Yes
94510,No
94511,No
94512,Yes
94513,Yes
94514,No
94515,No
94516,No
94517,No
94518,Yes
94519,Yes
94520,Yes
94521,Yes
94522,No
94523,Yes
94524,Yes
94525,Yes
94526,Yes
94527,No
94528,Yes
94529,No
94530,Yes
94531,Yes
94532,Yes
94533,No
94534,No
94535,No
94536,No
94537,Yes
94538,No
94539,No
94540,Yes
94541,Yes
94542,Yes
94543,No
94544,Yes
94545,Yes
94546,No
94547,No
94548,Yes
94549,Yes
94550,No
94551,No
94552,No
94553,Yes
94554,Yes
94555,Yes
94556,No
94557,Yes
94558,Yes
94559,Yes
94560,Yes
94561,Yes
94562,Yes
94563,No
94564,No
94565,Yes
94566,Yes
94567,No
94568,Yes
94569,Yes
94570,No
94571,Yes
94572,Yes
94573,No
94574,No
94575,No
94576,Yes
94577,Yes
94578,No
94579,Yes
94580,Yes
94581,No
94582,Yes
94583,No
94584,No
94585,No
94586,No
94587,Yes
94588,No
94589,Yes
94590,No
94591,Yes
94592,No
94593,Yes
94594,No
94595,No
94596,Yes
94597,No
94598,No
94599,Yes
94600,No
94601,Yes
94602,Yes
94603,Yes
94604,No
94605,No
94606,Yes
94607,Yes
94608,No
94609,No
94610,Yes
94611,No
94612,Yes
94613,No
94614,Yes
94615,No
94616,Yes
94617,No
94618,Yes
94619,Yes
94620,Yes
94621,No
94622,No
94623,Yes
94624,Yes
94625,Yes
94626,No
94627,Yes
94628,No
94629,Yes
94630,Yes
94631,Yes
94632,Yes
94633,Yes
94634,Yes
94635,No
94636,No
94637,No
94638,Yes
94639,Yes
94640,Yes
94641,No
94642,Yes
94643,Yes
94644,Yes
94645,Yes
94646,No
94647,No
94648,Yes
94649,Yes
94650,No
94651,Yes
94652,Yes
94653,No
94654,No
94655,No
94656,Yes
94657,Yes
94658,Yes
94659,Yes
94660,Yes
94661,No
94662,No
94663,Yes
94664,Yes
94665,Yes
94666,No
94667,No
94668,No
94669,Yes
94670,No
94671,Yes
94672,Yes
94673,Yes
94674,Yes
94675,Yes
94676,No
94677,Yes
94678,Yes
94679,Yes
94680,No
94681,No
94682,Yes
94683,No
94684,Yes
94685,Yes
94686,No
94687,Yes
94688,Yes
94689,Yes
94690,No
94691,No
94692,No
94693,Yes
94694,Yes
94695,No
94696,No
94697,Yes
94698,Yes
94699,Yes
94700,Yes
94701,No
94702,No
94703,No
94704,Yes
94705,Yes
94706,Yes
94707,No
94708,No
94709,Yes
94710,Yes
94711,Yes
94712,Yes
94713,No
94714,No
94715,No
94716,No
94717,Yes
94718,Yes
94719,Yes
94720,No
94721,Yes
94722,Yes
94723,Yes
94724,No
94725,Yes
94726,Yes
94727,Yes
94728,No
94729,Yes
94730,Yes
94731,No
94732,Yes
94733,Yes
94734,No
94735,Yes
94736,Yes
94737,Yes
94738,No
94739,No
94740,No
94741,Yes
94742,Yes
94743,Yes
94744,Yes
94745,Yes
94746,Yes
94747,No
94748,No
94749,No
94750,No
94751,No
94752,Yes
94753,No
94754,No
94755,Yes
94756,Yes
94757,No
94758,Yes
94759,Yes
94760,Yes
94761,Yes
94762,Yes
94763,No
94764,No
94765,No
94766,Yes
94767,No
94768,Yes
94769,No
94770,No
94771,Yes
94772,Yes
94773,Yes
94774,No
94775,No
94776,Yes
94777,Yes
94778,Yes
94779,Yes
94780,Yes
94781,Yes
94782,No
94783,Yes
94784,No
94785,No
94786,No
94787,Yes
94788,Yes
94789,Yes
94790,Yes
94791,No
94792,No
94793,Yes
94794,Yes
94795,Yes
94796,No
94797,Yes
94798,Yes
94799,Yes
94800,No
94801,No
94802,No
94803,No
94804,No
94805,No
94806,No
94807,No
94808,No
94809,Yes
94810,No
94811,No
94812,No
94813,Yes
94814,No
94815,No
94816,No
94817,No
94818,No
94819,No
94820,Yes
94821,Yes
94822,Yes
94823,No
94824,Yes
94825,Yes
94826,No
94827,Yes
94828,No
94829,Yes
94830,Yes
94831,No
94832,No
94833,Yes
94834,No
94835,No
94836,No
94837,Yes
94838,Yes
94839,Yes
94840,No
94841,Yes
94842,No
94843,Yes
94844,No
94845,Yes
94846,No
94847,No
94848,No
94849,Yes
94850,Yes
94851,No
94852,No
94853,Yes
94854,No
94855,Yes
94856,No
94857,No
94858,No
94859,No
94860,No
94861,Yes
94862,Yes
94863,Yes
94864,Yes
94865,Yes
94866,Yes
94867,No
94868,Yes
94869,Yes
94870,Yes
94871,Yes
94872,No
94873,Yes
94874,No
94875,No
94876,Yes
94877,No
94878,Yes
94879,Yes
94880,No
94881,No
94882,No
94883,No
94884,Yes
94885,Yes
94886,No
94887,Yes
94888,No
94889,No
94890,No
94891,No
94892,No
94893,Yes
94894,No
94895,No
94896,Yes
94897,No
94898,Yes
94899,No
94900,Yes
94901,No
94902,No
94903,Yes
94904,No
94905,No
94906,No
94907,Yes
94908,Yes
94909,Yes
94910,No
94911,Yes
94912,No
94913,Yes
94914,Yes
94915,Yes
94916,No
94917,Yes
94918,No
94919,Yes
94920,Yes
94921,No
94922,Yes
94923,No
94924,Yes
94925,Yes
94926,Yes
94927,Yes
94928,Yes
94929,No
94930,No
94931,No
94932,No
94933,Yes
94934,Yes
94935,No
94936,Yes
94937,Yes
94938,Yes
94939,No
94940,Yes
94941,Yes
94942,Yes
94943,Yes
94944,Yes
94945,No
94946,No
94947,Yes
94948,Yes
94949,No
94950,No
94951,Yes
94952,No
94953,Yes
94954,No
94955,Yes
94956,Yes
94957,Yes
94958,No
94959,Yes
94960,Yes
94961,Yes
94962,Yes
94963,Yes
94964,Yes
94965,No
94966,Yes
94967,No
94968,Yes
94969,Yes
94970,Yes
94971,Yes
94972,Yes
94973,Yes
94974,No
94975,Yes
94976,Yes
94977,Yes
94978,No
94979,No
94980,Yes
94981,No
94982,No
94983,No
94984,No
94985,Yes
94986,Yes
94987,No
94988,Yes
94989,Yes
94990,No
94991,Yes
94992,No
94993,No
94994,Yes
94995,Yes
94996,Yes
94997,Yes
94998,Yes
94999,Yes
95000,Yes
95001,No
95002,Yes
95003,No
95004,Yes
95005,No
95006,Yes
95007,Yes
95008,No
95009,Yes
95010,No
95011,Yes
95012,No
95013,No
95014,Yes
95015,No
95016,Yes
95017,No
95018,Yes
95019,Yes
95020,No
95021,Yes
95022,Yes
95023,No
95024,Yes
95025,No
95026,No
95027,No
95028,No
95029,Yes
95030,No
95031,Yes
95032,Yes
95033,No
95034,Yes
95035,Yes
95036,Yes
95037,Yes
95038,Yes
95039,Yes
95040,Yes
95041,Yes
95042,Yes
95043,No
95044,Yes
95045,Yes
95046,Yes
95047,Yes
95048,Yes
95049,Yes
95050,Yes
95051,No
95052,Yes
95053,Yes
95054,No
95055,Yes
95056,Yes
95057,Yes
95058,Yes
95059,No
95060,No
95061,Yes
95062,Yes
95063,Yes
95064,No
95065,No
95066,Yes
95067,Yes
95068,No
95069,No
95070,Yes
95071,No
95072,Yes
95073,Yes
95074,No
95075,Yes
95076,No
95077,No
95078,Yes
95079,Yes
95080,Yes
95081,Yes
95082,Yes
95083,No
95084,Yes
95085,No
95086,Yes
95087,No
95088,No
95089,Yes
95090,Yes
95091,No
95092,No
95093,No
95094,No
95095,Yes
95096,Yes
95097,Yes
95098,Yes
95099,Yes
95100,No
95101,No
95102,Yes
95103,No
95104,Yes
95105,No
95106,No
95107,No
95108,No
95109,No
95110,Yes
95111,Yes
95112,Yes
95113,Yes
95114,No
95115,Yes
95116,Yes
95117,No
95118,Yes
95119,No
95120,Yes
95121,Yes
95122,Yes
95123,Yes
95124,No
95125,No
95126,No
95127,No
95128,No
95129,Yes
95130,Yes
95131,No
95132,No
95133,Yes
95134,No
95135,Yes
95136,Yes
95137,Yes
95138,Yes
95139,Yes
95140,No
95141,Yes
95142,Yes
95143,No
95144,Yes
95145,Yes
95146,Yes
95147,No
95148,Yes
95149,No
95150,Yes
95151,Yes
95152,Yes
95153,No
95154,Yes
95155,No
95156,No
95157,Yes
95158,Yes
95159,No
95160,No
95161,No
95162,Yes
95163,Yes
95164,No
95165,Yes
95166,Yes
95167,No
95168,Yes
95169,Yes
95170,No
95171,Yes
95172,Yes
95173,Yes
95174,Yes
95175,Yes
95176,Yes
95177,Yes
95178,No
95179,Yes
95180,No
95181,No
95182,Yes
95183,No
95184,No
95185,Yes
95186,Yes
95187,Yes
95188,Yes
95189,No
95190,No
95191,Yes
95192,Yes
95193,No
95194,Yes
95195,Yes
95196,Yes
95197,Yes
95198,Yes
95199,Yes
95200,Yes
95201,Yes
95202,Yes
95203,Yes
95204,Yes
95205,No
95206,No
95207,Yes
95208,No
95209,Yes
95210,Yes
95211,Yes
95212,No
95213,Yes
95214,Yes
95215,No
95216,Yes
95217,No
95218,Yes
95219,No
95220,No
95221,No
95222,No
95223,Yes
95224,Yes
95225,Yes
95226,No
95227,Yes
95228,Yes
95229,Yes
95230,Yes
95231,Yes
95232,No
95233,Yes
95234,No
95235,Yes
95236,No
95237,No
95238,No
95239,No
95240,Yes
95241,No
95242,No
95243,Yes
95244,Yes
95245,No
95246,Yes
95247,No
95248,Yes
95249,No
95250,Yes
95251,Yes
95252,Yes
95253,No
95254,No
95255,No
95256,No
95257,No
95258,No
95259,Yes
95260,Yes
95261,Yes
95262,Yes
95263,No
95264,Yes
95265,No
95266,Yes
95267,Yes
95268,No
95269,Yes
95270,No
95271,Yes
95272,Yes
95273,No
95274,Yes
95275,No
95276,No
95277,No
95278,Yes
95279,Yes
95280,No
95281,No
95282,No
95283,No
95284,Yes
95285,No
95286,No
95287,Yes
95288,Yes
95289,Yes
95290,Yes
95291,Yes
95292,Yes
95293,Yes
95294,Yes
95295,Yes
95296,Yes
95297,Yes
95298,No
95299,No
95300,Yes
95301,No
95302,No
95303,Yes
95304,Yes
95305,Yes
95306,Yes
95307,No
95308,Yes
95309,No
95310,Yes
95311,Yes
95312,Yes
95313,Yes
95314,Yes
95315,Yes
95316,Yes
95317,Yes
95318,No
95319,No
95320,Yes
95321,No
95322,Yes
95323,Yes
95324,Yes
95325,Yes
95326,Yes
95327,Yes
95328,Yes
95329,Yes
95330,Yes
95331,Yes
95332,Yes
95333,Yes
95334,Yes
95335,No
95336,Yes
95337,Yes
95338,Yes
95339,Yes
95340,No
95341,No
95342,No
95343,No
95344,No
95345,Yes
95346,No
95347,Yes
95348,Yes
95349,Yes
95350,No
95351,No
95352,Yes
95353,No
95354,Yes
95355,No
95356,Yes
95357,No
95358,No
95359,Yes
95360,No
95361,No
95362,Yes
95363,Yes
95364,Yes
95365,No
95366,Yes
95367,No
95368,No
95369,Yes
95370,No
95371,Yes
95372,No
95373,No
95374,Yes
95375,Yes
95376,Yes
95377,No
95378,No
95379,Yes
95380,Yes
95381,No
95382,Yes
95383,Yes
95384,Yes
95385,Yes
95386,Yes
95387,No
95388,No
95389,Yes
95390,Yes
95391,Yes
95392,No
95393,Yes
95394,No
95395,Yes
95396,Yes
95397,No
95398,Yes
95399,No
95400,Yes
95401,No
95402,Yes
95403,Yes
95404,No
95405,No
95406,No
95407,No
95408,Yes
95409,No
95410,Yes
95411,No
95412,No
95413,No
95414,Yes
95415,Yes
95416,No
95417,Yes
95418,No
95419,No
95420,Yes
95421,Yes
95422,Yes
95423,No
95424,No
95425,Yes
95426,Yes
95427,No
95428,Yes
95429,Yes
95430,Yes
95431,No
95432,No
95433,No
95434,Yes
95435,Yes
95436,No
95437,Yes
95438,Yes
95439,No
95440,Yes
95441,No
95442,No
95443,Yes
95444,No
95445,Yes
95446,No
95447,Yes
95448,No
95449,No
95450,No
95451,No
95452,No
95453,Yes
95454,No
95455,No
95456,Yes
95457,No
95458,No
95459,No
95460,Yes
95461,Yes
95462,No
95463,No
95464,No
95465,No
95466,Yes
95467,Yes
95468,Yes
95469,No
95470,Yes
95471,No
95472,No
95473,Yes
95474,No
95475,No
95476,Yes
95477,Yes
95478,Yes
95479,No
95480,Yes
95481,Yes
95482,Yes
95483,Yes
95484,No
95485,No
95486,No
95487,Yes
95488,No
95489,Yes
95490,No
95491,No
95492,Yes
95493,No
95494,No
95495,No
95496,No
95497,Yes
95498,No
95499,No
95500,Yes
95501,No
95502,Yes
95503,Yes
95504,Yes
95505,No
95506,Yes
95507,No
95508,Yes
95509,No
95510,Yes
95511,No
95512,No
95513,No
95514,Yes
95515,Yes
95516,No
95517,Yes
95518,Yes
95519,Yes
95520,Yes
95521,Yes
95522,Yes
95523,No
95524,No
95525,Yes
95526,Yes
95527,No
95528,Yes
95529,No
95530,No
95531,No
95532,No
95533,No
95534,Yes
95535,Yes
95536,Yes
95537,No
95538,No
95539,No
95540,Yes
95541,No
95542,Yes
95543,Yes
95544,No
95545,Yes
95546,Yes
95547,Yes
95548,No
95549,Yes
95550,No
95551,No
95552,No
95553,Yes
95554,Yes
95555,Yes
95556,Yes
95557,No
95558,No
95559,Yes
95560,No
95561,No
95562,Yes
95563,No
95564,Yes
95565,Yes
95566,Yes
95567,Yes
95568,No
95569,No
95570,Yes
95571,Yes
95572,No
95573,No
95574,No
95575,No
95576,Yes
95577,Yes
95578,No
95579,Yes
95580,Yes
95581,Yes
95582,Yes
95583,Yes
95584,Yes
95585,Yes
95586,Yes
95587,Yes
95588,Yes
95589,No
95590,Yes
95591,Yes
95592,No
95593,Yes
95594,No
95595,No
95596,No
95597,Yes
95598,Yes
95599,Yes
95600,No
95601,Yes
95602,Yes
95603,No
95604,No
95605,Yes
95606,No
95607,No
95608,No
95609,No
95610,Yes
95611,No
95612,No
95613,Yes
95614,Yes
95615,Yes
95616,Yes
95617,Yes
95618,Yes
95619,Yes
95620,Yes
95621,Yes
95622,Yes
95623,Yes
95624,No
95625,Yes
95626,Yes
95627,No
95628,No
95629,Yes
95630,Yes
95631,No
95632,No
95633,No
95634,Yes
95635,Yes
95636,No
95637,Yes
95638,No
95639,Yes
95640,No
95641,No
95642,Yes
95643,Yes
95644,No
95645,Yes
95646,Yes
95647,No
95648,Yes
95649,Yes
95650,No
95651,Yes
95652,Yes
95653,Yes
95654,No
95655,No
95656,No
95657,No
95658,No
95659,No
95660,No
95661,Yes
95662,No
95663,Yes
95664,Yes
95665,No
95666,Yes
95667,Yes
95668,No
95669,Yes
95670,Yes
95671,Yes
95672,Yes
95673,No
95674,Yes
95675,No
95676,No
95677,No
95678,No
95679,No
95680,No
95681,Yes
95682,Yes
95683,No
95684,Yes
95685,Yes
95686,No
95687,No
95688,Yes
95689,Yes
95690,No
95691,No
95692,Yes
95693,Yes
95694,Yes
95695,Yes
95696,Yes
95697,Yes
95698,No
95699,No
95700,No
95701,Yes
95702,Yes
95703,No
95704,Yes
95705,Yes
95706,Yes
95707,No
95708,No
95709,No
95710,No
95711,No
95712,Yes
95713,Yes
95714,Yes
95715,Yes
95716,Yes
95717,Yes
95718,Yes
95719,No
95720,No
95721,Yes
95722,Yes
95723,Yes
95724,Yes
95725,No
95726,Yes
95727,No
95728,No
95729,Yes
95730,Yes
95731,No
95732,Yes
95733,Yes
95734,No
95735,Yes
95736,No
95737,Yes
95738,Yes
95739,Yes
95740,No
95741,Yes
95742,No
95743,No
95744,No
95745,Yes
95746,Yes
95747,Yes
95748,Yes
95749,Yes
95750,Yes
95751,Yes
95752,Yes
95753,No
95754,No
95755,Yes
95756,No
95757,Yes
95758,Yes
95759,No
95760,Yes
95761,No
95762,No
95763,Yes
95764,Yes
95765,Yes
95766,No
95767,Yes
95768,No
95769,No
95770,No
95771,Yes
95772,Yes
95773,No
95774,No
95775,Yes
95776,No
95777,No
95778,No
95779,Yes
95780,Yes
95781,Yes
95782,Yes
95783,No
95784,Yes
95785,No
95786,Yes
95787,Yes
95788,No
95789,No
95790,Yes
95791,Yes
95792,No
95793,Yes
95794,Yes
95795,No
95796,Yes
95797,No
95798,Yes
95799,No
95800,Yes
95801,Yes
95802,Yes
95803,Yes
95804,Yes
95805,No
95806,No
95807,Yes
95808,No
95809,Yes
95810,Yes
95811,Yes
95812,No
95813,Yes
95814,No
95815,No
95816,No
95817,Yes
95818,No
95819,No
95820,Yes
95821,No
95822,Yes
95823,No
95824,No
95825,No
95826,Yes
95827,Yes
95828,Yes
95829,No
95830,Yes
95831,No
95832,Yes
95833,No
95834,Yes
95835,Yes
95836,Yes
95837,Yes
95838,Yes
95839,No
95840,No
95841,Yes
95842,No
95843,Yes
95844,No
95845,No
95846,Yes
95847,No
95848,No
95849,No
95850,No
95851,Yes
95852,Yes
95853,Yes
95854,No
95855,No
95856,No
95857,Yes
95858,No
95859,No
95860,Yes
95861,No
95862,Yes
95863,Yes
95864,No
95865,Yes
95866,Yes
95867,Yes
95868,Yes
95869,No
95870,Yes
95871,Yes
95872,Yes
95873,Yes
95874,Yes
95875,No
95876,Yes
95877,No
95878,Yes
95879,No
95880,Yes
95881,Yes
95882,Yes
95883,No
95884,No
95885,No
95886,Yes
95887,Yes
95888,No
95889,No
95890,Yes
95891,Yes
95892,No
95893,No
95894,Yes
95895,Yes
95896,Yes
95897,Yes
95898,No
95899,No
95900,Yes
95901,Yes
95902,No
95903,No
95904,Yes
95905,Yes
95906,No
95907,Yes
95908,Yes
95909,Yes
95910,Yes
95911,Yes
95912,Yes
95913,No
95914,No
95915,No
95916,Yes
95917,Yes
95918,Yes
95919,Yes
95920,Yes
95921,No
95922,No
95923,No
95924,No
95925,No
95926,Yes
95927,Yes
95928,Yes
95929,Yes
95930,Yes
95931,Yes
95932,No
95933,No
95934,Yes
95935,Yes
95936,No
95937,No
95938,Yes
95939,Yes
95940,Yes
95941,No
95942,No
95943,Yes
95944,Yes
95945,No
95946,Yes
95947,No
95948,No
95949,No
95950,Yes
95951,Yes
95952,Yes
95953,Yes
95954,No
95955,No
95956,No
95957,Yes
95958,Yes
95959,Yes
95960,Yes
95961,No
95962,No
95963,No
95964,No
95965,No
95966,No
95967,Yes
95968,Yes
95969,No
95970,No
95971,Yes
95972,Yes
95973,No
95974,Yes
95975,Yes
95976,Yes
95977,No
95978,Yes
95979,Yes
95980,No
95981,No
95982,No
95983,No
95984,No
95985,No
95986,Yes
95987,Yes
95988,No
95989,Yes
95990,Yes
95991,Yes
95992,Yes
95993,Yes
95994,No
95995,Yes
95996,No
95997,No
95998,No
95999,Yes
96000,No
96001,No
96002,Yes
96003,Yes
96004,No
96005,No
96006,No
96007,Yes
96008,Yes
96009,No
96010,Yes
96011,No
96012,No
96013,Yes
96014,No
96015,No
96016,Yes
96017,Yes
96018,Yes
96019,Yes
96020,No
96021,Yes
96022,No
96023,No
96024,Yes
96025,Yes
96026,Yes
96027,No
96028,No
96029,Yes
96030,No
96031,No
96032,Yes
96033,No
96034,No
96035,No
96036,Yes
96037,Yes
96038,Yes
96039,No
96040,Yes
96041,Yes
96042,Yes
96043,Yes
96044,No
96045,Yes
96046,Yes
96047,No
96048,No
96049,Yes
96050,Yes
96051,No
96052,Yes
96053,No
96054,Yes
96055,Yes
96056,No
96057,Yes
96058,No
96059,Yes
96060,No
96061,No
96062,No
96063,No
96064,Yes
96065,No
96066,No
96067,No
96068,No
96069,No
96070,No
96071,No
96072,Yes
96073,Yes
96074,No
96075,No
96076,No
96077,Yes
96078,Yes
96079,No
96080,Yes
96081,No
96082,Yes
96083,Yes
96084,Yes
96085,Yes
96086,No
96087,Yes
96088,Yes
96089,No
96090,Yes
96091,No
96092,Yes
96093,No
96094,No
96095,Yes
96096,Yes
96097,Yes
96098,No
96099,No
96100,No
96101,Yes
96102,Yes
96103,No
96104,No
96105,Yes
96106,No
96107,No
96108,No
96109,Yes
96110,Yes
96111,Yes
96112,Yes
96113,Yes
96114,Yes
96115,No
96116,Yes
96117,No
96118,No
96119,Yes
96120,Yes
96121,Yes
96122,No
96123,Yes
96124,Yes
96125,No
96126,Yes
96127,Yes
96128,No
96129,No
96130,No
96131,Yes
96132,No
96133,No
96134,Yes
96135,Yes
96136,Yes
96137,Yes
96138,No
96139,Yes
96140,Yes
96141,Yes
96142,Yes
96143,Yes
96144,Yes
96145,Yes
96146,Yes
96147,No
96148,Yes
96149,No
96150,Yes
96151,Yes
96152,No
96153,Yes
96154,Yes
96155,Yes
96156,Yes
96157,No
96158,Yes
96159,No
96160,Yes
96161,Yes
96162,Yes
96163,No
96164,Yes
96165,No
96166,No
96167,No
96168,Yes
96169,No
96170,Yes
96171,No
96172,Yes
96173,No
96174,No
96175,No
96176,No
96177,Yes
96178,Yes
96179,No
96180,Yes
96181,No
96182,No
96183,Yes
96184,No
96185,No
96186,Yes
96187,No
96188,No
96189,No
96190,Yes
96191,No
96192,No
96193,Yes
96194,Yes
96195,Yes
96196,No
96197,Yes
96198,Yes
96199,Yes
96200,Yes
96201,Yes
96202,Yes
96203,No
96204,No
96205,Yes
96206,Yes
96207,Yes
96208,No
96209,No
96210,Yes
96211,No
96212,No
96213,Yes
96214,Yes
96215,Yes
96216,Yes
96217,No
96218,Yes
96219,No
96220,Yes
96221,Yes
96222,Yes
96223,Yes
96224,No
96225,No
96226,No
96227,No
96228,No
96229,Yes
96230,No
96231,Yes
96232,Yes
96233,Yes
96234,Yes
96235,Yes
96236,No
96237,Yes
96238,No
96239,Yes
96240,Yes
96241,Yes
96242,No
96243,Yes
96244,No
96245,Yes
96246,No
96247,Yes
96248,No
96249,No
96250,No
96251,Yes
96252,No
96253,Yes
96254,Yes
96255,No
96256,No
96257,No
96258,No
96259,Yes
96260,Yes
96261,No
96262,Yes
96263,No
96264,Yes
96265,Yes
96266,Yes
96267,Yes
96268,No
96269,No
96270,Yes
96271,Yes
96272,Yes
96273,Yes
96274,Yes
96275,Yes
96276,Yes
96277,Yes
96278,No
96279,Yes
96280,No
96281,No
96282,No
96283,Yes
96284,Yes
96285,Yes
96286,No
96287,Yes
96288,Yes
96289,No
96290,No
96291,Yes
96292,No
96293,No
96294,Yes
96295,Yes
96296,No
96297,No
96298,Yes
96299,No
96300,Yes
96301,Yes
96302,Yes
96303,No
96304,Yes
96305,Yes
96306,Yes
96307,No
96308,No
96309,No
96310,Yes
96311,No
96312,No
96313,No
96314,Yes
96315,No
96316,No
96317,Yes
96318,No
96319,Yes
96320,Yes
96321,Yes
96322,Yes
96323,Yes
96324,No
96325,Yes
96326,No
96327,No
96328,Yes
96329,Yes
96330,No
96331,No
96332,Yes
96333,No
96334,Yes
96335,Yes
96336,No
96337,Yes
96338,Yes
96339,Yes
96340,Yes
96341,Yes
96342,Yes
96343,No
96344,Yes
96345,No
96346,No
96347,No
96348,Yes
96349,Yes
96350,Yes
96351,Yes
96352,No
96353,Yes
96354,No
96355,Yes
96356,Yes
96357,Yes
96358,Yes
96359,Yes
96360,No
96361,Yes
96362,No
96363,No
96364,Yes
96365,Yes
96366,Yes
96367,Yes
96368,No
96369,Yes
96370,Yes
96371,Yes
96372,Yes
96373,No
96374,Yes
96375,No
96376,Yes
96377,Yes
96378,No
96379,Yes
96380,No
96381,No
96382,Yes
96383,No
96384,Yes
96385,Yes
96386,Yes
96387,No
96388,No
96389,Yes
96390,No
96391,Yes
96392,No
96393,Yes
96394,Yes
96395,Yes
96396,No
96397,No
96398,No
96399,No
96400,Yes
96401,No
96402,No
96403,Yes
96404,No
96405,Yes
96406,Yes
96407,No
96408,No
96409,No
96410,Yes
96411,No
96412,Yes
96413,No
96414,Yes
96415,Yes
96416,Yes
96417,Yes
96418,Yes
96419,Yes
96420,No
96421,Yes
96422,Yes
96423,No
96424,Yes
96425,No
96426,No
96427,No
96428,No
96429,No
96430,Yes
96431,Yes
96432,Yes
96433,No
96434,Yes
96435,Yes
96436,Yes
96437,Yes
96438,Yes
96439,No
96440,No
96441,No
96442,Yes
96443,Yes
96444,Yes
96445,No
96446,Yes
96447,Yes
96448,Yes
96449,No
96450,Yes
96451,Yes
96452,No
96453,Yes
96454,No
96455,No
96456,No
96457,No
96458,Yes
96459,No
96460,Yes
96461,Yes
96462,Yes
96463,Yes
96464,No
96465,No
96466,No
96467,Yes
96468,Yes
96469,Yes
96470,Yes
96471,Yes
96472,No
96473,Yes
96474,No
96475,No
96476,No
96477,Yes
96478,Yes
96479,Yes
96480,Yes
96481,No
96482,No
96483,Yes
96484,Yes
96485,No
96486,No
96487,No
96488,No
96489,No
96490,Yes
96491,No
96492,Yes
96493,No
96494,Yes
96495,No
96496,No
96497,No
96498,Yes
96499,Yes
96500,Yes
96501,No
96502,No
96503,Yes
96504,No
96505,No
96506,Yes
96507,Yes
96508,No
96509,Yes
96510,No
96511,Yes
96512,Yes
96513,No
96514,Yes
96515,Yes
96516,Yes
96517,No
96518,No
96519,No
96520,No
96521,Yes
96522,Yes
96523,Yes
96524,Yes
96525,Yes
96526,Yes
96527,Yes
96528,No
96529,No
96530,Yes
96531,Yes
96532,No
96533,No
96534,Yes
96535,Yes
96536,Yes
96537,Yes
96538,No
96539,Yes
96540,Yes
96541,No
96542,Yes
96543,Yes
96544,No
96545,No
96546,Yes
96547,No
96548,No
96549,Yes
96550,No
96551,No
96552,Yes
96553,No
96554,No
96555,No
96556,No
96557,Yes
96558,Yes
96559,Yes
96560,No
96561,Yes
96562,No
96563,No
96564,Yes
96565,Yes
96566,No
96567,No
96568,Yes
96569,Yes
96570,Yes
96571,No
96572,No
96573,Yes
96574,No
96575,No
96576,Yes
96577,Yes
96578,Yes
96579,Yes
96580,Yes
96581,Yes
96582,Yes
96583,No
96584,No
96585,Yes
96586,Yes
96587,Yes
96588,Yes
96589,Yes
96590,Yes
96591,Yes
96592,No
96593,Yes
96594,No
96595,No
96596,Yes
96597,No
96598,No
96599,Yes
96600,Yes
96601,No
96602,Yes
96603,Yes
96604,Yes
96605,Yes
96606,Yes
96607,Yes
96608,Yes
96609,Yes
96610,Yes
96611,Yes
96612,Yes
96613,Yes
96614,Yes
96615,Yes
96616,Yes
96617,Yes
96618,Yes
96619,No
96620,No
96621,Yes
96622,Yes
96623,Yes
96624,Yes
96625,No
96626,Yes
96627,Yes
96628,Yes
96629,Yes
96630,No
96631,Yes
96632,No
96633,No
96634,No
96635,No
96636,No
96637,No
96638,Yes
96639,No
96640,Yes
96641,No
96642,No
96643,No
96644,No
96645,No
96646,Yes
96647,No
96648,Yes
96649,No
96650,Yes
96651,Yes
96652,No
96653,Yes
96654,Yes
96655,No
96656,Yes
96657,No
96658,No
96659,Yes
96660,No
96661,No
96662,Yes
96663,Yes
96664,Yes
96665,Yes
96666,Yes
96667,No
96668,No
96669,Yes
96670,No
96671,No
96672,No
96673,Yes
96674,Yes
96675,No
96676,No
96677,No
96678,No
96679,No
96680,No
96681,Yes
96682,Yes
96683,Yes
96684,Yes
96685,Yes
96686,No
96687,No
96688,No
96689,No
96690,No
96691,Yes
96692,No
96693,No
96694,No
96695,No
96696,No
96697,Yes
96698,Yes
96699,No
96700,Yes
96701,No
96702,Yes
96703,Yes
96704,No
96705,Yes
96706,No
96707,Yes
96708,Yes
96709,Yes
96710,Yes
96711,Yes
96712,No
96713,Yes
96714,Yes
96715,No
96716,Yes
96717,Yes
96718,No
96719,Yes
96720,No
96721,No
96722,Yes
96723,No
96724,No
96725,No
96726,No
96727,No
96728,No
96729,Yes
96730,No
96731,Yes
96732,Yes
96733,Yes
96734,No
96735,No
96736,No
96737,Yes
96738,No
96739,No
96740,Yes
96741,Yes
96742,Yes
96743,No
96744,No
96745,Yes
96746,No
96747,Yes
96748,No
96749,Yes
96750,Yes
96751,Yes
96752,Yes
96753,No
96754,No
96755,Yes
96756,Yes
96757,Yes
96758,Yes
96759,No
96760,No
96761,No
96762,No
96763,Yes
96764,Yes
96765,No
96766,Yes
96767,Yes
96768,Yes
96769,No
96770,No
96771,No
96772,No
96773,Yes
96774,No
96775,Yes
96776,No
96777,No
96778,Yes
96779,Yes
96780,Yes
96781,No
96782,Yes
96783,Yes
96784,Yes
96785,No
96786,No
96787,Yes
96788,Yes
96789,Yes
96790,No
96791,Yes
96792,Yes
96793,Yes
96794,Yes
96795,Yes
96796,Yes
96797,Yes
96798,Yes
96799,Yes
96800,Yes
96801,Yes
96802,Yes
96803,Yes
96804,Yes
96805,No
96806,No
96807,Yes
96808,No
96809,No
96810,No
96811,Yes
96812,No
96813,No
96814,No
96815,No
96816,Yes
96817,Yes
96818,Yes
96819,Yes
96820,No
96821,No
96822,Yes
96823,Yes
96824,Yes
96825,No
96826,No
96827,No
96828,Yes
96829,Yes
96830,No
96831,Yes
96832,Yes
96833,Yes
96834,No
96835,Yes
96836,Yes
96837,No
96838,No
96839,Yes
96840,No
96841,Yes
96842,Yes
96843,Yes
96844,No
96845,No
96846,Yes
96847,No
96848,Yes
96849,No
96850,No
96851,No
96852,Yes
96853,Yes
96854,Yes
96855,No
96856,No
96857,No
96858,Yes
96859,Yes
96860,Yes
96861,No
96862,No
96863,Yes
96864,No
96865,Yes
96866,Yes
96867,No
96868,No
96869,Yes
96870,Yes
96871,Yes
96872,Yes
96873,No
96874,No
96875,Yes
96876,No
96877,Yes
96878,Yes
96879,Yes
96880,No
96881,Yes
96882,Yes
96883,Yes
96884,No
96885,Yes
96886,Yes
96887,Yes
96888,No
96889,No
96890,Yes
96891,Yes
96892,No
96893,No
96894,No
96895,Yes
96896,No
96897,No
96898,Yes
96899,No
96900,Yes
96901,Yes
96902,Yes
96903,No
96904,No
96905,No
96906,Yes
96907,No
96908,No
96909,No
96910,Yes
96911,No
96912,No
96913,Yes
96914,Yes
96915,Yes
96916,No
96917,Yes
96918,Yes
96919,No
96920,No
96921,Yes
96922,Yes
96923,No
96924,Yes
96925,Yes
96926,No
96927,Yes
96928,No
96929,No
96930,No
96931,Yes
96932,Yes
96933,Yes
96934,No
96935,No
96936,Yes
96937,Yes
96938,No
96939,Yes
96940,Yes
96941,No
96942,Yes
96943,Yes
96944,Yes
96945,No
96946,Yes
96947,Yes
96948,Yes
96949,No
96950,No
96951,No
96952,No
96953,No
96954,Yes
96955,Yes
96956,Yes
96957,Yes
96958,No
96959,Yes
96960,Yes
96961,Yes
96962,Yes
96963,Yes
96964,No
96965,No
96966,No
96967,No
96968,Yes
96969,Yes
96970,No
96971,Yes
96972,Yes
96973,Yes
96974,Yes
96975,Yes
96976,No
96977,No
96978,Yes
96979,No
96980,No
96981,No
96982,Yes
96983,No
96984,Yes
96985,No
96986,Yes
96987,Yes
96988,No
96989,Yes
96990,Yes
96991,Yes
96992,No
96993,No
96994,Yes
96995,No
96996,Yes
96997,Yes
96998,Yes
96999,Yes
97000,No
97001,Yes
97002,No
97003,No
97004,Yes
97005,Yes
97006,No
97007,Yes
97008,Yes
97009,Yes
97010,No
97011,Yes
97012,Yes
97013,No
97014,No
97015,Yes
97016,No
97017,Yes
97018,No
97019,No
97020,No
97021,No
97022,No
97023,No
97024,No
97025,Yes
97026,Yes
97027,No
97028,Yes
97029,Yes
97030,Yes
97031,No
97032,No
97033,No
97034,No
97035,Yes
97036,Yes
97037,No
97038,Yes
97039,No
97040,No
97041,No
97042,No
97043,No
97044,No
97045,Yes
97046,Yes
97047,Yes
97048,Yes
97049,Yes
97050,Yes
97051,Yes
97052,Yes
97053,Yes
97054,No
97055,Yes
97056,Yes
97057,No
97058,Yes
97059,Yes
97060,No
97061,Yes
97062,No
97063,No
97064,No
97065,Yes
97066,No
97067,No
97068,No
97069,No
97070,Yes
97071,No
97072,Yes
97073,No
97074,Yes
97075,Yes
97076,Yes
97077,No
97078,Yes
97079,Yes
97080,Yes
97081,No
97082,No
97083,Yes
97084,Yes
97085,Yes
97086,No
97087,Yes
97088,Yes
97089,Yes
97090,Yes
97091,Yes
97092,No
97093,Yes
97094,Yes
97095,Yes
97096,No
97097,No
97098,Yes
97099,Yes
97100,Yes
97101,Yes
97102,No
97103,Yes
97104,No
97105,Yes
97106,Yes
97107,Yes
97108,No
97109,No
97110,Yes
97111,Yes
97112,Yes
97113,Yes
97114,Yes
97115,No
97116,No
97117,Yes
97118,Yes
97119,Yes
97120,No
97121,Yes
97122,Yes
97123,Yes
97124,Yes
97125,No
97126,No
97127,Yes
97128,Yes
97129,No
97130,Yes
97131,Yes
97132,Yes
97133,Yes
97134,No
97135,Yes
97136,No
97137,Yes
97138,Yes
97139,Yes
97140,No
97141,No
97142,No
97143,No
97144,Yes
97145,Yes
97146,No
97147,Yes
97148,Yes
97149,Yes
97150,No
97151,No
97152,Yes
97153,Yes
97154,No
97155,No
97156,No
97157,Yes
97158,Yes
97159,No
97160,No
97161,Yes
97162,No
97163,Yes
97164,Yes
97165,Yes
97166,Yes
97167,Yes
97168,Yes
97169,Yes
97170,Yes
97171,Yes
97172,No
97173,No
97174,No
97175,No
97176,Yes
97177,Yes
97178,No
97179,Yes
97180,Yes
97181,Yes
97182,No
97183,Yes
97184,Yes
97185,Yes
97186,Yes
97187,Yes
97188,Yes
97189,Yes
97190,No
97191,No
97192,Yes
97193,Yes
97194,Yes
97195,Yes
97196,No
97197,No
97198,Yes
97199,Yes
97200,Yes
97201,No
97202,No
97203,No
97204,Yes
97205,Yes
97206,Yes
97207,Yes
97208,Yes
97209,Yes
97210,Yes
97211,Yes
97212,Yes
97213,Yes
97214,Yes
97215,No
97216,Yes
97217,No
97218,No
97219,Yes
97220,Yes
97221,Yes
97222,Yes
97223,Yes
97224,Yes
97225,Yes
97226,Yes
97227,Yes
97228,No
97229,No
97230,No
97231,Yes
97232,Yes
97233,Yes
97234,Yes
97235,Yes
97236,No
97237,No
97238,No
97239,No
97240,No
97241,Yes
97242,No
97243,No
97244,Yes
97245,No
97246,No
97247,No
97248,Yes
97249,No
97250,No
97251,Yes
97252,No
97253,No
97254,Yes
97255,Yes
97256,No
97257,No
97258,No
97259,Yes
97260,No
97261,No
97262,Yes
97263,Yes
97264,No
97265,Yes
97266,No
97267,Yes
97268,No
97269,Yes
97270,No
97271,Yes
97272,No
97273,Yes
97274,Yes
97275,Yes
97276,Yes
97277,Yes
97278,No
97279,No
97280,Yes
97281,No
97282,No
97283,No
97284,Yes
97285,Yes
97286,No
97287,No
97288,No
97289,Yes
97290,Yes
97291,Yes
97292,Yes
97293,Yes
97294,No
97295,No
97296,No
97297,No
97298,No
97299,Yes
97300,No
97301,Yes
97302,Yes
97303,Yes
97304,Yes
97305,No
97306,No
97307,No
97308,No
97309,No
97310,Yes
97311,No
97312,Yes
97313,Yes
97314,No
97315,No
97316,Yes
97317,Yes
97318,Yes
97319,No
97320,Yes
97321,No
97322,Yes
97323,No
97324,No
97325,Yes
97326,No
97327,Yes
97328,No
97329,Yes
97330,No
97331,Yes
97332,Yes
97333,Yes
97334,No
97335,No
97336,Yes
97337,Yes
97338,No
97339,Yes
97340,Yes
97341,Yes
97342,No
97343,No
97344,No
97345,No
97346,Yes
97347,Yes
97348,Yes
97349,Yes
97350,No
97351,No
97352,No
97353,Yes
97354,Yes
97355,Yes
97356,No
97357,No
97358,No
97359,Yes
97360,Yes
97361,No
97362,No
97363,No
97364,Yes
97365,Yes
97366,No
97367,Yes
97368,Yes
97369,Yes
97370,No
97371,Yes
97372,Yes
97373,Yes
97374,No
97375,Yes
97376,Yes
97377,Yes
97378,No
97379,Yes
97380,Yes
97381,No
97382,No
97383,Yes
97384,No
97385,No
97386,No
97387,Yes
97388,Yes
97389,No
97390,No
97391,No
97392,No
97393,Yes
97394,Yes
97395,Yes
97396,Yes
97397,Yes
97398,No
97399,Yes
97400,Yes
97401,No
97402,Yes
97403,No
97404,No
97405,No
97406,Yes
97407,Yes
97408,No
97409,Yes
97410,Yes
97411,No
97412,Yes
97413,Yes
97414,Yes
97415,No
97416,No
97417,No
97418,Yes
97419,Yes
97420,No
97421,No
97422,Yes
97423,No
97424,No
97425,Yes
97426,No
97427,No
97428,Yes
97429,Yes
97430,Yes
97431,Yes
97432,No
97433,No
97434,No
97435,Yes
97436,Yes
97437,Yes
97438,Yes
97439,Yes
97440,Yes
97441,Yes
97442,Yes
97443,No
97444,No
97445,No
97446,No
97447,Yes
97448,No
97449,Yes
97450,No
97451,Yes
97452,No
97453,No
97454,Yes
97455,Yes
97456,Yes
97457,Yes
97458,Yes
97459,No
97460,Yes
97461,No
97462,Yes
97463,No
97464,No
97465,No
97466,Yes
97467,No
97468,No
97469,Yes
97470,Yes
97471,Yes
97472,Yes
97473,Yes
97474,Yes
97475,Yes
97476,Yes
97477,No
97478,No
97479,No
97480,No
97481,No
97482,Yes
97483,No
97484,No
97485,Yes
97486,Yes
97487,Yes
97488,No
97489,Yes
97490,Yes
97491,No
97492,No
97493,No
97494,No
97495,No
97496,Yes
97497,Yes
97498,Yes
97499,Yes
97500,No
97501,No
97502,Yes
97503,Yes
97504,Yes
97505,Yes
97506,No
97507,Yes
97508,No
97509,No
97510,No
97511,Yes
97512,No
97513,Yes
97514,Yes
97515,Yes
97516,No
97517,Yes
97518,Yes
97519,Yes
97520,No
97521,Yes
97522,Yes
97523,No
97524,Yes
97525,Yes
97526,Yes
97527,Yes
97528,No
97529,No
97530,Yes
97531,Yes
97532,No
97533,No
97534,No
97535,Yes
97536,Yes
97537,Yes
97538,No
97539,Yes
97540,Yes
97541,No
97542,Yes
97543,Yes
97544,Yes
97545,Yes
97546,Yes
97547,No
97548,No
97549,No
97550,Yes
97551,No
97552,Yes
97553,Yes
97554,No
97555,Yes
97556,Yes
97557,Yes
97558,No
97559,No
97560,Yes
97561,Yes
97562,Yes
97563,Yes
97564,Yes
97565,No
97566,Yes
97567,No
97568,Yes
97569,Yes
97570,Yes
97571,Yes
97572,Yes
97573,No
97574,Yes
97575,Yes
97576,No
97577,No
97578,Yes
97579,Yes
97580,No
97581,No
97582,No
97583,No
97584,No
97585,No
97586,No
97587,Yes
97588,No
97589,Yes
97590,No
97591,Yes
97592,Yes
97593,No
97594,Yes
97595,No
97596,Yes
97597,Yes
97598,Yes
97599,No
97600,Yes
97601,Yes
97602,Yes
97603,No
97604,No
97605,No
97606,No
97607,No
97608,No
97609,Yes
97610,No
97611,Yes
97612,Yes
97613,Yes
97614,Yes
97615,Yes
97616,Yes
97617,Yes
97618,Yes
97619,No
97620,Yes
97621,No
97622,No
97623,Yes
97624,No
97625,No
97626,No
97627,Yes
97628,Yes
97629,Yes
97630,No
97631,Yes
97632,Yes
97633,No
97634,No
97635,Yes
97636,Yes
97637,No
97638,Yes
97639,No
97640,No
97641,Yes
97642,Yes
97643,Yes
97644,No
97645,No
97646,Yes
97647,No
97648,Yes
97649,Yes
97650,No
97651,Yes
97652,Yes
97653,Yes
97654,Yes
97655,No
97656,Yes
97657,No
97658,Yes
97659,No
97660,Yes
97661,Yes
97662,No
97663,Yes
97664,No
97665,No
97666,No
97667,Yes
97668,Yes
97669,No
97670,Yes
97671,No
97672,Yes
97673,No
97674,No
97675,Yes
97676,Yes
97677,No
97678,Yes
97679,No
97680,No
97681,No
97682,No
97683,No
97684,No
97685,Yes
97686,Yes
97687,No
97688,Yes
97689,Yes
97690,Yes
97691,Yes
97692,No
97693,Yes
97694,Yes
97695,Yes
97696,No
97697,Yes
97698,No
97699,No
97700,No
97701,No
97702,No
97703,Yes
97704,No
97705,Yes
97706,No
97707,Yes
97708,Yes
97709,No
97710,Yes
97711,Yes
97712,Yes
97713,No
97714,Yes
97715,No
97716,No
97717,Yes
97718,No
97719,Yes
97720,Yes
97721,Yes
97722,Yes
97723,No
97724,Yes
97725,No
97726,No
97727,Yes
97728,No
97729,Yes
97730,Yes
97731,Yes
97732,No
97733,No
97734,Yes
97735,No
97736,No
97737,Yes
97738,No
97739,No
97740,Yes
97741,Yes
97742,Yes
97743,Yes
97744,Yes
97745,Yes
97746,Yes
97747,No
97748,No
97749,Yes
97750,Yes
97751,Yes
97752,Yes
97753,No
97754,Yes
97755,No
97756,No
97757,No
97758,Yes
97759,No
97760,Yes
97761,No
97762,Yes
97763,No
97764,Yes
97765,Yes
97766,Yes
97767,No
97768,Yes
97769,No
97770,Yes
97771,Yes
97772,Yes
97773,Yes
97774,Yes
97775,No
97776,Yes
97777,Yes
97778,No
97779,Yes
97780,Yes
97781,Yes
97782,No
97783,Yes
97784,Yes
97785,Yes
97786,No
97787,No
97788,Yes
97789,No
97790,Yes
97791,Yes
97792,Yes
97793,No
97794,Yes
97795,Yes
97796,Yes
97797,No
97798,No
97799,Yes
97800,Yes
97801,Yes
97802,Yes
97803,Yes
97804,No
97805,No
97806,Yes
97807,Yes
97808,No
97809,No
97810,Yes
97811,No
97812,No
97813,Yes
97814,No
97815,No
97816,No
97817,Yes
97818,Yes
97819,Yes
97820,No
97821,Yes
97822,No
97823,Yes
97824,Yes
97825,Yes
97826,Yes
97827,No
97828,No
97829,No
97830,Yes
97831,No
97832,Yes
97833,Yes
97834,No
97835,Yes
97836,Yes
97837,No
97838,No
97839,Yes
97840,No
97841,Yes
97842,No
97843,No
97844,Yes
97845,Yes
97846,Yes
97847,Yes
97848,No
97849,No
97850,Yes
97851,Yes
97852,No
97853,Yes
97854,No
97855,Yes
97856,Yes
97857,Yes
97858,Yes
97859,Yes
97860,Yes
97861,Yes
97862,No
97863,Yes
97864,Yes
97865,No
97866,Yes
97867,Yes
97868,No
97869,Yes
97870,No
97871,Yes
97872,Yes
97873,Yes
97874,Yes
97875,Yes
97876,Yes
97877,Yes
97878,No
97879,No
97880,Yes
97881,No
97882,Yes
97883,Yes
97884,Yes
97885,No
97886,No
97887,No
97888,Yes
97889,Yes
97890,No
97891,No
97892,No
97893,Yes
97894,Yes
97895,Yes
97896,No
97897,No
97898,Yes
97899,Yes
97900,Yes
97901,Yes
97902,No
97903,No
97904,Yes
97905,Yes
97906,No
97907,Yes
97908,Yes
97909,Yes
97910,Yes
97911,Yes
97912,Yes
97913,Yes
97914,Yes
97915,Yes
97916,Yes
97917,No
97918,No
97919,No
97920,Yes
97921,Yes
97922,Yes
97923,Yes
97924,Yes
97925,Yes
97926,Yes
97927,Yes
97928,Yes
97929,No
97930,No
97931,Yes
97932,Yes
97933,No
97934,Yes
97935,Yes
97936,No
97937,Yes
97938,No
97939,Yes
97940,Yes
97941,Yes
97942,No
97943,Yes
97944,No
97945,No
97946,No
97947,Yes
97948,No
97949,No
97950,Yes
97951,Yes
97952,Yes
97953,Yes
97954,Yes
97955,No
97956,Yes
97957,Yes
97958,Yes
97959,No
97960,Yes
97961,Yes
97962,Yes
97963,No
97964,Yes
97965,Yes
97966,Yes
97967,No
97968,Yes
97969,Yes
97970,No
97971,Yes
97972,Yes
97973,Yes
97974,Yes
97975,Yes
97976,Yes
97977,Yes
97978,No
97979,No
97980,Yes
97981,Yes
97982,Yes
97983,Yes
97984,Yes
97985,Yes
97986,Yes
97987,Yes
97988,No
97989,Yes
97990,Yes
97991,No
97992,No
97993,Yes
97994,Yes
97995,No
97996,Yes
97997,Yes
97998,Yes
97999,Yes
98000,Yes
98001,Yes
98002,No
98003,Yes
98004,Yes
98005,Yes
98006,Yes
98007,Yes
98008,No
98009,No
98010,No
98011,No
98012,No
98013,Yes
98014,Yes
98015,Yes
98016,Yes
98017,Yes
98018,No
98019,No
98020,No
98021,No
98022,No
98023,Yes
98024,No
98025,Yes
98026,Yes
98027,Yes
98028,Yes
98029,Yes
98030,No
98031,No
98032,Yes
98033,No
98034,Yes
98035,Yes
98036,Yes
98037,No
98038,No
98039,Yes
98040,Yes
98041,Yes
98042,No
98043,Yes
98044,Yes
98045,No
98046,Yes
98047,Yes
98048,Yes
98049,Yes
98050,No
98051,No
98052,No
98053,No
98054,No
98055,Yes
98056,No
98057,Yes
98058,Yes
98059,No
98060,Yes
98061,No
98062,No
98063,No
98064,Yes
98065,No
98066,No
98067,No
98068,No
98069,Yes
98070,No
98071,No
98072,No
98073,No
98074,Yes
98075,Yes
98076,No
98077,No
98078,No
98079,No
98080,No
98081,No
98082,Yes
98083,No
98084,No
98085,No
98086,Yes
98087,No
98088,No
98089,Yes
98090,Yes
98091,Yes
98092,No
98093,No
98094,No
98095,No
98096,Yes
98097,No
98098,Yes
98099,No
98100,No
98101,No
98102,No
98103,No
98104,Yes
98105,Yes
98106,Yes
98107,Yes
98108,Yes
98109,No
98110,Yes
98111,Yes
98112,Yes
98113,Yes
98114,Yes
98115,No
98116,Yes
98117,Yes
98118,No
98119,Yes
98120,No
98121,No
98122,Yes
98123,Yes
98124,No
98125,No
98126,Yes
98127,Yes
98128,No
98129,Yes
98130,Yes
98131,No
98132,Yes
98133,Yes
98134,No
98135,Yes
98136,Yes
98137,No
98138,Yes
98139,Yes
98140,No
98141,No
98142,No
98143,No
98144,Yes
98145,Yes
98146,Yes
98147,Yes
98148,Yes
98149,Yes
98150,Yes
98151,Yes
98152,Yes
98153,Yes
98154,Yes
98155,No
98156,Yes
98157,Yes
98158,Yes
98159,No
98160,Yes
98161,Yes
98162,Yes
98163,No
98164,No
98165,Yes
98166,Yes
98167,No
98168,No
98169,No
98170,Yes
98171,Yes
98172,Yes
98173,Yes
98174,Yes
98175,No
98176,No
98177,Yes
98178,Yes
98179,Yes
98180,Yes
98181,No
98182,No
98183,No
98184,No
98185,Yes
98186,Yes
98187,Yes
98188,Yes
98189,Yes
98190,No
98191,No
98192,Yes
98193,Yes
98194,No
98195,Yes
98196,No
98197,Yes
98198,Yes
98199,No
98200,Yes
98201,Yes
98202,Yes
98203,No
98204,Yes
98205,No
98206,No
98207,Yes
98208,No
98209,No
98210,No
98211,Yes
98212,Yes
98213,Yes
98214,No
98215,No
98216,No
98217,Yes
98218,Yes
98219,No
98220,Yes
98221,Yes
98222,Yes
98223,Yes
98224,Yes
98225,Yes
98226,Yes
98227,Yes
98228,Yes
98229,Yes
98230,No
98231,Yes
98232,Yes
98233,Yes
98234,Yes
98235,Yes
98236,No
98237,No
98238,Yes
98239,Yes
98240,No
98241,Yes
98242,Yes
98243,Yes
98244,No
98245,Yes
98246,No
98247,Yes
98248,No
98249,Yes
98250,Yes
98251,Yes
98252,No
98253,Yes
98254,No
98255,Yes
98256,Yes
98257,No
98258,Yes
98259,No
98260,Yes
98261,Yes
98262,Yes
98263,Yes
98264,No
98265,No
98266,Yes
98267,No
98268,No
98269,Yes
98270,Yes
98271,Yes
98272,Yes
98273,Yes
98274,No
98275,Yes
98276,Yes
98277,Yes
98278,Yes
98279,Yes
98280,No
98281,No
98282,Yes
98283,No
98284,Yes
98285,No
98286,Yes
98287,Yes
98288,Yes
98289,No
98290,No
98291,Yes
98292,Yes
98293,Yes
98294,No
98295,Yes
98296,No
98297,Yes
98298,No
98299,Yes
98300,Yes
98301,No
98302,Yes
98303,Yes
98304,No
98305,Yes
98306,Yes
98307,Yes
98308,Yes
98309,Yes
98310,Yes
98311,No
98312,Yes
98313,Yes
98314,No
98315,No
98316,No
98317,No
98318,Yes
98319,No
98320,Yes
98321,No
98322,No
98323,No
98324,Yes
98325,Yes
98326,Yes
98327,Yes
98328,Yes
98329,No
98330,No
98331,No
98332,Yes
98333,Yes
98334,Yes
98335,No
98336,Yes
98337,Yes
98338,No
98339,Yes
98340,Yes
98341,Yes
98342,Yes
98343,Yes
98344,Yes
98345,Yes
98346,Yes
98347,Yes
98348,No
98349,Yes
98350,No
98351,Yes
98352,No
98353,No
98354,Yes
98355,Yes
98356,Yes
98357,Yes
98358,No
98359,Yes
98360,Yes
98361,No
98362,Yes
98363,Yes
98364,No
98365,Yes
98366,Yes
98367,Yes
98368,Yes
98369,No
98370,Yes
98371,No
98372,Yes
98373,Yes
98374,No
98375,Yes
98376,Yes
98377,Yes
98378,No
98379,Yes
98380,Yes
98381,Yes
98382,Yes
98383,No
98384,No
98385,Yes
98386,No
98387,No
98388,Yes
98389,No
98390,Yes
98391,No
98392,No
98393,Yes
98394,Yes
98395,Yes
98396,No
98397,Yes
98398,Yes
98399,No
98400,No
98401,Yes
98402,No
98403,No
98404,Yes
98405,No
98406,Yes
98407,Yes
98408,No
98409,No
98410,Yes
98411,Yes
98412,No
98413,No
98414,No
98415,No
98416,Yes
98417,Yes
98418,Yes
98419,Yes
98420,Yes
98421,Yes
98422,No
98423,No
98424,No
98425,No
98426,No
98427,No
98428,Yes
98429,Yes
98430,No
98431,Yes
98432,Yes
98433,No
98434,No
98435,Yes
98436,Yes
98437,Yes
98438,No
98439,No
98440,No
98441,Yes
98442,Yes
98443,No
98444,Yes
98445,No
98446,Yes
98447,Yes
98448,No
98449,No
98450,Yes
98451,Yes
98452,No
98453,No
98454,Yes
98455,No
98456,Yes
98457,Yes
98458,Yes
98459,No
98460,No
98461,Yes
98462,No
98463,No
98464,Yes
98465,No
98466,Yes
98467,Yes
98468,Yes
98469,Yes
98470,Yes
98471,No
98472,No
98473,No
98474,Yes
98475,Yes
98476,Yes
98477,No
98478,Yes
98479,Yes
98480,No
98481,Yes
98482,Yes
98483,No
98484,Yes
98485,No
98486,No
98487,Yes
98488,No
98489,Yes
98490,No
98491,Yes
98492,Yes
98493,Yes
98494,No
98495,Yes
98496,Yes
98497,Yes
98498,Yes
98499,Yes
98500,No
98501,Yes
98502,Yes
98503,Yes
98504,Yes
98505,No
98506,Yes
98507,Yes
98508,No
98509,Yes
98510,No
98511,Yes
98512,Yes
98513,No
98514,No
98515,No
98516,No
98517,No
98518,No
98519,No
98520,No
98521,Yes
98522,No
98523,No
98524,Yes
98525,No
98526,Yes
98527,No
98528,No
98529,No
98530,Yes
98531,No
98532,No
98533,No
98534,Yes
98535,Yes
98536,No
98537,Yes
98538,Yes
98539,No
98540,No
98541,Yes
98542,No
98543,Yes
98544,Yes
98545,No
98546,No
98547,No
98548,Yes
98549,No
98550,Yes
98551,Yes
98552,Yes
98553,Yes
98554,No
98555,No
98556,Yes
98557,No
98558,No
98559,No
98560,Yes
98561,Yes
98562,Yes
98563,No
98564,Yes
98565,Yes
98566,Yes
98567,Yes
98568,Yes
98569,Yes
98570,No
98571,Yes
98572,No
98573,Yes
98574,No
98575,Yes
98576,Yes
98577,Yes
98578,No
98579,Yes
98580,No
98581,Yes
98582,Yes
98583,Yes
98584,Yes
98585,No
98586,No
98587,Yes
98588,No
98589,Yes
98590,Yes
98591,Yes
98592,Yes
98593,Yes
98594,Yes
98595,No
98596,Yes
98597,No
98598,Yes
98599,No
98600,Yes
98601,No
98602,Yes
98603,No
98604,No
98605,Yes
98606,No
98607,No
98608,No
98609,No
98610,Yes
98611,Yes
98612,Yes
98613,No
98614,No
98615,Yes
98616,No
98617,Yes
98618,No
98619,No
98620,Yes
98621,Yes
98622,No
98623,Yes
98624,Yes
98625,Yes
98626,No
98627,Yes
98628,Yes
98629,Yes
98630,Yes
98631,Yes
98632,No
98633,Yes
98634,Yes
98635,Yes
98636,Yes
98637,Yes
98638,No
98639,Yes
98640,Yes
98641,No
98642,Yes
98643,Yes
98644,Yes
98645,Yes
98646,Yes
98647,Yes
98648,Yes
98649,No
98650,No
98651,Yes
98652,No
98653,Yes
98654,No
98655,No
98656,Yes
98657,Yes
98658,No
98659,No
98660,No
98661,Yes
98662,Yes
98663,Yes
98664,Yes
98665,Yes
98666,No
98667,Yes
98668,Yes
98669,Yes
98670,Yes
98671,Yes
98672,Yes
98673,Yes
98674,No
98675,No
98676,Yes
98677,Yes
98678,No
98679,Yes
98680,No
98681,No
98682,No
98683,Yes
98684,Yes
98685,No
98686,No
98687,No
98688,No
98689,No
98690,Yes
98691,Yes
98692,Yes
98693,Yes
98694,Yes
98695,No
98696,Yes
98697,Yes
98698,Yes
98699,Yes
98700,Yes
98701,No
98702,No
98703,No
98704,No
98705,Yes
98706,No
98707,No
98708,Yes
98709,Yes
98710,No
98711,No
98712,Yes
98713,No
98714,Yes
98715,Yes
98716,Yes
98717,Yes
98718,No
98719,Yes
98720,No
98721,Yes
98722,Yes
98723,No
98724,No
98725,Yes
98726,No
98727,Yes
98728,Yes
98729,Yes
98730,No
98731,No
98732,Yes
98733,No
98734,Yes
98735,No
98736,Yes
98737,Yes
98738,Yes
98739,Yes
98740,No
98741,Yes
98742,No
98743,No
98744,No
98745,Yes
98746,No
98747,Yes
98748,No
98749,Yes
98750,Yes
98751,Yes
98752,No
98753,Yes
98754,No
98755,No
98756,No
98757,Yes
98758,No
98759,Yes
98760,No
98761,No
98762,Yes
98763,Yes
98764,No
98765,No
98766,Yes
98767,No
98768,Yes
98769,Yes
98770,Yes
98771,Yes
98772,Yes
98773,No
98774,No
98775,Yes
98776,Yes
98777,No
98778,No
98779,Yes
98780,Yes
98781,No
98782,Yes
98783,Yes
98784,Yes
98785,Yes
98786,No
98787,Yes
98788,No
98789,No
98790,Yes
98791,No
98792,No
98793,No
98794,No
98795,No
98796,Yes
98797,Yes
98798,No
98799,Yes
98800,No
98801,No
98802,Yes
98803,Yes
98804,No
98805,Yes
98806,Yes
98807,No
98808,No
98809,Yes
98810,No
98811,No
98812,No
98813,Yes
98814,Yes
98815,No
98816,No
98817,Yes
98818,No
98819,No
98820,Yes
98821,Yes
98822,Yes
98823,No
98824,No
98825,Yes
98826,Yes
98827,Yes
98828,Yes
98829,Yes
98830,Yes
98831,Yes
98832,No
98833,Yes
98834,Yes
98835,No
98836,No
98837,No
98838,No
98839,No
98840,No
98841,Yes
98842,Yes
98843,Yes
98844,Yes
98845,No
98846,No
98847,No
98848,Yes
98849,Yes
98850,Yes
98851,No
98852,No
98853,No
98854,Yes
98855,Yes
98856,Yes
98857,No
98858,Yes
98859,No
98860,Yes
98861,Yes
98862,No
98863,Yes
98864,Yes
98865,Yes
98866,No
98867,Yes
98868,Yes
98869,Yes
98870,Yes
98871,No
98872,No
98873,No
98874,No
98875,Yes
98876,Yes
98877,No
98878,Yes
98879,No
98880,Yes
98881,Yes
98882,Yes
98883,Yes
98884,No
98885,No
98886,Yes
98887,Yes
98888,No
98889,Yes
98890,No
98891,Yes
98892,Yes
98893,Yes
98894,No
98895,Yes
98896,Yes
98897,Yes
98898,Yes
98899,No
98900,Yes
98901,Yes
98902,Yes
98903,Yes
98904,Yes
98905,Yes
98906,No
98907,Yes
98908,Yes
98909,No
98910,Yes
98911,No
98912,No
98913,Yes
98914,No
98915,Yes
98916,Yes
98917,Yes
98918,Yes
98919,No
98920,No
98921,No
98922,Yes
98923,No
98924,Yes
98925,Yes
98926,Yes
98927,Yes
98928,Yes
98929,Yes
98930,Yes
98931,No
98932,No
98933,No
98934,Yes
98935,No
98936,Yes
98937,Yes
98938,Yes
98939,No
98940,No
98941,Yes
98942,No
98943,Yes
98944,Yes
98945,No
98946,Yes
98947,No
98948,No
98949,No
98950,Yes
98951,No
98952,No
98953,Yes
98954,Yes
98955,No
98956,Yes
98957,Yes
98958,No
98959,Yes
98960,Yes
98961,Yes
98962,Yes
98963,Yes
98964,Yes
98965,Yes
98966,No
98967,Yes
98968,Yes
98969,Yes
98970,Yes
98971,No
98972,Yes
98973,No
98974,Yes
98975,No
98976,No
98977,No
98978,Yes
98979,Yes
98980,Yes
98981,Yes
98982,Yes
98983,No
98984,Yes
98985,Yes
98986,No
98987,Yes
98988,No
98989,Yes
98990,No
98991,No
98992,No
98993,Yes
98994,Yes
98995,No
98996,Yes
98997,No
98998,Yes
98999,No
99000,Yes
99001,Yes
99002,Yes
99003,No
99004,Yes
99005,Yes
99006,Yes
99007,Yes
99008,No
99009,Yes
99010,Yes
99011,No
99012,Yes
99013,Yes
99014,No
99015,No
99016,Yes
99017,Yes
99018,No
99019,Yes
99020,No
99021,No
99022,No
99023,Yes
99024,Yes
99025,No
99026,Yes
99027,Yes
99028,Yes
99029,Yes
99030,No
99031,Yes
99032,Yes
99033,Yes
99034,Yes
99035,No
99036,Yes
99037,Yes
99038,Yes
99039,No
99040,No
99041,No
99042,Yes
99043,Yes
99044,No
99045,Yes
99046,Yes
99047,No
99048,No
99049,Yes
99050,No
99051,Yes
99052,Yes
99053,No
99054,Yes
99055,No
99056,Yes
99057,Yes
99058,No
99059,No
99060,Yes
99061,No
99062,No
99063,Yes
99064,Yes
99065,No
99066,No
99067,No
99068,No
99069,No
99070,No
99071,Yes
99072,No
99073,No
99074,Yes
99075,No
99076,Yes
99077,No
99078,Yes
99079,Yes
99080,Yes
99081,Yes
99082,Yes
99083,Yes
99084,Yes
99085,Yes
99086,Yes
99087,Yes
99088,No
99089,Yes
99090,Yes
99091,Yes
99092,No
99093,No
99094,Yes
99095,No
99096,Yes
99097,No
99098,No
99099,Yes
99100,Yes
99101,Yes
99102,No
99103,Yes
99104,No
99105,Yes
99106,Yes
99107,No
99108,Yes
99109,No
99110,No
99111,Yes
99112,No
99113,No
99114,Yes
99115,Yes
99116,Yes
99117,Yes
99118,Yes
99119,Yes
99120,No
99121,Yes
99122,Yes
99123,Yes
99124,No
99125,No
99126,No
99127,No
99128,Yes
99129,No
99130,Yes
99131,No
99132,No
99133,Yes
99134,No
99135,Yes
99136,No
99137,Yes
99138,No
99139,No
99140,Yes
99141,Yes
99142,Yes
99143,Yes
99144,Yes
99145,Yes
99146,Yes
99147,No
99148,Yes
99149,Yes
99150,Yes
99151,No
99152,No
99153,Yes
99154,No
99155,Yes
99156,No
99157,No
99158,No
99159,Yes
99160,Yes
99161,Yes
99162,No
99163,Yes
99164,Yes
99165,No
99166,Yes
99167,No
99168,Yes
99169,Yes
99170,Yes
99171,Yes
99172,Yes
99173,Yes
99174,Yes
99175,Yes
99176,No
99177,Yes
99178,No
99179,Yes
99180,Yes
99181,Yes
99182,Yes
99183,No
99184,Yes
99185,Yes
99186,Yes
99187,No
99188,No
99189,No
99190,No
99191,Yes
99192,Yes
99193,No
99194,No
99195,Yes
99196,Yes
99197,No
99198,No
99199,Yes
99200,Yes
99201,Yes
99202,Yes
99203,Yes
99204,No
99205,Yes
99206,Yes
99207,Yes
99208,Yes
99209,No
99210,Yes
99211,No
99212,Yes
99213,No
99214,Yes
99215,No
99216,No
99217,Yes
99218,No
99219,No
99220,Yes
99221,No
99222,Yes
99223,Yes
99224,No
99225,No
99226,Yes
99227,No
99228,Yes
99229,No
99230,Yes
99231,Yes
99232,Yes
99233,Yes
99234,Yes
99235,Yes
99236,No
99237,No
99238,Yes
99239,Yes
99240,No
99241,Yes
99242,No
99243,No
99244,No
99245,Yes
99246,Yes
99247,No
99248,Yes
99249,No
99250,Yes
99251,No
99252,Yes
99253,Yes
99254,No
99255,No
99256,No
99257,No
99258,No
99259,Yes
99260,No
99261,Yes
99262,No
99263,No
99264,No
99265,Yes
99266,Yes
99267,Yes
99268,Yes
99269,Yes
99270,No
99271,Yes
99272,No
99273,No
99274,No
99275,Yes
99276,No
99277,Yes
99278,Yes
99279,No
99280,Yes
99281,Yes
99282,Yes
99283,No
99284,Yes
99285,Yes
99286,No
99287,Yes
99288,Yes
99289,Yes
99290,Yes
99291,Yes
99292,No
99293,Yes
99294,No
99295,Yes
99296,Yes
99297,Yes
99298,Yes
99299,No
99300,Yes
99301,Yes
99302,Yes
99303,Yes
99304,No
99305,Yes
99306,No
99307,No
99308,Yes
99309,Yes
99310,No
99311,Yes
99312,No
99313,Yes
99314,No
99315,Yes
99316,Yes
99317,Yes
99318,Yes
99319,Yes
99320,No
99321,Yes
99322,Yes
99323,Yes
99324,No
99325,No
99326,No
99327,No
99328,No
99329,No
99330,Yes
99331,Yes
99332,Yes
99333,No
99334,Yes
99335,No
99336,Yes
99337,Yes
99338,Yes
99339,No
99340,Yes
99341,Yes
99342,Yes
99343,No
99344,Yes
99345,No
99346,Yes
99347,No
99348,No
99349,Yes
99350,No
99351,Yes
99352,No
99353,Yes
99354,Yes
99355,Yes
99356,No
99357,No
99358,No
99359,No
99360,No
99361,No
99362,No
99363,Yes
99364,No
99365,No
99366,No
99367,No
99368,Yes
99369,Yes
99370,No
99371,Yes
99372,Yes
99373,No
99374,Yes
99375,No
99376,No
99377,Yes
99378,Yes
99379,Yes
99380,No
99381,No
99382,Yes
99383,Yes
99384,Yes
99385,Yes
99386,Yes
99387,Yes
99388,Yes
99389,No
99390,No
99391,No
99392,No
99393,Yes
99394,Yes
99395,Yes
99396,Yes
99397,Yes
99398,Yes
99399,No
99400,No
99401,Yes
99402,Yes
99403,Yes
99404,No
99405,Yes
99406,No
99407,No
99408,Yes
99409,Yes
99410,Yes
99411,Yes
99412,No
99413,No
99414,No
99415,Yes
99416,Yes
99417,Yes
99418,No
99419,No
99420,Yes
99421,No
99422,Yes
99423,No
99424,Yes
99425,No
99426,Yes
99427,No
99428,Yes
99429,Yes
99430,No
99431,No
99432,No
99433,No
99434,Yes
99435,Yes
99436,No
99437,No
99438,Yes
99439,Yes
99440,Yes
99441,No
99442,No
99443,Yes
99444,No
99445,No
99446,No
99447,No
99448,No
99449,Yes
99450,No
99451,Yes
99452,No
99453,Yes
99454,Yes
99455,No
99456,Yes
99457,Yes
99458,Yes
99459,Yes
99460,No
99461,Yes
99462,Yes
99463,Yes
99464,No
99465,Yes
99466,Yes
99467,Yes
99468,Yes
99469,Yes
99470,No
99471,Yes
99472,No
99473,No
99474,No
99475,No
99476,Yes
99477,No
99478,No
99479,Yes
99480,Yes
99481,No
99482,No
99483,No
99484,No
99485,No
99486,Yes
99487,Yes
99488,Yes
99489,Yes
99490,Yes
99491,No
99492,No
99493,Yes
99494,No
99495,Yes
99496,No
99497,No
99498,Yes
99499,Yes
99500,Yes
99501,No
99502,Yes
99503,Yes
99504,Yes
99505,No
99506,Yes
99507,Yes
99508,Yes
99509,No
99510,No
99511,Yes
99512,Yes
99513,No
99514,No
99515,No
99516,No
99517,No
99518,Yes
99519,Yes
99520,No
99521,Yes
99522,No
99523,No
99524,Yes
99525,No
99526,Yes
99527,No
99528,No
99529,Yes
99530,Yes
99531,Yes
99532,No
99533,No
99534,No
99535,No
99536,No
99537,Yes
99538,Yes
99539,No
99540,Yes
99541,No
99542,No
99543,No
99544,Yes
99545,Yes
99546,No
99547,No
99548,Yes
99549,Yes
99550,Yes
99551,Yes
99552,Yes
99553,Yes
99554,No
99555,Yes
99556,Yes
99557,Yes
99558,Yes
99559,No
99560,No
99561,No
99562,Yes
99563,Yes
99564,Yes
99565,No
99566,Yes
99567,Yes
99568,Yes
99569,No
99570,Yes
99571,Yes
99572,No
99573,Yes
99574,No
99575,No
99576,Yes
99577,No
99578,Yes
99579,Yes
99580,Yes
99581,Yes
99582,No
99583,Yes
99584,No
99585,No
99586,No
99587,Yes
99588,Yes
99589,Yes
99590,No
99591,No
99592,No
99593,Yes
99594,Yes
99595,No
99596,Yes
99597,Yes
99598,Yes
99599,No
99600,Yes
99601,No
99602,No
99603,No
99604,Yes
99605,Yes
99606,No
99607,No
99608,Yes
99609,Yes
99610,Yes
99611,No
99612,Yes
99613,Yes
99614,Yes
99615,Yes
99616,Yes
99617,Yes
99618,No
99619,Yes
99620,Yes
99621,Yes
99622,Yes
99623,Yes
99624,No
99625,No
99626,No
99627,No
99628,No
99629,Yes
99630,Yes
99631,Yes
99632,No
99633,No
99634,No
99635,No
99636,No
99637,Yes
99638,No
99639,Yes
99640,Yes
99641,Yes
99642,Yes
99643,No
99644,Yes
99645,Yes
99646,Yes
99647,Yes
99648,No
99649,Yes
99650,Yes
99651,Yes
99652,Yes
99653,Yes
99654,Yes
99655,No
99656,Yes
99657,No
99658,No
99659,Yes
99660,Yes
99661,No
99662,Yes
99663,Yes
99664,Yes
99665,No
99666,No
99667,No
99668,No
99669,No
99670,Yes
99671,Yes
99672,No
99673,No
99674,No
99675,Yes
99676,Yes
99677,Yes
99678,Yes
99679,Yes
99680,Yes
99681,No
99682,Yes
99683,Yes
99684,Yes
99685,Yes
99686,No
99687,No
99688,No
99689,Yes
99690,No
99691,Yes
99692,No
99693,No
99694,No
99695,Yes
99696,No
99697,Yes
99698,No
99699,No
99700,Yes
99701,No
99702,No
99703,No
99704,Yes
99705,Yes
99706,Yes
99707,Yes
99708,Yes
99709,No
99710,No
99711,Yes
99712,Yes
99713,Yes
99714,Yes
99715,No
99716,Yes
99717,No
99718,Yes
99719,Yes
99720,Yes
99721,No
99722,No
99723,Yes
99724,Yes
99725,No
99726,Yes
99727,No
99728,No
99729,No
99730,No
99731,Yes
99732,Yes
99733,Yes
99734,Yes
99735,No
99736,Yes
99737,No
99738,Yes
99739,Yes
99740,Yes
99741,No
99742,Yes
99743,Yes
99744,Yes
99745,No
99746,Yes
99747,No
99748,No
99749,Yes
99750,No
99751,Yes
99752,No
99753,Yes
99754,Yes
99755,Yes
99756,No
99757,No
99758,No
99759,Yes
99760,Yes
99761,Yes
99762,Yes
99763,No
99764,No
99765,No
99766,No
99767,Yes
99768,Yes
99769,Yes
99770,No
99771,Yes
99772,Yes
99773,Yes
99774,Yes
99775,No
99776,Yes
99777,Yes
99778,No
99779,Yes
99780,No
99781,No
99782,No
99783,Yes
99784,Yes
99785,Yes
99786,Yes
99787,Yes
99788,No
99789,No
99790,No
99791,No
99792,No
99793,Yes
99794,No
99795,No
99796,Yes
99797,No
99798,No
99799,No
99800,No
99801,No
99802,No
99803,No
99804,No
99805,Yes
99806,No
99807,No
99808,Yes
99809,No
99810,Yes
99811,Yes
99812,Yes
99813,No
99814,Yes
99815,Yes
99816,No
99817,Yes
99818,Yes
99819,Yes
99820,No
99821,No
99822,Yes
99823,Yes
99824,No
99825,No
99826,Yes
99827,Yes
99828,Yes
99829,No
99830,No
99831,Yes
99832,Yes
99833,Yes
99834,Yes
99835,Yes
99836,Yes
99837,Yes
99838,Yes
99839,Yes
99840,Yes
99841,Yes
99842,No
99843,Yes
99844,No
99845,No
99846,Yes
99847,Yes
99848,No
99849,Yes
99850,Yes
99851,No
99852,Yes
99853,Yes
99854,Yes
99855,No
99856,No
99857,No
99858,Yes
99859,No
99860,Yes
99861,No
99862,No
99863,No
99864,Yes
99865,No
99866,No
99867,Yes
99868,No
99869,Yes
99870,No
99871,Yes
99872,No
99873,Yes
99874,No
99875,No
99876,Yes
99877,Yes
99878,No
99879,Yes
99880,No
99881,No
99882,Yes
99883,No
99884,No
99885,No
99886,No
99887,No
99888,No
99889,No
99890,Yes
99891,Yes
99892,Yes
99893,No
99894,Yes
99895,Yes
99896,No
99897,No
99898,No
99899,Yes
99900,No
99901,No
99902,Yes
99903,Yes
99904,Yes
99905,Yes
99906,Yes
99907,No
99908,No
99909,No
99910,Yes
99911,No
99912,Yes
99913,Yes
99914,No
99915,No
99916,No
99917,Yes
99918,Yes
99919,No
99920,Yes
99921,Yes
99922,No
99923,Yes
99924,Yes
99925,No
99926,Yes
99927,No
99928,Yes
99929,Yes
99930,No
99931,No
99932,Yes
99933,Yes
99934,No
99935,No
99936,Yes
99937,Yes
99938,Yes
99939,Yes
99940,No
99941,Yes
99942,Yes
99943,Yes
99944,Yes
99945,No
99946,No
99947,Yes
99948,No
99949,No
99950,No
99951,Yes
99952,Yes
99953,Yes
99954,No
99955,No
99956,No
99957,Yes
99958,No
99959,No
99960,No
99961,Yes
99962,Yes
99963,No
99964,No
99965,Yes
99966,Yes
99967,Yes
99968,No
99969,Yes
99970,Yes
99971,No
99972,Yes
99973,Yes
99974,Yes
99975,Yes
99976,No
99977,Yes
99978,No
99979,Yes
99980,Yes
99981,Yes
99982,No
99983,Yes
99984,No
99985,Yes
99986,Yes
99987,Yes
99988,Yes
99989,No
99990,No
99991,Yes
99992,Yes
99993,No
99994,No
99995,No
99996,Yes
99997,Yes
99998,No
99999,No
100000,No
100001,No
100002,Yes
100003,Yes
100004,Yes
100005,Yes
100006,No
100007,No
100008,Yes
100009,Yes
100010,Yes
100011,Yes
100012,Yes
100013,No
100014,No
100015,No
100016,No
100017,No
100018,Yes
100019,No
100020,No
100021,Yes
100022,No
100023,Yes
100024,Yes
100025,Yes
100026,Yes
100027,No
100028,No
100029,Yes
100030,Yes
100031,No
100032,Yes
100033,No
100034,No
100035,Yes
100036,Yes
100037,No
100038,No
100039,Yes
100040,Yes
100041,Yes
100042,Yes
100043,Yes
100044,No
100045,Yes
100046,Yes
100047,Yes
100048,Yes
100049,No
100050,No
100051,No
100052,Yes
100053,No
100054,No
100055,No
100056,Yes
100057,Yes
100058,Yes
100059,No
100060,Yes
100061,No
100062,No
100063,Yes
100064,No
100065,Yes
100066,No
100067,No
100068,No
100069,No
100070,Yes
100071,Yes
100072,Yes
100073,No
100074,Yes
100075,Yes
100076,Yes
100077,No
100078,No
100079,No
100080,Yes
100081,Yes
100082,No
100083,No
100084,No
100085,No
100086,Yes
100087,Yes
100088,Yes
100089,No
100090,Yes
100091,Yes
100092,Yes
100093,No
100094,Yes
100095,No
100096,Yes
100097,Yes
100098,Yes
100099,Yes
100100,Yes
100101,No
100102,No
100103,Yes
100104,Yes
100105,Yes
100106,Yes
100107,No
100108,Yes
100109,No
100110,Yes
100111,No
100112,No
100113,No
100114,Yes
100115,Yes
100116,Yes
100117,Yes
100118,Yes
100119,Yes
100120,No
100121,No
100122,Yes
100123,Yes
100124,Yes
100125,Yes
100126,Yes
100127,No
100128,Yes
100129,Yes
100130,Yes
100131,Yes
100132,No
100133,No
100134,No
100135,Yes
100136,Yes
100137,Yes
100138,No
100139,No
100140,Yes
100141,No
100142,Yes
100143,Yes
100144,Yes
100145,Yes
100146,Yes
100147,No
100148,No
100149,Yes
100150,No
100151,No
100152,No
100153,Yes
100154,No
100155,Yes
100156,Yes
100157,No
100158,No
100159,Yes
100160,Yes
100161,Yes
100162,Yes
100163,No
100164,Yes
100165,No
100166,Yes
100167,No
100168,Yes
100169,Yes
100170,Yes
100171,No
100172,Yes
100173,Yes
100174,Yes
100175,No
100176,No
100177,Yes
100178,Yes
100179,Yes
100180,No
100181,No
100182,Yes
100183,Yes
100184,No
100185,Yes
100186,Yes
100187,Yes
100188,Yes
100189,No
100190,No
100191,Yes
100192,Yes
100193,Yes
100194,Yes
100195,Yes
100196,Yes
100197,Yes
100198,Yes
100199,No
100200,Yes
100201,No
100202,Yes
100203,No
100204,Yes
100205,No
100206,Yes
100207,Yes
100208,Yes
100209,Yes
100210,No
100211,Yes
100212,No
100213,Yes
100214,Yes
100215,No
100216,Yes
100217,Yes
100218,No
100219,No
100220,Yes
100221,No
100222,No
100223,Yes
100224,Yes
100225,No
100226,Yes
100227,No
100228,No
100229,Yes
100230,No
100231,No
100232,Yes
100233,No
100234,No
100235,Yes
100236,No
100237,Yes
100238,Yes
100239,Yes
100240,Yes
100241,Yes
100242,No
100243,Yes
100244,Yes
100245,No
100246,Yes
100247,Yes
100248,No
100249,No
100250,Yes
100251,No
100252,Yes
100253,Yes
100254,Yes
100255,Yes
100256,No
100257,No
100258,No
100259,No
100260,No
100261,Yes
100262,Yes
100263,Yes
100264,No
100265,Yes
100266,No
100267,Yes
100268,No
100269,Yes
100270,No
100271,Yes
100272,Yes
100273,Yes
100274,Yes
100275,No
100276,Yes
100277,Yes
100278,No
100279,No
100280,Yes
100281,No
100282,No
100283,Yes
100284,No
100285,Yes
100286,No
100287,Yes
100288,No
100289,No
100290,Yes
100291,No
100292,Yes
100293,No
100294,Yes
100295,Yes
100296,No
100297,Yes
100298,Yes
100299,Yes
100300,Yes
100301,No
100302,No
100303,No
100304,No
100305,Yes
100306,No
100307,No
100308,No
100309,Yes
100310,Yes
100311,Yes
100312,No
100313,Yes
100314,No
100315,No
100316,No
100317,No
100318,No
100319,Yes
100320,Yes
100321,No
100322,No
100323,No
100324,Yes
100325,No
100326,No
100327,No
100328,No
100329,Yes
100330,Yes
100331,No
100332,Yes
100333,No
100334,No
100335,Yes
100336,Yes
100337,Yes
100338,Yes
100339,No
100340,Yes
100341,Yes
100342,No
100343,Yes
100344,Yes
100345,Yes
100346,No
100347,Yes
100348,No
100349,No
100350,No
100351,No
100352,Yes
100353,Yes
100354,Yes
100355,Yes
100356,Yes
100357,Yes
100358,No
100359,No
100360,Yes
100361,No
100362,No
100363,Yes
100364,No
100365,Yes
100366,Yes
100367,Yes
100368,Yes
100369,No
100370,No
100371,No
100372,No
100373,No
100374,No
100375,Yes
100376,No
100377,Yes
100378,No
100379,Yes
100380,No
100381,No
100382,No
100383,Yes
100384,Yes
100385,No
100386,No
100387,Yes
100388,Yes
100389,Yes
100390,No
100391,Yes
100392,No
100393,No
100394,No
100395,No
100396,Yes
100397,Yes
100398,No
100399,No
100400,Yes
100401,Yes
100402,No
100403,Yes
100404,No
100405,Yes
100406,Yes
100407,No
100408,No
100409,No
100410,Yes
100411,No
100412,Yes
100413,Yes
100414,Yes
100415,Yes
100416,Yes
100417,Yes
100418,Yes
100419,No
100420,No
100421,Yes
100422,Yes
100423,Yes
100424,Yes
100425,No
100426,Yes
100427,Yes
100428,No
100429,No
100430,Yes
100431,No
100432,Yes
100433,No
100434,Yes
100435,No
100436,No
100437,Yes
100438,No
100439,No
100440,Yes
100441,No
100442,No
100443,Yes
100444,Yes
100445,No
100446,Yes
100447,No
100448,Yes
100449,No
100450,Yes
100451,No
100452,Yes
100453,Yes
100454,No
100455,Yes
100456,No
100457,Yes
100458,Yes
100459,Yes
100460,No
100461,Yes
100462,Yes
100463,Yes
100464,Yes
100465,No
100466,No
100467,No
100468,Yes
100469,Yes
100470,Yes
100471,Yes
100472,Yes
100473,No
100474,Yes
100475,Yes
100476,No
100477,Yes
100478,No
100479,No
100480,No
100481,Yes
100482,No
100483,Yes
100484,Yes
100485,Yes
100486,Yes
100487,No
100488,No
100489,No
100490,Yes
100491,No
100492,Yes
100493,Yes
100494,No
100495,No
100496,No
100497,No
100498,No
100499,No
100500,No
100501,Yes
100502,Yes
100503,No
100504,No
100505,No
100506,No
100507,Yes
100508,Yes
100509,Yes
100510,Yes
100511,Yes
100512,No
100513,No
100514,Yes
100515,No
100516,No
100517,Yes
100518,No
100519,No
100520,Yes
100521,Yes
100522,Yes
100523,Yes
100524,No
100525,No
100526,Yes
100527,No
100528,Yes
100529,Yes
100530,No
100531,Yes
100532,Yes
100533,No
100534,Yes
100535,No
100536,Yes
100537,No
100538,No
100539,Yes
100540,Yes
100541,Yes
100542,No
100543,Yes
100544,Yes
100545,No
100546,No
100547,Yes
100548,Yes
100549,Yes
100550,Yes
100551,No
100552,No
100553,No
100554,No
100555,Yes
100556,Yes
100557,No
100558,No
100559,No
100560,No
100561,Yes
100562,Yes
100563,Yes
100564,No
100565,No
100566,No
100567,Yes
100568,Yes
100569,Yes
100570,No
100571,No
100572,Yes
100573,Yes
100574,No
100575,No
100576,No
100577,No
100578,Yes
100579,Yes
100580,No
100581,Yes
100582,Yes
100583,Yes
100584,No
100585,No
100586,Yes
100587,Yes
100588,No
100589,No
100590,Yes
100591,Yes
100592,No
100593,Yes
100594,Yes
100595,Yes
100596,No
100597,Yes
100598,Yes
100599,No
100600,Yes
100601,Yes
100602,Yes
100603,Yes
100604,Yes
100605,No
100606,Yes
100607,No
100608,Yes
100609,Yes
100610,No
100611,No
100612,No
100613,Yes
100614,No
100615,No
100616,No
100617,Yes
100618,No
100619,Yes
100620,Yes
100621,No
100622,Yes
100623,Yes
100624,Yes
100625,No
100626,Yes
100627,No
100628,No
100629,Yes
100630,Yes
100631,No
100632,Yes
100633,Yes
100634,No
100635,Yes
100636,No
100637,No
100638,Yes
100639,No
100640,Yes
100641,No
100642,No
100643,Yes
100644,Yes
100645,Yes
100646,No
100647,No
100648,No
100649,No
100650,Yes
100651,Yes
100652,No
100653,Yes
100654,Yes
100655,No
100656,No
100657,No
100658,Yes
100659,Yes
100660,No
100661,No
100662,No
100663,No
100664,No
100665,No
100666,Yes
100667,No
100668,No
100669,Yes
100670,No
100671,Yes
100672,Yes
100673,Yes
100674,No
100675,No
100676,Yes
100677,Yes
100678,Yes
100679,Yes
100680,Yes
100681,Yes
100682,No
100683,Yes
100684,No
100685,No
100686,Yes
100687,No
100688,No
100689,Yes
100690,Yes
100691,Yes
100692,No
100693,No
100694,Yes
100695,Yes
100696,No
100697,No
100698,No
100699,Yes
100700,No
100701,No
100702,Yes
100703,No
100704,No
100705,Yes
100706,Yes
100707,No
100708,Yes
100709,Yes
100710,No
100711,Yes
100712,Yes
100713,No
100714,No
100715,Yes
100716,Yes
100717,Yes
100718,No
100719,Yes
100720,Yes
100721,Yes
100722,Yes
100723,Yes
100724,Yes
100725,Yes
100726,No
100727,No
100728,Yes
100729,Yes
100730,No
100731,Yes
100732,Yes
100733,Yes
100734,Yes
100735,No
100736,Yes
100737,Yes
100738,Yes
100739,Yes
100740,No
100741,Yes
100742,Yes
100743,Yes
100744,Yes
100745,Yes
100746,Yes
100747,Yes
100748,No
100749,Yes
100750,Yes
100751,No
100752,No
100753,Yes
100754,No
100755,No
100756,Yes
100757,No
100758,No
100759,Yes
100760,No
100761,Yes
100762,No
100763,Yes
100764,Yes
100765,Yes
100766,Yes
100767,No
100768,Yes
100769,Yes
100770,Yes
100771,Yes
100772,Yes
100773,No
100774,Yes
100775,No
100776,No
100777,No
100778,No
100779,Yes
100780,Yes
100781,Yes
100782,Yes
100783,Yes
100784,Yes
100785,Yes
100786,No
100787,No
100788,Yes
100789,No
100790,No
100791,No
100792,No
100793,No
100794,Yes
100795,No
100796,Yes
100797,Yes
100798,Yes
100799,Yes
100800,No
100801,Yes
100802,No
100803,Yes
100804,Yes
100805,No
100806,Yes
100807,No
100808,Yes
100809,No
100810,No
100811,No
100812,Yes
100813,Yes
100814,Yes
100815,No
100816,Yes
100817,Yes
100818,Yes
100819,No
100820,No
100821,Yes
100822,Yes
100823,No
100824,Yes
100825,Yes
100826,No
100827,Yes
100828,No
100829,Yes
100830,No
100831,No
100832,Yes
100833,No
100834,Yes
100835,No
100836,No
100837,Yes
100838,No
100839,Yes
100840,No
100841,Yes
100842,No
100843,Yes
100844,Yes
100845,No
100846,No
100847,No
100848,No
100849,Yes
100850,Yes
100851,Yes
100852,Yes
100853,Yes
100854,No
100855,No
100856,No
100857,No
100858,Yes
100859,No
100860,No
100861,No
100862,No
100863,Yes
100864,No
100865,No
100866,Yes
100867,No
100868,No
100869,Yes
100870,No
100871,No
100872,No
100873,Yes
100874,No
100875,Yes
100876,No
100877,No
100878,Yes
100879,Yes
100880,No
100881,No
100882,Yes
100883,No
100884,Yes
100885,Yes
100886,Yes
100887,Yes
100888,Yes
100889,No
100890,Yes
100891,Yes
100892,No
100893,Yes
100894,Yes
100895,No
100896,No
100897,No
100898,Yes
100899,No
100900,No
100901,Yes
100902,No
100903,No
100904,No
100905,Yes
100906,No
100907,Yes
100908,No
100909,No
100910,Yes
100911,No
100912,Yes
100913,No
100914,No
100915,Yes
100916,No
100917,No
100918,Yes
100919,Yes
100920,Yes
100921,No
100922,Yes
100923,Yes
100924,Yes
100925,Yes
100926,Yes
100927,No
100928,Yes
100929,Yes
100930,No
100931,No
100932,No
100933,Yes
100934,Yes
100935,Yes
100936,No
100937,Yes
100938,Yes
100939,No
100940,No
100941,No
100942,No
100943,No
100944,Yes
100945,No
100946,No
100947,Yes
100948,Yes
100949,Yes
100950,Yes
100951,Yes
100952,No
100953,No
100954,No
100955,No
100956,Yes
100957,Yes
100958,Yes
100959,No
100960,No
100961,No
100962,No
100963,Yes
100964,Yes
100965,Yes
100966,No
100967,Yes
100968,Yes
100969,Yes
100970,Yes
100971,Yes
100972,Yes
100973,No
100974,Yes
100975,Yes
100976,Yes
100977,Yes
100978,No
100979,Yes
100980,No
100981,Yes
100982,No
100983,No
100984,No
100985,No
100986,Yes
100987,Yes
100988,Yes
100989,No
100990,Yes
100991,Yes
100992,No
100993,No
100994,Yes
100995,Yes
100996,Yes
100997,Yes
100998,No
100999,Yes
101000,Yes
101001,No
101002,Yes
101003,No
101004,Yes
101005,No
101006,Yes
101007,Yes
101008,No
101009,No
101010,Yes
101011,No
101012,Yes
101013,Yes
101014,No
101015,No
101016,Yes
101017,No
101018,Yes
101019,No
101020,No
101021,No
101022,No
101023,No
101024,Yes
101025,No
101026,No
101027,No
101028,No
101029,Yes
101030,Yes
101031,No
101032,Yes
101033,Yes
101034,Yes
101035,No
101036,Yes
101037,No
101038,Yes
101039,Yes
101040,No
101041,No
101042,Yes
101043,Yes
101044,Yes
101045,Yes
101046,Yes
101047,No
101048,Yes
101049,Yes
101050,Yes
101051,Yes
101052,No
101053,Yes
101054,Yes
101055,Yes
101056,Yes
101057,Yes
101058,No
101059,Yes
101060,Yes
101061,Yes
101062,Yes
101063,No
101064,No
101065,No
101066,Yes
101067,No
101068,Yes
101069,Yes
101070,Yes
101071,Yes
101072,Yes
101073,Yes
101074,Yes
101075,Yes
101076,No
101077,Yes
101078,Yes
101079,Yes
101080,Yes
101081,Yes
101082,Yes
101083,Yes
101084,No
101085,No
101086,Yes
101087,Yes
101088,No
101089,No
101090,Yes
101091,Yes
101092,No
101093,No
101094,No
101095,No
101096,Yes
101097,No
101098,Yes
101099,No
101100,Yes
101101,No
101102,Yes
101103,No
101104,Yes
101105,Yes
101106,No
101107,No
101108,No
101109,Yes
101110,Yes
101111,Yes
101112,Yes
101113,Yes
101114,Yes
101115,Yes
101116,Yes
101117,Yes
101118,Yes
101119,No
101120,Yes
101121,No
101122,Yes
101123,Yes
101124,Yes
101125,Yes
101126,Yes
101127,Yes
101128,Yes
101129,No
101130,No
101131,No
101132,Yes
101133,Yes
101134,Yes
101135,No
101136,No
101137,Yes
101138,No
101139,No
101140,Yes
101141,No
101142,Yes
101143,Yes
101144,Yes
101145,Yes
101146,Yes
101147,Yes
101148,No
101149,No
101150,Yes
101151,Yes
101152,No
101153,Yes
101154,Yes
101155,No
101156,No
101157,Yes
101158,Yes
101159,Yes
101160,Yes
101161,No
101162,No
101163,Yes
101164,No
101165,No
101166,No
101167,Yes
101168,Yes
101169,Yes
101170,Yes
101171,No
101172,No
101173,Yes
101174,Yes
101175,Yes
101176,Yes
101177,Yes
101178,Yes
101179,Yes
101180,Yes
101181,Yes
101182,Yes
101183,Yes
101184,No
101185,Yes
101186,No
101187,Yes
101188,Yes
101189,Yes
101190,Yes
101191,Yes
101192,No
101193,No
101194,Yes
101195,Yes
101196,Yes
101197,Yes
101198,Yes
101199,No
101200,Yes
101201,No
101202,Yes
101203,Yes
101204,No
101205,Yes
101206,No
101207,No
101208,No
101209,Yes
101210,Yes
101211,No
101212,No
101213,Yes
101214,Yes
101215,No
101216,Yes
101217,Yes
101218,Yes
101219,No
101220,Yes
101221,Yes
101222,No
101223,No
101224,No
101225,No
101226,No
101227,Yes
101228,Yes
101229,No
101230,Yes
101231,No
101232,Yes
101233,Yes
101234,No
101235,Yes
101236,Yes
101237,No
101238,No
101239,No
101240,No
101241,No
101242,No
101243,No
101244,No
101245,No
101246,Yes
101247,Yes
101248,Yes
101249,No
101250,No
101251,Yes
101252,No
101253,No
101254,Yes
101255,No
101256,Yes
101257,Yes
101258,No
101259,No
101260,Yes
101261,No
101262,Yes
101263,Yes
101264,Yes
101265,No
101266,Yes
101267,Yes
101268,No
101269,No
101270,Yes
101271,No
101272,Yes
101273,No
101274,No
101275,Yes
101276,Yes
101277,Yes
101278,No
101279,No
101280,Yes
101281,No
101282,Yes
101283,Yes
101284,Yes
101285,No
101286,Yes
101287,Yes
101288,Yes
101289,Yes
101290,Yes
101291,No
101292,No
101293,Yes
101294,Yes
101295,No
101296,Yes
101297,No
101298,No
101299,No
101300,Yes
101301,Yes
101302,Yes
101303,Yes
101304,Yes
101305,No
101306,Yes
101307,No
101308,No
101309,No
101310,Yes
101311,Yes
101312,Yes
101313,Yes
101314,Yes
101315,No
101316,Yes
101317,Yes
101318,Yes
101319,No
101320,No
101321,Yes
101322,Yes
101323,Yes
101324,No
101325,No
101326,Yes
101327,Yes
101328,Yes
101329,Yes
101330,No
101331,Yes
101332,Yes
101333,Yes
101334,No
101335,Yes
101336,Yes
101337,Yes
101338,No
101339,No
101340,Yes
101341,Yes
101342,No
101343,No
101344,No
101345,No
101346,No
101347,Yes
101348,No
101349,Yes
101350,No
101351,No
101352,No
101353,No
101354,Yes
101355,No
101356,No
101357,No
101358,No
101359,No
101360,Yes
101361,No
101362,Yes
101363,No
101364,No
101365,No
101366,No
101367,No
101368,No
101369,Yes
101370,Yes
101371,No
101372,No
101373,Yes
101374,No
101375,No
101376,Yes
101377,Yes
101378,No
101379,Yes
101380,Yes
101381,No
101382,No
101383,No
101384,No
101385,Yes
101386,Yes
101387,No
101388,No
101389,No
101390,Yes
101391,No
101392,Yes
101393,Yes
101394,No
101395,Yes
101396,Yes
101397,No
101398,No
101399,Yes
101400,Yes
101401,Yes
101402,Yes
101403,No
101404,Yes
101405,Yes
101406,No
101407,Yes
101408,Yes
101409,No
101410,Yes
101411,No
101412,Yes
101413,Yes
101414,Yes
101415,Yes
101416,Yes
101417,No
101418,No
101419,Yes
101420,Yes
101421,No
101422,No
101423,No
101424,No
101425,Yes
101426,No
101427,Yes
101428,Yes
101429,Yes
101430,No
101431,Yes
101432,Yes
101433,Yes
101434,Yes
101435,Yes
101436,Yes
101437,Yes
101438,Yes
101439,No
101440,No
101441,No
101442,Yes
101443,No
101444,No
101445,Yes
101446,No
101447,Yes
101448,Yes
101449,Yes
101450,Yes
101451,No
101452,No
101453,No
101454,Yes
101455,No
101456,Yes
101457,Yes
101458,Yes
101459,Yes
101460,No
101461,Yes
101462,No
101463,Yes
101464,Yes
101465,No
101466,No
101467,No
101468,No
101469,Yes
101470,No
101471,Yes
101472,Yes
101473,No
101474,No
101475,No
101476,Yes
101477,No
101478,Yes
101479,No
101480,Yes
101481,Yes
101482,Yes
101483,No
101484,Yes
101485,Yes
101486,Yes
101487,No
101488,Yes
101489,Yes
101490,No
101491,Yes
101492,Yes
101493,Yes
101494,Yes
101495,Yes
101496,No
101497,No
101498,Yes
101499,Yes
101500,No
101501,No
101502,Yes
101503,Yes
101504,Yes
101505,Yes
101506,No
101507,No
101508,Yes
101509,No
101510,Yes
101511,Yes
101512,Yes
101513,Yes
101514,No
101515,Yes
101516,No
101517,No
101518,No
101519,No
101520,Yes
101521,No
101522,Yes
101523,Yes
101524,No
101525,No
101526,No
101527,No
101528,Yes
101529,Yes
101530,Yes
101531,No
101532,No
101533,Yes
101534,Yes
101535,No
101536,Yes
101537,Yes
101538,No
101539,Yes
101540,No
101541,No
101542,No
101543,No
101544,Yes
101545,No
101546,Yes
101547,Yes
101548,No
101549,No
101550,No
101551,No
101552,No
101553,Yes
101554,Yes
101555,Yes
101556,Yes
101557,Yes
101558,No
101559,No
101560,No
101561,Yes
101562,Yes
101563,Yes
101564,Yes
101565,No
101566,Yes
101567,Yes
101568,No
101569,No
101570,Yes
101571,No
101572,Yes
101573,Yes
101574,No
101575,No
101576,Yes
101577,Yes
101578,No
101579,No
101580,Yes
101581,Yes
101582,Yes
101583,Yes
101584,Yes
101585,Yes
101586,No
101587,Yes
101588,No
101589,Yes
101590,Yes
101591,No
101592,Yes
101593,No
101594,No
101595,No
101596,Yes
101597,No
101598,No
101599,No
101600,Yes
101601,Yes
101602,Yes
101603,No
101604,Yes
101605,No
101606,Yes
101607,Yes
101608,Yes
101609,Yes
101610,Yes
101611,No
101612,Yes
101613,No
101614,No
101615,Yes
101616,Yes
101617,Yes
101618,Yes
101619,Yes
101620,No
101621,Yes
101622,Yes
101623,Yes
101624,No
101625,Yes
101626,No
101627,No
101628,Yes
101629,Yes
101630,No
101631,Yes
101632,No
101633,Yes
101634,Yes
101635,No
101636,Yes
101637,Yes
101638,Yes
101639,No
101640,Yes
101641,Yes
101642,No
101643,No
101644,Yes
101645,No
101646,No
101647,Yes
101648,Yes
101649,No
101650,Yes
101651,Yes
101652,Yes
101653,No
101654,Yes
101655,Yes
101656,Yes
101657,Yes
101658,Yes
101659,No
101660,Yes
101661,Yes
101662,Yes
101663,No
101664,Yes
101665,Yes
101666,No
101667,No
101668,No
101669,Yes
101670,Yes
101671,Yes
101672,Yes
101673,Yes
101674,Yes
101675,Yes
101676,No
101677,No
101678,Yes
101679,Yes
101680,No
101681,Yes
101682,Yes
101683,Yes
101684,Yes
101685,Yes
101686,No
101687,Yes
101688,No
101689,No
101690,Yes
101691,Yes
101692,No
101693,No
101694,No
101695,No
101696,Yes
101697,No
101698,No
101699,Yes
101700,Yes
101701,No
101702,Yes
101703,No
101704,Yes
101705,No
101706,No
101707,No
101708,No
101709,No
101710,No
101711,Yes
101712,Yes
101713,Yes
101714,Yes
101715,No
101716,No
101717,Yes
101718,Yes
101719,No
101720,Yes
101721,No
101722,Yes
101723,No
101724,Yes
101725,Yes
101726,No
101727,Yes
101728,No
101729,Yes
101730,No
101731,No
101732,No
101733,No
101734,No
101735,No
101736,Yes
101737,No
101738,Yes
101739,No
101740,Yes
101741,No
101742,Yes
101743,Yes
101744,Yes
101745,No
101746,Yes
101747,No
101748,No
101749,Yes
101750,No
101751,Yes
101752,No
101753,No
101754,Yes
101755,Yes
101756,No
101757,Yes
101758,Yes
101759,No
101760,No
101761,No
101762,No
101763,No
101764,No
101765,Yes
101766,Yes
101767,No
101768,Yes
101769,Yes
101770,No
101771,Yes
101772,No
101773,Yes
101774,Yes
101775,Yes
101776,No
101777,No
101778,Yes
101779,Yes
101780,Yes
101781,No
101782,No
101783,Yes
101784,Yes
101785,Yes
101786,Yes
101787,Yes
101788,Yes
101789,Yes
101790,Yes
101791,Yes
101792,No
101793,No
101794,No
101795,Yes
101796,Yes
101797,Yes
101798,No
101799,Yes
101800,Yes
101801,No
101802,Yes
101803,No
101804,Yes
101805,No
101806,No
101807,No
101808,Yes
101809,Yes
101810,Yes
101811,No
101812,Yes
101813,No
101814,No
101815,Yes
101816,Yes
101817,Yes
101818,Yes
101819,No
101820,Yes
101821,Yes
101822,No
101823,No
101824,Yes
101825,Yes
101826,Yes
101827,No
101828,Yes
101829,Yes
101830,No
101831,Yes
101832,Yes
101833,Yes
101834,No
101835,Yes
101836,No
101837,Yes
101838,No
101839,Yes
101840,Yes
101841,Yes
101842,Yes
101843,No
101844,No
101845,No
101846,Yes
101847,Yes
101848,Yes
101849,Yes
101850,Yes
101851,Yes
101852,No
101853,No
101854,No
101855,No
101856,Yes
101857,No
101858,No
101859,Yes
101860,No
101861,No
101862,No
101863,No
101864,Yes
101865,No
101866,No
101867,Yes
101868,No
101869,No
101870,Yes
101871,Yes
101872,No
101873,Yes
101874,Yes
101875,Yes
101876,Yes
101877,No
101878,No
101879,No
101880,No
101881,No
101882,Yes
101883,Yes
101884,No
101885,No
101886,No
101887,No
101888,Yes
101889,No
101890,Yes
101891,Yes
101892,Yes
101893,Yes
101894,No
101895,No
101896,Yes
101897,Yes
101898,No
101899,Yes
101900,No
101901,Yes
101902,Yes
101903,Yes
101904,Yes
101905,No
101906,No
101907,No
101908,Yes
101909,No
101910,Yes
101911,Yes
101912,No
101913,No
101914,No
101915,No
101916,No
101917,Yes
101918,Yes
101919,No
101920,No
101921,Yes
101922,No
101923,Yes
101924,No
101925,Yes
101926,Yes
101927,Yes
101928,Yes
101929,Yes
101930,Yes
101931,No
101932,Yes
101933,No
101934,No
101935,No
101936,Yes
101937,Yes
101938,Yes
101939,No
101940,No
101941,No
101942,Yes
101943,No
101944,Yes
101945,No
101946,Yes
101947,No
101948,No
101949,No
101950,No
101951,Yes
101952,Yes
101953,No
101954,No
101955,Yes
101956,No
101957,No
101958,Yes
101959,Yes
101960,Yes
101961,Yes
101962,Yes
101963,Yes
101964,Yes
101965,Yes
101966,Yes
101967,No
101968,No
101969,Yes
101970,Yes
101971,Yes
101972,Yes
101973,No
101974,Yes
101975,Yes
101976,Yes
101977,No
101978,No
101979,No
101980,Yes
101981,No
101982,No
101983,No
101984,No
101985,Yes
101986,Yes
101987,Yes
101988,Yes
101989,Yes
101990,No
101991,Yes
101992,Yes
101993,Yes
101994,Yes
101995,Yes
101996,No
101997,No
101998,No
101999,No
102000,No
102001,Yes
102002,Yes
102003,Yes
102004,Yes
102005,No
102006,No
102007,Yes
102008,No
102009,Yes
102010,Yes
102011,No
102012,Yes
102013,Yes
102014,Yes
102015,No
102016,Yes
102017,No
102018,No
102019,No
102020,Yes
102021,No
102022,No
102023,No
102024,Yes
102025,No
102026,No
102027,No
102028,Yes
102029,No
102030,Yes
102031,Yes
102032,No
102033,Yes
102034,No
102035,Yes
102036,Yes
102037,Yes
102038,Yes
102039,Yes
102040,Yes
102041,Yes
102042,Yes
102043,No
102044,No
102045,Yes
102046,No
102047,Yes
102048,Yes
102049,No
102050,Yes
102051,No
102052,No
102053,Yes
102054,No
102055,Yes
102056,Yes
102057,No
102058,Yes
102059,Yes
102060,No
102061,Yes
102062,Yes
102063,Yes
102064,Yes
102065,No
102066,Yes
102067,No
102068,No
102069,No
102070,Yes
102071,No
102072,Yes
102073,Yes
102074,Yes
102075,Yes
102076,Yes
102077,Yes
102078,No
102079,No
102080,No
102081,No
102082,Yes
102083,No
102084,Yes
102085,Yes
102086,Yes
102087,No
102088,Yes
102089,No
102090,Yes
102091,No
102092,No
102093,No
102094,Yes
102095,Yes
102096,Yes
102097,Yes
102098,No
102099,Yes
102100,Yes
102101,Yes
102102,No
102103,Yes
102104,No
102105,No
102106,Yes
102107,No
102108,Yes
102109,Yes
102110,Yes
102111,Yes
102112,No
102113,Yes
102114,Yes
102115,Yes
102116,Yes
102117,Yes
102118,No
102119,Yes
102120,No
102121,No
102122,No
102123,Yes
102124,Yes
102125,Yes
102126,No
102127,Yes
102128,No
102129,No
102130,Yes
102131,Yes
102132,Yes
102133,No
102134,No
102135,No
102136,Yes
102137,Yes
102138,Yes
102139,Yes
102140,Yes
102141,No
102142,No
102143,No
102144,Yes
102145,No
102146,Yes
102147,Yes
102148,Yes
102149,Yes
102150,No
102151,No
102152,Yes
102153,Yes
102154,Yes
102155,No
102156,Yes
102157,Yes
102158,No
102159,Yes
102160,No
102161,Yes
102162,No
102163,Yes
102164,No
102165,Yes
102166,No
102167,Yes
102168,No
102169,No
102170,Yes
102171,No
102172,No
102173,Yes
102174,No
102175,Yes
102176,Yes
102177,No
102178,No
102179,No
102180,Yes
102181,Yes
102182,No
102183,Yes
102184,Yes
102185,No
102186,No
102187,No
102188,Yes
102189,No
102190,Yes
102191,Yes
102192,No
102193,Yes
102194,Yes
102195,No
102196,No
102197,Yes
102198,Yes
102199,No
102200,Yes
102201,Yes
102202,No
102203,No
102204,No
102205,No
102206,Yes
102207,Yes
102208,No
102209,No
102210,Yes
102211,No
102212,Yes
102213,Yes
102214,No
102215,No
102216,Yes
102217,No
102218,No
102219,Yes
102220,Yes
102221,Yes
102222,No
102223,Yes
102224,No
102225,No
102226,Yes
102227,Yes
102228,Yes
102229,No
102230,Yes
102231,No
102232,No
102233,Yes
102234,Yes
102235,Yes
102236,No
102237,No
102238,No
102239,No
102240,Yes
102241,Yes
102242,Yes
102243,Yes
102244,Yes
102245,No
102246,Yes
102247,Yes
102248,Yes
102249,Yes
102250,No
102251,Yes
102252,No
102253,No
102254,Yes
102255,Yes
102256,No
102257,Yes
102258,Yes
102259,Yes
102260,No
102261,No
102262,No
102263,Yes
102264,Yes
102265,Yes
102266,Yes
102267,No
102268,No
102269,No
102270,Yes
102271,No
102272,No
102273,Yes
102274,Yes
102275,No
102276,Yes
102277,Yes
102278,Yes
102279,No
102280,Yes
102281,Yes
102282,Yes
102283,Yes
102284,Yes
102285,Yes
102286,Yes
102287,Yes
102288,No
102289,No
102290,No
102291,Yes
102292,Yes
102293,Yes
102294,Yes
102295,No
102296,Yes
102297,No
102298,No
102299,No
102300,Yes
102301,Yes
102302,Yes
102303,Yes
102304,No
102305,No
102306,Yes
102307,Yes
102308,Yes
102309,Yes
102310,No
102311,Yes
102312,No
102313,Yes
102314,No
102315,Yes
102316,No
102317,No
102318,Yes
102319,No
102320,Yes
102321,Yes
102322,No
102323,Yes
102324,Yes
102325,Yes
102326,Yes
102327,Yes
102328,No
102329,No
102330,Yes
102331,No
102332,No
102333,Yes
102334,Yes
102335,Yes
102336,Yes
102337,Yes
102338,Yes
102339,No
102340,No
102341,No
102342,Yes
102343,No
102344,Yes
102345,No
102346,No
102347,No
102348,Yes
102349,No
102350,No
102351,No
102352,Yes
102353,Yes
102354,No
102355,No
102356,Yes
102357,No
102358,Yes
102359,Yes
102360,Yes
102361,No
102362,Yes
102363,Yes
102364,Yes
102365,No
102366,Yes
102367,Yes
102368,Yes
102369,Yes
102370,Yes
102371,No
102372,No
102373,No
102374,No
102375,Yes
102376,No
102377,Yes
102378,Yes
102379,No
102380,No
102381,No
102382,No
102383,No
102384,No
102385,Yes
102386,Yes
102387,Yes
102388,No
102389,No
102390,Yes
102391,Yes
102392,No
102393,No
102394,No
102395,No
102396,No
102397,No
102398,No
102399,No
102400,Yes
102401,Yes
102402,No
102403,No
102404,Yes
102405,No
102406,Yes
102407,No
102408,Yes
102409,Yes
102410,Yes
102411,Yes
102412,Yes
102413,No
102414,No
102415,No
102416,No
102417,No
102418,No
102419,No
102420,Yes
102421,Yes
102422,Yes
102423,No
102424,No
102425,Yes
102426,Yes
102427,Yes
102428,No
102429,No
102430,Yes
102431,No
102432,Yes
102433,No
102434,No
102435,No
102436,No
102437,Yes
102438,Yes
102439,Yes
102440,Yes
102441,Yes
102442,Yes
102443,No
102444,No
102445,No
102446,Yes
102447,No
102448,Yes
102449,Yes
102450,No
102451,No
102452,No
102453,No
102454,Yes
102455,No
102456,Yes
102457,Yes
102458,No
102459,No
102460,Yes
102461,Yes
102462,Yes
102463,Yes
102464,No
102465,No
102466,Yes
102467,Yes
102468,Yes
102469,No
102470,Yes
102471,Yes
102472,Yes
102473,Yes
102474,No
102475,Yes
102476,No
102477,Yes
102478,No
102479,Yes
102480,No
102481,No
102482,Yes
102483,Yes
102484,No
102485,Yes
102486,No
102487,No
102488,No
102489,No
102490,Yes
102491,No
102492,No
102493,No
102494,Yes
102495,No
102496,No
102497,Yes
102498,No
102499,Yes
102500,No
102501,Yes
102502,No
102503,Yes
102504,No
102505,No
102506,Yes
102507,Yes
102508,No
102509,No
102510,Yes
102511,No
102512,Yes
102513,Yes
102514,Yes
102515,Yes
102516,Yes
102517,Yes
102518,No
102519,No
102520,Yes
102521,No
102522,No
102523,Yes
102524,No
102525,No
102526,No
102527,No
102528,No
102529,No
102530,Yes
102531,Yes
102532,Yes
102533,Yes
102534,No
102535,Yes
102536,Yes
102537,No
102538,Yes
102539,No
102540,Yes
102541,No
102542,Yes
102543,Yes
102544,No
102545,Yes
102546,No
102547,No
102548,Yes
102549,Yes
102550,No
102551,Yes
102552,Yes
102553,No
102554,Yes
102555,No
102556,Yes
102557,No
102558,Yes
102559,Yes
102560,Yes
102561,Yes
102562,Yes
102563,No
102564,Yes
102565,Yes
102566,No
102567,No
102568,Yes
102569,Yes
102570,No
102571,Yes
102572,Yes
102573,Yes
102574,Yes
102575,Yes
102576,Yes
102577,Yes
102578,Yes
102579,Yes
102580,Yes
102581,No
102582,Yes
102583,No
102584,No
102585,Yes
102586,Yes
102587,Yes
102588,Yes
102589,No
102590,Yes
102591,Yes
102592,Yes
102593,Yes
102594,No
102595,No
102596,Yes
102597,Yes
102598,Yes
102599,No
102600,No
102601,Yes
102602,Yes
102603,Yes
102604,No
102605,Yes
102606,No
102607,No
102608,Yes
102609,Yes
102610,No
102611,Yes
102612,No
102613,Yes
102614,Yes
102615,Yes
102616,Yes
102617,Yes
102618,No
102619,No
102620,Yes
102621,No
102622,Yes
102623,No
102624,Yes
102625,No
102626,Yes
102627,Yes
102628,Yes
102629,No
102630,Yes
102631,No
102632,No
102633,Yes
102634,Yes
102635,Yes
102636,Yes
102637,Yes
102638,No
102639,No
102640,Yes
102641,Yes
102642,Yes
102643,No
102644,No
102645,No
102646,Yes
102647,Yes
102648,Yes
102649,Yes
102650,Yes
102651,No
102652,No
102653,Yes
102654,No
102655,No
102656,No
102657,Yes
102658,No
102659,Yes
102660,Yes
102661,Yes
102662,Yes
102663,No
102664,Yes
102665,No
102666,Yes
102667,Yes
102668,No
102669,Yes
102670,Yes
102671,No
102672,No
102673,No
102674,Yes
102675,No
102676,Yes
102677,No
102678,No
102679,No
102680,No
102681,Yes
102682,No
102683,Yes
102684,Yes
102685,No
102686,Yes
102687,No
102688,No
102689,Yes
102690,Yes
102691,No
102692,No
102693,No
102694,No
102695,No
102696,Yes
102697,Yes
102698,No
102699,Yes
102700,No
102701,Yes
102702,Yes
102703,No
102704,No
102705,Yes
102706,Yes
102707,Yes
102708,Yes
102709,No
102710,Yes
102711,Yes
102712,No
102713,Yes
102714,No
102715,No
102716,No
102717,No
102718,Yes
102719,No
102720,Yes
102721,Yes
102722,Yes
102723,Yes
102724,No
102725,No
102726,No
102727,Yes
102728,No
102729,Yes
102730,Yes
102731,Yes
102732,No
102733,Yes
102734,No
102735,Yes
102736,Yes
102737,No
102738,Yes
102739,Yes
102740,Yes
102741,No
102742,Yes
102743,No
102744,Yes
102745,Yes
102746,Yes
102747,Yes
102748,No
102749,Yes
102750,Yes
102751,Yes
102752,Yes
102753,No
102754,Yes
102755,Yes
102756,Yes
102757,Yes
102758,Yes
102759,No
102760,Yes
102761,No
102762,Yes
102763,Yes
102764,No
102765,Yes
102766,No
102767,Yes
102768,No
102769,Yes
102770,No
102771,Yes
102772,No
102773,Yes
102774,Yes
102775,No
102776,No
102777,Yes
102778,Yes
102779,No
102780,No
102781,No
102782,No
102783,Yes
102784,No
102785,No
102786,Yes
102787,Yes
102788,Yes
102789,Yes
102790,Yes
102791,No
102792,Yes
102793,No
102794,No
102795,Yes
102796,Yes
102797,No
102798,Yes
102799,Yes
102800,Yes
102801,No
102802,No
102803,Yes
102804,Yes
102805,No
102806,Yes
102807,No
102808,Yes
102809,No
102810,Yes
102811,Yes
102812,No
102813,Yes
102814,Yes
102815,No
102816,No
102817,No
102818,Yes
102819,Yes
102820,No
102821,No
102822,No
102823,Yes
102824,Yes
102825,No
102826,No
102827,Yes
102828,No
102829,Yes
102830,No
102831,Yes
102832,Yes
102833,No
102834,Yes
102835,No
102836,No
102837,Yes
102838,Yes
102839,Yes
102840,No
102841,Yes
102842,Yes
102843,Yes
102844,No
102845,No
102846,No
102847,Yes
102848,No
102849,Yes
102850,No
102851,No
102852,Yes
102853,No
102854,No
102855,No
102856,No
102857,Yes
102858,No
102859,Yes
102860,Yes
102861,No
102862,Yes
102863,Yes
102864,Yes
102865,No
102866,Yes
102867,Yes
102868,Yes
102869,No
102870,Yes
102871,Yes
102872,No
102873,No
102874,No
102875,No
102876,Yes
102877,Yes
102878,No
102879,Yes
102880,Yes
102881,Yes
102882,Yes
102883,No
102884,Yes
102885,Yes
102886,No
102887,No
102888,No
102889,Yes
102890,No
102891,No
102892,No
102893,Yes
102894,Yes
102895,Yes
102896,Yes
102897,Yes
102898,Yes
102899,Yes
102900,Yes
102901,Yes
102902,No
102903,No
102904,No
102905,Yes
102906,Yes
102907,No
102908,No
102909,No
102910,No
102911,Yes
102912,No
102913,Yes
102914,Yes
102915,No
102916,No
102917,Yes
102918,No
102919,Yes
102920,Yes
102921,Yes
102922,Yes
102923,No
102924,Yes
102925,Yes
102926,Yes
102927,Yes
102928,Yes
102929,Yes
102930,Yes
102931,No
102932,Yes
102933,Yes
102934,Yes
102935,Yes
102936,No
102937,Yes
102938,No
102939,No
102940,Yes
102941,Yes
102942,Yes
102943,No
102944,No
102945,Yes
102946,No
102947,Yes
102948,Yes
102949,Yes
102950,Yes
102951,Yes
102952,No
102953,Yes
102954,No
102955,No
102956,Yes
102957,Yes
102958,No
102959,Yes
102960,No
102961,Yes
102962,No
102963,Yes
102964,Yes
102965,Yes
102966,No
102967,Yes
102968,Yes
102969,No
102970,Yes
102971,No
102972,No
102973,No
102974,No
102975,Yes
102976,No
102977,No
102978,No
102979,Yes
102980,Yes
102981,Yes
102982,Yes
102983,No
102984,Yes
102985,Yes
102986,Yes
102987,Yes
102988,No
102989,No
102990,Yes
102991,No
102992,Yes
102993,No
102994,Yes
102995,Yes
102996,Yes
102997,Yes
102998,Yes
102999,No
103000,Yes
103001,No
103002,Yes
103003,Yes
103004,No
103005,Yes
103006,No
103007,Yes
103008,Yes
103009,No
103010,Yes
103011,Yes
103012,Yes
103013,Yes
103014,Yes
103015,Yes
103016,Yes
103017,Yes
103018,Yes
103019,Yes
103020,No
103021,Yes
103022,No
103023,No
103024,Yes
103025,Yes
103026,Yes
103027,No
103028,No
103029,Yes
103030,Yes
103031,Yes
103032,Yes
103033,No
103034,No
103035,Yes
103036,No
103037,No
103038,Yes
103039,Yes
103040,Yes
103041,Yes
103042,No
103043,No
103044,No
103045,Yes
103046,No
103047,Yes
103048,Yes
103049,Yes
103050,Yes
103051,Yes
103052,No
103053,No
103054,Yes
103055,Yes
103056,No
103057,Yes
103058,No
103059,No
103060,No
103061,No
103062,Yes
103063,No
103064,No
103065,No
103066,Yes
103067,Yes
103068,No
103069,Yes
103070,Yes
103071,Yes
103072,Yes
103073,Yes
103074,Yes
103075,Yes
103076,Yes
103077,Yes
103078,Yes
103079,Yes
103080,Yes
103081,No
103082,Yes
103083,Yes
103084,No
103085,No
103086,Yes
103087,No
103088,No
103089,No
103090,Yes
103091,Yes
103092,No
103093,No
103094,Yes
103095,Yes
103096,Yes
103097,Yes
103098,No
103099,No
103100,Yes
103101,Yes
103102,Yes
103103,Yes
103104,Yes
103105,No
103106,No
103107,Yes
103108,Yes
103109,Yes
103110,Yes
103111,Yes
103112,Yes
103113,No
103114,No
103115,No
103116,No
103117,Yes
103118,Yes
103119,Yes
103120,Yes
103121,Yes
103122,No
103123,Yes
103124,Yes
103125,Yes
103126,No
103127,No
103128,Yes
103129,Yes
103130,Yes
103131,No
103132,Yes
103133,No
103134,Yes
103135,Yes
103136,Yes
103137,Yes
103138,Yes
103139,No
103140,No
103141,Yes
103142,Yes
103143,Yes
103144,No
103145,Yes
103146,Yes
103147,Yes
103148,No
103149,No
103150,No
103151,Yes
103152,Yes
103153,Yes
103154,Yes
103155,Yes
103156,Yes
103157,Yes
103158,Yes
103159,No
103160,No
103161,Yes
103162,Yes
103163,No
103164,Yes
103165,No
103166,No
103167,No
103168,No
103169,Yes
103170,Yes
103171,No
103172,No
103173,No
103174,Yes
103175,Yes
103176,Yes
103177,Yes
103178,No
103179,Yes
103180,No
103181,Yes
103182,No
103183,Yes
103184,Yes
103185,Yes
103186,No
103187,No
103188,Yes
103189,No
103190,Yes
103191,Yes
103192,No
103193,No
103194,No
103195,Yes
103196,Yes
103197,Yes
103198,No
103199,Yes
103200,Yes
103201,Yes
103202,Yes
103203,Yes
103204,Yes
103205,No
103206,No
103207,No
103208,Yes
103209,No
103210,Yes
103211,Yes
103212,No
103213,Yes
103214,Yes
103215,Yes
103216,No
103217,No
103218,No
103219,Yes
103220,No
103221,Yes
103222,No
103223,Yes
103224,Yes
103225,Yes
103226,Yes
103227,Yes
103228,Yes
103229,No
103230,Yes
103231,No
103232,No
103233,No
103234,No
103235,No
103236,Yes
103237,Yes
103238,No
103239,Yes
103240,Yes
103241,No
103242,No
103243,Yes
103244,Yes
103245,Yes
103246,Yes
103247,No
103248,Yes
103249,Yes
103250,No
103251,Yes
103252,No
103253,No
103254,No
103255,Yes
103256,Yes
103257,No
103258,Yes
103259,No
103260,Yes
103261,Yes
103262,No
103263,Yes
103264,No
103265,No
103266,No
103267,Yes
103268,Yes
103269,Yes
103270,No
103271,No
103272,Yes
103273,No
103274,Yes
103275,Yes
103276,Yes
103277,No
103278,No
103279,Yes
103280,No
103281,No
103282,No
103283,Yes
103284,No
103285,No
103286,No
103287,Yes
103288,No
103289,Yes
103290,No
103291,No
103292,No
103293,No
103294,No
103295,Yes
103296,No
103297,No
103298,No
103299,No
103300,No
103301,No
103302,No
103303,Yes
103304,No
103305,No
103306,Yes
103307,No
103308,Yes
103309,No
103310,Yes
103311,No
103312,Yes
103313,No
103314,Yes
103315,Yes
103316,Yes
103317,No
103318,No
103319,Yes
103320,Yes
103321,Yes
103322,Yes
103323,Yes
103324,No
103325,No
103326,Yes
103327,No
103328,Yes
103329,Yes
103330,Yes
103331,Yes
103332,No
103333,No
103334,Yes
103335,Yes
103336,No
103337,No
103338,Yes
103339,No
103340,No
103341,Yes
103342,No
103343,Yes
103344,No
103345,Yes
103346,No
103347,No
103348,Yes
103349,Yes
103350,Yes
103351,No
103352,Yes
103353,No
103354,No
103355,No
103356,No
103357,Yes
103358,Yes
103359,Yes
103360,Yes
103361,Yes
103362,No
103363,No
103364,Yes
103365,Yes
103366,No
103367,No
103368,Yes
103369,Yes
103370,Yes
103371,No
103372,No
103373,Yes
103374,No
103375,No
103376,No
103377,No
103378,Yes
103379,No
103380,No
103381,Yes
103382,No
103383,No
103384,Yes
103385,Yes
103386,Yes
103387,No
103388,Yes
103389,Yes
103390,Yes
103391,No
103392,Yes
103393,No
103394,No
103395,Yes
103396,Yes
103397,No
103398,No
103399,Yes
103400,Yes
103401,Yes
103402,Yes
103403,Yes
103404,Yes
103405,Yes
103406,No
103407,No
103408,Yes
103409,No
103410,Yes
103411,Yes
103412,Yes
103413,No
103414,No
103415,Yes
103416,No
103417,Yes
103418,Yes
103419,No
103420,No
103421,Yes
103422,No
103423,Yes
103424,Yes
103425,Yes
103426,Yes
103427,Yes
103428,Yes
103429,Yes
103430,Yes
103431,No
103432,No
103433,No
103434,Yes
103435,Yes
103436,No
103437,No
103438,No
103439,Yes
103440,No
103441,No
103442,Yes
103443,No
103444,No
103445,No
103446,No
103447,No
103448,No
103449,Yes
103450,Yes
103451,No
103452,Yes
103453,Yes
103454,Yes
103455,Yes
103456,No
103457,Yes
103458,No
103459,Yes
103460,Yes
103461,No
103462,Yes
103463,No
103464,Yes
103465,No
103466,Yes
103467,Yes
103468,No
103469,No
103470,Yes
103471,Yes
103472,Yes
103473,No
103474,No
103475,Yes
103476,No
103477,No
103478,Yes
103479,No
103480,Yes
103481,Yes
103482,No
103483,Yes
103484,Yes
103485,Yes
103486,Yes
103487,Yes
103488,Yes
103489,Yes
103490,No
103491,Yes
103492,No
103493,No
103494,Yes
103495,No
103496,Yes
103497,Yes
103498,Yes
103499,Yes
103500,Yes
103501,Yes
103502,No
103503,Yes
103504,No
103505,Yes
103506,No
103507,Yes
103508,No
103509,Yes
103510,No
103511,Yes
103512,No
103513,No
103514,Yes
103515,No
103516,No
103517,No
103518,Yes
103519,Yes
103520,Yes
103521,Yes
103522,Yes
103523,Yes
103524,No
103525,No
103526,No
103527,No
103528,No
103529,Yes
103530,No
103531,Yes
103532,Yes
103533,No
103534,Yes
103535,Yes
103536,Yes
103537,Yes
103538,Yes
103539,No
103540,No
103541,Yes
103542,No
103543,Yes
103544,Yes
103545,No
103546,No
103547,Yes
103548,Yes
103549,Yes
103550,No
103551,Yes
103552,Yes
103553,Yes
103554,Yes
103555,No
103556,No
103557,Yes
103558,Yes
103559,Yes
103560,Yes
103561,No
103562,Yes
103563,Yes
103564,Yes
103565,No
103566,Yes
103567,No
103568,Yes
103569,Yes
103570,No
103571,No
103572,Yes
103573,No
103574,Yes
103575,Yes
103576,Yes
103577,No
103578,Yes
103579,No
103580,No
103581,No
103582,Yes
103583,Yes
103584,No
103585,Yes
103586,Yes
103587,No
103588,Yes
103589,No
103590,Yes
103591,Yes
103592,Yes
103593,Yes
103594,Yes
103595,Yes
103596,No
103597,Yes
103598,Yes
103599,No
103600,Yes
103601,No
103602,Yes
103603,No
103604,No
103605,Yes
103606,No
103607,No
103608,Yes
103609,Yes
103610,No
103611,Yes
103612,Yes
103613,Yes
103614,Yes
103615,Yes
103616,No
103617,No
103618,No
103619,Yes
103620,Yes
103621,Yes
103622,Yes
103623,No
103624,Yes
103625,Yes
103626,Yes
103627,Yes
103628,Yes
103629,Yes
103630,Yes
103631,No
103632,No
103633,Yes
103634,No
103635,No
103636,Yes
103637,Yes
103638,Yes
103639,No
103640,Yes
103641,No
103642,No
103643,Yes
103644,No
103645,No
103646,No
103647,No
103648,No
103649,Yes
103650,No
103651,Yes
103652,Yes
103653,No
103654,Yes
103655,No
103656,Yes
103657,No
103658,No
103659,Yes
103660,Yes
103661,No
103662,Yes
103663,No
103664,Yes
103665,No
103666,Yes
103667,No
103668,No
103669,Yes
103670,Yes
103671,Yes
103672,No
103673,No
103674,Yes
103675,No
103676,Yes
103677,Yes
103678,No
103679,No
103680,Yes
103681,Yes
103682,Yes
103683,No
103684,No
103685,Yes
103686,No
103687,No
103688,Yes
103689,Yes
103690,Yes
103691,No
103692,No
103693,Yes
103694,No
103695,Yes
103696,No
103697,No
103698,Yes
103699,No
103700,No
103701,No
103702,Yes
103703,No
103704,No
103705,No
103706,No
103707,Yes
103708,Yes
103709,No
103710,Yes
103711,Yes
103712,Yes
103713,Yes
103714,Yes
103715,No
103716,No
103717,No
103718,No
103719,No
103720,Yes
103721,Yes
103722,No
103723,No
103724,Yes
103725,Yes
103726,No
103727,No
103728,Yes
103729,Yes
103730,No
103731,Yes
103732,Yes
103733,No
103734,No
103735,Yes
103736,Yes
103737,Yes
103738,Yes
103739,Yes
103740,Yes
103741,Yes
103742,Yes
103743,Yes
103744,No
103745,No
103746,Yes
103747,No
103748,Yes
103749,No
103750,Yes
103751,Yes
103752,Yes
103753,Yes
103754,Yes
103755,No
103756,No
103757,No
103758,No
103759,Yes
103760,No
103761,Yes
103762,No
103763,Yes
103764,Yes
103765,Yes
103766,Yes
103767,Yes
103768,No
103769,No
103770,Yes
103771,No
103772,Yes
103773,No
103774,No
103775,Yes
103776,Yes
103777,Yes
103778,No
103779,No
103780,Yes
103781,No
103782,Yes
103783,No
103784,No
103785,Yes
103786,No
103787,No
103788,No
103789,No
103790,No
103791,Yes
103792,Yes
103793,Yes
103794,Yes
103795,Yes
103796,No
103797,No
103798,Yes
103799,Yes
103800,No
103801,No
103802,No
103803,No
103804,Yes
103805,Yes
103806,Yes
103807,Yes
103808,Yes
103809,Yes
103810,Yes
103811,No
103812,No
103813,Yes
103814,Yes
103815,Yes
103816,Yes
103817,Yes
103818,No
103819,Yes
103820,Yes
103821,No
103822,No
103823,Yes
103824,Yes
103825,Yes
103826,No
103827,Yes
103828,No
103829,Yes
103830,No
103831,No
103832,Yes
103833,No
103834,Yes
103835,Yes
103836,No
103837,Yes
103838,Yes
103839,Yes
103840,No
103841,No
103842,No
103843,No
103844,Yes
103845,No
103846,No
103847,Yes
103848,Yes
103849,No
103850,No
103851,Yes
103852,No
103853,No
103854,No
103855,Yes
103856,Yes
103857,No
103858,No
103859,Yes
103860,Yes
103861,Yes
103862,Yes
103863,Yes
103864,Yes
103865,Yes
103866,Yes
103867,No
103868,No
103869,No
103870,Yes
103871,Yes
103872,No
103873,No
103874,No
103875,No
103876,Yes
103877,Yes
103878,No
103879,Yes
103880,Yes
103881,Yes
103882,Yes
103883,Yes
103884,Yes
103885,No
103886,No
103887,No
103888,No
103889,Yes
103890,Yes
103891,Yes
103892,Yes
103893,Yes
103894,Yes
103895,No
103896,No
103897,Yes
103898,Yes
103899,Yes
103900,No
103901,Yes
103902,No
103903,Yes
103904,No
103905,No
103906,No
103907,No
103908,Yes
103909,No
103910,No
103911,Yes
103912,Yes
103913,Yes
103914,Yes
103915,No
103916,Yes
103917,Yes
103918,Yes
103919,Yes
103920,No
103921,Yes
103922,No
103923,Yes
103924,Yes
103925,No
103926,Yes
103927,No
103928,Yes
103929,No
103930,No
103931,No
103932,Yes
103933,No
103934,Yes
103935,No
103936,No
103937,Yes
103938,No
103939,Yes
103940,Yes
103941,Yes
103942,Yes
103943,No
103944,Yes
103945,Yes
103946,No
103947,Yes
103948,Yes
103949,Yes
103950,Yes
103951,Yes
103952,No
103953,No
103954,Yes
103955,Yes
103956,Yes
103957,Yes
103958,Yes
103959,No
103960,Yes
103961,No
103962,No
103963,No
103964,No
103965,Yes
103966,Yes
103967,No
103968,Yes
103969,Yes
103970,Yes
103971,No
103972,Yes
103973,Yes
103974,Yes
103975,Yes
103976,Yes
103977,Yes
103978,No
103979,Yes
103980,Yes
103981,Yes
103982,Yes
103983,No
103984,No
103985,Yes
103986,Yes
103987,No
103988,Yes
103989,No
103990,Yes
103991,No
103992,Yes
103993,No
103994,Yes
103995,Yes
103996,No
103997,Yes
103998,Yes
103999,Yes
104000,No
104001,Yes
104002,Yes
104003,Yes
104004,No
104005,Yes
104006,No
104007,No
104008,Yes
104009,No
104010,Yes
104011,No
104012,Yes
104013,Yes
104014,No
104015,No
104016,Yes
104017,No
104018,Yes
104019,No
104020,Yes
104021,Yes
104022,Yes
104023,Yes
104024,Yes
104025,Yes
104026,Yes
104027,No
104028,Yes
104029,No
104030,No
104031,No
104032,Yes
104033,No
104034,No
104035,Yes
104036,No
104037,No
104038,Yes
104039,Yes
104040,No
104041,Yes
104042,Yes
104043,Yes
104044,Yes
104045,No
104046,No
104047,Yes
104048,No
104049,Yes
104050,Yes
104051,Yes
104052,No
104053,No
104054,Yes
104055,Yes
104056,Yes
104057,Yes
104058,Yes
104059,No
104060,Yes
104061,No
104062,Yes
104063,Yes
104064,No
104065,Yes
104066,Yes
104067,Yes
104068,Yes
104069,Yes
104070,No
104071,Yes
104072,Yes
104073,Yes
104074,Yes
104075,No
104076,Yes
104077,Yes
104078,Yes
104079,No
104080,Yes
104081,No
104082,Yes
104083,No
104084,No
104085,No
104086,No
104087,No
104088,No
104089,Yes
104090,Yes
104091,No
104092,Yes
104093,No
104094,No
104095,Yes
104096,Yes
104097,Yes
104098,No
104099,Yes
104100,Yes
104101,No
104102,Yes
104103,No
104104,Yes
104105,No
104106,No
104107,No
104108,Yes
104109,No
104110,Yes
104111,Yes
104112,Yes
104113,No
104114,Yes
104115,No
104116,Yes
104117,No
104118,No
104119,Yes
104120,No
104121,Yes
104122,No
104123,No
104124,No
104125,Yes
104126,Yes
104127,Yes
104128,No
104129,Yes
104130,No
104131,Yes
104132,Yes
104133,Yes
104134,Yes
104135,Yes
104136,No
104137,No
104138,Yes
104139,Yes
104140,Yes
104141,Yes
104142,No
104143,No
104144,Yes
104145,No
104146,No
104147,No
104148,No
104149,No
104150,No
104151,No
104152,No
104153,No
104154,Yes
104155,Yes
104156,No
104157,Yes
104158,No
104159,No
104160,Yes
104161,No
104162,Yes
104163,Yes
104164,No
104165,No
104166,No
104167,Yes
104168,No
104169,Yes
104170,No
104171,Yes
104172,No
104173,No
104174,Yes
104175,No
104176,Yes
104177,Yes
104178,Yes
104179,No
104180,Yes
104181,Yes
104182,No
104183,Yes
104184,No
104185,Yes
104186,Yes
104187,Yes
104188,No
104189,No
104190,Yes
104191,Yes
104192,No
104193,Yes
104194,No
104195,No
104196,No
104197,Yes
104198,No
104199,No
104200,Yes
104201,Yes
104202,Yes
104203,Yes
104204,Yes
104205,Yes
104206,Yes
104207,No
104208,Yes
104209,Yes
104210,No
104211,Yes
104212,No
104213,No
104214,No
104215,Yes
104216,Yes
104217,Yes
104218,Yes
104219,Yes
104220,Yes
104221,Yes
104222,No
104223,Yes
104224,No
104225,No
104226,Yes
104227,No
104228,Yes
104229,No
104230,No
104231,No
104232,Yes
104233,No
104234,Yes
104235,Yes
104236,Yes
104237,Yes
104238,Yes
104239,Yes
104240,Yes
104241,Yes
104242,No
104243,Yes
104244,Yes
104245,No
104246,No
104247,No
104248,No
104249,No
104250,No
104251,Yes
104252,Yes
104253,No
104254,No
104255,Yes
104256,No
104257,No
104258,Yes
104259,No
104260,Yes
104261,No
104262,Yes
104263,No
104264,No
104265,Yes
104266,Yes
104267,No
104268,No
104269,No
104270,Yes
104271,No
104272,Yes
104273,Yes
104274,Yes
104275,Yes
104276,Yes
104277,No
104278,No
104279,No
104280,No
104281,Yes
104282,No
104283,No
104284,Yes
104285,No
104286,Yes
104287,No
104288,No
104289,No
104290,Yes
104291,Yes
104292,Yes
104293,Yes
104294,No
104295,Yes
104296,Yes
104297,No
104298,Yes
104299,Yes
104300,Yes
104301,No
104302,No
104303,No
104304,Yes
104305,No
104306,Yes
104307,No
104308,No
104309,No
104310,Yes
104311,Yes
104312,Yes
104313,Yes
104314,Yes
104315,No
104316,No
104317,Yes
104318,No
104319,Yes
104320,Yes
104321,No
104322,No
104323,No
104324,No
104325,Yes
104326,Yes
104327,No
104328,Yes
104329,Yes
104330,Yes
104331,Yes
104332,Yes
104333,No
104334,No
104335,Yes
104336,Yes
104337,No
104338,No
104339,No
104340,No
104341,No
104342,No
104343,Yes
104344,Yes
104345,No
104346,Yes
104347,Yes
104348,No
104349,No
104350,Yes
104351,No
104352,Yes
104353,Yes
104354,Yes
104355,Yes
104356,No
104357,No
104358,No
104359,No
104360,Yes
104361,Yes
104362,Yes
104363,No
104364,No
104365,Yes
104366,Yes
104367,Yes
104368,Yes
104369,No
104370,Yes
104371,No
104372,Yes
104373,Yes
104374,Yes
104375,Yes
104376,No
104377,No
104378,No
104379,No
104380,Yes
104381,Yes
104382,Yes
104383,Yes
104384,Yes
104385,Yes
104386,No
104387,Yes
104388,Yes
104389,Yes
104390,No
104391,No
104392,No
104393,No
104394,Yes
104395,Yes
104396,Yes
104397,No
104398,Yes
104399,Yes
104400,Yes
104401,Yes
104402,Yes
104403,Yes
104404,Yes
104405,Yes
104406,No
104407,Yes
104408,Yes
104409,Yes
104410,Yes
104411,No
104412,Yes
104413,Yes
104414,No
104415,No
104416,No
104417,Yes
104418,No
104419,Yes
104420,Yes
104421,Yes
104422,No
104423,Yes
104424,Yes
104425,Yes
104426,Yes
104427,Yes
104428,Yes
104429,No
104430,No
104431,No
104432,Yes
104433,No
104434,Yes
104435,Yes
104436,Yes
104437,Yes
104438,No
104439,Yes
104440,Yes
104441,Yes
104442,Yes
104443,Yes
104444,No
104445,Yes
104446,Yes
104447,No
104448,No
104449,No
104450,Yes
104451,Yes
104452,Yes
104453,No
104454,Yes
104455,Yes
104456,No
104457,No
104458,No
104459,Yes
104460,Yes
104461,Yes
104462,No
104463,Yes
104464,No
104465,Yes
104466,No
104467,No
104468,Yes
104469,Yes
104470,Yes
104471,No
104472,Yes
104473,Yes
104474,No
104475,No
104476,No
104477,No
104478,No
104479,Yes
104480,Yes
104481,Yes
104482,Yes
104483,No
104484,Yes
104485,Yes
104486,No
104487,No
104488,Yes
104489,Yes
104490,Yes
104491,Yes
104492,No
104493,Yes
104494,Yes
104495,Yes
104496,No
104497,No
104498,Yes
104499,No
104500,Yes
104501,No
104502,Yes
104503,No
104504,Yes
104505,No
104506,No
104507,Yes
104508,Yes
104509,No
104510,No
104511,Yes
104512,No
104513,No
104514,Yes
104515,Yes
104516,Yes
104517,Yes
104518,Yes
104519,Yes
104520,No
104521,Yes
104522,No
104523,No
104524,No
104525,No
104526,No
104527,Yes
104528,Yes
104529,No
104530,Yes
104531,Yes
104532,Yes
104533,No
104534,Yes
104535,No
104536,Yes
104537,Yes
104538,No
104539,Yes
104540,Yes
104541,No
104542,Yes
104543,Yes
104544,Yes
104545,Yes
104546,Yes
104547,Yes
104548,Yes
104549,No
104550,No
104551,Yes
104552,Yes
104553,No
104554,No
104555,Yes
104556,Yes
104557,No
104558,Yes
104559,No
104560,No
104561,Yes
104562,Yes
104563,No
104564,No
104565,Yes
104566,Yes
104567,Yes
104568,No
104569,No
104570,Yes
104571,Yes
104572,Yes
104573,No
104574,No
104575,Yes
104576,Yes
104577,Yes
104578,Yes
104579,Yes
104580,No
104581,No
104582,Yes
104583,No
104584,No
104585,Yes
104586,No
104587,No
104588,No
104589,No
104590,No
104591,No
104592,Yes
104593,No
104594,Yes
104595,Yes
104596,Yes
104597,No
104598,No
104599,No
104600,No
104601,No
104602,Yes
104603,No
104604,No
104605,Yes
104606,Yes
104607,Yes
104608,No
104609,Yes
104610,No
104611,No
104612,Yes
104613,No
104614,Yes
104615,Yes
104616,Yes
104617,Yes
104618,No
104619,Yes
104620,No
104621,Yes
104622,Yes
104623,Yes
104624,Yes
104625,Yes
104626,No
104627,Yes
104628,Yes
104629,No
104630,Yes
104631,No
104632,No
104633,No
104634,No
104635,No
104636,Yes
104637,Yes
104638,Yes
104639,No
104640,Yes
104641,No
104642,No
104643,No
104644,Yes
104645,Yes
104646,Yes
104647,Yes
104648,Yes
104649,No
104650,Yes
104651,Yes
104652,Yes
104653,Yes
104654,Yes
104655,Yes
104656,Yes
104657,Yes
104658,Yes
104659,No
104660,No
104661,No
104662,Yes
104663,Yes
104664,No
104665,Yes
104666,No
104667,No
104668,Yes
104669,No
104670,Yes
104671,No
104672,Yes
104673,No
104674,Yes
104675,Yes
104676,Yes
104677,Yes
104678,No
104679,Yes
104680,Yes
104681,Yes
104682,Yes
104683,Yes
104684,Yes
104685,Yes
104686,Yes
104687,Yes
104688,Yes
104689,No
104690,Yes
104691,Yes
104692,No
104693,Yes
104694,No
104695,No
104696,Yes
104697,Yes
104698,Yes
104699,Yes
104700,No
104701,No
104702,Yes
104703,Yes
104704,Yes
104705,Yes
104706,Yes
104707,No
104708,No
104709,No
104710,Yes
104711,Yes
104712,Yes
104713,No
104714,No
104715,Yes
104716,Yes
104717,Yes
104718,Yes
104719,Yes
104720,No
104721,Yes
104722,Yes
104723,Yes
104724,Yes
104725,Yes
104726,Yes
104727,Yes
104728,Yes
104729,Yes
104730,No
104731,No
104732,Yes
104733,No
104734,No
104735,Yes
104736,Yes
104737,Yes
104738,No
104739,Yes
104740,Yes
104741,Yes
104742,No
104743,Yes
104744,Yes
104745,Yes
104746,Yes
104747,Yes
104748,No
104749,Yes
104750,No
104751,No
104752,Yes
104753,No
104754,Yes
104755,Yes
104756,Yes
104757,Yes
104758,Yes
104759,No
104760,No
104761,Yes
104762,No
104763,Yes
104764,Yes
104765,No
104766,Yes
104767,Yes
104768,No
104769,Yes
104770,Yes
104771,Yes
104772,No
104773,No
104774,Yes
104775,Yes
104776,Yes
104777,No
104778,Yes
104779,Yes
104780,Yes
104781,No
104782,Yes
104783,No
104784,Yes
104785,Yes
104786,Yes
104787,No
104788,Yes
104789,Yes
104790,Yes
104791,Yes
104792,Yes
104793,No
104794,No
104795,No
104796,Yes
104797,No
104798,No
104799,No
104800,Yes
104801,Yes
104802,Yes
104803,Yes
104804,No
104805,Yes
104806,No
104807,No
104808,No
104809,Yes
104810,No
104811,Yes
104812,Yes
104813,Yes
104814,No
104815,Yes
104816,No
104817,Yes
104818,Yes
104819,No
104820,Yes
104821,Yes
104822,No
104823,No
104824,No
104825,No
104826,Yes
104827,Yes
104828,No
104829,No
104830,Yes
104831,Yes
104832,Yes
104833,No
104834,Yes
104835,Yes
104836,Yes
104837,No
104838,No
104839,Yes
104840,No
104841,No
104842,No
104843,No
104844,Yes
104845,No
104846,No
104847,Yes
104848,Yes
104849,No
104850,Yes
104851,Yes
104852,Yes
104853,No
104854,No
104855,No
104856,No
104857,Yes
104858,No
104859,Yes
104860,Yes
104861,Yes
104862,No
104863,Yes
104864,No
104865,No
104866,No
104867,Yes
104868,No
104869,Yes
104870,Yes
104871,Yes
104872,No
104873,No
104874,No
104875,Yes
104876,No
104877,No
104878,Yes
104879,Yes
104880,Yes
104881,No
104882,No
104883,No
104884,No
104885,Yes
104886,No
104887,Yes
104888,Yes
104889,Yes
104890,Yes
104891,No
104892,Yes
104893,Yes
104894,Yes
104895,No
104896,No
104897,Yes
104898,Yes
104899,No
104900,Yes
104901,Yes
104902,Yes
104903,Yes
104904,Yes
104905,No
104906,No
104907,Yes
104908,Yes
104909,Yes
104910,No
104911,No
104912,Yes
104913,Yes
104914,No
104915,No
104916,No
104917,Yes
104918,Yes
104919,No
104920,Yes
104921,Yes
104922,Yes
104923,No
104924,No
104925,Yes
104926,No
104927,No
104928,Yes
104929,No
104930,No
104931,Yes
104932,No
104933,Yes
104934,No
104935,Yes
104936,No
104937,No
104938,Yes
104939,Yes
104940,Yes
104941,No
104942,No
104943,No
104944,Yes
104945,Yes
104946,No
104947,Yes
104948,No
104949,No
104950,No
104951,No
104952,Yes
104953,Yes
104954,No
104955,No
104956,Yes
104957,Yes
104958,Yes
104959,Yes
104960,No
104961,Yes
104962,No
104963,No
104964,Yes
104965,Yes
104966,Yes
104967,Yes
104968,No
104969,Yes
104970,Yes
104971,Yes
104972,No
104973,Yes
104974,Yes
104975,No
104976,No
104977,No
104978,Yes
104979,No
104980,No
104981,Yes
104982,Yes
104983,Yes
104984,Yes
104985,Yes
104986,No
104987,Yes
104988,No
104989,Yes
104990,No
104991,No
104992,Yes
104993,Yes
104994,Yes
104995,Yes
104996,No
104997,No
104998,Yes
104999,No
105000,No
105001,No
105002,Yes
105003,Yes
105004,No
105005,No
105006,Yes
105007,Yes
105008,Yes
105009,Yes
105010,No
105011,No
105012,No
105013,Yes
105014,No
105015,Yes
105016,Yes
105017,No
105018,Yes
105019,Yes
105020,Yes
105021,No
105022,No
105023,No
105024,Yes
105025,No
105026,Yes
105027,Yes
105028,Yes
105029,No
105030,Yes
105031,No
105032,Yes
105033,Yes
105034,No
105035,No
105036,No
105037,No
105038,No
105039,Yes
105040,No
105041,No
105042,No
105043,Yes
105044,Yes
105045,Yes
105046,No
105047,No
105048,Yes
105049,No
105050,No
105051,Yes
105052,Yes
105053,Yes
105054,Yes
105055,No
105056,Yes
105057,No
105058,No
105059,Yes
105060,Yes
105061,No
105062,No
105063,No
105064,Yes
105065,No
105066,Yes
105067,No
105068,Yes
105069,Yes
105070,No
105071,No
105072,Yes
105073,Yes
105074,Yes
105075,No
105076,No
105077,Yes
105078,No
105079,No
105080,No
105081,Yes
105082,No
105083,Yes
105084,Yes
105085,Yes
105086,Yes
105087,Yes
105088,No
105089,Yes
105090,No
105091,No
105092,Yes
105093,No
105094,Yes
105095,Yes
105096,Yes
105097,No
105098,No
105099,Yes
105100,Yes
105101,No
105102,Yes
105103,Yes
105104,Yes
105105,No
105106,No
105107,No
105108,No
105109,Yes
105110,Yes
105111,Yes
105112,Yes
105113,No
105114,Yes
105115,Yes
105116,No
105117,No
105118,Yes
105119,Yes
105120,Yes
105121,No
105122,No
105123,Yes
105124,No
105125,No
105126,Yes
105127,Yes
105128,No
105129,No
105130,No
105131,Yes
105132,Yes
105133,No
105134,No
105135,No
105136,Yes
105137,Yes
105138,No
105139,Yes
105140,No
105141,No
105142,No
105143,No
105144,Yes
105145,Yes
105146,Yes
105147,Yes
105148,Yes
105149,Yes
105150,No
105151,Yes
105152,No
105153,Yes
105154,No
105155,Yes
105156,No
105157,No
105158,No
105159,Yes
105160,Yes
105161,Yes
105162,Yes
105163,No
105164,Yes
105165,No
105166,Yes
105167,No
105168,No
105169,No
105170,No
105171,No
105172,No
105173,Yes
105174,No
105175,Yes
105176,Yes
105177,Yes
105178,No
105179,No
105180,No
105181,Yes
105182,Yes
105183,No
105184,Yes
105185,Yes
105186,Yes
105187,No
105188,No
105189,Yes
105190,Yes
105191,Yes
105192,Yes
105193,Yes
105194,Yes
105195,Yes
105196,Yes
105197,Yes
105198,Yes
105199,Yes
105200,Yes
105201,Yes
105202,Yes
105203,No
105204,No
105205,No
105206,Yes
105207,Yes
105208,Yes
105209,No
105210,Yes
105211,Yes
105212,No
105213,Yes
105214,Yes
105215,Yes
105216,No
105217,No
105218,No
105219,No
105220,Yes
105221,Yes
105222,No
105223,No
105224,Yes
105225,Yes
105226,Yes
105227,No
105228,No
105229,No
105230,Yes
105231,Yes
105232,No
105233,Yes
105234,Yes
105235,No
105236,Yes
105237,Yes
105238,Yes
105239,Yes
105240,No
105241,Yes
105242,Yes
105243,No
105244,No
105245,Yes
105246,Yes
105247,No
105248,No
105249,No
105250,Yes
105251,Yes
105252,Yes
105253,Yes
105254,Yes
105255,No
105256,No
105257,Yes
105258,No
105259,Yes
105260,Yes
105261,No
105262,Yes
105263,Yes
105264,No
105265,No
105266,No
105267,Yes
105268,Yes
105269,Yes
105270,No
105271,No
105272,No
105273,Yes
105274,Yes
105275,Yes
105276,Yes
105277,No
105278,No
105279,No
105280,Yes
105281,Yes
105282,No
105283,No
105284,No
105285,No
105286,No
105287,No
105288,Yes
105289,Yes
105290,No
105291,No
105292,No
105293,Yes
105294,No
105295,No
105296,No
105297,No
105298,Yes
105299,No
105300,No
105301,Yes
105302,Yes
105303,Yes
105304,Yes
105305,Yes
105306,Yes
105307,Yes
105308,No
105309,Yes
105310,Yes
105311,No
105312,No
105313,Yes
105314,Yes
105315,Yes
105316,Yes
105317,Yes
105318,No
105319,Yes
105320,Yes
105321,Yes
105322,No
105323,Yes
105324,Yes
105325,Yes
105326,Yes
105327,No
105328,Yes
105329,No
105330,Yes
105331,No
105332,No
105333,No
105334,Yes
105335,Yes
105336,Yes
105337,No
105338,Yes
105339,No
105340,Yes
105341,No
105342,No
105343,No
105344,Yes
105345,Yes
105346,Yes
105347,Yes
105348,No
105349,No
105350,Yes
105351,No
105352,No
105353,No
105354,Yes
105355,No
105356,Yes
105357,No
105358,Yes
105359,Yes
105360,Yes
105361,Yes
105362,Yes
105363,No
105364,No
105365,No
105366,No
105367,No
105368,Yes
105369,No
105370,No
105371,Yes
105372,Yes
105373,Yes
105374,No
105375,Yes
105376,No
105377,Yes
105378,Yes
105379,No
105380,Yes
105381,No
105382,No
105383,Yes
105384,No
105385,Yes
105386,Yes
105387,No
105388,Yes
105389,Yes
105390,No
105391,No
105392,Yes
105393,Yes
105394,Yes
105395,No
105396,Yes
105397,No
105398,No
105399,Yes
105400,Yes
105401,Yes
105402,No
105403,Yes
105404,Yes
105405,No
105406,Yes
105407,Yes
105408,No
105409,No
105410,No
105411,Yes
105412,No
105413,Yes
105414,No
105415,No
105416,Yes
105417,No
105418,Yes
105419,No
105420,No
105421,No
105422,No
105423,No
105424,Yes
105425,Yes
105426,Yes
105427,No
105428,No
105429,Yes
105430,No
105431,Yes
105432,Yes
105433,Yes
105434,Yes
105435,Yes
105436,No
105437,Yes
105438,No
105439,No
105440,Yes
105441,No
105442,No
105443,No
105444,Yes
105445,Yes
105446,No
105447,No
105448,Yes
105449,No
105450,Yes
105451,Yes
105452,Yes
105453,Yes
105454,Yes
105455,No
105456,Yes
105457,No
105458,No
105459,No
105460,Yes
105461,No
105462,Yes
105463,Yes
105464,No
105465,Yes
105466,Yes
105467,Yes
105468,Yes
105469,Yes
105470,Yes
105471,No
105472,No
105473,Yes
105474,Yes
105475,Yes
105476,Yes
105477,No
105478,No
105479,Yes
105480,Yes
105481,No
105482,No
105483,Yes
105484,Yes
105485,No
105486,Yes
105487,Yes
105488,Yes
105489,No
105490,No
105491,No
105492,Yes
105493,Yes
105494,No
105495,No
105496,Yes
105497,No
105498,Yes
105499,No
105500,Yes
105501,Yes
105502,Yes
105503,Yes
105504,No
105505,No
105506,Yes
105507,No
105508,Yes
105509,Yes
105510,No
105511,Yes
105512,No
105513,No
105514,No
105515,Yes
105516,No
105517,Yes
105518,Yes
105519,No
105520,Yes
105521,Yes
105522,Yes
105523,Yes
105524,No
105525,No
105526,No
105527,Yes
105528,Yes
105529,Yes
105530,No
105531,Yes
105532,Yes
105533,Yes
105534,No
105535,Yes
105536,Yes
105537,No
105538,No
105539,Yes
105540,No
105541,Yes
105542,No
105543,Yes
105544,Yes
105545,Yes
105546,Yes
105547,Yes
105548,Yes
105549,No
105550,Yes
105551,No
105552,Yes
105553,Yes
105554,No
105555,No
105556,Yes
105557,No
105558,No
105559,Yes
105560,Yes
105561,Yes
105562,No
105563,No
105564,Yes
105565,Yes
105566,Yes
105567,Yes
105568,No
105569,Yes
105570,No
105571,Yes
105572,No
105573,Yes
105574,Yes
105575,No
105576,No
105577,Yes
105578,Yes
105579,Yes
105580,No
105581,No
105582,Yes
105583,Yes
105584,Yes
105585,No
105586,No
105587,No
105588,No
105589,Yes
105590,Yes
105591,No
105592,No
105593,Yes
105594,Yes
105595,No
105596,No
105597,Yes
105598,No
105599,No
105600,Yes
105601,Yes
105602,Yes
105603,Yes
105604,No
105605,No
105606,No
105607,No
105608,Yes
105609,Yes
105610,Yes
105611,No
105612,Yes
105613,No
105614,No
105615,No
105616,Yes
105617,No
105618,No
105619,No
105620,No
105621,Yes
105622,No
105623,No
105624,No
105625,No
105626,No
105627,Yes
105628,No
105629,Yes
105630,Yes
105631,Yes
105632,No
105633,Yes
105634,Yes
105635,No
105636,No
105637,Yes
105638,Yes
105639,Yes
105640,Yes
105641,Yes
105642,Yes
105643,Yes
105644,Yes
105645,Yes
105646,Yes
105647,Yes
105648,No
105649,No
105650,No
105651,Yes
105652,No
105653,Yes
105654,Yes
105655,No
105656,No
105657,Yes
105658,Yes
105659,No
105660,Yes
105661,No
105662,No
105663,No
105664,No
105665,No
105666,Yes
105667,Yes
105668,No
105669,No
105670,Yes
105671,No
105672,No
105673,Yes
105674,No
105675,Yes
105676,Yes
105677,No
105678,Yes
105679,No
105680,Yes
105681,No
105682,Yes
105683,No
105684,Yes
105685,Yes
105686,No
105687,Yes
105688,No
105689,No
105690,Yes
105691,Yes
105692,Yes
105693,Yes
105694,No
105695,Yes
105696,Yes
105697,No
105698,No
105699,No
105700,No
105701,Yes
105702,Yes
105703,Yes
105704,Yes
105705,Yes
105706,No
105707,Yes
105708,No
105709,Yes
105710,Yes
105711,No
105712,No
105713,Yes
105714,Yes
105715,Yes
105716,Yes
105717,No
105718,Yes
105719,Yes
105720,Yes
105721,No
105722,Yes
105723,Yes
105724,No
105725,No
105726,Yes
105727,Yes
105728,No
105729,No
105730,No
105731,Yes
105732,No
105733,No
105734,No
105735,No
105736,No
105737,No
105738,Yes
105739,No
105740,No
105741,Yes
105742,No
105743,Yes
105744,Yes
105745,Yes
105746,Yes
105747,Yes
105748,Yes
105749,Yes
105750,Yes
105751,Yes
105752,Yes
105753,No
105754,Yes
105755,No
105756,No
105757,No
105758,Yes
105759,Yes
105760,No
105761,Yes
105762,No
105763,No
105764,Yes
105765,No
105766,Yes
105767,Yes
105768,No
105769,Yes
105770,No
105771,Yes
105772,No
105773,Yes
105774,No
105775,No
105776,Yes
105777,Yes
105778,No
105779,No
105780,No
105781,No
105782,Yes
105783,Yes
105784,No
105785,Yes
105786,No
105787,Yes
105788,No
105789,Yes
105790,No
105791,Yes
105792,No
105793,No
105794,Yes
105795,Yes
105796,No
105797,Yes
105798,Yes
105799,No
105800,Yes
105801,No
105802,No
105803,No
105804,Yes
105805,Yes
105806,No
105807,Yes
105808,Yes
105809,Yes
105810,No
105811,No
105812,Yes
105813,Yes
105814,No
105815,Yes
105816,Yes
105817,Yes
105818,Yes
105819,Yes
105820,Yes
105821,Yes
105822,No
105823,Yes
105824,No
105825,No
105826,Yes
105827,Yes
105828,No
105829,Yes
105830,Yes
105831,Yes
105832,Yes
105833,Yes
105834,No
105835,No
105836,No
105837,No
105838,No
105839,Yes
105840,No
105841,No
105842,No
105843,No
105844,No
105845,Yes
105846,Yes
105847,Yes
105848,Yes
105849,No
105850,No
105851,Yes
105852,Yes
105853,No
105854,No
105855,Yes
105856,No
105857,No
105858,No
105859,Yes
105860,Yes
105861,No
105862,Yes
105863,No
105864,Yes
105865,Yes
105866,Yes
105867,No
105868,No
105869,No
105870,Yes
105871,No
105872,No
105873,Yes
105874,No
105875,No
105876,No
105877,No
105878,No
105879,No
105880,Yes
105881,Yes
105882,Yes
105883,Yes
105884,Yes
105885,Yes
105886,Yes
105887,Yes
105888,No
105889,Yes
105890,Yes
105891,Yes
105892,Yes
105893,No
105894,Yes
105895,Yes
105896,No
105897,Yes
105898,Yes
105899,Yes
105900,Yes
105901,No
105902,Yes
105903,Yes
105904,No
105905,Yes
105906,Yes
105907,Yes
105908,Yes
105909,No
105910,Yes
105911,No
105912,Yes
105913,Yes
105914,Yes
105915,No
105916,Yes
105917,Yes
105918,No
105919,No
105920,Yes
105921,No
105922,No
105923,Yes
105924,No
105925,Yes
105926,Yes
105927,Yes
105928,Yes
105929,No
105930,Yes
105931,Yes
105932,Yes
105933,No
105934,Yes
105935,Yes
105936,No
105937,Yes
105938,Yes
105939,No
105940,No
105941,Yes
105942,No
105943,No
105944,No
105945,No
105946,Yes
105947,Yes
105948,No
105949,Yes
105950,No
105951,Yes
105952,Yes
105953,Yes
105954,No
105955,No
105956,Yes
105957,Yes
105958,Yes
105959,No
105960,Yes
105961,Yes
105962,Yes
105963,Yes
105964,Yes
105965,No
105966,No
105967,No
105968,No
105969,No
105970,Yes
105971,Yes
105972,Yes
105973,Yes
105974,Yes
105975,Yes
105976,Yes
105977,No
105978,Yes
105979,No
105980,Yes
105981,Yes
105982,Yes
105983,No
105984,Yes
105985,Yes
105986,Yes
105987,No
105988,No
105989,Yes
105990,Yes
105991,No
105992,Yes
105993,Yes
105994,Yes
105995,Yes
105996,No
105997,Yes
105998,No
105999,Yes
106000,No
106001,Yes
106002,Yes
106003,No
106004,No
106005,No
106006,Yes
106007,No
106008,Yes
106009,Yes
106010,No
106011,Yes
106012,No
106013,No
106014,No
106015,Yes
106016,Yes
106017,Yes
106018,No
106019,Yes
106020,Yes
106021,Yes
106022,Yes
106023,Yes
106024,Yes
106025,No
106026,Yes
106027,Yes
106028,Yes
106029,No
106030,Yes
106031,No
106032,Yes
106033,No
106034,No
106035,No
106036,No
106037,Yes
106038,Yes
106039,Yes
106040,No
106041,Yes
106042,No
106043,No
106044,Yes
106045,No
106046,Yes
106047,Yes
106048,Yes
106049,Yes
106050,Yes
106051,Yes
106052,Yes
106053,Yes
106054,Yes
106055,No
106056,Yes
106057,No
106058,No
106059,No
106060,No
106061,Yes
106062,Yes
106063,Yes
106064,No
106065,No
106066,No
106067,No
106068,No
106069,No
106070,No
106071,Yes
106072,Yes
106073,Yes
106074,Yes
106075,Yes
106076,Yes
106077,Yes
106078,No
106079,Yes
106080,Yes
106081,Yes
106082,Yes
106083,No
106084,Yes
106085,Yes
106086,No
106087,Yes
106088,No
106089,Yes
106090,No
106091,Yes
106092,Yes
106093,Yes
106094,Yes
106095,Yes
106096,Yes
106097,No
106098,No
106099,Yes
106100,Yes
106101,No
106102,Yes
106103,Yes
106104,No
106105,Yes
106106,No
106107,Yes
106108,No
106109,Yes
106110,No
106111,Yes
106112,Yes
106113,No
106114,Yes
106115,Yes
106116,No
106117,Yes
106118,No
106119,Yes
106120,Yes
106121,No
106122,Yes
106123,No
106124,Yes
106125,Yes
106126,No
106127,No
106128,No
106129,Yes
106130,Yes
106131,No
106132,Yes
106133,Yes
106134,No
106135,No
106136,Yes
106137,Yes
106138,Yes
106139,Yes
106140,Yes
106141,No
106142,No
106143,No
106144,No
106145,No
106146,No
106147,Yes
106148,Yes
106149,Yes
106150,Yes
106151,No
106152,Yes
106153,Yes
106154,Yes
106155,No
106156,No
106157,No
106158,No
106159,No
106160,No
106161,Yes
106162,Yes
106163,Yes
106164,Yes
106165,No
106166,Yes
106167,Yes
106168,Yes
106169,Yes
106170,No
106171,Yes
106172,Yes
106173,Yes
106174,Yes
106175,No
106176,Yes
106177,Yes
106178,Yes
106179,No
106180,Yes
106181,No
106182,Yes
106183,No
106184,No
106185,No
106186,Yes
106187,No
106188,Yes
106189,Yes
106190,Yes
106191,Yes
106192,No
106193,Yes
106194,Yes
106195,No
106196,Yes
106197,Yes
106198,Yes
106199,No
106200,No
106201,No
106202,No
106203,Yes
106204,No
106205,No
106206,No
106207,No
106208,Yes
106209,No
106210,No
106211,Yes
106212,Yes
106213,No
106214,No
106215,No
106216,Yes
106217,Yes
106218,No
106219,No
106220,Yes
106221,No
106222,No
106223,Yes
106224,No
106225,Yes
106226,Yes
106227,Yes
106228,No
106229,No
106230,Yes
106231,Yes
106232,Yes
106233,Yes
106234,No
106235,No
106236,Yes
106237,No
106238,Yes
106239,Yes
106240,No
106241,No
106242,Yes
106243,No
106244,No
106245,Yes
106246,Yes
106247,Yes
106248,Yes
106249,Yes
106250,No
106251,No
106252,Yes
106253,Yes
106254,Yes
106255,No
106256,Yes
106257,Yes
106258,No
106259,Yes
106260,Yes
106261,Yes
106262,Yes
106263,No
106264,Yes
106265,No
106266,No
106267,No
106268,Yes
106269,Yes
106270,Yes
106271,No
106272,Yes
106273,Yes
106274,Yes
106275,Yes
106276,Yes
106277,Yes
106278,No
106279,Yes
106280,Yes
106281,No
106282,No
106283,Yes
106284,No
106285,Yes
106286,No
106287,Yes
106288,Yes
106289,Yes
106290,Yes
106291,Yes
106292,No
106293,No
106294,Yes
106295,Yes
106296,Yes
106297,Yes
106298,No
106299,No
106300,No
106301,No
106302,Yes
106303,Yes
106304,No
106305,Yes
106306,No
106307,No
106308,No
106309,Yes
106310,No
106311,Yes
106312,Yes
106313,Yes
106314,No
106315,Yes
106316,No
106317,Yes
106318,No
106319,No
106320,Yes
106321,Yes
106322,No
106323,Yes
106324,Yes
106325,No
106326,Yes
106327,No
106328,Yes
106329,Yes
106330,Yes
106331,Yes
106332,Yes
106333,No
106334,Yes
106335,Yes
106336,No
106337,No
106338,No
106339,Yes
106340,No
106341,Yes
106342,Yes
106343,No
106344,Yes
106345,No
106346,No
106347,Yes
106348,No
106349,Yes
106350,Yes
106351,No
106352,Yes
106353,Yes
106354,Yes
106355,No
106356,Yes
106357,No
106358,Yes
106359,Yes
106360,No
106361,Yes
106362,Yes
106363,Yes
106364,No
106365,Yes
106366,Yes
106367,No
106368,No
106369,Yes
106370,Yes
106371,Yes
106372,No
106373,Yes
106374,Yes
106375,Yes
106376,Yes
106377,Yes
106378,Yes
106379,Yes
106380,Yes
106381,Yes
106382,Yes
106383,No
106384,No
106385,Yes
106386,Yes
106387,Yes
106388,Yes
106389,No
106390,Yes
106391,Yes
106392,No
106393,No
106394,Yes
106395,Yes
106396,No
106397,No
106398,Yes
106399,No
106400,No
106401,Yes
106402,No
106403,Yes
106404,Yes
106405,Yes
106406,No
106407,Yes
106408,Yes
106409,Yes
106410,Yes
106411,Yes
106412,No
106413,Yes
106414,Yes
106415,Yes
106416,No
106417,No
106418,No
106419,Yes
106420,No
106421,No
106422,No
106423,No
106424,Yes
106425,Yes
106426,No
106427,No
106428,Yes
106429,Yes
106430,Yes
106431,Yes
106432,No
106433,No
106434,No
106435,Yes
106436,No
106437,Yes
106438,Yes
106439,Yes
106440,Yes
106441,Yes
106442,No
106443,Yes
106444,Yes
106445,Yes
106446,No
106447,No
106448,Yes
106449,No
106450,Yes
106451,Yes
106452,Yes
106453,Yes
106454,No
106455,Yes
106456,Yes
106457,No
106458,Yes
106459,No
106460,No
106461,Yes
106462,Yes
106463,No
106464,Yes
106465,No
106466,Yes
106467,No
106468,Yes
106469,Yes
106470,Yes
106471,Yes
106472,Yes
106473,Yes
106474,Yes
106475,No
106476,No
106477,No
106478,No
106479,Yes
106480,Yes
106481,No
106482,Yes
106483,Yes
106484,No
106485,Yes
106486,No
106487,Yes
106488,Yes
106489,No
106490,No
106491,No
106492,No
106493,Yes
106494,No
106495,Yes
106496,No
106497,Yes
106498,Yes
106499,No
106500,No
106501,No
106502,Yes
106503,Yes
106504,Yes
106505,Yes
106506,No
106507,No
106508,Yes
106509,No
106510,No
106511,No
106512,Yes
106513,No
106514,Yes
106515,Yes
106516,Yes
106517,Yes
106518,No
106519,Yes
106520,No
106521,Yes
106522,No
106523,No
106524,No
106525,Yes
106526,Yes
106527,No
106528,No
106529,No
106530,Yes
106531,Yes
106532,No
106533,No
106534,Yes
106535,Yes
106536,No
106537,Yes
106538,Yes
106539,No
106540,Yes
106541,No
106542,No
106543,Yes
106544,Yes
106545,Yes
106546,No
106547,Yes
106548,Yes
106549,No
106550,Yes
106551,Yes
106552,No
106553,No
106554,No
106555,No
106556,No
106557,Yes
106558,Yes
106559,No
106560,Yes
106561,Yes
106562,No
106563,No
106564,No
106565,No
106566,Yes
106567,No
106568,No
106569,Yes
106570,Yes
106571,Yes
106572,No
106573,No
106574,Yes
106575,Yes
106576,No
106577,Yes
106578,Yes
106579,Yes
106580,Yes
106581,No
106582,Yes
106583,No
106584,No
106585,No
106586,Yes
106587,Yes
106588,Yes
106589,No
106590,No
106591,No
106592,No
106593,No
106594,Yes
106595,Yes
106596,Yes
106597,Yes
106598,Yes
106599,Yes
106600,Yes
106601,No
106602,Yes
106603,No
106604,Yes
106605,Yes
106606,Yes
106607,Yes
106608,Yes
106609,Yes
106610,Yes
106611,Yes
106612,No
106613,Yes
106614,Yes
106615,Yes
106616,Yes
106617,No
106618,Yes
106619,No
106620,Yes
106621,Yes
106622,No
106623,Yes
106624,Yes
106625,Yes
106626,No
106627,Yes
106628,Yes
106629,No
106630,No
106631,Yes
106632,Yes
106633,No
106634,Yes
106635,No
106636,No
106637,Yes
106638,Yes
106639,Yes
106640,Yes
106641,Yes
106642,Yes
106643,Yes
106644,No
106645,No
106646,Yes
106647,Yes
106648,No
106649,No
106650,Yes
106651,Yes
106652,Yes
106653,Yes
106654,No
106655,Yes
106656,No
106657,Yes
106658,Yes
106659,Yes
106660,No
106661,No
106662,No
106663,No
106664,No
106665,No
106666,Yes
106667,Yes
106668,No
106669,No
106670,No
106671,Yes
106672,No
106673,Yes
106674,Yes
106675,Yes
106676,Yes
106677,Yes
106678,Yes
106679,Yes
106680,No
106681,Yes
106682,No
106683,Yes
106684,Yes
106685,Yes
106686,Yes
106687,No
106688,Yes
106689,No
106690,Yes
106691,No
106692,No
106693,No
106694,No
106695,Yes
106696,No
106697,Yes
106698,No
106699,No
106700,Yes
106701,Yes
106702,No
106703,No
106704,No
106705,Yes
106706,No
106707,No
106708,Yes
106709,Yes
106710,Yes
106711,No
106712,No
106713,Yes
106714,Yes
106715,No
106716,No
106717,Yes
106718,No
106719,Yes
106720,Yes
106721,Yes
106722,Yes
106723,Yes
106724,No
106725,Yes
106726,Yes
106727,Yes
106728,No
106729,No
106730,No
106731,Yes
106732,Yes
106733,No
106734,No
106735,No
106736,Yes
106737,No
106738,Yes
106739,Yes
106740,Yes
106741,Yes
106742,No
106743,No
106744,Yes
106745,Yes
106746,Yes
106747,Yes
106748,Yes
106749,No
106750,No
106751,Yes
106752,Yes
106753,No
106754,Yes
106755,Yes
106756,No
106757,No
106758,Yes
106759,Yes
106760,No
106761,Yes
106762,Yes
106763,Yes
106764,No
106765,Yes
106766,No
106767,No
106768,Yes
106769,Yes
106770,Yes
106771,Yes
106772,Yes
106773,Yes
106774,No
106775,Yes
106776,Yes
106777,No
106778,No
106779,Yes
106780,Yes
106781,No
106782,Yes
106783,Yes
106784,No
106785,Yes
106786,Yes
106787,Yes
106788,No
106789,Yes
106790,No
106791,Yes
106792,No
106793,No
106794,Yes
106795,Yes
106796,Yes
106797,Yes
106798,Yes
106799,No
106800,Yes
106801,No
106802,Yes
106803,No
106804,No
106805,No
106806,Yes
106807,Yes
106808,No
106809,Yes
106810,Yes
106811,Yes
106812,Yes
106813,Yes
106814,No
106815,Yes
106816,Yes
106817,Yes
106818,Yes
106819,Yes
106820,Yes
106821,No
106822,Yes
106823,No
106824,No
106825,No
106826,Yes
106827,No
106828,Yes
106829,Yes
106830,No
106831,No
106832,No
106833,No
106834,Yes
106835,Yes
106836,No
106837,No
106838,No
106839,Yes
106840,No
106841,No
106842,Yes
106843,No
106844,Yes
106845,Yes
106846,Yes
106847,Yes
106848,No
106849,No
106850,No
106851,No
106852,No
106853,Yes
106854,Yes
106855,Yes
106856,Yes
106857,No
106858,Yes
106859,Yes
106860,No
106861,Yes
106862,Yes
106863,Yes
106864,No
106865,Yes
106866,Yes
106867,Yes
106868,Yes
106869,Yes
106870,No
106871,Yes
106872,Yes
106873,Yes
106874,No
106875,No
106876,Yes
106877,Yes
106878,No
106879,Yes
106880,No
106881,No
106882,No
106883,Yes
106884,No
106885,No
106886,Yes
106887,No
106888,Yes
106889,Yes
106890,No
106891,No
106892,No
106893,Yes
106894,Yes
106895,Yes
106896,No
106897,Yes
106898,Yes
106899,Yes
106900,Yes
106901,Yes
106902,Yes
106903,Yes
106904,No
106905,Yes
106906,No
106907,Yes
106908,No
106909,Yes
106910,Yes
106911,Yes
106912,No
106913,No
106914,Yes
106915,No
106916,Yes
106917,Yes
106918,Yes
106919,No
106920,No
106921,Yes
106922,Yes
106923,Yes
106924,Yes
106925,Yes
106926,Yes
106927,No
106928,No
106929,No
106930,Yes
106931,No
106932,Yes
106933,No
106934,No
106935,Yes
106936,Yes
106937,Yes
106938,Yes
106939,No
106940,No
106941,Yes
106942,Yes
106943,No
106944,No
106945,No
106946,Yes
106947,Yes
106948,No
106949,Yes
106950,Yes
106951,No
106952,Yes
106953,No
106954,Yes
106955,Yes
106956,No
106957,No
106958,No
106959,Yes
106960,Yes
106961,Yes
106962,Yes
106963,Yes
106964,No
106965,Yes
106966,No
106967,No
106968,No
106969,No
106970,Yes
106971,Yes
106972,Yes
106973,Yes
106974,No
106975,Yes
106976,Yes
106977,No
106978,Yes
106979,Yes
106980,No
106981,No
106982,No
106983,Yes
106984,Yes
106985,Yes
106986,Yes
106987,No
106988,Yes
106989,No
106990,No
106991,No
106992,No
106993,Yes
106994,Yes
106995,Yes
106996,Yes
106997,Yes
106998,Yes
106999,Yes
107000,Yes
107001,No
107002,No
107003,Yes
107004,Yes
107005,Yes
107006,No
107007,Yes
107008,Yes
107009,Yes
107010,No
107011,Yes
107012,Yes
107013,Yes
107014,No
107015,No
107016,No
107017,Yes
107018,Yes
107019,Yes
107020,No
107021,Yes
107022,No
107023,No
107024,Yes
107025,No
107026,Yes
107027,No
107028,No
107029,No
107030,No
107031,No
107032,Yes
107033,Yes
107034,No
107035,No
107036,No
107037,Yes
107038,Yes
107039,Yes
107040,Yes
107041,Yes
107042,Yes
107043,Yes
107044,No
107045,No
107046,Yes
107047,Yes
107048,No
107049,Yes
107050,No
107051,Yes
107052,Yes
107053,Yes
107054,Yes
107055,No
107056,No
107057,No
107058,No
107059,Yes
107060,Yes
107061,No
107062,Yes
107063,Yes
107064,No
107065,Yes
107066,Yes
107067,Yes
107068,No
107069,No
107070,No
107071,No
107072,No
107073,No
107074,Yes
107075,Yes
107076,Yes
107077,No
107078,No
107079,No
107080,Yes
107081,No
107082,No
107083,No
107084,No
107085,Yes
107086,Yes
107087,Yes
107088,No
107089,Yes
107090,Yes
107091,Yes
107092,No
107093,Yes
107094,No
107095,No
107096,Yes
107097,No
107098,Yes
107099,No
107100,No
107101,No
107102,No
107103,No
107104,Yes
107105,Yes
107106,Yes
107107,No
107108,Yes
107109,No
107110,No
107111,No
107112,No
107113,No
107114,No
107115,No
107116,Yes
107117,No
107118,No
107119,No
107120,No
107121,Yes
107122,Yes
107123,Yes
107124,Yes
107125,Yes
107126,Yes
107127,Yes
107128,Yes
107129,Yes
107130,No
107131,No
107132,Yes
107133,No
107134,No
107135,Yes
107136,No
107137,Yes
107138,No
107139,Yes
107140,No
107141,Yes
107142,Yes
107143,Yes
107144,No
107145,No
107146,Yes
107147,Yes
107148,Yes
107149,No
107150,No
107151,No
107152,Yes
107153,No
107154,No
107155,No
107156,Yes
107157,No
107158,Yes
107159,No
107160,Yes
107161,Yes
107162,Yes
107163,Yes
107164,No
107165,Yes
107166,No
107167,No
107168,Yes
107169,No
107170,No
107171,Yes
107172,No
107173,Yes
107174,Yes
107175,No
107176,Yes
107177,No
107178,No
107179,No
107180,No
107181,No
107182,No
107183,Yes
107184,No
107185,No
107186,Yes
107187,Yes
107188,No
107189,Yes
107190,No
107191,Yes
107192,Yes
107193,Yes
107194,Yes
107195,Yes
107196,No
107197,Yes
107198,Yes
107199,Yes
107200,No
107201,Yes
107202,Yes
107203,No
107204,Yes
107205,No
107206,Yes
107207,No
107208,No
107209,Yes
107210,Yes
107211,No
107212,Yes
107213,No
107214,No
107215,Yes
107216,Yes
107217,No
107218,Yes
107219,Yes
107220,No
107221,No
107222,Yes
107223,No
107224,No
107225,Yes
107226,No
107227,No
107228,No
107229,Yes
107230,Yes
107231,No
107232,No
107233,No
107234,No
107235,Yes
107236,Yes
107237,Yes
107238,No
107239,No
107240,Yes
107241,Yes
107242,Yes
107243,No
107244,Yes
107245,No
107246,No
107247,Yes
107248,Yes
107249,Yes
107250,No
107251,No
107252,No
107253,Yes
107254,Yes
107255,Yes
107256,Yes
107257,No
107258,Yes
107259,Yes
107260,No
107261,No
107262,Yes
107263,Yes
107264,Yes
107265,No
107266,No
107267,Yes
107268,No
107269,Yes
107270,Yes
107271,No
107272,Yes
107273,No
107274,No
107275,Yes
107276,No
107277,Yes
107278,Yes
107279,Yes
107280,Yes
107281,Yes
107282,No
107283,No
107284,Yes
107285,No
107286,Yes
107287,Yes
107288,Yes
107289,Yes
107290,Yes
107291,No
107292,Yes
107293,No
107294,No
107295,Yes
107296,No
107297,Yes
107298,No
107299,Yes
107300,Yes
107301,Yes
107302,No
107303,Yes
107304,Yes
107305,Yes
107306,No
107307,Yes
107308,No
107309,No
107310,No
107311,Yes
107312,Yes
107313,Yes
107314,Yes
107315,No
107316,No
107317,Yes
107318,Yes
107319,Yes
107320,Yes
107321,No
107322,No
107323,No
107324,Yes
107325,No
107326,Yes
107327,Yes
107328,Yes
107329,No
107330,No
107331,Yes
107332,Yes
107333,Yes
107334,No
107335,No
107336,Yes
107337,Yes
107338,Yes
107339,Yes
107340,Yes
107341,Yes
107342,Yes
107343,No
107344,Yes
107345,Yes
107346,No
107347,No
107348,No
107349,Yes
107350,Yes
107351,Yes
107352,No
107353,No
107354,Yes
107355,Yes
107356,Yes
107357,Yes
107358,Yes
107359,Yes
107360,Yes
107361,Yes
107362,Yes
107363,Yes
107364,Yes
107365,Yes
107366,Yes
107367,Yes
107368,No
107369,Yes
107370,No
107371,No
107372,Yes
107373,No
107374,Yes
107375,Yes
107376,No
107377,Yes
107378,Yes
107379,No
107380,Yes
107381,Yes
107382,No
107383,Yes
107384,No
107385,No
107386,No
107387,No
107388,Yes
107389,Yes
107390,Yes
107391,No
107392,No
107393,Yes
107394,No
107395,Yes
107396,No
107397,No
107398,Yes
107399,Yes
107400,No
107401,Yes
107402,Yes
107403,No
107404,No
107405,No
107406,Yes
107407,No
107408,No
107409,Yes
107410,Yes
107411,Yes
107412,Yes
107413,No
107414,Yes
107415,Yes
107416,Yes
107417,Yes
107418,Yes
107419,Yes
107420,Yes
107421,No
107422,No
107423,No
107424,No
107425,Yes
107426,No
107427,No
107428,No
107429,Yes
107430,Yes
107431,No
107432,Yes
107433,Yes
107434,No
107435,No
107436,Yes
107437,No
107438,Yes
107439,Yes
107440,Yes
107441,Yes
107442,No
107443,No
107444,Yes
107445,Yes
107446,No
107447,No
107448,Yes
107449,No
107450,No
107451,No
107452,No
107453,No
107454,No
107455,No
107456,Yes
107457,Yes
107458,Yes
107459,Yes
107460,Yes
107461,Yes
107462,No
107463,Yes
107464,No
107465,Yes
107466,No
107467,No
107468,Yes
107469,Yes
107470,No
107471,No
107472,Yes
107473,Yes
107474,Yes
107475,No
107476,Yes
107477,Yes
107478,Yes
107479,No
107480,No
107481,No
107482,Yes
107483,No
107484,Yes
107485,Yes
107486,Yes
107487,Yes
107488,No
107489,Yes
107490,No
107491,Yes
107492,Yes
107493,No
107494,Yes
107495,Yes
107496,Yes
107497,No
107498,No
107499,No
107500,Yes
107501,Yes
107502,Yes
107503,No
107504,Yes
107505,Yes
107506,No
107507,No
107508,Yes
107509,Yes
107510,No
107511,No
107512,No
107513,No
107514,No
107515,No
107516,No
107517,Yes
107518,Yes
107519,Yes
107520,Yes
107521,No
107522,Yes
107523,No
107524,Yes
107525,Yes
107526,No
107527,No
107528,Yes
107529,No
107530,Yes
107531,No
107532,Yes
107533,Yes
107534,No
107535,No
107536,Yes
107537,No
107538,No
107539,No
107540,Yes
107541,No
107542,Yes
107543,Yes
107544,Yes
107545,Yes
107546,No
107547,No
107548,Yes
107549,No
107550,Yes
107551,No
107552,Yes
107553,Yes
107554,Yes
107555,No
107556,No
107557,Yes
107558,Yes
107559,Yes
107560,Yes
107561,No
107562,Yes
107563,Yes
107564,Yes
107565,No
107566,Yes
107567,No
107568,No
107569,No
107570,Yes
107571,Yes
107572,Yes
107573,Yes
107574,No
107575,No
107576,No
107577,No
107578,No
107579,Yes
107580,Yes
107581,Yes
107582,Yes
107583,No
107584,Yes
107585,No
107586,No
107587,Yes
107588,Yes
107589,No
107590,No
107591,Yes
107592,Yes
107593,No
107594,Yes
107595,Yes
107596,Yes
107597,No
107598,No
107599,Yes
107600,Yes
107601,No
107602,Yes
107603,Yes
107604,Yes
107605,No
107606,No
107607,No
107608,No
107609,No
107610,No
107611,No
107612,Yes
107613,Yes
107614,Yes
107615,Yes
107616,Yes
107617,No
107618,No
107619,Yes
107620,No
107621,Yes
107622,Yes
107623,Yes
107624,Yes
107625,Yes
107626,Yes
107627,No
107628,Yes
107629,No
107630,Yes
107631,No
107632,Yes
107633,No
107634,Yes
107635,No
107636,No
107637,Yes
107638,No
107639,Yes
107640,Yes
107641,Yes
107642,Yes
107643,Yes
107644,No
107645,No
107646,Yes
107647,Yes
107648,No
107649,Yes
107650,Yes
107651,Yes
107652,Yes
107653,Yes
107654,Yes
107655,Yes
107656,No
107657,Yes
107658,Yes
107659,Yes
107660,Yes
107661,Yes
107662,No
107663,Yes
107664,Yes
107665,Yes
107666,Yes
107667,No
107668,No
107669,No
107670,Yes
107671,No
107672,Yes
107673,Yes
107674,No
107675,No
107676,No
107677,No
107678,No
107679,No
107680,Yes
107681,No
107682,No
107683,No
107684,Yes
107685,No
107686,Yes
107687,No
107688,Yes
107689,Yes
107690,No
107691,Yes
107692,No
107693,Yes
107694,No
107695,Yes
107696,No
107697,Yes
107698,No
107699,Yes
107700,No
107701,No
107702,No
107703,Yes
107704,Yes
107705,No
107706,No
107707,No
107708,Yes
107709,Yes
107710,No
107711,Yes
107712,Yes
107713,Yes
107714,Yes
107715,Yes
107716,Yes
107717,Yes
107718,No
107719,Yes
107720,No
107721,Yes
107722,Yes
107723,Yes
107724,Yes
107725,No
107726,Yes
107727,Yes
107728,No
107729,No
107730,No
107731,No
107732,Yes
107733,No
107734,Yes
107735,Yes
107736,No
107737,Yes
107738,No
107739,Yes
107740,No
107741,Yes
107742,Yes
107743,Yes
107744,No
107745,No
107746,Yes
107747,Yes
107748,Yes
107749,Yes
107750,No
107751,Yes
107752,Yes
107753,Yes
107754,Yes
107755,No
107756,Yes
107757,No
107758,Yes
107759,No
107760,No
107761,Yes
107762,Yes
107763,Yes
107764,No
107765,Yes
107766,Yes
107767,Yes
107768,No
107769,Yes
107770,No
107771,No
107772,No
107773,Yes
107774,Yes
107775,No
107776,Yes
107777,Yes
107778,No
107779,Yes
107780,Yes
107781,No
107782,Yes
107783,No
107784,No
107785,No
107786,Yes
107787,No
107788,No
107789,Yes
107790,Yes
107791,No
107792,No
107793,No
107794,Yes
107795,No
107796,Yes
107797,Yes
107798,Yes
107799,Yes
107800,No
107801,Yes
107802,Yes
107803,No
107804,No
107805,Yes
107806,No
107807,Yes
107808,No
107809,Yes
107810,No
107811,No
107812,No
107813,Yes
107814,No
107815,Yes
107816,Yes
107817,Yes
107818,Yes
107819,No
107820,Yes
107821,No
107822,Yes
107823,Yes
107824,Yes
107825,No
107826,No
107827,No
107828,No
107829,Yes
107830,Yes
107831,Yes
107832,Yes
107833,Yes
107834,Yes
107835,Yes
107836,Yes
107837,Yes
107838,Yes
107839,Yes
107840,Yes
107841,Yes
107842,No
107843,Yes
107844,Yes
107845,No
107846,Yes
107847,Yes
107848,No
107849,Yes
107850,No
107851,Yes
107852,No
107853,Yes
107854,Yes
107855,Yes
107856,Yes
107857,No
107858,Yes
107859,Yes
107860,No
107861,Yes
107862,No
107863,No
107864,Yes
107865,Yes
107866,Yes
107867,Yes
107868,No
107869,Yes
107870,No
107871,Yes
107872,Yes
107873,Yes
107874,No
107875,No
107876,Yes
107877,No
107878,Yes
107879,No
107880,No
107881,Yes
107882,Yes
107883,Yes
107884,No
107885,Yes
107886,Yes
107887,Yes
107888,No
107889,No
107890,Yes
107891,Yes
107892,No
107893,Yes
107894,Yes
107895,No
107896,No
107897,No
107898,No
107899,Yes
107900,Yes
107901,Yes
107902,No
107903,Yes
107904,Yes
107905,Yes
107906,Yes
107907,Yes
107908,No
107909,Yes
107910,No
107911,No
107912,Yes
107913,No
107914,Yes
107915,Yes
107916,No
107917,No
107918,No
107919,No
107920,No
107921,Yes
107922,No
107923,Yes
107924,Yes
107925,Yes
107926,No
107927,No
107928,No
107929,Yes
107930,No
107931,Yes
107932,No
107933,Yes
107934,Yes
107935,Yes
107936,No
107937,No
107938,Yes
107939,Yes
107940,No
107941,Yes
107942,No
107943,No
107944,No
107945,No
107946,Yes
107947,No
107948,Yes
107949,No
107950,Yes
107951,No
107952,No
107953,No
107954,Yes
107955,Yes
107956,No
107957,No
107958,No
107959,Yes
107960,No
107961,Yes
107962,Yes
107963,No
107964,No
107965,No
107966,No
107967,Yes
107968,No
107969,Yes
107970,No
107971,Yes
107972,Yes
107973,No
107974,Yes
107975,Yes
107976,Yes
107977,No
107978,Yes
107979,Yes
107980,Yes
107981,No
107982,Yes
107983,Yes
107984,No
107985,Yes
107986,No
107987,No
107988,No
107989,Yes
107990,Yes
107991,No
107992,No
107993,No
107994,Yes
107995,Yes
107996,Yes
107997,Yes
107998,Yes
107999,Yes
108000,No
108001,No
108002,No
108003,No
108004,Yes
108005,Yes
108006,Yes
108007,No
108008,Yes
108009,No
108010,No
108011,No
108012,Yes
108013,Yes
108014,No
108015,Yes
108016,Yes
108017,No
108018,Yes
108019,Yes
108020,Yes
108021,No
108022,Yes
108023,No
108024,No
108025,No
108026,Yes
108027,Yes
108028,No
108029,No
108030,Yes
108031,Yes
108032,No
108033,No
108034,Yes
108035,No
108036,Yes
108037,Yes
108038,No
108039,Yes
108040,Yes
108041,Yes
108042,No
108043,Yes
108044,Yes
108045,Yes
108046,Yes
108047,Yes
108048,Yes
108049,No
108050,No
108051,No
108052,No
108053,No
108054,No
108055,Yes
108056,Yes
108057,Yes
108058,Yes
108059,No
108060,Yes
108061,No
108062,No
108063,Yes
108064,Yes
108065,No
108066,Yes
108067,Yes
108068,Yes
108069,Yes
108070,No
108071,Yes
108072,Yes
108073,Yes
108074,Yes
108075,No
108076,Yes
108077,Yes
108078,No
108079,No
108080,No
108081,No
108082,Yes
108083,Yes
108084,No
108085,No
108086,Yes
108087,Yes
108088,Yes
108089,Yes
108090,No
108091,Yes
108092,No
108093,No
108094,Yes
108095,Yes
108096,No
108097,Yes
108098,Yes
108099,Yes
108100,Yes
108101,No
108102,Yes
108103,Yes
108104,No
108105,Yes
108106,Yes
108107,Yes
108108,No
108109,Yes
108110,No
108111,Yes
108112,No
108113,Yes
108114,Yes
108115,Yes
108116,Yes
108117,Yes
108118,No
108119,No
108120,No
108121,No
108122,Yes
108123,No
108124,Yes
108125,Yes
108126,No
108127,No
108128,Yes
108129,No
108130,Yes
108131,Yes
108132,No
108133,No
108134,No
108135,Yes
108136,No
108137,Yes
108138,Yes
108139,Yes
108140,Yes
108141,No
108142,Yes
108143,No
108144,Yes
108145,No
108146,No
108147,No
108148,Yes
108149,Yes
108150,Yes
108151,No
108152,Yes
108153,No
108154,No
108155,Yes
108156,Yes
108157,No
108158,Yes
108159,No
108160,No
108161,No
108162,Yes
108163,Yes
108164,Yes
108165,No
108166,Yes
108167,Yes
108168,Yes
108169,Yes
108170,Yes
108171,Yes
108172,No
108173,Yes
108174,Yes
108175,Yes
108176,Yes
108177,Yes
108178,Yes
108179,Yes
108180,No
108181,Yes
108182,No
108183,No
108184,No
108185,Yes
108186,Yes
108187,Yes
108188,Yes
108189,Yes
108190,Yes
108191,Yes
108192,Yes
108193,No
108194,Yes
108195,Yes
108196,Yes
108197,No
108198,Yes
108199,Yes
108200,No
108201,Yes
108202,No
108203,Yes
108204,Yes
108205,No
108206,Yes
108207,Yes
108208,Yes
108209,Yes
108210,Yes
108211,Yes
108212,No
108213,Yes
108214,No
108215,Yes
108216,Yes
108217,No
108218,Yes
108219,Yes
108220,No
108221,No
108222,No
108223,Yes
108224,Yes
108225,Yes
108226,Yes
108227,No
108228,No
108229,Yes
108230,No
108231,Yes
108232,No
108233,Yes
108234,Yes
108235,No
108236,Yes
108237,No
108238,Yes
108239,Yes
108240,No
108241,No
108242,No
108243,Yes
108244,No
108245,No
108246,Yes
108247,Yes
108248,Yes
108249,Yes
108250,No
108251,No
108252,No
108253,Yes
108254,No
108255,No
108256,No
108257,No
108258,Yes
108259,No
108260,No
108261,No
108262,Yes
108263,Yes
108264,No
108265,No
108266,Yes
108267,Yes
108268,Yes
108269,No
108270,Yes
108271,No
108272,Yes
108273,No
108274,No
108275,No
108276,Yes
108277,No
108278,No
108279,Yes
108280,Yes
108281,Yes
108282,No
108283,No
108284,Yes
108285,No
108286,Yes
108287,No
108288,No
108289,Yes
108290,No
108291,No
108292,Yes
108293,Yes
108294,No
108295,No
108296,Yes
108297,Yes
108298,No
108299,Yes
108300,Yes
108301,Yes
108302,Yes
108303,No
108304,No
108305,Yes
108306,No
108307,Yes
108308,Yes
108309,No
108310,No
108311,Yes
108312,No
108313,No
108314,Yes
108315,Yes
108316,Yes
108317,No
108318,No
108319,No
108320,Yes
108321,No
108322,No
108323,No
108324,Yes
108325,Yes
108326,No
108327,Yes
108328,No
108329,Yes
108330,Yes
108331,Yes
108332,Yes
108333,Yes
108334,No
108335,Yes
108336,Yes
108337,Yes
108338,No
108339,Yes
108340,Yes
108341,No
108342,No
108343,Yes
108344,Yes
108345,Yes
108346,No
108347,Yes
108348,Yes
108349,No
108350,No
108351,Yes
108352,Yes
108353,No
108354,Yes
108355,Yes
108356,Yes
108357,No
108358,Yes
108359,Yes
108360,Yes
108361,No
108362,No
108363,No
108364,Yes
108365,Yes
108366,No
108367,No
108368,Yes
108369,No
108370,No
108371,No
108372,Yes
108373,No
108374,Yes
108375,No
108376,Yes
108377,Yes
108378,Yes
108379,No
108380,No
108381,Yes
108382,Yes
108383,Yes
108384,No
108385,No
108386,Yes
108387,Yes
108388,No
108389,No
108390,Yes
108391,Yes
108392,Yes
108393,Yes
108394,No
108395,No
108396,Yes
108397,Yes
108398,Yes
108399,No
108400,Yes
108401,Yes
108402,No
108403,Yes
108404,Yes
108405,Yes
108406,No
108407,No
108408,Yes
108409,Yes
108410,No
108411,No
108412,Yes
108413,No
108414,Yes
108415,No
108416,Yes
108417,Yes
108418,No
108419,No
108420,Yes
108421,Yes
108422,Yes
108423,Yes
108424,Yes
108425,No
108426,No
108427,Yes
108428,Yes
108429,Yes
108430,Yes
108431,Yes
108432,Yes
108433,Yes
108434,No
108435,Yes
108436,Yes
108437,Yes
108438,Yes
108439,Yes
108440,No
108441,Yes
108442,No
108443,No
108444,Yes
108445,No
108446,No
108447,Yes
108448,Yes
108449,Yes
108450,Yes
108451,Yes
108452,Yes
108453,No
108454,Yes
108455,No
108456,No
108457,Yes
108458,No
108459,Yes
108460,Yes
108461,No
108462,Yes
108463,Yes
108464,No
108465,No
108466,Yes
108467,No
108468,Yes
108469,Yes
108470,No
108471,Yes
108472,No
108473,No
108474,Yes
108475,No
108476,No
108477,Yes
108478,Yes
108479,Yes
108480,Yes
108481,Yes
108482,No
108483,Yes
108484,Yes
108485,Yes
108486,Yes
108487,No
108488,No
108489,Yes
108490,No
108491,Yes
108492,Yes
108493,No
108494,Yes
108495,Yes
108496,Yes
108497,Yes
108498,Yes
108499,Yes
108500,Yes
108501,No
108502,Yes
108503,No
108504,No
108505,Yes
108506,Yes
108507,No
108508,Yes
108509,No
108510,Yes
108511,Yes
108512,No
108513,No
108514,Yes
108515,No
108516,Yes
108517,No
108518,Yes
108519,Yes
108520,Yes
108521,No
108522,Yes
108523,Yes
108524,Yes
108525,No
108526,Yes
108527,Yes
108528,Yes
108529,No
108530,Yes
108531,No
108532,Yes
108533,No
108534,Yes
108535,Yes
108536,Yes
108537,No
108538,No
108539,Yes
108540,Yes
108541,Yes
108542,Yes
108543,No
108544,No
108545,Yes
108546,Yes
108547,Yes
108548,Yes
108549,Yes
108550,No
108551,No
108552,Yes
108553,No
108554,Yes
108555,Yes
108556,Yes
108557,Yes
108558,Yes
108559,No
108560,Yes
108561,Yes
108562,No
108563,No
108564,No
108565,No
108566,Yes
108567,No
108568,Yes
108569,No
108570,Yes
108571,No
108572,Yes
108573,No
108574,No
108575,Yes
108576,No
108577,No
108578,No
108579,Yes
108580,Yes
108581,Yes
108582,Yes
108583,No
108584,Yes
108585,Yes
108586,No
108587,Yes
108588,No
108589,No
108590,Yes
108591,Yes
108592,No
108593,No
108594,Yes
108595,Yes
108596,Yes
108597,No
108598,Yes
108599,No
108600,Yes
108601,No
108602,Yes
108603,No
108604,Yes
108605,Yes
108606,Yes
108607,No
108608,Yes
108609,No
108610,Yes
108611,No
108612,No
108613,No
108614,Yes
108615,Yes
108616,Yes
108617,Yes
108618,Yes
108619,No
108620,Yes
108621,No
108622,No
108623,Yes
108624,Yes
108625,Yes
108626,No
108627,Yes
108628,No
108629,No
108630,Yes
108631,No
108632,Yes
108633,No
108634,No
108635,Yes
108636,Yes
108637,Yes
108638,Yes
108639,No
108640,No
108641,No
108642,No
108643,No
108644,Yes
108645,No
108646,No
108647,Yes
108648,No
108649,Yes
108650,Yes
108651,Yes
108652,Yes
108653,No
108654,No
108655,No
108656,No
108657,No
108658,Yes
108659,No
108660,No
108661,Yes
108662,Yes
108663,Yes
108664,Yes
108665,Yes
108666,Yes
108667,No
108668,Yes
108669,No
108670,Yes
108671,No
108672,No
108673,Yes
108674,No
108675,No
108676,Yes
108677,Yes
108678,No
108679,Yes
108680,No
108681,No
108682,Yes
108683,No
108684,Yes
108685,Yes
108686,No
108687,No
108688,Yes
108689,No
108690,Yes
108691,Yes
108692,No
108693,No
108694,Yes
108695,No
108696,Yes
108697,Yes
108698,No
108699,Yes
108700,Yes
108701,Yes
108702,Yes
108703,Yes
108704,No
108705,No
108706,Yes
108707,Yes
108708,Yes
108709,No
108710,Yes
108711,Yes
108712,Yes
108713,Yes
108714,Yes
108715,Yes
108716,No
108717,No
108718,Yes
108719,Yes
108720,No
108721,Yes
108722,No
108723,Yes
108724,No
108725,Yes
108726,Yes
108727,Yes
108728,Yes
108729,No
108730,Yes
108731,No
108732,No
108733,Yes
108734,No
108735,No
108736,Yes
108737,No
108738,No
108739,Yes
108740,No
108741,Yes
108742,No
108743,Yes
108744,No
108745,No
108746,No
108747,No
108748,Yes
108749,No
108750,No
108751,Yes
108752,Yes
108753,Yes
108754,Yes
108755,Yes
108756,Yes
108757,No
108758,Yes
108759,Yes
108760,Yes
108761,No
108762,Yes
108763,Yes
108764,Yes
108765,Yes
108766,No
108767,Yes
108768,No
108769,Yes
108770,Yes
108771,No
108772,Yes
108773,Yes
108774,Yes
108775,Yes
108776,No
108777,Yes
108778,Yes
108779,Yes
108780,Yes
108781,No
108782,No
108783,Yes
108784,Yes
108785,No
108786,No
108787,Yes
108788,Yes
108789,Yes
108790,No
108791,Yes
108792,Yes
108793,No
108794,Yes
108795,Yes
108796,Yes
108797,Yes
108798,Yes
108799,No
108800,No
108801,No
108802,Yes
108803,No
108804,Yes
108805,No
108806,No
108807,Yes
108808,Yes
108809,No
108810,No
108811,Yes
108812,Yes
108813,No
108814,Yes
108815,Yes
108816,Yes
108817,No
108818,Yes
108819,No
108820,Yes
108821,Yes
108822,No
108823,Yes
108824,Yes
108825,No
108826,Yes
108827,No
108828,Yes
108829,Yes
108830,Yes
108831,No
108832,Yes
108833,No
108834,Yes
108835,Yes
108836,Yes
108837,Yes
108838,Yes
108839,No
108840,No
108841,No
108842,Yes
108843,Yes
108844,Yes
108845,No
108846,No
108847,No
108848,No
108849,No
108850,Yes
108851,Yes
108852,Yes
108853,No
108854,Yes
108855,No
108856,No
108857,Yes
108858,No
108859,Yes
108860,No
108861,Yes
108862,No
108863,No
108864,Yes
108865,Yes
108866,No
108867,No
108868,Yes
108869,Yes
108870,Yes
108871,No
108872,Yes
108873,Yes
108874,No
108875,No
108876,No
108877,Yes
108878,No
108879,No
108880,Yes
108881,Yes
108882,No
108883,Yes
108884,No
108885,Yes
108886,No
108887,No
108888,Yes
108889,No
108890,Yes
108891,No
108892,No
108893,Yes
108894,No
108895,No
108896,Yes
108897,No
108898,Yes
108899,Yes
108900,No
108901,Yes
108902,No
108903,No
108904,Yes
108905,Yes
108906,No
108907,Yes
108908,No
108909,Yes
108910,Yes
108911,No
108912,No
108913,Yes
108914,No
108915,Yes
108916,Yes
108917,No
108918,Yes
108919,No
108920,Yes
108921,No
108922,Yes
108923,No
108924,Yes
108925,Yes
108926,Yes
108927,Yes
108928,Yes
108929,Yes
108930,No
108931,Yes
108932,No
108933,No
108934,Yes
108935,Yes
108936,Yes
108937,Yes
108938,Yes
108939,No
108940,Yes
108941,Yes
108942,Yes
108943,No
108944,No
108945,Yes
108946,Yes
108947,No
108948,Yes
108949,No
108950,No
108951,Yes
108952,No
108953,Yes
108954,Yes
108955,No
108956,No
108957,Yes
108958,Yes
108959,No
108960,Yes
108961,Yes
108962,Yes
108963,Yes
108964,Yes
108965,Yes
108966,Yes
108967,No
108968,No
108969,Yes
108970,No
108971,No
108972,No
108973,No
108974,No
108975,Yes
108976,No
108977,Yes
108978,No
108979,Yes
108980,No
108981,No
108982,Yes
108983,Yes
108984,No
108985,Yes
108986,Yes
108987,No
108988,Yes
108989,Yes
108990,No
108991,No
108992,No
108993,Yes
108994,No
108995,No
108996,No
108997,Yes
108998,Yes
108999,No
109000,Yes
109001,No
109002,Yes
109003,Yes
109004,No
109005,No
109006,Yes
109007,Yes
109008,No
109009,No
109010,Yes
109011,Yes
109012,No
109013,No
109014,Yes
109015,Yes
109016,Yes
109017,No
109018,Yes
109019,No
109020,No
109021,Yes
109022,Yes
109023,No
109024,Yes
109025,Yes
109026,Yes
109027,No
109028,Yes
109029,No
109030,No
109031,Yes
109032,No
109033,Yes
109034,No
109035,No
109036,Yes
109037,Yes
109038,Yes
109039,No
109040,Yes
109041,Yes
109042,Yes
109043,Yes
109044,No
109045,No
109046,Yes
109047,No
109048,Yes
109049,No
109050,Yes
109051,Yes
109052,No
109053,Yes
109054,Yes
109055,No
109056,Yes
109057,No
109058,No
109059,No
109060,No
109061,Yes
109062,Yes
109063,No
109064,Yes
109065,Yes
109066,No
109067,Yes
109068,Yes
109069,No
109070,No
109071,Yes
109072,No
109073,Yes
109074,No
109075,Yes
109076,Yes
109077,No
109078,No
109079,Yes
109080,No
109081,Yes
109082,Yes
109083,Yes
109084,Yes
109085,No
109086,Yes
109087,Yes
109088,Yes
109089,Yes
109090,No
109091,No
109092,Yes
109093,No
109094,Yes
109095,No
109096,No
109097,No
109098,Yes
109099,Yes
109100,Yes
109101,Yes
109102,No
109103,Yes
109104,No
109105,Yes
109106,No
109107,Yes
109108,Yes
109109,Yes
109110,Yes
109111,No
109112,Yes
109113,No
109114,Yes
109115,No
109116,No
109117,No
109118,Yes
109119,No
109120,No
109121,Yes
109122,Yes
109123,No
109124,Yes
109125,No
109126,No
109127,Yes
109128,Yes
109129,No
109130,Yes
109131,Yes
109132,No
109133,Yes
109134,Yes
109135,No
109136,No
109137,Yes
109138,Yes
109139,Yes
109140,No
109141,Yes
109142,No
109143,Yes
109144,Yes
109145,Yes
109146,Yes
109147,No
109148,No
109149,No
109150,No
109151,Yes
109152,No
109153,Yes
109154,Yes
109155,No
109156,Yes
109157,No
109158,No
109159,Yes
109160,No
109161,Yes
109162,Yes
109163,No
109164,No
109165,Yes
109166,Yes
109167,No
109168,Yes
109169,No
109170,No
109171,Yes
109172,No
109173,Yes
109174,No
109175,Yes
109176,No
109177,Yes
109178,Yes
109179,Yes
109180,Yes
109181,Yes
109182,Yes
109183,Yes
109184,Yes
109185,No
109186,No
109187,Yes
109188,No
109189,No
109190,No
109191,Yes
109192,Yes
109193,Yes
109194,No
109195,No
109196,No
109197,No
109198,No
109199,Yes
109200,No
109201,No
109202,Yes
109203,No
109204,No
109205,Yes
109206,Yes
109207,No
109208,No
109209,Yes
109210,No
109211,No
109212,No
109213,Yes
109214,No
109215,Yes
109216,Yes
109217,No
109218,Yes
109219,Yes
109220,Yes
109221,No
109222,No
109223,Yes
109224,No
109225,Yes
109226,Yes
109227,No
109228,No
109229,No
109230,No
109231,Yes
109232,Yes
109233,Yes
109234,No
109235,No
109236,Yes
109237,Yes
109238,No
109239,Yes
109240,Yes
109241,No
109242,Yes
109243,Yes
109244,Yes
109245,Yes
109246,Yes
109247,No
109248,No
109249,Yes
109250,Yes
109251,Yes
109252,Yes
109253,No
109254,Yes
109255,Yes
109256,No
109257,Yes
109258,Yes
109259,Yes
109260,No
109261,Yes
109262,Yes
109263,No
109264,Yes
109265,Yes
109266,Yes
109267,Yes
109268,Yes
109269,Yes
109270,Yes
109271,Yes
109272,No
109273,No
109274,No
109275,Yes
109276,No
109277,Yes
109278,Yes
109279,Yes
109280,No
109281,Yes
109282,Yes
109283,Yes
109284,Yes
109285,No
109286,Yes
109287,Yes
109288,Yes
109289,Yes
109290,Yes
109291,No
109292,Yes
109293,No
109294,No
109295,No
109296,Yes
109297,Yes
109298,No
109299,Yes
109300,Yes
109301,No
109302,No
109303,Yes
109304,Yes
109305,No
109306,No
109307,Yes
109308,No
109309,No
109310,Yes
109311,No
109312,No
109313,Yes
109314,No
109315,No
109316,Yes
109317,No
109318,Yes
109319,Yes
109320,Yes
109321,Yes
109322,No
109323,No
109324,Yes
109325,No
109326,Yes
109327,Yes
109328,Yes
109329,Yes
109330,No
109331,No
109332,Yes
109333,Yes
109334,Yes
109335,No
109336,Yes
109337,Yes
109338,Yes
109339,Yes
109340,Yes
109341,Yes
109342,No
109343,No
109344,No
109345,No
109346,No
109347,Yes
109348,Yes
109349,No
109350,Yes
109351,Yes
109352,Yes
109353,Yes
109354,No
109355,No
109356,Yes
109357,Yes
109358,No
109359,Yes
109360,No
109361,No
109362,No
109363,No
109364,No
109365,No
109366,Yes
109367,Yes
109368,No
109369,No
109370,No
109371,Yes
109372,No
109373,No
109374,Yes
109375,Yes
109376,Yes
109377,No
109378,Yes
109379,Yes
109380,Yes
109381,Yes
109382,Yes
109383,Yes
109384,Yes
109385,Yes
109386,Yes
109387,Yes
109388,Yes
109389,No
109390,Yes
109391,Yes
109392,Yes
109393,No
109394,No
109395,Yes
109396,No
109397,Yes
109398,No
109399,Yes
109400,Yes
109401,Yes
109402,Yes
109403,Yes
109404,Yes
109405,No
109406,Yes
109407,No
109408,Yes
109409,Yes
109410,Yes
109411,Yes
109412,Yes
109413,Yes
109414,Yes
109415,Yes
109416,Yes
109417,Yes
109418,No
109419,No
109420,No
109421,Yes
109422,Yes
109423,Yes
109424,No
109425,No
109426,Yes
109427,Yes
109428,Yes
109429,No
109430,No
109431,Yes
109432,Yes
109433,No
109434,No
109435,Yes
109436,Yes
109437,No
109438,Yes
109439,Yes
109440,No
109441,Yes
109442,No
109443,No
109444,Yes
109445,Yes
109446,Yes
109447,Yes
109448,Yes
109449,No
109450,Yes
109451,No
109452,Yes
109453,No
109454,Yes
109455,Yes
109456,No
109457,No
109458,Yes
109459,No
109460,Yes
109461,Yes
109462,Yes
109463,No
109464,No
109465,Yes
109466,No
109467,No
109468,Yes
109469,No
109470,Yes
109471,Yes
109472,No
109473,Yes
109474,No
109475,Yes
109476,No
109477,No
109478,Yes
109479,No
109480,Yes
109481,No
109482,No
109483,Yes
109484,No
109485,No
109486,No
109487,No
109488,No
109489,No
109490,No
109491,Yes
109492,No
109493,Yes
109494,No
109495,Yes
109496,Yes
109497,No
109498,Yes
109499,Yes
109500,No
109501,Yes
109502,Yes
109503,Yes
109504,Yes
109505,Yes
109506,Yes
109507,Yes
109508,Yes
109509,Yes
109510,Yes
109511,Yes
109512,Yes
109513,Yes
109514,No
109515,No
109516,No
109517,No
109518,Yes
109519,No
109520,No
109521,No
109522,Yes
109523,Yes
109524,No
109525,Yes
109526,No
109527,Yes
109528,No
109529,No
109530,Yes
109531,Yes
109532,Yes
109533,Yes
109534,Yes
109535,No
109536,Yes
109537,No
109538,Yes
109539,Yes
109540,Yes
109541,Yes
109542,Yes
109543,Yes
109544,Yes
109545,Yes
109546,Yes
109547,No
109548,Yes
109549,Yes
109550,Yes
109551,Yes
109552,Yes
109553,No
109554,Yes
109555,Yes
109556,Yes
109557,No
109558,Yes
109559,No
109560,No
109561,Yes
109562,No
109563,Yes
109564,Yes
109565,Yes
109566,Yes
109567,No
109568,Yes
109569,Yes
109570,Yes
109571,Yes
109572,Yes
109573,No
109574,No
109575,Yes
109576,Yes
109577,No
109578,No
109579,No
109580,No
109581,Yes
109582,Yes
109583,Yes
109584,No
109585,Yes
109586,Yes
109587,No
109588,Yes
109589,No
109590,Yes
109591,Yes
109592,No
109593,No
109594,Yes
109595,Yes
109596,Yes
109597,No
109598,Yes
109599,Yes
109600,Yes
109601,Yes
109602,Yes
109603,Yes
109604,Yes
109605,Yes
109606,Yes
109607,Yes
109608,No
109609,Yes
109610,No
109611,No
109612,Yes
109613,No
109614,Yes
109615,Yes
109616,Yes
109617,No
109618,Yes
109619,No
109620,No
109621,Yes
109622,Yes
109623,Yes
109624,Yes
109625,No
109626,Yes
109627,Yes
109628,Yes
109629,Yes
109630,No
109631,No
109632,No
109633,No
109634,Yes
109635,No
109636,No
109637,Yes
109638,Yes
109639,Yes
109640,Yes
109641,No
109642,No
109643,Yes
109644,Yes
109645,No
109646,No
109647,No
109648,Yes
109649,No
109650,Yes
109651,No
109652,No
109653,Yes
109654,No
109655,Yes
109656,Yes
109657,Yes
109658,No
109659,No
109660,Yes
109661,Yes
109662,Yes
109663,No
109664,No
109665,No
109666,No
109667,Yes
109668,Yes
109669,No
109670,No
109671,Yes
109672,No
109673,No
109674,Yes
109675,No
109676,Yes
109677,Yes
109678,Yes
109679,No
109680,No
109681,Yes
109682,Yes
109683,No
109684,No
109685,No
109686,Yes
109687,Yes
109688,No
109689,Yes
109690,No
109691,No
109692,Yes
109693,No
109694,No
109695,No
109696,Yes
109697,Yes
109698,Yes
109699,Yes
109700,Yes
109701,Yes
109702,Yes
109703,Yes
109704,Yes
109705,No
109706,No
109707,Yes
109708,Yes
109709,Yes
109710,Yes
109711,Yes
109712,No
109713,Yes
109714,Yes
109715,No
109716,Yes
109717,No
109718,No
109719,Yes
109720,No
109721,No
109722,Yes
109723,Yes
109724,Yes
109725,No
109726,No
109727,Yes
109728,No
109729,No
109730,No
109731,No
109732,Yes
109733,Yes
109734,Yes
109735,Yes
109736,Yes
109737,No
109738,No
109739,Yes
109740,Yes
109741,Yes
109742,Yes
109743,Yes
109744,Yes
109745,No
109746,Yes
109747,No
109748,Yes
109749,Yes
109750,No
109751,Yes
109752,No
109753,No
109754,Yes
109755,Yes
109756,Yes
109757,Yes
109758,No
109759,No
109760,No
109761,Yes
109762,Yes
109763,Yes
109764,Yes
109765,Yes
109766,Yes
109767,Yes
109768,Yes
109769,Yes
109770,Yes
109771,Yes
109772,Yes
109773,No
109774,No
109775,No
109776,Yes
109777,Yes
109778,No
109779,Yes
109780,Yes
109781,Yes
109782,Yes
109783,Yes
109784,Yes
109785,No
109786,No
109787,No
109788,No
109789,No
109790,No
109791,No
109792,No
109793,Yes
109794,Yes
109795,No
109796,No
109797,No
109798,Yes
109799,No
109800,No
109801,No
109802,No
109803,No
109804,Yes
109805,No
109806,No
109807,Yes
109808,No
109809,Yes
109810,Yes
109811,No
109812,No
109813,Yes
109814,No
109815,Yes
109816,Yes
109817,No
109818,Yes
109819,Yes
109820,Yes
109821,No
109822,Yes
109823,No
109824,No
109825,Yes
109826,Yes
109827,Yes
109828,Yes
109829,Yes
109830,No
109831,No
109832,No
109833,Yes
109834,Yes
109835,Yes
109836,No
109837,No
109838,No
109839,Yes
109840,No
109841,Yes
109842,Yes
109843,No
109844,Yes
109845,No
109846,No
109847,No
109848,Yes
109849,No
109850,No
109851,Yes
109852,No
109853,Yes
109854,Yes
109855,No
109856,Yes
109857,Yes
109858,Yes
109859,Yes
109860,No
109861,Yes
109862,No
109863,No
109864,Yes
109865,Yes
109866,No
109867,Yes
109868,No
109869,No
109870,No
109871,Yes
109872,No
109873,Yes
109874,No
109875,Yes
109876,Yes
109877,Yes
109878,Yes
109879,No
109880,No
109881,Yes
109882,Yes
109883,No
109884,No
109885,Yes
109886,Yes
109887,No
109888,Yes
109889,Yes
109890,No
109891,Yes
109892,No
109893,No
109894,No
109895,Yes
109896,Yes
109897,Yes
109898,Yes
109899,No
109900,Yes
109901,No
109902,Yes
109903,No
109904,Yes
109905,No
109906,No
109907,Yes
109908,Yes
109909,Yes
109910,Yes
109911,Yes
109912,Yes
109913,Yes
109914,No
109915,Yes
109916,No
109917,Yes
109918,No
109919,Yes
109920,Yes
109921,Yes
109922,No
109923,Yes
109924,Yes
109925,Yes
109926,Yes
109927,Yes
109928,No
109929,Yes
109930,No
109931,No
109932,Yes
109933,Yes
109934,Yes
109935,Yes
109936,No
109937,Yes
109938,Yes
109939,No
109940,No
109941,No
109942,Yes
109943,Yes
109944,Yes
109945,Yes
109946,No
109947,No
109948,Yes
109949,No
109950,Yes
109951,Yes
109952,No
109953,No
109954,No
109955,No
109956,No
109957,No
109958,No
109959,Yes
109960,Yes
109961,No
109962,No
109963,No
109964,Yes
109965,Yes
109966,Yes
109967,Yes
109968,Yes
109969,Yes
109970,Yes
109971,No
109972,Yes
109973,No
109974,Yes
109975,Yes
109976,Yes
109977,No
109978,No
109979,No
109980,No
109981,Yes
109982,Yes
109983,No
109984,Yes
109985,Yes
109986,No
109987,Yes
109988,Yes
109989,Yes
109990,No
109991,No
109992,Yes
109993,Yes
109994,No
109995,No
109996,Yes
109997,Yes
109998,No
109999,No
110000,Yes
110001,No
110002,Yes
110003,Yes
110004,Yes
110005,Yes
110006,Yes
110007,Yes
110008,Yes
110009,Yes
110010,No
110011,Yes
110012,Yes
110013,No
110014,Yes
110015,No
110016,Yes
110017,Yes
110018,Yes
110019,No
110020,No
110021,No
110022,No
110023,No
110024,No
110025,Yes
110026,Yes
110027,No
110028,No
110029,Yes
110030,Yes
110031,Yes
110032,Yes
110033,Yes
110034,Yes
110035,Yes
110036,No
110037,Yes
110038,No
110039,Yes
110040,Yes
110041,Yes
110042,No
110043,Yes
110044,Yes
110045,No
110046,No
110047,No
110048,Yes
110049,No
110050,No
110051,No
110052,Yes
110053,Yes
110054,Yes
110055,Yes
110056,No
110057,No
110058,Yes
110059,No
110060,Yes
110061,No
110062,No
110063,Yes
110064,No
110065,No
110066,No
110067,Yes
110068,Yes
110069,Yes
110070,Yes
110071,No
110072,Yes
110073,No
110074,Yes
110075,Yes
110076,Yes
110077,No
110078,Yes
110079,No
110080,Yes
110081,No
110082,Yes
110083,No
110084,Yes
110085,No
110086,Yes
110087,No
110088,Yes
110089,Yes
110090,Yes
110091,No
110092,No
110093,Yes
110094,Yes
110095,Yes
110096,Yes
110097,No
110098,Yes
110099,Yes
110100,Yes
110101,Yes
110102,Yes
110103,Yes
110104,No
110105,No
110106,No
110107,No
110108,Yes
110109,No
110110,No
110111,Yes
110112,Yes
110113,No
110114,Yes
110115,Yes
110116,No
110117,Yes
110118,Yes
110119,Yes
110120,No
110121,Yes
110122,Yes
110123,No
110124,No
110125,No
110126,Yes
110127,Yes
110128,No
110129,No
110130,Yes
110131,Yes
110132,No
110133,No
110134,Yes
110135,Yes
110136,Yes
110137,No
110138,Yes
110139,Yes
110140,No
110141,No
110142,Yes
110143,Yes
110144,Yes
110145,No
110146,Yes
110147,Yes
110148,Yes
110149,No
110150,Yes
110151,No
110152,Yes
110153,Yes
110154,Yes
110155,No
110156,No
110157,No
110158,No
110159,Yes
110160,Yes
110161,No
110162,Yes
110163,No
110164,Yes
110165,Yes
110166,Yes
110167,Yes
110168,No
110169,Yes
110170,No
110171,Yes
110172,No
110173,No
110174,Yes
110175,Yes
110176,No
110177,No
110178,Yes
110179,Yes
110180,No
110181,Yes
110182,No
110183,No
110184,No
110185,Yes
110186,Yes
110187,Yes
110188,Yes
110189,Yes
110190,No
110191,Yes
110192,Yes
110193,Yes
110194,No
110195,No
110196,Yes
110197,Yes
110198,Yes
110199,Yes
110200,No
110201,No
110202,Yes
110203,Yes
110204,Yes
110205,No
110206,Yes
110207,Yes
110208,Yes
110209,No
110210,Yes
110211,Yes
110212,Yes
110213,No
110214,No
110215,Yes
110216,Yes
110217,Yes
110218,No
110219,Yes
110220,No
110221,No
110222,Yes
110223,No
110224,Yes
110225,Yes
110226,Yes
110227,No
110228,Yes
110229,No
110230,No
110231,Yes
110232,Yes
110233,No
110234,Yes
110235,No
110236,No
110237,No
110238,No
110239,No
110240,Yes
110241,No
110242,No
110243,Yes
110244,No
110245,Yes
110246,Yes
110247,No
110248,No
110249,No
110250,Yes
110251,Yes
110252,Yes
110253,Yes
110254,No
110255,No
110256,No
110257,No
110258,No
110259,Yes
110260,Yes
110261,Yes
110262,Yes
110263,Yes
110264,Yes
110265,Yes
110266,No
110267,Yes
110268,Yes
110269,Yes
110270,Yes
110271,No
110272,No
110273,Yes
110274,No
110275,Yes
110276,Yes
110277,Yes
110278,Yes
110279,Yes
110280,No
110281,No
110282,No
110283,Yes
110284,Yes
110285,Yes
110286,No
110287,Yes
110288,Yes
110289,Yes
110290,Yes
110291,No
110292,Yes
110293,Yes
110294,Yes
110295,Yes
110296,No
110297,No
110298,Yes
110299,Yes
110300,Yes
110301,No
110302,No
110303,Yes
110304,Yes
110305,Yes
110306,Yes
110307,Yes
110308,Yes
110309,No
110310,Yes
110311,Yes
110312,No
110313,Yes
110314,Yes
110315,Yes
110316,No
110317,No
110318,Yes
110319,No
110320,No
110321,Yes
110322,No
110323,Yes
110324,No
110325,Yes
110326,Yes
110327,Yes
110328,Yes
110329,Yes
110330,No
110331,Yes
110332,Yes
110333,No
110334,Yes
110335,Yes
110336,Yes
110337,No
110338,Yes
110339,Yes
110340,Yes
110341,Yes
110342,Yes
110343,No
110344,No
110345,Yes
110346,No
110347,Yes
110348,Yes
110349,Yes
110350,No
110351,No
110352,No
110353,Yes
110354,No
110355,Yes
110356,No
110357,Yes
110358,No
110359,Yes
110360,No
110361,No
110362,Yes
110363,No
110364,Yes
110365,Yes
110366,Yes
110367,No
110368,No
110369,Yes
110370,No
110371,No
110372,No
110373,Yes
110374,Yes
110375,Yes
110376,No
110377,Yes
110378,Yes
110379,Yes
110380,No
110381,Yes
110382,No
110383,Yes
110384,No
110385,No
110386,Yes
110387,No
110388,Yes
110389,No
110390,Yes
110391,Yes
110392,Yes
110393,Yes
110394,No
110395,No
110396,No
110397,Yes
110398,No
110399,Yes
110400,Yes
110401,No
110402,Yes
110403,Yes
110404,No
110405,No
110406,Yes
110407,Yes
110408,No
110409,No
110410,No
110411,No
110412,Yes
110413,Yes
110414,No
110415,No
110416,Yes
110417,Yes
110418,No
110419,No
110420,Yes
110421,Yes
110422,Yes
110423,Yes
110424,No
110425,No
110426,Yes
110427,Yes
110428,Yes
110429,No
110430,No
110431,Yes
110432,Yes
110433,Yes
110434,No
110435,Yes
110436,Yes
110437,No
110438,No
110439,Yes
110440,Yes
110441,Yes
110442,No
110443,Yes
110444,No
110445,Yes
110446,No
110447,Yes
110448,Yes
110449,No
110450,Yes
110451,No
110452,No
110453,No
110454,No
110455,Yes
110456,Yes
110457,Yes
110458,Yes
110459,Yes
110460,No
110461,Yes
110462,No
110463,Yes
110464,No
110465,Yes
110466,Yes
110467,No
110468,No
110469,Yes
110470,No
110471,No
110472,Yes
110473,No
110474,Yes
110475,No
110476,No
110477,No
110478,Yes
110479,No
110480,Yes
110481,Yes
110482,Yes
110483,Yes
110484,Yes
110485,Yes
110486,Yes
110487,Yes
110488,Yes
110489,No
110490,Yes
110491,Yes
110492,Yes
110493,Yes
110494,Yes
110495,Yes
110496,No
110497,Yes
110498,No
110499,No
110500,No
110501,No
110502,Yes
110503,Yes
110504,Yes
110505,Yes
110506,Yes
110507,No
110508,No
110509,Yes
110510,No
110511,No
110512,Yes
110513,No
110514,Yes
110515,No
110516,No
110517,Yes
110518,No
110519,Yes
110520,Yes
110521,Yes
110522,No
110523,Yes
110524,No
110525,Yes
110526,Yes
110527,No
110528,Yes
110529,Yes
110530,Yes
110531,Yes
110532,No
110533,Yes
110534,Yes
110535,No
110536,No
110537,No
110538,No
110539,Yes
110540,No
110541,Yes
110542,Yes
110543,No
110544,No
110545,Yes
110546,No
110547,No
110548,Yes
110549,Yes
110550,Yes
110551,Yes
110552,Yes
110553,No
110554,No
110555,No
110556,Yes
110557,Yes
110558,Yes
110559,No
110560,Yes
110561,No
110562,Yes
110563,Yes
110564,No
110565,Yes
110566,Yes
110567,Yes
110568,Yes
110569,No
110570,Yes
110571,Yes
110572,Yes
110573,Yes
110574,Yes
110575,Yes
110576,Yes
110577,No
110578,Yes
110579,Yes
110580,Yes
110581,No
110582,Yes
110583,No
110584,Yes
110585,Yes
110586,Yes
110587,No
110588,No
110589,No
110590,No
110591,No
110592,Yes
110593,No
110594,Yes
110595,Yes
110596,Yes
110597,Yes
110598,No
110599,Yes
110600,No
110601,Yes
110602,No
110603,Yes
110604,Yes
110605,Yes
110606,Yes
110607,Yes
110608,No
110609,Yes
110610,Yes
110611,Yes
110612,No
110613,Yes
110614,Yes
110615,No
110616,Yes
110617,Yes
110618,Yes
110619,No
110620,Yes
110621,No
110622,No
110623,No
110624,No
110625,Yes
110626,Yes
110627,Yes
110628,Yes
110629,No
110630,No
110631,Yes
110632,Yes
110633,No
110634,No
110635,Yes
110636,Yes
110637,No
110638,No
110639,No
110640,No
110641,No
110642,Yes
110643,Yes
110644,Yes
110645,Yes
110646,Yes
110647,Yes
110648,No
110649,Yes
110650,No
110651,No
110652,No
110653,Yes
110654,Yes
110655,Yes
110656,No
110657,No
110658,No
110659,Yes
110660,Yes
110661,Yes
110662,No
110663,No
110664,No
110665,Yes
110666,Yes
110667,Yes
110668,No
110669,Yes
110670,Yes
110671,No
110672,No
110673,Yes
110674,Yes
110675,No
110676,Yes
110677,Yes
110678,Yes
110679,No
110680,No
110681,Yes
110682,No
110683,No
110684,No
110685,No
110686,Yes
110687,Yes
110688,Yes
110689,Yes
110690,Yes
110691,Yes
110692,Yes
110693,Yes
110694,Yes
110695,Yes
110696,No
110697,Yes
110698,No
110699,Yes
110700,No
110701,No
110702,Yes
110703,No
110704,Yes
110705,No
110706,Yes
110707,No
110708,Yes
110709,No
110710,Yes
110711,No
110712,No
110713,No
110714,Yes
110715,Yes
110716,Yes
110717,Yes
110718,Yes
110719,No
110720,No
110721,Yes
110722,Yes
110723,No
110724,Yes
110725,No
110726,No
110727,No
110728,Yes
110729,Yes
110730,No
110731,No
110732,Yes
110733,No
110734,Yes
110735,No
110736,No
110737,No
110738,Yes
110739,No
110740,Yes
110741,No
110742,No
110743,Yes
110744,No
110745,Yes
110746,Yes
110747,No
110748,Yes
110749,Yes
110750,Yes
110751,No
110752,No
110753,No
110754,Yes
110755,No
110756,No
110757,Yes
110758,Yes
110759,Yes
110760,No
110761,Yes
110762,Yes
110763,Yes
110764,No
110765,No
110766,Yes
110767,No
110768,Yes
110769,Yes
110770,No
110771,Yes
110772,No
110773,No
110774,Yes
110775,Yes
110776,Yes
110777,Yes
110778,Yes
110779,Yes
110780,Yes
110781,No
110782,Yes
110783,Yes
110784,Yes
110785,Yes
110786,Yes
110787,Yes
110788,No
110789,No
110790,Yes
110791,No
110792,No
110793,Yes
110794,Yes
110795,Yes
110796,No
110797,Yes
110798,No
110799,No
110800,Yes
110801,Yes
110802,Yes
110803,No
110804,No
110805,Yes
110806,No
110807,No
110808,Yes
110809,Yes
110810,Yes
110811,No
110812,Yes
110813,No
110814,Yes
110815,No
110816,Yes
110817,No
110818,No
110819,Yes
110820,Yes
110821,Yes
110822,No
110823,No
110824,No
110825,Yes
110826,Yes
110827,Yes
110828,No
110829,Yes
110830,Yes
110831,Yes
110832,Yes
110833,Yes
110834,No
110835,Yes
110836,Yes
110837,Yes
110838,No
110839,No
110840,No
110841,Yes
110842,No
110843,Yes
110844,Yes
110845,Yes
110846,Yes
110847,No
110848,No
110849,Yes
110850,No
110851,No
110852,Yes
110853,Yes
110854,No
110855,Yes
110856,Yes
110857,No
110858,Yes
110859,No
110860,Yes
110861,Yes
110862,No
110863,Yes
110864,No
110865,No
110866,Yes
110867,No
110868,Yes
110869,Yes
110870,Yes
110871,Yes
110872,Yes
110873,No
110874,No
110875,No
110876,Yes
110877,No
110878,No
110879,No
110880,Yes
110881,No
110882,No
110883,Yes
110884,Yes
110885,Yes
110886,No
110887,Yes
110888,Yes
110889,No
110890,No
110891,No
110892,Yes
110893,No
110894,No
110895,Yes
110896,No
110897,Yes
110898,Yes
110899,No
110900,Yes
110901,Yes
110902,No
110903,Yes
110904,No
110905,No
110906,Yes
110907,Yes
110908,No
110909,No
110910,No
110911,Yes
110912,No
110913,Yes
110914,No
110915,Yes
110916,Yes
110917,No
110918,Yes
110919,Yes
110920,No
110921,Yes
110922,Yes
110923,Yes
110924,Yes
110925,No
110926,No
110927,No
110928,Yes
110929,Yes
110930,Yes
110931,Yes
110932,No
110933,Yes
110934,Yes
110935,Yes
110936,Yes
110937,Yes
110938,Yes
110939,No
110940,Yes
110941,Yes
110942,No
110943,Yes
110944,No
110945,No
110946,Yes
110947,Yes
110948,Yes
110949,Yes
110950,No
110951,Yes
110952,No
110953,No
110954,Yes
110955,No
110956,No
110957,No
110958,Yes
110959,Yes
110960,No
110961,No
110962,No
110963,Yes
110964,No
110965,Yes
110966,Yes
110967,Yes
110968,Yes
110969,Yes
110970,Yes
110971,No
110972,Yes
110973,No
110974,No
110975,No
110976,No
110977,Yes
110978,Yes
110979,No
110980,Yes
110981,Yes
110982,Yes
110983,Yes
110984,Yes
110985,No
110986,Yes
110987,No
110988,Yes
110989,No
110990,Yes
110991,Yes
110992,Yes
110993,No
110994,Yes
110995,Yes
110996,Yes
110997,Yes
110998,No
110999,Yes
111000,Yes
111001,Yes
111002,No
111003,Yes
111004,No
111005,Yes
111006,No
111007,Yes
111008,Yes
111009,Yes
111010,Yes
111011,Yes
111012,Yes
111013,No
111014,No
111015,No
111016,Yes
111017,Yes
111018,No
111019,Yes
111020,No
111021,Yes
111022,Yes
111023,No
111024,Yes
111025,Yes
111026,Yes
111027,Yes
111028,No
111029,No
111030,Yes
111031,No
111032,No
111033,Yes
111034,Yes
111035,No
111036,Yes
111037,Yes
111038,Yes
111039,Yes
111040,Yes
111041,No
111042,No
111043,No
111044,Yes
111045,Yes
111046,Yes
111047,Yes
111048,Yes
111049,No
111050,No
111051,No
111052,Yes
111053,Yes
111054,No
111055,No
111056,Yes
111057,Yes
111058,No
111059,No
111060,No
111061,No
111062,No
111063,Yes
111064,No
111065,Yes
111066,Yes
111067,Yes
111068,Yes
111069,No
111070,No
111071,Yes
111072,Yes
111073,No
111074,Yes
111075,No
111076,Yes
111077,Yes
111078,Yes
111079,Yes
111080,No
111081,No
111082,Yes
111083,Yes
111084,Yes
111085,No
111086,No
111087,No
111088,Yes
111089,Yes
111090,Yes
111091,No
111092,Yes
111093,No
111094,No
111095,Yes
111096,No
111097,Yes
111098,Yes
111099,No
111100,Yes
111101,Yes
111102,Yes
111103,Yes
111104,Yes
111105,Yes
111106,Yes
111107,No
111108,No
111109,Yes
111110,No
111111,No
111112,No
111113,Yes
111114,No
111115,Yes
111116,No
111117,No
111118,Yes
111119,Yes
111120,No
111121,No
111122,No
111123,Yes
111124,No
111125,No
111126,No
111127,No
111128,No
111129,Yes
111130,Yes
111131,Yes
111132,Yes
111133,Yes
111134,No
111135,Yes
111136,Yes
111137,Yes
111138,Yes
111139,Yes
111140,Yes
111141,Yes
111142,Yes
111143,No
111144,Yes
111145,Yes
111146,No
111147,No
111148,No
111149,Yes
111150,Yes
111151,Yes
111152,No
111153,Yes
111154,No
111155,Yes
111156,No
111157,Yes
111158,No
111159,Yes
111160,No
111161,Yes
111162,Yes
111163,No
111164,No
111165,Yes
111166,Yes
111167,Yes
111168,No
111169,No
111170,Yes
111171,Yes
111172,Yes
111173,Yes
111174,No
111175,No
111176,Yes
111177,No
111178,Yes
111179,No
111180,No
111181,No
111182,Yes
111183,Yes
111184,No
111185,Yes
111186,Yes
111187,No
111188,No
111189,Yes
111190,Yes
111191,No
111192,Yes
111193,No
111194,Yes
111195,No
111196,Yes
111197,Yes
111198,No
111199,No
111200,Yes
111201,No
111202,Yes
111203,No
111204,Yes
111205,No
111206,No
111207,No
111208,No
111209,Yes
111210,No
111211,Yes
111212,No
111213,Yes
111214,No
111215,No
111216,No
111217,No
111218,No
111219,No
111220,No
111221,Yes
111222,Yes
111223,No
111224,No
111225,Yes
111226,No
111227,Yes
111228,Yes
111229,Yes
111230,No
111231,Yes
111232,No
111233,Yes
111234,Yes
111235,Yes
111236,Yes
111237,No
111238,Yes
111239,Yes
111240,No
111241,Yes
111242,Yes
111243,No
111244,Yes
111245,Yes
111246,Yes
111247,Yes
111248,Yes
111249,No
111250,No
111251,Yes
111252,No
111253,Yes
111254,No
111255,No
111256,No
111257,Yes
111258,Yes
111259,Yes
111260,Yes
111261,Yes
111262,No
111263,No
111264,Yes
111265,No
111266,No
111267,No
111268,Yes
111269,Yes
111270,Yes
111271,No
111272,Yes
111273,No
111274,Yes
111275,No
111276,Yes
111277,Yes
111278,Yes
111279,No
111280,Yes
111281,Yes
111282,No
111283,Yes
111284,No
111285,Yes
111286,Yes
111287,No
111288,No
111289,Yes
111290,No
111291,No
111292,Yes
111293,No
111294,No
111295,No
111296,Yes
111297,Yes
111298,Yes
111299,No
111300,Yes
111301,Yes
111302,Yes
111303,No
111304,Yes
111305,No
111306,No
111307,No
111308,No
111309,Yes
111310,Yes
111311,Yes
111312,Yes
111313,Yes
111314,Yes
111315,Yes
111316,No
111317,Yes
111318,No
111319,Yes
111320,No
111321,Yes
111322,Yes
111323,Yes
111324,Yes
111325,Yes
111326,No
111327,Yes
111328,Yes
111329,Yes
111330,Yes
111331,No
111332,Yes
111333,Yes
111334,Yes
111335,Yes
111336,No
111337,Yes
111338,Yes
111339,Yes
111340,Yes
111341,Yes
111342,Yes
111343,Yes
111344,No
111345,Yes
111346,No
111347,No
111348,Yes
111349,No
111350,Yes
111351,Yes
111352,No
111353,No
111354,Yes
111355,Yes
111356,Yes
111357,No
111358,Yes
111359,No
111360,Yes
111361,Yes
111362,Yes
111363,No
111364,Yes
111365,Yes
111366,Yes
111367,Yes
111368,Yes
111369,Yes
111370,Yes
111371,No
111372,Yes
111373,Yes
111374,Yes
111375,No
111376,No
111377,Yes
111378,Yes
111379,Yes
111380,Yes
111381,No
111382,Yes
111383,No
111384,Yes
111385,Yes
111386,Yes
111387,Yes
111388,Yes
111389,No
111390,No
111391,Yes
111392,No
111393,No
111394,Yes
111395,Yes
111396,Yes
111397,Yes
111398,Yes
111399,Yes
111400,Yes
111401,Yes
111402,Yes
111403,No
111404,Yes
111405,Yes
111406,Yes
111407,No
111408,Yes
111409,No
111410,Yes
111411,No
111412,Yes
111413,Yes
111414,Yes
111415,No
111416,Yes
111417,No
111418,No
111419,No
111420,Yes
111421,No
111422,Yes
111423,Yes
111424,No
111425,No
111426,No
111427,Yes
111428,No
111429,Yes
111430,Yes
111431,No
111432,No
111433,Yes
111434,Yes
111435,No
111436,Yes
111437,Yes
111438,No
111439,Yes
111440,No
111441,Yes
111442,No
111443,No
111444,No
111445,No
111446,No
111447,No
111448,Yes
111449,No
111450,Yes
111451,Yes
111452,Yes
111453,Yes
111454,Yes
111455,No
111456,Yes
111457,No
111458,Yes
111459,Yes
111460,No
111461,Yes
111462,Yes
111463,Yes
111464,Yes
111465,Yes
111466,No
111467,Yes
111468,No
111469,Yes
111470,No
111471,Yes
111472,Yes
111473,No
111474,No
111475,Yes
111476,Yes
111477,Yes
111478,No
111479,Yes
111480,No
111481,No
111482,Yes
111483,Yes
111484,Yes
111485,No
111486,Yes
111487,No
111488,No
111489,Yes
111490,Yes
111491,Yes
111492,No
111493,No
111494,Yes
111495,Yes
111496,No
111497,Yes
111498,No
111499,No
111500,Yes
111501,Yes
111502,No
111503,Yes
111504,No
111505,Yes
111506,No
111507,No
111508,No
111509,Yes
111510,Yes
111511,Yes
111512,Yes
111513,Yes
111514,No
111515,No
111516,Yes
111517,No
111518,Yes
111519,No
111520,Yes
111521,No
111522,Yes
111523,No
111524,Yes
111525,Yes
111526,No
111527,No
111528,No
111529,Yes
111530,Yes
111531,No
111532,No
111533,Yes
111534,No
111535,No
111536,No
111537,Yes
111538,Yes
111539,Yes
111540,No
111541,No
111542,Yes
111543,No
111544,No
111545,Yes
111546,No
111547,Yes
111548,Yes
111549,No
111550,Yes
111551,Yes
111552,Yes
111553,Yes
111554,No
111555,No
111556,No
111557,Yes
111558,No
111559,No
111560,No
111561,Yes
111562,No
111563,Yes
111564,Yes
111565,Yes
111566,Yes
111567,Yes
111568,No
111569,Yes
111570,Yes
111571,Yes
111572,No
111573,Yes
111574,No
111575,Yes
111576,Yes
111577,Yes
111578,Yes
111579,Yes
111580,Yes
111581,No
111582,Yes
111583,Yes
111584,Yes
111585,No
111586,No
111587,Yes
111588,No
111589,No
111590,Yes
111591,No
111592,Yes
111593,Yes
111594,No
111595,No
111596,Yes
111597,Yes
111598,No
111599,Yes
111600,Yes
111601,Yes
111602,Yes
111603,Yes
111604,No
111605,No
111606,Yes
111607,Yes
111608,Yes
111609,No
111610,Yes
111611,No
111612,No
111613,No
111614,Yes
111615,Yes
111616,Yes
111617,Yes
111618,No
111619,Yes
111620,No
111621,No
111622,Yes
111623,Yes
111624,Yes
111625,No
111626,No
111627,Yes
111628,No
111629,Yes
111630,No
111631,No
111632,Yes
111633,No
111634,Yes
111635,Yes
111636,No
111637,No
111638,Yes
111639,Yes
111640,Yes
111641,Yes
111642,No
111643,Yes
111644,Yes
111645,No
111646,No
111647,Yes
111648,No
111649,Yes
111650,Yes
111651,Yes
111652,No
111653,Yes
111654,Yes
111655,Yes
111656,Yes
111657,No
111658,Yes
111659,No
111660,No
111661,Yes
111662,Yes
111663,Yes
111664,Yes
111665,Yes
111666,No
111667,No
111668,Yes
111669,Yes
111670,Yes
111671,Yes
111672,No
111673,Yes
111674,Yes
111675,Yes
111676,No
111677,Yes
111678,No
111679,Yes
111680,No
111681,Yes
111682,Yes
111683,Yes
111684,Yes
111685,Yes
111686,No
111687,Yes
111688,Yes
111689,No
111690,Yes
111691,No
111692,Yes
111693,Yes
111694,Yes
111695,Yes
111696,No
111697,No
111698,Yes
111699,No
111700,No
111701,Yes
111702,Yes
111703,No
111704,Yes
111705,No
111706,Yes
111707,No
111708,Yes
111709,No
111710,Yes
111711,Yes
111712,No
111713,Yes
111714,Yes
111715,Yes
111716,Yes
111717,Yes
111718,No
111719,Yes
111720,Yes
111721,Yes
111722,Yes
111723,Yes
111724,No
111725,Yes
111726,Yes
111727,Yes
111728,Yes
111729,No
111730,Yes
111731,Yes
111732,Yes
111733,No
111734,No
111735,Yes
111736,Yes
111737,No
111738,No
111739,Yes
111740,Yes
111741,Yes
111742,Yes
111743,Yes
111744,No
111745,No
111746,Yes
111747,No
111748,No
111749,Yes
111750,No
111751,No
111752,No
111753,Yes
111754,Yes
111755,No
111756,Yes
111757,Yes
111758,Yes
111759,Yes
111760,No
111761,Yes
111762,No
111763,No
111764,Yes
111765,Yes
111766,Yes
111767,No
111768,Yes
111769,No
111770,Yes
111771,No
111772,No
111773,Yes
111774,No
111775,Yes
111776,No
111777,Yes
111778,No
111779,No
111780,No
111781,Yes
111782,Yes
111783,No
111784,Yes
111785,Yes
111786,Yes
111787,No
111788,Yes
111789,Yes
111790,Yes
111791,Yes
111792,Yes
111793,No
111794,No
111795,Yes
111796,No
111797,No
111798,Yes
111799,No
111800,No
111801,Yes
111802,No
111803,No
111804,No
111805,Yes
111806,No
111807,Yes
111808,Yes
111809,Yes
111810,Yes
111811,No
111812,No
111813,No
111814,Yes
111815,Yes
111816,Yes
111817,Yes
111818,Yes
111819,No
111820,No
111821,No
111822,Yes
111823,Yes
111824,No
111825,Yes
111826,Yes
111827,No
111828,No
111829,Yes
111830,No
111831,No
111832,No
111833,No
111834,No
111835,Yes
111836,Yes
111837,No
111838,No
111839,No
111840,Yes
111841,No
111842,Yes
111843,No
111844,Yes
111845,Yes
111846,No
111847,No
111848,Yes
111849,No
111850,No
111851,Yes
111852,Yes
111853,Yes
111854,Yes
111855,No
111856,Yes
111857,Yes
111858,Yes
111859,No
111860,No
111861,Yes
111862,No
111863,No
111864,No
111865,No
111866,No
111867,Yes
111868,Yes
111869,No
111870,Yes
111871,No
111872,No
111873,Yes
111874,No
111875,No
111876,No
111877,Yes
111878,No
111879,No
111880,No
111881,Yes
111882,No
111883,Yes
111884,Yes
111885,Yes
111886,Yes
111887,No
111888,Yes
111889,No
111890,Yes
111891,No
111892,No
111893,Yes
111894,Yes
111895,No
111896,Yes
111897,No
111898,Yes
111899,Yes
111900,Yes
111901,No
111902,Yes
111903,Yes
111904,Yes
111905,Yes
111906,Yes
111907,Yes
111908,Yes
111909,Yes
111910,No
111911,No
111912,No
111913,No
111914,Yes
111915,No
111916,Yes
111917,Yes
111918,No
111919,No
111920,No
111921,Yes
111922,Yes
111923,Yes
111924,Yes
111925,No
111926,Yes
111927,No
111928,Yes
111929,No
111930,No
111931,Yes
111932,No
111933,Yes
111934,Yes
111935,No
111936,Yes
111937,No
111938,Yes
111939,Yes
111940,No
111941,No
111942,Yes
111943,No
111944,Yes
111945,No
111946,Yes
111947,No
111948,No
111949,Yes
111950,Yes
111951,No
111952,Yes
111953,No
111954,No
111955,No
111956,Yes
111957,No
111958,Yes
111959,Yes
111960,No
111961,Yes
111962,Yes
111963,Yes
111964,No
111965,No
111966,Yes
111967,Yes
111968,Yes
111969,No
111970,No
111971,No
111972,Yes
111973,No
111974,No
111975,Yes
111976,No
111977,No
111978,No
111979,No
111980,No
111981,No
111982,Yes
111983,Yes
111984,Yes
111985,Yes
111986,No
111987,No
111988,Yes
111989,No
111990,Yes
111991,No
111992,No
111993,Yes
111994,Yes
111995,Yes
111996,Yes
111997,Yes
111998,Yes
111999,No
112000,Yes
112001,Yes
112002,Yes
112003,Yes
112004,Yes
112005,Yes
112006,No
112007,Yes
112008,No
112009,Yes
112010,Yes
112011,No
112012,No
112013,Yes
112014,Yes
112015,Yes
112016,No
112017,No
112018,Yes
112019,Yes
112020,No
112021,Yes
112022,No
112023,No
112024,Yes
112025,No
112026,No
112027,No
112028,Yes
112029,Yes
112030,No
112031,Yes
112032,No
112033,Yes
112034,Yes
112035,Yes
112036,Yes
112037,No
112038,Yes
112039,No
112040,Yes
112041,No
112042,No
112043,Yes
112044,Yes
112045,Yes
112046,No
112047,Yes
112048,Yes
112049,Yes
112050,Yes
112051,Yes
112052,No
112053,No
112054,Yes
112055,Yes
112056,Yes
112057,Yes
112058,Yes
112059,Yes
112060,No
112061,Yes
112062,No
112063,No
112064,Yes
112065,Yes
112066,Yes
112067,No
112068,No
112069,Yes
112070,Yes
112071,Yes
112072,Yes
112073,Yes
112074,Yes
112075,No
112076,Yes
112077,Yes
112078,No
112079,No
112080,Yes
112081,No
112082,No
112083,No
112084,No
112085,Yes
112086,No
112087,No
112088,No
112089,No
112090,Yes
112091,No
112092,Yes
112093,No
112094,Yes
112095,No
112096,Yes
112097,Yes
112098,Yes
112099,Yes
112100,Yes
112101,No
112102,Yes
112103,Yes
112104,No
112105,No
112106,No
112107,Yes
112108,Yes
112109,No
112110,Yes
112111,Yes
112112,Yes
112113,Yes
112114,No
112115,Yes
112116,No
112117,Yes
112118,No
112119,Yes
112120,Yes
112121,Yes
112122,No
112123,Yes
112124,Yes
112125,No
112126,No
112127,Yes
112128,Yes
112129,No
112130,No
112131,Yes
112132,Yes
112133,Yes
112134,Yes
112135,No
112136,Yes
112137,Yes
112138,No
112139,Yes
112140,No
112141,Yes
112142,No
112143,Yes
112144,No
112145,Yes
112146,No
112147,Yes
112148,Yes
112149,Yes
112150,Yes
112151,Yes
112152,No
112153,Yes
112154,Yes
112155,No
112156,No
112157,No
112158,No
112159,Yes
112160,No
112161,No
112162,Yes
112163,No
112164,Yes
112165,No
112166,No
112167,No
112168,No
112169,Yes
112170,Yes
112171,Yes
112172,Yes
112173,No
112174,Yes
112175,Yes
112176,No
112177,No
112178,No
112179,Yes
112180,No
112181,No
112182,Yes
112183,Yes
112184,No
112185,Yes
112186,Yes
112187,Yes
112188,Yes
112189,No
112190,Yes
112191,No
112192,Yes
112193,No
112194,No
112195,Yes
112196,Yes
112197,No
112198,Yes
112199,Yes
112200,Yes
112201,Yes
112202,Yes
112203,Yes
112204,No
112205,Yes
112206,Yes
112207,No
112208,Yes
112209,No
112210,Yes
112211,Yes
112212,Yes
112213,Yes
112214,Yes
112215,Yes
112216,Yes
112217,No
112218,Yes
112219,No
112220,No
112221,No
112222,Yes
112223,No
112224,Yes
112225,No
112226,Yes
112227,Yes
112228,No
112229,Yes
112230,No
112231,Yes
112232,Yes
112233,No
112234,Yes
112235,Yes
112236,Yes
112237,Yes
112238,Yes
112239,Yes
112240,Yes
112241,Yes
112242,Yes
112243,Yes
112244,Yes
112245,Yes
112246,Yes
112247,No
112248,Yes
112249,No
112250,Yes
112251,No
112252,Yes
112253,No
112254,No
112255,Yes
112256,Yes
112257,Yes
112258,Yes
112259,No
112260,Yes
112261,Yes
112262,No
112263,No
112264,No
112265,Yes
112266,Yes
112267,Yes
112268,No
112269,Yes
112270,No
112271,No
112272,Yes
112273,Yes
112274,No
112275,No
112276,Yes
112277,Yes
112278,Yes
112279,No
112280,Yes
112281,No
112282,Yes
112283,Yes
112284,Yes
112285,Yes
112286,No
112287,No
112288,No
112289,Yes
112290,Yes
112291,Yes
112292,Yes
112293,No
112294,Yes
112295,No
112296,Yes
112297,No
112298,Yes
112299,Yes
112300,Yes
112301,No
112302,Yes
112303,Yes
112304,No
112305,No
112306,Yes
112307,No
112308,Yes
112309,Yes
112310,Yes
112311,Yes
112312,No
112313,No
112314,No
112315,No
112316,Yes
112317,Yes
112318,Yes
112319,No
112320,No
112321,No
112322,No
112323,Yes
112324,No
112325,Yes
112326,Yes
112327,No
112328,No
112329,Yes
112330,Yes
112331,Yes
112332,No
112333,Yes
112334,No
112335,Yes
112336,No
112337,No
112338,No
112339,Yes
112340,Yes
112341,Yes
112342,Yes
112343,No
112344,No
112345,Yes
112346,Yes
112347,Yes
112348,No
112349,Yes
112350,Yes
112351,Yes
112352,No
112353,Yes
112354,Yes
112355,Yes
112356,Yes
112357,Yes
112358,Yes
112359,No
112360,No
112361,Yes
112362,Yes
112363,No
112364,Yes
112365,Yes
112366,No
112367,No
112368,No
112369,No
112370,Yes
112371,No
112372,No
112373,No
112374,Yes
112375,No
112376,No
112377,Yes
112378,Yes
112379,No
112380,Yes
112381,No
112382,Yes
112383,Yes
112384,Yes
112385,No
112386,No
112387,Yes
112388,Yes
112389,No
112390,Yes
112391,Yes
112392,No
112393,No
112394,Yes
112395,Yes
112396,Yes
112397,No
112398,Yes
112399,Yes
112400,Yes
112401,No
112402,Yes
112403,Yes
112404,No
112405,No
112406,Yes
112407,Yes
112408,Yes
112409,Yes
112410,Yes
112411,Yes
112412,No
112413,Yes
112414,Yes
112415,No
112416,Yes
112417,No
112418,Yes
112419,Yes
112420,No
112421,Yes
112422,No
112423,No
112424,No
112425,Yes
112426,No
112427,Yes
112428,No
112429,Yes
112430,Yes
112431,Yes
112432,No
112433,Yes
112434,Yes
112435,No
112436,No
112437,Yes
112438,Yes
112439,Yes
112440,Yes
112441,Yes
112442,No
112443,Yes
112444,No
112445,No
112446,No
112447,Yes
112448,No
112449,Yes
112450,No
112451,No
112452,Yes
112453,Yes
112454,No
112455,No
112456,Yes
112457,Yes
112458,No
112459,No
112460,Yes
112461,No
112462,No
112463,Yes
112464,Yes
112465,Yes
112466,Yes
112467,No
112468,Yes
112469,No
112470,No
112471,Yes
112472,No
112473,Yes
112474,Yes
112475,Yes
112476,Yes
112477,Yes
112478,Yes
112479,Yes
112480,Yes
112481,No
112482,Yes
112483,Yes
112484,Yes
112485,No
112486,No
112487,Yes
112488,Yes
112489,No
112490,Yes
112491,Yes
112492,No
112493,Yes
112494,No
112495,Yes
112496,Yes
112497,Yes
112498,Yes
112499,Yes
112500,Yes
112501,No
112502,Yes
112503,Yes
112504,No
112505,Yes
112506,Yes
112507,Yes
112508,No
112509,Yes
112510,No
112511,Yes
112512,No
112513,Yes
112514,Yes
112515,No
112516,No
112517,Yes
112518,Yes
112519,Yes
112520,Yes
112521,Yes
112522,Yes
112523,No
112524,Yes
112525,No
112526,Yes
112527,Yes
112528,Yes
112529,Yes
112530,No
112531,No
112532,Yes
112533,Yes
112534,Yes
112535,Yes
112536,Yes
112537,Yes
112538,No
112539,Yes
112540,Yes
112541,Yes
112542,Yes
112543,Yes
112544,Yes
112545,No
112546,Yes
112547,Yes
112548,Yes
112549,No
112550,Yes
112551,Yes
112552,No
112553,Yes
112554,Yes
112555,Yes
112556,No
112557,Yes
112558,No
112559,No
112560,Yes
112561,Yes
112562,No
112563,Yes
112564,No
112565,No
112566,No
112567,No
112568,Yes
112569,Yes
112570,Yes
112571,Yes
112572,Yes
112573,No
112574,Yes
112575,No
112576,No
112577,Yes
112578,Yes
112579,No
112580,No
112581,Yes
112582,Yes
112583,No
112584,No
112585,Yes
112586,Yes
112587,No
112588,Yes
112589,Yes
112590,No
112591,No
112592,Yes
112593,Yes
112594,Yes
112595,Yes
112596,Yes
112597,Yes
112598,No
112599,Yes
112600,Yes
112601,No
112602,Yes
112603,Yes
112604,Yes
112605,No
112606,No
112607,No
112608,No
112609,Yes
112610,No
112611,No
112612,Yes
112613,Yes
112614,No
112615,No
112616,Yes
112617,Yes
112618,No
112619,Yes
112620,No
112621,No
112622,Yes
112623,Yes
112624,Yes
112625,Yes
112626,Yes
112627,No
112628,No
112629,Yes
112630,No
112631,Yes
112632,Yes
112633,Yes
112634,Yes
112635,No
112636,Yes
112637,Yes
112638,Yes
112639,No
112640,Yes
112641,Yes
112642,No
112643,No
112644,Yes
112645,Yes
112646,Yes
112647,No
112648,Yes
112649,Yes
112650,No
112651,Yes
112652,Yes
112653,No
112654,Yes
112655,Yes
112656,Yes
112657,Yes
112658,No
112659,No
112660,No
112661,No
112662,No
112663,Yes
112664,No
112665,Yes
112666,Yes
112667,Yes
112668,Yes
112669,Yes
112670,Yes
112671,Yes
112672,Yes
112673,No
112674,No
112675,No
112676,Yes
112677,Yes
112678,No
112679,Yes
112680,No
112681,No
112682,Yes
112683,Yes
112684,Yes
112685,No
112686,Yes
112687,No
112688,Yes
112689,No
112690,No
112691,No
112692,Yes
112693,No
112694,No
112695,No
112696,Yes
112697,Yes
112698,No
112699,No
112700,No
112701,No
112702,Yes
112703,Yes
112704,Yes
112705,Yes
112706,No
112707,Yes
112708,Yes
112709,Yes
112710,No
112711,Yes
112712,Yes
112713,Yes
112714,No
112715,No
112716,No
112717,Yes
112718,Yes
112719,Yes
112720,No
112721,Yes
112722,No
112723,Yes
112724,Yes
112725,No
112726,Yes
112727,No
112728,No
112729,Yes
112730,No
112731,No
112732,No
112733,No
112734,No
112735,Yes
112736,No
112737,No
112738,Yes
112739,No
112740,No
112741,Yes
112742,Yes
112743,No
112744,No
112745,Yes
112746,Yes
112747,Yes
112748,No
112749,No
112750,Yes
112751,Yes
112752,No
112753,No
112754,Yes
112755,Yes
112756,Yes
112757,Yes
112758,Yes
112759,Yes
112760,No
112761,Yes
112762,Yes
112763,No
112764,No
112765,Yes
112766,Yes
112767,No
112768,Yes
112769,Yes
112770,Yes
112771,Yes
112772,Yes
112773,Yes
112774,Yes
112775,Yes
112776,Yes
112777,Yes
112778,Yes
112779,No
112780,No
112781,Yes
112782,Yes
112783,No
112784,No
112785,Yes
112786,Yes
112787,Yes
112788,Yes
112789,Yes
112790,No
112791,Yes
112792,Yes
112793,No
112794,Yes
112795,Yes
112796,No
112797,No
112798,Yes
112799,Yes
112800,No
112801,No
112802,Yes
112803,No
112804,No
112805,Yes
112806,Yes
112807,Yes
112808,No
112809,Yes
112810,Yes
112811,No
112812,No
112813,Yes
112814,Yes
112815,No
112816,Yes
112817,Yes
112818,No
112819,No
112820,No
112821,No
112822,No
112823,Yes
112824,Yes
112825,Yes
112826,No
112827,Yes
112828,Yes
112829,No
112830,Yes
112831,Yes
112832,Yes
112833,Yes
112834,Yes
112835,No
112836,Yes
112837,Yes
112838,Yes
112839,Yes
112840,No
112841,No
112842,No
112843,No
112844,No
112845,No
112846,Yes
112847,Yes
112848,Yes
112849,No
112850,Yes
112851,Yes
112852,No
112853,Yes
112854,Yes
112855,No
112856,Yes
112857,No
112858,Yes
112859,Yes
112860,No
112861,No
112862,No
112863,Yes
112864,No
112865,No
112866,Yes
112867,No
112868,Yes
112869,Yes
112870,Yes
112871,Yes
112872,No
112873,Yes
112874,No
112875,Yes
112876,No
112877,Yes
112878,Yes
112879,Yes
112880,Yes
112881,No
112882,Yes
112883,No
112884,No
112885,Yes
112886,Yes
112887,Yes
112888,Yes
112889,No
112890,Yes
112891,No
112892,Yes
112893,Yes
112894,Yes
112895,No
112896,Yes
112897,No
112898,No
112899,Yes
112900,Yes
112901,Yes
112902,Yes
112903,Yes
112904,Yes
112905,Yes
112906,No
112907,No
112908,No
112909,No
112910,Yes
112911,No
112912,Yes
112913,Yes
112914,Yes
112915,Yes
112916,Yes
112917,Yes
112918,No
112919,Yes
112920,No
112921,Yes
112922,Yes
112923,Yes
112924,Yes
112925,Yes
112926,Yes
112927,No
112928,No
112929,No
112930,No
112931,No
112932,Yes
112933,No
112934,Yes
112935,Yes
112936,No
112937,No
112938,No
112939,No
112940,No
112941,Yes
112942,No
112943,No
112944,Yes
112945,Yes
112946,No
112947,No
112948,Yes
112949,Yes
112950,No
112951,Yes
112952,No
112953,No
112954,No
112955,No
112956,Yes
112957,No
112958,No
112959,Yes
112960,Yes
112961,No
112962,No
112963,Yes
112964,No
112965,No
112966,No
112967,No
112968,No
112969,Yes
112970,Yes
112971,Yes
112972,No
112973,No
112974,No
112975,No
112976,Yes
112977,Yes
112978,Yes
112979,No
112980,No
112981,Yes
112982,Yes
112983,Yes
112984,No
112985,No
112986,No
112987,Yes
112988,No
112989,Yes
112990,Yes
112991,No
112992,No
112993,No
112994,Yes
112995,Yes
112996,Yes
112997,No
112998,Yes
112999,Yes
113000,No
113001,No
113002,Yes
113003,No
113004,Yes
113005,Yes
113006,Yes
113007,Yes
113008,Yes
113009,No
113010,No
113011,Yes
113012,Yes
113013,Yes
113014,Yes
113015,Yes
113016,Yes
113017,Yes
113018,Yes
113019,Yes
113020,Yes
113021,No
113022,No
113023,No
113024,Yes
113025,No
113026,No
113027,Yes
113028,Yes
113029,No
113030,Yes
113031,Yes
113032,No
113033,Yes
113034,No
113035,Yes
113036,Yes
113037,No
113038,No
113039,Yes
113040,No
113041,Yes
113042,No
113043,No
113044,Yes
113045,Yes
113046,No
113047,Yes
113048,Yes
113049,No
113050,Yes
113051,Yes
113052,Yes
113053,Yes
113054,Yes
113055,Yes
113056,Yes
113057,Yes
113058,No
113059,Yes
113060,No
113061,Yes
113062,No
113063,No
113064,No
113065,Yes
113066,Yes
113067,Yes
113068,Yes
113069,No
113070,Yes
113071,No
113072,Yes
113073,No
113074,Yes
113075,No
113076,Yes
113077,Yes
113078,No
113079,Yes
113080,No
113081,No
113082,Yes
113083,No
113084,No
113085,No
113086,No
113087,Yes
113088,Yes
113089,Yes
113090,Yes
113091,No
113092,No
113093,Yes
113094,No
113095,Yes
113096,Yes
113097,Yes
113098,Yes
113099,Yes
113100,Yes
113101,Yes
113102,Yes
113103,No
113104,No
113105,Yes
113106,No
113107,No
113108,Yes
113109,No
113110,Yes
113111,No
113112,Yes
113113,No
113114,Yes
113115,Yes
113116,Yes
113117,Yes
113118,Yes
113119,No
113120,No
113121,No
113122,No
113123,Yes
113124,No
113125,No
113126,Yes
113127,Yes
113128,Yes
113129,Yes
113130,Yes
113131,No
113132,No
113133,No
113134,Yes
113135,Yes
113136,No
113137,Yes
113138,Yes
113139,No
113140,No
113141,Yes
113142,No
113143,Yes
113144,Yes
113145,Yes
113146,No
113147,Yes
113148,Yes
113149,Yes
113150,No
113151,No
113152,Yes
113153,Yes
113154,Yes
113155,Yes
113156,Yes
113157,No
113158,Yes
113159,Yes
113160,No
113161,No
113162,Yes
113163,No
113164,No
113165,No
113166,Yes
113167,No
113168,Yes
113169,No
113170,No
113171,No
113172,Yes
113173,No
113174,Yes
113175,Yes
113176,Yes
113177,Yes
113178,Yes
113179,Yes
113180,No
113181,No
113182,No
113183,Yes
113184,Yes
113185,No
113186,Yes
113187,Yes
113188,Yes
113189,No
113190,No
113191,No
113192,Yes
113193,Yes
113194,No
113195,Yes
113196,Yes
113197,No
113198,No
113199,Yes
113200,Yes
113201,Yes
113202,Yes
113203,Yes
113204,No
113205,Yes
113206,No
113207,Yes
113208,Yes
113209,Yes
113210,Yes
113211,No
113212,Yes
113213,Yes
113214,Yes
113215,Yes
113216,Yes
113217,Yes
113218,No
113219,Yes
113220,No
113221,Yes
113222,Yes
113223,No
113224,No
113225,No
113226,No
113227,Yes
113228,Yes
113229,Yes
113230,Yes
113231,No
113232,Yes
113233,Yes
113234,Yes
113235,Yes
113236,No
113237,Yes
113238,Yes
113239,Yes
113240,Yes
113241,No
113242,No
113243,Yes
113244,No
113245,No
113246,Yes
113247,No
113248,No
113249,No
113250,No
113251,Yes
113252,Yes
113253,Yes
113254,Yes
113255,No
113256,Yes
113257,No
113258,No
113259,Yes
113260,Yes
113261,Yes
113262,Yes
113263,Yes
113264,Yes
113265,No
113266,No
113267,No
113268,No
113269,No
113270,Yes
113271,Yes
113272,Yes
113273,No
113274,Yes
113275,Yes
113276,No
113277,No
113278,Yes
113279,Yes
113280,No
113281,Yes
113282,Yes
113283,No
113284,No
113285,Yes
113286,Yes
113287,Yes
113288,No
113289,Yes
113290,No
113291,No
113292,Yes
113293,No
113294,No
113295,No
113296,Yes
113297,No
113298,No
113299,Yes
113300,Yes
113301,No
113302,Yes
113303,Yes
113304,No
113305,No
113306,No
113307,No
113308,Yes
113309,Yes
113310,Yes
113311,Yes
113312,Yes
113313,Yes
113314,Yes
113315,Yes
113316,Yes
113317,No
113318,Yes
113319,Yes
113320,Yes
113321,Yes
113322,No
113323,No
113324,Yes
113325,No
113326,No
113327,No
113328,No
113329,No
113330,Yes
113331,No
113332,No
113333,Yes
113334,No
113335,No
113336,No
113337,Yes
113338,No
113339,No
113340,No
113341,Yes
113342,No
113343,Yes
113344,Yes
113345,Yes
113346,No
113347,Yes
113348,Yes
113349,No
113350,Yes
113351,Yes
113352,Yes
113353,Yes
113354,No
113355,No
113356,No
113357,Yes
113358,Yes
113359,Yes
113360,No
113361,Yes
113362,No
113363,No
113364,Yes
113365,Yes
113366,No
113367,Yes
113368,No
113369,No
113370,No
113371,Yes
113372,Yes
113373,No
113374,Yes
113375,Yes
113376,No
113377,No
113378,No
113379,Yes
113380,No
113381,No
113382,Yes
113383,No
113384,No
113385,No
113386,Yes
113387,Yes
113388,No
113389,Yes
113390,Yes
113391,Yes
113392,Yes
113393,No
113394,Yes
113395,No
113396,No
113397,Yes
113398,No
113399,Yes
113400,Yes
113401,Yes
113402,Yes
113403,Yes
113404,Yes
113405,No
113406,Yes
113407,No
113408,Yes
113409,Yes
113410,No
113411,No
113412,No
113413,Yes
113414,No
113415,Yes
113416,No
113417,No
113418,No
113419,Yes
113420,Yes
113421,No
113422,No
113423,Yes
113424,No
113425,No
113426,Yes
113427,Yes
113428,Yes
113429,Yes
113430,No
113431,No
113432,Yes
113433,Yes
113434,Yes
113435,No
113436,No
113437,No
113438,No
113439,Yes
113440,Yes
113441,Yes
113442,Yes
113443,Yes
113444,No
113445,No
113446,Yes
113447,Yes
113448,No
113449,No
113450,Yes
113451,No
113452,Yes
113453,Yes
113454,No
113455,No
113456,No
113457,No
113458,Yes
113459,Yes
113460,Yes
113461,No
113462,No
113463,No
113464,Yes
113465,Yes
113466,Yes
113467,Yes
113468,No
113469,No
113470,Yes
113471,Yes
113472,Yes
113473,No
113474,No
113475,No
113476,No
113477,No
113478,No
113479,Yes
113480,No
113481,Yes
113482,Yes
113483,Yes
113484,No
113485,No
113486,Yes
113487,Yes
113488,No
113489,Yes
113490,Yes
113491,Yes
113492,Yes
113493,No
113494,No
113495,Yes
113496,Yes
113497,No
113498,Yes
113499,Yes
113500,Yes
113501,No
113502,No
113503,Yes
113504,No
113505,No
113506,No
113507,No
113508,Yes
113509,Yes
113510,No
113511,No
113512,Yes
113513,Yes
113514,No
113515,Yes
113516,No
113517,No
113518,Yes
113519,Yes
113520,No
113521,Yes
113522,No
113523,No
113524,Yes
113525,No
113526,No
113527,Yes
113528,Yes
113529,Yes
113530,Yes
113531,Yes
113532,No
113533,No
113534,Yes
113535,No
113536,Yes
113537,Yes
113538,Yes
113539,No
113540,Yes
113541,Yes
113542,No
113543,Yes
113544,No
113545,Yes
113546,No
113547,Yes
113548,Yes
113549,Yes
113550,Yes
113551,No
113552,Yes
113553,Yes
113554,Yes
113555,Yes
113556,Yes
113557,Yes
113558,No
113559,Yes
113560,Yes
113561,Yes
113562,No
113563,No
113564,No
113565,Yes
113566,Yes
113567,No
113568,No
113569,Yes
113570,Yes
113571,Yes
113572,Yes
113573,No
113574,Yes
113575,No
113576,No
113577,Yes
113578,Yes
113579,No
113580,Yes
113581,No
113582,Yes
113583,No
113584,Yes
113585,Yes
113586,No
113587,No
113588,No
113589,Yes
113590,Yes
113591,Yes
113592,Yes
113593,No
113594,Yes
113595,Yes
113596,No
113597,No
113598,No
113599,Yes
113600,No
113601,Yes
113602,Yes
113603,Yes
113604,Yes
113605,Yes
113606,Yes
113607,No
113608,Yes
113609,Yes
113610,Yes
113611,No
113612,Yes
113613,Yes
113614,No
113615,No
113616,Yes
113617,No
113618,No
113619,No
113620,Yes
113621,No
113622,Yes
113623,Yes
113624,Yes
113625,Yes
113626,Yes
113627,Yes
113628,Yes
113629,No
113630,No
113631,Yes
113632,No
113633,No
113634,No
113635,No
113636,Yes
113637,No
113638,Yes
113639,No
113640,No
113641,Yes
113642,Yes
113643,Yes
113644,Yes
113645,No
113646,Yes
113647,No
113648,No
113649,Yes
113650,Yes
113651,Yes
113652,Yes
113653,No
113654,No
113655,No
113656,No
113657,No
113658,Yes
113659,No
113660,Yes
113661,No
113662,Yes
113663,Yes
113664,Yes
113665,No
113666,Yes
113667,Yes
113668,No
113669,Yes
113670,No
113671,No
113672,No
113673,Yes
113674,Yes
113675,Yes
113676,No
113677,No
113678,Yes
113679,Yes
113680,No
113681,Yes
113682,No
113683,No
113684,No
113685,Yes
113686,Yes
113687,Yes
113688,Yes
113689,Yes
113690,No
113691,No
113692,Yes
113693,No
113694,No
113695,No
113696,Yes
113697,No
113698,Yes
113699,Yes
113700,Yes
113701,Yes
113702,Yes
113703,No
113704,No
113705,No
113706,Yes
113707,No
113708,Yes
113709,Yes
113710,No
113711,No
113712,Yes
113713,Yes
113714,Yes
113715,Yes
113716,Yes
113717,No
113718,Yes
113719,Yes
113720,No
113721,No
113722,No
113723,No
113724,Yes
113725,No
113726,Yes
113727,No
113728,No
113729,No
113730,No
113731,No
113732,Yes
113733,Yes
113734,No
113735,Yes
113736,No
113737,Yes
113738,Yes
113739,No
113740,Yes
113741,Yes
113742,Yes
113743,Yes
113744,No
113745,No
113746,No
113747,Yes
113748,No
113749,Yes
113750,No
113751,Yes
113752,No
113753,Yes
113754,No
113755,Yes
113756,No
113757,Yes
113758,No
113759,No
113760,Yes
113761,Yes
113762,No
113763,Yes
113764,No
113765,Yes
113766,Yes
113767,Yes
113768,Yes
113769,No
113770,No
113771,Yes
113772,Yes
113773,No
113774,Yes
113775,No
113776,Yes
113777,Yes
113778,No
113779,No
113780,Yes
113781,No
113782,Yes
113783,Yes
113784,No
113785,No
113786,Yes
113787,Yes
113788,No
113789,Yes
113790,Yes
113791,Yes
113792,Yes
113793,No
113794,No
113795,No
113796,Yes
113797,No
113798,No
113799,Yes
113800,Yes
113801,No
113802,No
113803,Yes
113804,Yes
113805,Yes
113806,Yes
113807,No
113808,Yes
113809,Yes
113810,No
113811,Yes
113812,No
113813,No
113814,No
113815,Yes
113816,Yes
113817,No
113818,Yes
113819,No
113820,Yes
113821,No
113822,Yes
113823,Yes
113824,No
113825,No
113826,Yes
113827,Yes
113828,Yes
113829,No
113830,Yes
113831,Yes
113832,No
113833,No
113834,Yes
113835,Yes
113836,Yes
113837,Yes
113838,Yes
113839,Yes
113840,No
113841,Yes
113842,Yes
113843,Yes
113844,No
113845,Yes
113846,Yes
113847,No
113848,Yes
113849,Yes
113850,Yes
113851,No
113852,No
113853,Yes
113854,No
113855,Yes
113856,Yes
113857,Yes
113858,Yes
113859,Yes
113860,No
113861,No
113862,No
113863,Yes
113864,No
113865,No
113866,No
113867,No
113868,No
113869,No
113870,No
113871,Yes
113872,Yes
113873,Yes
113874,Yes
113875,Yes
113876,Yes
113877,Yes
113878,No
113879,No
113880,Yes
113881,No
113882,Yes
113883,No
113884,No
113885,No
113886,Yes
113887,Yes
113888,No
113889,No
113890,Yes
113891,Yes
113892,No
113893,Yes
113894,Yes
113895,Yes
113896,No
113897,No
113898,Yes
113899,No
113900,Yes
113901,Yes
113902,No
113903,No
113904,Yes
113905,Yes
113906,No
113907,Yes
113908,Yes
113909,Yes
113910,No
113911,No
113912,Yes
113913,No
113914,No
113915,Yes
113916,No
113917,Yes
113918,No
113919,No
113920,Yes
113921,No
113922,No
113923,No
113924,No
113925,No
113926,Yes
113927,Yes
113928,Yes
113929,No
113930,Yes
113931,No
113932,Yes
113933,No
113934,No
113935,No
113936,No
113937,Yes
113938,Yes
113939,Yes
113940,Yes
113941,Yes
113942,No
113943,Yes
113944,No
113945,Yes
113946,Yes
113947,Yes
113948,Yes
113949,Yes
113950,Yes
113951,No
113952,Yes
113953,Yes
113954,No
113955,No
113956,Yes
113957,Yes
113958,Yes
113959,No
113960,Yes
113961,Yes
113962,No
113963,Yes
113964,Yes
113965,Yes
113966,Yes
113967,No
113968,Yes
113969,No
113970,Yes
113971,No
113972,No
113973,Yes
113974,No
113975,No
113976,Yes
113977,Yes
113978,Yes
113979,Yes
113980,Yes
113981,No
113982,Yes
113983,No
113984,Yes
113985,Yes
113986,Yes
113987,No
113988,No
113989,Yes
113990,Yes
113991,No
113992,No
113993,No
113994,No
113995,No
113996,Yes
113997,Yes
113998,Yes
113999,Yes
114000,No
114001,Yes
114002,Yes
114003,Yes
114004,No
114005,Yes
114006,Yes
114007,Yes
114008,Yes
114009,No
114010,Yes
114011,No
114012,Yes
114013,No
114014,Yes
114015,Yes
114016,No
114017,No
114018,No
114019,No
114020,Yes
114021,Yes
114022,No
114023,Yes
114024,No
114025,Yes
114026,No
114027,Yes
114028,Yes
114029,No
114030,Yes
114031,No
114032,No
114033,Yes
114034,No
114035,Yes
114036,Yes
114037,No
114038,No
114039,Yes
114040,Yes
114041,Yes
114042,Yes
114043,Yes
114044,No
114045,Yes
114046,Yes
114047,Yes
114048,No
114049,Yes
114050,Yes
114051,No
114052,No
114053,No
114054,No
114055,Yes
114056,No
114057,Yes
114058,No
114059,No
114060,No
114061,No
114062,Yes
114063,Yes
114064,Yes
114065,No
114066,Yes
114067,Yes
114068,No
114069,No
114070,Yes
114071,Yes
114072,No
114073,Yes
114074,No
114075,Yes
114076,Yes
114077,No
114078,Yes
114079,Yes
114080,No
114081,No
114082,No
114083,Yes
114084,Yes
114085,Yes
114086,No
114087,No
114088,Yes
114089,Yes
114090,Yes
114091,Yes
114092,Yes
114093,Yes
114094,No
114095,Yes
114096,No
114097,Yes
114098,Yes
114099,No
114100,Yes
114101,No
114102,Yes
114103,Yes
114104,No
114105,No
114106,Yes
114107,Yes
114108,No
114109,Yes
114110,No
114111,No
114112,No
114113,Yes
114114,Yes
114115,Yes
114116,Yes
114117,No
114118,No
114119,Yes
114120,Yes
114121,No
114122,No
114123,No
114124,No
114125,No
114126,Yes
114127,Yes
114128,Yes
114129,No
114130,Yes
114131,No
114132,No
114133,No
114134,No
114135,Yes
114136,No
114137,Yes
114138,Yes
114139,Yes
114140,Yes
114141,No
114142,Yes
114143,Yes
114144,No
114145,Yes
114146,No
114147,Yes
114148,Yes
114149,No
114150,Yes
114151,No
114152,No
114153,No
114154,No
114155,Yes
114156,Yes
114157,Yes
114158,Yes
114159,Yes
114160,No
114161,Yes
114162,Yes
114163,No
114164,Yes
114165,No
114166,Yes
114167,Yes
114168,Yes
114169,Yes
114170,Yes
114171,Yes
114172,Yes
114173,No
114174,Yes
114175,No
114176,Yes
114177,Yes
114178,Yes
114179,Yes
114180,No
114181,No
114182,Yes
114183,Yes
114184,Yes
114185,Yes
114186,No
114187,No
114188,No
114189,Yes
114190,Yes
114191,No
114192,Yes
114193,No
114194,No
114195,No
114196,No
114197,Yes
114198,Yes
114199,Yes
114200,No
114201,Yes
114202,No
114203,Yes
114204,No
114205,Yes
114206,No
114207,Yes
114208,No
114209,Yes
114210,No
114211,No
114212,Yes
114213,Yes
114214,No
114215,Yes
114216,No
114217,Yes
114218,No
114219,No
114220,Yes
114221,No
114222,Yes
114223,Yes
114224,Yes
114225,Yes
114226,Yes
114227,Yes
114228,Yes
114229,No
114230,Yes
114231,Yes
114232,Yes
114233,No
114234,No
114235,Yes
114236,No
114237,No
114238,Yes
114239,Yes
114240,Yes
114241,Yes
114242,Yes
114243,Yes
114244,Yes
114245,Yes
114246,Yes
114247,Yes
114248,No
114249,No
114250,No
114251,Yes
114252,Yes
114253,No
114254,Yes
114255,No
114256,No
114257,No
114258,Yes
114259,Yes
114260,Yes
114261,Yes
114262,Yes
114263,Yes
114264,No
114265,No
114266,Yes
114267,Yes
114268,Yes
114269,Yes
114270,Yes
114271,Yes
114272,No
114273,No
114274,Yes
114275,Yes
114276,No
114277,Yes
114278,No
114279,No
114280,No
114281,No
114282,Yes
114283,Yes
114284,Yes
114285,Yes
114286,No
114287,Yes
114288,No
114289,No
114290,Yes
114291,Yes
114292,No
114293,Yes
114294,No
114295,No
114296,No
114297,No
114298,No
114299,No
114300,No
114301,Yes
114302,No
114303,Yes
114304,No
114305,Yes
114306,No
114307,Yes
114308,No
114309,Yes
114310,Yes
114311,No
114312,Yes
114313,No
114314,Yes
114315,No
114316,Yes
114317,Yes
114318,Yes
114319,Yes
114320,No
114321,No
114322,No
114323,No
114324,Yes
114325,No
114326,Yes
114327,No
114328,No
114329,Yes
114330,Yes
114331,No
114332,Yes
114333,Yes
114334,No
114335,No
114336,Yes
114337,Yes
114338,No
114339,Yes
114340,No
114341,Yes
114342,No
114343,Yes
114344,Yes
114345,No
114346,Yes
114347,Yes
114348,Yes
114349,Yes
114350,Yes
114351,Yes
114352,Yes
114353,Yes
114354,Yes
114355,Yes
114356,Yes
114357,Yes
114358,Yes
114359,Yes
114360,Yes
114361,No
114362,Yes
114363,Yes
114364,No
114365,No
114366,Yes
114367,Yes
114368,Yes
114369,Yes
114370,Yes
114371,No
114372,Yes
114373,No
114374,No
114375,Yes
114376,Yes
114377,Yes
114378,No
114379,No
114380,Yes
114381,No
114382,Yes
114383,No
114384,Yes
114385,Yes
114386,No
114387,No
114388,Yes
114389,No
114390,Yes
114391,No
114392,No
114393,Yes
114394,No
114395,Yes
114396,No
114397,No
114398,No
114399,No
114400,No
114401,No
114402,Yes
114403,No
114404,Yes
114405,Yes
114406,No
114407,No
114408,Yes
114409,No
114410,No
114411,Yes
114412,No
114413,Yes
114414,Yes
114415,Yes
114416,Yes
114417,Yes
114418,Yes
114419,Yes
114420,Yes
114421,No
114422,Yes
114423,No
114424,No
114425,Yes
114426,Yes
114427,No
114428,Yes
114429,No
114430,Yes
114431,No
114432,Yes
114433,Yes
114434,Yes
114435,Yes
114436,No
114437,No
114438,Yes
114439,No
114440,Yes
114441,No
114442,No
114443,Yes
114444,No
114445,Yes
114446,No
114447,No
114448,Yes
114449,Yes
114450,No
114451,Yes
114452,Yes
114453,Yes
114454,Yes
114455,Yes
114456,Yes
114457,Yes
114458,Yes
114459,No
114460,Yes
114461,Yes
114462,No
114463,No
114464,Yes
114465,No
114466,No
114467,Yes
114468,Yes
114469,No
114470,No
114471,No
114472,No
114473,Yes
114474,Yes
114475,Yes
114476,Yes
114477,Yes
114478,Yes
114479,No
114480,Yes
114481,Yes
114482,No
114483,No
114484,Yes
114485,Yes
114486,No
114487,Yes
114488,Yes
114489,Yes
114490,No
114491,Yes
114492,Yes
114493,No
114494,Yes
114495,Yes
114496,Yes
114497,No
114498,Yes
114499,Yes
114500,Yes
114501,No
114502,Yes
114503,Yes
114504,Yes
114505,Yes
114506,Yes
114507,Yes
114508,Yes
114509,No
114510,Yes
114511,Yes
114512,Yes
114513,No
114514,Yes
114515,No
114516,Yes
114517,Yes
114518,Yes
114519,Yes
114520,Yes
114521,Yes
114522,Yes
114523,Yes
114524,Yes
114525,No
114526,Yes
114527,No
114528,Yes
114529,No
114530,Yes
114531,No
114532,No
114533,No
114534,No
114535,Yes
114536,No
114537,Yes
114538,Yes
114539,No
114540,No
114541,Yes
114542,Yes
114543,Yes
114544,Yes
114545,Yes
114546,No
114547,No
114548,Yes
114549,No
114550,Yes
114551,No
114552,No
114553,No
114554,Yes
114555,No
114556,Yes
114557,Yes
114558,Yes
114559,Yes
114560,No
114561,No
114562,No
114563,No
114564,No
114565,Yes
114566,No
114567,Yes
114568,Yes
114569,Yes
114570,No
114571,Yes
114572,No
114573,No
114574,Yes
114575,Yes
114576,No
114577,Yes
114578,Yes
114579,No
114580,Yes
114581,Yes
114582,Yes
114583,Yes
114584,No
114585,Yes
114586,Yes
114587,No
114588,No
114589,No
114590,Yes
114591,Yes
114592,Yes
114593,Yes
114594,Yes
114595,Yes
114596,No
114597,No
114598,Yes
114599,No
114600,Yes
114601,No
114602,No
114603,No
114604,Yes
114605,No
114606,No
114607,Yes
114608,No
114609,Yes
114610,No
114611,Yes
114612,No
114613,Yes
114614,Yes
114615,Yes
114616,No
114617,Yes
114618,No
114619,No
114620,No
114621,Yes
114622,No
114623,Yes
114624,Yes
114625,Yes
114626,Yes
114627,No
114628,No
114629,No
114630,No
114631,No
114632,Yes
114633,Yes
114634,Yes
114635,Yes
114636,Yes
114637,Yes
114638,Yes
114639,No
114640,Yes
114641,Yes
114642,Yes
114643,Yes
114644,Yes
114645,Yes
114646,No
114647,No
114648,No
114649,No
114650,No
114651,Yes
114652,Yes
114653,Yes
114654,No
114655,Yes
114656,Yes
114657,No
114658,Yes
114659,Yes
114660,No
114661,Yes
114662,Yes
114663,No
114664,Yes
114665,Yes
114666,Yes
114667,No
114668,Yes
114669,Yes
114670,Yes
114671,Yes
114672,No
114673,No
114674,Yes
114675,No
114676,Yes
114677,Yes
114678,Yes
114679,Yes
114680,Yes
114681,No
114682,Yes
114683,Yes
114684,Yes
114685,Yes
114686,Yes
114687,No
114688,No
114689,Yes
114690,No
114691,Yes
114692,No
114693,No
114694,No
114695,No
114696,Yes
114697,No
114698,Yes
114699,No
114700,Yes
114701,Yes
114702,Yes
114703,No
114704,Yes
114705,Yes
114706,Yes
114707,Yes
114708,Yes
114709,No
114710,No
114711,Yes
114712,No
114713,Yes
114714,Yes
114715,No
114716,No
114717,No
114718,No
114719,Yes
114720,No
114721,Yes
114722,No
114723,No
114724,No
114725,Yes
114726,No
114727,Yes
114728,Yes
114729,Yes
114730,Yes
114731,No
114732,Yes
114733,Yes
114734,Yes
114735,Yes
114736,Yes
114737,No
114738,Yes
114739,Yes
114740,Yes
114741,Yes
114742,Yes
114743,Yes
114744,No
114745,Yes
114746,Yes
114747,Yes
114748,Yes
114749,No
114750,Yes
114751,No
114752,Yes
114753,Yes
114754,No
114755,Yes
114756,No
114757,Yes
114758,No
114759,No
114760,No
114761,No
114762,No
114763,Yes
114764,Yes
114765,Yes
114766,No
114767,Yes
114768,No
114769,No
114770,Yes
114771,Yes
114772,No
114773,Yes
114774,Yes
114775,Yes
114776,Yes
114777,Yes
114778,Yes
114779,Yes
114780,No
114781,Yes
114782,Yes
114783,Yes
114784,Yes
114785,Yes
114786,Yes
114787,No
114788,No
114789,No
114790,Yes
114791,No
114792,Yes
114793,Yes
114794,No
114795,No
114796,No
114797,No
114798,No
114799,No
114800,No
114801,No
114802,No
114803,No
114804,No
114805,No
114806,No
114807,Yes
114808,No
114809,No
114810,Yes
114811,Yes
114812,Yes
114813,No
114814,Yes
114815,No
114816,No
114817,Yes
114818,Yes
114819,No
114820,No
114821,No
114822,Yes
114823,No
114824,Yes
114825,Yes
114826,No
114827,Yes
114828,Yes
114829,No
114830,No
114831,Yes
114832,No
114833,Yes
114834,No
114835,Yes
114836,Yes
114837,Yes
114838,No
114839,No
114840,No
114841,Yes
114842,No
114843,Yes
114844,No
114845,Yes
114846,Yes
114847,No
114848,No
114849,No
114850,Yes
114851,Yes
114852,No
114853,No
114854,Yes
114855,Yes
114856,No
114857,Yes
114858,No
114859,No
114860,Yes
114861,No
114862,Yes
114863,Yes
114864,Yes
114865,Yes
114866,No
114867,No
114868,Yes
114869,Yes
114870,Yes
114871,Yes
114872,No
114873,Yes
114874,Yes
114875,Yes
114876,No
114877,Yes
114878,No
114879,No
114880,Yes
114881,No
114882,Yes
114883,Yes
114884,Yes
114885,Yes
114886,Yes
114887,No
114888,No
114889,Yes
114890,No
114891,Yes
114892,Yes
114893,Yes
114894,Yes
114895,No
114896,No
114897,No
114898,Yes
114899,Yes
114900,Yes
114901,Yes
114902,Yes
114903,Yes
114904,No
114905,No
114906,Yes
114907,Yes
114908,Yes
114909,Yes
114910,No
114911,Yes
114912,No
114913,Yes
114914,No
114915,No
114916,Yes
114917,No
114918,Yes
114919,Yes
114920,No
114921,Yes
114922,Yes
114923,Yes
114924,Yes
114925,Yes
114926,Yes
114927,Yes
114928,Yes
114929,Yes
114930,Yes
114931,No
114932,No
114933,No
114934,No
114935,No
114936,Yes
114937,No
114938,No
114939,No
114940,No
114941,Yes
114942,Yes
114943,No
114944,Yes
114945,Yes
114946,No
114947,No
114948,No
114949,Yes
114950,Yes
114951,Yes
114952,No
114953,No
114954,Yes
114955,No
114956,No
114957,Yes
114958,Yes
114959,Yes
114960,No
114961,Yes
114962,No
114963,Yes
114964,No
114965,No
114966,No
114967,Yes
114968,Yes
114969,No
114970,No
114971,Yes
114972,No
114973,Yes
114974,No
114975,Yes
114976,Yes
114977,No
114978,Yes
114979,No
114980,No
114981,Yes
114982,No
114983,Yes
114984,No
114985,Yes
114986,Yes
114987,Yes
114988,No
114989,Yes
114990,Yes
114991,Yes
114992,No
114993,No
114994,Yes
114995,Yes
114996,No
114997,Yes
114998,Yes
114999,No
115000,Yes
115001,Yes
115002,No
115003,Yes
115004,No
115005,Yes
115006,No
115007,Yes
115008,No
115009,No
115010,No
115011,Yes
115012,Yes
115013,Yes
115014,No
115015,Yes
115016,Yes
115017,Yes
115018,Yes
115019,Yes
115020,Yes
115021,Yes
115022,Yes
115023,No
115024,Yes
115025,Yes
115026,Yes
115027,No
115028,Yes
115029,Yes
115030,No
115031,No
115032,No
115033,Yes
115034,Yes
115035,No
115036,Yes
115037,No
115038,Yes
115039,No
115040,No
115041,No
115042,Yes
115043,No
115044,Yes
115045,Yes
115046,Yes
115047,No
115048,Yes
115049,No
115050,Yes
115051,No
115052,Yes
115053,Yes
115054,Yes
115055,No
115056,Yes
115057,No
115058,Yes
115059,No
115060,Yes
115061,Yes
115062,No
115063,No
115064,Yes
115065,Yes
115066,No
115067,No
115068,Yes
115069,No
115070,Yes
115071,No
115072,No
115073,Yes
115074,Yes
115075,Yes
115076,No
115077,Yes
115078,Yes
115079,Yes
115080,Yes
115081,Yes
115082,No
115083,No
115084,Yes
115085,No
115086,Yes
115087,Yes
115088,No
115089,No
115090,Yes
115091,Yes
115092,Yes
115093,Yes
115094,Yes
115095,Yes
115096,No
115097,Yes
115098,No
115099,Yes
115100,Yes
115101,Yes
115102,No
115103,No
115104,No
115105,No
115106,Yes
115107,Yes
115108,No
115109,Yes
115110,Yes
115111,No
115112,Yes
115113,Yes
115114,Yes
115115,Yes
115116,Yes
115117,Yes
115118,Yes
115119,Yes
115120,Yes
115121,No
115122,No
115123,Yes
115124,No
115125,No
115126,Yes
115127,Yes
115128,No
115129,Yes
115130,Yes
115131,No
115132,No
115133,Yes
115134,Yes
115135,No
115136,No
115137,No
115138,No
115139,No
115140,Yes
115141,Yes
115142,Yes
115143,Yes
115144,No
115145,Yes
115146,Yes
115147,No
115148,No
115149,No
115150,Yes
115151,Yes
115152,Yes
115153,No
115154,No
115155,Yes
115156,Yes
115157,No
115158,Yes
115159,No
115160,No
115161,No
115162,Yes
115163,No
115164,Yes
115165,Yes
115166,No
115167,Yes
115168,Yes
115169,Yes
115170,No
115171,Yes
115172,No
115173,No
115174,Yes
115175,No
115176,Yes
115177,No
115178,Yes
115179,Yes
115180,Yes
115181,No
115182,Yes
115183,No
115184,Yes
115185,Yes
115186,Yes
115187,No
115188,Yes
115189,Yes
115190,Yes
115191,No
115192,Yes
115193,No
115194,Yes
115195,Yes
115196,Yes
115197,No
115198,No
115199,Yes
115200,No
115201,No
115202,No
115203,No
115204,No
115205,Yes
115206,Yes
115207,Yes
115208,Yes
115209,Yes
115210,Yes
115211,Yes
115212,Yes
115213,Yes
115214,Yes
115215,No
115216,Yes
115217,Yes
115218,Yes
115219,No
115220,Yes
115221,No
115222,Yes
115223,Yes
115224,Yes
115225,Yes
115226,No
115227,Yes
115228,Yes
115229,Yes
115230,Yes
115231,Yes
115232,No
115233,No
115234,No
115235,Yes
115236,Yes
115237,No
115238,No
115239,Yes
115240,No
115241,Yes
115242,Yes
115243,Yes
115244,Yes
115245,Yes
115246,No
115247,Yes
115248,Yes
115249,Yes
115250,Yes
115251,Yes
115252,No
115253,No
115254,Yes
115255,No
115256,Yes
115257,No
115258,No
115259,No
115260,No
115261,Yes
115262,Yes
115263,Yes
115264,No
115265,No
115266,No
115267,No
115268,Yes
115269,No
115270,Yes
115271,No
115272,No
115273,No
115274,No
115275,Yes
115276,No
115277,Yes
115278,No
115279,Yes
115280,No
115281,Yes
115282,Yes
115283,No
115284,Yes
115285,No
115286,Yes
115287,No
115288,No
115289,Yes
115290,Yes
115291,No
115292,Yes
115293,Yes
115294,Yes
115295,No
115296,Yes
115297,No
115298,No
115299,No
115300,Yes
115301,No
115302,Yes
115303,No
115304,Yes
115305,Yes
115306,No
115307,Yes
115308,Yes
115309,Yes
115310,No
115311,No
115312,Yes
115313,Yes
115314,Yes
115315,No
115316,No
115317,No
115318,Yes
115319,No
115320,Yes
115321,Yes
115322,Yes
115323,Yes
115324,No
115325,Yes
115326,No
115327,No
115328,No
115329,Yes
115330,Yes
115331,Yes
115332,Yes
115333,No
115334,Yes
115335,Yes
115336,No
115337,Yes
115338,No
115339,Yes
115340,Yes
115341,No
115342,Yes
115343,Yes
115344,No
115345,Yes
115346,No
115347,Yes
115348,Yes
115349,Yes
115350,No
115351,Yes
115352,No
115353,No
115354,No
115355,Yes
115356,No
115357,Yes
115358,Yes
115359,Yes
115360,No
115361,No
115362,Yes
115363,No
115364,No
115365,Yes
115366,Yes
115367,Yes
115368,Yes
115369,Yes
115370,No
115371,No
115372,Yes
115373,No
115374,No
115375,Yes
115376,No
115377,No
115378,Yes
115379,Yes
115380,No
115381,Yes
115382,Yes
115383,Yes
115384,No
115385,Yes
115386,No
115387,No
115388,Yes
115389,No
115390,Yes
115391,No
115392,Yes
115393,Yes
115394,Yes
115395,Yes
115396,No
115397,No
115398,No
115399,Yes
115400,Yes
115401,No
115402,Yes
115403,No
115404,No
115405,Yes
115406,Yes
115407,Yes
115408,No
115409,No
115410,Yes
115411,No
115412,Yes
115413,No
115414,Yes
115415,Yes
115416,No
115417,Yes
115418,No
115419,Yes
115420,Yes
115421,Yes
115422,Yes
115423,Yes
115424,No
115425,No
115426,Yes
115427,No
115428,No
115429,No
115430,Yes
115431,Yes
115432,Yes
115433,Yes
115434,No
115435,Yes
115436,Yes
115437,No
115438,No
115439,Yes
115440,Yes
115441,Yes
115442,Yes
115443,No
115444,Yes
115445,No
115446,No
115447,Yes
115448,Yes
115449,Yes
115450,Yes
115451,Yes
115452,No
115453,Yes
115454,Yes
115455,Yes
115456,Yes
115457,Yes
115458,No
115459,No
115460,Yes
115461,Yes
115462,Yes
115463,No
115464,Yes
115465,Yes
115466,Yes
115467,Yes
115468,Yes
115469,Yes
115470,No
115471,Yes
115472,Yes
115473,Yes
115474,No
115475,No
115476,Yes
115477,No
115478,No
115479,Yes
115480,Yes
115481,Yes
115482,No
115483,No
115484,Yes
115485,Yes
115486,No
115487,No
115488,Yes
115489,Yes
115490,No
115491,Yes
115492,No
115493,Yes
115494,Yes
115495,No
115496,No
115497,No
115498,Yes
115499,Yes
115500,Yes
115501,Yes
115502,No
115503,Yes
115504,Yes
115505,Yes
115506,Yes
115507,No
115508,Yes
115509,Yes
115510,No
115511,Yes
115512,No
115513,Yes
115514,No
115515,Yes
115516,No
115517,Yes
115518,No
115519,Yes
115520,Yes
115521,No
115522,Yes
115523,No
115524,Yes
115525,No
115526,Yes
115527,Yes
115528,Yes
115529,No
115530,Yes
115531,Yes
115532,No
115533,Yes
115534,No
115535,Yes
115536,Yes
115537,No
115538,Yes
115539,Yes
115540,Yes
115541,Yes
115542,No
115543,Yes
115544,No
115545,No
115546,Yes
115547,Yes
115548,No
115549,No
115550,Yes
115551,Yes
115552,Yes
115553,Yes
115554,No
115555,No
115556,Yes
115557,No
115558,Yes
115559,Yes
115560,No
115561,No
115562,No
115563,Yes
115564,Yes
115565,No
115566,No
115567,No
115568,No
115569,Yes
115570,Yes
115571,Yes
115572,Yes
115573,No
115574,Yes
115575,No
115576,Yes
115577,Yes
115578,Yes
115579,Yes
115580,Yes
115581,Yes
115582,Yes
115583,Yes
115584,Yes
115585,No
115586,Yes
115587,Yes
115588,Yes
115589,Yes
115590,No
115591,Yes
115592,No
115593,No
115594,No
115595,Yes
115596,Yes
115597,Yes
115598,No
115599,No
115600,No
115601,No
115602,Yes
115603,Yes
115604,Yes
115605,Yes
115606,Yes
115607,No
115608,Yes
115609,No
115610,Yes
115611,No
115612,No
115613,No
115614,Yes
115615,Yes
115616,Yes
115617,Yes
115618,No
115619,Yes
115620,No
115621,No
115622,No
115623,Yes
115624,Yes
115625,Yes
115626,Yes
115627,No
115628,No
115629,Yes
115630,Yes
115631,Yes
115632,Yes
115633,No
115634,Yes
115635,Yes
115636,Yes
115637,Yes
115638,No
115639,No
115640,Yes
115641,No
115642,No
115643,No
115644,No
115645,Yes
115646,Yes
115647,Yes
115648,Yes
115649,Yes
115650,No
115651,Yes
115652,No
115653,No
115654,Yes
115655,No
115656,No
115657,No
115658,No
115659,No
115660,Yes
115661,No
115662,No
115663,Yes
115664,Yes
115665,No
115666,Yes
115667,Yes
115668,Yes
115669,No
115670,No
115671,Yes
115672,Yes
115673,Yes
115674,Yes
115675,Yes
115676,No
115677,No
115678,Yes
115679,No
115680,No
115681,No
115682,No
115683,No
115684,No
115685,Yes
115686,Yes
115687,Yes
115688,Yes
115689,No
115690,No
115691,No
115692,Yes
115693,Yes
115694,Yes
115695,Yes
115696,Yes
115697,No
115698,No
115699,No
115700,Yes
115701,No
115702,No
115703,Yes
115704,Yes
115705,Yes
115706,No
115707,No
115708,Yes
115709,Yes
115710,No
115711,No
115712,Yes
115713,No
115714,No
115715,No
115716,Yes
115717,Yes
115718,Yes
115719,Yes
115720,No
115721,Yes
115722,Yes
115723,Yes
115724,No
115725,No
115726,No
115727,No
115728,Yes
115729,Yes
115730,Yes
115731,No
115732,Yes
115733,Yes
115734,No
115735,No
115736,No
115737,Yes
115738,No
115739,No
115740,No
115741,Yes
115742,No
115743,No
115744,No
115745,No
115746,No
115747,Yes
115748,Yes
115749,No
115750,Yes
115751,Yes
115752,Yes
115753,Yes
115754,No
115755,Yes
115756,No
115757,Yes
115758,Yes
115759,Yes
115760,No
115761,Yes
115762,No
115763,No
115764,No
115765,No
115766,No
115767,Yes
115768,No
115769,No
115770,No
115771,Yes
115772,Yes
115773,No
115774,No
115775,Yes
115776,Yes
115777,No
115778,No
115779,Yes
115780,Yes
115781,No
115782,No
115783,No
115784,No
115785,Yes
115786,Yes
115787,No
115788,Yes
115789,No
115790,Yes
115791,No
115792,Yes
115793,No
115794,Yes
115795,Yes
115796,No
115797,No
115798,Yes
115799,No
115800,No
115801,Yes
115802,No
115803,No
115804,No
115805,No
115806,No
115807,Yes
115808,No
115809,Yes
115810,No
115811,Yes
115812,Yes
115813,No
115814,Yes
115815,Yes
115816,Yes
115817,Yes
115818,Yes
115819,No
115820,Yes
115821,No
115822,Yes
115823,Yes
115824,No
115825,Yes
115826,No
115827,No
115828,Yes
115829,Yes
115830,Yes
115831,Yes
115832,Yes
115833,Yes
115834,Yes
115835,No
115836,Yes
115837,Yes
115838,Yes
115839,No
115840,Yes
115841,No
115842,Yes
115843,Yes
115844,Yes
115845,Yes
115846,No
115847,Yes
115848,Yes
115849,Yes
115850,No
115851,Yes
115852,No
115853,Yes
115854,Yes
115855,No
115856,No
115857,Yes
115858,Yes
115859,No
115860,Yes
115861,Yes
115862,No
115863,Yes
115864,No
115865,Yes
115866,No
115867,No
115868,No
115869,No
115870,Yes
115871,Yes
115872,Yes
115873,Yes
115874,No
115875,Yes
115876,No
115877,Yes
115878,No
115879,Yes
115880,Yes
115881,Yes
115882,No
115883,No
115884,Yes
115885,Yes
115886,Yes
115887,Yes
115888,Yes
115889,Yes
115890,No
115891,Yes
115892,Yes
115893,No
115894,Yes
115895,No
115896,Yes
115897,No
115898,No
115899,No
115900,No
115901,No
115902,No
115903,Yes
115904,Yes
115905,No
115906,No
115907,Yes
115908,Yes
115909,Yes
115910,No
115911,No
115912,No
115913,Yes
115914,No
115915,Yes
115916,Yes
115917,No
115918,Yes
115919,No
115920,Yes
115921,Yes
115922,Yes
115923,Yes
115924,Yes
115925,Yes
115926,Yes
115927,Yes
115928,Yes
115929,Yes
115930,Yes
115931,No
115932,No
115933,Yes
115934,Yes
115935,No
115936,No
115937,No
115938,Yes
115939,Yes
115940,Yes
115941,No
115942,Yes
115943,Yes
115944,Yes
115945,Yes
115946,Yes
115947,Yes
115948,No
115949,No
115950,No
115951,No
115952,No
115953,No
115954,No
115955,No
115956,Yes
115957,Yes
115958,Yes
115959,No
115960,Yes
115961,Yes
115962,Yes
115963,No
115964,Yes
115965,No
115966,No
115967,No
115968,Yes
115969,Yes
115970,Yes
115971,Yes
115972,No
115973,Yes
115974,Yes
115975,Yes
115976,Yes
115977,No
115978,Yes
115979,No
115980,No
115981,No
115982,No
115983,No
115984,Yes
115985,No
115986,No
115987,Yes
115988,No
115989,No
115990,No
115991,No
115992,No
115993,No
115994,Yes
115995,No
115996,Yes
115997,Yes
115998,No
115999,Yes
116000,No
116001,Yes
116002,No
116003,No
116004,Yes
116005,No
116006,No
116007,Yes
116008,No
116009,Yes
116010,Yes
116011,Yes
116012,Yes
116013,Yes
116014,Yes
116015,Yes
116016,Yes
116017,Yes
116018,Yes
116019,Yes
116020,Yes
116021,No
116022,No
116023,Yes
116024,No
116025,Yes
116026,No
116027,Yes
116028,Yes
116029,Yes
116030,Yes
116031,Yes
116032,Yes
116033,No
116034,Yes
116035,No
116036,Yes
116037,Yes
116038,Yes
116039,Yes
116040,Yes
116041,Yes
116042,Yes
116043,Yes
116044,Yes
116045,Yes
116046,No
116047,No
116048,Yes
116049,No
116050,No
116051,Yes
116052,Yes
116053,Yes
116054,Yes
116055,No
116056,No
116057,No
116058,No
116059,No
116060,Yes
116061,Yes
116062,Yes
116063,Yes
116064,Yes
116065,Yes
116066,Yes
116067,Yes
116068,Yes
116069,Yes
116070,Yes
116071,No
116072,Yes
116073,Yes
116074,Yes
116075,Yes
116076,No
116077,No
116078,Yes
116079,No
116080,No
116081,Yes
116082,Yes
116083,Yes
116084,No
116085,Yes
116086,No
116087,No
116088,Yes
116089,No
116090,No
116091,Yes
116092,Yes
116093,Yes
116094,No
116095,Yes
116096,No
116097,Yes
116098,No
116099,Yes
116100,Yes
116101,No
116102,No
116103,No
116104,Yes
116105,Yes
116106,No
116107,Yes
116108,Yes
116109,Yes
116110,Yes
116111,Yes
116112,No
116113,No
116114,Yes
116115,No
116116,No
116117,No
116118,Yes
116119,No
116120,Yes
116121,No
116122,Yes
116123,No
116124,No
116125,No
116126,Yes
116127,No
116128,Yes
116129,No
116130,Yes
116131,Yes
116132,No
116133,Yes
116134,Yes
116135,Yes
116136,Yes
116137,Yes
116138,Yes
116139,No
116140,Yes
116141,No
116142,Yes
116143,No
116144,Yes
116145,No
116146,Yes
116147,Yes
116148,No
116149,No
116150,No
116151,No
116152,Yes
116153,Yes
116154,Yes
116155,No
116156,Yes
116157,No
116158,No
116159,Yes
116160,Yes
116161,No
116162,Yes
116163,Yes
116164,No
116165,Yes
116166,Yes
116167,Yes
116168,Yes
116169,No
116170,No
116171,No
116172,Yes
116173,Yes
116174,Yes
116175,No
116176,Yes
116177,No
116178,Yes
116179,Yes
116180,No
116181,Yes
116182,No
116183,Yes
116184,Yes
116185,No
116186,No
116187,No
116188,Yes
116189,Yes
116190,Yes
116191,No
116192,Yes
116193,Yes
116194,No
116195,Yes
116196,No
116197,Yes
116198,Yes
116199,Yes
116200,Yes
116201,Yes
116202,Yes
116203,Yes
116204,No
116205,No
116206,Yes
116207,No
116208,No
116209,No
116210,No
116211,Yes
116212,Yes
116213,Yes
116214,Yes
116215,No
116216,No
116217,No
116218,No
116219,Yes
116220,Yes
116221,No
116222,Yes
116223,Yes
116224,Yes
116225,No
116226,No
116227,No
116228,No
116229,Yes
116230,No
116231,Yes
116232,No
116233,Yes
116234,No
116235,No
116236,Yes
116237,Yes
116238,No
116239,Yes
116240,Yes
116241,No
116242,No
116243,Yes
116244,Yes
116245,No
116246,No
116247,Yes
116248,Yes
116249,No
116250,Yes
116251,No
116252,Yes
116253,Yes
116254,Yes
116255,Yes
116256,Yes
116257,No
116258,No
116259,No
116260,No
116261,Yes
116262,Yes
116263,No
116264,Yes
116265,Yes
116266,Yes
116267,No
116268,No
116269,No
116270,Yes
116271,No
116272,Yes
116273,No
116274,No
116275,No
116276,Yes
116277,No
116278,Yes
116279,Yes
116280,No
116281,No
116282,Yes
116283,No
116284,No
116285,Yes
116286,Yes
116287,Yes
116288,Yes
116289,Yes
116290,Yes
116291,Yes
116292,Yes
116293,No
116294,Yes
116295,Yes
116296,No
116297,No
116298,No
116299,No
116300,Yes
116301,Yes
116302,No
116303,Yes
116304,No
116305,Yes
116306,No
116307,Yes
116308,Yes
116309,Yes
116310,Yes
116311,Yes
116312,Yes
116313,Yes
116314,No
116315,Yes
116316,No
116317,No
116318,Yes
116319,No
116320,No
116321,Yes
116322,Yes
116323,Yes
116324,No
116325,Yes
116326,No
116327,No
116328,Yes
116329,No
116330,Yes
116331,Yes
116332,No
116333,No
116334,No
116335,No
116336,No
116337,Yes
116338,No
116339,No
116340,Yes
116341,No
116342,No
116343,No
116344,No
116345,Yes
116346,Yes
116347,Yes
116348,Yes
116349,Yes
116350,No
116351,No
116352,No
116353,No
116354,Yes
116355,Yes
116356,Yes
116357,No
116358,Yes
116359,No
116360,Yes
116361,Yes
116362,Yes
116363,Yes
116364,No
116365,No
116366,No
116367,Yes
116368,Yes
116369,No
116370,Yes
116371,Yes
116372,No
116373,No
116374,Yes
116375,Yes
116376,Yes
116377,No
116378,No
116379,Yes
116380,No
116381,Yes
116382,No
116383,No
116384,Yes
116385,Yes
116386,No
116387,No
116388,No
116389,Yes
116390,Yes
116391,Yes
116392,No
116393,No
116394,Yes
116395,Yes
116396,No
116397,Yes
116398,No
116399,No
116400,Yes
116401,Yes
116402,Yes
116403,No
116404,Yes
116405,Yes
116406,Yes
116407,Yes
116408,No
116409,No
116410,No
116411,Yes
116412,Yes
116413,Yes
116414,No
116415,No
116416,Yes
116417,No
116418,No
116419,Yes
116420,No
116421,No
116422,Yes
116423,No
116424,Yes
116425,Yes
116426,Yes
116427,No
116428,No
116429,No
116430,No
116431,Yes
116432,No
116433,No
116434,Yes
116435,No
116436,Yes
116437,Yes
116438,Yes
116439,Yes
116440,Yes
116441,Yes
116442,Yes
116443,Yes
116444,Yes
116445,No
116446,Yes
116447,Yes
116448,Yes
116449,No
116450,No
116451,No
116452,Yes
116453,No
116454,No
116455,Yes
116456,No
116457,Yes
116458,No
116459,No
116460,No
116461,No
116462,No
116463,Yes
116464,No
116465,Yes
116466,No
116467,Yes
116468,No
116469,Yes
116470,Yes
116471,Yes
116472,No
116473,No
116474,No
116475,Yes
116476,Yes
116477,No
116478,Yes
116479,Yes
116480,Yes
116481,Yes
116482,Yes
116483,No
116484,Yes
116485,Yes
116486,Yes
116487,No
116488,Yes
116489,No
116490,Yes
116491,No
116492,No
116493,Yes
116494,No
116495,Yes
116496,Yes
116497,Yes
116498,Yes
116499,No
116500,No
116501,Yes
116502,No
116503,Yes
116504,Yes
116505,No
116506,No
116507,No
116508,No
116509,Yes
116510,Yes
116511,No
116512,Yes
116513,Yes
116514,No
116515,No
116516,No
116517,Yes
116518,No
116519,No
116520,No
116521,Yes
116522,Yes
116523,Yes
116524,No
116525,No
116526,No
116527,Yes
116528,Yes
116529,Yes
116530,No
116531,Yes
116532,Yes
116533,No
116534,Yes
116535,No
116536,No
116537,Yes
116538,Yes
116539,Yes
116540,No
116541,Yes
116542,No
116543,Yes
116544,Yes
116545,Yes
116546,Yes
116547,Yes
116548,Yes
116549,Yes
116550,Yes
116551,No
116552,No
116553,Yes
116554,Yes
116555,Yes
116556,Yes
116557,No
116558,No
116559,Yes
116560,Yes
116561,Yes
116562,Yes
116563,No
116564,No
116565,No
116566,Yes
116567,No
116568,Yes
116569,No
116570,Yes
116571,No
116572,No
116573,Yes
116574,Yes
116575,Yes
116576,Yes
116577,No
116578,Yes
116579,Yes
116580,No
116581,No
116582,No
116583,No
116584,Yes
116585,No
116586,Yes
116587,No
116588,No
116589,Yes
116590,Yes
116591,No
116592,Yes
116593,No
116594,Yes
116595,Yes
116596,No
116597,No
116598,Yes
116599,No
116600,No
116601,No
116602,Yes
116603,No
116604,No
116605,Yes
116606,Yes
116607,No
116608,No
116609,Yes
116610,No
116611,No
116612,Yes
116613,No
116614,Yes
116615,Yes
116616,No
116617,Yes
116618,Yes
116619,No
116620,No
116621,Yes
116622,No
116623,Yes
116624,Yes
116625,No
116626,Yes
116627,No
116628,Yes
116629,Yes
116630,No
116631,Yes
116632,Yes
116633,Yes
116634,Yes
116635,Yes
116636,Yes
116637,No
116638,Yes
116639,No
116640,No
116641,No
116642,Yes
116643,Yes
116644,No
116645,Yes
116646,Yes
116647,No
116648,No
116649,No
116650,Yes
116651,No
116652,No
116653,No
116654,No
116655,Yes
116656,Yes
116657,No
116658,No
116659,No
116660,No
116661,No
116662,Yes
116663,Yes
116664,Yes
116665,No
116666,Yes
116667,Yes
116668,Yes
116669,Yes
116670,Yes
116671,No
116672,Yes
116673,Yes
116674,Yes
116675,Yes
116676,Yes
116677,Yes
116678,Yes
116679,No
116680,Yes
116681,Yes
116682,Yes
116683,Yes
116684,Yes
116685,Yes
116686,Yes
116687,No
116688,No
116689,Yes
116690,No
116691,Yes
116692,Yes
116693,Yes
116694,Yes
116695,No
116696,No
116697,No
116698,Yes
116699,Yes
116700,No
116701,No
116702,No
116703,Yes
116704,Yes
116705,Yes
116706,Yes
116707,No
116708,No
116709,Yes
116710,No
116711,Yes
116712,Yes
116713,Yes
116714,No
116715,No
116716,Yes
116717,No
116718,No
116719,No
116720,No
116721,No
116722,Yes
116723,No
116724,Yes
116725,Yes
116726,Yes
116727,Yes
116728,Yes
116729,No
116730,No
116731,No
116732,No
116733,Yes
116734,No
116735,No
116736,No
116737,Yes
116738,Yes
116739,Yes
116740,Yes
116741,No
116742,No
116743,Yes
116744,No
116745,Yes
116746,Yes
116747,Yes
116748,No
116749,Yes
116750,Yes
116751,Yes
116752,Yes
116753,Yes
116754,No
116755,No
116756,Yes
116757,No
116758,Yes
116759,No
116760,Yes
116761,Yes
116762,Yes
116763,No
116764,Yes
116765,Yes
116766,Yes
116767,Yes
116768,No
116769,No
116770,No
116771,No
116772,Yes
116773,Yes
116774,No
116775,Yes
116776,No
116777,Yes
116778,No
116779,Yes
116780,Yes
116781,Yes
116782,No
116783,No
116784,Yes
116785,No
116786,No
116787,No
116788,No
116789,No
116790,Yes
116791,Yes
116792,No
116793,No
116794,Yes
116795,Yes
116796,Yes
116797,Yes
116798,Yes
116799,Yes
116800,No
116801,Yes
116802,Yes
116803,No
116804,Yes
116805,No
116806,Yes
116807,Yes
116808,Yes
116809,No
116810,Yes
116811,Yes
116812,No
116813,Yes
116814,Yes
116815,Yes
116816,No
116817,Yes
116818,Yes
116819,Yes
116820,Yes
116821,No
116822,No
116823,No
116824,Yes
116825,No
116826,No
116827,No
116828,Yes
116829,No
116830,Yes
116831,No
116832,No
116833,Yes
116834,No
116835,Yes
116836,No
116837,No
116838,Yes
116839,No
116840,Yes
116841,Yes
116842,Yes
116843,No
116844,No
116845,No
116846,No
116847,No
116848,Yes
116849,No
116850,Yes
116851,Yes
116852,Yes
116853,No
116854,Yes
116855,No
116856,Yes
116857,Yes
116858,Yes
116859,Yes
116860,Yes
116861,Yes
116862,Yes
116863,Yes
116864,No
116865,Yes
116866,No
116867,No
116868,Yes
116869,No
116870,Yes
116871,No
116872,No
116873,Yes
116874,Yes
116875,Yes
116876,Yes
116877,No
116878,No
116879,No
116880,Yes
116881,Yes
116882,Yes
116883,No
116884,Yes
116885,No
116886,No
116887,Yes
116888,Yes
116889,No
116890,Yes
116891,Yes
116892,No
116893,No
116894,Yes
116895,Yes
116896,Yes
116897,Yes
116898,Yes
116899,Yes
116900,No
116901,Yes
116902,Yes
116903,No
116904,Yes
116905,No
116906,Yes
116907,Yes
116908,Yes
116909,Yes
116910,No
116911,No
116912,No
116913,No
116914,Yes
116915,No
116916,No
116917,Yes
116918,No
116919,No
116920,Yes
116921,Yes
116922,Yes
116923,No
116924,Yes
116925,Yes
116926,Yes
116927,No
116928,Yes
116929,No
116930,No
116931,Yes
116932,No
116933,Yes
116934,No
116935,No
116936,Yes
116937,Yes
116938,No
116939,Yes
116940,Yes
116941,Yes
116942,No
116943,Yes
116944,No
116945,Yes
116946,No
116947,Yes
116948,No
116949,No
116950,No
116951,No
116952,Yes
116953,Yes
116954,No
116955,Yes
116956,No
116957,Yes
116958,Yes
116959,No
116960,No
116961,No
116962,Yes
116963,Yes
116964,Yes
116965,Yes
116966,No
116967,No
116968,Yes
116969,Yes
116970,No
116971,No
116972,No
116973,Yes
116974,Yes
116975,Yes
116976,No
116977,Yes
116978,Yes
116979,No
116980,Yes
116981,No
116982,No
116983,Yes
116984,No
116985,Yes
116986,No
116987,Yes
116988,Yes
116989,Yes
116990,Yes
116991,Yes
116992,Yes
116993,Yes
116994,Yes
116995,No
116996,Yes
116997,Yes
116998,Yes
116999,Yes
117000,Yes
117001,No
117002,No
117003,No
117004,Yes
117005,No
117006,No
117007,No
117008,Yes
117009,Yes
117010,Yes
117011,No
117012,Yes
117013,No
117014,Yes
117015,Yes
117016,No
117017,No
117018,Yes
117019,Yes
117020,Yes
117021,No
117022,Yes
117023,No
117024,Yes
117025,No
117026,No
117027,No
117028,No
117029,Yes
117030,Yes
117031,No
117032,Yes
117033,Yes
117034,No
117035,Yes
117036,No
117037,Yes
117038,No
117039,No
117040,Yes
117041,No
117042,Yes
117043,No
117044,Yes
117045,No
117046,No
117047,No
117048,No
117049,Yes
117050,Yes
117051,No
117052,No
117053,Yes
117054,No
117055,Yes
117056,Yes
117057,Yes
117058,Yes
117059,No
117060,Yes
117061,Yes
117062,No
117063,Yes
117064,Yes
117065,Yes
117066,No
117067,No
117068,Yes
117069,Yes
117070,No
117071,No
117072,No
117073,Yes
117074,Yes
117075,No
117076,No
117077,No
117078,No
117079,Yes
117080,No
117081,Yes
117082,Yes
117083,Yes
117084,Yes
117085,No
117086,No
117087,Yes
117088,No
117089,No
117090,Yes
117091,Yes
117092,Yes
117093,Yes
117094,Yes
117095,No
117096,No
117097,No
117098,No
117099,Yes
117100,Yes
117101,No
117102,No
117103,Yes
117104,No
117105,No
117106,Yes
117107,Yes
117108,No
117109,Yes
117110,No
117111,Yes
117112,Yes
117113,Yes
117114,Yes
117115,No
117116,No
117117,No
117118,No
117119,Yes
117120,Yes
117121,No
117122,Yes
117123,No
117124,No
117125,No
117126,Yes
117127,Yes
117128,Yes
117129,Yes
117130,Yes
117131,No
117132,No
117133,No
117134,Yes
117135,No
117136,No
117137,Yes
117138,No
117139,Yes
117140,No
117141,Yes
117142,Yes
117143,Yes
117144,Yes
117145,Yes
117146,No
117147,Yes
117148,No
117149,No
117150,No
117151,Yes
117152,Yes
117153,No
117154,Yes
117155,Yes
117156,No
117157,No
117158,No
117159,No
117160,Yes
117161,Yes
117162,Yes
117163,No
117164,No
117165,Yes
117166,Yes
117167,Yes
117168,No
117169,Yes
117170,Yes
117171,Yes
117172,No
117173,Yes
117174,Yes
117175,Yes
117176,Yes
117177,No
117178,No
117179,No
117180,Yes
117181,No
117182,Yes
117183,Yes
117184,No
117185,Yes
117186,No
117187,Yes
117188,Yes
117189,No
117190,No
117191,No
117192,No
117193,Yes
117194,No
117195,No
117196,Yes
117197,Yes
117198,No
117199,Yes
117200,No
117201,No
117202,Yes
117203,Yes
117204,No
117205,No
117206,Yes
117207,Yes
117208,Yes
117209,No
117210,Yes
117211,Yes
117212,No
117213,No
117214,No
117215,No
117216,Yes
117217,No
117218,No
117219,Yes
117220,Yes
117221,No
117222,No
117223,Yes
117224,Yes
117225,No
117226,Yes
117227,No
117228,Yes
117229,Yes
117230,Yes
117231,No
117232,Yes
117233,Yes
117234,Yes
117235,Yes
117236,Yes
117237,No
117238,Yes
117239,No
117240,No
117241,No
117242,Yes
117243,Yes
117244,Yes
117245,Yes
117246,No
117247,No
117248,Yes
117249,Yes
117250,Yes
117251,No
117252,No
117253,Yes
117254,No
117255,Yes
117256,No
117257,No
117258,Yes
117259,No
117260,Yes
117261,Yes
117262,Yes
117263,Yes
117264,Yes
117265,Yes
117266,Yes
117267,Yes
117268,Yes
117269,Yes
117270,No
117271,Yes
117272,No
117273,No
117274,No
117275,Yes
117276,No
117277,Yes
117278,Yes
117279,No
117280,Yes
117281,Yes
117282,Yes
117283,No
117284,Yes
117285,No
117286,Yes
117287,Yes
117288,No
117289,Yes
117290,Yes
117291,Yes
117292,No
117293,No
117294,Yes
117295,Yes
117296,Yes
117297,Yes
117298,Yes
117299,No
117300,Yes
117301,Yes
117302,No
117303,Yes
117304,Yes
117305,No
117306,Yes
117307,No
117308,No
117309,Yes
117310,Yes
117311,Yes
117312,No
117313,No
117314,No
117315,Yes
117316,No
117317,No
117318,No
117319,Yes
117320,Yes
117321,No
117322,No
117323,No
117324,Yes
117325,No
117326,Yes
117327,No
117328,No
117329,No
117330,Yes
117331,Yes
117332,Yes
117333,No
117334,Yes
117335,Yes
117336,Yes
117337,Yes
117338,Yes
117339,Yes
117340,Yes
117341,No
117342,No
117343,No
117344,No
117345,Yes
117346,Yes
117347,Yes
117348,No
117349,No
117350,No
117351,No
117352,Yes
117353,No
117354,No
117355,No
117356,No
117357,Yes
117358,Yes
117359,Yes
117360,No
117361,No
117362,Yes
117363,No
117364,No
117365,Yes
117366,No
117367,Yes
117368,No
117369,Yes
117370,No
117371,No
117372,Yes
117373,No
117374,No
117375,Yes
117376,No
117377,Yes
117378,Yes
117379,Yes
117380,Yes
117381,Yes
117382,Yes
117383,No
117384,No
117385,No
117386,Yes
117387,Yes
117388,Yes
117389,Yes
117390,Yes
117391,No
117392,Yes
117393,Yes
117394,Yes
117395,No
117396,No
117397,Yes
117398,No
117399,No
117400,No
117401,Yes
117402,Yes
117403,No
117404,Yes
117405,Yes
117406,Yes
117407,Yes
117408,Yes
117409,No
117410,Yes
117411,No
117412,Yes
117413,Yes
117414,Yes
117415,Yes
117416,No
117417,No
117418,No
117419,No
117420,Yes
117421,Yes
117422,Yes
117423,Yes
117424,No
117425,Yes
117426,No
117427,No
117428,No
117429,Yes
117430,No
117431,Yes
117432,No
117433,No
117434,No
117435,No
117436,No
117437,Yes
117438,Yes
117439,No
117440,Yes
117441,No
117442,Yes
117443,No
117444,No
117445,Yes
117446,No
117447,No
117448,No
117449,Yes
117450,Yes
117451,Yes
117452,Yes
117453,Yes
117454,Yes
117455,No
117456,Yes
117457,No
117458,No
117459,No
117460,No
117461,Yes
117462,No
117463,No
117464,Yes
117465,Yes
117466,No
117467,Yes
117468,Yes
117469,No
117470,Yes
117471,Yes
117472,Yes
117473,Yes
117474,Yes
117475,No
117476,Yes
117477,Yes
117478,No
117479,Yes
117480,Yes
117481,Yes
117482,No
117483,Yes
117484,No
117485,No
117486,Yes
117487,Yes
117488,Yes
117489,Yes
117490,Yes
117491,No
117492,Yes
117493,Yes
117494,Yes
117495,No
117496,No
117497,No
117498,Yes
117499,No
117500,Yes
117501,No
117502,Yes
117503,No
117504,No
117505,Yes
117506,Yes
117507,No
117508,Yes
117509,Yes
117510,Yes
117511,Yes
117512,Yes
117513,No
117514,No
117515,Yes
117516,Yes
117517,Yes
117518,Yes
117519,No
117520,Yes
117521,Yes
117522,Yes
117523,Yes
117524,No
117525,No
117526,Yes
117527,Yes
117528,Yes
117529,No
117530,Yes
117531,No
117532,Yes
117533,Yes
117534,Yes
117535,Yes
117536,Yes
117537,No
117538,Yes
117539,No
117540,Yes
117541,Yes
117542,No
117543,No
117544,Yes
117545,Yes
117546,Yes
117547,No
117548,No
117549,No
117550,Yes
117551,No
117552,Yes
117553,Yes
117554,Yes
117555,Yes
117556,Yes
117557,Yes
117558,Yes
117559,Yes
117560,Yes
117561,Yes
117562,Yes
117563,No
117564,No
117565,Yes
117566,Yes
117567,No
117568,Yes
117569,No
117570,No
117571,Yes
117572,No
117573,Yes
117574,No
117575,No
117576,Yes
117577,No
117578,No
117579,No
117580,Yes
117581,Yes
117582,Yes
117583,No
117584,No
117585,Yes
117586,Yes
117587,No
117588,Yes
117589,Yes
117590,No
117591,Yes
117592,Yes
117593,No
117594,Yes
117595,Yes
117596,No
117597,Yes
117598,Yes
117599,Yes
117600,Yes
117601,No
117602,No
117603,Yes
117604,Yes
117605,Yes
117606,Yes
117607,No
117608,Yes
117609,Yes
117610,Yes
117611,Yes
117612,No
117613,No
117614,Yes
117615,No
117616,No
117617,Yes
117618,Yes
117619,No
117620,No
117621,No
117622,No
117623,No
117624,Yes
117625,Yes
117626,No
117627,Yes
117628,No
117629,Yes
117630,Yes
117631,No
117632,Yes
117633,Yes
117634,Yes
117635,No
117636,No
117637,Yes
117638,Yes
117639,Yes
117640,Yes
117641,No
117642,No
117643,Yes
117644,Yes
117645,No
117646,Yes
117647,Yes
117648,Yes
117649,Yes
117650,No
117651,No
117652,Yes
117653,No
117654,Yes
117655,No
117656,Yes
117657,Yes
117658,Yes
117659,Yes
117660,No
117661,No
117662,Yes
117663,No
117664,No
117665,No
117666,Yes
117667,Yes
117668,Yes
117669,No
117670,No
117671,Yes
117672,No
117673,No
117674,Yes
117675,Yes
117676,Yes
117677,Yes
117678,Yes
117679,No
117680,Yes
117681,No
117682,Yes
117683,No
117684,Yes
117685,Yes
117686,No
117687,No
117688,No
117689,Yes
117690,Yes
117691,No
117692,No
117693,Yes
117694,Yes
117695,Yes
117696,No
117697,Yes
117698,Yes
117699,No
117700,Yes
117701,No
117702,No
117703,No
117704,Yes
117705,Yes
117706,Yes
117707,No
117708,Yes
117709,Yes
117710,Yes
117711,No
117712,No
117713,No
117714,No
117715,No
117716,Yes
117717,No
117718,Yes
117719,Yes
117720,No
117721,Yes
117722,Yes
117723,No
117724,Yes
117725,Yes
117726,No
117727,No
117728,Yes
117729,No
117730,Yes
117731,Yes
117732,No
117733,Yes
117734,No
117735,Yes
117736,No
117737,No
117738,No
117739,Yes
117740,Yes
117741,No
117742,No
117743,Yes
117744,No
117745,Yes
117746,Yes
117747,No
117748,Yes
117749,No
117750,No
117751,Yes
117752,Yes
117753,No
117754,No
117755,No
117756,Yes
117757,No
117758,No
117759,No
117760,Yes
117761,No
117762,No
117763,Yes
117764,Yes
117765,No
117766,No
117767,Yes
117768,No
117769,Yes
117770,Yes
117771,No
117772,No
117773,No
117774,Yes
117775,Yes
117776,Yes
117777,Yes
117778,Yes
117779,Yes
117780,Yes
117781,Yes
117782,Yes
117783,No
117784,No
117785,Yes
117786,Yes
117787,No
117788,Yes
117789,Yes
117790,Yes
117791,Yes
117792,Yes
117793,Yes
117794,Yes
117795,No
117796,Yes
117797,Yes
117798,No
117799,Yes
117800,No
117801,Yes
117802,No
117803,Yes
117804,Yes
117805,Yes
117806,No
117807,Yes
117808,No
117809,Yes
117810,No
117811,No
117812,Yes
117813,Yes
117814,No
117815,No
117816,No
117817,Yes
117818,No
117819,Yes
117820,No
117821,Yes
117822,No
117823,Yes
117824,No
117825,No
117826,Yes
117827,No
117828,No
117829,No
117830,No
117831,Yes
117832,No
117833,Yes
117834,No
117835,No
117836,Yes
117837,No
117838,No
117839,Yes
117840,Yes
117841,Yes
117842,Yes
117843,No
117844,No
117845,Yes
117846,No
117847,Yes
117848,No
117849,No
117850,Yes
117851,Yes
117852,No
117853,No
117854,Yes
117855,No
117856,Yes
117857,Yes
117858,Yes
117859,Yes
117860,Yes
117861,Yes
117862,Yes
117863,Yes
117864,No
117865,Yes
117866,No
117867,No
117868,No
117869,Yes
117870,Yes
117871,No
117872,Yes
117873,Yes
117874,No
117875,No
117876,No
117877,No
117878,No
117879,No
117880,Yes
117881,No
117882,Yes
117883,No
117884,Yes
117885,No
117886,Yes
117887,Yes
117888,No
117889,Yes
117890,Yes
117891,Yes
117892,No
117893,Yes
117894,Yes
117895,Yes
117896,Yes
117897,Yes
117898,Yes
117899,No
117900,Yes
117901,Yes
117902,Yes
117903,No
117904,Yes
117905,Yes
117906,No
117907,Yes
117908,No
117909,No
117910,Yes
117911,Yes
117912,Yes
117913,Yes
117914,Yes
117915,Yes
117916,Yes
117917,Yes
117918,No
117919,No
117920,Yes
117921,Yes
117922,No
117923,Yes
117924,Yes
117925,No
117926,No
117927,Yes
117928,Yes
117929,No
117930,Yes
117931,Yes
117932,Yes
117933,No
117934,Yes
117935,Yes
117936,No
117937,Yes
117938,Yes
117939,Yes
117940,Yes
117941,No
117942,Yes
117943,Yes
117944,No
117945,No
117946,Yes
117947,No
117948,No
117949,Yes
117950,Yes
117951,No
117952,Yes
117953,No
117954,Yes
117955,No
117956,No
117957,Yes
117958,Yes
117959,Yes
117960,Yes
117961,Yes
117962,No
117963,Yes
117964,Yes
117965,Yes
117966,No
117967,No
117968,Yes
117969,No
117970,Yes
117971,Yes
117972,No
117973,No
117974,Yes
117975,Yes
117976,No
117977,Yes
117978,No
117979,No
117980,Yes
117981,Yes
117982,Yes
117983,Yes
117984,No
117985,No
117986,No
117987,Yes
117988,No
117989,Yes
117990,Yes
117991,No
117992,No
117993,No
117994,Yes
117995,No
117996,No
117997,No
117998,Yes
117999,Yes
118000,Yes
118001,Yes
118002,Yes
118003,No
118004,Yes
118005,Yes
118006,Yes
118007,No
118008,Yes
118009,Yes
118010,Yes
118011,No
118012,No
118013,Yes
118014,Yes
118015,No
118016,Yes
118017,No
118018,Yes
118019,Yes
118020,Yes
118021,No
118022,Yes
118023,No
118024,Yes
118025,Yes
118026,Yes
118027,No
118028,Yes
118029,No
118030,Yes
118031,No
118032,Yes
118033,Yes
118034,Yes
118035,Yes
118036,Yes
118037,No
118038,No
118039,Yes
118040,No
118041,Yes
118042,Yes
118043,No
118044,No
118045,Yes
118046,No
118047,No
118048,No
118049,No
118050,Yes
118051,Yes
118052,No
118053,Yes
118054,Yes
118055,Yes
118056,No
118057,No
118058,No
118059,Yes
118060,No
118061,No
118062,No
118063,Yes
118064,No
118065,Yes
118066,Yes
118067,Yes
118068,Yes
118069,Yes
118070,Yes
118071,No
118072,No
118073,No
118074,Yes
118075,Yes
118076,Yes
118077,Yes
118078,No
118079,Yes
118080,Yes
118081,Yes
118082,Yes
118083,No
118084,No
118085,Yes
118086,Yes
118087,No
118088,No
118089,No
118090,No
118091,Yes
118092,No
118093,No
118094,No
118095,No
118096,Yes
118097,No
118098,Yes
118099,Yes
118100,Yes
118101,No
118102,No
118103,Yes
118104,Yes
118105,No
118106,Yes
118107,Yes
118108,Yes
118109,Yes
118110,No
118111,No
118112,No
118113,No
118114,No
118115,Yes
118116,Yes
118117,Yes
118118,Yes
118119,No
118120,No
118121,No
118122,Yes
118123,No
118124,Yes
118125,No
118126,No
118127,No
118128,Yes
118129,No
118130,Yes
118131,No
118132,Yes
118133,No
118134,No
118135,Yes
118136,No
118137,Yes
118138,Yes
118139,No
118140,Yes
118141,No
118142,Yes
118143,No
118144,Yes
118145,Yes
118146,No
118147,Yes
118148,Yes
118149,No
118150,Yes
118151,Yes
118152,Yes
118153,Yes
118154,No
118155,No
118156,Yes
118157,No
118158,No
118159,No
118160,No
118161,No
118162,Yes
118163,No
118164,Yes
118165,No
118166,Yes
118167,Yes
118168,Yes
118169,Yes
118170,No
118171,Yes
118172,Yes
118173,No
118174,Yes
118175,No
118176,No
118177,No
118178,No
118179,No
118180,Yes
118181,Yes
118182,No
118183,Yes
118184,Yes
118185,Yes
118186,Yes
118187,No
118188,Yes
118189,No
118190,Yes
118191,Yes
118192,Yes
118193,Yes
118194,Yes
118195,No
118196,Yes
118197,No
118198,No
118199,No
118200,No
118201,Yes
118202,Yes
118203,Yes
118204,No
118205,Yes
118206,No
118207,Yes
118208,No
118209,No
118210,Yes
118211,Yes
118212,No
118213,Yes
118214,No
118215,Yes
118216,Yes
118217,Yes
118218,Yes
118219,Yes
118220,Yes
118221,Yes
118222,No
118223,Yes
118224,No
118225,Yes
118226,Yes
118227,Yes
118228,Yes
118229,No
118230,No
118231,Yes
118232,Yes
118233,Yes
118234,No
118235,Yes
118236,No
118237,Yes
118238,Yes
118239,Yes
118240,Yes
118241,Yes
118242,Yes
118243,No
118244,Yes
118245,No
118246,No
118247,Yes
118248,Yes
118249,Yes
118250,Yes
118251,No
118252,Yes
118253,No
118254,No
118255,Yes
118256,Yes
118257,No
118258,Yes
118259,Yes
118260,Yes
118261,Yes
118262,Yes
118263,Yes
118264,Yes
118265,No
118266,Yes
118267,No
118268,Yes
118269,Yes
118270,Yes
118271,No
118272,No
118273,No
118274,Yes
118275,No
118276,Yes
118277,No
118278,No
118279,Yes
118280,No
118281,No
118282,Yes
118283,Yes
118284,Yes
118285,Yes
118286,Yes
118287,Yes
118288,No
118289,No
118290,No
118291,Yes
118292,Yes
118293,Yes
118294,No
118295,Yes
118296,Yes
118297,Yes
118298,Yes
118299,Yes
118300,Yes
118301,No
118302,No
118303,No
118304,Yes
118305,Yes
118306,Yes
118307,Yes
118308,Yes
118309,Yes
118310,Yes
118311,Yes
118312,Yes
118313,No
118314,No
118315,No
118316,No
118317,No
118318,Yes
118319,Yes
118320,Yes
118321,Yes
118322,Yes
118323,Yes
118324,No
118325,Yes
118326,Yes
118327,Yes
118328,Yes
118329,Yes
118330,Yes
118331,No
118332,Yes
118333,No
118334,Yes
118335,Yes
118336,No
118337,Yes
118338,Yes
118339,Yes
118340,Yes
118341,Yes
118342,No
118343,No
118344,Yes
118345,Yes
118346,Yes
118347,Yes
118348,Yes
118349,Yes
118350,Yes
118351,No
118352,No
118353,Yes
118354,No
118355,Yes
118356,Yes
118357,No
118358,No
118359,No
118360,Yes
118361,Yes
118362,No
118363,No
118364,Yes
118365,No
118366,Yes
118367,Yes
118368,No
118369,No
118370,Yes
118371,Yes
118372,No
118373,No
118374,Yes
118375,Yes
118376,No
118377,No
118378,No
118379,Yes
118380,Yes
118381,No
118382,Yes
118383,Yes
118384,No
118385,No
118386,Yes
118387,Yes
118388,Yes
118389,No
118390,Yes
118391,No
118392,Yes
118393,Yes
118394,Yes
118395,Yes
118396,Yes
118397,Yes
118398,Yes
118399,Yes
118400,No
118401,No
118402,Yes
118403,Yes
118404,Yes
118405,Yes
118406,No
118407,Yes
118408,No
118409,Yes
118410,Yes
118411,Yes
118412,No
118413,No
118414,No
118415,No
118416,Yes
118417,Yes
118418,Yes
118419,Yes
118420,Yes
118421,No
118422,No
118423,Yes
118424,Yes
118425,Yes
118426,Yes
118427,No
118428,Yes
118429,No
118430,Yes
118431,Yes
118432,Yes
118433,No
118434,Yes
118435,Yes
118436,No
118437,Yes
118438,Yes
118439,Yes
118440,No
118441,Yes
118442,Yes
118443,No
118444,No
118445,No
118446,No
118447,Yes
118448,Yes
118449,Yes
118450,Yes
118451,Yes
118452,Yes
118453,Yes
118454,Yes
118455,Yes
118456,Yes
118457,No
118458,Yes
118459,No
118460,No
118461,Yes
118462,No
118463,Yes
118464,No
118465,Yes
118466,No
118467,Yes
118468,Yes
118469,No
118470,No
118471,Yes
118472,No
118473,Yes
118474,No
118475,No
118476,No
118477,No
118478,No
118479,No
118480,Yes
118481,Yes
118482,No
118483,No
118484,No
118485,No
118486,No
118487,Yes
118488,No
118489,Yes
118490,Yes
118491,Yes
118492,No
118493,No
118494,Yes
118495,No
118496,No
118497,No
118498,No
118499,No
118500,No
118501,No
118502,No
118503,Yes
118504,Yes
118505,Yes
118506,Yes
118507,Yes
118508,No
118509,No
118510,Yes
118511,No
118512,No
118513,No
118514,No
118515,No
118516,No
118517,Yes
118518,Yes
118519,Yes
118520,Yes
118521,No
118522,Yes
118523,No
118524,Yes
118525,Yes
118526,Yes
118527,Yes
118528,Yes
118529,No
118530,Yes
118531,Yes
118532,Yes
118533,Yes
118534,Yes
118535,No
118536,Yes
118537,No
118538,No
118539,Yes
118540,Yes
118541,Yes
118542,No
118543,Yes
118544,Yes
118545,No
118546,Yes
118547,No
118548,No
118549,Yes
118550,Yes
118551,Yes
118552,Yes
118553,Yes
118554,No
118555,Yes
118556,No
118557,Yes
118558,Yes
118559,No
118560,Yes
118561,Yes
118562,Yes
118563,No
118564,Yes
118565,No
118566,Yes
118567,Yes
118568,Yes
118569,Yes
118570,No
118571,No
118572,No
118573,Yes
118574,No
118575,Yes
118576,No
118577,Yes
118578,Yes
118579,Yes
118580,No
118581,Yes
118582,Yes
118583,Yes
118584,No
118585,No
118586,No
118587,No
118588,No
118589,Yes
118590,No
118591,Yes
118592,No
118593,No
118594,No
118595,Yes
118596,Yes
118597,No
118598,No
118599,Yes
118600,No
118601,Yes
118602,Yes
118603,Yes
118604,Yes
118605,Yes
118606,No
118607,Yes
118608,No
118609,Yes
118610,No
118611,Yes
118612,Yes
118613,No
118614,Yes
118615,No
118616,Yes
118617,Yes
118618,No
118619,Yes
118620,Yes
118621,Yes
118622,Yes
118623,No
118624,No
118625,Yes
118626,Yes
118627,No
118628,Yes
118629,No
118630,Yes
118631,Yes
118632,No
118633,Yes
118634,Yes
118635,Yes
118636,Yes
118637,No
118638,Yes
118639,Yes
118640,Yes
118641,Yes
118642,Yes
118643,Yes
118644,Yes
118645,No
118646,Yes
118647,Yes
118648,No
118649,No
118650,Yes
118651,Yes
118652,Yes
118653,No
118654,Yes
118655,Yes
118656,Yes
118657,Yes
118658,Yes
118659,Yes
118660,Yes
118661,No
118662,Yes
118663,No
118664,Yes
118665,Yes
118666,Yes
118667,No
118668,Yes
118669,No
118670,No
118671,Yes
118672,Yes
118673,Yes
118674,Yes
118675,No
118676,Yes
118677,Yes
118678,Yes
118679,Yes
118680,Yes
118681,Yes
118682,No
118683,No
118684,No
118685,Yes
118686,No
118687,No
118688,No
118689,Yes
118690,Yes
118691,No
118692,No
118693,Yes
118694,Yes
118695,No
118696,Yes
118697,Yes
118698,No
118699,No
118700,No
118701,Yes
118702,Yes
118703,No
118704,No
118705,Yes
118706,Yes
118707,No
118708,No
118709,No
118710,Yes
118711,Yes
118712,Yes
118713,Yes
118714,Yes
118715,Yes
118716,Yes
118717,No
118718,No
118719,No
118720,No
118721,Yes
118722,No
118723,Yes
118724,No
118725,Yes
118726,No
118727,Yes
118728,No
118729,No
118730,Yes
118731,No
118732,Yes
118733,Yes
118734,No
118735,Yes
118736,Yes
118737,No
118738,No
118739,No
118740,Yes
118741,Yes
118742,Yes
118743,Yes
118744,Yes
118745,No
118746,No
118747,Yes
118748,No
118749,No
118750,No
118751,No
118752,No
118753,No
118754,Yes
118755,Yes
118756,No
118757,No
118758,Yes
118759,Yes
118760,No
118761,Yes
118762,Yes
118763,Yes
118764,No
118765,Yes
118766,No
118767,Yes
118768,No
118769,Yes
118770,Yes
118771,Yes
118772,Yes
118773,No
118774,No
118775,No
118776,Yes
118777,Yes
118778,No
118779,Yes
118780,Yes
118781,Yes
118782,Yes
118783,Yes
118784,No
118785,No
118786,Yes
118787,Yes
118788,No
118789,No
118790,Yes
118791,No
118792,No
118793,No
118794,No
118795,Yes
118796,Yes
118797,Yes
118798,Yes
118799,Yes
118800,Yes
118801,Yes
118802,No
118803,No
118804,No
118805,Yes
118806,Yes
118807,Yes
118808,Yes
118809,No
118810,No
118811,Yes
118812,Yes
118813,Yes
118814,No
118815,Yes
118816,Yes
118817,No
118818,Yes
118819,Yes
118820,Yes
118821,Yes
118822,Yes
118823,No
118824,Yes
118825,No
118826,No
118827,Yes
118828,Yes
118829,Yes
118830,Yes
118831,Yes
118832,No
118833,Yes
118834,Yes
118835,No
118836,Yes
118837,Yes
118838,Yes
118839,No
118840,No
118841,Yes
118842,Yes
118843,Yes
118844,Yes
118845,Yes
118846,Yes
118847,No
118848,Yes
118849,Yes
118850,No
118851,Yes
118852,Yes
118853,No
118854,Yes
118855,Yes
118856,No
118857,Yes
118858,Yes
118859,No
118860,Yes
118861,Yes
118862,Yes
118863,Yes
118864,No
118865,No
118866,Yes
118867,Yes
118868,No
118869,No
118870,Yes
118871,Yes
118872,No
118873,Yes
118874,Yes
118875,No
118876,Yes
118877,Yes
118878,Yes
118879,Yes
118880,Yes
118881,Yes
118882,No
118883,No
118884,No
118885,Yes
118886,Yes
118887,No
118888,Yes
118889,Yes
118890,No
118891,No
118892,No
118893,No
118894,No
118895,No
118896,Yes
118897,Yes
118898,Yes
118899,No
118900,Yes
118901,No
118902,Yes
118903,Yes
118904,Yes
118905,No
118906,No
118907,No
118908,No
118909,No
118910,Yes
118911,Yes
118912,No
118913,Yes
118914,Yes
118915,Yes
118916,Yes
118917,Yes
118918,No
118919,No
118920,Yes
118921,Yes
118922,Yes
118923,Yes
118924,Yes
118925,Yes
118926,No
118927,No
118928,No
118929,No
118930,Yes
118931,Yes
118932,Yes
118933,Yes
118934,No
118935,Yes
118936,Yes
118937,No
118938,Yes
118939,Yes
118940,Yes
118941,Yes
118942,No
118943,Yes
118944,Yes
118945,Yes
118946,Yes
118947,No
118948,No
118949,Yes
118950,No
118951,Yes
118952,Yes
118953,Yes
118954,Yes
118955,Yes
118956,No
118957,Yes
118958,Yes
118959,No
118960,No
118961,Yes
118962,Yes
118963,No
118964,Yes
118965,Yes
118966,Yes
118967,No
118968,Yes
118969,No
118970,Yes
118971,No
118972,Yes
118973,No
118974,Yes
118975,No
118976,No
118977,No
118978,No
118979,Yes
118980,Yes
118981,No
118982,Yes
118983,No
118984,Yes
118985,Yes
118986,No
118987,No
118988,No
118989,No
118990,No
118991,No
118992,Yes
118993,Yes
118994,Yes
118995,No
118996,No
118997,Yes
118998,Yes
118999,Yes
119000,Yes
119001,No
119002,Yes
119003,No
119004,No
119005,Yes
119006,No
119007,No
119008,No
119009,No
119010,Yes
119011,No
119012,Yes
119013,Yes
119014,Yes
119015,Yes
119016,No
119017,Yes
119018,Yes
119019,No
119020,No
119021,No
119022,Yes
119023,Yes
119024,Yes
119025,Yes
119026,No
119027,Yes
119028,Yes
119029,Yes
119030,Yes
119031,Yes
119032,No
119033,No
119034,No
119035,Yes
119036,Yes
119037,No
119038,Yes
119039,No
119040,Yes
119041,Yes
119042,Yes
119043,No
119044,No
119045,Yes
119046,Yes
119047,Yes
119048,Yes
119049,No
119050,Yes
119051,Yes
119052,Yes
119053,No
119054,No
119055,Yes
119056,No
119057,Yes
119058,Yes
119059,Yes
119060,Yes
119061,Yes
119062,Yes
119063,Yes
119064,No
119065,Yes
119066,Yes
119067,Yes
119068,Yes
119069,Yes
119070,Yes
119071,No
119072,Yes
119073,Yes
119074,Yes
119075,No
119076,Yes
119077,Yes
119078,No
119079,Yes
119080,Yes
119081,No
119082,Yes
119083,Yes
119084,Yes
119085,Yes
119086,Yes
119087,No
119088,Yes
119089,No
119090,No
119091,Yes
119092,No
119093,Yes
119094,Yes
119095,No
119096,Yes
119097,No
119098,Yes
119099,Yes
119100,No
119101,Yes
119102,No
119103,No
119104,Yes
119105,Yes
119106,No
119107,No
119108,Yes
119109,No
119110,No
119111,Yes
119112,No
119113,Yes
119114,Yes
119115,Yes
119116,Yes
119117,No
119118,No
119119,Yes
119120,Yes
119121,No
119122,Yes
119123,No
119124,No
119125,Yes
119126,No
119127,Yes
119128,Yes
119129,No
119130,No
119131,No
119132,No
119133,No
119134,No
119135,Yes
119136,No
119137,No
119138,Yes
119139,No
119140,No
119141,No
119142,No
119143,Yes
119144,Yes
119145,No
119146,Yes
119147,Yes
119148,Yes
119149,Yes
119150,No
119151,Yes
119152,Yes
119153,No
119154,Yes
119155,No
119156,No
119157,No
119158,Yes
119159,Yes
119160,Yes
119161,No
119162,No
119163,Yes
119164,No
119165,Yes
119166,Yes
119167,No
119168,Yes
119169,No
119170,Yes
119171,Yes
119172,No
119173,Yes
119174,No
119175,No
119176,Yes
119177,No
119178,Yes
119179,Yes
119180,Yes
119181,No
119182,Yes
119183,Yes
119184,Yes
119185,No
119186,Yes
119187,Yes
119188,Yes
119189,Yes
119190,Yes
119191,Yes
119192,No
119193,Yes
119194,No
119195,No
119196,No
119197,No
119198,No
119199,No
119200,No
119201,No
119202,No
119203,Yes
119204,No
119205,Yes
119206,Yes
119207,No
119208,Yes
119209,Yes
119210,No
119211,Yes
119212,No
119213,Yes
119214,No
119215,No
119216,Yes
119217,Yes
119218,Yes
119219,No
119220,Yes
119221,No
119222,Yes
119223,No
119224,No
119225,Yes
119226,Yes
119227,Yes
119228,No
119229,No
119230,No
119231,No
119232,Yes
119233,No
119234,Yes
119235,Yes
119236,Yes
119237,Yes
119238,No
119239,Yes
119240,Yes
119241,No
119242,Yes
119243,Yes
119244,No
119245,Yes
119246,Yes
119247,No
119248,No
119249,Yes
119250,Yes
119251,No
119252,Yes
119253,Yes
119254,Yes
119255,Yes
119256,No
119257,Yes
119258,No
119259,Yes
119260,No
119261,No
119262,Yes
119263,Yes
119264,Yes
119265,Yes
119266,Yes
119267,No
119268,Yes
119269,Yes
119270,Yes
119271,No
119272,Yes
119273,Yes
119274,Yes
119275,No
119276,Yes
119277,Yes
119278,No
119279,No
119280,Yes
119281,Yes
119282,No
119283,Yes
119284,Yes
119285,Yes
119286,Yes
119287,Yes
119288,No
119289,No
119290,Yes
119291,No
119292,Yes
119293,No
119294,Yes
119295,No
119296,No
119297,No
119298,Yes
119299,Yes
119300,Yes
119301,No
119302,Yes
119303,Yes
119304,No
119305,Yes
119306,No
119307,No
119308,Yes
119309,No
119310,Yes
119311,Yes
119312,No
119313,No
119314,Yes
119315,No
119316,Yes
119317,No
119318,Yes
119319,Yes
119320,Yes
119321,No
119322,Yes
119323,Yes
119324,No
119325,No
119326,Yes
119327,No
119328,No
119329,No
119330,Yes
119331,Yes
119332,Yes
119333,Yes
119334,No
119335,No
119336,Yes
119337,No
119338,No
119339,No
119340,Yes
119341,Yes
119342,Yes
119343,Yes
119344,No
119345,Yes
119346,No
119347,Yes
119348,No
119349,No
119350,Yes
119351,No
119352,Yes
119353,Yes
119354,Yes
119355,No
119356,No
119357,Yes
119358,No
119359,No
119360,No
119361,Yes
119362,No
119363,Yes
119364,Yes
119365,Yes
119366,Yes
119367,No
119368,Yes
119369,Yes
119370,Yes
119371,No
119372,No
119373,Yes
119374,Yes
119375,No
119376,No
119377,Yes
119378,No
119379,No
119380,No
119381,Yes
119382,Yes
119383,No
119384,No
119385,No
119386,Yes
119387,No
119388,No
119389,Yes
119390,No
119391,No
119392,Yes
119393,Yes
119394,No
119395,Yes
119396,No
119397,Yes
119398,No
119399,No
119400,Yes
119401,Yes
119402,No
119403,Yes
119404,Yes
119405,No
119406,No
119407,Yes
119408,No
119409,Yes
119410,Yes
119411,No
119412,Yes
119413,No
119414,Yes
119415,Yes
119416,Yes
119417,Yes
119418,Yes
119419,No
119420,No
119421,Yes
119422,Yes
119423,Yes
119424,Yes
119425,Yes
119426,Yes
119427,Yes
119428,No
119429,No
119430,Yes
119431,Yes
119432,No
119433,No
119434,Yes
119435,Yes
119436,Yes
119437,Yes
119438,Yes
119439,Yes
119440,No
119441,No
119442,No
119443,No
119444,Yes
119445,No
119446,No
119447,No
119448,Yes
119449,No
119450,Yes
119451,Yes
119452,No
119453,No
119454,No
119455,Yes
119456,Yes
119457,No
119458,No
119459,Yes
119460,Yes
119461,Yes
119462,Yes
119463,Yes
119464,Yes
119465,Yes
119466,Yes
119467,Yes
119468,Yes
119469,Yes
119470,No
119471,Yes
119472,No
119473,Yes
119474,No
119475,No
119476,No
119477,No
119478,No
119479,Yes
119480,Yes
119481,No
119482,No
119483,No
119484,No
119485,Yes
119486,No
119487,No
119488,No
119489,Yes
119490,Yes
119491,Yes
119492,Yes
119493,Yes
119494,Yes
119495,No
119496,Yes
119497,No
119498,Yes
119499,No
119500,No
119501,Yes
119502,Yes
119503,No
119504,No
119505,Yes
119506,Yes
119507,No
119508,Yes
119509,Yes
119510,No
119511,No
119512,Yes
119513,Yes
119514,Yes
119515,Yes
119516,Yes
119517,Yes
119518,No
119519,No
119520,Yes
119521,No
119522,Yes
119523,Yes
119524,Yes
119525,No
119526,Yes
119527,Yes
119528,Yes
119529,Yes
119530,Yes
119531,Yes
119532,Yes
119533,Yes
119534,Yes
119535,No
119536,Yes
119537,No
119538,Yes
119539,No
119540,Yes
119541,No
119542,No
119543,Yes
119544,No
119545,Yes
119546,Yes
119547,No
119548,Yes
119549,No
119550,No
119551,No
119552,No
119553,Yes
119554,No
119555,Yes
119556,Yes
119557,Yes
119558,No
119559,Yes
119560,No
119561,Yes
119562,Yes
119563,Yes
119564,No
119565,No
119566,No
119567,No
119568,No
119569,No
119570,Yes
119571,Yes
119572,Yes
119573,Yes
119574,Yes
119575,Yes
119576,No
119577,No
119578,No
119579,Yes
119580,Yes
119581,Yes
119582,Yes
119583,No
119584,Yes
119585,No
119586,No
119587,No
119588,No
119589,No
119590,Yes
119591,No
119592,No
119593,No
119594,No
119595,Yes
119596,No
119597,Yes
119598,Yes
119599,Yes
119600,Yes
119601,Yes
119602,Yes
119603,Yes
119604,Yes
119605,No
119606,Yes
119607,No
119608,Yes
119609,No
119610,No
119611,Yes
119612,No
119613,No
119614,No
119615,Yes
119616,No
119617,Yes
119618,No
119619,No
119620,Yes
119621,No
119622,No
119623,No
119624,Yes
119625,Yes
119626,No
119627,No
119628,Yes
119629,No
119630,Yes
119631,No
119632,Yes
119633,Yes
119634,Yes
119635,No
119636,Yes
119637,No
119638,Yes
119639,Yes
119640,Yes
119641,No
119642,Yes
119643,No
119644,Yes
119645,Yes
119646,Yes
119647,Yes
119648,No
119649,No
119650,No
119651,No
119652,No
119653,Yes
119654,No
119655,No
119656,Yes
119657,Yes
119658,Yes
119659,No
119660,No
119661,No
119662,No
119663,Yes
119664,No
119665,Yes
119666,Yes
119667,Yes
119668,Yes
119669,Yes
119670,No
119671,Yes
119672,No
119673,Yes
119674,No
119675,Yes
119676,No
119677,Yes
119678,Yes
119679,No
119680,No
119681,Yes
119682,Yes
119683,No
119684,No
119685,Yes
119686,Yes
119687,Yes
119688,No
119689,Yes
119690,Yes
119691,Yes
119692,Yes
119693,No
119694,Yes
119695,Yes
119696,No
119697,Yes
119698,Yes
119699,Yes
119700,Yes
119701,Yes
119702,No
119703,Yes
119704,No
119705,Yes
119706,Yes
119707,Yes
119708,Yes
119709,No
119710,Yes
119711,Yes
119712,No
119713,Yes
119714,Yes
119715,Yes
119716,No
119717,No
119718,No
119719,No
119720,Yes
119721,Yes
119722,Yes
119723,Yes
119724,Yes
119725,No
119726,Yes
119727,Yes
119728,No
119729,No
119730,No
119731,Yes
119732,Yes
119733,Yes
119734,Yes
119735,No
119736,Yes
119737,No
119738,Yes
119739,No
119740,Yes
119741,Yes
119742,Yes
119743,No
119744,No
119745,No
119746,Yes
119747,No
119748,No
119749,Yes
119750,No
119751,Yes
119752,Yes
119753,Yes
119754,Yes
119755,No
119756,No
119757,No
119758,Yes
119759,No
119760,Yes
119761,Yes
119762,No
119763,Yes
119764,Yes
119765,Yes
119766,No
119767,No
119768,No
119769,Yes
119770,No
119771,No
119772,No
119773,No
119774,Yes
119775,Yes
119776,Yes
119777,No
119778,Yes
119779,No
119780,Yes
119781,Yes
119782,Yes
119783,No
119784,Yes
119785,No
119786,No
119787,Yes
119788,Yes
119789,Yes
119790,No
119791,Yes
119792,Yes
119793,Yes
119794,Yes
119795,Yes
119796,No
119797,Yes
119798,Yes
119799,No
119800,Yes
119801,Yes
119802,No
119803,No
119804,Yes
119805,Yes
119806,No
119807,No
119808,Yes
119809,Yes
119810,Yes
119811,Yes
119812,No
119813,No
119814,No
119815,Yes
119816,Yes
119817,No
119818,Yes
119819,No
119820,Yes
119821,No
119822,No
119823,No
119824,Yes
119825,Yes
119826,No
119827,No
119828,No
119829,Yes
119830,No
119831,Yes
119832,Yes
119833,Yes
119834,No
119835,Yes
119836,No
119837,No
119838,Yes
119839,No
119840,No
119841,Yes
119842,Yes
119843,Yes
119844,Yes
119845,Yes
119846,Yes
119847,No
119848,Yes
119849,Yes
119850,Yes
119851,Yes
119852,No
119853,Yes
119854,No
119855,Yes
119856,Yes
119857,No
119858,No
119859,Yes
119860,Yes
119861,Yes
119862,Yes
119863,Yes
119864,No
119865,Yes
119866,Yes
119867,No
119868,Yes
119869,Yes
119870,Yes
119871,No
119872,No
119873,Yes
119874,Yes
119875,No
119876,No
119877,Yes
119878,No
119879,No
119880,No
119881,Yes
119882,Yes
119883,Yes
119884,Yes
119885,Yes
119886,No
119887,Yes
119888,No
119889,No
119890,No
119891,Yes
119892,Yes
119893,Yes
119894,Yes
119895,No
119896,No
119897,No
119898,Yes
119899,Yes
119900,Yes
119901,Yes
119902,Yes
119903,Yes
119904,No
119905,Yes
119906,No
119907,Yes
119908,No
119909,No
119910,No
119911,No
119912,Yes
119913,No
119914,No
119915,Yes
119916,Yes
119917,No
119918,Yes
119919,No
119920,Yes
119921,Yes
119922,No
119923,Yes
119924,No
119925,No
119926,No
119927,No
119928,Yes
119929,Yes
119930,Yes
119931,No
119932,No
119933,No
119934,No
119935,Yes
119936,No
119937,No
119938,Yes
119939,Yes
119940,Yes
119941,Yes
119942,Yes
119943,No
119944,Yes
119945,Yes
119946,Yes
119947,Yes
119948,Yes
119949,Yes
119950,No
119951,No
119952,Yes
119953,Yes
119954,No
119955,Yes
119956,Yes
119957,Yes
119958,Yes
119959,Yes
119960,No
119961,No
119962,Yes
119963,No
119964,No
119965,Yes
119966,No
119967,Yes
119968,Yes
119969,Yes
119970,No
119971,No
119972,Yes
119973,Yes
119974,No
119975,No
119976,Yes
119977,No
119978,Yes
119979,Yes
119980,Yes
119981,Yes
119982,Yes
119983,Yes
119984,No
119985,Yes
119986,Yes
119987,No
119988,No
119989,No
119990,Yes
119991,Yes
119992,No
119993,Yes
119994,Yes
119995,No
119996,No
119997,Yes
119998,No
119999,Yes
120000,No
120001,Yes
120002,Yes
120003,Yes
120004,No
120005,Yes
120006,No
120007,Yes
120008,No
120009,No
120010,Yes
120011,Yes
120012,Yes
120013,Yes
120014,Yes
120015,Yes
120016,Yes
120017,Yes
120018,No
120019,Yes
120020,Yes
120021,No
120022,No
120023,No
120024,No
120025,No
120026,Yes
120027,Yes
120028,No
120029,Yes
120030,No
120031,No
120032,Yes
120033,No
120034,No
120035,Yes
120036,No
120037,Yes
120038,Yes
120039,Yes
120040,No
120041,No
120042,Yes
120043,No
120044,Yes
120045,Yes
120046,Yes
120047,No
120048,Yes
120049,No
120050,Yes
120051,Yes
120052,No
120053,Yes
120054,No
120055,No
120056,Yes
120057,No
120058,Yes
120059,Yes
120060,Yes
120061,No
120062,Yes
120063,Yes
120064,Yes
120065,Yes
120066,Yes
120067,No
120068,No
120069,No
120070,Yes
120071,Yes
120072,Yes
120073,Yes
120074,Yes
120075,Yes
120076,Yes
120077,No
120078,Yes
120079,No
120080,Yes
120081,No
120082,Yes
120083,Yes
120084,Yes
120085,No
120086,Yes
120087,Yes
120088,No
120089,Yes
120090,Yes
120091,Yes
120092,Yes
120093,Yes
120094,Yes
120095,No
120096,No
120097,Yes
120098,Yes
120099,No
120100,Yes
120101,Yes
120102,No
120103,Yes
120104,Yes
120105,Yes
120106,Yes
120107,Yes
120108,Yes
120109,Yes
120110,No
120111,Yes
120112,Yes
120113,No
120114,Yes
120115,Yes
120116,Yes
120117,Yes
120118,Yes
120119,No
120120,Yes
120121,Yes
120122,Yes
120123,Yes
120124,No
120125,No
120126,No
120127,No
120128,No
120129,Yes
120130,No
120131,No
120132,Yes
120133,No
120134,Yes
120135,Yes
120136,Yes
120137,Yes
120138,No
120139,Yes
120140,Yes
120141,Yes
120142,Yes
120143,No
120144,No
120145,No
120146,No
120147,Yes
120148,No
120149,No
120150,Yes
120151,Yes
120152,Yes
120153,Yes
120154,No
120155,Yes
120156,No
120157,No
120158,Yes
120159,No
120160,No
120161,No
120162,Yes
120163,Yes
120164,No
120165,Yes
120166,Yes
120167,No
120168,Yes
120169,Yes
120170,Yes
120171,Yes
120172,Yes
120173,No
120174,No
120175,Yes
120176,No
120177,Yes
120178,No
120179,No
120180,No
120181,No
120182,Yes
120183,No
120184,Yes
120185,No
120186,Yes
120187,Yes
120188,Yes
120189,No
120190,No
120191,Yes
120192,Yes
120193,Yes
120194,Yes
120195,Yes
120196,Yes
120197,Yes
120198,No
120199,Yes
120200,Yes
120201,Yes
120202,No
120203,Yes
120204,No
120205,No
120206,No
120207,No
120208,No
120209,Yes
120210,Yes
120211,No
120212,Yes
120213,Yes
120214,Yes
120215,No
120216,Yes
120217,Yes
120218,Yes
120219,Yes
120220,Yes
120221,No
120222,Yes
120223,Yes
120224,Yes
120225,No
120226,No
120227,Yes
120228,Yes
120229,Yes
120230,No
120231,No
120232,Yes
120233,Yes
120234,No
120235,Yes
120236,No
120237,Yes
120238,Yes
120239,Yes
120240,No
120241,Yes
120242,Yes
120243,Yes
120244,No
120245,Yes
120246,Yes
120247,No
120248,Yes
120249,Yes
120250,Yes
120251,Yes
120252,Yes
120253,Yes
120254,Yes
120255,No
120256,No
120257,No
120258,Yes
120259,Yes
120260,No
120261,Yes
120262,Yes
120263,No
120264,Yes
120265,No
120266,Yes
120267,Yes
120268,No
120269,No
120270,No
120271,Yes
120272,Yes
120273,Yes
120274,No
120275,Yes
120276,No
120277,Yes
120278,Yes
120279,Yes
120280,Yes
120281,No
120282,Yes
120283,Yes
120284,No
120285,No
120286,No
120287,Yes
120288,Yes
120289,Yes
120290,Yes
120291,Yes
120292,Yes
120293,Yes
120294,No
120295,No
120296,No
120297,Yes
120298,No
120299,Yes
120300,No
120301,No
120302,No
120303,Yes
120304,Yes
120305,Yes
120306,No
120307,Yes
120308,No
120309,Yes
120310,Yes
120311,No
120312,Yes
120313,No
120314,Yes
120315,No
120316,Yes
120317,Yes
120318,Yes
120319,No
120320,Yes
120321,No
120322,No
120323,Yes
120324,No
120325,Yes
120326,No
120327,Yes
120328,No
120329,Yes
120330,Yes
120331,No
120332,No
120333,Yes
120334,Yes
120335,No
120336,No
120337,No
120338,Yes
120339,No
120340,No
120341,Yes
120342,Yes
120343,No
120344,No
120345,Yes
120346,Yes
120347,Yes
120348,No
120349,Yes
120350,No
120351,Yes
120352,No
120353,No
120354,Yes
120355,No
120356,Yes
120357,Yes
120358,No
120359,No
120360,No
120361,Yes
120362,No
120363,No
120364,Yes
120365,No
120366,Yes
120367,No
120368,Yes
120369,Yes
120370,Yes
120371,No
120372,Yes
120373,Yes
120374,No
120375,Yes
120376,Yes
120377,Yes
120378,Yes
120379,No
120380,Yes
120381,No
120382,Yes
120383,Yes
120384,No
120385,Yes
120386,Yes
120387,Yes
120388,Yes
120389,No
120390,Yes
120391,No
120392,Yes
120393,Yes
120394,Yes
120395,Yes
120396,No
120397,No
120398,No
120399,No
120400,No
120401,Yes
120402,No
120403,No
120404,Yes
120405,No
120406,Yes
120407,Yes
120408,No
120409,Yes
120410,No
120411,No
120412,Yes
120413,Yes
120414,Yes
120415,No
120416,Yes
120417,No
120418,No
120419,Yes
120420,No
120421,No
120422,Yes
120423,No
120424,No
120425,Yes
120426,No
120427,No
120428,Yes
120429,No
120430,No
120431,No
120432,No
120433,Yes
120434,No
120435,No
120436,Yes
120437,Yes
120438,No
120439,Yes
120440,No
120441,Yes
120442,Yes
120443,Yes
120444,No
120445,No
120446,Yes
120447,No
120448,Yes
120449,Yes
120450,Yes
120451,No
120452,Yes
120453,No
120454,Yes
120455,No
120456,Yes
120457,Yes
120458,No
120459,Yes
120460,No
120461,No
120462,Yes
120463,No
120464,Yes
120465,Yes
120466,No
120467,Yes
120468,No
120469,Yes
120470,Yes
120471,Yes
120472,No
120473,Yes
120474,No
120475,Yes
120476,Yes
120477,Yes
120478,Yes
120479,Yes
120480,No
120481,No
120482,No
120483,Yes
120484,Yes
120485,No
120486,Yes
120487,Yes
120488,No
120489,No
120490,No
120491,No
120492,Yes
120493,No
120494,No
120495,No
120496,No
120497,Yes
120498,Yes
120499,No
120500,Yes
120501,Yes
120502,No
120503,Yes
120504,Yes
120505,Yes
120506,Yes
120507,No
120508,Yes
120509,No
120510,No
120511,No
120512,No
120513,No
120514,Yes
120515,No
120516,No
120517,Yes
120518,Yes
120519,Yes
120520,No
120521,No
120522,No
120523,No
120524,Yes
120525,No
120526,Yes
120527,No
120528,Yes
120529,Yes
120530,No
120531,Yes
120532,No
120533,Yes
120534,Yes
120535,No
120536,No
120537,No
120538,No
120539,Yes
120540,No
120541,Yes
120542,No
120543,No
120544,No
120545,No
120546,Yes
120547,Yes
120548,No
120549,No
120550,Yes
120551,Yes
120552,Yes
120553,Yes
120554,No
120555,Yes
120556,Yes
120557,No
120558,Yes
120559,No
120560,No
120561,Yes
120562,Yes
120563,No
120564,No
120565,Yes
120566,No
120567,No
120568,Yes
120569,Yes
120570,No
120571,Yes
120572,Yes
120573,Yes
120574,Yes
120575,Yes
120576,Yes
120577,Yes
120578,No
120579,Yes
120580,No
120581,No
120582,Yes
120583,No
120584,No
120585,No
120586,No
120587,Yes
120588,Yes
120589,No
120590,No
120591,Yes
120592,Yes
120593,Yes
120594,No
120595,No
120596,Yes
120597,Yes
120598,Yes
120599,Yes
120600,No
120601,Yes
120602,No
120603,Yes
120604,No
120605,Yes
120606,Yes
120607,No
120608,No
120609,Yes
120610,Yes
120611,No
120612,Yes
120613,Yes
120614,Yes
120615,No
120616,Yes
120617,Yes
120618,Yes
120619,No
120620,No
120621,No
120622,No
120623,Yes
120624,No
120625,Yes
120626,No
120627,No
120628,Yes
120629,Yes
120630,Yes
120631,No
120632,Yes
120633,Yes
120634,Yes
120635,No
120636,Yes
120637,Yes
120638,Yes
120639,Yes
120640,No
120641,No
120642,No
120643,No
120644,Yes
120645,No
120646,Yes
120647,Yes
120648,Yes
120649,No
120650,No
120651,Yes
120652,Yes
120653,Yes
120654,No
120655,No
120656,No
120657,Yes
120658,Yes
120659,No
120660,No
120661,Yes
120662,No
120663,Yes
120664,Yes
120665,Yes
120666,Yes
120667,Yes
120668,Yes
120669,No
120670,Yes
120671,Yes
120672,No
120673,Yes
120674,No
120675,No
120676,Yes
120677,Yes
120678,No
120679,No
120680,No
120681,No
120682,No
120683,No
120684,No
120685,Yes
120686,No
120687,No
120688,Yes
120689,No
120690,Yes
120691,No
120692,No
120693,No
120694,No
120695,No
120696,Yes
120697,Yes
120698,Yes
120699,No
120700,Yes
120701,No
120702,Yes
120703,Yes
120704,Yes
120705,Yes
120706,Yes
120707,Yes
120708,No
120709,No
120710,No
120711,No
120712,No
120713,No
120714,No
120715,No
120716,Yes
120717,No
120718,Yes
120719,No
120720,No
120721,No
120722,Yes
120723,Yes
120724,Yes
120725,No
120726,Yes
120727,Yes
120728,Yes
120729,No
120730,No
120731,Yes
120732,Yes
120733,No
120734,No
120735,No
120736,Yes
120737,Yes
120738,Yes
120739,Yes
120740,Yes
120741,Yes
120742,Yes
120743,Yes
120744,No
120745,Yes
120746,Yes
120747,Yes
120748,Yes
120749,No
120750,No
120751,Yes
120752,Yes
120753,Yes
120754,Yes
120755,No
120756,No
120757,Yes
120758,Yes
120759,Yes
120760,No
120761,Yes
120762,Yes
120763,No
120764,Yes
120765,Yes
120766,Yes
120767,Yes
120768,Yes
120769,No
120770,Yes
120771,Yes
120772,No
120773,No
120774,No
120775,No
120776,Yes
120777,Yes
120778,Yes
120779,Yes
120780,Yes
120781,Yes
120782,Yes
120783,No
120784,No
120785,No
120786,No
120787,No
120788,Yes
120789,Yes
120790,Yes
120791,Yes
120792,No
120793,No
120794,Yes
120795,Yes
120796,No
120797,Yes
120798,Yes
120799,Yes
120800,No
120801,No
120802,No
120803,Yes
120804,Yes
120805,Yes
120806,Yes
120807,No
120808,Yes
120809,Yes
120810,Yes
120811,Yes
120812,Yes
120813,Yes
120814,Yes
120815,Yes
120816,Yes
120817,Yes
120818,No
120819,Yes
120820,No
120821,Yes
120822,Yes
120823,No
120824,Yes
120825,No
120826,Yes
120827,No
120828,No
120829,Yes
120830,No
120831,No
120832,No
120833,Yes
120834,Yes
120835,Yes
120836,No
120837,Yes
120838,Yes
120839,Yes
120840,Yes
120841,Yes
120842,Yes
120843,Yes
120844,Yes
120845,No
120846,Yes
120847,No
120848,Yes
120849,No
120850,No
120851,Yes
120852,Yes
120853,Yes
120854,Yes
120855,Yes
120856,Yes
120857,Yes
120858,No
120859,No
120860,No
120861,No
120862,Yes
120863,Yes
120864,Yes
120865,Yes
120866,Yes
120867,No
120868,No
120869,Yes
120870,No
120871,Yes
120872,Yes
120873,No
120874,No
120875,No
120876,Yes
120877,No
120878,No
120879,No
120880,Yes
120881,No
120882,No
120883,Yes
120884,Yes
120885,Yes
120886,Yes
120887,Yes
120888,Yes
120889,Yes
120890,Yes
120891,No
120892,Yes
120893,No
120894,No
120895,Yes
120896,No
120897,Yes
120898,No
120899,Yes
120900,No
120901,No
120902,No
120903,No
120904,Yes
120905,No
120906,No
120907,Yes
120908,Yes
120909,No
120910,Yes
120911,No
120912,Yes
120913,No
120914,No
120915,No
120916,No
120917,No
120918,Yes
120919,No
120920,No
120921,No
120922,Yes
120923,Yes
120924,Yes
120925,Yes
120926,Yes
120927,Yes
120928,No
120929,No
120930,Yes
120931,Yes
120932,No
120933,Yes
120934,No
120935,Yes
120936,Yes
120937,Yes
120938,No
120939,Yes
120940,Yes
120941,No
120942,Yes
120943,Yes
120944,No
120945,No
120946,No
120947,Yes
120948,Yes
120949,Yes
120950,No
120951,Yes
120952,Yes
120953,Yes
120954,Yes
120955,No
120956,No
120957,Yes
120958,Yes
120959,No
120960,No
120961,No
120962,No
120963,No
120964,No
120965,Yes
120966,No
120967,No
120968,Yes
120969,No
120970,Yes
120971,No
120972,No
120973,Yes
120974,No
120975,Yes
120976,Yes
120977,No
120978,Yes
120979,No
120980,No
120981,No
120982,Yes
120983,Yes
120984,No
120985,No
120986,No
120987,No
120988,Yes
120989,Yes
120990,Yes
120991,No
120992,No
120993,Yes
120994,No
120995,No
120996,Yes
120997,No
120998,Yes
120999,No
121000,Yes
121001,No
121002,No
121003,Yes
121004,No
121005,Yes
121006,Yes
121007,No
121008,Yes
121009,Yes
121010,Yes
121011,No
121012,No
121013,Yes
121014,No
121015,No
121016,Yes
121017,Yes
121018,Yes
121019,Yes
121020,No
121021,Yes
121022,Yes
121023,Yes
121024,Yes
121025,Yes
121026,No
121027,No
121028,Yes
121029,No
121030,No
121031,No
121032,Yes
121033,No
121034,No
121035,Yes
121036,No
121037,Yes
121038,Yes
121039,Yes
121040,Yes
121041,Yes
121042,Yes
121043,Yes
121044,No
121045,No
121046,Yes
121047,Yes
121048,Yes
121049,No
121050,No
121051,No
121052,No
121053,No
121054,No
121055,Yes
121056,No
121057,No
121058,Yes
121059,Yes
121060,Yes
121061,No
121062,No
121063,Yes
121064,Yes
121065,Yes
121066,Yes
121067,No
121068,Yes
121069,Yes
121070,Yes
121071,Yes
121072,No
121073,Yes
121074,Yes
121075,No
121076,Yes
121077,Yes
121078,Yes
121079,Yes
121080,No
121081,Yes
121082,Yes
121083,Yes
121084,Yes
121085,Yes
121086,Yes
121087,Yes
121088,Yes
121089,No
121090,Yes
121091,Yes
121092,No
121093,Yes
121094,No
121095,No
121096,No
121097,Yes
121098,Yes
121099,Yes
121100,Yes
121101,No
121102,No
121103,No
121104,No
121105,No
121106,No
121107,Yes
121108,Yes
121109,Yes
121110,Yes
121111,Yes
121112,No
121113,No
121114,Yes
121115,Yes
121116,Yes
121117,No
121118,Yes
121119,No
121120,No
121121,Yes
121122,Yes
121123,Yes
121124,Yes
121125,Yes
121126,No
121127,No
121128,Yes
121129,Yes
121130,Yes
121131,Yes
121132,No
121133,No
121134,No
121135,No
121136,Yes
121137,No
121138,Yes
121139,No
121140,Yes
121141,Yes
121142,Yes
121143,No
121144,Yes
121145,Yes
121146,Yes
121147,No
121148,No
121149,Yes
121150,No
121151,No
121152,No
121153,Yes
121154,Yes
121155,Yes
121156,No
121157,No
121158,Yes
121159,Yes
121160,Yes
121161,Yes
121162,Yes
121163,Yes
121164,No
121165,Yes
121166,Yes
121167,Yes
121168,Yes
121169,Yes
121170,Yes
121171,Yes
121172,Yes
121173,No
121174,Yes
121175,No
121176,No
121177,No
121178,Yes
121179,Yes
121180,Yes
121181,Yes
121182,Yes
121183,Yes
121184,Yes
121185,Yes
121186,Yes
121187,Yes
121188,Yes
121189,No
121190,Yes
121191,No
121192,Yes
121193,No
121194,Yes
121195,No
121196,No
121197,No
121198,No
121199,Yes
121200,Yes
121201,No
121202,Yes
121203,Yes
121204,Yes
121205,Yes
121206,Yes
121207,Yes
121208,No
121209,No
121210,Yes
121211,No
121212,No
121213,Yes
121214,No
121215,Yes
121216,No
121217,No
121218,Yes
121219,No
121220,Yes
121221,No
121222,Yes
121223,Yes
121224,Yes
121225,No
121226,Yes
121227,Yes
121228,Yes
121229,Yes
121230,Yes
121231,No
121232,Yes
121233,Yes
121234,Yes
121235,No
121236,Yes
121237,No
121238,Yes
121239,Yes
121240,No
121241,No
121242,No
121243,No
121244,No
121245,Yes
121246,Yes
121247,No
121248,No
121249,Yes
121250,No
121251,No
121252,No
121253,Yes
121254,Yes
121255,No
121256,Yes
121257,Yes
121258,No
121259,No
121260,No
121261,No
121262,Yes
121263,No
121264,Yes
121265,Yes
121266,Yes
121267,No
121268,Yes
121269,Yes
121270,Yes
121271,Yes
121272,Yes
121273,Yes
121274,No
121275,No
121276,Yes
121277,Yes
121278,Yes
121279,Yes
121280,No
121281,Yes
121282,No
121283,Yes
121284,Yes
121285,Yes
121286,Yes
121287,Yes
121288,No
121289,Yes
121290,Yes
121291,Yes
121292,Yes
121293,No
121294,Yes
121295,No
121296,No
121297,No
121298,No
121299,Yes
121300,No
121301,Yes
121302,Yes
121303,Yes
121304,No
121305,Yes
121306,Yes
121307,Yes
121308,No
121309,No
121310,No
121311,Yes
121312,No
121313,Yes
121314,Yes
121315,Yes
121316,Yes
121317,No
121318,No
121319,Yes
121320,No
121321,Yes
121322,Yes
121323,Yes
121324,No
121325,No
121326,No
121327,No
121328,Yes
121329,No
121330,Yes
121331,Yes
121332,No
121333,No
121334,No
121335,No
121336,No
121337,Yes
121338,No
121339,No
121340,Yes
121341,Yes
121342,Yes
121343,No
121344,Yes
121345,No
121346,No
121347,No
121348,Yes
121349,Yes
121350,No
121351,Yes
121352,Yes
121353,No
121354,No
121355,No
121356,Yes
121357,No
121358,Yes
121359,No
121360,No
121361,No
121362,Yes
121363,No
121364,No
121365,Yes
121366,Yes
121367,Yes
121368,Yes
121369,Yes
121370,No
121371,Yes
121372,Yes
121373,No
121374,Yes
121375,Yes
121376,No
121377,No
121378,No
121379,No
121380,No
121381,No
121382,No
121383,Yes
121384,Yes
121385,Yes
121386,No
121387,No
121388,No
121389,Yes
121390,Yes
121391,Yes
121392,No
121393,Yes
121394,Yes
121395,Yes
121396,No
121397,No
121398,No
121399,Yes
121400,Yes
121401,Yes
121402,No
121403,No
121404,Yes
121405,Yes
121406,No
121407,Yes
121408,No
121409,Yes
121410,Yes
121411,No
121412,Yes
121413,Yes
121414,No
121415,Yes
121416,Yes
121417,Yes
121418,Yes
121419,Yes
121420,Yes
121421,Yes
121422,No
121423,Yes
121424,Yes
121425,Yes
121426,No
121427,No
121428,No
121429,No
121430,Yes
121431,Yes
121432,Yes
121433,No
121434,No
121435,No
121436,Yes
121437,No
121438,No
121439,Yes
121440,Yes
121441,Yes
121442,Yes
121443,Yes
121444,No
121445,Yes
121446,No
121447,Yes
121448,Yes
121449,No
121450,Yes
121451,Yes
121452,Yes
121453,No
121454,No
121455,No
121456,Yes
121457,No
121458,No
121459,Yes
121460,Yes
121461,No
121462,No
121463,No
121464,Yes
121465,No
121466,Yes
121467,Yes
121468,Yes
121469,No
121470,No
121471,Yes
121472,No
121473,No
121474,Yes
121475,Yes
121476,No
121477,No
121478,Yes
121479,No
121480,No
121481,No
121482,Yes
121483,Yes
121484,Yes
121485,No
121486,Yes
121487,No
121488,No
121489,Yes
121490,No
121491,Yes
121492,No
121493,No
121494,No
121495,Yes
121496,Yes
121497,Yes
121498,Yes
121499,Yes
121500,No
121501,Yes
121502,Yes
121503,No
121504,No
121505,No
121506,Yes
121507,No
121508,Yes
121509,No
121510,Yes
121511,Yes
121512,Yes
121513,Yes
121514,Yes
121515,Yes
121516,No
121517,Yes
121518,No
121519,Yes
121520,No
121521,No
121522,Yes
121523,Yes
121524,No
121525,Yes
121526,No
121527,Yes
121528,No
121529,No
121530,No
121531,Yes
121532,No
121533,Yes
121534,Yes
121535,Yes
121536,No
121537,No
121538,No
121539,No
121540,No
121541,No
121542,No
121543,Yes
121544,Yes
121545,No
121546,No
121547,Yes
121548,No
121549,No
121550,No
121551,Yes
121552,Yes
121553,Yes
121554,No
121555,No
121556,No
121557,Yes
121558,Yes
121559,Yes
121560,Yes
121561,No
121562,Yes
121563,Yes
121564,No
121565,Yes
121566,Yes
121567,No
121568,No
121569,Yes
121570,Yes
121571,No
121572,Yes
121573,Yes
121574,Yes
121575,Yes
121576,No
121577,Yes
121578,No
121579,Yes
121580,No
121581,No
121582,Yes
121583,Yes
121584,No
121585,No
121586,No
121587,Yes
121588,No
121589,Yes
121590,Yes
121591,Yes
121592,Yes
121593,Yes
121594,Yes
121595,No
121596,Yes
121597,No
121598,No
121599,Yes
121600,No
121601,No
121602,No
121603,Yes
121604,Yes
121605,No
121606,Yes
121607,Yes
121608,No
121609,Yes
121610,No
121611,No
121612,No
121613,No
121614,No
121615,No
121616,Yes
121617,No
121618,Yes
121619,Yes
121620,No
121621,No
121622,No
121623,Yes
121624,Yes
121625,No
121626,No
121627,No
121628,Yes
121629,Yes
121630,No
121631,No
121632,No
121633,Yes
121634,Yes
121635,Yes
121636,No
121637,Yes
121638,No
121639,Yes
121640,Yes
121641,No
121642,Yes
121643,Yes
121644,Yes
121645,Yes
121646,No
121647,No
121648,No
121649,No
121650,Yes
121651,Yes
121652,Yes
121653,No
121654,Yes
121655,No
121656,No
121657,No
121658,Yes
121659,Yes
121660,Yes
121661,Yes
121662,Yes
121663,Yes
121664,No
121665,Yes
121666,Yes
121667,Yes
121668,Yes
121669,Yes
121670,No
121671,No
121672,No
121673,Yes
121674,No
121675,Yes
121676,No
121677,No
121678,No
121679,Yes
121680,No
121681,No
121682,No
121683,Yes
121684,Yes
121685,Yes
121686,No
121687,Yes
121688,Yes
121689,No
121690,Yes
121691,No
121692,No
121693,Yes
121694,No
121695,Yes
121696,No
121697,No
121698,No
121699,Yes
121700,Yes
121701,No
121702,Yes
121703,Yes
121704,Yes
121705,Yes
121706,Yes
121707,Yes
121708,Yes
121709,Yes
121710,No
121711,No
121712,Yes
121713,No
121714,Yes
121715,Yes
121716,Yes
121717,No
121718,Yes
121719,Yes
121720,Yes
121721,Yes
121722,No
121723,No
121724,Yes
121725,No
121726,Yes
121727,No
121728,Yes
121729,Yes
121730,Yes
121731,No
121732,No
121733,Yes
121734,Yes
121735,Yes
121736,No
121737,Yes
121738,Yes
121739,Yes
121740,No
121741,Yes
121742,No
121743,Yes
121744,No
121745,Yes
121746,No
121747,Yes
121748,Yes
121749,No
121750,Yes
121751,Yes
121752,Yes
121753,Yes
121754,Yes
121755,No
121756,No
121757,No
121758,Yes
121759,Yes
121760,Yes
121761,Yes
121762,No
121763,Yes
121764,Yes
121765,No
121766,Yes
121767,Yes
121768,No
121769,No
121770,Yes
121771,Yes
121772,No
121773,No
121774,Yes
121775,Yes
121776,Yes
121777,No
121778,No
121779,Yes
121780,No
121781,Yes
121782,Yes
121783,No
121784,Yes
121785,Yes
121786,No
121787,Yes
121788,No
121789,Yes
121790,Yes
121791,No
121792,No
121793,Yes
121794,Yes
121795,No
121796,Yes
121797,No
121798,Yes
121799,Yes
121800,No
121801,No
121802,Yes
121803,Yes
121804,No
121805,No
121806,No
121807,Yes
121808,No
121809,No
121810,No
121811,Yes
121812,Yes
121813,No
121814,No
121815,No
121816,Yes
121817,Yes
121818,Yes
121819,No
121820,No
121821,Yes
121822,Yes
121823,No
121824,Yes
121825,Yes
121826,No
121827,Yes
121828,No
121829,Yes
121830,Yes
121831,No
121832,Yes
121833,No
121834,No
121835,Yes
121836,Yes
121837,Yes
121838,Yes
121839,No
121840,No
121841,Yes
121842,Yes
121843,No
121844,Yes
121845,No
121846,Yes
121847,No
121848,No
121849,No
121850,Yes
121851,Yes
121852,No
121853,No
121854,No
121855,Yes
121856,No
121857,Yes
121858,No
121859,No
121860,No
121861,No
121862,Yes
121863,Yes
121864,Yes
121865,No
121866,No
121867,No
121868,No
121869,No
121870,No
121871,No
121872,Yes
121873,No
121874,Yes
121875,No
121876,Yes
121877,Yes
121878,Yes
121879,Yes
121880,No
121881,No
121882,Yes
121883,No
121884,Yes
121885,Yes
121886,Yes
121887,No
121888,Yes
121889,No
121890,Yes
121891,Yes
121892,Yes
121893,No
121894,Yes
121895,Yes
121896,No
121897,Yes
121898,No
121899,Yes
121900,Yes
121901,Yes
121902,Yes
121903,Yes
121904,Yes
121905,Yes
121906,Yes
121907,Yes
121908,No
121909,No
121910,Yes
121911,No
121912,Yes
121913,Yes
121914,Yes
121915,Yes
121916,Yes
121917,Yes
121918,No
121919,No
121920,Yes
121921,Yes
121922,No
121923,No
121924,Yes
121925,Yes
121926,Yes
121927,No
121928,Yes
121929,No
121930,Yes
121931,No
121932,No
121933,Yes
121934,No
121935,Yes
121936,Yes
121937,No
121938,No
121939,Yes
121940,Yes
121941,No
121942,Yes
121943,Yes
121944,No
121945,Yes
121946,Yes
121947,No
121948,No
121949,Yes
121950,No
121951,Yes
121952,No
121953,Yes
121954,No
121955,No
121956,Yes
121957,Yes
121958,Yes
121959,No
121960,Yes
121961,No
121962,Yes
121963,Yes
121964,No
121965,Yes
121966,Yes
121967,Yes
121968,Yes
121969,Yes
121970,No
121971,Yes
121972,No
121973,Yes
121974,No
121975,Yes
121976,Yes
121977,No
121978,No
121979,Yes
121980,No
121981,Yes
121982,No
121983,Yes
121984,No
121985,No
121986,Yes
121987,Yes
121988,Yes
121989,Yes
121990,No
121991,Yes
121992,Yes
121993,No
121994,Yes
121995,No
121996,No
121997,Yes
121998,No
121999,No
122000,No
122001,No
122002,No
122003,No
122004,Yes
122005,Yes
122006,Yes
122007,Yes
122008,No
122009,No
122010,Yes
122011,Yes
122012,Yes
122013,No
122014,Yes
122015,No
122016,No
122017,No
122018,No
122019,Yes
122020,No
122021,No
122022,No
122023,No
122024,Yes
122025,No
122026,No
122027,Yes
122028,No
122029,No
122030,Yes
122031,Yes
122032,Yes
122033,Yes
122034,Yes
122035,Yes
122036,Yes
122037,No
122038,No
122039,No
122040,No
122041,No
122042,No
122043,No
122044,No
122045,Yes
122046,No
122047,No
122048,Yes
122049,No
122050,No
122051,No
122052,No
122053,Yes
122054,No
122055,No
122056,Yes
122057,Yes
122058,No
122059,No
122060,Yes
122061,Yes
122062,No
122063,No
122064,No
122065,Yes
122066,Yes
122067,Yes
122068,Yes
122069,Yes
122070,Yes
122071,Yes
122072,Yes
122073,Yes
122074,Yes
122075,No
122076,No
122077,Yes
122078,Yes
122079,No
122080,Yes
122081,No
122082,No
122083,No
122084,No
122085,No
122086,No
122087,Yes
122088,No
122089,Yes
122090,Yes
122091,No
122092,Yes
122093,Yes
122094,No
122095,Yes
122096,Yes
122097,Yes
122098,Yes
122099,Yes
122100,Yes
122101,Yes
122102,No
122103,No
122104,Yes
122105,Yes
122106,No
122107,Yes
122108,Yes
122109,No
122110,Yes
122111,No
122112,Yes
122113,No
122114,Yes
122115,No
122116,Yes
122117,Yes
122118,Yes
122119,No
122120,No
122121,Yes
122122,No
122123,Yes
122124,Yes
122125,Yes
122126,Yes
122127,Yes
122128,Yes
122129,Yes
122130,No
122131,No
122132,Yes
122133,No
122134,No
122135,Yes
122136,Yes
122137,Yes
122138,No
122139,No
122140,Yes
122141,Yes
122142,Yes
122143,Yes
122144,Yes
122145,No
122146,Yes
122147,No
122148,No
122149,Yes
122150,Yes
122151,No
122152,Yes
122153,Yes
122154,No
122155,Yes
122156,No
122157,No
122158,No
122159,Yes
122160,Yes
122161,Yes
122162,No
122163,No
122164,No
122165,Yes
122166,No
122167,Yes
122168,No
122169,No
122170,Yes
122171,No
122172,Yes
122173,Yes
122174,No
122175,Yes
122176,No
122177,No
122178,Yes
122179,No
122180,No
122181,No
122182,Yes
122183,No
122184,Yes
122185,No
122186,No
122187,No
122188,Yes
122189,No
122190,No
122191,Yes
122192,Yes
122193,No
122194,No
122195,No
122196,Yes
122197,Yes
122198,No
122199,Yes
122200,No
122201,No
122202,Yes
122203,Yes
122204,No
122205,Yes
122206,Yes
122207,No
122208,No
122209,No
122210,Yes
122211,Yes
122212,No
122213,No
122214,No
122215,Yes
122216,No
122217,Yes
122218,No
122219,Yes
122220,Yes
122221,No
122222,No
122223,Yes
122224,Yes
122225,Yes
122226,Yes
122227,No
122228,No
122229,Yes
122230,No
122231,No
122232,Yes
122233,No
122234,Yes
122235,Yes
122236,Yes
122237,Yes
122238,Yes
122239,Yes
122240,No
122241,Yes
122242,Yes
122243,Yes
122244,No
122245,Yes
122246,Yes
122247,No
122248,Yes
122249,No
122250,No
122251,Yes
122252,Yes
122253,No
122254,Yes
122255,No
122256,No
122257,No
122258,Yes
122259,Yes
122260,No
122261,Yes
122262,Yes
122263,Yes
122264,Yes
122265,Yes
122266,No
122267,Yes
122268,Yes
122269,No
122270,No
122271,Yes
122272,Yes
122273,Yes
122274,No
122275,No
122276,No
122277,Yes
122278,Yes
122279,No
122280,Yes
122281,Yes
122282,No
122283,No
122284,No
122285,No
122286,Yes
122287,No
122288,Yes
122289,No
122290,No
122291,Yes
122292,No
122293,Yes
122294,Yes
122295,Yes
122296,No
122297,Yes
122298,No
122299,Yes
122300,No
122301,No
122302,No
122303,No
122304,No
122305,No
122306,No
122307,Yes
122308,Yes
122309,Yes
122310,No
122311,Yes
122312,No
122313,Yes
122314,No
122315,No
122316,No
122317,Yes
122318,Yes
122319,No
122320,No
122321,Yes
122322,No
122323,Yes
122324,Yes
122325,No
122326,No
122327,Yes
122328,No
122329,Yes
122330,No
122331,Yes
122332,Yes
122333,Yes
122334,Yes
122335,No
122336,Yes
122337,Yes
122338,Yes
122339,No
122340,Yes
122341,No
122342,Yes
122343,Yes
122344,Yes
122345,No
122346,No
122347,Yes
122348,Yes
122349,No
122350,Yes
122351,Yes
122352,Yes
122353,Yes
122354,Yes
122355,Yes
122356,Yes
122357,Yes
122358,Yes
122359,No
122360,Yes
122361,Yes
122362,Yes
122363,No
122364,Yes
122365,Yes
122366,No
122367,Yes
122368,Yes
122369,No
122370,Yes
122371,No
122372,No
122373,No
122374,Yes
122375,Yes
122376,No
122377,Yes
122378,Yes
122379,No
122380,No
122381,Yes
122382,No
122383,Yes
122384,No
122385,No
122386,Yes
122387,Yes
122388,Yes
122389,No
122390,Yes
122391,Yes
122392,No
122393,Yes
122394,No
122395,No
122396,No
122397,No
122398,Yes
122399,Yes
122400,No
122401,No
122402,No
122403,No
122404,Yes
122405,Yes
122406,No
122407,Yes
122408,Yes
122409,Yes
122410,No
122411,Yes
122412,Yes
122413,Yes
122414,No
122415,No
122416,No
122417,No
122418,Yes
122419,Yes
122420,No
122421,Yes
122422,No
122423,No
122424,No
122425,No
122426,No
122427,Yes
122428,Yes
122429,Yes
122430,Yes
122431,Yes
122432,No
122433,Yes
122434,No
122435,Yes
122436,Yes
122437,Yes
122438,No
122439,No
122440,No
122441,No
122442,Yes
122443,No
122444,Yes
122445,No
122446,Yes
122447,Yes
122448,No
122449,Yes
122450,No
122451,Yes
122452,No
122453,Yes
122454,No
122455,No
122456,Yes
122457,No
122458,No
122459,Yes
122460,Yes
122461,Yes
122462,No
122463,No
122464,Yes
122465,Yes
122466,Yes
122467,Yes
122468,Yes
122469,Yes
122470,No
122471,Yes
122472,No
122473,Yes
122474,Yes
122475,Yes
122476,Yes
122477,Yes
122478,No
122479,Yes
122480,Yes
122481,No
122482,Yes
122483,No
122484,Yes
122485,Yes
122486,Yes
122487,Yes
122488,Yes
122489,Yes
122490,Yes
122491,Yes
122492,No
122493,No
122494,No
122495,Yes
122496,No
122497,No
122498,No
122499,Yes
122500,No
122501,No
122502,No
122503,No
122504,Yes
122505,No
122506,No
122507,No
122508,No
122509,Yes
122510,Yes
122511,Yes
122512,Yes
122513,Yes
122514,Yes
122515,Yes
122516,No
122517,Yes
122518,Yes
122519,No
122520,Yes
122521,Yes
122522,Yes
122523,No
122524,Yes
122525,Yes
122526,No
122527,No
122528,No
122529,No
122530,Yes
122531,Yes
122532,No
122533,Yes
122534,No
122535,Yes
122536,No
122537,Yes
122538,Yes
122539,Yes
122540,No
122541,Yes
122542,No
122543,No
122544,Yes
122545,Yes
122546,No
122547,Yes
122548,Yes
122549,Yes
122550,No
122551,No
122552,Yes
122553,Yes
122554,No
122555,Yes
122556,Yes
122557,No
122558,No
122559,No
122560,No
122561,No
122562,Yes
122563,No
122564,Yes
122565,Yes
122566,No
122567,Yes
122568,No
122569,Yes
122570,Yes
122571,No
122572,No
122573,No
122574,No
122575,Yes
122576,No
122577,Yes
122578,Yes
122579,No
122580,No
122581,Yes
122582,No
122583,No
122584,Yes
122585,No
122586,No
122587,Yes
122588,Yes
122589,Yes
122590,No
122591,Yes
122592,No
122593,No
122594,No
122595,Yes
122596,Yes
122597,No
122598,Yes
122599,No
122600,No
122601,Yes
122602,No
122603,Yes
122604,Yes
122605,No
122606,Yes
122607,No
122608,Yes
122609,No
122610,Yes
122611,Yes
122612,No
122613,Yes
122614,Yes
122615,Yes
122616,Yes
122617,No
122618,No
122619,No
122620,Yes
122621,No
122622,Yes
122623,Yes
122624,No
122625,No
122626,Yes
122627,Yes
122628,No
122629,No
122630,No
122631,Yes
122632,Yes
122633,No
122634,Yes
122635,No
122636,Yes
122637,Yes
122638,No
122639,Yes
122640,Yes
122641,Yes
122642,Yes
122643,No
122644,Yes
122645,Yes
122646,Yes
122647,No
122648,No
122649,Yes
122650,Yes
122651,Yes
122652,No
122653,No
122654,Yes
122655,No
122656,No
122657,Yes
122658,No
122659,Yes
122660,Yes
122661,No
122662,Yes
122663,No
122664,Yes
122665,No
122666,No
122667,No
122668,No
122669,No
122670,Yes
122671,No
122672,Yes
122673,Yes
122674,Yes
122675,Yes
122676,Yes
122677,No
122678,No
122679,Yes
122680,Yes
122681,Yes
122682,Yes
122683,Yes
122684,Yes
122685,No
122686,Yes
122687,No
122688,Yes
122689,No
122690,Yes
122691,Yes
122692,No
122693,Yes
122694,No
122695,Yes
122696,Yes
122697,Yes
122698,No
122699,Yes
122700,No
122701,No
122702,No
122703,Yes
122704,Yes
122705,No
122706,No
122707,Yes
122708,Yes
122709,Yes
122710,No
122711,Yes
122712,No
122713,Yes
122714,No
122715,No
122716,Yes
122717,Yes
122718,No
122719,Yes
122720,Yes
122721,Yes
122722,No
122723,Yes
122724,Yes
122725,Yes
122726,Yes
122727,No
122728,Yes
122729,Yes
122730,Yes
122731,No
122732,Yes
122733,Yes
122734,Yes
122735,Yes
122736,No
122737,Yes
122738,No
122739,No
122740,No
122741,Yes
122742,Yes
122743,No
122744,Yes
122745,Yes
122746,Yes
122747,No
122748,Yes
122749,No
122750,No
122751,Yes
122752,No
122753,Yes
122754,No
122755,No
122756,Yes
122757,Yes
122758,Yes
122759,Yes
122760,No
122761,Yes
122762,No
122763,Yes
122764,Yes
122765,Yes
122766,Yes
122767,Yes
122768,Yes
122769,Yes
122770,No
122771,Yes
122772,Yes
122773,No
122774,Yes
122775,Yes
122776,No
122777,Yes
122778,Yes
122779,Yes
122780,No
122781,Yes
122782,No
122783,No
122784,No
122785,No
122786,Yes
122787,No
122788,No
122789,No
122790,No
122791,No
122792,Yes
122793,No
122794,Yes
122795,Yes
122796,No
122797,No
122798,Yes
122799,Yes
122800,Yes
122801,Yes
122802,Yes
122803,No
122804,No
122805,No
122806,Yes
122807,Yes
122808,Yes
122809,Yes
122810,No
122811,Yes
122812,Yes
122813,No
122814,Yes
122815,No
122816,Yes
122817,No
122818,Yes
122819,Yes
122820,Yes
122821,No
122822,No
122823,No
122824,Yes
122825,Yes
122826,Yes
122827,No
122828,Yes
122829,Yes
122830,Yes
122831,No
122832,Yes
122833,No
122834,No
122835,No
122836,Yes
122837,Yes
122838,No
122839,Yes
122840,No
122841,No
122842,No
122843,Yes
122844,Yes
122845,Yes
122846,Yes
122847,No
122848,Yes
122849,No
122850,Yes
122851,No
122852,No
122853,Yes
122854,Yes
122855,Yes
122856,Yes
122857,Yes
122858,Yes
122859,Yes
122860,No
122861,Yes
122862,Yes
122863,No
122864,No
122865,Yes
122866,Yes
122867,Yes
122868,No
122869,Yes
122870,Yes
122871,Yes
122872,Yes
122873,No
122874,No
122875,No
122876,Yes
122877,Yes
122878,Yes
122879,Yes
122880,No
122881,Yes
122882,No
122883,Yes
122884,No
122885,No
122886,Yes
122887,No
122888,Yes
122889,No
122890,Yes
122891,Yes
122892,Yes
122893,Yes
122894,No
122895,Yes
122896,Yes
122897,No
122898,Yes
122899,No
122900,Yes
122901,Yes
122902,Yes
122903,Yes
122904,Yes
122905,Yes
122906,Yes
122907,No
122908,Yes
122909,No
122910,Yes
122911,No
122912,Yes
122913,Yes
122914,No
122915,No
122916,Yes
122917,No
122918,Yes
122919,Yes
122920,No
122921,Yes
122922,No
122923,Yes
122924,Yes
122925,Yes
122926,No
122927,No
122928,Yes
122929,Yes
122930,Yes
122931,Yes
122932,No
122933,No
122934,No
122935,No
122936,No
122937,Yes
122938,Yes
122939,Yes
122940,No
122941,Yes
122942,Yes
122943,Yes
122944,Yes
122945,Yes
122946,No
122947,Yes
122948,Yes
122949,Yes
122950,Yes
122951,Yes
122952,Yes
122953,Yes
122954,No
122955,No
122956,No
122957,Yes
122958,Yes
122959,Yes
122960,No
122961,No
122962,No
122963,Yes
122964,Yes
122965,Yes
122966,Yes
122967,Yes
122968,No
122969,Yes
122970,Yes
122971,Yes
122972,Yes
122973,Yes
122974,No
122975,Yes
122976,Yes
122977,No
122978,Yes
122979,Yes
122980,No
122981,Yes
122982,No
122983,No
122984,No
122985,No
122986,Yes
122987,No
122988,Yes
122989,Yes
122990,No
122991,Yes
122992,Yes
122993,No
122994,No
122995,No
122996,No
122997,Yes
122998,No
122999,No
123000,Yes
123001,Yes
123002,No
123003,Yes
123004,No
123005,Yes
123006,No
123007,No
123008,No
123009,No
123010,No
123011,Yes
123012,No
123013,No
123014,No
123015,No
123016,Yes
123017,Yes
123018,Yes
123019,No
123020,No
123021,No
123022,Yes
123023,No
123024,Yes
123025,Yes
123026,Yes
123027,Yes
123028,Yes
123029,No
123030,Yes
123031,No
123032,No
123033,No
123034,No
123035,No
123036,No
123037,Yes
123038,No
123039,Yes
123040,Yes
123041,Yes
123042,No
123043,Yes
123044,Yes
123045,No
123046,No
123047,No
123048,Yes
123049,No
123050,Yes
123051,Yes
123052,Yes
123053,Yes
123054,Yes
123055,No
123056,No
123057,No
123058,Yes
123059,Yes
123060,No
123061,No
123062,No
123063,Yes
123064,Yes
123065,No
123066,No
123067,No
123068,Yes
123069,No
123070,No
123071,Yes
123072,No
123073,No
123074,Yes
123075,Yes
123076,Yes
123077,No
123078,Yes
123079,Yes
123080,No
123081,No
123082,No
123083,No
123084,No
123085,No
123086,No
123087,Yes
123088,Yes
123089,Yes
123090,Yes
123091,No
123092,No
123093,Yes
123094,Yes
123095,No
123096,Yes
123097,Yes
123098,Yes
123099,No
123100,No
123101,Yes
123102,Yes
123103,Yes
123104,No
123105,No
123106,Yes
123107,Yes
123108,No
123109,No
123110,No
123111,Yes
123112,Yes
123113,No
123114,Yes
123115,Yes
123116,Yes
123117,Yes
123118,No
123119,Yes
123120,No
123121,Yes
123122,No
123123,No
123124,No
123125,No
123126,No
123127,Yes
123128,Yes
123129,Yes
123130,No
123131,Yes
123132,No
123133,No
123134,No
123135,Yes
123136,No
123137,Yes
123138,No
123139,Yes
123140,Yes
123141,Yes
123142,Yes
123143,No
123144,Yes
123145,Yes
123146,Yes
123147,No
123148,Yes
123149,Yes
123150,No
123151,No
123152,No
123153,Yes
123154,No
123155,Yes
123156,No
123157,No
123158,No
123159,No
123160,Yes
123161,Yes
123162,Yes
123163,No
123164,No
123165,No
123166,Yes
123167,Yes
123168,No
123169,No
123170,No
123171,Yes
123172,Yes
123173,No
123174,Yes
123175,No
123176,No
123177,No
123178,Yes
123179,No
123180,Yes
123181,Yes
123182,No
123183,No
123184,Yes
123185,No
123186,Yes
123187,No
123188,Yes
123189,No
123190,Yes
123191,No
123192,No
123193,Yes
123194,Yes
123195,Yes
123196,Yes
123197,No
123198,Yes
123199,No
123200,Yes
123201,Yes
123202,Yes
123203,Yes
123204,Yes
123205,Yes
123206,No
123207,Yes
123208,Yes
123209,Yes
123210,No
123211,No
123212,Yes
123213,Yes
123214,Yes
123215,No
123216,Yes
123217,No
123218,Yes
123219,No
123220,No
123221,No
123222,No
123223,Yes
123224,Yes
123225,No
123226,Yes
123227,Yes
123228,Yes
123229,Yes
123230,No
123231,Yes
123232,Yes
123233,No
123234,Yes
123235,No
123236,No
123237,No
123238,Yes
123239,Yes
123240,Yes
123241,Yes
123242,No
123243,No
123244,No
123245,Yes
123246,No
123247,No
123248,No
123249,No
123250,Yes
123251,Yes
123252,Yes
123253,Yes
123254,No
123255,Yes
123256,No
123257,Yes
123258,Yes
123259,Yes
123260,Yes
123261,Yes
123262,No
123263,No
123264,No
123265,No
123266,No
123267,No
123268,Yes
123269,Yes
123270,Yes
123271,No
123272,Yes
123273,Yes
123274,Yes
123275,Yes
123276,No
123277,No
123278,No
123279,No
123280,Yes
123281,Yes
123282,No
123283,No
123284,No
123285,Yes
123286,Yes
123287,Yes
123288,No
123289,Yes
123290,Yes
123291,Yes
123292,No
123293,Yes
123294,Yes
123295,Yes
123296,Yes
123297,No
123298,Yes
123299,No
123300,Yes
123301,No
123302,Yes
123303,Yes
123304,Yes
123305,Yes
123306,No
123307,Yes
123308,Yes
123309,No
123310,Yes
123311,Yes
123312,Yes
123313,Yes
123314,Yes
123315,No
123316,Yes
123317,No
123318,No
123319,Yes
123320,Yes
123321,No
123322,Yes
123323,Yes
123324,Yes
123325,Yes
123326,No
123327,Yes
123328,No
123329,Yes
123330,Yes
123331,No
123332,No
123333,Yes
123334,Yes
123335,Yes
123336,Yes
123337,Yes
123338,Yes
123339,No
123340,Yes
123341,Yes
123342,No
123343,No
123344,Yes
123345,Yes
123346,Yes
123347,No
123348,Yes
123349,Yes
123350,No
123351,Yes
123352,Yes
123353,No
123354,Yes
123355,Yes
123356,Yes
123357,Yes
123358,Yes
123359,No
123360,Yes
123361,No
123362,Yes
123363,No
123364,No
123365,Yes
123366,No
123367,Yes
123368,Yes
123369,No
123370,Yes
123371,Yes
123372,Yes
123373,No
123374,Yes
123375,No
123376,No
123377,Yes
123378,No
123379,No
123380,Yes
123381,Yes
123382,Yes
123383,No
123384,Yes
123385,Yes
123386,Yes
123387,No
123388,Yes
123389,Yes
123390,No
123391,Yes
123392,No
123393,No
123394,Yes
123395,Yes
123396,No
123397,No
123398,No
123399,No
123400,Yes
123401,No
123402,No
123403,Yes
123404,Yes
123405,Yes
123406,Yes
123407,Yes
123408,Yes
123409,Yes
123410,No
123411,Yes
123412,No
123413,No
123414,Yes
123415,Yes
123416,Yes
123417,Yes
123418,No
123419,No
123420,No
123421,No
123422,Yes
123423,Yes
123424,No
123425,No
123426,Yes
123427,No
123428,Yes
123429,No
123430,Yes
123431,No
123432,Yes
123433,No
123434,Yes
123435,No
123436,Yes
123437,No
123438,No
123439,No
123440,No
123441,Yes
123442,No
123443,No
123444,Yes
123445,Yes
123446,Yes
123447,Yes
123448,Yes
123449,Yes
123450,Yes
123451,No
123452,Yes
123453,Yes
123454,No
123455,No
123456,Yes
123457,Yes
123458,Yes
123459,No
123460,Yes
123461,Yes
123462,No
123463,Yes
123464,Yes
123465,No
123466,Yes
123467,Yes
123468,No
123469,No
123470,Yes
123471,Yes
123472,Yes
123473,Yes
123474,Yes
123475,No
123476,No
123477,Yes
123478,Yes
123479,Yes
123480,No
123481,No
123482,Yes
123483,No
123484,Yes
123485,Yes
123486,Yes
123487,Yes
123488,No
123489,No
123490,Yes
123491,Yes
123492,Yes
123493,Yes
123494,No
123495,Yes
123496,Yes
123497,Yes
123498,Yes
123499,Yes
123500,No
123501,No
123502,Yes
123503,Yes
123504,No
123505,Yes
123506,Yes
123507,Yes
123508,Yes
123509,No
123510,Yes
123511,Yes
123512,Yes
123513,Yes
123514,Yes
123515,Yes
123516,Yes
123517,Yes
123518,Yes
123519,No
123520,Yes
123521,Yes
123522,Yes
123523,Yes
123524,Yes
123525,Yes
123526,No
123527,Yes
123528,Yes
123529,No
123530,No
123531,No
123532,No
123533,Yes
123534,Yes
123535,Yes
123536,No
123537,Yes
123538,Yes
123539,Yes
123540,Yes
123541,Yes
123542,No
123543,No
123544,Yes
123545,No
123546,No
123547,No
123548,Yes
123549,Yes
123550,No
123551,No
123552,Yes
123553,Yes
123554,No
123555,Yes
123556,No
123557,Yes
123558,No
123559,Yes
123560,No
123561,Yes
123562,Yes
123563,No
123564,Yes
123565,No
123566,Yes
123567,No
123568,Yes
123569,No
123570,No
123571,Yes
123572,No
123573,Yes
123574,Yes
123575,Yes
123576,Yes
123577,Yes
123578,No
123579,Yes
123580,Yes
123581,No
123582,Yes
123583,Yes
123584,No
123585,Yes
123586,No
123587,Yes
123588,Yes
123589,Yes
123590,No
123591,Yes
123592,No
123593,Yes
123594,Yes
123595,Yes
123596,No
123597,Yes
123598,No
123599,Yes
123600,No
123601,No
123602,Yes
123603,Yes
123604,Yes
123605,No
123606,Yes
123607,Yes
123608,Yes
123609,Yes
123610,Yes
123611,No
123612,Yes
123613,Yes
123614,Yes
123615,Yes
123616,Yes
123617,Yes
123618,No
123619,Yes
123620,Yes
123621,Yes
123622,Yes
123623,No
123624,Yes
123625,No
123626,No
123627,Yes
123628,Yes
123629,Yes
123630,No
123631,No
123632,Yes
123633,No
123634,No
123635,Yes
123636,Yes
123637,No
123638,Yes
123639,Yes
123640,No
123641,No
123642,Yes
123643,Yes
123644,Yes
123645,No
123646,Yes
123647,Yes
123648,Yes
123649,No
123650,No
123651,No
123652,Yes
123653,Yes
123654,Yes
123655,Yes
123656,No
123657,No
123658,Yes
123659,No
123660,Yes
123661,No
123662,Yes
123663,Yes
123664,No
123665,No
123666,No
123667,Yes
123668,Yes
123669,Yes
123670,Yes
123671,No
123672,No
123673,Yes
123674,Yes
123675,No
123676,Yes
123677,No
123678,No
123679,No
123680,No
123681,Yes
123682,No
123683,Yes
123684,No
123685,Yes
123686,Yes
123687,Yes
123688,Yes
123689,Yes
123690,No
123691,No
123692,Yes
123693,No
123694,No
123695,Yes
123696,No
123697,Yes
123698,Yes
123699,No
123700,Yes
123701,Yes
123702,No
123703,Yes
123704,Yes
123705,Yes
123706,Yes
123707,Yes
123708,No
123709,Yes
123710,No
123711,Yes
123712,Yes
123713,No
123714,Yes
123715,No
123716,Yes
123717,No
123718,No
123719,Yes
123720,No
123721,Yes
123722,No
123723,Yes
123724,Yes
123725,Yes
123726,Yes
123727,Yes
123728,Yes
123729,Yes
123730,Yes
123731,No
123732,Yes
123733,Yes
123734,Yes
123735,No
123736,No
123737,Yes
123738,No
123739,Yes
123740,Yes
123741,Yes
123742,Yes
123743,No
123744,No
123745,No
123746,Yes
123747,Yes
123748,No
123749,Yes
123750,Yes
123751,No
123752,Yes
123753,No
123754,No
123755,Yes
123756,Yes
123757,No
123758,Yes
123759,Yes
123760,No
123761,No
123762,Yes
123763,Yes
123764,Yes
123765,Yes
123766,No
123767,No
123768,No
123769,No
123770,No
123771,No
123772,No
123773,Yes
123774,Yes
123775,Yes
123776,Yes
123777,No
123778,No
123779,Yes
123780,No
123781,Yes
123782,No
123783,No
123784,No
123785,No
123786,Yes
123787,No
123788,Yes
123789,Yes
123790,Yes
123791,Yes
123792,No
123793,Yes
123794,No
123795,Yes
123796,Yes
123797,Yes
123798,No
123799,No
123800,No
123801,No
123802,No
123803,Yes
123804,Yes
123805,No
123806,Yes
123807,Yes
123808,Yes
123809,No
123810,No
123811,No
123812,No
123813,Yes
123814,Yes
123815,Yes
123816,No
123817,Yes
123818,No
123819,Yes
123820,Yes
123821,Yes
123822,Yes
123823,Yes
123824,No
123825,Yes
123826,Yes
123827,No
123828,Yes
123829,Yes
123830,No
123831,Yes
123832,No
123833,Yes
123834,Yes
123835,Yes
123836,No
123837,Yes
123838,No
123839,No
123840,No
123841,No
123842,No
123843,Yes
123844,No
123845,Yes
123846,Yes
123847,Yes
123848,No
123849,Yes
123850,No
123851,No
123852,No
123853,No
123854,Yes
123855,No
123856,Yes
123857,Yes
123858,No
123859,No
123860,Yes
123861,Yes
123862,Yes
123863,Yes
123864,Yes
123865,No
123866,No
123867,Yes
123868,No
123869,Yes
123870,Yes
123871,Yes
123872,Yes
123873,No
123874,Yes
123875,Yes
123876,Yes
123877,Yes
123878,No
123879,No
123880,Yes
123881,Yes
123882,No
123883,Yes
123884,No
123885,Yes
123886,Yes
123887,No
123888,No
123889,Yes
123890,Yes
123891,No
123892,No
123893,No
123894,Yes
123895,Yes
123896,Yes
123897,No
123898,Yes
123899,Yes
123900,Yes
123901,Yes
123902,Yes
123903,Yes
123904,Yes
123905,Yes
123906,Yes
123907,No
123908,Yes
123909,No
123910,Yes
123911,Yes
123912,No
123913,Yes
123914,Yes
123915,No
123916,No
123917,Yes
123918,Yes
123919,No
123920,Yes
123921,No
123922,Yes
123923,No
123924,Yes
123925,Yes
123926,Yes
123927,No
123928,No
123929,No
123930,Yes
123931,Yes
123932,No
123933,Yes
123934,No
123935,Yes
123936,No
123937,Yes
123938,No
123939,No
123940,No
123941,No
123942,Yes
123943,No
123944,No
123945,No
123946,No
123947,No
123948,Yes
123949,Yes
123950,No
123951,No
123952,Yes
123953,Yes
123954,No
123955,Yes
123956,Yes
123957,Yes
123958,Yes
123959,No
123960,Yes
123961,Yes
123962,No
123963,Yes
123964,No
123965,No
123966,Yes
123967,No
123968,Yes
123969,No
123970,Yes
123971,No
123972,Yes
123973,No
123974,Yes
123975,No
123976,No
123977,Yes
123978,No
123979,No
123980,Yes
123981,No
123982,No
123983,Yes
123984,No
123985,Yes
123986,Yes
123987,No
123988,Yes
123989,Yes
123990,Yes
123991,No
123992,Yes
123993,No
123994,Yes
123995,Yes
123996,Yes
123997,No
123998,No
123999,No
124000,Yes
124001,No
124002,Yes
124003,Yes
124004,Yes
124005,Yes
124006,No
124007,Yes
124008,No
124009,Yes
124010,Yes
124011,Yes
124012,Yes
124013,No
124014,Yes
124015,Yes
124016,No
124017,No
124018,Yes
124019,No
124020,No
124021,No
124022,No
124023,Yes
124024,No
124025,No
124026,No
124027,No
124028,Yes
124029,No
124030,No
124031,No
124032,Yes
124033,Yes
124034,No
124035,Yes
124036,Yes
124037,Yes
124038,Yes
124039,No
124040,Yes
124041,Yes
124042,Yes
124043,Yes
124044,Yes
124045,Yes
124046,No
124047,Yes
124048,Yes
124049,Yes
124050,No
124051,Yes
124052,No
124053,Yes
124054,Yes
124055,Yes
124056,No
124057,Yes
124058,No
124059,No
124060,Yes
124061,Yes
124062,Yes
124063,No
124064,No
124065,Yes
124066,Yes
124067,No
124068,No
124069,No
124070,Yes
124071,Yes
124072,Yes
124073,Yes
124074,No
124075,Yes
124076,Yes
124077,Yes
124078,No
124079,Yes
124080,No
124081,Yes
124082,Yes
124083,Yes
124084,Yes
124085,No
124086,Yes
124087,No
124088,Yes
124089,No
124090,No
124091,Yes
124092,Yes
124093,Yes
124094,No
124095,No
124096,Yes
124097,No
124098,Yes
124099,Yes
124100,No
124101,Yes
124102,No
124103,Yes
124104,No
124105,No
124106,Yes
124107,Yes
124108,No
124109,No
124110,Yes
124111,No
124112,No
124113,No
124114,Yes
124115,Yes
124116,Yes
124117,Yes
124118,Yes
124119,No
124120,Yes
124121,Yes
124122,No
124123,No
124124,Yes
124125,No
124126,Yes
124127,Yes
124128,Yes
124129,Yes
124130,Yes
124131,Yes
124132,Yes
124133,No
124134,Yes
124135,No
124136,Yes
124137,Yes
124138,Yes
124139,No
124140,Yes
124141,Yes
124142,Yes
124143,No
124144,No
124145,Yes
124146,Yes
124147,Yes
124148,Yes
124149,Yes
124150,No
124151,Yes
124152,Yes
124153,No
124154,No
124155,No
124156,No
124157,No
124158,No
124159,No
124160,No
124161,Yes
124162,No
124163,Yes
124164,Yes
124165,Yes
124166,Yes
124167,No
124168,Yes
124169,Yes
124170,No
124171,Yes
124172,No
124173,No
124174,No
124175,No
124176,Yes
124177,Yes
124178,Yes
124179,Yes
124180,Yes
124181,No
124182,No
124183,No
124184,Yes
124185,Yes
124186,No
124187,Yes
124188,Yes
124189,Yes
124190,No
124191,No
124192,Yes
124193,Yes
124194,No
124195,Yes
124196,Yes
124197,No
124198,No
124199,Yes
124200,Yes
124201,Yes
124202,Yes
124203,No
124204,No
124205,Yes
124206,No
124207,No
124208,No
124209,Yes
124210,Yes
124211,Yes
124212,Yes
124213,Yes
124214,Yes
124215,No
124216,No
124217,No
124218,Yes
124219,Yes
124220,No
124221,Yes
124222,Yes
124223,No
124224,Yes
124225,No
124226,Yes
124227,No
124228,Yes
124229,Yes
124230,No
124231,Yes
124232,Yes
124233,No
124234,Yes
124235,No
124236,No
124237,Yes
124238,Yes
124239,Yes
124240,No
124241,No
124242,No
124243,Yes
124244,No
124245,Yes
124246,No
124247,Yes
124248,Yes
124249,Yes
124250,No
124251,No
124252,Yes
124253,Yes
124254,No
124255,No
124256,No
124257,Yes
124258,No
124259,Yes
124260,Yes
124261,Yes
124262,No
124263,No
124264,Yes
124265,Yes
124266,Yes
124267,No
124268,Yes
124269,No
124270,No
124271,No
124272,Yes
124273,No
124274,Yes
124275,Yes
124276,Yes
124277,No
124278,Yes
124279,No
124280,Yes
124281,No
124282,No
124283,Yes
124284,No
124285,No
124286,Yes
124287,Yes
124288,No
124289,No
124290,Yes
124291,Yes
124292,No
124293,Yes
124294,Yes
124295,No
124296,Yes
124297,No
124298,No
124299,No
124300,Yes
124301,Yes
124302,No
124303,Yes
124304,Yes
124305,Yes
124306,Yes
124307,Yes
124308,No
124309,No
124310,No
124311,Yes
124312,Yes
124313,No
124314,Yes
124315,Yes
124316,No
124317,No
124318,No
124319,No
124320,No
124321,No
124322,Yes
124323,No
124324,No
124325,Yes
124326,No
124327,Yes
124328,No
124329,No
124330,No
124331,Yes
124332,Yes
124333,No
124334,No
124335,No
124336,No
124337,Yes
124338,Yes
124339,Yes
124340,No
124341,Yes
124342,No
124343,Yes
124344,Yes
124345,No
124346,No
124347,No
124348,Yes
124349,No
124350,Yes
124351,No
124352,No
124353,No
124354,Yes
124355,Yes
124356,Yes
124357,Yes
124358,Yes
124359,No
124360,Yes
124361,Yes
124362,No
124363,Yes
124364,Yes
124365,Yes
124366,Yes
124367,Yes
124368,No
124369,Yes
124370,No
124371,Yes
124372,No
124373,Yes
124374,No
124375,No
124376,Yes
124377,No
124378,No
124379,No
124380,No
124381,No
124382,No
124383,No
124384,Yes
124385,No
124386,Yes
124387,Yes
124388,Yes
124389,No
124390,Yes
124391,Yes
124392,Yes
124393,Yes
124394,Yes
124395,No
124396,No
124397,Yes
124398,No
124399,No
124400,No
124401,Yes
124402,Yes
124403,Yes
124404,No
124405,No
124406,No
124407,No
124408,No
124409,No
124410,Yes
124411,No
124412,No
124413,No
124414,Yes
124415,Yes
124416,Yes
124417,No
124418,Yes
124419,No
124420,Yes
124421,No
124422,Yes
124423,No
124424,Yes
124425,No
124426,Yes
124427,Yes
124428,No
124429,No
124430,Yes
124431,No
124432,No
124433,No
124434,No
124435,Yes
124436,Yes
124437,No
124438,No
124439,Yes
124440,Yes
124441,Yes
124442,Yes
124443,Yes
124444,No
124445,No
124446,Yes
124447,Yes
124448,Yes
124449,No
124450,No
124451,No
124452,No
124453,Yes
124454,Yes
124455,Yes
124456,Yes
124457,No
124458,No
124459,Yes
124460,Yes
124461,No
124462,No
124463,Yes
124464,No
124465,No
124466,Yes
124467,No
124468,Yes
124469,No
124470,Yes
124471,Yes
124472,No
124473,Yes
124474,No
124475,No
124476,No
124477,Yes
124478,No
124479,Yes
124480,Yes
124481,Yes
124482,No
124483,Yes
124484,No
124485,No
124486,Yes
124487,No
124488,No
124489,No
124490,Yes
124491,Yes
124492,No
124493,Yes
124494,Yes
124495,No
124496,No
124497,Yes
124498,Yes
124499,Yes
124500,No
124501,Yes
124502,No
124503,Yes
124504,Yes
124505,No
124506,No
124507,Yes
124508,No
124509,Yes
124510,No
124511,No
124512,Yes
124513,No
124514,No
124515,No
124516,Yes
124517,Yes
124518,Yes
124519,Yes
124520,Yes
124521,Yes
124522,No
124523,Yes
124524,Yes
124525,Yes
124526,Yes
124527,Yes
124528,Yes
124529,Yes
124530,Yes
124531,No
124532,Yes
124533,Yes
124534,Yes
124535,Yes
124536,Yes
124537,No
124538,No
124539,Yes
124540,Yes
124541,No
124542,No
124543,No
124544,No
124545,Yes
124546,Yes
124547,Yes
124548,Yes
124549,No
124550,Yes
124551,Yes
124552,Yes
124553,No
124554,No
124555,Yes
124556,Yes
124557,Yes
124558,Yes
124559,Yes
124560,No
124561,Yes
124562,Yes
124563,No
124564,No
124565,No
124566,Yes
124567,No
124568,No
124569,Yes
124570,No
124571,No
124572,Yes
124573,No
124574,Yes
124575,Yes
124576,No
124577,No
124578,No
124579,No
124580,Yes
124581,Yes
124582,Yes
124583,Yes
124584,Yes
124585,No
124586,Yes
124587,No
124588,No
124589,No
124590,No
124591,Yes
124592,Yes
124593,Yes
124594,Yes
124595,Yes
124596,No
124597,No
124598,Yes
124599,Yes
124600,Yes
124601,Yes
124602,Yes
124603,Yes
124604,Yes
124605,Yes
124606,Yes
124607,Yes
124608,Yes
124609,Yes
124610,No
124611,No
124612,No
124613,No
124614,Yes
124615,Yes
124616,Yes
124617,Yes
124618,Yes
124619,Yes
124620,No
124621,No
124622,Yes
124623,No
124624,No
124625,Yes
124626,Yes
124627,Yes
124628,No
124629,No
124630,No
124631,Yes
124632,Yes
124633,No
124634,No
124635,Yes
124636,Yes
124637,Yes
124638,No
124639,Yes
124640,No
124641,No
124642,No
124643,Yes
124644,Yes
124645,No
124646,No
124647,Yes
124648,Yes
124649,Yes
124650,Yes
124651,Yes
124652,No
124653,Yes
124654,Yes
124655,Yes
124656,Yes
124657,Yes
124658,No
124659,Yes
124660,Yes
124661,No
124662,Yes
124663,Yes
124664,No
124665,Yes
124666,Yes
124667,No
124668,No
124669,No
124670,No
124671,No
124672,No
124673,No
124674,Yes
124675,Yes
124676,Yes
124677,No
124678,Yes
124679,Yes
124680,Yes
124681,No
124682,Yes
124683,Yes
124684,Yes
124685,Yes
124686,Yes
124687,Yes
124688,Yes
124689,No
124690,Yes
124691,Yes
124692,No
124693,No
124694,Yes
124695,Yes
124696,No
124697,No
124698,Yes
124699,Yes
124700,No
124701,No
124702,Yes
124703,Yes
124704,Yes
124705,No
124706,No
124707,No
124708,Yes
124709,No
124710,Yes
124711,No
124712,Yes
124713,Yes
124714,No
124715,No
124716,Yes
124717,No
124718,Yes
124719,Yes
124720,Yes
124721,Yes
124722,Yes
124723,Yes
124724,No
124725,No
124726,Yes
124727,Yes
124728,Yes
124729,Yes
124730,Yes
124731,Yes
124732,No
124733,Yes
124734,Yes
124735,No
124736,Yes
124737,Yes
124738,Yes
124739,No
124740,No
124741,No
124742,No
124743,No
124744,Yes
124745,Yes
124746,Yes
124747,No
124748,Yes
124749,Yes
124750,Yes
124751,Yes
124752,No
124753,Yes
124754,No
124755,No
124756,No
124757,Yes
124758,No
124759,No
124760,No
124761,Yes
124762,Yes
124763,Yes
124764,Yes
124765,No
124766,Yes
124767,Yes
124768,No
124769,No
124770,No
124771,No
124772,Yes
124773,No
124774,Yes
124775,No
124776,Yes
124777,No
124778,Yes
124779,No
124780,Yes
124781,No
124782,No
124783,Yes
124784,Yes
124785,Yes
124786,Yes
124787,No
124788,No
124789,Yes
124790,Yes
124791,Yes
124792,Yes
124793,Yes
124794,No
124795,No
124796,Yes
124797,Yes
124798,No
124799,No
124800,Yes
124801,No
124802,No
124803,Yes
124804,Yes
124805,Yes
124806,No
124807,No
124808,No
124809,No
124810,No
124811,Yes
124812,No
124813,Yes
124814,Yes
124815,Yes
124816,Yes
124817,Yes
124818,Yes
124819,No
124820,Yes
124821,Yes
124822,Yes
124823,Yes
124824,No
124825,No
124826,No
124827,Yes
124828,No
124829,Yes
124830,No
124831,Yes
124832,Yes
124833,No
124834,Yes
124835,No
124836,No
124837,No
124838,No
124839,No
124840,Yes
124841,Yes
124842,No
124843,Yes
124844,Yes
124845,Yes
124846,Yes
124847,No
124848,Yes
124849,No
124850,No
124851,No
124852,No
124853,Yes
124854,No
124855,No
124856,No
124857,No
124858,No
124859,No
124860,No
124861,No
124862,Yes
124863,No
124864,No
124865,Yes
124866,No
124867,Yes
124868,No
124869,Yes
124870,No
124871,No
124872,Yes
124873,Yes
124874,No
124875,Yes
124876,No
124877,Yes
124878,No
124879,Yes
124880,Yes
124881,No
124882,No
124883,Yes
124884,No
124885,Yes
124886,Yes
124887,No
124888,Yes
124889,No
124890,Yes
124891,No
124892,No
124893,No
124894,Yes
124895,No
124896,No
124897,No
124898,Yes
124899,No
124900,Yes
124901,Yes
124902,No
124903,Yes
124904,Yes
124905,Yes
124906,Yes
124907,No
124908,Yes
124909,No
124910,Yes
124911,Yes
124912,No
124913,No
124914,No
124915,Yes
124916,Yes
124917,Yes
124918,No
124919,Yes
124920,No
124921,Yes
124922,No
124923,No
124924,No
124925,No
124926,No
124927,No
124928,Yes
124929,No
124930,Yes
124931,No
124932,No
124933,No
124934,No
124935,No
124936,Yes
124937,Yes
124938,Yes
124939,Yes
124940,Yes
124941,Yes
124942,No
124943,Yes
124944,Yes
124945,No
124946,No
124947,Yes
124948,No
124949,Yes
124950,Yes
124951,No
124952,No
124953,Yes
124954,Yes
124955,No
124956,Yes
124957,Yes
124958,Yes
124959,Yes
124960,No
124961,No
124962,No
124963,No
124964,No
124965,No
124966,Yes
124967,No
124968,Yes
124969,Yes
124970,No
124971,No
124972,No
124973,No
124974,Yes
124975,Yes
124976,No
124977,Yes
124978,Yes
124979,Yes
124980,Yes
124981,Yes
124982,No
124983,Yes
124984,No
124985,No
124986,No
124987,Yes
124988,No
124989,No
124990,No
124991,Yes
124992,Yes
124993,Yes
124994,Yes
124995,No
124996,Yes
124997,No
124998,No
124999,Yes
125000,No
125001,Yes
125002,No
125003,Yes
125004,Yes
125005,No
125006,Yes
125007,No
125008,Yes
125009,Yes
125010,Yes
125011,No
125012,Yes
125013,No
125014,Yes
125015,Yes
125016,Yes
125017,No
125018,Yes
125019,Yes
125020,No
125021,No
125022,No
125023,Yes
125024,Yes
125025,No
125026,Yes
125027,Yes
125028,Yes
125029,Yes
125030,Yes
125031,No
125032,Yes
125033,Yes
125034,Yes
125035,No
125036,No
125037,Yes
125038,No
125039,Yes
125040,Yes
125041,Yes
125042,Yes
125043,Yes
125044,No
125045,Yes
125046,Yes
125047,No
125048,No
125049,Yes
125050,No
125051,Yes
125052,Yes
125053,Yes
125054,Yes
125055,No
125056,No
125057,No
125058,No
125059,Yes
125060,No
125061,No
125062,No
125063,No
125064,Yes
125065,Yes
125066,Yes
125067,Yes
125068,Yes
125069,Yes
125070,No
125071,No
125072,Yes
125073,No
125074,No
125075,No
125076,Yes
125077,Yes
125078,Yes
125079,Yes
125080,No
125081,Yes
125082,Yes
125083,Yes
125084,Yes
125085,Yes
125086,Yes
125087,Yes
125088,Yes
125089,No
125090,Yes
125091,Yes
125092,Yes
125093,Yes
125094,Yes
125095,Yes
125096,No
125097,No
125098,No
125099,Yes
125100,No
125101,No
125102,Yes
125103,Yes
125104,Yes
125105,No
125106,No
125107,No
125108,No
125109,No
125110,Yes
125111,Yes
125112,Yes
125113,Yes
125114,Yes
125115,No
125116,No
125117,No
125118,No
125119,Yes
125120,Yes
125121,Yes
125122,No
125123,Yes
125124,Yes
125125,Yes
125126,No
125127,Yes
125128,Yes
125129,Yes
125130,Yes
125131,Yes
125132,Yes
125133,No
125134,Yes
125135,No
125136,Yes
125137,Yes
125138,No
125139,No
125140,No
125141,No
125142,Yes
125143,Yes
125144,Yes
125145,Yes
125146,No
125147,No
125148,No
125149,No
125150,Yes
125151,No
125152,No
125153,Yes
125154,No
125155,No
125156,Yes
125157,No
125158,Yes
125159,Yes
125160,Yes
125161,No
125162,Yes
125163,Yes
125164,Yes
125165,Yes
125166,Yes
125167,No
125168,Yes
125169,Yes
125170,No
125171,Yes
125172,No
125173,No
125174,No
125175,Yes
125176,Yes
125177,Yes
125178,Yes
125179,Yes
125180,Yes
125181,No
125182,No
125183,No
125184,Yes
125185,No
125186,No
125187,No
125188,No
125189,Yes
125190,No
125191,No
125192,Yes
125193,No
125194,Yes
125195,Yes
125196,No
125197,Yes
125198,No
125199,Yes
125200,No
125201,Yes
125202,Yes
125203,Yes
125204,Yes
125205,No
125206,Yes
125207,Yes
125208,Yes
125209,No
125210,No
125211,Yes
125212,No
125213,Yes
125214,Yes
125215,No
125216,Yes
125217,Yes
125218,No
125219,Yes
125220,Yes
125221,Yes
125222,No
125223,No
125224,Yes
125225,No
125226,Yes
125227,Yes
125228,Yes
125229,Yes
125230,Yes
125231,No
125232,Yes
125233,Yes
125234,Yes
125235,Yes
125236,No
125237,Yes
125238,No
125239,Yes
125240,Yes
125241,Yes
125242,No
125243,No
125244,Yes
125245,No
125246,Yes
125247,No
125248,Yes
125249,Yes
125250,Yes
125251,Yes
125252,No
125253,No
125254,Yes
125255,No
125256,Yes
125257,No
125258,Yes
125259,Yes
125260,No
125261,Yes
125262,Yes
125263,Yes
125264,No
125265,No
125266,No
125267,Yes
125268,No
125269,Yes
125270,Yes
125271,Yes
125272,Yes
125273,No
125274,No
125275,No
125276,No
125277,No
125278,Yes
125279,Yes
125280,Yes
125281,Yes
125282,No
125283,Yes
125284,Yes
125285,No
125286,Yes
125287,No
125288,Yes
125289,Yes
125290,Yes
125291,Yes
125292,No
125293,Yes
125294,No
125295,Yes
125296,No
125297,No
125298,Yes
125299,Yes
125300,Yes
125301,Yes
125302,No
125303,Yes
125304,Yes
125305,Yes
125306,Yes
125307,No
125308,Yes
125309,Yes
125310,No
125311,Yes
125312,No
125313,Yes
125314,Yes
125315,Yes
125316,No
125317,Yes
125318,Yes
125319,No
125320,No
125321,Yes
125322,No
125323,No
125324,Yes
125325,No
125326,No
125327,Yes
125328,Yes
125329,Yes
125330,Yes
125331,Yes
125332,No
125333,Yes
125334,No
125335,Yes
125336,Yes
125337,Yes
125338,Yes
125339,Yes
125340,No
125341,Yes
125342,No
125343,Yes
125344,Yes
125345,No
125346,Yes
125347,No
125348,No
125349,No
125350,Yes
125351,No
125352,No
125353,Yes
125354,Yes
125355,No
125356,Yes
125357,Yes
125358,No
125359,No
125360,No
125361,Yes
125362,No
125363,No
125364,Yes
125365,No
125366,No
125367,Yes
125368,No
125369,Yes
125370,No
125371,Yes
125372,No
125373,Yes
125374,Yes
125375,No
125376,Yes
125377,No
125378,Yes
125379,Yes
125380,Yes
125381,Yes
125382,No
125383,Yes
125384,Yes
125385,No
125386,Yes
125387,No
125388,No
125389,Yes
125390,No
125391,No
125392,No
125393,No
125394,Yes
125395,Yes
125396,No
125397,Yes
125398,No
125399,Yes
125400,Yes
125401,No
125402,Yes
125403,Yes
125404,Yes
125405,Yes
125406,Yes
125407,No
125408,No
125409,No
125410,Yes
125411,Yes
125412,Yes
125413,Yes
125414,No
125415,No
125416,Yes
125417,Yes
125418,Yes
125419,Yes
125420,No
125421,No
125422,Yes
125423,Yes
125424,Yes
125425,Yes
125426,Yes
125427,Yes
125428,No
125429,No
125430,Yes
125431,Yes
125432,Yes
125433,No
125434,No
125435,Yes
125436,Yes
125437,Yes
125438,Yes
125439,No
125440,No
125441,No
125442,Yes
125443,Yes
125444,No
125445,Yes
125446,Yes
125447,Yes
125448,Yes
125449,No
125450,No
125451,No
125452,Yes
125453,No
125454,Yes
125455,No
125456,No
125457,No
125458,Yes
125459,Yes
125460,Yes
125461,Yes
125462,No
125463,Yes
125464,No
125465,Yes
125466,No
125467,Yes
125468,No
125469,Yes
125470,No
125471,No
125472,No
125473,No
125474,Yes
125475,Yes
125476,Yes
125477,Yes
125478,No
125479,No
125480,Yes
125481,Yes
125482,No
125483,Yes
125484,Yes
125485,Yes
125486,Yes
125487,Yes
125488,No
125489,Yes
125490,Yes
125491,No
125492,No
125493,No
125494,No
125495,No
125496,Yes
125497,Yes
125498,Yes
125499,Yes
125500,No
125501,No
125502,No
125503,Yes
125504,Yes
125505,No
125506,No
125507,No
125508,Yes
125509,No
125510,No
125511,Yes
125512,No
125513,Yes
125514,No
125515,Yes
125516,Yes
125517,No
125518,No
125519,No
125520,No
125521,Yes
125522,No
125523,Yes
125524,Yes
125525,No
125526,Yes
125527,Yes
125528,Yes
125529,Yes
125530,Yes
125531,Yes
125532,Yes
125533,Yes
125534,Yes
125535,Yes
125536,Yes
125537,Yes
125538,Yes
125539,Yes
125540,Yes
125541,Yes
125542,No
125543,Yes
125544,No
125545,No
125546,No
125547,Yes
125548,No
125549,No
125550,No
125551,Yes
125552,Yes
125553,Yes
125554,Yes
125555,No
125556,No
125557,No
125558,No
125559,Yes
125560,Yes
125561,No
125562,No
125563,Yes
125564,No
125565,Yes
125566,No
125567,Yes
125568,No
125569,Yes
125570,Yes
125571,Yes
125572,Yes
125573,Yes
125574,Yes
125575,No
125576,Yes
125577,Yes
125578,No
125579,No
125580,Yes
125581,No
125582,Yes
125583,Yes
125584,No
125585,Yes
125586,Yes
125587,Yes
125588,No
125589,No
125590,Yes
125591,No
125592,Yes
125593,No
125594,Yes
125595,No
125596,Yes
125597,Yes
125598,No
125599,No
125600,Yes
125601,Yes
125602,No
125603,No
125604,No
125605,No
125606,Yes
125607,No
125608,No
125609,Yes
125610,No
125611,No
125612,Yes
125613,Yes
125614,Yes
125615,Yes
125616,Yes
125617,No
125618,No
125619,No
125620,Yes
125621,No
125622,No
125623,Yes
125624,No
125625,No
125626,Yes
125627,Yes
125628,No
125629,Yes
125630,Yes
125631,No
125632,Yes
125633,Yes
125634,Yes
125635,No
125636,Yes
125637,Yes
125638,No
125639,No
125640,No
125641,No
125642,No
125643,Yes
125644,Yes
125645,Yes
125646,No
125647,No
125648,Yes
125649,Yes
125650,Yes
125651,No
125652,No
125653,Yes
125654,No
125655,Yes
125656,No
125657,No
125658,Yes
125659,Yes
125660,Yes
125661,No
125662,No
125663,No
125664,No
125665,Yes
125666,No
125667,No
125668,Yes
125669,No
125670,Yes
125671,No
125672,Yes
125673,No
125674,No
125675,Yes
125676,Yes
125677,Yes
125678,Yes
125679,No
125680,Yes
125681,Yes
125682,No
125683,Yes
125684,No
125685,No
125686,Yes
125687,No
125688,Yes
125689,Yes
125690,No
125691,Yes
125692,No
125693,Yes
125694,No
125695,Yes
125696,No
125697,Yes
125698,No
125699,Yes
125700,Yes
125701,No
125702,No
125703,Yes
125704,Yes
125705,Yes
125706,Yes
125707,Yes
125708,No
125709,No
125710,Yes
125711,Yes
125712,Yes
125713,No
125714,Yes
125715,Yes
125716,No
125717,Yes
125718,No
125719,No
125720,Yes
125721,Yes
125722,No
125723,Yes
125724,Yes
125725,No
125726,Yes
125727,Yes
125728,No
125729,Yes
125730,Yes
125731,Yes
125732,Yes
125733,Yes
125734,No
125735,Yes
125736,Yes
125737,Yes
125738,Yes
125739,Yes
125740,No
125741,No
125742,Yes
125743,No
125744,Yes
125745,No
125746,Yes
125747,Yes
125748,No
125749,Yes
125750,No
125751,No
125752,Yes
125753,Yes
125754,Yes
125755,Yes
125756,Yes
125757,No
125758,No
125759,Yes
125760,No
125761,Yes
125762,Yes
125763,Yes
125764,No
125765,Yes
125766,Yes
125767,No
125768,Yes
125769,Yes
125770,No
125771,Yes
125772,Yes
125773,Yes
125774,Yes
125775,Yes
125776,Yes
125777,No
125778,No
125779,No
125780,Yes
125781,Yes
125782,Yes
125783,No
125784,No
125785,Yes
125786,No
125787,No
125788,Yes
125789,Yes
125790,No
125791,Yes
125792,No
125793,Yes
125794,Yes
125795,Yes
125796,Yes
125797,Yes
125798,Yes
125799,Yes
125800,Yes
125801,No
125802,Yes
125803,No
125804,Yes
125805,No
125806,Yes
125807,No
125808,No
125809,Yes
125810,Yes
125811,No
125812,No
125813,No
125814,Yes
125815,No
125816,No
125817,Yes
125818,Yes
125819,No
125820,No
125821,Yes
125822,No
125823,Yes
125824,No
125825,Yes
125826,No
125827,Yes
125828,No
125829,No
125830,Yes
125831,Yes
125832,No
125833,Yes
125834,Yes
125835,No
125836,No
125837,Yes
125838,No
125839,No
125840,Yes
125841,No
125842,No
125843,No
125844,No
125845,Yes
125846,Yes
125847,Yes
125848,No
125849,No
125850,Yes
125851,No
125852,No
125853,Yes
125854,Yes
125855,Yes
125856,Yes
125857,Yes
125858,No
125859,Yes
125860,Yes
125861,Yes
125862,No
125863,Yes
125864,Yes
125865,No
125866,No
125867,Yes
125868,No
125869,No
125870,Yes
125871,No
125872,Yes
125873,Yes
125874,Yes
125875,Yes
125876,No
125877,No
125878,No
125879,Yes
125880,Yes
125881,No
125882,Yes
125883,Yes
125884,Yes
125885,No
125886,No
125887,Yes
125888,No
125889,No
125890,Yes
125891,Yes
125892,Yes
125893,No
125894,Yes
125895,Yes
125896,No
125897,Yes
125898,No
125899,Yes
125900,Yes
125901,No
125902,No
125903,No
125904,No
125905,Yes
125906,Yes
125907,No
125908,No
125909,No
125910,No
125911,Yes
125912,Yes
125913,Yes
125914,Yes
125915,Yes
125916,Yes
125917,Yes
125918,No
125919,Yes
125920,No
125921,Yes
125922,Yes
125923,Yes
125924,Yes
125925,Yes
125926,No
125927,Yes
125928,No
125929,Yes
125930,No
125931,Yes
125932,Yes
125933,Yes
125934,Yes
125935,Yes
125936,Yes
125937,Yes
125938,Yes
125939,No
125940,No
125941,Yes
125942,Yes
125943,Yes
125944,Yes
125945,No
125946,Yes
125947,No
125948,No
125949,Yes
125950,Yes
125951,Yes
125952,No
125953,Yes
125954,No
125955,Yes
125956,Yes
125957,Yes
125958,No
125959,No
125960,Yes
125961,Yes
125962,No
125963,Yes
125964,No
125965,No
125966,No
125967,No
125968,Yes
125969,Yes
125970,Yes
125971,Yes
125972,No
125973,No
125974,Yes
125975,Yes
125976,No
125977,Yes
125978,Yes
125979,Yes
125980,Yes
125981,Yes
125982,No
125983,Yes
125984,No
125985,Yes
125986,Yes
125987,Yes
125988,No
125989,Yes
125990,Yes
125991,No
125992,No
125993,Yes
125994,Yes
125995,Yes
125996,Yes
125997,Yes
125998,Yes
125999,Yes
126000,No
126001,Yes
126002,Yes
126003,Yes
126004,No
126005,No
126006,No
126007,No
126008,No
126009,Yes
126010,No
126011,Yes
126012,Yes
126013,Yes
126014,Yes
126015,Yes
126016,Yes
126017,Yes
126018,No
126019,Yes
126020,Yes
126021,No
126022,No
126023,Yes
126024,No
126025,Yes
126026,No
126027,Yes
126028,Yes
126029,No
126030,Yes
126031,No
126032,Yes
126033,Yes
126034,Yes
126035,Yes
126036,No
126037,Yes
126038,No
126039,Yes
126040,No
126041,No
126042,No
126043,Yes
126044,Yes
126045,Yes
126046,No
126047,Yes
126048,Yes
126049,Yes
126050,Yes
126051,No
126052,Yes
126053,No
126054,Yes
126055,Yes
126056,No
126057,No
126058,Yes
126059,No
126060,Yes
126061,Yes
126062,No
126063,No
126064,Yes
126065,No
126066,Yes
126067,Yes
126068,No
126069,No
126070,No
126071,No
126072,No
126073,No
126074,No
126075,Yes
126076,Yes
126077,Yes
126078,No
126079,Yes
126080,No
126081,No
126082,Yes
126083,No
126084,No
126085,No
126086,Yes
126087,No
126088,Yes
126089,No
126090,No
126091,Yes
126092,Yes
126093,No
126094,No
126095,Yes
126096,No
126097,Yes
126098,Yes
126099,No
126100,No
126101,No
126102,No
126103,Yes
126104,Yes
126105,Yes
126106,Yes
126107,No
126108,Yes
126109,Yes
126110,No
126111,No
126112,Yes
126113,No
126114,No
126115,No
126116,Yes
126117,No
126118,No
126119,No
126120,Yes
126121,Yes
126122,No
126123,No
126124,Yes
126125,Yes
126126,Yes
126127,Yes
126128,Yes
126129,No
126130,Yes
126131,Yes
126132,No
126133,Yes
126134,No
126135,Yes
126136,No
126137,No
126138,Yes
126139,Yes
126140,Yes
126141,Yes
126142,Yes
126143,Yes
126144,No
126145,Yes
126146,Yes
126147,No
126148,Yes
126149,Yes
126150,No
126151,Yes
126152,No
126153,Yes
126154,Yes
126155,Yes
126156,Yes
126157,No
126158,Yes
126159,Yes
126160,Yes
126161,No
126162,Yes
126163,Yes
126164,Yes
126165,Yes
126166,No
126167,No
126168,Yes
126169,No
126170,Yes
126171,Yes
126172,Yes
126173,Yes
126174,Yes
126175,Yes
126176,Yes
126177,No
126178,Yes
126179,No
126180,Yes
126181,No
126182,Yes
126183,No
126184,No
126185,No
126186,Yes
126187,No
126188,No
126189,No
126190,No
126191,Yes
126192,Yes
126193,No
126194,Yes
126195,Yes
126196,No
126197,Yes
126198,Yes
126199,Yes
126200,Yes
126201,Yes
126202,No
126203,Yes
126204,Yes
126205,Yes
126206,No
126207,Yes
126208,Yes
126209,Yes
126210,No
126211,No
126212,No
126213,Yes
126214,No
126215,Yes
126216,Yes
126217,Yes
126218,No
126219,Yes
126220,No
126221,Yes
126222,No
126223,Yes
126224,Yes
126225,No
126226,No
126227,Yes
126228,Yes
126229,No
126230,No
126231,Yes
126232,Yes
126233,Yes
126234,No
126235,Yes
126236,No
126237,Yes
126238,Yes
126239,Yes
126240,No
126241,No
126242,Yes
126243,Yes
126244,Yes
126245,Yes
126246,No
126247,No
126248,Yes
126249,Yes
126250,Yes
126251,No
126252,Yes
126253,No
126254,Yes
126255,Yes
126256,Yes
126257,Yes
126258,No
126259,No
126260,Yes
126261,Yes
126262,Yes
126263,No
126264,Yes
126265,No
126266,Yes
126267,No
126268,No
126269,Yes
126270,Yes
126271,No
126272,Yes
126273,No
126274,No
126275,Yes
126276,No
126277,No
126278,Yes
126279,Yes
126280,Yes
126281,No
126282,Yes
126283,No
126284,No
126285,No
126286,No
126287,Yes
126288,No
126289,No
126290,Yes
126291,No
126292,Yes
126293,Yes
126294,Yes
126295,No
126296,Yes
126297,No
126298,Yes
126299,No
126300,Yes
126301,No
126302,Yes
126303,No
126304,Yes
126305,No
126306,Yes
126307,Yes
126308,No
126309,No
126310,No
126311,No
126312,Yes
126313,Yes
126314,No
126315,Yes
126316,Yes
126317,Yes
126318,Yes
126319,No
126320,No
126321,Yes
126322,Yes
126323,Yes
126324,Yes
126325,No
126326,Yes
126327,Yes
126328,Yes
126329,Yes
126330,Yes
126331,Yes
126332,No
126333,No
126334,Yes
126335,Yes
126336,No
126337,No
126338,No
126339,Yes
126340,Yes
126341,Yes
126342,Yes
126343,Yes
126344,Yes
126345,Yes
126346,No
126347,Yes
126348,No
126349,Yes
126350,Yes
126351,Yes
126352,Yes
126353,Yes
126354,Yes
126355,No
126356,No
126357,Yes
126358,No
126359,No
126360,Yes
126361,No
126362,No
126363,Yes
126364,No
126365,No
126366,Yes
126367,Yes
126368,No
126369,Yes
126370,Yes
126371,No
126372,No
126373,No
126374,No
126375,No
126376,Yes
126377,No
126378,Yes
126379,Yes
126380,Yes
126381,No
126382,Yes
126383,No
126384,No
126385,Yes
126386,Yes
126387,No
126388,Yes
126389,No
126390,Yes
126391,Yes
126392,No
126393,No
126394,Yes
126395,No
126396,Yes
126397,Yes
126398,No
126399,Yes
126400,Yes
126401,No
126402,No
126403,Yes
126404,Yes
126405,No
126406,No
126407,Yes
126408,Yes
126409,Yes
126410,Yes
126411,No
126412,No
126413,Yes
126414,Yes
126415,Yes
126416,Yes
126417,No
126418,No
126419,No
126420,Yes
126421,Yes
126422,Yes
126423,No
126424,Yes
126425,Yes
126426,No
126427,No
126428,No
126429,Yes
126430,Yes
126431,No
126432,No
126433,No
126434,No
126435,Yes
126436,Yes
126437,Yes
126438,No
126439,Yes
126440,No
126441,Yes
126442,Yes
126443,Yes
126444,No
126445,No
126446,No
126447,No
126448,No
126449,Yes
126450,No
126451,No
126452,No
126453,No
126454,No
126455,No
126456,Yes
126457,Yes
126458,No
126459,No
126460,Yes
126461,Yes
126462,No
126463,Yes
126464,Yes
126465,No
126466,Yes
126467,Yes
126468,Yes
126469,Yes
126470,No
126471,Yes
126472,Yes
126473,Yes
126474,No
126475,Yes
126476,Yes
126477,No
126478,No
126479,Yes
126480,No
126481,Yes
126482,Yes
126483,Yes
126484,No
126485,Yes
126486,No
126487,Yes
126488,Yes
126489,Yes
126490,Yes
126491,Yes
126492,No
126493,No
126494,Yes
126495,Yes
126496,No
126497,No
126498,Yes
126499,No
126500,No
126501,Yes
126502,No
126503,Yes
126504,Yes
126505,No
126506,No
126507,Yes
126508,Yes
126509,No
126510,Yes
126511,Yes
126512,Yes
126513,No
126514,Yes
126515,Yes
126516,Yes
126517,Yes
126518,Yes
126519,Yes
126520,Yes
126521,No
126522,Yes
126523,Yes
126524,No
126525,Yes
126526,No
126527,Yes
126528,No
126529,Yes
126530,No
126531,Yes
126532,No
126533,Yes
126534,No
126535,Yes
126536,No
126537,No
126538,Yes
126539,Yes
126540,Yes
126541,No
126542,Yes
126543,Yes
126544,Yes
126545,Yes
126546,Yes
126547,Yes
126548,Yes
126549,Yes
126550,No
126551,Yes
126552,Yes
126553,Yes
126554,Yes
126555,Yes
126556,Yes
126557,No
126558,Yes
126559,No
126560,No
126561,No
126562,Yes
126563,No
126564,No
126565,Yes
126566,Yes
126567,No
126568,Yes
126569,Yes
126570,No
126571,No
126572,No
126573,No
126574,Yes
126575,Yes
126576,Yes
126577,Yes
126578,Yes
126579,Yes
126580,No
126581,Yes
126582,Yes
126583,No
126584,Yes
126585,Yes
126586,Yes
126587,No
126588,No
126589,No
126590,Yes
126591,Yes
126592,Yes
126593,Yes
126594,No
126595,Yes
126596,No
126597,No
126598,Yes
126599,Yes
126600,No
126601,No
126602,Yes
126603,No
126604,Yes
126605,No
126606,No
126607,Yes
126608,Yes
126609,No
126610,No
126611,Yes
126612,No
126613,Yes
126614,No
126615,No
126616,No
126617,Yes
126618,Yes
126619,No
126620,No
126621,No
126622,No
126623,Yes
126624,No
126625,No
126626,No
126627,Yes
126628,Yes
126629,No
126630,No
126631,No
126632,Yes
126633,No
126634,Yes
126635,No
126636,No
126637,Yes
126638,No
126639,Yes
126640,No
126641,Yes
126642,Yes
126643,No
126644,No
126645,Yes
126646,Yes
126647,No
126648,No
126649,Yes
126650,Yes
126651,No
126652,Yes
126653,No
126654,Yes
126655,No
126656,No
126657,Yes
126658,No
126659,Yes
126660,Yes
126661,Yes
126662,Yes
126663,Yes
126664,No
126665,No
126666,No
126667,Yes
126668,Yes
126669,No
126670,Yes
126671,Yes
126672,No
126673,Yes
126674,Yes
126675,Yes
126676,Yes
126677,Yes
126678,Yes
126679,No
126680,No
126681,No
126682,Yes
126683,Yes
126684,Yes
126685,Yes
126686,Yes
126687,Yes
126688,No
126689,Yes
126690,No
126691,No
126692,Yes
126693,No
126694,Yes
126695,Yes
126696,No
126697,Yes
126698,Yes
126699,Yes
126700,Yes
126701,Yes
126702,No
126703,No
126704,Yes
126705,No
126706,Yes
126707,Yes
126708,Yes
126709,Yes
126710,Yes
126711,No
126712,No
126713,No
126714,No
126715,No
126716,Yes
126717,Yes
126718,Yes
126719,No
126720,Yes
126721,No
126722,No
126723,Yes
126724,Yes
126725,Yes
126726,No
126727,No
126728,Yes
126729,No
126730,Yes
126731,No
126732,No
126733,No
126734,Yes
126735,Yes
126736,Yes
126737,No
126738,Yes
126739,No
126740,Yes
126741,No
126742,No
126743,Yes
126744,No
126745,Yes
126746,No
126747,Yes
126748,Yes
126749,No
126750,Yes
126751,Yes
126752,No
126753,No
126754,No
126755,No
126756,No
126757,No
126758,No
126759,No
126760,No
126761,Yes
126762,No
126763,Yes
126764,No
126765,Yes
126766,No
126767,Yes
126768,No
126769,Yes
126770,No
126771,No
126772,No
126773,Yes
126774,Yes
126775,No
126776,No
126777,No
126778,Yes
126779,Yes
126780,No
126781,Yes
126782,Yes
126783,Yes
126784,Yes
126785,Yes
126786,Yes
126787,Yes
126788,Yes
126789,Yes
126790,Yes
126791,No
126792,Yes
126793,Yes
126794,Yes
126795,Yes
126796,Yes
126797,Yes
126798,No
126799,No
126800,Yes
126801,No
126802,Yes
126803,Yes
126804,No
126805,No
126806,Yes
126807,No
126808,No
126809,Yes
126810,No
126811,No
126812,Yes
126813,Yes
126814,No
126815,Yes
126816,Yes
126817,Yes
126818,Yes
126819,No
126820,No
126821,No
126822,Yes
126823,Yes
126824,No
126825,No
126826,Yes
126827,No
126828,Yes
126829,Yes
126830,No
126831,Yes
126832,Yes
126833,Yes
126834,Yes
126835,Yes
126836,Yes
126837,No
126838,Yes
126839,Yes
126840,Yes
126841,No
126842,Yes
126843,No
126844,Yes
126845,Yes
126846,No
126847,No
126848,No
126849,No
126850,Yes
126851,No
126852,No
126853,Yes
126854,Yes
126855,No
126856,No
126857,No
126858,Yes
126859,No
126860,Yes
126861,Yes
126862,Yes
126863,Yes
126864,Yes
126865,Yes
126866,Yes
126867,No
126868,Yes
126869,Yes
126870,No
126871,No
126872,No
126873,Yes
126874,Yes
126875,No
126876,No
126877,No
126878,No
126879,Yes
126880,No
126881,Yes
126882,Yes
126883,No
126884,Yes
126885,Yes
126886,No
126887,Yes
126888,Yes
126889,Yes
126890,Yes
126891,Yes
126892,No
126893,Yes
126894,Yes
126895,Yes
126896,Yes
126897,Yes
126898,No
126899,Yes
126900,No
126901,Yes
126902,No
126903,Yes
126904,Yes
126905,Yes
126906,No
126907,Yes
126908,No
126909,No
126910,No
126911,Yes
126912,No
126913,Yes
126914,Yes
126915,Yes
126916,No
126917,Yes
126918,No
126919,Yes
126920,No
126921,No
126922,No
126923,Yes
126924,Yes
126925,Yes
126926,No
126927,No
126928,Yes
126929,Yes
126930,Yes
126931,Yes
126932,No
126933,Yes
126934,No
126935,Yes
126936,Yes
126937,Yes
126938,No
126939,Yes
126940,Yes
126941,Yes
126942,No
126943,Yes
126944,Yes
126945,No
126946,Yes
126947,No
126948,Yes
126949,Yes
126950,Yes
126951,Yes
126952,Yes
126953,No
126954,Yes
126955,No
126956,No
126957,Yes
126958,Yes
126959,Yes
126960,Yes
126961,Yes
126962,No
126963,No
126964,Yes
126965,No
126966,Yes
126967,No
126968,No
126969,Yes
126970,No
126971,Yes
126972,Yes
126973,Yes
126974,Yes
126975,Yes
126976,Yes
126977,No
126978,No
126979,No
126980,Yes
126981,No
126982,Yes
126983,No
126984,No
126985,Yes
126986,Yes
126987,Yes
126988,No
126989,No
126990,Yes
126991,Yes
126992,Yes
126993,Yes
126994,No
126995,Yes
126996,Yes
126997,Yes
126998,Yes
126999,No
127000,Yes
127001,Yes
127002,Yes
127003,No
127004,No
127005,No
127006,No
127007,Yes
127008,No
127009,No
127010,No
127011,No
127012,No
127013,No
127014,No
127015,Yes
127016,Yes
127017,Yes
127018,Yes
127019,Yes
127020,No
127021,No
127022,Yes
127023,Yes
127024,No
127025,No
127026,Yes
127027,No
127028,No
127029,Yes
127030,No
127031,Yes
127032,Yes
127033,No
127034,No
127035,No
127036,No
127037,Yes
127038,Yes
127039,No
127040,Yes
127041,Yes
127042,Yes
127043,No
127044,Yes
127045,No
127046,Yes
127047,Yes
127048,No
127049,Yes
127050,No
127051,Yes
127052,Yes
127053,Yes
127054,No
127055,No
127056,Yes
127057,Yes
127058,Yes
127059,Yes
127060,No
127061,No
127062,Yes
127063,No
127064,No
127065,Yes
127066,No
127067,Yes
127068,Yes
127069,Yes
127070,Yes
127071,Yes
127072,Yes
127073,Yes
127074,No
127075,Yes
127076,Yes
127077,Yes
127078,No
127079,No
127080,No
127081,No
127082,Yes
127083,No
127084,Yes
127085,No
127086,Yes
127087,Yes
127088,No
127089,Yes
127090,No
127091,Yes
127092,Yes
127093,No
127094,No
127095,No
127096,Yes
127097,No
127098,No
127099,No
127100,No
127101,Yes
127102,Yes
127103,Yes
127104,Yes
127105,No
127106,Yes
127107,No
127108,No
127109,No
127110,No
127111,Yes
127112,Yes
127113,Yes
127114,Yes
127115,Yes
127116,Yes
127117,Yes
127118,No
127119,Yes
127120,Yes
127121,No
127122,No
127123,Yes
127124,Yes
127125,No
127126,No
127127,No
127128,No
127129,Yes
127130,Yes
127131,No
127132,No
127133,No
127134,No
127135,Yes
127136,Yes
127137,Yes
127138,Yes
127139,No
127140,Yes
127141,No
127142,Yes
127143,Yes
127144,Yes
127145,No
127146,No
127147,Yes
127148,Yes
127149,Yes
127150,No
127151,Yes
127152,No
127153,Yes
127154,Yes
127155,No
127156,No
127157,Yes
127158,No
127159,No
127160,No
127161,Yes
127162,Yes
127163,No
127164,Yes
127165,No
127166,Yes
127167,No
127168,Yes
127169,No
127170,Yes
127171,Yes
127172,No
127173,Yes
127174,Yes
127175,Yes
127176,No
127177,Yes
127178,No
127179,No
127180,Yes
127181,No
127182,Yes
127183,Yes
127184,No
127185,Yes
127186,Yes
127187,No
127188,No
127189,Yes
127190,Yes
127191,Yes
127192,Yes
127193,No
127194,Yes
127195,Yes
127196,Yes
127197,No
127198,Yes
127199,Yes
127200,Yes
127201,No
127202,Yes
127203,No
127204,No
127205,No
127206,Yes
127207,Yes
127208,Yes
127209,Yes
127210,Yes
127211,Yes
127212,No
127213,No
127214,No
127215,No
127216,Yes
127217,Yes
127218,No
127219,Yes
127220,No
127221,Yes
127222,Yes
127223,No
127224,No
127225,Yes
127226,Yes
127227,Yes
127228,No
127229,Yes
127230,Yes
127231,No
127232,Yes
127233,Yes
127234,Yes
127235,No
127236,Yes
127237,No
127238,No
127239,No
127240,No
127241,Yes
127242,Yes
127243,Yes
127244,No
127245,No
127246,No
127247,Yes
127248,No
127249,No
127250,No
127251,Yes
127252,No
127253,No
127254,Yes
127255,No
127256,Yes
127257,Yes
127258,Yes
127259,Yes
127260,Yes
127261,No
127262,Yes
127263,Yes
127264,Yes
127265,No
127266,Yes
127267,No
127268,No
127269,Yes
127270,No
127271,No
127272,No
127273,No
127274,Yes
127275,Yes
127276,No
127277,Yes
127278,Yes
127279,Yes
127280,Yes
127281,Yes
127282,No
127283,Yes
127284,No
127285,No
127286,No
127287,Yes
127288,Yes
127289,No
127290,No
127291,Yes
127292,Yes
127293,Yes
127294,No
127295,No
127296,No
127297,No
127298,Yes
127299,Yes
127300,No
127301,Yes
127302,Yes
127303,Yes
127304,Yes
127305,Yes
127306,No
127307,Yes
127308,Yes
127309,Yes
127310,No
127311,No
127312,Yes
127313,Yes
127314,No
127315,Yes
127316,Yes
127317,Yes
127318,Yes
127319,No
127320,No
127321,No
127322,Yes
127323,Yes
127324,Yes
127325,Yes
127326,Yes
127327,Yes
127328,No
127329,No
127330,Yes
127331,Yes
127332,Yes
127333,Yes
127334,No
127335,Yes
127336,No
127337,No
127338,Yes
127339,No
127340,No
127341,No
127342,Yes
127343,No
127344,Yes
127345,No
127346,Yes
127347,Yes
127348,Yes
127349,No
127350,No
127351,Yes
127352,No
127353,Yes
127354,Yes
127355,No
127356,Yes
127357,Yes
127358,No
127359,Yes
127360,Yes
127361,Yes
127362,No
127363,Yes
127364,Yes
127365,No
127366,No
127367,Yes
127368,Yes
127369,Yes
127370,Yes
127371,Yes
127372,No
127373,Yes
127374,Yes
127375,No
127376,No
127377,Yes
127378,Yes
127379,No
127380,Yes
127381,Yes
127382,Yes
127383,No
127384,No
127385,Yes
127386,Yes
127387,No
127388,No
127389,Yes
127390,Yes
127391,No
127392,Yes
127393,No
127394,No
127395,Yes
127396,No
127397,Yes
127398,Yes
127399,Yes
127400,Yes
127401,No
127402,Yes
127403,Yes
127404,Yes
127405,No
127406,No
127407,No
127408,No
127409,No
127410,Yes
127411,Yes
127412,Yes
127413,No
127414,No
127415,No
127416,No
127417,Yes
127418,Yes
127419,Yes
127420,No
127421,No
127422,No
127423,No
127424,Yes
127425,Yes
127426,Yes
127427,No
127428,Yes
127429,Yes
127430,No
127431,No
127432,Yes
127433,No
127434,Yes
127435,Yes
127436,No
127437,Yes
127438,No
127439,No
127440,Yes
127441,No
127442,Yes
127443,No
127444,Yes
127445,Yes
127446,Yes
127447,Yes
127448,No
127449,No
127450,Yes
127451,Yes
127452,Yes
127453,Yes
127454,Yes
127455,Yes
127456,Yes
127457,Yes
127458,Yes
127459,Yes
127460,No
127461,Yes
127462,Yes
127463,Yes
127464,No
127465,Yes
127466,Yes
127467,No
127468,No
127469,Yes
127470,Yes
127471,No
127472,Yes
127473,Yes
127474,Yes
127475,Yes
127476,No
127477,No
127478,No
127479,No
127480,No
127481,Yes
127482,Yes
127483,Yes
127484,Yes
127485,Yes
127486,No
127487,Yes
127488,Yes
127489,No
127490,No
127491,No
127492,No
127493,Yes
127494,No
127495,No
127496,Yes
127497,Yes
127498,Yes
127499,Yes
127500,No
127501,No
127502,Yes
127503,No
127504,Yes
127505,No
127506,No
127507,Yes
127508,Yes
127509,Yes
127510,No
127511,No
127512,No
127513,No
127514,No
127515,Yes
127516,No
127517,Yes
127518,Yes
127519,No
127520,Yes
127521,Yes
127522,No
127523,No
127524,Yes
127525,No
127526,Yes
127527,No
127528,No
127529,Yes
127530,Yes
127531,No
127532,Yes
127533,Yes
127534,No
127535,Yes
127536,No
127537,No
127538,No
127539,No
127540,No
127541,Yes
127542,Yes
127543,No
127544,No
127545,No
127546,Yes
127547,No
127548,No
127549,No
127550,Yes
127551,Yes
127552,No
127553,No
127554,No
127555,Yes
127556,Yes
127557,No
127558,Yes
127559,Yes
127560,No
127561,Yes
127562,Yes
127563,No
127564,Yes
127565,No
127566,No
127567,Yes
127568,No
127569,No
127570,Yes
127571,No
127572,No
127573,Yes
127574,Yes
127575,Yes
127576,No
127577,Yes
127578,No
127579,Yes
127580,No
127581,No
127582,No
127583,Yes
127584,Yes
127585,Yes
127586,Yes
127587,Yes
127588,Yes
127589,Yes
127590,No
127591,Yes
127592,No
127593,Yes
127594,Yes
127595,Yes
127596,Yes
127597,Yes
127598,Yes
127599,Yes
127600,No
127601,No
127602,Yes
127603,No
127604,Yes
127605,No
127606,Yes
127607,Yes
127608,Yes
127609,No
127610,Yes
127611,Yes
127612,Yes
127613,Yes
127614,Yes
127615,No
127616,No
127617,Yes
127618,Yes
127619,No
127620,Yes
127621,No
127622,Yes
127623,Yes
127624,No
127625,Yes
127626,Yes
127627,Yes
127628,Yes
127629,No
127630,Yes
127631,No
127632,Yes
127633,No
127634,No
127635,No
127636,Yes
127637,No
127638,No
127639,No
127640,Yes
127641,Yes
127642,No
127643,Yes
127644,No
127645,No
127646,No
127647,Yes
127648,Yes
127649,Yes
127650,Yes
127651,Yes
127652,Yes
127653,Yes
127654,No
127655,No
127656,No
127657,Yes
127658,Yes
127659,No
127660,No
127661,No
127662,Yes
127663,Yes
127664,Yes
127665,Yes
127666,No
127667,Yes
127668,Yes
127669,Yes
127670,Yes
127671,Yes
127672,Yes
127673,Yes
127674,Yes
127675,Yes
127676,No
127677,Yes
127678,No
127679,Yes
127680,No
127681,Yes
127682,Yes
127683,No
127684,Yes
127685,Yes
127686,Yes
127687,Yes
127688,No
127689,Yes
127690,No
127691,Yes
127692,No
127693,No
127694,No
127695,No
127696,Yes
127697,No
127698,Yes
127699,No
127700,No
127701,No
127702,Yes
127703,Yes
127704,No
127705,Yes
127706,Yes
127707,No
127708,Yes
127709,No
127710,Yes
127711,Yes
127712,Yes
127713,No
127714,Yes
127715,Yes
127716,Yes
127717,Yes
127718,No
127719,Yes
127720,No
127721,No
127722,Yes
127723,Yes
127724,Yes
127725,No
127726,Yes
127727,No
127728,Yes
127729,No
127730,Yes
127731,Yes
127732,Yes
127733,No
127734,No
127735,No
127736,No
127737,Yes
127738,Yes
127739,No
127740,Yes
127741,Yes
127742,No
127743,Yes
127744,Yes
127745,No
127746,No
127747,Yes
127748,No
127749,Yes
127750,Yes
127751,Yes
127752,Yes
127753,No
127754,Yes
127755,No
127756,Yes
127757,Yes
127758,No
127759,Yes
127760,Yes
127761,Yes
127762,Yes
127763,Yes
127764,Yes
127765,No
127766,No
127767,Yes
127768,No
127769,Yes
127770,Yes
127771,Yes
127772,Yes
127773,Yes
127774,Yes
127775,Yes
127776,No
127777,Yes
127778,Yes
127779,Yes
127780,No
127781,Yes
127782,Yes
127783,Yes
127784,Yes
127785,Yes
127786,Yes
127787,No
127788,No
127789,No
127790,No
127791,No
127792,Yes
127793,No
127794,No
127795,Yes
127796,Yes
127797,Yes
127798,No
127799,Yes
127800,No
127801,Yes
127802,Yes
127803,No
127804,Yes
127805,Yes
127806,Yes
127807,Yes
127808,No
127809,No
127810,Yes
127811,Yes
127812,Yes
127813,Yes
127814,No
127815,Yes
127816,No
127817,No
127818,Yes
127819,Yes
127820,Yes
127821,No
127822,No
127823,No
127824,Yes
127825,Yes
127826,No
127827,Yes
127828,Yes
127829,Yes
127830,Yes
127831,Yes
127832,Yes
127833,Yes
127834,No
127835,Yes
127836,Yes
127837,No
127838,Yes
127839,No
127840,Yes
127841,No
127842,Yes
127843,Yes
127844,Yes
127845,No
127846,Yes
127847,No
127848,Yes
127849,Yes
127850,Yes
127851,No
127852,Yes
127853,Yes
127854,No
127855,Yes
127856,No
127857,No
127858,No
127859,No
127860,No
127861,Yes
127862,Yes
127863,Yes
127864,No
127865,No
127866,No
127867,Yes
127868,No
127869,Yes
127870,No
127871,No
127872,Yes
127873,Yes
127874,No
127875,Yes
127876,No
127877,No
127878,No
127879,Yes
127880,Yes
127881,Yes
127882,Yes
127883,Yes
127884,Yes
127885,Yes
127886,No
127887,Yes
127888,No
127889,No
127890,No
127891,No
127892,Yes
127893,Yes
127894,Yes
127895,Yes
127896,No
127897,No
127898,No
127899,No
127900,No
127901,No
127902,Yes
127903,No
127904,Yes
127905,No
127906,Yes
127907,Yes
127908,Yes
127909,No
127910,Yes
127911,No
127912,Yes
127913,No
127914,No
127915,No
127916,Yes
127917,Yes
127918,Yes
127919,Yes
127920,Yes
127921,Yes
127922,Yes
127923,Yes
127924,No
127925,No
127926,Yes
127927,Yes
127928,Yes
127929,Yes
127930,No
127931,No
127932,Yes
127933,No
127934,Yes
127935,Yes
127936,No
127937,No
127938,No
127939,Yes
127940,No
127941,Yes
127942,Yes
127943,Yes
127944,No
127945,No
127946,Yes
127947,Yes
127948,Yes
127949,Yes
127950,No
127951,Yes
127952,Yes
127953,Yes
127954,Yes
127955,No
127956,No
127957,Yes
127958,Yes
127959,Yes
127960,No
127961,Yes
127962,No
127963,No
127964,No
127965,No
127966,Yes
127967,Yes
127968,Yes
127969,No
127970,Yes
127971,Yes
127972,No
127973,No
127974,Yes
127975,No
127976,No
127977,No
127978,Yes
127979,No
127980,Yes
127981,No
127982,No
127983,Yes
127984,Yes
127985,Yes
127986,No
127987,Yes
127988,No
127989,Yes
127990,Yes
127991,Yes
127992,Yes
127993,No
127994,No
127995,Yes
127996,No
127997,No
127998,Yes
127999,No
128000,No
128001,Yes
128002,Yes
128003,Yes
128004,Yes
128005,No
128006,No
128007,No
128008,No
128009,Yes
128010,Yes
128011,No
128012,No
128013,No
128014,No
128015,No
128016,Yes
128017,Yes
128018,Yes
128019,Yes
128020,Yes
128021,Yes
128022,Yes
128023,No
128024,Yes
128025,No
128026,Yes
128027,No
128028,No
128029,Yes
128030,No
128031,No
128032,Yes
128033,Yes
128034,Yes
128035,No
128036,No
128037,Yes
128038,No
128039,Yes
128040,Yes
128041,No
128042,Yes
128043,Yes
128044,Yes
128045,Yes
128046,Yes
128047,Yes
128048,Yes
128049,Yes
128050,No
128051,Yes
128052,Yes
128053,No
128054,Yes
128055,No
128056,No
128057,Yes
128058,No
128059,Yes
128060,Yes
128061,No
128062,No
128063,Yes
128064,No
128065,Yes
128066,No
128067,Yes
128068,Yes
128069,No
128070,No
128071,Yes
128072,Yes
128073,No
128074,Yes
128075,Yes
128076,Yes
128077,No
128078,No
128079,Yes
128080,No
128081,Yes
128082,No
128083,Yes
128084,Yes
128085,No
128086,Yes
128087,Yes
128088,No
128089,Yes
128090,No
128091,Yes
128092,Yes
128093,No
128094,Yes
128095,Yes
128096,No
128097,Yes
128098,No
128099,Yes
128100,No
128101,No
128102,Yes
128103,No
128104,No
128105,No
128106,No
128107,Yes
128108,Yes
128109,Yes
128110,No
128111,Yes
128112,Yes
128113,Yes
128114,Yes
128115,No
128116,No
128117,No
128118,Yes
128119,No
128120,Yes
128121,No
128122,Yes
128123,Yes
128124,Yes
128125,No
128126,Yes
128127,No
128128,No
128129,No
128130,Yes
128131,Yes
128132,Yes
128133,No
128134,Yes
128135,Yes
128136,Yes
128137,Yes
128138,No
128139,No
128140,No
128141,No
128142,Yes
128143,No
128144,Yes
128145,No
128146,Yes
128147,Yes
128148,No
128149,No
128150,Yes
128151,No
128152,No
128153,No
128154,Yes
128155,No
128156,No
128157,No
128158,Yes
128159,No
128160,No
128161,No
128162,Yes
128163,Yes
128164,Yes
128165,No
128166,Yes
128167,Yes
128168,Yes
128169,Yes
128170,Yes
128171,Yes
128172,No
128173,Yes
128174,No
128175,Yes
128176,Yes
128177,Yes
128178,Yes
128179,Yes
128180,Yes
128181,No
128182,Yes
128183,No
128184,No
128185,No
128186,No
128187,Yes
128188,Yes
128189,No
128190,No
128191,Yes
128192,Yes
128193,Yes
128194,No
128195,Yes
128196,No
128197,No
128198,Yes
128199,No
128200,No
128201,No
128202,Yes
128203,Yes
128204,Yes
128205,Yes
128206,Yes
128207,No
128208,Yes
128209,Yes
128210,Yes
128211,No
128212,No
128213,Yes
128214,No
128215,No
128216,Yes
128217,Yes
128218,Yes
128219,Yes
128220,Yes
128221,No
128222,Yes
128223,Yes
128224,Yes
128225,Yes
128226,Yes
128227,No
128228,Yes
128229,No
128230,Yes
128231,Yes
128232,No
128233,Yes
128234,Yes
128235,Yes
128236,Yes
128237,No
128238,No
128239,No
128240,Yes
128241,Yes
128242,Yes
128243,Yes
128244,Yes
128245,Yes
128246,Yes
128247,No
128248,Yes
128249,No
128250,Yes
128251,No
128252,Yes
128253,Yes
128254,Yes
128255,Yes
128256,No
128257,Yes
128258,No
128259,Yes
128260,No
128261,No
128262,Yes
128263,Yes
128264,No
128265,No
128266,Yes
128267,Yes
128268,Yes
128269,No
128270,Yes
128271,Yes
128272,No
128273,Yes
128274,No
128275,Yes
128276,No
128277,Yes
128278,No
128279,Yes
128280,Yes
128281,Yes
128282,Yes
128283,No
128284,Yes
128285,No
128286,Yes
128287,Yes
128288,Yes
128289,No
128290,No
128291,Yes
128292,Yes
128293,Yes
128294,No
128295,Yes
128296,Yes
128297,Yes
128298,Yes
128299,Yes
128300,Yes
128301,Yes
128302,Yes
128303,Yes
128304,No
128305,Yes
128306,No
128307,No
128308,Yes
128309,No
128310,Yes
128311,Yes
128312,No
128313,Yes
128314,Yes
128315,No
128316,Yes
128317,Yes
128318,Yes
128319,No
128320,No
128321,No
128322,Yes
128323,No
128324,No
128325,Yes
128326,Yes
128327,No
128328,No
128329,No
128330,No
128331,Yes
128332,No
128333,Yes
128334,Yes
128335,No
128336,Yes
128337,No
128338,No
128339,Yes
128340,No
128341,Yes
128342,Yes
128343,Yes
128344,Yes
128345,No
128346,Yes
128347,No
128348,No
128349,No
128350,Yes
128351,No
128352,Yes
128353,No
128354,Yes
128355,Yes
128356,Yes
128357,Yes
128358,Yes
128359,No
128360,Yes
128361,Yes
128362,Yes
128363,Yes
128364,No
128365,No
128366,Yes
128367,Yes
128368,Yes
128369,Yes
128370,No
128371,Yes
128372,No
128373,Yes
128374,No
128375,No
128376,Yes
128377,Yes
128378,Yes
128379,Yes
128380,Yes
128381,No
128382,Yes
128383,Yes
128384,Yes
128385,No
128386,Yes
128387,Yes
128388,No
128389,No
128390,No
128391,No
128392,Yes
128393,No
128394,No
128395,Yes
128396,Yes
128397,No
128398,Yes
128399,Yes
128400,No
128401,Yes
128402,No
128403,No
128404,Yes
128405,No
128406,No
128407,Yes
128408,Yes
128409,Yes
128410,Yes
128411,Yes
128412,Yes
128413,No
128414,Yes
128415,Yes
128416,No
128417,Yes
128418,Yes
128419,Yes
128420,No
128421,No
128422,Yes
128423,No
128424,No
128425,Yes
128426,No
128427,Yes
128428,Yes
128429,Yes
128430,No
128431,No
128432,No
128433,No
128434,No
128435,Yes
128436,No
128437,Yes
128438,No
128439,No
128440,Yes
128441,No
128442,No
128443,Yes
128444,Yes
128445,No
128446,No
128447,No
128448,Yes
128449,Yes
128450,No
128451,No
128452,Yes
128453,Yes
128454,Yes
128455,Yes
128456,Yes
128457,Yes
128458,Yes
128459,No
128460,Yes
128461,Yes
128462,No
128463,No
128464,Yes
128465,Yes
128466,Yes
128467,No
128468,Yes
128469,Yes
128470,No
128471,Yes
128472,Yes
128473,Yes
128474,Yes
128475,Yes
128476,No
128477,Yes
128478,No
128479,No
128480,No
128481,Yes
128482,No
128483,No
128484,No
128485,Yes
128486,Yes
128487,No
128488,No
128489,Yes
128490,Yes
128491,Yes
128492,No
128493,Yes
128494,No
128495,Yes
128496,Yes
128497,No
128498,Yes
128499,Yes
128500,Yes
128501,Yes
128502,Yes
128503,No
128504,Yes
128505,Yes
128506,Yes
128507,Yes
128508,Yes
128509,Yes
128510,Yes
128511,Yes
128512,Yes
128513,No
128514,Yes
128515,Yes
128516,No
128517,Yes
128518,Yes
128519,No
128520,Yes
128521,Yes
128522,No
128523,Yes
128524,No
128525,No
128526,No
128527,Yes
128528,No
128529,No
128530,No
128531,Yes
128532,Yes
128533,Yes
128534,Yes
128535,No
128536,Yes
128537,Yes
128538,Yes
128539,Yes
128540,No
128541,Yes
128542,No
128543,No
128544,No
128545,No
128546,No
128547,Yes
128548,No
128549,No
128550,No
128551,Yes
128552,Yes
128553,Yes
128554,Yes
128555,Yes
128556,No
128557,Yes
128558,No
128559,Yes
128560,Yes
128561,No
128562,Yes
128563,No
128564,Yes
128565,Yes
128566,No
128567,Yes
128568,No
128569,No
128570,No
128571,No
128572,No
128573,No
128574,No
128575,Yes
128576,No
128577,Yes
128578,Yes
128579,Yes
128580,No
128581,No
128582,Yes
128583,No
128584,No
128585,Yes
128586,No
128587,Yes
128588,Yes
128589,Yes
128590,No
128591,No
128592,No
128593,Yes
128594,Yes
128595,Yes
128596,No
128597,No
128598,Yes
128599,Yes
128600,Yes
128601,Yes
128602,No
128603,No
128604,Yes
128605,No
128606,No
128607,No
128608,No
128609,Yes
128610,Yes
128611,No
128612,Yes
128613,Yes
128614,Yes
128615,No
128616,No
128617,No
128618,Yes
128619,Yes
128620,Yes
128621,Yes
128622,No
128623,No
128624,No
128625,No
128626,No
128627,Yes
128628,No
128629,Yes
128630,Yes
128631,No
128632,Yes
128633,Yes
128634,No
128635,Yes
128636,No
128637,No
128638,No
128639,No
128640,No
128641,Yes
128642,Yes
128643,No
128644,Yes
128645,No
128646,Yes
128647,No
128648,Yes
128649,Yes
128650,Yes
128651,Yes
128652,No
128653,No
128654,Yes
128655,Yes
128656,Yes
128657,Yes
128658,No
128659,Yes
128660,No
128661,Yes
128662,Yes
128663,No
128664,No
128665,Yes
128666,Yes
128667,Yes
128668,No
128669,Yes
128670,No
128671,Yes
128672,Yes
128673,Yes
128674,Yes
128675,No
128676,Yes
128677,Yes
128678,No
128679,No
128680,Yes
128681,Yes
128682,No
128683,No
128684,No
128685,Yes
128686,No
128687,No
128688,Yes
128689,No
128690,Yes
128691,No
128692,No
128693,No
128694,No
128695,Yes
128696,No
128697,Yes
128698,No
128699,Yes
128700,No
128701,Yes
128702,Yes
128703,Yes
128704,Yes
128705,Yes
128706,No
128707,No
128708,No
128709,Yes
128710,No
128711,No
128712,Yes
128713,Yes
128714,Yes
128715,Yes
128716,No
128717,No
128718,Yes
128719,No
128720,No
128721,No
128722,Yes
128723,Yes
128724,Yes
128725,Yes
128726,No
128727,No
128728,Yes
128729,Yes
128730,Yes
128731,No
128732,No
128733,Yes
128734,Yes
128735,Yes
128736,No
128737,No
128738,Yes
128739,No
128740,No
128741,Yes
128742,Yes
128743,No
128744,No
128745,No
128746,Yes
128747,No
128748,No
128749,Yes
128750,Yes
128751,No
128752,Yes
128753,Yes
128754,No
128755,No
128756,Yes
128757,No
128758,Yes
128759,Yes
128760,No
128761,No
128762,No
128763,No
128764,Yes
128765,Yes
128766,No
128767,Yes
128768,No
128769,Yes
128770,No
128771,Yes
128772,Yes
128773,No
128774,Yes
128775,No
128776,Yes
128777,Yes
128778,Yes
128779,Yes
128780,Yes
128781,Yes
128782,Yes
128783,No
128784,Yes
128785,No
128786,No
128787,No
128788,No
128789,Yes
128790,Yes
128791,Yes
128792,Yes
128793,No
128794,No
128795,Yes
128796,Yes
128797,No
128798,No
128799,No
128800,Yes
128801,No
128802,No
128803,No
128804,Yes
128805,No
128806,No
128807,No
128808,No
128809,Yes
128810,No
128811,No
128812,Yes
128813,No
128814,No
128815,Yes
128816,No
128817,No
128818,No
128819,Yes
128820,Yes
128821,No
128822,Yes
128823,Yes
128824,Yes
128825,No
128826,Yes
128827,Yes
128828,Yes
128829,No
128830,Yes
128831,Yes
128832,Yes
128833,Yes
128834,No
128835,Yes
128836,No
128837,Yes
128838,Yes
128839,No
128840,No
128841,No
128842,Yes
128843,No
128844,Yes
128845,No
128846,Yes
128847,Yes
128848,Yes
128849,No
128850,No
128851,Yes
128852,No
128853,Yes
128854,No
128855,Yes
128856,Yes
128857,Yes
128858,Yes
128859,No
128860,No
128861,No
128862,No
128863,Yes
128864,Yes
128865,Yes
128866,No
128867,No
128868,Yes
128869,No
128870,Yes
128871,No
128872,No
128873,Yes
128874,No
128875,Yes
128876,Yes
128877,No
128878,Yes
128879,No
128880,Yes
128881,No
128882,Yes
128883,Yes
128884,No
128885,Yes
128886,No
128887,No
128888,Yes
128889,Yes
128890,Yes
128891,No
128892,Yes
128893,Yes
128894,Yes
128895,Yes
128896,No
128897,Yes
128898,No
128899,No
128900,No
128901,Yes
128902,Yes
128903,Yes
128904,Yes
128905,Yes
128906,Yes
128907,Yes
128908,Yes
128909,No
128910,Yes
128911,No
128912,No
128913,Yes
128914,No
128915,No
128916,No
128917,Yes
128918,Yes
128919,Yes
128920,Yes
128921,Yes
128922,Yes
128923,No
128924,Yes
128925,No
128926,Yes
128927,Yes
128928,Yes
128929,No
128930,No
128931,No
128932,No
128933,Yes
128934,Yes
128935,Yes
128936,Yes
128937,No
128938,Yes
128939,Yes
128940,Yes
128941,Yes
128942,Yes
128943,Yes
128944,Yes
128945,No
128946,No
128947,Yes
128948,Yes
128949,Yes
128950,No
128951,Yes
128952,Yes
128953,Yes
128954,Yes
128955,Yes
128956,No
128957,No
128958,Yes
128959,No
128960,No
128961,Yes
128962,Yes
128963,No
128964,Yes
128965,Yes
128966,Yes
128967,No
128968,No
128969,Yes
128970,Yes
128971,Yes
128972,Yes
128973,No
128974,Yes
128975,No
128976,Yes
128977,Yes
128978,No
128979,No
128980,No
128981,Yes
128982,No
128983,Yes
128984,Yes
128985,No
128986,Yes
128987,Yes
128988,No
128989,Yes
128990,Yes
128991,Yes
128992,Yes
128993,Yes
128994,No
128995,No
128996,No
128997,No
128998,Yes
128999,Yes
129000,No
129001,No
129002,No
129003,Yes
129004,Yes
129005,Yes
129006,Yes
129007,No
129008,Yes
129009,Yes
129010,No
129011,Yes
129012,No
129013,Yes
129014,Yes
129015,Yes
129016,No
129017,No
129018,No
129019,Yes
129020,No
129021,No
129022,No
129023,No
129024,Yes
129025,No
129026,Yes
129027,Yes
129028,Yes
129029,No
129030,Yes
129031,No
129032,Yes
129033,No
129034,Yes
129035,No
129036,Yes
129037,Yes
129038,Yes
129039,No
129040,Yes
129041,Yes
129042,No
129043,Yes
129044,No
129045,No
129046,Yes
129047,Yes
129048,No
129049,Yes
129050,Yes
129051,No
129052,No
129053,No
129054,No
129055,Yes
129056,Yes
129057,Yes
129058,Yes
129059,Yes
129060,No
129061,Yes
129062,No
129063,Yes
129064,No
129065,Yes
129066,Yes
129067,Yes
129068,No
129069,Yes
129070,Yes
129071,Yes
129072,No
129073,No
129074,No
129075,Yes
129076,No
129077,No
129078,No
129079,No
129080,Yes
129081,No
129082,Yes
129083,No
129084,Yes
129085,Yes
129086,Yes
129087,Yes
129088,Yes
129089,Yes
129090,Yes
129091,Yes
129092,No
129093,Yes
129094,No
129095,Yes
129096,No
129097,Yes
129098,No
129099,No
129100,Yes
129101,No
129102,Yes
129103,Yes
129104,No
129105,No
129106,No
129107,Yes
129108,Yes
129109,Yes
129110,No
129111,No
129112,Yes
129113,No
129114,Yes
129115,No
129116,Yes
129117,Yes
129118,Yes
129119,No
129120,No
129121,Yes
129122,Yes
129123,No
129124,Yes
129125,Yes
129126,Yes
129127,Yes
129128,No
129129,Yes
129130,Yes
129131,Yes
129132,Yes
129133,No
129134,No
129135,Yes
129136,No
129137,No
129138,No
129139,Yes
129140,No
129141,Yes
129142,Yes
129143,No
129144,No
129145,No
129146,No
129147,Yes
129148,No
129149,No
129150,No
129151,No
129152,No
129153,No
129154,Yes
129155,No
129156,Yes
129157,No
129158,Yes
129159,Yes
129160,Yes
129161,Yes
129162,Yes
129163,Yes
129164,Yes
129165,Yes
129166,No
129167,Yes
129168,Yes
129169,Yes
129170,Yes
129171,Yes
129172,Yes
129173,No
129174,Yes
129175,Yes
129176,No
129177,No
129178,Yes
129179,No
129180,No
129181,No
129182,No
129183,No
129184,Yes
129185,Yes
129186,Yes
129187,No
129188,No
129189,Yes
129190,No
129191,Yes
129192,No
129193,No
129194,No
129195,Yes
129196,No
129197,Yes
129198,Yes
129199,No
129200,No
129201,Yes
129202,No
129203,Yes
129204,No
129205,Yes
129206,Yes
129207,No
129208,Yes
129209,No
129210,No
129211,No
129212,Yes
129213,Yes
129214,Yes
129215,Yes
129216,Yes
129217,No
129218,No
129219,No
129220,Yes
129221,Yes
129222,Yes
129223,No
129224,No
129225,No
129226,Yes
129227,Yes
129228,No
129229,No
129230,No
129231,Yes
129232,Yes
129233,Yes
129234,Yes
129235,No
129236,Yes
129237,Yes
129238,Yes
129239,No
129240,No
129241,Yes
129242,Yes
129243,Yes
129244,Yes
129245,Yes
129246,Yes
129247,Yes
129248,Yes
129249,No
129250,No
129251,No
129252,No
129253,No
129254,No
129255,Yes
129256,No
129257,Yes
129258,No
129259,Yes
129260,No
129261,No
129262,Yes
129263,Yes
129264,Yes
129265,No
129266,Yes
129267,No
129268,Yes
129269,Yes
129270,Yes
129271,Yes
129272,No
129273,Yes
129274,No
129275,Yes
129276,Yes
129277,Yes
129278,Yes
129279,Yes
129280,Yes
129281,Yes
129282,No
129283,No
129284,No
129285,Yes
129286,Yes
129287,Yes
129288,No
129289,No
129290,Yes
129291,Yes
129292,Yes
129293,No
129294,Yes
129295,No
129296,Yes
129297,Yes
129298,No
129299,No
129300,Yes
129301,No
129302,No
129303,Yes
129304,Yes
129305,No
129306,Yes
129307,No
129308,Yes
129309,Yes
129310,Yes
129311,No
129312,No
129313,Yes
129314,Yes
129315,Yes
129316,No
129317,No
129318,Yes
129319,No
129320,Yes
129321,Yes
129322,Yes
129323,Yes
129324,Yes
129325,No
129326,No
129327,Yes
129328,Yes
129329,No
129330,No
129331,Yes
129332,No
129333,No
129334,Yes
129335,No
129336,Yes
129337,No
129338,No
129339,Yes
129340,Yes
129341,No
129342,No
129343,No
129344,No
129345,No
129346,No
129347,Yes
129348,Yes
129349,Yes
129350,No
129351,No
129352,No
129353,Yes
129354,No
129355,No
129356,No
129357,Yes
129358,No
129359,Yes
129360,Yes
129361,Yes
129362,No
129363,Yes
129364,No
129365,Yes
129366,Yes
129367,Yes
129368,No
129369,No
129370,Yes
129371,Yes
129372,No
129373,No
129374,No
129375,Yes
129376,Yes
129377,No
129378,No
129379,Yes
129380,Yes
129381,Yes
129382,Yes
129383,Yes
129384,No
129385,No
129386,No
129387,No
129388,Yes
129389,Yes
129390,No
129391,No
129392,No
129393,Yes
129394,Yes
129395,Yes
129396,Yes
129397,Yes
129398,Yes
129399,Yes
129400,Yes
129401,No
129402,No
129403,Yes
129404,No
129405,Yes
129406,Yes
129407,Yes
129408,Yes
129409,No
129410,No
129411,No
129412,No
129413,No
129414,Yes
129415,Yes
129416,Yes
129417,Yes
129418,No
129419,No
129420,Yes
129421,No
129422,Yes
129423,Yes
129424,Yes
129425,Yes
129426,Yes
129427,Yes
129428,No
129429,No
129430,No
129431,No
129432,Yes
129433,Yes
129434,Yes
129435,Yes
129436,Yes
129437,Yes
129438,Yes
129439,Yes
129440,No
129441,Yes
129442,Yes
129443,No
129444,Yes
129445,No
129446,Yes
129447,No
129448,Yes
129449,No
129450,Yes
129451,No
129452,Yes
129453,Yes
129454,No
129455,No
129456,No
129457,Yes
129458,Yes
129459,No
129460,No
129461,Yes
129462,No
129463,No
129464,Yes
129465,No
129466,Yes
129467,Yes
129468,Yes
129469,Yes
129470,Yes
129471,Yes
129472,Yes
129473,No
129474,No
129475,Yes
129476,Yes
129477,Yes
129478,Yes
129479,Yes
129480,No
129481,Yes
129482,No
129483,Yes
129484,Yes
129485,Yes
129486,No
129487,Yes
129488,Yes
129489,No
129490,No
129491,Yes
129492,No
129493,No
129494,No
129495,Yes
129496,Yes
129497,Yes
129498,No
129499,Yes
129500,No
129501,Yes
129502,Yes
129503,Yes
129504,No
129505,No
129506,No
129507,Yes
129508,No
129509,Yes
129510,No
129511,Yes
129512,Yes
129513,No
129514,No
129515,No
129516,Yes
129517,No
129518,No
129519,No
129520,No
129521,No
129522,No
129523,No
129524,No
129525,Yes
129526,No
129527,No
129528,No
129529,Yes
129530,No
129531,Yes
129532,Yes
129533,Yes
129534,No
129535,No
129536,Yes
129537,No
129538,Yes
129539,No
129540,No
129541,Yes
129542,No
129543,No
129544,No
129545,Yes
129546,No
129547,No
129548,Yes
129549,Yes
129550,Yes
129551,Yes
129552,Yes
129553,Yes
129554,No
129555,Yes
129556,Yes
129557,No
129558,No
129559,Yes
129560,No
129561,No
129562,No
129563,Yes
129564,Yes
129565,Yes
129566,No
129567,Yes
129568,Yes
129569,No
129570,Yes
129571,No
129572,Yes
129573,No
129574,No
129575,Yes
129576,No
129577,No
129578,Yes
129579,Yes
129580,No
129581,Yes
129582,No
129583,No
129584,Yes
129585,Yes
129586,Yes
129587,Yes
129588,Yes
129589,Yes
129590,No
129591,No
129592,No
129593,No
129594,Yes
129595,Yes
129596,Yes
129597,Yes
129598,No
129599,Yes
129600,No
129601,No
129602,Yes
129603,No
129604,Yes
129605,Yes
129606,No
129607,No
129608,No
129609,No
129610,No
129611,Yes
129612,No
129613,No
129614,Yes
129615,Yes
129616,No
129617,No
129618,No
129619,Yes
129620,No
129621,No
129622,No
129623,Yes
129624,Yes
129625,Yes
129626,Yes
129627,Yes
129628,Yes
129629,Yes
129630,Yes
129631,Yes
129632,Yes
129633,Yes
129634,Yes
129635,No
129636,No
129637,Yes
129638,Yes
129639,Yes
129640,No
129641,No
129642,Yes
129643,No
129644,Yes
129645,No
129646,Yes
129647,Yes
129648,Yes
129649,No
129650,Yes
129651,No
129652,No
129653,Yes
129654,Yes
129655,Yes
129656,No
129657,Yes
129658,Yes
129659,No
129660,No
129661,Yes
129662,Yes
129663,No
129664,Yes
129665,Yes
129666,Yes
129667,No
129668,Yes
129669,Yes
129670,No
129671,Yes
129672,Yes
129673,No
129674,No
129675,No
129676,No
129677,Yes
129678,No
129679,Yes
129680,No
129681,Yes
129682,No
129683,No
129684,Yes
129685,Yes
129686,No
129687,No
129688,No
129689,Yes
129690,Yes
129691,Yes
129692,No
129693,Yes
129694,Yes
129695,No
129696,Yes
129697,No
129698,Yes
129699,Yes
129700,No
129701,No
129702,No
129703,No
129704,Yes
129705,No
129706,No
129707,Yes
129708,Yes
129709,Yes
129710,Yes
129711,Yes
129712,Yes
129713,No
129714,No
129715,Yes
129716,Yes
129717,No
129718,Yes
129719,Yes
129720,Yes
129721,Yes
129722,Yes
129723,Yes
129724,No
129725,Yes
129726,No
129727,No
129728,Yes
129729,No
129730,No
129731,Yes
129732,Yes
129733,No
129734,Yes
129735,Yes
129736,No
129737,No
129738,Yes
129739,Yes
129740,No
129741,No
129742,Yes
129743,Yes
129744,No
129745,Yes
129746,Yes
129747,Yes
129748,Yes
129749,Yes
129750,Yes
129751,Yes
129752,Yes
129753,Yes
129754,No
129755,No
129756,Yes
129757,Yes
129758,No
129759,Yes
129760,Yes
129761,Yes
129762,Yes
129763,No
129764,Yes
129765,No
129766,Yes
129767,Yes
129768,Yes
129769,No
129770,Yes
129771,Yes
129772,Yes
129773,No
129774,No
129775,No
129776,Yes
129777,Yes
129778,No
129779,No
129780,Yes
129781,Yes
129782,No
129783,Yes
129784,Yes
129785,No
129786,No
129787,Yes
129788,Yes
129789,Yes
129790,Yes
129791,Yes
129792,No
129793,Yes
129794,Yes
129795,No
129796,Yes
129797,No
129798,Yes
129799,Yes
129800,Yes
129801,Yes
129802,No
129803,No
129804,Yes
129805,Yes
129806,Yes
129807,Yes
129808,No
129809,No
129810,Yes
129811,Yes
129812,Yes
129813,Yes
129814,No
129815,Yes
129816,No
129817,Yes
129818,Yes
129819,Yes
129820,Yes
129821,No
129822,No
129823,No
129824,Yes
129825,Yes
129826,Yes
129827,Yes
129828,Yes
129829,No
129830,Yes
129831,Yes
129832,Yes
129833,No
129834,No
129835,Yes
129836,Yes
129837,No
129838,Yes
129839,No
129840,No
129841,No
129842,No
129843,Yes
129844,Yes
129845,Yes
129846,No
129847,Yes
129848,Yes
129849,No
129850,Yes
129851,No
129852,No
129853,Yes
129854,No
129855,Yes
129856,Yes
129857,No
129858,Yes
129859,Yes
129860,Yes
129861,Yes
129862,No
129863,Yes
129864,Yes
129865,Yes
129866,Yes
129867,No
129868,No
129869,Yes
129870,No
129871,No
129872,Yes
129873,Yes
129874,Yes
129875,No
129876,Yes
129877,Yes
129878,Yes
129879,Yes
129880,Yes
129881,Yes
129882,Yes
129883,No
129884,Yes
129885,Yes
129886,Yes
129887,Yes
129888,No
129889,Yes
129890,Yes
129891,Yes
129892,Yes
129893,Yes
129894,Yes
129895,Yes
129896,Yes
129897,No
129898,No
129899,Yes
129900,No
129901,No
129902,No
129903,No
129904,No
129905,No
129906,No
129907,No
129908,Yes
129909,Yes
129910,No
129911,Yes
129912,Yes
129913,No
129914,Yes
129915,Yes
129916,No
129917,Yes
129918,Yes
129919,No
129920,Yes
129921,Yes
129922,Yes
129923,Yes
129924,Yes
129925,No
129926,Yes
129927,No
129928,Yes
129929,Yes
129930,Yes
129931,Yes
129932,Yes
129933,Yes
129934,Yes
129935,No
129936,No
129937,Yes
129938,Yes
129939,No
129940,No
129941,No
129942,No
129943,Yes
129944,Yes
129945,Yes
129946,No
129947,No
129948,Yes
129949,Yes
129950,Yes
129951,No
129952,No
129953,Yes
129954,No
129955,No
129956,Yes
129957,No
129958,Yes
129959,No
129960,No
129961,Yes
129962,No
129963,Yes
129964,Yes
129965,Yes
129966,Yes
129967,Yes
129968,Yes
129969,Yes
129970,Yes
129971,Yes
129972,Yes
129973,Yes
129974,Yes
129975,No
129976,Yes
129977,Yes
129978,No
129979,Yes
129980,Yes
129981,No
129982,No
129983,Yes
129984,Yes
129985,No
129986,No
129987,Yes
129988,Yes
129989,Yes
129990,No
129991,Yes
129992,Yes
129993,No
129994,No
129995,Yes
129996,No
129997,Yes
129998,No
129999,No
130000,No
130001,No
130002,Yes
130003,Yes
130004,No
130005,No
130006,No
130007,No
130008,No
130009,No
130010,No
130011,Yes
130012,No
130013,Yes
130014,No
130015,Yes
130016,No
130017,Yes
130018,Yes
130019,Yes
130020,Yes
130021,Yes
130022,No
130023,Yes
130024,No
130025,No
130026,Yes
130027,Yes
130028,Yes
130029,Yes
130030,Yes
130031,Yes
130032,Yes
130033,No
130034,No
130035,Yes
130036,Yes
130037,Yes
130038,No
130039,Yes
130040,Yes
130041,No
130042,No
130043,Yes
130044,Yes
130045,No
130046,No
130047,Yes
130048,Yes
130049,Yes
130050,Yes
130051,No
130052,Yes
130053,No
130054,No
130055,No
130056,Yes
130057,Yes
130058,No
130059,Yes
130060,No
130061,No
130062,Yes
130063,No
130064,Yes
130065,Yes
130066,No
130067,No
130068,No
130069,Yes
130070,No
130071,No
130072,Yes
130073,Yes
130074,Yes
130075,Yes
130076,No
130077,Yes
130078,No
130079,No
130080,No
130081,Yes
130082,Yes
130083,Yes
130084,Yes
130085,No
130086,Yes
130087,No
130088,Yes
130089,Yes
130090,No
130091,Yes
130092,Yes
130093,No
130094,Yes
130095,No
130096,No
130097,Yes
130098,Yes
130099,Yes
130100,Yes
130101,Yes
130102,Yes
130103,No
130104,No
130105,No
130106,Yes
130107,Yes
130108,Yes
130109,Yes
130110,Yes
130111,Yes
130112,No
130113,No
130114,Yes
130115,No
130116,Yes
130117,Yes
130118,Yes
130119,No
130120,No
130121,Yes
130122,Yes
130123,Yes
130124,Yes
130125,Yes
130126,No
130127,No
130128,No
130129,Yes
130130,No
130131,Yes
130132,No
130133,Yes
130134,No
130135,No
130136,No
130137,Yes
130138,Yes
130139,Yes
130140,Yes
130141,No
130142,No
130143,Yes
130144,No
130145,Yes
130146,Yes
130147,Yes
130148,No
130149,No
130150,No
130151,Yes
130152,Yes
130153,No
130154,No
130155,No
130156,Yes
130157,No
130158,Yes
130159,Yes
130160,Yes
130161,No
130162,No
130163,Yes
130164,Yes
130165,Yes
130166,Yes
130167,No
130168,Yes
130169,Yes
130170,Yes
130171,Yes
130172,No
130173,Yes
130174,Yes
130175,Yes
130176,No
130177,No
130178,Yes
130179,Yes
130180,Yes
130181,Yes
130182,No
130183,No
130184,No
130185,Yes
130186,No
130187,No
130188,Yes
130189,No
130190,No
130191,No
130192,No
130193,No
130194,Yes
130195,No
130196,No
130197,No
130198,Yes
130199,No
130200,No
130201,No
130202,Yes
130203,No
130204,Yes
130205,Yes
130206,Yes
130207,No
130208,Yes
130209,Yes
130210,Yes
130211,Yes
130212,No
130213,Yes
130214,No
130215,Yes
130216,No
130217,No
130218,Yes
130219,Yes
130220,No
130221,Yes
130222,Yes
130223,Yes
130224,Yes
130225,Yes
130226,No
130227,No
130228,Yes
130229,No
130230,No
130231,No
130232,No
130233,No
130234,No
130235,Yes
130236,No
130237,Yes
130238,No
130239,Yes
130240,Yes
130241,Yes
130242,No
130243,No
130244,Yes
130245,No
130246,Yes
130247,No
130248,Yes
130249,No
130250,Yes
130251,Yes
130252,No
130253,Yes
130254,Yes
130255,No
130256,Yes
130257,Yes
130258,No
130259,Yes
130260,Yes
130261,No
130262,Yes
130263,No
130264,Yes
130265,Yes
130266,Yes
130267,Yes
130268,Yes
130269,No
130270,No
130271,Yes
130272,Yes
130273,No
130274,No
130275,No
130276,Yes
130277,Yes
130278,Yes
130279,No
130280,No
130281,Yes
130282,No
130283,Yes
130284,No
130285,Yes
130286,No
130287,Yes
130288,Yes
130289,Yes
130290,Yes
130291,Yes
130292,No
130293,No
130294,No
130295,Yes
130296,Yes
130297,Yes
130298,Yes
130299,No
130300,Yes
130301,No
130302,Yes
130303,No
130304,Yes
130305,Yes
130306,No
130307,No
130308,Yes
130309,No
130310,No
130311,No
130312,Yes
130313,Yes
130314,Yes
130315,Yes
130316,Yes
130317,Yes
130318,No
130319,Yes
130320,Yes
130321,No
130322,Yes
130323,No
130324,Yes
130325,No
130326,Yes
130327,Yes
130328,Yes
130329,Yes
130330,Yes
130331,No
130332,Yes
130333,Yes
130334,No
130335,No
130336,Yes
130337,Yes
130338,No
130339,Yes
130340,Yes
130341,No
130342,No
130343,No
130344,Yes
130345,Yes
130346,Yes
130347,No
130348,Yes
130349,No
130350,Yes
130351,No
130352,No
130353,Yes
130354,Yes
130355,Yes
130356,No
130357,Yes
130358,Yes
130359,No
130360,Yes
130361,Yes
130362,Yes
130363,Yes
130364,No
130365,Yes
130366,Yes
130367,No
130368,No
130369,Yes
130370,No
130371,Yes
130372,Yes
130373,Yes
130374,Yes
130375,No
130376,Yes
130377,Yes
130378,Yes
130379,No
130380,No
130381,No
130382,Yes
130383,Yes
130384,No
130385,Yes
130386,Yes
130387,No
130388,No
130389,Yes
130390,Yes
130391,No
130392,Yes
130393,No
130394,Yes
130395,Yes
130396,No
130397,Yes
130398,Yes
130399,No
130400,No
130401,Yes
130402,No
130403,No
130404,No
130405,Yes
130406,Yes
130407,Yes
130408,Yes
130409,Yes
130410,Yes
130411,Yes
130412,Yes
130413,No
130414,No
130415,Yes
130416,No
130417,No
130418,Yes
130419,Yes
130420,Yes
130421,Yes
130422,No
130423,No
130424,Yes
130425,Yes
130426,Yes
130427,Yes
130428,Yes
130429,Yes
130430,No
130431,No
130432,Yes
130433,No
130434,No
130435,No
130436,Yes
130437,No
130438,Yes
130439,No
130440,Yes
130441,Yes
130442,Yes
130443,No
130444,No
130445,Yes
130446,Yes
130447,No
130448,Yes
130449,Yes
130450,Yes
130451,Yes
130452,No
130453,No
130454,Yes
130455,No
130456,No
130457,No
130458,Yes
130459,No
130460,No
130461,Yes
130462,Yes
130463,No
130464,Yes
130465,Yes
130466,No
130467,Yes
130468,No
130469,Yes
130470,Yes
130471,No
130472,Yes
130473,No
130474,Yes
130475,No
130476,Yes
130477,Yes
130478,No
130479,No
130480,Yes
130481,Yes
130482,Yes
130483,Yes
130484,No
130485,Yes
130486,No
130487,No
130488,Yes
130489,Yes
130490,No
130491,No
130492,No
130493,Yes
130494,No
130495,Yes
130496,Yes
130497,No
130498,Yes
130499,Yes
130500,Yes
130501,Yes
130502,Yes
130503,No
130504,No
130505,No
130506,Yes
130507,Yes
130508,No
130509,No
130510,Yes
130511,Yes
130512,Yes
130513,No
130514,No
130515,No
130516,Yes
130517,Yes
130518,Yes
130519,No
130520,No
130521,No
130522,No
130523,Yes
130524,No
130525,Yes
130526,Yes
130527,No
130528,No
130529,No
130530,Yes
130531,No
130532,No
130533,Yes
130534,No
130535,Yes
130536,Yes
130537,No
130538,Yes
130539,No
130540,Yes
130541,No
130542,No
130543,No
130544,Yes
130545,Yes
130546,Yes
130547,Yes
130548,Yes
130549,No
130550,Yes
130551,Yes
130552,No
130553,Yes
130554,No
130555,Yes
130556,No
130557,Yes
130558,No
130559,No
130560,No
130561,Yes
130562,No
130563,No
130564,Yes
130565,Yes
130566,Yes
130567,Yes
130568,Yes
130569,Yes
130570,Yes
130571,Yes
130572,No
130573,No
130574,No
130575,No
130576,No
130577,Yes
130578,Yes
130579,Yes
130580,Yes
130581,Yes
130582,Yes
130583,Yes
130584,No
130585,Yes
130586,Yes
130587,Yes
130588,No
130589,Yes
130590,No
130591,No
130592,Yes
130593,Yes
130594,Yes
130595,Yes
130596,No
130597,Yes
130598,No
130599,No
130600,Yes
130601,Yes
130602,Yes
130603,No
130604,No
130605,No
130606,Yes
130607,Yes
130608,Yes
130609,Yes
130610,Yes
130611,No
130612,Yes
130613,No
130614,Yes
130615,No
130616,No
130617,No
130618,No
130619,Yes
130620,Yes
130621,No
130622,Yes
130623,Yes
130624,Yes
130625,No
130626,No
130627,Yes
130628,No
130629,No
130630,No
130631,Yes
130632,Yes
130633,No
130634,Yes
130635,Yes
130636,No
130637,No
130638,Yes
130639,Yes
130640,Yes
130641,Yes
130642,Yes
130643,Yes
130644,Yes
130645,Yes
130646,No
130647,Yes
130648,Yes
130649,Yes
130650,No
130651,No
130652,Yes
130653,Yes
130654,Yes
130655,No
130656,Yes
130657,No
130658,Yes
130659,Yes
130660,Yes
130661,Yes
130662,No
130663,Yes
130664,No
130665,No
130666,No
130667,No
130668,Yes
130669,Yes
130670,Yes
130671,No
130672,No
130673,Yes
130674,No
130675,Yes
130676,No
130677,Yes
130678,No
130679,No
130680,No
130681,Yes
130682,No
130683,No
130684,Yes
130685,Yes
130686,No
130687,Yes
130688,Yes
130689,Yes
130690,Yes
130691,Yes
130692,No
130693,Yes
130694,No
130695,No
130696,No
130697,Yes
130698,Yes
130699,Yes
130700,Yes
130701,Yes
130702,Yes
130703,Yes
130704,No
130705,Yes
130706,Yes
130707,No
130708,Yes
130709,No
130710,No
130711,Yes
130712,No
130713,Yes
130714,No
130715,No
130716,Yes
130717,Yes
130718,No
130719,No
130720,No
130721,Yes
130722,Yes
130723,No
130724,Yes
130725,No
130726,Yes
130727,Yes
130728,Yes
130729,No
130730,No
130731,Yes
130732,No
130733,Yes
130734,Yes
130735,Yes
130736,No
130737,Yes
130738,No
130739,Yes
130740,No
130741,No
130742,Yes
130743,Yes
130744,Yes
130745,Yes
130746,Yes
130747,Yes
130748,No
130749,Yes
130750,Yes
130751,No
130752,Yes
130753,Yes
130754,Yes
130755,Yes
130756,Yes
130757,No
130758,Yes
130759,No
130760,Yes
130761,Yes
130762,Yes
130763,No
130764,Yes
130765,Yes
130766,Yes
130767,Yes
130768,Yes
130769,Yes
130770,Yes
130771,No
130772,Yes
130773,Yes
130774,No
130775,No
130776,Yes
130777,Yes
130778,No
130779,Yes
130780,No
130781,Yes
130782,No
130783,Yes
130784,Yes
130785,No
130786,No
130787,Yes
130788,Yes
130789,Yes
130790,Yes
130791,Yes
130792,Yes
130793,No
130794,Yes
130795,No
130796,Yes
130797,No
130798,Yes
130799,Yes
130800,No
130801,Yes
130802,Yes
130803,Yes
130804,No
130805,No
130806,Yes
130807,Yes
130808,No
130809,Yes
130810,Yes
130811,No
130812,Yes
130813,No
130814,No
130815,No
130816,No
130817,No
130818,No
130819,No
130820,No
130821,No
130822,No
130823,No
130824,Yes
130825,Yes
130826,No
130827,Yes
130828,No
130829,Yes
130830,Yes
130831,No
130832,Yes
130833,Yes
130834,No
130835,No
130836,No
130837,No
130838,Yes
130839,No
130840,No
130841,Yes
130842,Yes
130843,Yes
130844,No
130845,Yes
130846,Yes
130847,Yes
130848,No
130849,Yes
130850,Yes
130851,Yes
130852,No
130853,Yes
130854,Yes
130855,No
130856,No
130857,Yes
130858,Yes
130859,Yes
130860,No
130861,No
130862,Yes
130863,Yes
130864,Yes
130865,Yes
130866,No
130867,No
130868,No
130869,Yes
130870,Yes
130871,No
130872,No
130873,No
130874,Yes
130875,No
130876,No
130877,Yes
130878,No
130879,Yes
130880,No
130881,No
130882,Yes
130883,Yes
130884,Yes
130885,No
130886,No
130887,No
130888,Yes
130889,No
130890,Yes
130891,Yes
130892,Yes
130893,No
130894,No
130895,No
130896,No
130897,Yes
130898,Yes
130899,Yes
130900,Yes
130901,No
130902,Yes
130903,No
130904,No
130905,Yes
130906,No
130907,No
130908,Yes
130909,No
130910,Yes
130911,Yes
130912,No
130913,No
130914,No
130915,Yes
130916,Yes
130917,Yes
130918,No
130919,Yes
130920,Yes
130921,Yes
130922,No
130923,Yes
130924,No
130925,No
130926,Yes
130927,Yes
130928,No
130929,No
130930,Yes
130931,Yes
130932,No
130933,Yes
130934,Yes
130935,No
130936,Yes
130937,No
130938,Yes
130939,Yes
130940,Yes
130941,No
130942,Yes
130943,Yes
130944,No
130945,Yes
130946,Yes
130947,Yes
130948,Yes
130949,No
130950,Yes
130951,Yes
130952,Yes
130953,Yes
130954,Yes
130955,Yes
130956,No
130957,Yes
130958,Yes
130959,Yes
130960,Yes
130961,Yes
130962,Yes
130963,No
130964,No
130965,Yes
130966,No
130967,No
130968,Yes
130969,Yes
130970,Yes
130971,Yes
130972,No
130973,No
130974,Yes
130975,Yes
130976,Yes
130977,Yes
130978,No
130979,Yes
130980,No
130981,Yes
130982,No
130983,Yes
130984,Yes
130985,No
130986,Yes
130987,Yes
130988,Yes
130989,Yes
130990,No
130991,No
130992,No
130993,Yes
130994,Yes
130995,Yes
130996,Yes
130997,No
130998,Yes
130999,No
131000,No
131001,Yes
131002,No
131003,No
131004,Yes
131005,No
131006,Yes
131007,Yes
131008,Yes
131009,No
131010,Yes
131011,No
131012,No
131013,Yes
131014,Yes
131015,Yes
131016,No
131017,Yes
131018,Yes
131019,Yes
131020,Yes
131021,Yes
131022,No
131023,No
131024,No
131025,Yes
131026,Yes
131027,Yes
131028,Yes
131029,Yes
131030,No
131031,No
131032,Yes
131033,Yes
131034,Yes
131035,Yes
131036,Yes
131037,No
131038,Yes
131039,Yes
131040,No
131041,Yes
131042,Yes
131043,No
131044,Yes
131045,Yes
131046,No
131047,Yes
131048,Yes
131049,Yes
131050,No
131051,No
131052,Yes
131053,Yes
131054,No
131055,Yes
131056,Yes
131057,Yes
131058,No
131059,No
131060,No
131061,Yes
131062,Yes
131063,No
131064,No
131065,No
131066,Yes
131067,Yes
131068,Yes
131069,Yes
131070,Yes
131071,Yes
131072,Yes
131073,Yes
131074,Yes
131075,Yes
131076,No
131077,Yes
131078,Yes
131079,No
131080,No
131081,Yes
131082,Yes
131083,Yes
131084,Yes
131085,Yes
131086,Yes
131087,No
131088,No
131089,Yes
131090,No
131091,Yes
131092,Yes
131093,Yes
131094,Yes
131095,Yes
131096,No
131097,Yes
131098,Yes
131099,Yes
131100,Yes
131101,Yes
131102,No
131103,Yes
131104,Yes
131105,Yes
131106,Yes
131107,Yes
131108,Yes
131109,Yes
131110,No
131111,No
131112,Yes
131113,Yes
131114,Yes
131115,Yes
131116,Yes
131117,No
131118,No
131119,No
131120,No
131121,Yes
131122,Yes
131123,No
131124,Yes
131125,Yes
131126,Yes
131127,Yes
131128,Yes
131129,Yes
131130,No
131131,No
131132,No
131133,No
131134,No
131135,No
131136,Yes
131137,No
131138,Yes
131139,Yes
131140,No
131141,No
131142,No
131143,Yes
131144,Yes
131145,No
131146,No
131147,Yes
131148,No
131149,Yes
131150,Yes
131151,No
131152,No
131153,Yes
131154,No
131155,Yes
131156,No
131157,Yes
131158,No
131159,No
131160,Yes
131161,No
131162,Yes
131163,Yes
131164,Yes
131165,No
131166,Yes
131167,Yes
131168,No
131169,Yes
131170,Yes
131171,Yes
131172,No
131173,No
131174,Yes
131175,No
131176,No
131177,No
131178,No
131179,Yes
131180,No
131181,No
131182,No
131183,No
131184,Yes
131185,Yes
131186,Yes
131187,No
131188,Yes
131189,Yes
131190,No
131191,Yes
131192,No
131193,No
131194,Yes
131195,Yes
131196,Yes
131197,No
131198,Yes
131199,Yes
131200,Yes
131201,Yes
131202,No
131203,Yes
131204,No
131205,Yes
131206,Yes
131207,Yes
131208,Yes
131209,Yes
131210,No
131211,Yes
131212,No
131213,No
131214,Yes
131215,No
131216,Yes
131217,Yes
131218,No
131219,No
131220,No
131221,Yes
131222,No
131223,No
131224,No
131225,No
131226,Yes
131227,Yes
131228,Yes
131229,Yes
131230,No
131231,No
131232,No
131233,Yes
131234,Yes
131235,Yes
131236,Yes
131237,Yes
131238,No
131239,No
131240,No
131241,Yes
131242,Yes
131243,Yes
131244,Yes
131245,Yes
131246,No
131247,Yes
131248,Yes
131249,No
131250,No
131251,Yes
131252,No
131253,No
131254,No
131255,Yes
131256,Yes
131257,No
131258,Yes
131259,Yes
131260,No
131261,Yes
131262,No
131263,Yes
131264,Yes
131265,Yes
131266,No
131267,Yes
131268,No
131269,Yes
131270,No
131271,Yes
131272,No
131273,Yes
131274,No
131275,Yes
131276,No
131277,Yes
131278,Yes
131279,Yes
131280,Yes
131281,No
131282,No
131283,Yes
131284,Yes
131285,No
131286,Yes
131287,Yes
131288,Yes
131289,Yes
131290,No
131291,Yes
131292,Yes
131293,Yes
131294,Yes
131295,Yes
131296,Yes
131297,No
131298,No
131299,No
131300,Yes
131301,Yes
131302,Yes
131303,Yes
131304,Yes
131305,No
131306,Yes
131307,Yes
131308,Yes
131309,Yes
131310,Yes
131311,No
131312,No
131313,Yes
131314,Yes
131315,Yes
131316,Yes
131317,No
131318,No
131319,No
131320,Yes
131321,Yes
131322,No
131323,No
131324,No
131325,No
131326,Yes
131327,Yes
131328,Yes
131329,No
131330,No
131331,No
131332,No
131333,No
131334,No
131335,Yes
131336,Yes
131337,Yes
131338,Yes
131339,Yes
131340,Yes
131341,No
131342,Yes
131343,Yes
131344,Yes
131345,No
131346,No
131347,Yes
131348,No
131349,Yes
131350,No
131351,No
131352,No
131353,No
131354,No
131355,No
131356,No
131357,No
131358,Yes
131359,Yes
131360,Yes
131361,Yes
131362,No
131363,Yes
131364,Yes
131365,No
131366,No
131367,Yes
131368,No
131369,No
131370,Yes
131371,Yes
131372,No
131373,Yes
131374,Yes
131375,Yes
131376,Yes
131377,Yes
131378,No
131379,No
131380,No
131381,No
131382,Yes
131383,Yes
131384,No
131385,Yes
131386,Yes
131387,No
131388,Yes
131389,No
131390,No
131391,Yes
131392,Yes
131393,Yes
131394,Yes
131395,Yes
131396,Yes
131397,No
131398,No
131399,No
131400,No
131401,Yes
131402,Yes
131403,No
131404,Yes
131405,No
131406,No
131407,Yes
131408,Yes
131409,Yes
131410,Yes
131411,Yes
131412,No
131413,Yes
131414,Yes
131415,No
131416,No
131417,No
131418,Yes
131419,Yes
131420,No
131421,Yes
131422,Yes
131423,Yes
131424,Yes
131425,No
131426,No
131427,No
131428,Yes
131429,No
131430,Yes
131431,Yes
131432,No
131433,No
131434,No
131435,Yes
131436,No
131437,Yes
131438,No
131439,Yes
131440,Yes
131441,Yes
131442,Yes
131443,No
131444,No
131445,No
131446,Yes
131447,Yes
131448,No
131449,Yes
131450,No
131451,Yes
131452,No
131453,Yes
131454,Yes
131455,Yes
131456,No
131457,Yes
131458,Yes
131459,Yes
131460,Yes
131461,No
131462,No
131463,No
131464,Yes
131465,Yes
131466,Yes
131467,No
131468,Yes
131469,No
131470,No
131471,Yes
131472,No
131473,No
131474,No
131475,Yes
131476,No
131477,Yes
131478,Yes
131479,No
131480,No
131481,Yes
131482,No
131483,No
131484,Yes
131485,No
131486,No
131487,No
131488,Yes
131489,Yes
131490,No
131491,No
131492,Yes
131493,No
131494,Yes
131495,No
131496,Yes
131497,No
131498,Yes
131499,Yes
131500,Yes
131501,Yes
131502,No
131503,Yes
131504,Yes
131505,No
131506,No
131507,Yes
131508,No
131509,No
131510,No
131511,Yes
131512,No
131513,Yes
131514,No
131515,No
131516,No
131517,No
131518,No
131519,No
131520,No
131521,Yes
131522,No
131523,Yes
131524,No
131525,No
131526,Yes
131527,No
131528,Yes
131529,Yes
131530,Yes
131531,Yes
131532,Yes
131533,Yes
131534,Yes
131535,Yes
131536,Yes
131537,No
131538,No
131539,Yes
131540,Yes
131541,Yes
131542,No
131543,Yes
131544,Yes
131545,No
131546,Yes
131547,No
131548,No
131549,Yes
131550,Yes
131551,No
131552,Yes
131553,Yes
131554,Yes
131555,No
131556,No
131557,Yes
131558,Yes
131559,Yes
131560,No
131561,No
131562,Yes
131563,No
131564,Yes
131565,No
131566,Yes
131567,Yes
131568,Yes
131569,Yes
131570,No
131571,No
131572,No
131573,Yes
131574,No
131575,Yes
131576,Yes
131577,No
131578,Yes
131579,Yes
131580,No
131581,Yes
131582,Yes
131583,No
131584,No
131585,No
131586,Yes
131587,Yes
131588,Yes
131589,No
131590,Yes
131591,Yes
131592,No
131593,Yes
131594,Yes
131595,Yes
131596,Yes
131597,Yes
131598,Yes
131599,No
131600,Yes
131601,Yes
131602,Yes
131603,No
131604,Yes
131605,Yes
131606,Yes
131607,Yes
131608,No
131609,No
131610,Yes
131611,No
131612,Yes
131613,Yes
131614,No
131615,Yes
131616,Yes
131617,No
131618,Yes
131619,No
131620,Yes
131621,Yes
131622,Yes
131623,No
131624,No
131625,No
131626,Yes
131627,No
131628,Yes
131629,No
131630,Yes
131631,Yes
131632,Yes
131633,No
131634,Yes
131635,Yes
131636,Yes
131637,Yes
131638,No
131639,No
131640,No
131641,No
131642,No
131643,No
131644,Yes
131645,Yes
131646,No
131647,Yes
131648,Yes
131649,Yes
131650,No
131651,Yes
131652,Yes
131653,No
131654,Yes
131655,No
131656,Yes
131657,Yes
131658,Yes
131659,Yes
131660,No
131661,No
131662,Yes
131663,No
131664,Yes
131665,No
131666,No
131667,No
131668,Yes
131669,No
131670,No
131671,Yes
131672,No
131673,Yes
131674,Yes
131675,No
131676,No
131677,Yes
131678,No
131679,Yes
131680,No
131681,Yes
131682,Yes
131683,Yes
131684,Yes
131685,Yes
131686,No
131687,Yes
131688,No
131689,No
131690,Yes
131691,No
131692,No
131693,No
131694,No
131695,Yes
131696,No
131697,Yes
131698,No
131699,No
131700,Yes
131701,No
131702,Yes
131703,No
131704,No
131705,Yes
131706,No
131707,Yes
131708,Yes
131709,Yes
131710,Yes
131711,Yes
131712,Yes
131713,Yes
131714,Yes
131715,No
131716,Yes
131717,Yes
131718,Yes
131719,No
131720,Yes
131721,No
131722,Yes
131723,No
131724,No
131725,Yes
131726,Yes
131727,No
131728,Yes
131729,Yes
131730,Yes
131731,No
131732,No
131733,No
131734,Yes
131735,No
131736,No
131737,Yes
131738,Yes
131739,No
131740,No
131741,No
131742,No
131743,No
131744,Yes
131745,Yes
131746,Yes
131747,Yes
131748,Yes
131749,No
131750,Yes
131751,No
131752,Yes
131753,Yes
131754,Yes
131755,No
131756,No
131757,Yes
131758,Yes
131759,Yes
131760,No
131761,No
131762,No
131763,Yes
131764,No
131765,No
131766,Yes
131767,Yes
131768,Yes
131769,No
131770,No
131771,No
131772,Yes
131773,No
131774,Yes
131775,Yes
131776,Yes
131777,No
131778,No
131779,Yes
131780,Yes
131781,No
131782,No
131783,Yes
131784,No
131785,Yes
131786,Yes
131787,No
131788,No
131789,No
131790,No
131791,Yes
131792,Yes
131793,Yes
131794,No
131795,Yes
131796,Yes
131797,No
131798,No
131799,Yes
131800,Yes
131801,Yes
131802,Yes
131803,Yes
131804,Yes
131805,Yes
131806,Yes
131807,Yes
131808,Yes
131809,No
131810,No
131811,Yes
131812,Yes
131813,Yes
131814,Yes
131815,Yes
131816,No
131817,Yes
131818,Yes
131819,No
131820,Yes
131821,Yes
131822,Yes
131823,No
131824,Yes
131825,Yes
131826,Yes
131827,Yes
131828,No
131829,Yes
131830,Yes
131831,Yes
131832,No
131833,Yes
131834,No
131835,Yes
131836,Yes
131837,Yes
131838,Yes
131839,Yes
131840,Yes
131841,Yes
131842,No
131843,No
131844,Yes
131845,Yes
131846,Yes
131847,No
131848,No
131849,Yes
131850,Yes
131851,Yes
131852,No
131853,No
131854,Yes
131855,Yes
131856,No
131857,Yes
131858,No
131859,Yes
131860,Yes
131861,Yes
131862,No
131863,Yes
131864,Yes
131865,Yes
131866,Yes
131867,No
131868,Yes
131869,No
131870,Yes
131871,Yes
131872,No
131873,Yes
131874,Yes
131875,Yes
131876,Yes
131877,No
131878,Yes
131879,Yes
131880,Yes
131881,Yes
131882,Yes
131883,No
131884,No
131885,Yes
131886,Yes
131887,Yes
131888,No
131889,No
131890,Yes
131891,Yes
131892,No
131893,Yes
131894,Yes
131895,No
131896,Yes
131897,Yes
131898,No
131899,No
131900,Yes
131901,No
131902,Yes
131903,Yes
131904,No
131905,No
131906,No
131907,Yes
131908,Yes
131909,No
131910,Yes
131911,Yes
131912,Yes
131913,No
131914,Yes
131915,No
131916,Yes
131917,Yes
131918,No
131919,Yes
131920,No
131921,Yes
131922,Yes
131923,Yes
131924,No
131925,Yes
131926,No
131927,No
131928,Yes
131929,Yes
131930,No
131931,No
131932,No
131933,Yes
131934,No
131935,No
131936,Yes
131937,No
131938,Yes
131939,No
131940,No
131941,No
131942,Yes
131943,Yes
131944,Yes
131945,No
131946,No
131947,Yes
131948,Yes
131949,Yes
131950,No
131951,No
131952,Yes
131953,Yes
131954,No
131955,Yes
131956,No
131957,Yes
131958,Yes
131959,No
131960,Yes
131961,Yes
131962,Yes
131963,Yes
131964,No
131965,Yes
131966,Yes
131967,Yes
131968,No
131969,No
131970,Yes
131971,No
131972,No
131973,Yes
131974,No
131975,Yes
131976,Yes
131977,Yes
131978,Yes
131979,Yes
131980,Yes
131981,No
131982,Yes
131983,Yes
131984,Yes
131985,Yes
131986,No
131987,Yes
131988,No
131989,Yes
131990,No
131991,Yes
131992,Yes
131993,No
131994,No
131995,Yes
131996,Yes
131997,Yes
131998,Yes
131999,Yes
132000,Yes
132001,Yes
132002,No
132003,Yes
132004,Yes
132005,Yes
132006,Yes
132007,Yes
132008,No
132009,No
132010,No
132011,No
132012,Yes
132013,Yes
132014,Yes
132015,No
132016,Yes
132017,No
132018,No
132019,Yes
132020,No
132021,No
132022,No
132023,No
132024,Yes
132025,No
132026,Yes
132027,Yes
132028,No
132029,No
132030,Yes
132031,Yes
132032,No
132033,Yes
132034,No
132035,Yes
132036,Yes
132037,Yes
132038,Yes
132039,No
132040,No
132041,Yes
132042,No
132043,Yes
132044,Yes
132045,Yes
132046,Yes
132047,No
132048,Yes
132049,Yes
132050,Yes
132051,Yes
132052,No
132053,Yes
132054,Yes
132055,Yes
132056,No
132057,No
132058,Yes
132059,No
132060,No
132061,No
132062,No
132063,No
132064,No
132065,Yes
132066,Yes
132067,Yes
132068,No
132069,No
132070,Yes
132071,No
132072,Yes
132073,Yes
132074,Yes
132075,Yes
132076,No
132077,No
132078,Yes
132079,Yes
132080,Yes
132081,No
132082,Yes
132083,Yes
132084,Yes
132085,Yes
132086,Yes
132087,Yes
132088,Yes
132089,Yes
132090,No
132091,No
132092,No
132093,No
132094,No
132095,Yes
132096,No
132097,Yes
132098,Yes
132099,Yes
132100,Yes
132101,Yes
132102,Yes
132103,Yes
132104,No
132105,Yes
132106,Yes
132107,Yes
132108,Yes
132109,Yes
132110,No
132111,Yes
132112,No
132113,No
132114,Yes
132115,No
132116,Yes
132117,Yes
132118,Yes
132119,No
132120,No
132121,Yes
132122,No
132123,Yes
132124,Yes
132125,Yes
132126,Yes
132127,No
132128,Yes
132129,No
132130,No
132131,Yes
132132,No
132133,Yes
132134,Yes
132135,No
132136,Yes
132137,No
132138,Yes
132139,Yes
132140,Yes
132141,Yes
132142,No
132143,No
132144,Yes
132145,No
132146,Yes
132147,No
132148,Yes
132149,No
132150,Yes
132151,No
132152,Yes
132153,No
132154,Yes
132155,No
132156,Yes
132157,No
132158,Yes
132159,Yes
132160,No
132161,Yes
132162,Yes
132163,Yes
132164,No
132165,Yes
132166,Yes
132167,No
132168,Yes
132169,Yes
132170,Yes
132171,Yes
132172,Yes
132173,Yes
132174,Yes
132175,Yes
132176,Yes
132177,No
132178,No
132179,Yes
132180,Yes
132181,Yes
132182,No
132183,Yes
132184,No
132185,Yes
132186,No
132187,Yes
132188,Yes
132189,No
132190,Yes
132191,Yes
132192,No
132193,No
132194,No
132195,Yes
132196,No
132197,No
132198,Yes
132199,No
132200,No
132201,No
132202,No
132203,No
132204,Yes
132205,No
132206,Yes
132207,Yes
132208,Yes
132209,Yes
132210,Yes
132211,Yes
132212,Yes
132213,No
132214,Yes
132215,Yes
132216,No
132217,Yes
132218,No
132219,Yes
132220,No
132221,No
132222,No
132223,Yes
132224,Yes
132225,Yes
132226,Yes
132227,Yes
132228,Yes
132229,No
132230,No
132231,Yes
132232,Yes
132233,No
132234,No
132235,Yes
132236,Yes
132237,Yes
132238,No
132239,Yes
132240,Yes
132241,Yes
132242,No
132243,No
132244,Yes
132245,No
132246,No
132247,No
132248,Yes
132249,No
132250,Yes
132251,No
132252,Yes
132253,Yes
132254,Yes
132255,Yes
132256,Yes
132257,No
132258,No
132259,Yes
132260,No
132261,Yes
132262,Yes
132263,Yes
132264,Yes
132265,Yes
132266,Yes
132267,Yes
132268,Yes
132269,No
132270,Yes
132271,No
132272,Yes
132273,No
132274,Yes
132275,Yes
132276,No
132277,Yes
132278,No
132279,Yes
132280,Yes
132281,Yes
132282,No
132283,Yes
132284,No
132285,No
132286,Yes
132287,Yes
132288,No
132289,No
132290,Yes
132291,No
132292,Yes
132293,No
132294,Yes
132295,No
132296,No
132297,No
132298,Yes
132299,Yes
132300,Yes
132301,No
132302,Yes
132303,Yes
132304,No
132305,No
132306,Yes
132307,No
132308,No
132309,No
132310,Yes
132311,Yes
132312,No
132313,Yes
132314,No
132315,No
132316,Yes
132317,Yes
132318,Yes
132319,No
132320,Yes
132321,No
132322,Yes
132323,Yes
132324,Yes
132325,No
132326,Yes
132327,No
132328,Yes
132329,No
132330,No
132331,Yes
132332,No
132333,No
132334,Yes
132335,Yes
132336,No
132337,Yes
132338,Yes
132339,Yes
132340,Yes
132341,Yes
132342,Yes
132343,Yes
132344,Yes
132345,No
132346,Yes
132347,Yes
132348,No
132349,Yes
132350,Yes
132351,Yes
132352,No
132353,No
132354,No
132355,Yes
132356,No
132357,Yes
132358,No
132359,No
132360,Yes
132361,Yes
132362,No
132363,Yes
132364,Yes
132365,No
132366,Yes
132367,No
132368,No
132369,Yes
132370,Yes
132371,Yes
132372,Yes
132373,Yes
132374,No
132375,Yes
132376,Yes
132377,No
132378,No
132379,Yes
132380,No
132381,Yes
132382,No
132383,No
132384,No
132385,Yes
132386,Yes
132387,No
132388,No
132389,No
132390,No
132391,Yes
132392,No
132393,No
132394,Yes
132395,Yes
132396,Yes
132397,No
132398,No
132399,Yes
132400,No
132401,Yes
132402,Yes
132403,Yes
132404,Yes
132405,Yes
132406,Yes
132407,No
132408,No
132409,Yes
132410,No
132411,Yes
132412,Yes
132413,Yes
132414,No
132415,No
132416,No
132417,No
132418,No
132419,Yes
132420,No
132421,Yes
132422,Yes
132423,No
132424,Yes
132425,No
132426,No
132427,Yes
132428,No
132429,No
132430,No
132431,Yes
132432,No
132433,Yes
132434,No
132435,No
132436,Yes
132437,No
132438,Yes
132439,No
132440,Yes
132441,Yes
132442,No
132443,No
132444,Yes
132445,No
132446,Yes
132447,No
132448,Yes
132449,No
132450,Yes
132451,No
132452,No
132453,Yes
132454,Yes
132455,Yes
132456,No
132457,No
132458,Yes
132459,No
132460,No
132461,Yes
132462,Yes
132463,No
132464,No
132465,Yes
132466,No
132467,No
132468,No
132469,No
132470,Yes
132471,No
132472,Yes
132473,Yes
132474,No
132475,No
132476,Yes
132477,No
132478,No
132479,Yes
132480,Yes
132481,Yes
132482,Yes
132483,No
132484,Yes
132485,Yes
132486,Yes
132487,Yes
132488,No
132489,Yes
132490,Yes
132491,Yes
132492,No
132493,No
132494,No
132495,Yes
132496,Yes
132497,Yes
132498,Yes
132499,No
132500,Yes
132501,No
132502,No
132503,No
132504,No
132505,Yes
132506,No
132507,Yes
132508,No
132509,Yes
132510,No
132511,Yes
132512,Yes
132513,Yes
132514,Yes
132515,No
132516,Yes
132517,No
132518,Yes
132519,No
132520,No
132521,No
132522,No
132523,Yes
132524,Yes
132525,No
132526,Yes
132527,Yes
132528,Yes
132529,Yes
132530,Yes
132531,Yes
132532,No
132533,No
132534,Yes
132535,Yes
132536,No
132537,No
132538,No
132539,No
132540,No
132541,Yes
132542,Yes
132543,Yes
132544,Yes
132545,No
132546,No
132547,No
132548,Yes
132549,No
132550,No
132551,Yes
132552,No
132553,No
132554,Yes
132555,Yes
132556,Yes
132557,No
132558,No
132559,No
132560,Yes
132561,No
132562,No
132563,No
132564,Yes
132565,No
132566,No
132567,No
132568,Yes
132569,No
132570,No
132571,No
132572,No
132573,Yes
132574,Yes
132575,No
132576,No
132577,No
132578,Yes
132579,Yes
132580,Yes
132581,No
132582,Yes
132583,Yes
132584,Yes
132585,No
132586,Yes
132587,Yes
132588,Yes
132589,No
132590,No
132591,Yes
132592,Yes
132593,No
132594,Yes
132595,Yes
132596,Yes
132597,Yes
132598,No
132599,No
132600,Yes
132601,No
132602,No
132603,Yes
132604,Yes
132605,Yes
132606,Yes
132607,Yes
132608,No
132609,No
132610,Yes
132611,Yes
132612,Yes
132613,No
132614,Yes
132615,Yes
132616,Yes
132617,Yes
132618,Yes
132619,Yes
132620,No
132621,No
132622,Yes
132623,Yes
132624,Yes
132625,Yes
132626,No
132627,No
132628,No
132629,Yes
132630,Yes
132631,No
132632,Yes
132633,No
132634,Yes
132635,No
132636,No
132637,No
132638,No
132639,No
132640,No
132641,No
132642,No
132643,Yes
132644,Yes
132645,Yes
132646,Yes
132647,Yes
132648,Yes
132649,No
132650,No
132651,No
132652,Yes
132653,Yes
132654,Yes
132655,Yes
132656,Yes
132657,No
132658,No
132659,Yes
132660,Yes
132661,Yes
132662,Yes
132663,No
132664,No
132665,No
132666,Yes
132667,No
132668,Yes
132669,No
132670,Yes
132671,Yes
132672,No
132673,No
132674,Yes
132675,Yes
132676,No
132677,No
132678,Yes
132679,No
132680,No
132681,Yes
132682,Yes
132683,Yes
132684,Yes
132685,No
132686,Yes
132687,Yes
132688,No
132689,No
132690,Yes
132691,Yes
132692,Yes
132693,Yes
132694,Yes
132695,Yes
132696,Yes
132697,Yes
132698,No
132699,Yes
132700,No
132701,No
132702,No
132703,Yes
132704,Yes
132705,No
132706,Yes
132707,No
132708,Yes
132709,Yes
132710,No
132711,No
132712,Yes
132713,Yes
132714,No
132715,No
132716,Yes
132717,No
132718,Yes
132719,Yes
132720,Yes
132721,Yes
132722,Yes
132723,Yes
132724,Yes
132725,Yes
132726,Yes
132727,No
132728,Yes
132729,Yes
132730,No
132731,Yes
132732,Yes
132733,No
132734,Yes
132735,No
132736,Yes
132737,Yes
132738,No
132739,No
132740,Yes
132741,No
132742,Yes
132743,No
132744,Yes
132745,No
132746,Yes
132747,No
132748,Yes
132749,No
132750,Yes
132751,Yes
132752,Yes
132753,No
132754,Yes
132755,Yes
132756,Yes
132757,Yes
132758,No
132759,No
132760,Yes
132761,Yes
132762,No
132763,Yes
132764,Yes
132765,Yes
132766,No
132767,Yes
132768,No
132769,No
132770,No
132771,Yes
132772,No
132773,No
132774,Yes
132775,Yes
132776,Yes
132777,No
132778,Yes
132779,Yes
132780,No
132781,Yes
132782,No
132783,Yes
132784,Yes
132785,Yes
132786,Yes
132787,Yes
132788,Yes
132789,Yes
132790,No
132791,No
132792,No
132793,No
132794,No
132795,Yes
132796,Yes
132797,No
132798,No
132799,Yes
132800,No
132801,No
132802,Yes
132803,Yes
132804,Yes
132805,No
132806,No
132807,Yes
132808,No
132809,No
132810,Yes
132811,No
132812,No
132813,No
132814,No
132815,No
132816,Yes
132817,No
132818,Yes
132819,No
132820,Yes
132821,No
132822,Yes
132823,Yes
132824,Yes
132825,Yes
132826,Yes
132827,No
132828,No
132829,Yes
132830,Yes
132831,Yes
132832,No
132833,Yes
132834,No
132835,No
132836,No
132837,No
132838,Yes
132839,Yes
132840,Yes
132841,Yes
132842,No
132843,Yes
132844,No
132845,No
132846,Yes
132847,Yes
132848,Yes
132849,No
132850,No
132851,Yes
132852,Yes
132853,Yes
132854,Yes
132855,Yes
132856,No
132857,No
132858,Yes
132859,Yes
132860,No
132861,No
132862,No
132863,Yes
132864,No
132865,No
132866,Yes
132867,Yes
132868,No
132869,Yes
132870,Yes
132871,Yes
132872,No
132873,Yes
132874,No
132875,No
132876,No
132877,No
132878,Yes
132879,No
132880,No
132881,No
132882,Yes
132883,Yes
132884,No
132885,Yes
132886,Yes
132887,Yes
132888,Yes
132889,No
132890,No
132891,No
132892,Yes
132893,Yes
132894,No
132895,No
132896,Yes
132897,Yes
132898,Yes
132899,Yes
132900,Yes
132901,Yes
132902,Yes
132903,No
132904,Yes
132905,No
132906,Yes
132907,No
132908,Yes
132909,Yes
132910,No
132911,No
132912,No
132913,Yes
132914,Yes
132915,Yes
132916,No
132917,No
132918,No
132919,Yes
132920,No
132921,Yes
132922,Yes
132923,Yes
132924,Yes
132925,Yes
132926,No
132927,Yes
132928,Yes
132929,Yes
132930,No
132931,No
132932,No
132933,Yes
132934,No
132935,No
132936,Yes
132937,No
132938,No
132939,Yes
132940,Yes
132941,No
132942,No
132943,No
132944,Yes
132945,Yes
132946,No
132947,No
132948,Yes
132949,Yes
132950,Yes
132951,No
132952,Yes
132953,No
132954,No
132955,No
132956,Yes
132957,Yes
132958,Yes
132959,Yes
132960,Yes
132961,Yes
132962,Yes
132963,Yes
132964,No
132965,No
132966,Yes
132967,No
132968,Yes
132969,Yes
132970,Yes
132971,Yes
132972,No
132973,No
132974,No
132975,Yes
132976,No
132977,Yes
132978,No
132979,Yes
132980,Yes
132981,Yes
132982,Yes
132983,Yes
132984,No
132985,No
132986,No
132987,Yes
132988,No
132989,Yes
132990,No
132991,Yes
132992,Yes
132993,Yes
132994,No
132995,No
132996,No
132997,Yes
132998,Yes
132999,Yes
133000,No
133001,Yes
133002,Yes
133003,Yes
133004,No
133005,Yes
133006,Yes
133007,No
133008,Yes
133009,Yes
133010,No
133011,No
133012,Yes
133013,Yes
133014,No
133015,Yes
133016,No
133017,No
133018,No
133019,Yes
133020,Yes
133021,Yes
133022,Yes
133023,Yes
133024,Yes
133025,Yes
133026,Yes
133027,Yes
133028,No
133029,Yes
133030,No
133031,Yes
133032,No
133033,No
133034,No
133035,Yes
133036,Yes
133037,Yes
133038,No
133039,Yes
133040,Yes
133041,No
133042,Yes
133043,Yes
133044,Yes
133045,No
133046,No
133047,Yes
133048,No
133049,No
133050,Yes
133051,Yes
133052,No
133053,Yes
133054,No
133055,No
133056,No
133057,No
133058,No
133059,No
133060,No
133061,Yes
133062,No
133063,Yes
133064,No
133065,No
133066,Yes
133067,Yes
133068,Yes
133069,Yes
133070,No
133071,Yes
133072,No
133073,Yes
133074,Yes
133075,Yes
133076,Yes
133077,No
133078,Yes
133079,No
133080,No
133081,Yes
133082,Yes
133083,No
133084,Yes
133085,Yes
133086,Yes
133087,Yes
133088,No
133089,Yes
133090,No
133091,No
133092,Yes
133093,Yes
133094,Yes
133095,No
133096,Yes
133097,No
133098,Yes
133099,Yes
133100,Yes
133101,Yes
133102,No
133103,Yes
133104,Yes
133105,No
133106,No
133107,Yes
133108,No
133109,No
133110,Yes
133111,Yes
133112,No
133113,No
133114,Yes
133115,Yes
133116,No
133117,No
133118,No
133119,No
133120,Yes
133121,Yes
133122,Yes
133123,Yes
133124,No
133125,Yes
133126,Yes
133127,Yes
133128,No
133129,No
133130,Yes
133131,Yes
133132,Yes
133133,Yes
133134,No
133135,Yes
133136,No
133137,Yes
133138,Yes
133139,Yes
133140,No
133141,Yes
133142,No
133143,Yes
133144,No
133145,No
133146,Yes
133147,Yes
133148,No
133149,No
133150,Yes
133151,Yes
133152,Yes
133153,Yes
133154,No
133155,No
133156,Yes
133157,No
133158,Yes
133159,Yes
133160,No
133161,Yes
133162,Yes
133163,No
133164,No
133165,No
133166,No
133167,No
133168,Yes
133169,Yes
133170,Yes
133171,No
133172,No
133173,Yes
133174,No
133175,Yes
133176,Yes
133177,No
133178,Yes
133179,Yes
133180,No
133181,Yes
133182,No
133183,Yes
133184,No
133185,Yes
133186,No
133187,No
133188,Yes
133189,No
133190,Yes
133191,No
133192,Yes
133193,Yes
133194,No
133195,No
133196,No
133197,Yes
133198,No
133199,No
133200,Yes
133201,No
133202,No
133203,No
133204,Yes
133205,Yes
133206,No
133207,Yes
133208,Yes
133209,No
133210,Yes
133211,Yes
133212,No
133213,Yes
133214,Yes
133215,No
133216,No
133217,Yes
133218,Yes
133219,Yes
133220,Yes
133221,No
133222,Yes
133223,Yes
133224,Yes
133225,No
133226,No
133227,Yes
133228,No
133229,Yes
133230,Yes
133231,No
133232,Yes
133233,No
133234,No
133235,No
133236,Yes
133237,Yes
133238,Yes
133239,Yes
133240,No
133241,No
133242,Yes
133243,Yes
133244,Yes
133245,Yes
133246,Yes
133247,No
133248,Yes
133249,Yes
133250,No
133251,Yes
133252,No
133253,No
133254,Yes
133255,Yes
133256,Yes
133257,Yes
133258,Yes
133259,Yes
133260,No
133261,No
133262,Yes
133263,No
133264,Yes
133265,No
133266,No
133267,Yes
133268,No
133269,No
133270,Yes
133271,Yes
133272,No
133273,Yes
133274,Yes
133275,Yes
133276,No
133277,No
133278,Yes
133279,Yes
133280,No
133281,No
133282,Yes
133283,No
133284,No
133285,Yes
133286,Yes
133287,No
133288,No
133289,No
133290,No
133291,No
133292,Yes
133293,No
133294,Yes
133295,Yes
133296,Yes
133297,Yes
133298,Yes
133299,No
133300,No
133301,Yes
133302,No
133303,No
133304,No
133305,Yes
133306,No
133307,No
133308,Yes
133309,Yes
133310,Yes
133311,Yes
133312,Yes
133313,Yes
133314,No
133315,Yes
133316,Yes
133317,Yes
133318,No
133319,Yes
133320,No
133321,Yes
133322,Yes
133323,Yes
133324,Yes
133325,No
133326,No
133327,Yes
133328,Yes
133329,Yes
133330,No
133331,No
133332,No
133333,No
133334,No
133335,Yes
133336,Yes
133337,Yes
133338,Yes
133339,Yes
133340,Yes
133341,Yes
133342,No
133343,No
133344,Yes
133345,Yes
133346,No
133347,Yes
133348,Yes
133349,Yes
133350,No
133351,Yes
133352,Yes
133353,Yes
133354,No
133355,No
133356,Yes
133357,Yes
133358,Yes
133359,Yes
133360,No
133361,Yes
133362,No
133363,No
133364,No
133365,Yes
133366,No
133367,No
133368,Yes
133369,No
133370,No
133371,No
133372,No
133373,Yes
133374,Yes
133375,No
133376,No
133377,Yes
133378,No
133379,Yes
133380,No
133381,Yes
133382,Yes
133383,Yes
133384,Yes
133385,No
133386,Yes
133387,Yes
133388,No
133389,No
133390,No
133391,Yes
133392,No
133393,Yes
133394,No
133395,Yes
133396,Yes
133397,No
133398,No
133399,Yes
133400,No
133401,Yes
133402,Yes
133403,No
133404,Yes
133405,Yes
133406,Yes
133407,Yes
133408,Yes
133409,Yes
133410,Yes
133411,Yes
133412,Yes
133413,Yes
133414,No
133415,Yes
133416,Yes
133417,Yes
133418,Yes
133419,Yes
133420,No
133421,No
133422,Yes
133423,No
133424,Yes
133425,No
133426,No
133427,Yes
133428,No
133429,No
133430,No
133431,Yes
133432,Yes
133433,No
133434,No
133435,Yes
133436,No
133437,Yes
133438,Yes
133439,No
133440,No
133441,Yes
133442,Yes
133443,Yes
133444,No
133445,No
133446,Yes
133447,No
133448,No
133449,Yes
133450,Yes
133451,No
133452,Yes
133453,Yes
133454,Yes
133455,Yes
133456,Yes
133457,Yes
133458,No
133459,No
133460,No
133461,Yes
133462,Yes
133463,No
133464,Yes
133465,No
133466,No
133467,Yes
133468,No
133469,Yes
133470,Yes
133471,Yes
133472,Yes
133473,Yes
133474,Yes
133475,Yes
133476,Yes
133477,No
133478,No
133479,No
133480,No
133481,No
133482,No
133483,Yes
133484,Yes
133485,Yes
133486,Yes
133487,No
133488,Yes
133489,No
133490,Yes
133491,No
133492,Yes
133493,Yes
133494,Yes
133495,No
133496,Yes
133497,Yes
133498,No
133499,No
133500,Yes
133501,No
133502,Yes
133503,No
133504,Yes
133505,Yes
133506,Yes
133507,Yes
133508,Yes
133509,Yes
133510,Yes
133511,Yes
133512,No
133513,No
133514,No
133515,Yes
133516,Yes
133517,No
133518,No
133519,No
133520,Yes
133521,No
133522,Yes
133523,Yes
133524,Yes
133525,No
133526,Yes
133527,Yes
133528,No
133529,No
133530,Yes
133531,No
133532,No
133533,No
133534,No
133535,Yes
133536,Yes
133537,No
133538,Yes
133539,No
133540,No
133541,Yes
133542,No
133543,No
133544,Yes
133545,No
133546,Yes
133547,Yes
133548,Yes
133549,No
133550,No
133551,Yes
133552,Yes
133553,No
133554,No
133555,Yes
133556,No
133557,No
133558,Yes
133559,Yes
133560,Yes
133561,Yes
133562,No
133563,Yes
133564,No
133565,No
133566,Yes
133567,Yes
133568,Yes
133569,Yes
133570,Yes
133571,No
133572,No
133573,Yes
133574,Yes
133575,Yes
133576,No
133577,Yes
133578,Yes
133579,Yes
133580,Yes
133581,Yes
133582,No
133583,No
133584,Yes
133585,Yes
133586,Yes
133587,No
133588,No
133589,Yes
133590,Yes
133591,No
133592,No
133593,Yes
133594,No
133595,No
133596,No
133597,Yes
133598,Yes
133599,Yes
133600,Yes
133601,Yes
133602,Yes
133603,No
133604,Yes
133605,Yes
133606,Yes
133607,Yes
133608,Yes
133609,Yes
133610,Yes
133611,Yes
133612,No
133613,No
133614,No
133615,Yes
133616,No
133617,Yes
133618,No
133619,No
133620,No
133621,Yes
133622,No
133623,No
133624,Yes
133625,No
133626,No
133627,Yes
133628,No
133629,No
133630,No
133631,No
133632,Yes
133633,No
133634,No
133635,No
133636,Yes
133637,No
133638,No
133639,Yes
133640,Yes
133641,Yes
133642,Yes
133643,No
133644,No
133645,Yes
133646,Yes
133647,No
133648,Yes
133649,Yes
133650,No
133651,Yes
133652,Yes
133653,No
133654,No
133655,Yes
133656,Yes
133657,No
133658,Yes
133659,Yes
133660,Yes
133661,No
133662,No
133663,No
133664,Yes
133665,No
133666,Yes
133667,Yes
133668,Yes
133669,Yes
133670,No
133671,No
133672,No
133673,No
133674,No
133675,No
133676,Yes
133677,Yes
133678,No
133679,Yes
133680,Yes
133681,Yes
133682,Yes
133683,Yes
133684,No
133685,Yes
133686,No
133687,No
133688,Yes
133689,No
133690,Yes
133691,Yes
133692,No
133693,No
133694,Yes
133695,No
133696,Yes
133697,No
133698,Yes
133699,Yes
133700,Yes
133701,Yes
133702,No
133703,Yes
133704,Yes
133705,No
133706,No
133707,No
133708,No
133709,Yes
133710,No
133711,Yes
133712,Yes
133713,Yes
133714,No
133715,No
133716,Yes
133717,Yes
133718,Yes
133719,No
133720,Yes
133721,No
133722,No
133723,Yes
133724,No
133725,No
133726,No
133727,Yes
133728,Yes
133729,No
133730,No
133731,Yes
133732,Yes
133733,No
133734,Yes
133735,Yes
133736,Yes
133737,Yes
133738,No
133739,No
133740,No
133741,No
133742,No
133743,Yes
133744,Yes
133745,Yes
133746,No
133747,Yes
133748,No
133749,Yes
133750,Yes
133751,Yes
133752,No
133753,Yes
133754,Yes
133755,Yes
133756,No
133757,Yes
133758,No
133759,No
133760,Yes
133761,No
133762,Yes
133763,Yes
133764,No
133765,Yes
133766,Yes
133767,No
133768,No
133769,No
133770,Yes
133771,Yes
133772,Yes
133773,No
133774,Yes
133775,Yes
133776,Yes
133777,Yes
133778,No
133779,Yes
133780,No
133781,Yes
133782,Yes
133783,Yes
133784,Yes
133785,No
133786,Yes
133787,Yes
133788,No
133789,No
133790,Yes
133791,Yes
133792,No
133793,Yes
133794,No
133795,No
133796,Yes
133797,No
133798,Yes
133799,Yes
133800,Yes
133801,No
133802,Yes
133803,Yes
133804,Yes
133805,Yes
133806,No
133807,Yes
133808,Yes
133809,No
133810,Yes
133811,Yes
133812,No
133813,No
133814,Yes
133815,No
133816,No
133817,Yes
133818,No
133819,No
133820,No
133821,No
133822,Yes
133823,No
133824,Yes
133825,Yes
133826,Yes
133827,Yes
133828,Yes
133829,Yes
133830,No
133831,No
133832,Yes
133833,Yes
133834,No
133835,No
133836,No
133837,No
133838,Yes
133839,No
133840,Yes
133841,No
133842,Yes
133843,No
133844,Yes
133845,No
133846,Yes
133847,No
133848,Yes
133849,No
133850,No
133851,Yes
133852,No
133853,Yes
133854,Yes
133855,No
133856,Yes
133857,No
133858,Yes
133859,Yes
133860,Yes
133861,Yes
133862,No
133863,Yes
133864,Yes
133865,Yes
133866,Yes
133867,Yes
133868,No
133869,No
133870,No
133871,No
133872,Yes
133873,No
133874,Yes
133875,Yes
133876,No
133877,No
133878,No
133879,No
133880,No
133881,Yes
133882,No
133883,Yes
133884,No
133885,No
133886,No
133887,Yes
133888,Yes
133889,Yes
133890,Yes
133891,No
133892,Yes
133893,Yes
133894,Yes
133895,Yes
133896,Yes
133897,No
133898,Yes
133899,Yes
133900,No
133901,No
133902,Yes
133903,Yes
133904,Yes
133905,No
133906,No
133907,Yes
133908,No
133909,Yes
133910,No
133911,No
133912,Yes
133913,Yes
133914,No
133915,Yes
133916,Yes
133917,No
133918,Yes
133919,Yes
133920,No
133921,Yes
133922,Yes
133923,No
133924,Yes
133925,Yes
133926,Yes
133927,No
133928,No
133929,Yes
133930,Yes
133931,No
133932,Yes
133933,Yes
133934,Yes
133935,No
133936,Yes
133937,Yes
133938,Yes
133939,Yes
133940,Yes
133941,No
133942,Yes
133943,Yes
133944,Yes
133945,Yes
133946,No
133947,Yes
133948,Yes
133949,Yes
133950,No
133951,No
133952,No
133953,No
133954,Yes
133955,No
133956,Yes
133957,No
133958,No
133959,Yes
133960,Yes
133961,Yes
133962,No
133963,Yes
133964,Yes
133965,Yes
133966,No
133967,No
133968,Yes
133969,No
133970,Yes
133971,Yes
133972,Yes
133973,Yes
133974,No
133975,Yes
133976,Yes
133977,Yes
133978,No
133979,Yes
133980,Yes
133981,Yes
133982,No
133983,Yes
133984,Yes
133985,No
133986,Yes
133987,No
133988,Yes
133989,Yes
133990,Yes
133991,Yes
133992,No
133993,No
133994,Yes
133995,No
133996,Yes
133997,Yes
133998,Yes
133999,No
134000,Yes
134001,Yes
134002,Yes
134003,Yes
134004,Yes
134005,No
134006,Yes
134007,No
134008,Yes
134009,Yes
134010,Yes
134011,Yes
134012,Yes
134013,Yes
134014,Yes
134015,Yes
134016,Yes
134017,Yes
134018,Yes
134019,No
134020,No
134021,Yes
134022,Yes
134023,No
134024,Yes
134025,No
134026,Yes
134027,Yes
134028,Yes
134029,Yes
134030,No
134031,Yes
134032,No
134033,Yes
134034,Yes
134035,No
134036,Yes
134037,Yes
134038,Yes
134039,No
134040,Yes
134041,No
134042,No
134043,Yes
134044,Yes
134045,Yes
134046,Yes
134047,Yes
134048,Yes
134049,Yes
134050,Yes
134051,No
134052,Yes
134053,No
134054,Yes
134055,No
134056,Yes
134057,Yes
134058,No
134059,Yes
134060,No
134061,No
134062,Yes
134063,No
134064,No
134065,Yes
134066,No
134067,No
134068,Yes
134069,No
134070,No
134071,Yes
134072,Yes
134073,Yes
134074,Yes
134075,No
134076,No
134077,No
134078,No
134079,No
134080,Yes
134081,Yes
134082,Yes
134083,Yes
134084,Yes
134085,No
134086,No
134087,Yes
134088,No
134089,No
134090,Yes
134091,Yes
134092,Yes
134093,No
134094,Yes
134095,Yes
134096,Yes
134097,No
134098,No
134099,Yes
134100,Yes
134101,Yes
134102,No
134103,Yes
134104,Yes
134105,Yes
134106,No
134107,No
134108,Yes
134109,No
134110,No
134111,Yes
134112,Yes
134113,Yes
134114,No
134115,No
134116,No
134117,Yes
134118,No
134119,No
134120,Yes
134121,No
134122,Yes
134123,Yes
134124,Yes
134125,Yes
134126,No
134127,Yes
134128,No
134129,No
134130,No
134131,No
134132,Yes
134133,No
134134,Yes
134135,Yes
134136,No
134137,Yes
134138,No
134139,Yes
134140,No
134141,Yes
134142,Yes
134143,Yes
134144,No
134145,Yes
134146,No
134147,Yes
134148,Yes
134149,Yes
134150,No
134151,No
134152,No
134153,Yes
134154,Yes
134155,Yes
134156,Yes
134157,No
134158,No
134159,Yes
134160,No
134161,No
134162,Yes
134163,Yes
134164,No
134165,No
134166,No
134167,No
134168,No
134169,Yes
134170,No
134171,No
134172,Yes
134173,Yes
134174,Yes
134175,Yes
134176,Yes
134177,No
134178,Yes
134179,No
134180,No
134181,Yes
134182,Yes
134183,Yes
134184,No
134185,Yes
134186,Yes
134187,Yes
134188,Yes
134189,Yes
134190,No
134191,Yes
134192,Yes
134193,No
134194,Yes
134195,Yes
134196,No
134197,No
134198,No
134199,Yes
134200,Yes
134201,Yes
134202,No
134203,Yes
134204,Yes
134205,Yes
134206,Yes
134207,No
134208,Yes
134209,Yes
134210,Yes
134211,Yes
134212,No
134213,Yes
134214,Yes
134215,No
134216,No
134217,Yes
134218,Yes
134219,Yes
134220,No
134221,Yes
134222,No
134223,No
134224,Yes
134225,Yes
134226,Yes
134227,No
134228,Yes
134229,Yes
134230,No
134231,Yes
134232,Yes
134233,No
134234,Yes
134235,Yes
134236,No
134237,Yes
134238,No
134239,No
134240,No
134241,No
134242,Yes
134243,Yes
134244,No
134245,No
134246,Yes
134247,Yes
134248,No
134249,Yes
134250,Yes
134251,No
134252,No
134253,Yes
134254,Yes
134255,No
134256,No
134257,No
134258,Yes
134259,Yes
134260,No
134261,No
134262,No
134263,Yes
134264,Yes
134265,Yes
134266,No
134267,No
134268,No
134269,Yes
134270,Yes
134271,Yes
134272,No
134273,No
134274,Yes
134275,Yes
134276,Yes
134277,No
134278,Yes
134279,Yes
134280,Yes
134281,No
134282,No
134283,No
134284,No
134285,No
134286,No
134287,No
134288,Yes
134289,No
134290,No
134291,Yes
134292,No
134293,No
134294,No
134295,Yes
134296,Yes
134297,Yes
134298,Yes
134299,Yes
134300,Yes
134301,No
134302,No
134303,Yes
134304,Yes
134305,No
134306,Yes
134307,Yes
134308,No
134309,Yes
134310,Yes
134311,Yes
134312,Yes
134313,Yes
134314,Yes
134315,Yes
134316,No
134317,Yes
134318,Yes
134319,Yes
134320,Yes
134321,Yes
134322,Yes
134323,Yes
134324,Yes
134325,No
134326,No
134327,Yes
134328,Yes
134329,Yes
134330,No
134331,Yes
134332,Yes
134333,Yes
134334,No
134335,Yes
134336,Yes
134337,Yes
134338,Yes
134339,No
134340,Yes
134341,No
134342,No
134343,Yes
134344,No
134345,No
134346,Yes
134347,Yes
134348,Yes
134349,Yes
134350,Yes
134351,Yes
134352,Yes
134353,Yes
134354,No
134355,Yes
134356,No
134357,No
134358,No
134359,Yes
134360,Yes
134361,Yes
134362,No
134363,No
134364,Yes
134365,No
134366,Yes
134367,Yes
134368,Yes
134369,Yes
134370,No
134371,Yes
134372,Yes
134373,No
134374,Yes
134375,No
134376,No
134377,Yes
134378,No
134379,Yes
134380,No
134381,No
134382,Yes
134383,No
134384,No
134385,Yes
134386,No
134387,Yes
134388,Yes
134389,Yes
134390,Yes
134391,No
134392,Yes
134393,Yes
134394,Yes
134395,No
134396,Yes
134397,Yes
134398,Yes
134399,No
134400,Yes
134401,Yes
134402,Yes
134403,Yes
134404,No
134405,Yes
134406,No
134407,No
134408,Yes
134409,No
134410,No
134411,No
134412,No
134413,Yes
134414,Yes
134415,Yes
134416,Yes
134417,Yes
134418,No
134419,No
134420,Yes
134421,No
134422,No
134423,Yes
134424,Yes
134425,Yes
134426,Yes
134427,No
134428,No
134429,Yes
134430,No
134431,Yes
134432,Yes
134433,No
134434,Yes
134435,No
134436,Yes
134437,Yes
134438,No
134439,Yes
134440,Yes
134441,Yes
134442,Yes
134443,No
134444,No
134445,No
134446,No
134447,Yes
134448,Yes
134449,Yes
134450,Yes
134451,Yes
134452,Yes
134453,Yes
134454,No
134455,Yes
134456,Yes
134457,Yes
134458,Yes
134459,No
134460,No
134461,No
134462,Yes
134463,Yes
134464,No
134465,Yes
134466,Yes
134467,No
134468,No
134469,Yes
134470,Yes
134471,Yes
134472,No
134473,Yes
134474,Yes
134475,Yes
134476,No
134477,Yes
134478,Yes
134479,Yes
134480,Yes
134481,No
134482,No
134483,No
134484,Yes
134485,No
134486,Yes
134487,Yes
134488,No
134489,No
134490,Yes
134491,No
134492,Yes
134493,No
134494,No
134495,Yes
134496,Yes
134497,Yes
134498,No
134499,Yes
134500,No
134501,Yes
134502,Yes
134503,No
134504,No
134505,Yes
134506,No
134507,Yes
134508,No
134509,No
134510,Yes
134511,No
134512,No
134513,Yes
134514,Yes
134515,No
134516,No
134517,No
134518,Yes
134519,Yes
134520,No
134521,No
134522,Yes
134523,Yes
134524,No
134525,No
134526,No
134527,Yes
134528,Yes
134529,Yes
134530,No
134531,Yes
134532,No
134533,No
134534,Yes
134535,No
134536,No
134537,No
134538,No
134539,Yes
134540,No
134541,No
134542,Yes
134543,No
134544,Yes
134545,Yes
134546,No
134547,Yes
134548,Yes
134549,Yes
134550,Yes
134551,Yes
134552,No
134553,No
134554,Yes
134555,No
134556,No
134557,No
134558,Yes
134559,Yes
134560,No
134561,No
134562,Yes
134563,Yes
134564,No
134565,Yes
134566,No
134567,Yes
134568,No
134569,Yes
134570,Yes
134571,No
134572,Yes
134573,Yes
134574,No
134575,Yes
134576,No
134577,Yes
134578,Yes
134579,Yes
134580,No
134581,Yes
134582,No
134583,Yes
134584,Yes
134585,Yes
134586,No
134587,Yes
134588,Yes
134589,No
134590,No
134591,No
134592,Yes
134593,No
134594,Yes
134595,No
134596,No
134597,Yes
134598,Yes
134599,Yes
134600,Yes
134601,Yes
134602,Yes
134603,Yes
134604,Yes
134605,No
134606,No
134607,No
134608,No
134609,Yes
134610,No
134611,No
134612,Yes
134613,Yes
134614,No
134615,Yes
134616,Yes
134617,No
134618,Yes
134619,No
134620,Yes
134621,No
134622,Yes
134623,Yes
134624,No
134625,Yes
134626,No
134627,No
134628,Yes
134629,Yes
134630,No
134631,Yes
134632,Yes
134633,Yes
134634,Yes
134635,No
134636,No
134637,No
134638,Yes
134639,Yes
134640,Yes
134641,No
134642,Yes
134643,Yes
134644,No
134645,Yes
134646,Yes
134647,Yes
134648,Yes
134649,No
134650,Yes
134651,No
134652,Yes
134653,No
134654,Yes
134655,Yes
134656,No
134657,No
134658,No
134659,Yes
134660,No
134661,No
134662,Yes
134663,Yes
134664,No
134665,Yes
134666,Yes
134667,No
134668,Yes
134669,Yes
134670,No
134671,Yes
134672,Yes
134673,Yes
134674,Yes
134675,Yes
134676,No
134677,No
134678,No
134679,No
134680,Yes
134681,Yes
134682,No
134683,Yes
134684,Yes
134685,No
134686,No
134687,No
134688,Yes
134689,No
134690,No
134691,Yes
134692,Yes
134693,No
134694,Yes
134695,Yes
134696,Yes
134697,Yes
134698,Yes
134699,Yes
134700,Yes
134701,No
134702,Yes
134703,No
134704,No
134705,Yes
134706,No
134707,Yes
134708,Yes
134709,No
134710,No
134711,Yes
134712,No
134713,No
134714,Yes
134715,Yes
134716,Yes
134717,No
134718,No
134719,Yes
134720,Yes
134721,Yes
134722,Yes
134723,Yes
134724,Yes
134725,Yes
134726,Yes
134727,No
134728,Yes
134729,No
134730,No
134731,No
134732,No
134733,Yes
134734,Yes
134735,No
134736,Yes
134737,No
134738,Yes
134739,No
134740,Yes
134741,Yes
134742,Yes
134743,Yes
134744,Yes
134745,No
134746,No
134747,No
134748,Yes
134749,No
134750,Yes
134751,Yes
134752,No
134753,No
134754,Yes
134755,Yes
134756,Yes
134757,Yes
134758,No
134759,Yes
134760,No
134761,Yes
134762,Yes
134763,Yes
134764,Yes
134765,Yes
134766,No
134767,No
134768,Yes
134769,No
134770,Yes
134771,No
134772,Yes
134773,Yes
134774,No
134775,Yes
134776,Yes
134777,Yes
134778,No
134779,Yes
134780,No
134781,Yes
134782,No
134783,No
134784,Yes
134785,No
134786,No
134787,Yes
134788,Yes
134789,No
134790,Yes
134791,Yes
134792,No
134793,No
134794,Yes
134795,No
134796,No
134797,Yes
134798,Yes
134799,Yes
134800,Yes
134801,Yes
134802,Yes
134803,Yes
134804,No
134805,Yes
134806,Yes
134807,No
134808,Yes
134809,No
134810,No
134811,Yes
134812,Yes
134813,Yes
134814,No
134815,Yes
134816,Yes
134817,No
134818,Yes
134819,No
134820,Yes
134821,No
134822,Yes
134823,Yes
134824,Yes
134825,No
134826,No
134827,No
134828,Yes
134829,Yes
134830,No
134831,Yes
134832,No
134833,Yes
134834,Yes
134835,Yes
134836,Yes
134837,Yes
134838,Yes
134839,Yes
134840,Yes
134841,No
134842,No
134843,Yes
134844,Yes
134845,No
134846,No
134847,No
134848,No
134849,Yes
134850,No
134851,Yes
134852,Yes
134853,Yes
134854,Yes
134855,Yes
134856,Yes
134857,Yes
134858,Yes
134859,Yes
134860,No
134861,Yes
134862,No
134863,Yes
134864,Yes
134865,Yes
134866,Yes
134867,No
134868,Yes
134869,No
134870,Yes
134871,No
134872,No
134873,Yes
134874,No
134875,No
134876,Yes
134877,No
134878,Yes
134879,No
134880,No
134881,Yes
134882,Yes
134883,Yes
134884,Yes
134885,Yes
134886,Yes
134887,Yes
134888,Yes
134889,Yes
134890,Yes
134891,Yes
134892,No
134893,Yes
134894,Yes
134895,Yes
134896,Yes
134897,No
134898,No
134899,Yes
134900,No
134901,Yes
134902,Yes
134903,Yes
134904,Yes
134905,No
134906,No
134907,No
134908,No
134909,No
134910,Yes
134911,Yes
134912,Yes
134913,Yes
134914,Yes
134915,No
134916,No
134917,Yes
134918,Yes
134919,No
134920,No
134921,Yes
134922,No
134923,No
134924,Yes
134925,No
134926,Yes
134927,Yes
134928,Yes
134929,Yes
134930,No
134931,No
134932,No
134933,Yes
134934,No
134935,No
134936,Yes
134937,No
134938,Yes
134939,No
134940,No
134941,Yes
134942,Yes
134943,Yes
134944,Yes
134945,No
134946,Yes
134947,Yes
134948,No
134949,Yes
134950,Yes
134951,No
134952,Yes
134953,No
134954,Yes
134955,Yes
134956,Yes
134957,Yes
134958,Yes
134959,No
134960,Yes
134961,Yes
134962,Yes
134963,No
134964,No
134965,Yes
134966,No
134967,No
134968,Yes
134969,No
134970,No
134971,Yes
134972,Yes
134973,Yes
134974,Yes
134975,No
134976,No
134977,Yes
134978,No
134979,No
134980,Yes
134981,Yes
134982,Yes
134983,Yes
134984,Yes
134985,Yes
134986,No
134987,No
134988,No
134989,No
134990,Yes
134991,Yes
134992,No
134993,No
134994,Yes
134995,Yes
134996,No
134997,Yes
134998,No
134999,No
135000,No
135001,Yes
135002,Yes
135003,No
135004,Yes
135005,Yes
135006,No
135007,Yes
135008,Yes
135009,No
135010,Yes
135011,No
135012,Yes
135013,Yes
135014,Yes
135015,No
135016,No
135017,No
135018,Yes
135019,No
135020,Yes
135021,Yes
135022,No
135023,Yes
135024,Yes
135025,No
135026,Yes
135027,Yes
135028,Yes
135029,Yes
135030,Yes
135031,No
135032,Yes
135033,Yes
135034,Yes
135035,Yes
135036,No
135037,Yes
135038,Yes
135039,No
135040,Yes
135041,Yes
135042,Yes
135043,Yes
135044,No
135045,Yes
135046,No
135047,Yes
135048,No
135049,Yes
135050,No
135051,No
135052,Yes
135053,No
135054,Yes
135055,No
135056,Yes
135057,No
135058,Yes
135059,No
135060,Yes
135061,Yes
135062,No
135063,No
135064,No
135065,Yes
135066,Yes
135067,No
135068,No
135069,Yes
135070,Yes
135071,Yes
135072,Yes
135073,No
135074,No
135075,Yes
135076,No
135077,No
135078,No
135079,Yes
135080,No
135081,No
135082,No
135083,Yes
135084,Yes
135085,No
135086,Yes
135087,No
135088,Yes
135089,No
135090,No
135091,No
135092,No
135093,Yes
135094,No
135095,Yes
135096,Yes
135097,No
135098,Yes
135099,No
135100,No
135101,Yes
135102,Yes
135103,No
135104,No
135105,No
135106,No
135107,No
135108,Yes
135109,No
135110,No
135111,Yes
135112,No
135113,Yes
135114,Yes
135115,No
135116,No
135117,No
135118,No
135119,Yes
135120,No
135121,Yes
135122,Yes
135123,No
135124,No
135125,Yes
135126,Yes
135127,Yes
135128,Yes
135129,Yes
135130,Yes
135131,No
135132,Yes
135133,Yes
135134,No
135135,Yes
135136,Yes
135137,Yes
135138,Yes
135139,Yes
135140,No
135141,Yes
135142,No
135143,Yes
135144,Yes
135145,No
135146,Yes
135147,No
135148,No
135149,Yes
135150,Yes
135151,Yes
135152,Yes
135153,Yes
135154,No
135155,Yes
135156,Yes
135157,Yes
135158,No
135159,Yes
135160,Yes
135161,Yes
135162,No
135163,Yes
135164,No
135165,Yes
135166,No
135167,Yes
135168,No
135169,No
135170,Yes
135171,Yes
135172,Yes
135173,No
135174,No
135175,Yes
135176,No
135177,Yes
135178,Yes
135179,No
135180,Yes
135181,No
135182,No
135183,No
135184,Yes
135185,Yes
135186,No
135187,Yes
135188,No
135189,No
135190,No
135191,No
135192,Yes
135193,No
135194,Yes
135195,No
135196,Yes
135197,No
135198,Yes
135199,Yes
135200,Yes
135201,Yes
135202,Yes
135203,No
135204,Yes
135205,Yes
135206,No
135207,Yes
135208,Yes
135209,Yes
135210,Yes
135211,No
135212,No
135213,Yes
135214,Yes
135215,No
135216,Yes
135217,No
135218,No
135219,No
135220,No
135221,Yes
135222,Yes
135223,No
135224,Yes
135225,Yes
135226,No
135227,No
135228,Yes
135229,Yes
135230,Yes
135231,No
135232,No
135233,Yes
135234,Yes
135235,Yes
135236,Yes
135237,Yes
135238,Yes
135239,No
135240,No
135241,Yes
135242,Yes
135243,Yes
135244,Yes
135245,No
135246,Yes
135247,Yes
135248,No
135249,No
135250,No
135251,Yes
135252,Yes
135253,Yes
135254,Yes
135255,No
135256,Yes
135257,Yes
135258,No
135259,Yes
135260,No
135261,No
135262,No
135263,Yes
135264,No
135265,Yes
135266,Yes
135267,Yes
135268,No
135269,Yes
135270,No
135271,Yes
135272,No
135273,Yes
135274,Yes
135275,No
135276,No
135277,No
135278,Yes
135279,Yes
135280,Yes
135281,No
135282,No
135283,Yes
135284,Yes
135285,Yes
135286,No
135287,No
135288,Yes
135289,Yes
135290,No
135291,No
135292,No
135293,Yes
135294,Yes
135295,No
135296,Yes
135297,Yes
135298,No
135299,Yes
135300,Yes
135301,Yes
135302,Yes
135303,Yes
135304,Yes
135305,Yes
135306,No
135307,Yes
135308,Yes
135309,Yes
135310,No
135311,Yes
135312,No
135313,Yes
135314,No
135315,No
135316,Yes
135317,No
135318,Yes
135319,No
135320,Yes
135321,Yes
135322,Yes
135323,No
135324,No
135325,Yes
135326,No
135327,No
135328,Yes
135329,No
135330,Yes
135331,No
135332,Yes
135333,No
135334,Yes
135335,No
135336,No
135337,No
135338,Yes
135339,No
135340,Yes
135341,Yes
135342,Yes
135343,Yes
135344,No
135345,No
135346,No
135347,No
135348,No
135349,No
135350,No
135351,No
135352,Yes
135353,Yes
135354,Yes
135355,Yes
135356,Yes
135357,Yes
135358,Yes
135359,No
135360,Yes
135361,Yes
135362,Yes
135363,No
135364,No
135365,Yes
135366,Yes
135367,No
135368,No
135369,Yes
135370,Yes
135371,Yes
135372,No
135373,No
135374,Yes
135375,Yes
135376,Yes
135377,No
135378,No
135379,Yes
135380,Yes
135381,No
135382,Yes
135383,Yes
135384,Yes
135385,Yes
135386,Yes
135387,No
135388,Yes
135389,Yes
135390,No
135391,Yes
135392,Yes
135393,Yes
135394,Yes
135395,No
135396,Yes
135397,No
135398,Yes
135399,No
135400,No
135401,Yes
135402,No
135403,Yes
135404,No
135405,Yes
135406,Yes
135407,No
135408,Yes
135409,Yes
135410,Yes
135411,No
135412,No
135413,No
135414,Yes
135415,Yes
135416,No
135417,Yes
135418,No
135419,Yes
135420,Yes
135421,No
135422,Yes
135423,No
135424,No
135425,Yes
135426,Yes
135427,Yes
135428,Yes
135429,Yes
135430,No
135431,No
135432,No
135433,Yes
135434,Yes
135435,No
135436,Yes
135437,No
135438,No
135439,Yes
135440,No
135441,No
135442,No
135443,Yes
135444,No
135445,Yes
135446,No
135447,Yes
135448,Yes
135449,Yes
135450,Yes
135451,No
135452,Yes
135453,No
135454,Yes
135455,No
135456,No
135457,No
135458,No
135459,Yes
135460,Yes
135461,Yes
135462,Yes
135463,Yes
135464,Yes
135465,Yes
135466,Yes
135467,No
135468,Yes
135469,Yes
135470,Yes
135471,Yes
135472,Yes
135473,No
135474,Yes
135475,Yes
135476,No
135477,Yes
135478,Yes
135479,No
135480,No
135481,No
135482,Yes
135483,Yes
135484,No
135485,Yes
135486,No
135487,No
135488,Yes
135489,No
135490,No
135491,No
135492,Yes
135493,No
135494,No
135495,Yes
135496,Yes
135497,Yes
135498,Yes
135499,Yes
135500,Yes
135501,No
135502,Yes
135503,No
135504,Yes
135505,Yes
135506,Yes
135507,Yes
135508,Yes
135509,No
135510,No
135511,No
135512,No
135513,Yes
135514,Yes
135515,No
135516,No
135517,Yes
135518,No
135519,No
135520,Yes
135521,No
135522,Yes
135523,Yes
135524,No
135525,No
135526,Yes
135527,Yes
135528,Yes
135529,Yes
135530,Yes
135531,No
135532,Yes
135533,Yes
135534,No
135535,Yes
135536,Yes
135537,No
135538,Yes
135539,Yes
135540,No
135541,No
135542,Yes
135543,Yes
135544,Yes
135545,Yes
135546,Yes
135547,No
135548,Yes
135549,No
135550,Yes
135551,No
135552,Yes
135553,No
135554,No
135555,No
135556,No
135557,Yes
135558,No
135559,Yes
135560,No
135561,No
135562,Yes
135563,Yes
135564,No
135565,Yes
135566,No
135567,Yes
135568,Yes
135569,Yes
135570,Yes
135571,Yes
135572,Yes
135573,No
135574,Yes
135575,No
135576,No
135577,Yes
135578,No
135579,Yes
135580,Yes
135581,No
135582,Yes
135583,No
135584,No
135585,Yes
135586,No
135587,No
135588,Yes
135589,No
135590,Yes
135591,Yes
135592,Yes
135593,Yes
135594,Yes
135595,Yes
135596,Yes
135597,Yes
135598,Yes
135599,Yes
135600,No
135601,No
135602,Yes
135603,Yes
135604,No
135605,Yes
135606,No
135607,No
135608,Yes
135609,No
135610,No
135611,Yes
135612,No
135613,Yes
135614,Yes
135615,Yes
135616,Yes
135617,No
135618,No
135619,Yes
135620,Yes
135621,Yes
135622,Yes
135623,Yes
135624,No
135625,Yes
135626,Yes
135627,Yes
135628,No
135629,No
135630,No
135631,Yes
135632,Yes
135633,Yes
135634,Yes
135635,No
135636,Yes
135637,No
135638,Yes
135639,No
135640,Yes
135641,No
135642,No
135643,Yes
135644,No
135645,Yes
135646,Yes
135647,No
135648,Yes
135649,Yes
135650,Yes
135651,Yes
135652,Yes
135653,No
135654,Yes
135655,Yes
135656,No
135657,Yes
135658,Yes
135659,No
135660,Yes
135661,No
135662,Yes
135663,Yes
135664,Yes
135665,No
135666,No
135667,No
135668,Yes
135669,No
135670,No
135671,No
135672,Yes
135673,No
135674,No
135675,No
135676,No
135677,No
135678,No
135679,Yes
135680,No
135681,No
135682,No
135683,No
135684,Yes
135685,No
135686,No
135687,Yes
135688,Yes
135689,Yes
135690,No
135691,Yes
135692,Yes
135693,No
135694,No
135695,Yes
135696,No
135697,No
135698,Yes
135699,Yes
135700,No
135701,Yes
135702,Yes
135703,No
135704,Yes
135705,Yes
135706,Yes
135707,No
135708,Yes
135709,No
135710,Yes
135711,Yes
135712,Yes
135713,No
135714,No
135715,Yes
135716,Yes
135717,Yes
135718,Yes
135719,No
135720,No
135721,Yes
135722,No
135723,Yes
135724,No
135725,Yes
135726,No
135727,No
135728,Yes
135729,Yes
135730,Yes
135731,Yes
135732,No
135733,Yes
135734,No
135735,No
135736,Yes
135737,No
135738,No
135739,Yes
135740,Yes
135741,No
135742,No
135743,Yes
135744,No
135745,Yes
135746,No
135747,Yes
135748,No
135749,No
135750,No
135751,Yes
135752,Yes
135753,No
135754,Yes
135755,Yes
135756,No
135757,No
135758,Yes
135759,Yes
135760,No
135761,Yes
135762,Yes
135763,No
135764,Yes
135765,Yes
135766,Yes
135767,Yes
135768,Yes
135769,No
135770,Yes
135771,Yes
135772,No
135773,No
135774,Yes
135775,No
135776,Yes
135777,No
135778,Yes
135779,No
135780,No
135781,Yes
135782,No
135783,Yes
135784,Yes
135785,Yes
135786,No
135787,No
135788,No
135789,No
135790,Yes
135791,No
135792,Yes
135793,No
135794,Yes
135795,No
135796,Yes
135797,Yes
135798,Yes
135799,No
135800,Yes
135801,No
135802,No
135803,No
135804,Yes
135805,No
135806,Yes
135807,No
135808,No
135809,Yes
135810,Yes
135811,Yes
135812,No
135813,No
135814,Yes
135815,No
135816,Yes
135817,No
135818,Yes
135819,Yes
135820,Yes
135821,No
135822,No
135823,No
135824,Yes
135825,No
135826,Yes
135827,No
135828,Yes
135829,Yes
135830,Yes
135831,Yes
135832,Yes
135833,No
135834,Yes
135835,Yes
135836,No
135837,No
135838,No
135839,Yes
135840,No
135841,Yes
135842,Yes
135843,Yes
135844,No
135845,No
135846,Yes
135847,No
135848,Yes
135849,Yes
135850,No
135851,No
135852,No
135853,No
135854,Yes
135855,Yes
135856,No
135857,No
135858,Yes
135859,Yes
135860,Yes
135861,Yes
135862,No
135863,Yes
135864,No
135865,No
135866,No
135867,Yes
135868,Yes
135869,No
135870,Yes
135871,Yes
135872,Yes
135873,No
135874,Yes
135875,Yes
135876,No
135877,Yes
135878,No
135879,No
135880,No
135881,Yes
135882,No
135883,Yes
135884,Yes
135885,No
135886,No
135887,No
135888,Yes
135889,Yes
135890,No
135891,Yes
135892,Yes
135893,No
135894,Yes
135895,Yes
135896,Yes
135897,No
135898,No
135899,No
135900,Yes
135901,Yes
135902,No
135903,No
135904,No
135905,No
135906,Yes
135907,No
135908,Yes
135909,Yes
135910,No
135911,No
135912,Yes
135913,Yes
135914,Yes
135915,Yes
135916,Yes
135917,Yes
135918,No
135919,Yes
135920,No
135921,No
135922,Yes
135923,No
135924,No
135925,No
135926,No
135927,Yes
135928,No
135929,Yes
135930,Yes
135931,Yes
135932,No
135933,Yes
135934,Yes
135935,No
135936,Yes
135937,No
135938,Yes
135939,Yes
135940,Yes
135941,No
135942,Yes
135943,Yes
135944,Yes
135945,Yes
135946,No
135947,Yes
135948,Yes
135949,No
135950,Yes
135951,Yes
135952,Yes
135953,No
135954,No
135955,Yes
135956,No
135957,No
135958,No
135959,Yes
135960,Yes
135961,Yes
135962,Yes
135963,Yes
135964,Yes
135965,No
135966,Yes
135967,Yes
135968,Yes
135969,Yes
135970,Yes
135971,Yes
135972,No
135973,No
135974,Yes
135975,Yes
135976,Yes
135977,Yes
135978,No
135979,Yes
135980,Yes
135981,Yes
135982,Yes
135983,No
135984,Yes
135985,Yes
135986,Yes
135987,No
135988,No
135989,No
135990,No
135991,Yes
135992,Yes
135993,No
135994,No
135995,Yes
135996,No
135997,Yes
135998,No
135999,Yes
136000,Yes
136001,No
136002,No
136003,Yes
136004,No
136005,No
136006,Yes
136007,No
136008,Yes
136009,No
136010,No
136011,Yes
136012,Yes
136013,Yes
136014,Yes
136015,Yes
136016,Yes
136017,Yes
136018,Yes
136019,Yes
136020,Yes
136021,No
136022,No
136023,No
136024,No
136025,Yes
136026,No
136027,No
136028,No
136029,No
136030,Yes
136031,Yes
136032,No
136033,No
136034,No
136035,No
136036,Yes
136037,Yes
136038,Yes
136039,Yes
136040,Yes
136041,Yes
136042,Yes
136043,Yes
136044,No
136045,No
136046,Yes
136047,Yes
136048,Yes
136049,Yes
136050,Yes
136051,No
136052,Yes
136053,Yes
136054,No
136055,Yes
136056,Yes
136057,Yes
136058,Yes
136059,No
136060,No
136061,Yes
136062,Yes
136063,No
136064,No
136065,No
136066,Yes
136067,Yes
136068,Yes
136069,No
136070,No
136071,Yes
136072,No
136073,Yes
136074,Yes
136075,No
136076,No
136077,No
136078,No
136079,Yes
136080,No
136081,Yes
136082,Yes
136083,Yes
136084,Yes
136085,No
136086,Yes
136087,Yes
136088,No
136089,No
136090,Yes
136091,No
136092,No
136093,Yes
136094,Yes
136095,Yes
136096,No
136097,Yes
136098,No
136099,Yes
136100,No
136101,Yes
136102,Yes
136103,Yes
136104,No
136105,No
136106,Yes
136107,No
136108,Yes
136109,Yes
136110,Yes
136111,Yes
136112,Yes
136113,Yes
136114,No
136115,Yes
136116,Yes
136117,Yes
136118,No
136119,Yes
136120,Yes
136121,No
136122,No
136123,Yes
136124,Yes
136125,No
136126,Yes
136127,No
136128,Yes
136129,Yes
136130,No
136131,Yes
136132,No
136133,Yes
136134,Yes
136135,No
136136,Yes
136137,No
136138,Yes
136139,No
136140,Yes
136141,Yes
136142,Yes
136143,Yes
136144,No
136145,Yes
136146,Yes
136147,No
136148,No
136149,Yes
136150,Yes
136151,Yes
136152,Yes
136153,No
136154,Yes
136155,No
136156,Yes
136157,No
136158,Yes
136159,Yes
136160,Yes
136161,Yes
136162,Yes
136163,No
136164,Yes
136165,Yes
136166,No
136167,Yes
136168,Yes
136169,No
136170,Yes
136171,Yes
136172,Yes
136173,Yes
136174,No
136175,No
136176,Yes
136177,Yes
136178,Yes
136179,Yes
136180,Yes
136181,Yes
136182,Yes
136183,No
136184,Yes
136185,Yes
136186,Yes
136187,Yes
136188,Yes
136189,No
136190,No
136191,Yes
136192,No
136193,Yes
136194,No
136195,Yes
136196,Yes
136197,No
136198,Yes
136199,No
136200,No
136201,Yes
136202,Yes
136203,No
136204,Yes
136205,Yes
136206,No
136207,No
136208,No
136209,Yes
136210,Yes
136211,No
136212,Yes
136213,No
136214,Yes
136215,No
136216,Yes
136217,No
136218,Yes
136219,Yes
136220,Yes
136221,Yes
136222,Yes
136223,Yes
136224,No
136225,No
136226,No
136227,No
136228,Yes
136229,Yes
136230,No
136231,Yes
136232,No
136233,Yes
136234,Yes
136235,No
136236,Yes
136237,No
136238,Yes
136239,Yes
136240,Yes
136241,No
136242,Yes
136243,No
136244,Yes
136245,No
136246,Yes
136247,Yes
136248,Yes
136249,No
136250,No
136251,Yes
136252,Yes
136253,Yes
136254,Yes
136255,Yes
136256,No
136257,Yes
136258,Yes
136259,No
136260,Yes
136261,No
136262,Yes
136263,No
136264,No
136265,Yes
136266,Yes
136267,No
136268,No
136269,Yes
136270,Yes
136271,No
136272,Yes
136273,Yes
136274,No
136275,No
136276,No
136277,Yes
136278,No
136279,Yes
136280,No
136281,No
136282,No
136283,No
136284,No
136285,Yes
136286,No
136287,No
136288,Yes
136289,Yes
136290,No
136291,No
136292,Yes
136293,No
136294,No
136295,No
136296,Yes
136297,Yes
136298,Yes
136299,Yes
136300,No
136301,No
136302,Yes
136303,Yes
136304,Yes
136305,Yes
136306,No
136307,No
136308,Yes
136309,Yes
136310,Yes
136311,No
136312,Yes
136313,Yes
136314,No
136315,No
136316,Yes
136317,No
136318,Yes
136319,Yes
136320,Yes
136321,Yes
136322,No
136323,Yes
136324,No
136325,Yes
136326,Yes
136327,No
136328,Yes
136329,Yes
136330,Yes
136331,No
136332,No
136333,Yes
136334,Yes
136335,No
136336,Yes
136337,No
136338,Yes
136339,Yes
136340,No
136341,Yes
136342,No
136343,Yes
136344,Yes
136345,No
136346,No
136347,Yes
136348,No
136349,No
136350,Yes
136351,No
136352,Yes
136353,No
136354,Yes
136355,No
136356,Yes
136357,Yes
136358,No
136359,Yes
136360,No
136361,Yes
136362,Yes
136363,Yes
136364,Yes
136365,No
136366,No
136367,No
136368,No
136369,Yes
136370,Yes
136371,Yes
136372,Yes
136373,No
136374,No
136375,Yes
136376,Yes
136377,No
136378,Yes
136379,Yes
136380,Yes
136381,Yes
136382,Yes
136383,Yes
136384,No
136385,Yes
136386,Yes
136387,Yes
136388,No
136389,No
136390,Yes
136391,Yes
136392,Yes
136393,No
136394,Yes
136395,Yes
136396,Yes
136397,Yes
136398,Yes
136399,Yes
136400,Yes
136401,Yes
136402,No
136403,No
136404,Yes
136405,Yes
136406,Yes
136407,No
136408,Yes
136409,Yes
136410,No
136411,No
136412,Yes
136413,Yes
136414,Yes
136415,No
136416,Yes
136417,Yes
136418,Yes
136419,Yes
136420,No
136421,No
136422,Yes
136423,Yes
136424,Yes
136425,Yes
136426,No
136427,Yes
136428,No
136429,Yes
136430,Yes
136431,No
136432,Yes
136433,Yes
136434,Yes
136435,No
136436,Yes
136437,No
136438,No
136439,Yes
136440,Yes
136441,Yes
136442,Yes
136443,Yes
136444,No
136445,Yes
136446,Yes
136447,No
136448,Yes
136449,Yes
136450,Yes
136451,Yes
136452,Yes
136453,Yes
136454,Yes
136455,Yes
136456,Yes
136457,Yes
136458,Yes
136459,Yes
136460,Yes
136461,Yes
136462,No
136463,Yes
136464,No
136465,No
136466,Yes
136467,No
136468,Yes
136469,Yes
136470,No
136471,No
136472,Yes
136473,No
136474,Yes
136475,Yes
136476,No
136477,Yes
136478,No
136479,Yes
136480,Yes
136481,No
136482,Yes
136483,Yes
136484,No
136485,No
136486,No
136487,Yes
136488,Yes
136489,Yes
136490,Yes
136491,No
136492,Yes
136493,No
136494,Yes
136495,Yes
136496,No
136497,Yes
136498,Yes
136499,Yes
136500,No
136501,No
136502,No
136503,No
136504,No
136505,No
136506,Yes
136507,No
136508,No
136509,Yes
136510,Yes
136511,No
136512,Yes
136513,No
136514,Yes
136515,Yes
136516,Yes
136517,Yes
136518,No
136519,No
136520,Yes
136521,No
136522,No
136523,No
136524,No
136525,No
136526,Yes
136527,Yes
136528,Yes
136529,No
136530,No
136531,Yes
136532,Yes
136533,Yes
136534,Yes
136535,Yes
136536,Yes
136537,Yes
136538,No
136539,Yes
136540,Yes
136541,Yes
136542,No
136543,Yes
136544,No
136545,Yes
136546,No
136547,Yes
136548,No
136549,Yes
136550,No
136551,No
136552,No
136553,No
136554,No
136555,No
136556,No
136557,No
136558,Yes
136559,Yes
136560,No
136561,No
136562,Yes
136563,Yes
136564,No
136565,No
136566,No
136567,Yes
136568,Yes
136569,Yes
136570,Yes
136571,No
136572,Yes
136573,No
136574,Yes
136575,No
136576,Yes
136577,No
136578,No
136579,No
136580,No
136581,No
136582,Yes
136583,No
136584,No
136585,Yes
136586,Yes
136587,No
136588,No
136589,Yes
136590,Yes
136591,Yes
136592,No
136593,No
136594,No
136595,Yes
136596,Yes
136597,No
136598,No
136599,Yes
136600,No
136601,No
136602,No
136603,Yes
136604,No
136605,Yes
136606,No
136607,Yes
136608,No
136609,Yes
136610,Yes
136611,No
136612,Yes
136613,No
136614,Yes
136615,Yes
136616,No
136617,Yes
136618,Yes
136619,No
136620,Yes
136621,No
136622,Yes
136623,No
136624,Yes
136625,Yes
136626,No
136627,No
136628,No
136629,Yes
136630,Yes
136631,No
136632,No
136633,Yes
136634,No
136635,No
136636,No
136637,Yes
136638,Yes
136639,No
136640,Yes
136641,No
136642,No
136643,Yes
136644,No
136645,Yes
136646,Yes
136647,No
136648,Yes
136649,No
136650,Yes
136651,No
136652,Yes
136653,Yes
136654,Yes
136655,Yes
136656,No
136657,No
136658,No
136659,Yes
136660,No
136661,No
136662,No
136663,Yes
136664,No
136665,Yes
136666,Yes
136667,Yes
136668,Yes
136669,Yes
136670,No
136671,Yes
136672,Yes
136673,Yes
136674,Yes
136675,Yes
136676,Yes
136677,No
136678,Yes
136679,Yes
136680,Yes
136681,Yes
136682,Yes
136683,No
136684,Yes
136685,Yes
136686,Yes
136687,Yes
136688,Yes
136689,Yes
136690,No
136691,Yes
136692,Yes
136693,No
136694,No
136695,No
136696,Yes
136697,No
136698,Yes
136699,Yes
136700,No
136701,No
136702,No
136703,Yes
136704,Yes
136705,Yes
136706,No
136707,Yes
136708,Yes
136709,No
136710,Yes
136711,Yes
136712,No
136713,No
136714,Yes
136715,No
136716,No
136717,No
136718,No
136719,Yes
136720,Yes
136721,Yes
136722,No
136723,No
136724,Yes
136725,No
136726,No
136727,No
136728,Yes
136729,Yes
136730,No
136731,Yes
136732,Yes
136733,No
136734,Yes
136735,Yes
136736,Yes
136737,No
136738,No
136739,No
136740,Yes
136741,Yes
136742,Yes
136743,Yes
136744,Yes
136745,Yes
136746,Yes
136747,Yes
136748,Yes
136749,No
136750,Yes
136751,No
136752,No
136753,No
136754,Yes
136755,Yes
136756,No
136757,Yes
136758,No
136759,Yes
136760,Yes
136761,No
136762,Yes
136763,No
136764,Yes
136765,No
136766,Yes
136767,No
136768,Yes
136769,Yes
136770,No
136771,No
136772,Yes
136773,Yes
136774,Yes
136775,No
136776,No
136777,Yes
136778,No
136779,Yes
136780,No
136781,No
136782,No
136783,No
136784,No
136785,Yes
136786,No
136787,No
136788,No
136789,No
136790,No
136791,Yes
136792,Yes
136793,No
136794,Yes
136795,No
136796,No
136797,Yes
136798,Yes
136799,No
136800,No
136801,No
136802,Yes
136803,Yes
136804,No
136805,No
136806,Yes
136807,No
136808,Yes
136809,No
136810,Yes
136811,Yes
136812,No
136813,Yes
136814,Yes
136815,No
136816,Yes
136817,Yes
136818,No
136819,Yes
136820,Yes
136821,Yes
136822,Yes
136823,No
136824,No
136825,Yes
136826,Yes
136827,No
136828,No
136829,Yes
136830,Yes
136831,No
136832,No
136833,Yes
136834,Yes
136835,Yes
136836,Yes
136837,No
136838,Yes
136839,Yes
136840,No
136841,No
136842,Yes
136843,Yes
136844,Yes
136845,No
136846,No
136847,Yes
136848,No
136849,Yes
136850,No
136851,Yes
136852,No
136853,No
136854,Yes
136855,Yes
136856,Yes
136857,No
136858,Yes
136859,Yes
136860,Yes
136861,Yes
136862,No
136863,No
136864,Yes
136865,No
136866,Yes
136867,No
136868,Yes
136869,No
136870,Yes
136871,Yes
136872,Yes
136873,No
136874,Yes
136875,Yes
136876,Yes
136877,Yes
136878,Yes
136879,Yes
136880,No
136881,No
136882,Yes
136883,No
136884,Yes
136885,No
136886,Yes
136887,Yes
136888,Yes
136889,Yes
136890,No
136891,No
136892,Yes
136893,Yes
136894,No
136895,No
136896,Yes
136897,No
136898,No
136899,No
136900,Yes
136901,Yes
136902,Yes
136903,Yes
136904,Yes
136905,Yes
136906,Yes
136907,Yes
136908,Yes
136909,Yes
136910,Yes
136911,No
136912,Yes
136913,Yes
136914,No
136915,Yes
136916,Yes
136917,No
136918,No
136919,Yes
136920,Yes
136921,Yes
136922,Yes
136923,Yes
136924,No
136925,No
136926,Yes
136927,Yes
136928,Yes
136929,Yes
136930,No
136931,Yes
136932,Yes
136933,No
136934,No
136935,Yes
136936,No
136937,Yes
136938,Yes
136939,No
136940,Yes
136941,No
136942,Yes
136943,No
136944,No
136945,Yes
136946,No
136947,Yes
136948,Yes
136949,Yes
136950,Yes
136951,No
136952,Yes
136953,No
136954,Yes
136955,No
136956,No
136957,Yes
136958,No
136959,No
136960,No
136961,Yes
136962,Yes
136963,Yes
136964,Yes
136965,No
136966,Yes
136967,No
136968,No
136969,Yes
136970,No
136971,No
136972,No
136973,No
136974,Yes
136975,Yes
136976,No
136977,Yes
136978,No
136979,Yes
136980,Yes
136981,Yes
136982,Yes
136983,No
136984,Yes
136985,Yes
136986,Yes
136987,No
136988,Yes
136989,No
136990,Yes
136991,Yes
136992,Yes
136993,Yes
136994,Yes
136995,Yes
136996,Yes
136997,Yes
136998,No
136999,Yes
137000,Yes
137001,No
137002,Yes
137003,Yes
137004,Yes
137005,No
137006,Yes
137007,Yes
137008,Yes
137009,No
137010,Yes
137011,No
137012,No
137013,No
137014,Yes
137015,Yes
137016,No
137017,Yes
137018,No
137019,No
137020,No
137021,Yes
137022,Yes
137023,No
137024,No
137025,Yes
137026,No
137027,Yes
137028,Yes
137029,Yes
137030,Yes
137031,Yes
137032,Yes
137033,Yes
137034,Yes
137035,No
137036,Yes
137037,No
137038,Yes
137039,Yes
137040,Yes
137041,Yes
137042,Yes
137043,No
137044,No
137045,Yes
137046,No
137047,No
137048,Yes
137049,No
137050,No
137051,Yes
137052,No
137053,Yes
137054,Yes
137055,Yes
137056,Yes
137057,No
137058,Yes
137059,No
137060,No
137061,No
137062,Yes
137063,No
137064,No
137065,No
137066,No
137067,No
137068,Yes
137069,Yes
137070,No
137071,No
137072,Yes
137073,Yes
137074,Yes
137075,No
137076,Yes
137077,No
137078,Yes
137079,Yes
137080,Yes
137081,Yes
137082,Yes
137083,No
137084,Yes
137085,No
137086,No
137087,Yes
137088,Yes
137089,Yes
137090,Yes
137091,Yes
137092,Yes
137093,No
137094,Yes
137095,No
137096,No
137097,No
137098,Yes
137099,No
137100,Yes
137101,No
137102,Yes
137103,Yes
137104,No
137105,Yes
137106,Yes
137107,Yes
137108,Yes
137109,Yes
137110,Yes
137111,Yes
137112,Yes
137113,Yes
137114,No
137115,Yes
137116,No
137117,Yes
137118,No
137119,No
137120,Yes
137121,Yes
137122,No
137123,Yes
137124,Yes
137125,Yes
137126,No
137127,No
137128,No
137129,Yes
137130,No
137131,Yes
137132,No
137133,Yes
137134,Yes
137135,Yes
137136,No
137137,Yes
137138,No
137139,No
137140,Yes
137141,Yes
137142,No
137143,Yes
137144,No
137145,No
137146,Yes
137147,No
137148,No
137149,No
137150,No
137151,Yes
137152,Yes
137153,Yes
137154,Yes
137155,Yes
137156,No
137157,Yes
137158,No
137159,Yes
137160,Yes
137161,Yes
137162,No
137163,No
137164,No
137165,No
137166,Yes
137167,Yes
137168,Yes
137169,No
137170,Yes
137171,Yes
137172,No
137173,Yes
137174,No
137175,No
137176,Yes
137177,Yes
137178,Yes
137179,Yes
137180,No
137181,No
137182,Yes
137183,Yes
137184,No
137185,No
137186,No
137187,Yes
137188,Yes
137189,No
137190,No
137191,Yes
137192,No
137193,No
137194,Yes
137195,Yes
137196,No
137197,Yes
137198,Yes
137199,Yes
137200,No
137201,Yes
137202,Yes
137203,Yes
137204,No
137205,No
137206,No
137207,Yes
137208,Yes
137209,No
137210,No
137211,Yes
137212,No
137213,Yes
137214,Yes
137215,No
137216,No
137217,No
137218,No
137219,Yes
137220,Yes
137221,No
137222,Yes
137223,Yes
137224,No
137225,Yes
137226,No
137227,Yes
137228,No
137229,Yes
137230,No
137231,No
137232,No
137233,Yes
137234,No
137235,Yes
137236,No
137237,No
137238,Yes
137239,Yes
137240,Yes
137241,No
137242,Yes
137243,No
137244,No
137245,No
137246,Yes
137247,No
137248,No
137249,Yes
137250,No
137251,No
137252,No
137253,Yes
137254,Yes
137255,Yes
137256,No
137257,Yes
137258,Yes
137259,No
137260,No
137261,Yes
137262,Yes
137263,Yes
137264,Yes
137265,Yes
137266,Yes
137267,No
137268,Yes
137269,No
137270,Yes
137271,No
137272,Yes
137273,No
137274,No
137275,No
137276,No
137277,No
137278,No
137279,Yes
137280,Yes
137281,Yes
137282,No
137283,No
137284,Yes
137285,Yes
137286,No
137287,Yes
137288,Yes
137289,Yes
137290,No
137291,Yes
137292,No
137293,Yes
137294,No
137295,Yes
137296,Yes
137297,No
137298,No
137299,No
137300,Yes
137301,Yes
137302,Yes
137303,No
137304,No
137305,Yes
137306,No
137307,Yes
137308,Yes
137309,Yes
137310,Yes
137311,No
137312,Yes
137313,No
137314,No
137315,Yes
137316,No
137317,No
137318,No
137319,No
137320,Yes
137321,Yes
137322,No
137323,Yes
137324,No
137325,Yes
137326,No
137327,Yes
137328,Yes
137329,Yes
137330,No
137331,No
137332,Yes
137333,Yes
137334,Yes
137335,No
137336,Yes
137337,Yes
137338,No
137339,No
137340,No
137341,No
137342,Yes
137343,Yes
137344,No
137345,Yes
137346,Yes
137347,Yes
137348,Yes
137349,No
137350,No
137351,No
137352,No
137353,Yes
137354,No
137355,Yes
137356,No
137357,Yes
137358,No
137359,Yes
137360,No
137361,No
137362,No
137363,Yes
137364,No
137365,No
137366,No
137367,No
137368,No
137369,No
137370,No
137371,No
137372,Yes
137373,Yes
137374,Yes
137375,No
137376,Yes
137377,Yes
137378,No
137379,No
137380,No
137381,No
137382,Yes
137383,Yes
137384,No
137385,Yes
137386,Yes
137387,Yes
137388,No
137389,Yes
137390,Yes
137391,No
137392,Yes
137393,Yes
137394,Yes
137395,Yes
137396,Yes
137397,Yes
137398,Yes
137399,Yes
137400,Yes
137401,No
137402,No
137403,No
137404,Yes
137405,Yes
137406,No
137407,Yes
137408,No
137409,No
137410,No
137411,No
137412,No
137413,Yes
137414,Yes
137415,No
137416,No
137417,Yes
137418,No
137419,Yes
137420,No
137421,No
137422,No
137423,No
137424,No
137425,Yes
137426,No
137427,Yes
137428,Yes
137429,No
137430,No
137431,No
137432,No
137433,No
137434,Yes
137435,Yes
137436,Yes
137437,Yes
137438,Yes
137439,Yes
137440,No
137441,Yes
137442,Yes
137443,No
137444,No
137445,No
137446,Yes
137447,No
137448,Yes
137449,No
137450,No
137451,No
137452,No
137453,Yes
137454,Yes
137455,Yes
137456,No
137457,Yes
137458,No
137459,Yes
137460,Yes
137461,No
137462,Yes
137463,Yes
137464,No
137465,No
137466,No
137467,No
137468,Yes
137469,Yes
137470,No
137471,Yes
137472,Yes
137473,No
137474,No
137475,Yes
137476,Yes
137477,Yes
137478,Yes
137479,No
137480,Yes
137481,Yes
137482,Yes
137483,Yes
137484,No
137485,No
137486,No
137487,No
137488,No
137489,No
137490,Yes
137491,Yes
137492,Yes
137493,Yes
137494,Yes
137495,Yes
137496,Yes
137497,No
137498,No
137499,Yes
137500,Yes
137501,No
137502,No
137503,Yes
137504,No
137505,No
137506,Yes
137507,Yes
137508,No
137509,Yes
137510,Yes
137511,Yes
137512,Yes
137513,No
137514,No
137515,No
137516,No
137517,Yes
137518,No
137519,Yes
137520,No
137521,Yes
137522,No
137523,Yes
137524,Yes
137525,No
137526,Yes
137527,Yes
137528,Yes
137529,Yes
137530,Yes
137531,No
137532,Yes
137533,Yes
137534,No
137535,Yes
137536,Yes
137537,No
137538,Yes
137539,No
137540,No
137541,Yes
137542,Yes
137543,No
137544,Yes
137545,Yes
137546,Yes
137547,Yes
137548,No
137549,No
137550,Yes
137551,Yes
137552,Yes
137553,Yes
137554,Yes
137555,No
137556,Yes
137557,Yes
137558,Yes
137559,No
137560,Yes
137561,Yes
137562,Yes
137563,No
137564,No
137565,No
137566,Yes
137567,No
137568,No
137569,Yes
137570,Yes
137571,No
137572,No
137573,No
137574,Yes
137575,No
137576,Yes
137577,No
137578,No
137579,No
137580,Yes
137581,Yes
137582,No
137583,Yes
137584,Yes
137585,No
137586,Yes
137587,No
137588,Yes
137589,Yes
137590,No
137591,No
137592,Yes
137593,No
137594,Yes
137595,No
137596,Yes
137597,Yes
137598,Yes
137599,Yes
137600,Yes
137601,Yes
137602,Yes
137603,Yes
137604,Yes
137605,Yes
137606,No
137607,No
137608,Yes
137609,No
137610,No
137611,Yes
137612,Yes
137613,Yes
137614,No
137615,No
137616,Yes
137617,Yes
137618,Yes
137619,No
137620,No
137621,No
137622,Yes
137623,Yes
137624,No
137625,Yes
137626,No
137627,No
137628,Yes
137629,Yes
137630,No
137631,No
137632,Yes
137633,No
137634,No
137635,No
137636,No
137637,Yes
137638,Yes
137639,Yes
137640,No
137641,No
137642,Yes
137643,Yes
137644,Yes
137645,Yes
137646,No
137647,No
137648,Yes
137649,Yes
137650,Yes
137651,Yes
137652,Yes
137653,No
137654,No
137655,Yes
137656,No
137657,No
137658,No
137659,No
137660,No
137661,Yes
137662,No
137663,Yes
137664,Yes
137665,No
137666,Yes
137667,No
137668,Yes
137669,Yes
137670,No
137671,Yes
137672,No
137673,No
137674,No
137675,No
137676,Yes
137677,Yes
137678,Yes
137679,No
137680,Yes
137681,Yes
137682,Yes
137683,No
137684,Yes
137685,Yes
137686,No
137687,Yes
137688,No
137689,No
137690,Yes
137691,No
137692,No
137693,Yes
137694,No
137695,Yes
137696,No
137697,Yes
137698,Yes
137699,No
137700,Yes
137701,No
137702,Yes
137703,No
137704,Yes
137705,Yes
137706,No
137707,No
137708,Yes
137709,Yes
137710,No
137711,Yes
137712,Yes
137713,Yes
137714,Yes
137715,Yes
137716,Yes
137717,Yes
137718,Yes
137719,No
137720,Yes
137721,No
137722,No
137723,Yes
137724,Yes
137725,Yes
137726,No
137727,Yes
137728,No
137729,No
137730,No
137731,No
137732,Yes
137733,Yes
137734,No
137735,Yes
137736,Yes
137737,No
137738,No
137739,Yes
137740,No
137741,No
137742,No
137743,Yes
137744,Yes
137745,No
137746,Yes
137747,Yes
137748,Yes
137749,No
137750,No
137751,No
137752,Yes
137753,Yes
137754,Yes
137755,Yes
137756,No
137757,Yes
137758,Yes
137759,No
137760,Yes
137761,No
137762,Yes
137763,No
137764,Yes
137765,Yes
137766,No
137767,No
137768,No
137769,Yes
137770,No
137771,Yes
137772,Yes
137773,Yes
137774,Yes
137775,No
137776,Yes
137777,Yes
137778,Yes
137779,No
137780,Yes
137781,No
137782,Yes
137783,No
137784,Yes
137785,Yes
137786,Yes
137787,No
137788,Yes
137789,No
137790,No
137791,Yes
137792,No
137793,Yes
137794,Yes
137795,No
137796,No
137797,Yes
137798,No
137799,Yes
137800,Yes
137801,Yes
137802,No
137803,Yes
137804,No
137805,No
137806,Yes
137807,Yes
137808,Yes
137809,Yes
137810,No
137811,No
137812,No
137813,No
137814,Yes
137815,Yes
137816,Yes
137817,No
137818,Yes
137819,Yes
137820,No
137821,No
137822,No
137823,No
137824,No
137825,Yes
137826,No
137827,No
137828,Yes
137829,No
137830,Yes
137831,Yes
137832,Yes
137833,No
137834,Yes
137835,No
137836,No
137837,No
137838,No
137839,Yes
137840,No
137841,Yes
137842,Yes
137843,No
137844,Yes
137845,No
137846,Yes
137847,Yes
137848,Yes
137849,Yes
137850,No
137851,No
137852,Yes
137853,Yes
137854,No
137855,No
137856,No
137857,No
137858,Yes
137859,Yes
137860,No
137861,No
137862,Yes
137863,No
137864,Yes
137865,No
137866,No
137867,No
137868,No
137869,Yes
137870,Yes
137871,No
137872,Yes
137873,No
137874,No
137875,No
137876,Yes
137877,Yes
137878,Yes
137879,Yes
137880,No
137881,No
137882,Yes
137883,No
137884,Yes
137885,No
137886,Yes
137887,No
137888,Yes
137889,No
137890,Yes
137891,Yes
137892,No
137893,Yes
137894,No
137895,No
137896,Yes
137897,Yes
137898,Yes
137899,No
137900,Yes
137901,No
137902,No
137903,Yes
137904,Yes
137905,Yes
137906,Yes
137907,Yes
137908,No
137909,Yes
137910,Yes
137911,No
137912,Yes
137913,Yes
137914,No
137915,Yes
137916,Yes
137917,Yes
137918,Yes
137919,Yes
137920,Yes
137921,No
137922,No
137923,Yes
137924,No
137925,No
137926,Yes
137927,Yes
137928,No
137929,Yes
137930,No
137931,Yes
137932,No
137933,Yes
137934,Yes
137935,No
137936,Yes
137937,Yes
137938,No
137939,Yes
137940,No
137941,Yes
137942,Yes
137943,No
137944,Yes
137945,Yes
137946,No
137947,Yes
137948,No
137949,Yes
137950,Yes
137951,Yes
137952,No
137953,No
137954,Yes
137955,Yes
137956,Yes
137957,No
137958,Yes
137959,No
137960,Yes
137961,No
137962,Yes
137963,Yes
137964,Yes
137965,No
137966,Yes
137967,Yes
137968,Yes
137969,Yes
137970,Yes
137971,Yes
137972,No
137973,No
137974,No
137975,Yes
137976,No
137977,No
137978,Yes
137979,No
137980,Yes
137981,Yes
137982,Yes
137983,Yes
137984,Yes
137985,No
137986,Yes
137987,Yes
137988,No
137989,No
137990,No
137991,No
137992,No
137993,No
137994,No
137995,Yes
137996,No
137997,Yes
137998,Yes
137999,Yes
138000,No
138001,Yes
138002,No
138003,No
138004,Yes
138005,Yes
138006,No
138007,No
138008,No
138009,Yes
138010,No
138011,No
138012,Yes
138013,Yes
138014,Yes
138015,No
138016,No
138017,Yes
138018,Yes
138019,No
138020,No
138021,Yes
138022,No
138023,No
138024,Yes
138025,No
138026,No
138027,Yes
138028,No
138029,Yes
138030,Yes
138031,Yes
138032,No
138033,Yes
138034,Yes
138035,No
138036,No
138037,No
138038,No
138039,Yes
138040,Yes
138041,Yes
138042,Yes
138043,No
138044,No
138045,Yes
138046,Yes
138047,Yes
138048,No
138049,Yes
138050,No
138051,Yes
138052,Yes
138053,Yes
138054,No
138055,Yes
138056,Yes
138057,No
138058,No
138059,No
138060,Yes
138061,Yes
138062,Yes
138063,Yes
138064,No
138065,Yes
138066,Yes
138067,Yes
138068,No
138069,Yes
138070,No
138071,Yes
138072,Yes
138073,Yes
138074,No
138075,Yes
138076,Yes
138077,No
138078,Yes
138079,No
138080,No
138081,Yes
138082,Yes
138083,Yes
138084,Yes
138085,Yes
138086,No
138087,No
138088,No
138089,Yes
138090,No
138091,Yes
138092,Yes
138093,Yes
138094,Yes
138095,Yes
138096,Yes
138097,Yes
138098,Yes
138099,Yes
138100,No
138101,No
138102,No
138103,No
138104,No
138105,No
138106,Yes
138107,No
138108,No
138109,No
138110,No
138111,No
138112,No
138113,No
138114,No
138115,No
138116,Yes
138117,No
138118,Yes
138119,Yes
138120,Yes
138121,Yes
138122,No
138123,No
138124,Yes
138125,No
138126,No
138127,Yes
138128,Yes
138129,Yes
138130,No
138131,No
138132,No
138133,Yes
138134,Yes
138135,Yes
138136,No
138137,Yes
138138,Yes
138139,Yes
138140,No
138141,Yes
138142,No
138143,Yes
138144,No
138145,Yes
138146,No
138147,Yes
138148,Yes
138149,No
138150,Yes
138151,No
138152,No
138153,Yes
138154,No
138155,Yes
138156,No
138157,No
138158,Yes
138159,No
138160,Yes
138161,Yes
138162,No
138163,No
138164,No
138165,No
138166,Yes
138167,Yes
138168,No
138169,No
138170,No
138171,Yes
138172,No
138173,No
138174,Yes
138175,Yes
138176,No
138177,No
138178,No
138179,No
138180,Yes
138181,Yes
138182,Yes
138183,No
138184,Yes
138185,Yes
138186,Yes
138187,Yes
138188,No
138189,Yes
138190,Yes
138191,No
138192,Yes
138193,Yes
138194,No
138195,No
138196,No
138197,Yes
138198,Yes
138199,No
138200,No
138201,No
138202,Yes
138203,Yes
138204,No
138205,No
138206,Yes
138207,No
138208,No
138209,No
138210,No
138211,Yes
138212,No
138213,No
138214,No
138215,Yes
138216,Yes
138217,Yes
138218,No
138219,Yes
138220,No
138221,Yes
138222,No
138223,Yes
138224,Yes
138225,Yes
138226,No
138227,No
138228,No
138229,No
138230,Yes
138231,Yes
138232,Yes
138233,Yes
138234,Yes
138235,Yes
138236,No
138237,Yes
138238,No
138239,Yes
138240,Yes
138241,Yes
138242,No
138243,Yes
138244,Yes
138245,Yes
138246,No
138247,Yes
138248,Yes
138249,No
138250,No
138251,No
138252,No
138253,No
138254,No
138255,No
138256,Yes
138257,Yes
138258,No
138259,Yes
138260,No
138261,Yes
138262,Yes
138263,Yes
138264,No
138265,Yes
138266,No
138267,Yes
138268,No
138269,No
138270,No
138271,No
138272,No
138273,No
138274,Yes
138275,No
138276,Yes
138277,No
138278,Yes
138279,Yes
138280,Yes
138281,Yes
138282,No
138283,Yes
138284,No
138285,Yes
138286,Yes
138287,No
138288,No
138289,Yes
138290,No
138291,Yes
138292,Yes
138293,Yes
138294,Yes
138295,No
138296,Yes
138297,Yes
138298,Yes
138299,No
138300,Yes
138301,Yes
138302,No
138303,Yes
138304,Yes
138305,Yes
138306,Yes
138307,Yes
138308,Yes
138309,Yes
138310,No
138311,Yes
138312,Yes
138313,No
138314,Yes
138315,Yes
138316,Yes
138317,No
138318,No
138319,No
138320,Yes
138321,Yes
138322,Yes
138323,No
138324,Yes
138325,No
138326,Yes
138327,No
138328,No
138329,Yes
138330,Yes
138331,No
138332,No
138333,Yes
138334,Yes
138335,Yes
138336,Yes
138337,Yes
138338,Yes
138339,No
138340,No
138341,No
138342,Yes
138343,Yes
138344,No
138345,No
138346,No
138347,No
138348,Yes
138349,Yes
138350,No
138351,Yes
138352,Yes
138353,Yes
138354,No
138355,Yes
138356,Yes
138357,Yes
138358,Yes
138359,Yes
138360,No
138361,No
138362,No
138363,Yes
138364,Yes
138365,Yes
138366,No
138367,No
138368,No
138369,No
138370,No
138371,Yes
138372,Yes
138373,Yes
138374,No
138375,Yes
138376,No
138377,Yes
138378,No
138379,Yes
138380,Yes
138381,Yes
138382,No
138383,Yes
138384,Yes
138385,Yes
138386,Yes
138387,Yes
138388,Yes
138389,Yes
138390,No
138391,No
138392,Yes
138393,Yes
138394,Yes
138395,Yes
138396,No
138397,Yes
138398,No
138399,No
138400,No
138401,Yes
138402,Yes
138403,Yes
138404,No
138405,Yes
138406,No
138407,No
138408,No
138409,No
138410,Yes
138411,No
138412,Yes
138413,Yes
138414,Yes
138415,Yes
138416,Yes
138417,No
138418,Yes
138419,No
138420,Yes
138421,Yes
138422,Yes
138423,No
138424,No
138425,No
138426,No
138427,Yes
138428,No
138429,Yes
138430,No
138431,Yes
138432,No
138433,No
138434,No
138435,No
138436,Yes
138437,No
138438,No
138439,Yes
138440,Yes
138441,Yes
138442,No
138443,No
138444,Yes
138445,Yes
138446,Yes
138447,Yes
138448,No
138449,No
138450,Yes
138451,No
138452,No
138453,No
138454,No
138455,Yes
138456,Yes
138457,No
138458,No
138459,No
138460,Yes
138461,Yes
138462,No
138463,Yes
138464,No
138465,No
138466,No
138467,Yes
138468,No
138469,Yes
138470,No
138471,Yes
138472,No
138473,No
138474,Yes
138475,No
138476,Yes
138477,Yes
138478,Yes
138479,Yes
138480,Yes
138481,Yes
138482,No
138483,No
138484,No
138485,No
138486,No
138487,No
138488,Yes
138489,No
138490,Yes
138491,No
138492,Yes
138493,No
138494,No
138495,No
138496,No
138497,No
138498,No
138499,Yes
138500,No
138501,Yes
138502,Yes
138503,No
138504,No
138505,No
138506,No
138507,Yes
138508,Yes
138509,Yes
138510,Yes
138511,Yes
138512,Yes
138513,Yes
138514,No
138515,Yes
138516,Yes
138517,No
138518,No
138519,Yes
138520,Yes
138521,Yes
138522,Yes
138523,Yes
138524,No
138525,Yes
138526,Yes
138527,No
138528,Yes
138529,Yes
138530,No
138531,Yes
138532,Yes
138533,Yes
138534,Yes
138535,Yes
138536,Yes
138537,Yes
138538,Yes
138539,Yes
138540,Yes
138541,Yes
138542,Yes
138543,No
138544,No
138545,Yes
138546,No
138547,No
138548,No
138549,Yes
138550,No
138551,Yes
138552,No
138553,Yes
138554,Yes
138555,No
138556,Yes
138557,No
138558,Yes
138559,Yes
138560,Yes
138561,No
138562,Yes
138563,Yes
138564,No
138565,No
138566,No
138567,No
138568,No
138569,No
138570,No
138571,No
138572,Yes
138573,Yes
138574,No
138575,Yes
138576,Yes
138577,Yes
138578,No
138579,Yes
138580,No
138581,Yes
138582,Yes
138583,Yes
138584,No
138585,No
138586,No
138587,Yes
138588,No
138589,Yes
138590,No
138591,No
138592,Yes
138593,Yes
138594,No
138595,Yes
138596,No
138597,Yes
138598,Yes
138599,No
138600,Yes
138601,Yes
138602,Yes
138603,No
138604,No
138605,Yes
138606,Yes
138607,No
138608,Yes
138609,Yes
138610,Yes
138611,Yes
138612,Yes
138613,Yes
138614,No
138615,No
138616,No
138617,No
138618,Yes
138619,No
138620,Yes
138621,No
138622,Yes
138623,Yes
138624,Yes
138625,Yes
138626,No
138627,Yes
138628,Yes
138629,Yes
138630,No
138631,No
138632,No
138633,Yes
138634,Yes
138635,Yes
138636,Yes
138637,No
138638,No
138639,No
138640,No
138641,No
138642,Yes
138643,Yes
138644,Yes
138645,Yes
138646,Yes
138647,No
138648,Yes
138649,No
138650,Yes
138651,No
138652,No
138653,Yes
138654,Yes
138655,No
138656,Yes
138657,No
138658,Yes
138659,Yes
138660,No
138661,Yes
138662,No
138663,Yes
138664,Yes
138665,No
138666,Yes
138667,No
138668,Yes
138669,Yes
138670,Yes
138671,Yes
138672,No
138673,Yes
138674,Yes
138675,Yes
138676,Yes
138677,Yes
138678,No
138679,Yes
138680,No
138681,No
138682,No
138683,Yes
138684,No
138685,Yes
138686,No
138687,No
138688,Yes
138689,No
138690,No
138691,No
138692,Yes
138693,No
138694,Yes
138695,No
138696,No
138697,No
138698,Yes
138699,No
138700,Yes
138701,Yes
138702,Yes
138703,Yes
138704,No
138705,No
138706,No
138707,Yes
138708,Yes
138709,Yes
138710,Yes
138711,No
138712,Yes
138713,No
138714,Yes
138715,Yes
138716,Yes
138717,No
138718,No
138719,Yes
138720,No
138721,No
138722,No
138723,No
138724,No
138725,No
138726,No
138727,Yes
138728,No
138729,Yes
138730,Yes
138731,Yes
138732,Yes
138733,Yes
138734,Yes
138735,Yes
138736,No
138737,No
138738,Yes
138739,Yes
138740,No
138741,Yes
138742,Yes
138743,No
138744,Yes
138745,Yes
138746,Yes
138747,No
138748,Yes
138749,No
138750,Yes
138751,Yes
138752,Yes
138753,No
138754,Yes
138755,No
138756,Yes
138757,Yes
138758,Yes
138759,Yes
138760,Yes
138761,No
138762,No
138763,No
138764,No
138765,No
138766,Yes
138767,No
138768,Yes
138769,No
138770,Yes
138771,Yes
138772,Yes
138773,No
138774,No
138775,Yes
138776,No
138777,Yes
138778,No
138779,Yes
138780,No
138781,Yes
138782,Yes
138783,Yes
138784,Yes
138785,Yes
138786,Yes
138787,Yes
138788,Yes
138789,No
138790,No
138791,No
138792,Yes
138793,No
138794,No
138795,Yes
138796,Yes
138797,No
138798,Yes
138799,Yes
138800,No
138801,No
138802,Yes
138803,No
138804,No
138805,Yes
138806,No
138807,Yes
138808,No
138809,No
138810,No
138811,Yes
138812,Yes
138813,Yes
138814,No
138815,No
138816,Yes
138817,Yes
138818,Yes
138819,Yes
138820,Yes
138821,Yes
138822,No
138823,No
138824,Yes
138825,No
138826,Yes
138827,No
138828,Yes
138829,Yes
138830,Yes
138831,Yes
138832,Yes
138833,Yes
138834,No
138835,Yes
138836,No
138837,No
138838,No
138839,Yes
138840,No
138841,Yes
138842,No
138843,Yes
138844,Yes
138845,Yes
138846,Yes
138847,No
138848,Yes
138849,No
138850,Yes
138851,Yes
138852,No
138853,No
138854,Yes
138855,Yes
138856,Yes
138857,Yes
138858,Yes
138859,No
138860,Yes
138861,Yes
138862,No
138863,Yes
138864,Yes
138865,No
138866,Yes
138867,No
138868,Yes
138869,No
138870,No
138871,Yes
138872,Yes
138873,Yes
138874,Yes
138875,Yes
138876,No
138877,Yes
138878,Yes
138879,Yes
138880,Yes
138881,Yes
138882,Yes
138883,No
138884,No
138885,Yes
138886,Yes
138887,No
138888,No
138889,No
138890,Yes
138891,Yes
138892,No
138893,Yes
138894,Yes
138895,Yes
138896,Yes
138897,Yes
138898,No
138899,No
138900,Yes
138901,Yes
138902,Yes
138903,No
138904,Yes
138905,Yes
138906,No
138907,No
138908,No
138909,No
138910,Yes
138911,No
138912,Yes
138913,Yes
138914,Yes
138915,Yes
138916,Yes
138917,No
138918,Yes
138919,No
138920,No
138921,No
138922,Yes
138923,Yes
138924,No
138925,Yes
138926,No
138927,No
138928,No
138929,Yes
138930,No
138931,Yes
138932,Yes
138933,No
138934,Yes
138935,Yes
138936,Yes
138937,Yes
138938,No
138939,Yes
138940,No
138941,No
138942,No
138943,Yes
138944,Yes
138945,Yes
138946,No
138947,No
138948,Yes
138949,No
138950,Yes
138951,Yes
138952,Yes
138953,Yes
138954,Yes
138955,Yes
138956,Yes
138957,Yes
138958,Yes
138959,No
138960,No
138961,Yes
138962,Yes
138963,Yes
138964,No
138965,No
138966,No
138967,No
138968,Yes
138969,No
138970,No
138971,No
138972,Yes
138973,Yes
138974,No
138975,Yes
138976,Yes
138977,No
138978,No
138979,No
138980,No
138981,Yes
138982,No
138983,No
138984,Yes
138985,Yes
138986,Yes
138987,Yes
138988,Yes
138989,Yes
138990,Yes
138991,Yes
138992,Yes
138993,No
138994,No
138995,No
138996,No
138997,Yes
138998,No
138999,No
139000,No
139001,Yes
139002,No
139003,No
139004,Yes
139005,Yes
139006,No
139007,No
139008,Yes
139009,Yes
139010,No
139011,No
139012,Yes
139013,Yes
139014,No
139015,No
139016,No
139017,Yes
139018,Yes
139019,No
139020,Yes
139021,No
139022,No
139023,No
139024,No
139025,Yes
139026,Yes
139027,No
139028,Yes
139029,Yes
139030,Yes
139031,No
139032,Yes
139033,No
139034,Yes
139035,Yes
139036,Yes
139037,No
139038,Yes
139039,No
139040,No
139041,No
139042,No
139043,Yes
139044,No
139045,Yes
139046,Yes
139047,No
139048,No
139049,Yes
139050,No
139051,No
139052,No
139053,Yes
139054,No
139055,No
139056,No
139057,Yes
139058,Yes
139059,No
139060,No
139061,Yes
139062,Yes
139063,No
139064,No
139065,Yes
139066,No
139067,No
139068,No
139069,Yes
139070,No
139071,Yes
139072,No
139073,Yes
139074,Yes
139075,No
139076,Yes
139077,No
139078,Yes
139079,Yes
139080,No
139081,No
139082,Yes
139083,Yes
139084,No
139085,Yes
139086,No
139087,Yes
139088,Yes
139089,No
139090,Yes
139091,No
139092,No
139093,No
139094,Yes
139095,Yes
139096,No
139097,Yes
139098,No
139099,Yes
139100,No
139101,Yes
139102,Yes
139103,Yes
139104,Yes
139105,Yes
139106,Yes
139107,Yes
139108,Yes
139109,Yes
139110,Yes
139111,No
139112,Yes
139113,Yes
139114,Yes
139115,Yes
139116,No
139117,No
139118,No
139119,Yes
139120,Yes
139121,No
139122,Yes
139123,No
139124,Yes
139125,No
139126,Yes
139127,Yes
139128,Yes
139129,Yes
139130,Yes
139131,Yes
139132,Yes
139133,No
139134,Yes
139135,No
139136,No
139137,Yes
139138,Yes
139139,No
139140,Yes
139141,No
139142,Yes
139143,Yes
139144,Yes
139145,Yes
139146,No
139147,Yes
139148,Yes
139149,Yes
139150,Yes
139151,Yes
139152,Yes
139153,No
139154,Yes
139155,No
139156,Yes
139157,Yes
139158,Yes
139159,Yes
139160,No
139161,Yes
139162,No
139163,Yes
139164,Yes
139165,Yes
139166,No
139167,No
139168,Yes
139169,Yes
139170,Yes
139171,Yes
139172,Yes
139173,No
139174,No
139175,Yes
139176,No
139177,Yes
139178,Yes
139179,Yes
139180,No
139181,No
139182,Yes
139183,Yes
139184,No
139185,No
139186,Yes
139187,Yes
139188,No
139189,Yes
139190,No
139191,Yes
139192,Yes
139193,No
139194,Yes
139195,Yes
139196,No
139197,No
139198,Yes
139199,No
139200,Yes
139201,Yes
139202,No
139203,No
139204,Yes
139205,No
139206,Yes
139207,Yes
139208,Yes
139209,Yes
139210,Yes
139211,No
139212,Yes
139213,No
139214,No
139215,No
139216,No
139217,Yes
139218,Yes
139219,No
139220,Yes
139221,No
139222,No
139223,No
139224,No
139225,No
139226,Yes
139227,Yes
139228,Yes
139229,No
139230,Yes
139231,Yes
139232,No
139233,Yes
139234,Yes
139235,Yes
139236,Yes
139237,Yes
139238,No
139239,No
139240,Yes
139241,Yes
139242,Yes
139243,Yes
139244,No
139245,Yes
139246,No
139247,No
139248,No
139249,No
139250,Yes
139251,Yes
139252,Yes
139253,No
139254,No
139255,No
139256,Yes
139257,Yes
139258,Yes
139259,No
139260,Yes
139261,No
139262,Yes
139263,Yes
139264,Yes
139265,Yes
139266,Yes
139267,No
139268,Yes
139269,No
139270,Yes
139271,No
139272,No
139273,No
139274,Yes
139275,Yes
139276,No
139277,No
139278,No
139279,No
139280,No
139281,Yes
139282,Yes
139283,Yes
139284,No
139285,No
139286,No
139287,Yes
139288,No
139289,Yes
139290,No
139291,Yes
139292,Yes
139293,Yes
139294,Yes
139295,Yes
139296,No
139297,Yes
139298,Yes
139299,No
139300,Yes
139301,Yes
139302,Yes
139303,Yes
139304,Yes
139305,Yes
139306,Yes
139307,No
139308,No
139309,Yes
139310,No
139311,Yes
139312,Yes
139313,No
139314,Yes
139315,Yes
139316,No
139317,No
139318,Yes
139319,Yes
139320,Yes
139321,No
139322,Yes
139323,Yes
139324,Yes
139325,Yes
139326,Yes
139327,No
139328,Yes
139329,Yes
139330,Yes
139331,Yes
139332,Yes
139333,No
139334,No
139335,No
139336,Yes
139337,Yes
139338,Yes
139339,No
139340,Yes
139341,Yes
139342,No
139343,Yes
139344,Yes
139345,No
139346,Yes
139347,No
139348,Yes
139349,Yes
139350,No
139351,Yes
139352,No
139353,Yes
139354,Yes
139355,Yes
139356,Yes
139357,No
139358,Yes
139359,Yes
139360,No
139361,Yes
139362,Yes
139363,No
139364,No
139365,Yes
139366,Yes
139367,Yes
139368,Yes
139369,Yes
139370,No
139371,Yes
139372,No
139373,Yes
139374,Yes
139375,Yes
139376,Yes
139377,Yes
139378,No
139379,Yes
139380,Yes
139381,No
139382,Yes
139383,No
139384,Yes
139385,Yes
139386,Yes
139387,No
139388,Yes
139389,No
139390,Yes
139391,No
139392,Yes
139393,Yes
139394,No
139395,Yes
139396,Yes
139397,No
139398,Yes
139399,Yes
139400,No
139401,Yes
139402,No
139403,Yes
139404,Yes
139405,No
139406,Yes
139407,Yes
139408,Yes
139409,Yes
139410,No
139411,No
139412,No
139413,Yes
139414,Yes
139415,Yes
139416,No
139417,Yes
139418,Yes
139419,No
139420,No
139421,No
139422,Yes
139423,Yes
139424,No
139425,Yes
139426,No
139427,Yes
139428,Yes
139429,Yes
139430,Yes
139431,Yes
139432,No
139433,No
139434,Yes
139435,No
139436,No
139437,No
139438,Yes
139439,No
139440,No
139441,No
139442,No
139443,Yes
139444,No
139445,No
139446,No
139447,No
139448,Yes
139449,Yes
139450,Yes
139451,Yes
139452,No
139453,No
139454,No
139455,Yes
139456,No
139457,Yes
139458,No
139459,Yes
139460,Yes
139461,Yes
139462,Yes
139463,No
139464,No
139465,No
139466,No
139467,No
139468,No
139469,Yes
139470,Yes
139471,Yes
139472,No
139473,Yes
139474,Yes
139475,Yes
139476,Yes
139477,Yes
139478,Yes
139479,No
139480,Yes
139481,No
139482,No
139483,No
139484,Yes
139485,No
139486,Yes
139487,No
139488,Yes
139489,No
139490,No
139491,Yes
139492,No
139493,No
139494,No
139495,No
139496,No
139497,Yes
139498,Yes
139499,Yes
139500,Yes
139501,Yes
139502,No
139503,Yes
139504,No
139505,Yes
139506,Yes
139507,Yes
139508,Yes
139509,Yes
139510,Yes
139511,Yes
139512,Yes
139513,No
139514,Yes
139515,Yes
139516,No
139517,No
139518,Yes
139519,Yes
139520,Yes
139521,No
139522,Yes
139523,No
139524,Yes
139525,Yes
139526,No
139527,No
139528,Yes
139529,Yes
139530,No
139531,No
139532,Yes
139533,Yes
139534,Yes
139535,No
139536,No
139537,Yes
139538,Yes
139539,Yes
139540,Yes
139541,Yes
139542,No
139543,Yes
139544,Yes
139545,No
139546,No
139547,No
139548,Yes
139549,Yes
139550,Yes
139551,No
139552,No
139553,No
139554,Yes
139555,No
139556,Yes
139557,No
139558,No
139559,No
139560,No
139561,Yes
139562,No
139563,Yes
139564,No
139565,No
139566,Yes
139567,Yes
139568,Yes
139569,Yes
139570,No
139571,Yes
139572,No
139573,Yes
139574,Yes
139575,No
139576,Yes
139577,Yes
139578,No
139579,Yes
139580,Yes
139581,Yes
139582,Yes
139583,No
139584,No
139585,Yes
139586,Yes
139587,No
139588,No
139589,No
139590,Yes
139591,No
139592,No
139593,Yes
139594,No
139595,No
139596,Yes
139597,Yes
139598,Yes
139599,Yes
139600,Yes
139601,No
139602,Yes
139603,Yes
139604,Yes
139605,Yes
139606,No
139607,Yes
139608,Yes
139609,Yes
139610,Yes
139611,Yes
139612,No
139613,Yes
139614,No
139615,No
139616,Yes
139617,No
139618,Yes
139619,Yes
139620,No
139621,Yes
139622,Yes
139623,No
139624,Yes
139625,No
139626,No
139627,No
139628,No
139629,No
139630,No
139631,Yes
139632,Yes
139633,Yes
139634,No
139635,No
139636,Yes
139637,Yes
139638,Yes
139639,Yes
139640,Yes
139641,No
139642,No
139643,Yes
139644,No
139645,No
139646,Yes
139647,Yes
139648,No
139649,Yes
139650,Yes
139651,Yes
139652,No
139653,Yes
139654,Yes
139655,Yes
139656,No
139657,Yes
139658,No
139659,Yes
139660,Yes
139661,Yes
139662,Yes
139663,Yes
139664,Yes
139665,No
139666,Yes
139667,No
139668,Yes
139669,Yes
139670,No
139671,No
139672,No
139673,Yes
139674,Yes
139675,No
139676,Yes
139677,Yes
139678,Yes
139679,No
139680,Yes
139681,No
139682,Yes
139683,Yes
139684,Yes
139685,Yes
139686,Yes
139687,No
139688,No
139689,No
139690,No
139691,No
139692,No
139693,Yes
139694,No
139695,Yes
139696,Yes
139697,No
139698,No
139699,No
139700,Yes
139701,Yes
139702,Yes
139703,Yes
139704,No
139705,Yes
139706,Yes
139707,Yes
139708,No
139709,Yes
139710,Yes
139711,No
139712,No
139713,Yes
139714,No
139715,Yes
139716,No
139717,Yes
139718,Yes
139719,No
139720,Yes
139721,No
139722,Yes
139723,No
139724,Yes
139725,No
139726,Yes
139727,No
139728,No
139729,No
139730,Yes
139731,No
139732,Yes
139733,Yes
139734,Yes
139735,Yes
139736,Yes
139737,Yes
139738,No
139739,Yes
139740,Yes
139741,Yes
139742,Yes
139743,Yes
139744,Yes
139745,No
139746,Yes
139747,No
139748,Yes
139749,Yes
139750,No
139751,No
139752,Yes
139753,Yes
139754,No
139755,No
139756,No
139757,No
139758,No
139759,No
139760,Yes
139761,No
139762,No
139763,No
139764,No
139765,Yes
139766,Yes
139767,No
139768,No
139769,No
139770,Yes
139771,Yes
139772,Yes
139773,Yes
139774,No
139775,Yes
139776,Yes
139777,No
139778,No
139779,Yes
139780,Yes
139781,No
139782,No
139783,Yes
139784,Yes
139785,No
139786,No
139787,Yes
139788,No
139789,Yes
139790,No
139791,Yes
139792,Yes
139793,No
139794,No
139795,No
139796,Yes
139797,Yes
139798,Yes
139799,Yes
139800,No
139801,Yes
139802,Yes
139803,No
139804,No
139805,Yes
139806,No
139807,Yes
139808,Yes
139809,Yes
139810,Yes
139811,No
139812,Yes
139813,No
139814,Yes
139815,No
139816,No
139817,Yes
139818,No
139819,Yes
139820,No
139821,No
139822,No
139823,Yes
139824,Yes
139825,Yes
139826,No
139827,No
139828,No
139829,No
139830,Yes
139831,Yes
139832,No
139833,No
139834,No
139835,No
139836,No
139837,Yes
139838,Yes
139839,Yes
139840,Yes
139841,Yes
139842,Yes
139843,No
139844,Yes
139845,No
139846,Yes
139847,No
139848,No
139849,Yes
139850,No
139851,No
139852,Yes
139853,Yes
139854,No
139855,No
139856,No
139857,No
139858,Yes
139859,Yes
139860,No
139861,Yes
139862,Yes
139863,Yes
139864,No
139865,Yes
139866,Yes
139867,No
139868,Yes
139869,No
139870,Yes
139871,No
139872,Yes
139873,No
139874,Yes
139875,No
139876,No
139877,No
139878,No
139879,No
139880,No
139881,No
139882,Yes
139883,Yes
139884,No
139885,No
139886,No
139887,Yes
139888,Yes
139889,Yes
139890,Yes
139891,No
139892,Yes
139893,Yes
139894,Yes
139895,Yes
139896,Yes
139897,No
139898,Yes
139899,No
139900,Yes
139901,No
139902,Yes
139903,No
139904,No
139905,No
139906,No
139907,No
139908,Yes
139909,No
139910,Yes
139911,No
139912,Yes
139913,Yes
139914,No
139915,No
139916,Yes
139917,No
139918,Yes
139919,No
139920,Yes
139921,No
139922,No
139923,No
139924,No
139925,Yes
139926,No
139927,No
139928,Yes
139929,No
139930,Yes
139931,No
139932,Yes
139933,No
139934,No
139935,Yes
139936,No
139937,No
139938,No
139939,Yes
139940,Yes
139941,No
139942,No
139943,Yes
139944,Yes
139945,No
139946,No
139947,Yes
139948,No
139949,No
139950,Yes
139951,No
139952,No
139953,Yes
139954,No
139955,Yes
139956,No
139957,Yes
139958,Yes
139959,No
139960,Yes
139961,Yes
139962,Yes
139963,No
139964,Yes
139965,No
139966,Yes
139967,No
139968,Yes
139969,No
139970,No
139971,Yes
139972,Yes
139973,No
139974,No
139975,Yes
139976,No
139977,Yes
139978,No
139979,Yes
139980,No
139981,No
139982,Yes
139983,No
139984,No
139985,Yes
139986,Yes
139987,No
139988,Yes
139989,No
139990,No
139991,Yes
139992,No
139993,Yes
139994,No
139995,Yes
139996,No
139997,No
139998,Yes
139999,No
140000,Yes
140001,Yes
140002,Yes
140003,Yes
140004,Yes
140005,Yes
140006,Yes
140007,No
140008,Yes
140009,No
140010,Yes
140011,No
140012,Yes
140013,Yes
140014,Yes
140015,Yes
140016,Yes
140017,Yes
140018,No
140019,No
140020,No
140021,Yes
140022,No
140023,No
140024,Yes
140025,Yes
140026,Yes
140027,Yes
140028,Yes
140029,No
140030,No
140031,Yes
140032,Yes
140033,No
140034,Yes
140035,No
140036,Yes
140037,Yes
140038,Yes
140039,Yes
140040,Yes
140041,Yes
140042,No
140043,No
140044,Yes
140045,Yes
140046,No
140047,No
140048,Yes
140049,Yes
140050,No
140051,Yes
140052,Yes
140053,No
140054,No
140055,Yes
140056,No
140057,No
140058,Yes
140059,Yes
140060,No
140061,Yes
140062,No
140063,No
140064,No
140065,Yes
140066,Yes
140067,No
140068,No
140069,No
140070,Yes
140071,No
140072,No
140073,No
140074,No
140075,Yes
140076,Yes
140077,Yes
140078,No
140079,Yes
140080,No
140081,Yes
140082,Yes
140083,No
140084,No
140085,No
140086,Yes
140087,Yes
140088,Yes
140089,Yes
140090,Yes
140091,No
140092,Yes
140093,Yes
140094,No
140095,Yes
140096,Yes
140097,Yes
140098,Yes
140099,No
140100,Yes
140101,Yes
140102,No
140103,Yes
140104,Yes
140105,Yes
140106,No
140107,No
140108,Yes
140109,No
140110,No
140111,No
140112,No
140113,Yes
140114,No
140115,No
140116,Yes
140117,No
140118,Yes
140119,No
140120,No
140121,No
140122,No
140123,Yes
140124,Yes
140125,No
140126,No
140127,Yes
140128,Yes
140129,No
140130,Yes
140131,No
140132,No
140133,No
140134,Yes
140135,Yes
140136,Yes
140137,No
140138,Yes
140139,Yes
140140,Yes
140141,No
140142,No
140143,Yes
140144,No
140145,Yes
140146,No
140147,Yes
140148,No
140149,Yes
140150,Yes
140151,Yes
140152,Yes
140153,No
140154,Yes
140155,Yes
140156,Yes
140157,No
140158,Yes
140159,No
140160,Yes
140161,Yes
140162,Yes
140163,Yes
140164,No
140165,Yes
140166,No
140167,Yes
140168,Yes
140169,Yes
140170,Yes
140171,No
140172,No
140173,Yes
140174,Yes
140175,No
140176,Yes
140177,No
140178,No
140179,Yes
140180,No
140181,Yes
140182,No
140183,Yes
140184,No
140185,No
140186,Yes
140187,No
140188,Yes
140189,No
140190,Yes
140191,Yes
140192,No
140193,No
140194,Yes
140195,No
140196,Yes
140197,Yes
140198,No
140199,Yes
140200,Yes
140201,No
140202,Yes
140203,No
140204,No
140205,Yes
140206,No
140207,No
140208,No
140209,Yes
140210,Yes
140211,No
140212,Yes
140213,No
140214,Yes
140215,Yes
140216,Yes
140217,No
140218,Yes
140219,No
140220,No
140221,Yes
140222,Yes
140223,Yes
140224,Yes
140225,Yes
140226,Yes
140227,No
140228,Yes
140229,Yes
140230,No
140231,Yes
140232,Yes
140233,Yes
140234,Yes
140235,Yes
140236,Yes
140237,Yes
140238,Yes
140239,Yes
140240,No
140241,No
140242,No
140243,Yes
140244,Yes
140245,No
140246,Yes
140247,Yes
140248,No
140249,Yes
140250,No
140251,Yes
140252,No
140253,Yes
140254,Yes
140255,Yes
140256,Yes
140257,Yes
140258,Yes
140259,Yes
140260,Yes
140261,Yes
140262,Yes
140263,No
140264,Yes
140265,No
140266,Yes
140267,Yes
140268,Yes
140269,No
140270,Yes
140271,Yes
140272,Yes
140273,Yes
140274,No
140275,No
140276,No
140277,Yes
140278,No
140279,Yes
140280,Yes
140281,Yes
140282,Yes
140283,Yes
140284,No
140285,Yes
140286,No
140287,No
140288,Yes
140289,Yes
140290,No
140291,Yes
140292,No
140293,No
140294,No
140295,Yes
140296,No
140297,No
140298,Yes
140299,Yes
140300,Yes
140301,No
140302,Yes
140303,Yes
140304,Yes
140305,No
140306,Yes
140307,Yes
140308,Yes
140309,Yes
140310,Yes
140311,Yes
140312,Yes
140313,No
140314,No
140315,Yes
140316,Yes
140317,Yes
140318,No
140319,Yes
140320,Yes
140321,Yes
140322,Yes
140323,No
140324,No
140325,No
140326,Yes
140327,Yes
140328,Yes
140329,No
140330,Yes
140331,No
140332,No
140333,Yes
140334,No
140335,Yes
140336,Yes
140337,Yes
140338,Yes
140339,Yes
140340,No
140341,No
140342,No
140343,Yes
140344,No
140345,Yes
140346,Yes
140347,No
140348,Yes
140349,No
140350,Yes
140351,Yes
140352,Yes
140353,Yes
140354,No
140355,No
140356,Yes
140357,No
140358,No
140359,Yes
140360,Yes
140361,Yes
140362,No
140363,No
140364,Yes
140365,Yes
140366,No
140367,Yes
140368,No
140369,Yes
140370,No
140371,No
140372,Yes
140373,Yes
140374,Yes
140375,Yes
140376,Yes
140377,Yes
140378,No
140379,Yes
140380,No
140381,No
140382,Yes
140383,No
140384,No
140385,Yes
140386,Yes
140387,No
140388,No
140389,Yes
140390,No
140391,No
140392,Yes
140393,No
140394,No
140395,Yes
140396,No
140397,No
140398,No
140399,No
140400,Yes
140401,No
140402,Yes
140403,Yes
140404,Yes
140405,Yes
140406,No
140407,Yes
140408,No
140409,Yes
140410,Yes
140411,No
140412,Yes
140413,Yes
140414,No
140415,Yes
140416,No
140417,No
140418,Yes
140419,Yes
140420,No
140421,No
140422,Yes
140423,Yes
140424,No
140425,No
140426,No
140427,Yes
140428,Yes
140429,Yes
140430,Yes
140431,No
140432,Yes
140433,Yes
140434,Yes
140435,Yes
140436,No
140437,Yes
140438,No
140439,No
140440,Yes
140441,Yes
140442,No
140443,Yes
140444,No
140445,Yes
140446,Yes
140447,No
140448,Yes
140449,No
140450,Yes
140451,Yes
140452,No
140453,No
140454,Yes
140455,No
140456,Yes
140457,No
140458,Yes
140459,No
140460,No
140461,Yes
140462,Yes
140463,Yes
140464,Yes
140465,No
140466,Yes
140467,Yes
140468,Yes
140469,Yes
140470,Yes
140471,Yes
140472,Yes
140473,Yes
140474,No
140475,No
140476,Yes
140477,Yes
140478,Yes
140479,Yes
140480,Yes
140481,No
140482,Yes
140483,No
140484,Yes
140485,No
140486,Yes
140487,Yes
140488,No
140489,No
140490,Yes
140491,Yes
140492,No
140493,No
140494,Yes
140495,Yes
140496,No
140497,Yes
140498,No
140499,Yes
140500,Yes
140501,Yes
140502,No
140503,No
140504,Yes
140505,Yes
140506,Yes
140507,Yes
140508,Yes
140509,Yes
140510,Yes
140511,Yes
140512,No
140513,No
140514,Yes
140515,Yes
140516,Yes
140517,Yes
140518,No
140519,No
140520,Yes
140521,Yes
140522,Yes
140523,No
140524,Yes
140525,Yes
140526,No
140527,Yes
140528,Yes
140529,Yes
140530,No
140531,No
140532,No
140533,No
140534,Yes
140535,Yes
140536,No
140537,No
140538,No
140539,No
140540,Yes
140541,Yes
140542,No
140543,No
140544,No
140545,No
140546,No
140547,Yes
140548,Yes
140549,No
140550,Yes
140551,No
140552,Yes
140553,Yes
140554,No
140555,Yes
140556,Yes
140557,Yes
140558,Yes
140559,Yes
140560,No
140561,No
140562,No
140563,No
140564,Yes
140565,Yes
140566,Yes
140567,Yes
140568,No
140569,No
140570,No
140571,Yes
140572,No
140573,Yes
140574,No
140575,Yes
140576,No
140577,No
140578,Yes
140579,Yes
140580,No
140581,Yes
140582,Yes
140583,Yes
140584,No
140585,No
140586,No
140587,Yes
140588,No
140589,No
140590,Yes
140591,Yes
140592,No
140593,No
140594,Yes
140595,Yes
140596,No
140597,Yes
140598,Yes
140599,Yes
140600,Yes
140601,No
140602,No
140603,Yes
140604,No
140605,Yes
140606,Yes
140607,Yes
140608,Yes
140609,No
140610,Yes
140611,No
140612,Yes
140613,Yes
140614,No
140615,No
140616,No
140617,No
140618,Yes
140619,No
140620,Yes
140621,No
140622,No
140623,Yes
140624,Yes
140625,No
140626,No
140627,No
140628,Yes
140629,Yes
140630,Yes
140631,Yes
140632,No
140633,Yes
140634,Yes
140635,Yes
140636,No
140637,Yes
140638,No
140639,No
140640,No
140641,No
140642,No
140643,Yes
140644,Yes
140645,No
140646,Yes
140647,No
140648,Yes
140649,No
140650,Yes
140651,Yes
140652,No
140653,Yes
140654,Yes
140655,Yes
140656,No
140657,Yes
140658,Yes
140659,Yes
140660,No
140661,Yes
140662,Yes
140663,No
140664,No
140665,Yes
140666,Yes
140667,Yes
140668,No
140669,Yes
140670,No
140671,No
140672,No
140673,Yes
140674,No
140675,Yes
140676,No
140677,No
140678,No
140679,Yes
140680,No
140681,No
140682,Yes
140683,Yes
140684,No
140685,No
140686,No
140687,Yes
140688,No
140689,Yes
140690,Yes
140691,No
140692,Yes
140693,Yes
140694,Yes
140695,Yes
140696,Yes
140697,No
140698,No
140699,Yes
140700,No
140701,No
140702,Yes
140703,Yes
140704,Yes
140705,No
140706,Yes
140707,Yes
140708,Yes
140709,No
140710,No
140711,No
140712,No
140713,No
140714,No
140715,Yes
140716,Yes
140717,No
140718,Yes
140719,Yes
140720,Yes
140721,Yes
140722,Yes
140723,No
140724,No
140725,Yes
140726,Yes
140727,Yes
140728,No
140729,Yes
140730,Yes
140731,Yes
140732,No
140733,Yes
140734,No
140735,Yes
140736,Yes
140737,Yes
140738,Yes
140739,Yes
140740,Yes
140741,Yes
140742,Yes
140743,Yes
140744,No
140745,Yes
140746,Yes
140747,No
140748,No
140749,No
140750,Yes
140751,No
140752,No
140753,Yes
140754,No
140755,Yes
140756,Yes
140757,No
140758,Yes
140759,No
140760,Yes
140761,No
140762,Yes
140763,Yes
140764,No
140765,No
140766,Yes
140767,No
140768,Yes
140769,Yes
140770,Yes
140771,No
140772,No
140773,No
140774,No
140775,Yes
140776,Yes
140777,Yes
140778,No
140779,Yes
140780,Yes
140781,Yes
140782,Yes
140783,Yes
140784,Yes
140785,Yes
140786,Yes
140787,No
140788,No
140789,Yes
140790,Yes
140791,Yes
140792,Yes
140793,No
140794,No
140795,Yes
140796,No
140797,Yes
140798,Yes
140799,Yes
140800,Yes
140801,Yes
140802,Yes
140803,No
140804,Yes
140805,Yes
140806,No
140807,No
140808,No
140809,Yes
140810,No
140811,No
140812,Yes
140813,Yes
140814,No
140815,No
140816,No
140817,Yes
140818,No
140819,Yes
140820,Yes
140821,Yes
140822,Yes
140823,No
140824,No
140825,No
140826,No
140827,No
140828,No
140829,No
140830,No
140831,Yes
140832,Yes
140833,Yes
140834,No
140835,Yes
140836,Yes
140837,Yes
140838,Yes
140839,No
140840,No
140841,No
140842,No
140843,Yes
140844,Yes
140845,No
140846,Yes
140847,No
140848,No
140849,No
140850,No
140851,Yes
140852,No
140853,Yes
140854,Yes
140855,No
140856,Yes
140857,No
140858,Yes
140859,Yes
140860,No
140861,Yes
140862,Yes
140863,No
140864,No
140865,No
140866,Yes
140867,Yes
140868,Yes
140869,No
140870,Yes
140871,No
140872,Yes
140873,No
140874,Yes
140875,No
140876,Yes
140877,No
140878,No
140879,Yes
140880,No
140881,Yes
140882,Yes
140883,No
140884,Yes
140885,Yes
140886,Yes
140887,No
140888,Yes
140889,Yes
140890,No
140891,Yes
140892,No
140893,No
140894,No
140895,Yes
140896,Yes
140897,No
140898,Yes
140899,Yes
140900,Yes
140901,No
140902,No
140903,Yes
140904,No
140905,No
140906,Yes
140907,No
140908,Yes
140909,Yes
140910,No
140911,No
140912,Yes
140913,Yes
140914,No
140915,No
140916,Yes
140917,Yes
140918,Yes
140919,Yes
140920,Yes
140921,No
140922,No
140923,No
140924,Yes
140925,Yes
140926,Yes
140927,Yes
140928,No
140929,Yes
140930,No
140931,Yes
140932,No
140933,Yes
140934,Yes
140935,No
140936,Yes
140937,No
140938,Yes
140939,No
140940,No
140941,Yes
140942,Yes
140943,Yes
140944,Yes
140945,No
140946,Yes
140947,Yes
140948,No
140949,Yes
140950,Yes
140951,Yes
140952,Yes
140953,No
140954,No
140955,No
140956,No
140957,No
140958,Yes
140959,No
140960,Yes
140961,Yes
140962,Yes
140963,Yes
140964,Yes
140965,Yes
140966,No
140967,Yes
140968,Yes
140969,Yes
140970,No
140971,No
140972,No
140973,No
140974,No
140975,No
140976,Yes
140977,Yes
140978,Yes
140979,No
140980,Yes
140981,Yes
140982,Yes
140983,Yes
140984,No
140985,Yes
140986,Yes
140987,Yes
140988,No
140989,Yes
140990,No
140991,Yes
140992,Yes
140993,No
140994,Yes
140995,Yes
140996,No
140997,Yes
140998,No
140999,Yes
141000,Yes
141001,Yes
141002,No
141003,Yes
141004,Yes
141005,Yes
141006,No
141007,Yes
141008,Yes
141009,Yes
141010,No
141011,Yes
141012,Yes
141013,Yes
141014,Yes
141015,Yes
141016,No
141017,No
141018,No
141019,Yes
141020,No
141021,Yes
141022,No
141023,Yes
141024,Yes
141025,No
141026,No
141027,No
141028,No
141029,Yes
141030,Yes
141031,Yes
141032,No
141033,No
141034,Yes
141035,Yes
141036,Yes
141037,No
141038,No
141039,Yes
141040,No
141041,No
141042,Yes
141043,Yes
141044,Yes
141045,Yes
141046,Yes
141047,No
141048,Yes
141049,No
141050,No
141051,Yes
141052,Yes
141053,Yes
141054,Yes
141055,Yes
141056,Yes
141057,No
141058,Yes
141059,Yes
141060,No
141061,No
141062,Yes
141063,Yes
141064,No
141065,No
141066,Yes
141067,No
141068,Yes
141069,Yes
141070,Yes
141071,No
141072,No
141073,Yes
141074,Yes
141075,Yes
141076,Yes
141077,No
141078,No
141079,No
141080,No
141081,Yes
141082,Yes
141083,Yes
141084,No
141085,No
141086,Yes
141087,Yes
141088,Yes
141089,No
141090,No
141091,Yes
141092,No
141093,Yes
141094,Yes
141095,No
141096,Yes
141097,No
141098,No
141099,Yes
141100,Yes
141101,Yes
141102,No
141103,No
141104,No
141105,Yes
141106,Yes
141107,Yes
141108,Yes
141109,Yes
141110,Yes
141111,No
141112,Yes
141113,No
141114,Yes
141115,Yes
141116,Yes
141117,Yes
141118,Yes
141119,Yes
141120,Yes
141121,No
141122,No
141123,Yes
141124,Yes
141125,No
141126,Yes
141127,Yes
141128,Yes
141129,Yes
141130,No
141131,No
141132,No
141133,Yes
141134,Yes
141135,Yes
141136,No
141137,No
141138,No
141139,Yes
141140,Yes
141141,No
141142,No
141143,Yes
141144,Yes
141145,Yes
141146,Yes
141147,No
141148,No
141149,No
141150,Yes
141151,No
141152,Yes
141153,Yes
141154,Yes
141155,Yes
141156,No
141157,No
141158,Yes
141159,No
141160,Yes
141161,Yes
141162,No
141163,Yes
141164,Yes
141165,Yes
141166,No
141167,No
141168,Yes
141169,No
141170,Yes
141171,No
141172,Yes
141173,Yes
141174,No
141175,Yes
141176,No
141177,Yes
141178,Yes
141179,Yes
141180,No
141181,Yes
141182,No
141183,No
141184,Yes
141185,Yes
141186,No
141187,No
141188,Yes
141189,No
141190,No
141191,Yes
141192,Yes
141193,Yes
141194,No
141195,Yes
141196,Yes
141197,No
141198,Yes
141199,Yes
141200,Yes
141201,No
141202,No
141203,Yes
141204,No
141205,No
141206,No
141207,No
141208,Yes
141209,No
141210,Yes
141211,Yes
141212,No
141213,No
141214,Yes
141215,Yes
141216,No
141217,No
141218,No
141219,Yes
141220,No
141221,Yes
141222,Yes
141223,Yes
141224,No
141225,Yes
141226,No
141227,No
141228,No
141229,No
141230,Yes
141231,No
141232,No
141233,No
141234,Yes
141235,Yes
141236,Yes
141237,Yes
141238,Yes
141239,Yes
141240,Yes
141241,No
141242,Yes
141243,No
141244,No
141245,No
141246,No
141247,No
141248,No
141249,No
141250,Yes
141251,No
141252,No
141253,Yes
141254,No
141255,Yes
141256,Yes
141257,Yes
141258,Yes
141259,Yes
141260,Yes
141261,No
141262,Yes
141263,Yes
141264,No
141265,Yes
141266,No
141267,No
141268,Yes
141269,No
141270,No
141271,Yes
141272,Yes
141273,Yes
141274,Yes
141275,No
141276,No
141277,No
141278,No
141279,No
141280,No
141281,Yes
141282,Yes
141283,No
141284,No
141285,No
141286,No
141287,No
141288,No
141289,Yes
141290,Yes
141291,Yes
141292,Yes
141293,No
141294,No
141295,No
141296,Yes
141297,No
141298,Yes
141299,No
141300,Yes
141301,Yes
141302,Yes
141303,No
141304,Yes
141305,Yes
141306,Yes
141307,Yes
141308,Yes
141309,No
141310,Yes
141311,Yes
141312,Yes
141313,Yes
141314,No
141315,Yes
141316,No
141317,Yes
141318,Yes
141319,Yes
141320,Yes
141321,No
141322,Yes
141323,No
141324,Yes
141325,Yes
141326,No
141327,No
141328,No
141329,No
141330,Yes
141331,Yes
141332,Yes
141333,Yes
141334,No
141335,Yes
141336,Yes
141337,Yes
141338,No
141339,Yes
141340,No
141341,No
141342,No
141343,No
141344,No
141345,No
141346,No
141347,Yes
141348,Yes
141349,No
141350,No
141351,No
141352,No
141353,No
141354,Yes
141355,No
141356,No
141357,Yes
141358,No
141359,No
141360,No
141361,No
141362,Yes
141363,No
141364,Yes
141365,No
141366,No
141367,Yes
141368,Yes
141369,Yes
141370,Yes
141371,Yes
141372,Yes
141373,No
141374,No
141375,Yes
141376,No
141377,Yes
141378,No
141379,No
141380,Yes
141381,No
141382,Yes
141383,Yes
141384,Yes
141385,Yes
141386,No
141387,Yes
141388,No
141389,Yes
141390,Yes
141391,Yes
141392,Yes
141393,Yes
141394,Yes
141395,No
141396,No
141397,Yes
141398,Yes
141399,Yes
141400,No
141401,No
141402,No
141403,Yes
141404,No
141405,No
141406,Yes
141407,Yes
141408,No
141409,No
141410,No
141411,No
141412,Yes
141413,No
141414,No
141415,Yes
141416,No
141417,No
141418,Yes
141419,Yes
141420,Yes
141421,Yes
141422,Yes
141423,No
141424,No
141425,No
141426,Yes
141427,Yes
141428,Yes
141429,No
141430,No
141431,Yes
141432,No
141433,Yes
141434,No
141435,No
141436,Yes
141437,No
141438,Yes
141439,Yes
141440,Yes
141441,Yes
141442,Yes
141443,No
141444,No
141445,No
141446,Yes
141447,Yes
141448,No
141449,Yes
141450,Yes
141451,Yes
141452,No
141453,Yes
141454,No
141455,Yes
141456,Yes
141457,No
141458,Yes
141459,No
141460,Yes
141461,Yes
141462,Yes
141463,No
141464,No
141465,No
141466,Yes
141467,Yes
141468,No
141469,No
141470,No
141471,No
141472,Yes
141473,Yes
141474,No
141475,Yes
141476,No
141477,No
141478,No
141479,No
141480,Yes
141481,Yes
141482,Yes
141483,No
141484,No
141485,Yes
141486,Yes
141487,Yes
141488,No
141489,Yes
141490,No
141491,Yes
141492,No
141493,Yes
141494,Yes
141495,No
141496,No
141497,Yes
141498,Yes
141499,Yes
141500,Yes
141501,No
141502,Yes
141503,Yes
141504,Yes
141505,Yes
141506,No
141507,No
141508,Yes
141509,No
141510,Yes
141511,Yes
141512,Yes
141513,Yes
141514,Yes
141515,No
141516,Yes
141517,Yes
141518,Yes
141519,No
141520,Yes
141521,Yes
141522,No
141523,No
141524,No
141525,No
141526,No
141527,Yes
141528,No
141529,Yes
141530,Yes
141531,Yes
141532,Yes
141533,Yes
141534,No
141535,Yes
141536,No
141537,No
141538,Yes
141539,No
141540,Yes
141541,Yes
141542,Yes
141543,No
141544,No
141545,No
141546,Yes
141547,Yes
141548,No
141549,Yes
141550,Yes
141551,No
141552,Yes
141553,Yes
141554,No
141555,Yes
141556,Yes
141557,No
141558,Yes
141559,No
141560,No
141561,Yes
141562,Yes
141563,Yes
141564,Yes
141565,Yes
141566,Yes
141567,No
141568,No
141569,No
141570,Yes
141571,Yes
141572,No
141573,Yes
141574,Yes
141575,No
141576,No
141577,No
141578,No
141579,Yes
141580,Yes
141581,Yes
141582,Yes
141583,Yes
141584,Yes
141585,No
141586,No
141587,Yes
141588,No
141589,Yes
141590,No
141591,Yes
141592,Yes
141593,No
141594,Yes
141595,Yes
141596,Yes
141597,Yes
141598,Yes
141599,Yes
141600,Yes
141601,Yes
141602,Yes
141603,Yes
141604,Yes
141605,Yes
141606,No
141607,No
141608,No
141609,Yes
141610,Yes
141611,Yes
141612,No
141613,No
141614,No
141615,No
141616,Yes
141617,No
141618,Yes
141619,No
141620,No
141621,No
141622,No
141623,Yes
141624,No
141625,No
141626,Yes
141627,Yes
141628,Yes
141629,Yes
141630,No
141631,Yes
141632,Yes
141633,No
141634,No
141635,Yes
141636,Yes
141637,Yes
141638,No
141639,Yes
141640,No
141641,No
141642,Yes
141643,No
141644,Yes
141645,Yes
141646,No
141647,Yes
141648,No
141649,No
141650,No
141651,No
141652,No
141653,No
141654,Yes
141655,Yes
141656,Yes
141657,Yes
141658,Yes
141659,No
141660,No
141661,Yes
141662,No
141663,No
141664,No
141665,Yes
141666,No
141667,Yes
141668,No
141669,No
141670,Yes
141671,No
141672,No
141673,Yes
141674,Yes
141675,Yes
141676,Yes
141677,No
141678,Yes
141679,Yes
141680,Yes
141681,Yes
141682,No
141683,No
141684,No
141685,Yes
141686,Yes
141687,Yes
141688,Yes
141689,No
141690,Yes
141691,Yes
141692,Yes
141693,Yes
141694,No
141695,Yes
141696,Yes
141697,Yes
141698,Yes
141699,No
141700,Yes
141701,No
141702,Yes
141703,Yes
141704,Yes
141705,Yes
141706,Yes
141707,No
141708,Yes
141709,Yes
141710,No
141711,No
141712,No
141713,No
141714,Yes
141715,Yes
141716,Yes
141717,Yes
141718,Yes
141719,No
141720,Yes
141721,No
141722,No
141723,No
141724,Yes
141725,No
141726,No
141727,No
141728,Yes
141729,No
141730,No
141731,Yes
141732,Yes
141733,Yes
141734,Yes
141735,Yes
141736,No
141737,Yes
141738,No
141739,Yes
141740,No
141741,Yes
141742,No
141743,Yes
141744,Yes
141745,No
141746,No
141747,Yes
141748,Yes
141749,Yes
141750,No
141751,Yes
141752,Yes
141753,No
141754,No
141755,Yes
141756,Yes
141757,Yes
141758,Yes
141759,Yes
141760,No
141761,No
141762,Yes
141763,No
141764,No
141765,Yes
141766,Yes
141767,No
141768,No
141769,Yes
141770,No
141771,No
141772,No
141773,Yes
141774,No
141775,Yes
141776,Yes
141777,No
141778,Yes
141779,No
141780,No
141781,Yes
141782,No
141783,Yes
141784,Yes
141785,Yes
141786,Yes
141787,No
141788,Yes
141789,Yes
141790,No
141791,Yes
141792,No
141793,Yes
141794,Yes
141795,Yes
141796,No
141797,Yes
141798,Yes
141799,No
141800,Yes
141801,No
141802,Yes
141803,Yes
141804,No
141805,No
141806,No
141807,Yes
141808,No
141809,No
141810,Yes
141811,Yes
141812,No
141813,No
141814,Yes
141815,Yes
141816,No
141817,Yes
141818,Yes
141819,No
141820,Yes
141821,Yes
141822,Yes
141823,Yes
141824,Yes
141825,No
141826,No
141827,No
141828,Yes
141829,Yes
141830,Yes
141831,Yes
141832,Yes
141833,No
141834,Yes
141835,No
141836,Yes
141837,Yes
141838,No
141839,No
141840,No
141841,Yes
141842,Yes
141843,No
141844,No
141845,No
141846,Yes
141847,No
141848,Yes
141849,Yes
141850,Yes
141851,No
141852,Yes
141853,No
141854,No
141855,Yes
141856,No
141857,Yes
141858,Yes
141859,Yes
141860,No
141861,Yes
141862,No
141863,Yes
141864,Yes
141865,Yes
141866,No
141867,Yes
141868,Yes
141869,Yes
141870,Yes
141871,Yes
141872,Yes
141873,No
141874,Yes
141875,No
141876,No
141877,Yes
141878,No
141879,Yes
141880,Yes
141881,Yes
141882,Yes
141883,Yes
141884,No
141885,Yes
141886,No
141887,Yes
141888,Yes
141889,No
141890,Yes
141891,No
141892,No
141893,Yes
141894,Yes
141895,Yes
141896,Yes
141897,Yes
141898,Yes
141899,Yes
141900,Yes
141901,Yes
141902,Yes
141903,Yes
141904,No
141905,Yes
141906,No
141907,Yes
141908,Yes
141909,No
141910,No
141911,No
141912,No
141913,Yes
141914,Yes
141915,Yes
141916,Yes
141917,Yes
141918,No
141919,Yes
141920,Yes
141921,Yes
141922,Yes
141923,Yes
141924,Yes
141925,Yes
141926,Yes
141927,Yes
141928,Yes
141929,Yes
141930,No
141931,No
141932,Yes
141933,Yes
141934,No
141935,Yes
141936,No
141937,Yes
141938,No
141939,No
141940,No
141941,No
141942,Yes
141943,Yes
141944,No
141945,No
141946,No
141947,No
141948,Yes
141949,Yes
141950,No
141951,Yes
141952,Yes
141953,Yes
141954,Yes
141955,No
141956,Yes
141957,Yes
141958,Yes
141959,No
141960,No
141961,Yes
141962,Yes
141963,Yes
141964,Yes
141965,No
141966,Yes
141967,No
141968,Yes
141969,No
141970,No
141971,Yes
141972,Yes
141973,No
141974,No
141975,Yes
141976,No
141977,No
141978,Yes
141979,Yes
141980,Yes
141981,Yes
141982,Yes
141983,Yes
141984,No
141985,No
141986,Yes
141987,No
141988,No
141989,No
141990,No
141991,No
141992,Yes
141993,No
141994,Yes
141995,Yes
141996,Yes
141997,No
141998,Yes
141999,No
142000,Yes
142001,Yes
142002,Yes
142003,No
142004,No
142005,No
142006,No
142007,Yes
142008,No
142009,No
142010,Yes
142011,Yes
142012,No
142013,No
142014,Yes
142015,Yes
142016,Yes
142017,Yes
142018,Yes
142019,Yes
142020,Yes
142021,No
142022,Yes
142023,No
142024,Yes
142025,No
142026,No
142027,No
142028,No
142029,No
142030,Yes
142031,No
142032,No
142033,Yes
142034,Yes
142035,Yes
142036,No
142037,Yes
142038,No
142039,Yes
142040,Yes
142041,No
142042,Yes
142043,No
142044,Yes
142045,No
142046,Yes
142047,No
142048,No
142049,Yes
142050,No
142051,No
142052,Yes
142053,No
142054,No
142055,Yes
142056,Yes
142057,Yes
142058,Yes
142059,Yes
142060,Yes
142061,Yes
142062,No
142063,No
142064,Yes
142065,No
142066,No
142067,Yes
142068,Yes
142069,No
142070,Yes
142071,No
142072,Yes
142073,Yes
142074,Yes
142075,Yes
142076,Yes
142077,No
142078,Yes
142079,No
142080,Yes
142081,Yes
142082,No
142083,No
142084,No
142085,No
142086,Yes
142087,Yes
142088,Yes
142089,Yes
142090,No
142091,Yes
142092,Yes
142093,No
142094,Yes
142095,Yes
142096,No
142097,No
142098,Yes
142099,No
142100,Yes
142101,Yes
142102,Yes
142103,Yes
142104,No
142105,No
142106,No
142107,Yes
142108,Yes
142109,No
142110,Yes
142111,No
142112,No
142113,Yes
142114,Yes
142115,Yes
142116,Yes
142117,Yes
142118,No
142119,No
142120,Yes
142121,Yes
142122,Yes
142123,No
142124,No
142125,Yes
142126,Yes
142127,Yes
142128,No
142129,No
142130,Yes
142131,Yes
142132,No
142133,Yes
142134,Yes
142135,Yes
142136,No
142137,No
142138,Yes
142139,No
142140,No
142141,Yes
142142,No
142143,Yes
142144,Yes
142145,Yes
142146,Yes
142147,No
142148,No
142149,Yes
142150,Yes
142151,Yes
142152,Yes
142153,No
142154,No
142155,Yes
142156,No
142157,No
142158,Yes
142159,Yes
142160,Yes
142161,Yes
142162,Yes
142163,No
142164,Yes
142165,Yes
142166,Yes
142167,Yes
142168,Yes
142169,No
142170,No
142171,Yes
142172,Yes
142173,No
142174,Yes
142175,Yes
142176,Yes
142177,Yes
142178,No
142179,No
142180,Yes
142181,Yes
142182,No
142183,No
142184,Yes
142185,No
142186,No
142187,Yes
142188,No
142189,No
142190,Yes
142191,Yes
142192,Yes
142193,Yes
142194,Yes
142195,Yes
142196,Yes
142197,Yes
142198,Yes
142199,No
142200,Yes
142201,No
142202,No
142203,Yes
142204,Yes
142205,Yes
142206,No
142207,No
142208,No
142209,Yes
142210,No
142211,Yes
142212,No
142213,Yes
142214,No
142215,Yes
142216,No
142217,No
142218,Yes
142219,Yes
142220,No
142221,Yes
142222,Yes
142223,No
142224,Yes
142225,Yes
142226,No
142227,No
142228,No
142229,Yes
142230,No
142231,Yes
142232,No
142233,No
142234,No
142235,No
142236,No
142237,Yes
142238,Yes
142239,No
142240,No
142241,No
142242,Yes
142243,Yes
142244,Yes
142245,Yes
142246,Yes
142247,No
142248,Yes
142249,Yes
142250,No
142251,No
142252,Yes
142253,No
142254,Yes
142255,No
142256,Yes
142257,Yes
142258,No
142259,No
142260,No
142261,Yes
142262,No
142263,Yes
142264,Yes
142265,No
142266,Yes
142267,Yes
142268,No
142269,Yes
142270,No
142271,Yes
142272,No
142273,Yes
142274,Yes
142275,No
142276,No
142277,Yes
142278,Yes
142279,Yes
142280,Yes
142281,Yes
142282,Yes
142283,Yes
142284,No
142285,No
142286,Yes
142287,Yes
142288,Yes
142289,Yes
142290,No
142291,No
142292,Yes
142293,No
142294,Yes
142295,No
142296,Yes
142297,Yes
142298,Yes
142299,Yes
142300,No
142301,No
142302,Yes
142303,Yes
142304,Yes
142305,No
142306,Yes
142307,Yes
142308,Yes
142309,Yes
142310,Yes
142311,No
142312,No
142313,No
142314,Yes
142315,Yes
142316,Yes
142317,Yes
142318,No
142319,Yes
142320,No
142321,Yes
142322,Yes
142323,No
142324,No
142325,No
142326,Yes
142327,Yes
142328,Yes
142329,No
142330,Yes
142331,Yes
142332,Yes
142333,Yes
142334,Yes
142335,Yes
142336,Yes
142337,Yes
142338,No
142339,Yes
142340,No
142341,No
142342,No
142343,No
142344,No
142345,No
142346,Yes
142347,Yes
142348,Yes
142349,Yes
142350,Yes
142351,Yes
142352,Yes
142353,No
142354,Yes
142355,No
142356,No
142357,No
142358,No
142359,No
142360,Yes
142361,No
142362,Yes
142363,Yes
142364,Yes
142365,No
142366,Yes
142367,No
142368,Yes
142369,No
142370,Yes
142371,Yes
142372,No
142373,Yes
142374,No
142375,No
142376,Yes
142377,Yes
142378,Yes
142379,No
142380,Yes
142381,Yes
142382,Yes
142383,Yes
142384,No
142385,Yes
142386,Yes
142387,Yes
142388,No
142389,No
142390,Yes
142391,No
142392,No
142393,Yes
142394,Yes
142395,Yes
142396,Yes
142397,Yes
142398,Yes
142399,Yes
142400,Yes
142401,No
142402,Yes
142403,Yes
142404,Yes
142405,Yes
142406,No
142407,No
142408,Yes
142409,No
142410,Yes
142411,Yes
142412,No
142413,No
142414,No
142415,No
142416,Yes
142417,No
142418,Yes
142419,No
142420,No
142421,Yes
142422,No
142423,Yes
142424,No
142425,No
142426,Yes
142427,No
142428,No
142429,Yes
142430,No
142431,No
142432,Yes
142433,Yes
142434,Yes
142435,Yes
142436,No
142437,Yes
142438,Yes
142439,Yes
142440,Yes
142441,No
142442,No
142443,Yes
142444,Yes
142445,Yes
142446,Yes
142447,No
142448,Yes
142449,No
142450,No
142451,No
142452,Yes
142453,No
142454,Yes
142455,No
142456,Yes
142457,Yes
142458,Yes
142459,No
142460,No
142461,Yes
142462,Yes
142463,No
142464,Yes
142465,Yes
142466,Yes
142467,Yes
142468,No
142469,Yes
142470,No
142471,No
142472,No
142473,Yes
142474,No
142475,Yes
142476,Yes
142477,No
142478,No
142479,No
142480,Yes
142481,Yes
142482,No
142483,Yes
142484,Yes
142485,No
142486,Yes
142487,No
142488,Yes
142489,Yes
142490,No
142491,No
142492,No
142493,No
142494,Yes
142495,Yes
142496,Yes
142497,Yes
142498,No
142499,Yes
142500,Yes
142501,No
142502,Yes
142503,Yes
142504,No
142505,No
142506,No
142507,Yes
142508,Yes
142509,No
142510,Yes
142511,Yes
142512,Yes
142513,Yes
142514,Yes
142515,No
142516,No
142517,No
142518,Yes
142519,No
142520,No
142521,No
142522,No
142523,No
142524,Yes
142525,No
142526,Yes
142527,No
142528,No
142529,Yes
142530,Yes
142531,No
142532,Yes
142533,No
142534,No
142535,No
142536,No
142537,Yes
142538,No
142539,Yes
142540,Yes
142541,Yes
142542,No
142543,No
142544,No
142545,Yes
142546,Yes
142547,Yes
142548,No
142549,No
142550,No
142551,No
142552,Yes
142553,No
142554,Yes
142555,No
142556,No
142557,No
142558,Yes
142559,Yes
142560,Yes
142561,Yes
142562,No
142563,No
142564,Yes
142565,No
142566,Yes
142567,No
142568,No
142569,Yes
142570,Yes
142571,Yes
142572,Yes
142573,No
142574,Yes
142575,Yes
142576,No
142577,No
142578,Yes
142579,No
142580,Yes
142581,Yes
142582,No
142583,No
142584,No
142585,Yes
142586,Yes
142587,No
142588,Yes
142589,No
142590,No
142591,Yes
142592,Yes
142593,No
142594,Yes
142595,No
142596,Yes
142597,No
142598,Yes
142599,Yes
142600,Yes
142601,Yes
142602,Yes
142603,Yes
142604,Yes
142605,Yes
142606,No
142607,No
142608,No
142609,Yes
142610,Yes
142611,Yes
142612,Yes
142613,No
142614,No
142615,Yes
142616,Yes
142617,No
142618,No
142619,No
142620,Yes
142621,Yes
142622,Yes
142623,No
142624,Yes
142625,No
142626,Yes
142627,No
142628,Yes
142629,Yes
142630,No
142631,No
142632,Yes
142633,No
142634,Yes
142635,No
142636,No
142637,Yes
142638,Yes
142639,Yes
142640,Yes
142641,Yes
142642,No
142643,Yes
142644,Yes
142645,Yes
142646,No
142647,Yes
142648,No
142649,Yes
142650,Yes
142651,Yes
142652,Yes
142653,No
142654,Yes
142655,Yes
142656,No
142657,Yes
142658,Yes
142659,Yes
142660,Yes
142661,No
142662,Yes
142663,Yes
142664,Yes
142665,No
142666,Yes
142667,No
142668,Yes
142669,Yes
142670,Yes
142671,No
142672,Yes
142673,Yes
142674,Yes
142675,Yes
142676,No
142677,No
142678,No
142679,Yes
142680,No
142681,Yes
142682,Yes
142683,No
142684,No
142685,No
142686,Yes
142687,Yes
142688,No
142689,Yes
142690,Yes
142691,Yes
142692,No
142693,Yes
142694,Yes
142695,Yes
142696,No
142697,Yes
142698,Yes
142699,No
142700,No
142701,No
142702,Yes
142703,Yes
142704,Yes
142705,No
142706,No
142707,No
142708,No
142709,Yes
142710,No
142711,No
142712,Yes
142713,No
142714,Yes
142715,Yes
142716,Yes
142717,Yes
142718,No
142719,No
142720,No
142721,No
142722,No
142723,Yes
142724,No
142725,No
142726,Yes
142727,Yes
142728,Yes
142729,No
142730,No
142731,Yes
142732,Yes
142733,No
142734,Yes
142735,No
142736,Yes
142737,No
142738,No
142739,No
142740,No
142741,Yes
142742,No
142743,No
142744,Yes
142745,No
142746,Yes
142747,No
142748,Yes
142749,Yes
142750,Yes
142751,No
142752,Yes
142753,Yes
142754,Yes
142755,Yes
142756,No
142757,Yes
142758,Yes
142759,Yes
142760,Yes
142761,No
142762,No
142763,Yes
142764,No
142765,Yes
142766,No
142767,Yes
142768,No
142769,Yes
142770,No
142771,No
142772,Yes
142773,Yes
142774,No
142775,Yes
142776,Yes
142777,No
142778,No
142779,Yes
142780,Yes
142781,Yes
142782,Yes
142783,No
142784,Yes
142785,No
142786,Yes
142787,Yes
142788,Yes
142789,Yes
142790,Yes
142791,No
142792,Yes
142793,Yes
142794,No
142795,Yes
142796,No
142797,Yes
142798,Yes
142799,Yes
142800,No
142801,No
142802,No
142803,No
142804,No
142805,Yes
142806,Yes
142807,Yes
142808,Yes
142809,No
142810,No
142811,No
142812,Yes
142813,No
142814,No
142815,No
142816,No
142817,No
142818,No
142819,No
142820,No
142821,Yes
142822,No
142823,Yes
142824,No
142825,Yes
142826,Yes
142827,Yes
142828,Yes
142829,No
142830,Yes
142831,Yes
142832,No
142833,Yes
142834,No
142835,No
142836,Yes
142837,No
142838,Yes
142839,Yes
142840,No
142841,Yes
142842,Yes
142843,No
142844,Yes
142845,No
142846,Yes
142847,Yes
142848,No
142849,Yes
142850,No
142851,Yes
142852,Yes
142853,No
142854,No
142855,Yes
142856,Yes
142857,Yes
142858,No
142859,Yes
142860,No
142861,Yes
142862,No
142863,Yes
142864,No
142865,Yes
142866,Yes
142867,Yes
142868,No
142869,Yes
142870,No
142871,Yes
142872,No
142873,No
142874,No
142875,No
142876,No
142877,Yes
142878,No
142879,Yes
142880,Yes
142881,Yes
142882,Yes
142883,Yes
142884,Yes
142885,Yes
142886,Yes
142887,No
142888,No
142889,No
142890,No
142891,No
142892,Yes
142893,No
142894,No
142895,No
142896,Yes
142897,No
142898,No
142899,Yes
142900,Yes
142901,Yes
142902,Yes
142903,Yes
142904,Yes
142905,No
142906,Yes
142907,Yes
142908,No
142909,Yes
142910,No
142911,Yes
142912,Yes
142913,Yes
142914,Yes
142915,Yes
142916,No
142917,Yes
142918,No
142919,No
142920,Yes
142921,Yes
142922,Yes
142923,Yes
142924,Yes
142925,Yes
142926,No
142927,No
142928,Yes
142929,No
142930,Yes
142931,No
142932,No
142933,No
142934,Yes
142935,Yes
142936,Yes
142937,No
142938,No
142939,Yes
142940,Yes
142941,Yes
142942,No
142943,Yes
142944,Yes
142945,Yes
142946,Yes
142947,No
142948,No
142949,Yes
142950,Yes
142951,Yes
142952,No
142953,Yes
142954,Yes
142955,Yes
142956,Yes
142957,Yes
142958,No
142959,Yes
142960,No
142961,Yes
142962,Yes
142963,Yes
142964,Yes
142965,Yes
142966,No
142967,Yes
142968,No
142969,Yes
142970,No
142971,No
142972,Yes
142973,Yes
142974,No
142975,Yes
142976,No
142977,Yes
142978,Yes
142979,Yes
142980,No
142981,Yes
142982,Yes
142983,No
142984,Yes
142985,No
142986,Yes
142987,No
142988,No
142989,Yes
142990,No
142991,Yes
142992,Yes
142993,Yes
142994,Yes
142995,Yes
142996,Yes
142997,Yes
142998,No
142999,Yes
143000,Yes
143001,No
143002,No
143003,Yes
143004,Yes
143005,Yes
143006,Yes
143007,Yes
143008,No
143009,No
143010,Yes
143011,No
143012,No
143013,No
143014,No
143015,Yes
143016,Yes
143017,No
143018,No
143019,No
143020,Yes
143021,Yes
143022,Yes
143023,No
143024,Yes
143025,No
143026,Yes
143027,No
143028,No
143029,No
143030,Yes
143031,Yes
143032,Yes
143033,No
143034,Yes
143035,No
143036,No
143037,No
143038,No
143039,Yes
143040,Yes
143041,Yes
143042,Yes
143043,Yes
143044,No
143045,No
143046,Yes
143047,No
143048,Yes
143049,Yes
143050,Yes
143051,No
143052,No
143053,No
143054,No
143055,No
143056,Yes
143057,Yes
143058,No
143059,No
143060,No
143061,Yes
143062,No
143063,Yes
143064,Yes
143065,No
143066,No
143067,Yes
143068,Yes
143069,No
143070,Yes
143071,Yes
143072,Yes
143073,Yes
143074,No
143075,No
143076,No
143077,No
143078,No
143079,No
143080,No
143081,Yes
143082,Yes
143083,Yes
143084,No
143085,Yes
143086,No
143087,Yes
143088,No
143089,No
143090,No
143091,No
143092,No
143093,No
143094,No
143095,Yes
143096,No
143097,Yes
143098,Yes
143099,Yes
143100,No
143101,No
143102,No
143103,No
143104,Yes
143105,Yes
143106,Yes
143107,No
143108,Yes
143109,Yes
143110,No
143111,No
143112,No
143113,No
143114,Yes
143115,No
143116,No
143117,No
143118,Yes
143119,No
143120,No
143121,No
143122,No
143123,No
143124,Yes
143125,Yes
143126,Yes
143127,No
143128,Yes
143129,No
143130,Yes
143131,Yes
143132,Yes
143133,No
143134,No
143135,Yes
143136,No
143137,Yes
143138,No
143139,No
143140,No
143141,Yes
143142,Yes
143143,No
143144,Yes
143145,No
143146,No
143147,Yes
143148,No
143149,No
143150,Yes
143151,Yes
143152,Yes
143153,Yes
143154,Yes
143155,No
143156,No
143157,No
143158,No
143159,No
143160,Yes
143161,No
143162,Yes
143163,Yes
143164,Yes
143165,Yes
143166,No
143167,No
143168,No
143169,Yes
143170,No
143171,No
143172,No
143173,No
143174,Yes
143175,Yes
143176,No
143177,Yes
143178,Yes
143179,No
143180,No
143181,No
143182,Yes
143183,Yes
143184,No
143185,No
143186,Yes
143187,No
143188,Yes
143189,Yes
143190,Yes
143191,No
143192,Yes
143193,No
143194,Yes
143195,No
143196,No
143197,No
143198,Yes
143199,No
143200,Yes
143201,No
143202,No
143203,Yes
143204,Yes
143205,Yes
143206,Yes
143207,No
143208,Yes
143209,Yes
143210,Yes
143211,No
143212,No
143213,Yes
143214,No
143215,Yes
143216,No
143217,No
143218,No
143219,No
143220,Yes
143221,No
143222,Yes
143223,Yes
143224,Yes
143225,Yes
143226,Yes
143227,Yes
143228,Yes
143229,No
143230,Yes
143231,No
143232,No
143233,Yes
143234,No
143235,Yes
143236,No
143237,No
143238,Yes
143239,Yes
143240,No
143241,Yes
143242,Yes
143243,No
143244,No
143245,No
143246,Yes
143247,Yes
143248,Yes
143249,No
143250,No
143251,Yes
143252,No
143253,Yes
143254,No
143255,Yes
143256,No
143257,Yes
143258,No
143259,No
143260,Yes
143261,No
143262,No
143263,Yes
143264,No
143265,Yes
143266,No
143267,Yes
143268,No
143269,Yes
143270,Yes
143271,No
143272,Yes
143273,No
143274,No
143275,No
143276,Yes
143277,Yes
143278,Yes
143279,Yes
143280,Yes
143281,Yes
143282,Yes
143283,No
143284,No
143285,No
143286,Yes
143287,No
143288,No
143289,No
143290,No
143291,Yes
143292,Yes
143293,Yes
143294,No
143295,Yes
143296,Yes
143297,No
143298,Yes
143299,No
143300,No
143301,No
143302,No
143303,No
143304,Yes
143305,Yes
143306,Yes
143307,Yes
143308,Yes
143309,Yes
143310,No
143311,Yes
143312,Yes
143313,No
143314,Yes
143315,Yes
143316,Yes
143317,Yes
143318,No
143319,No
143320,Yes
143321,No
143322,Yes
143323,No
143324,Yes
143325,Yes
143326,Yes
143327,No
143328,Yes
143329,Yes
143330,Yes
143331,No
143332,No
143333,No
143334,No
143335,Yes
143336,No
143337,Yes
143338,No
143339,No
143340,No
143341,Yes
143342,Yes
143343,Yes
143344,Yes
143345,Yes
143346,Yes
143347,Yes
143348,No
143349,No
143350,Yes
143351,No
143352,Yes
143353,Yes
143354,Yes
143355,Yes
143356,Yes
143357,No
143358,Yes
143359,Yes
143360,Yes
143361,No
143362,Yes
143363,Yes
143364,Yes
143365,Yes
143366,No
143367,Yes
143368,Yes
143369,No
143370,Yes
143371,No
143372,Yes
143373,Yes
143374,Yes
143375,No
143376,No
143377,Yes
143378,No
143379,Yes
143380,No
143381,Yes
143382,Yes
143383,No
143384,Yes
143385,Yes
143386,Yes
143387,No
143388,Yes
143389,No
143390,No
143391,No
143392,No
143393,No
143394,Yes
143395,Yes
143396,No
143397,No
143398,Yes
143399,Yes
143400,No
143401,Yes
143402,Yes
143403,Yes
143404,Yes
143405,No
143406,Yes
143407,Yes
143408,Yes
143409,Yes
143410,No
143411,No
143412,Yes
143413,Yes
143414,Yes
143415,No
143416,Yes
143417,No
143418,Yes
143419,Yes
143420,Yes
143421,No
143422,No
143423,Yes
143424,No
143425,Yes
143426,Yes
143427,No
143428,Yes
143429,Yes
143430,Yes
143431,Yes
143432,Yes
143433,No
143434,Yes
143435,No
143436,No
143437,No
143438,No
143439,No
143440,Yes
143441,No
143442,Yes
143443,No
143444,Yes
143445,No
143446,No
143447,No
143448,No
143449,Yes
143450,Yes
143451,Yes
143452,Yes
143453,Yes
143454,Yes
143455,Yes
143456,No
143457,Yes
143458,Yes
143459,No
143460,Yes
143461,Yes
143462,No
143463,No
143464,Yes
143465,No
143466,No
143467,Yes
143468,Yes
143469,Yes
143470,No
143471,No
143472,Yes
143473,No
143474,Yes
143475,Yes
143476,No
143477,No
143478,Yes
143479,Yes
143480,Yes
143481,Yes
143482,Yes
143483,Yes
143484,Yes
143485,No
143486,No
143487,Yes
143488,No
143489,Yes
143490,No
143491,No
143492,Yes
143493,No
143494,Yes
143495,No
143496,Yes
143497,Yes
143498,Yes
143499,No
143500,No
143501,No
143502,No
143503,No
143504,No
143505,No
143506,Yes
143507,No
143508,Yes
143509,No
143510,No
143511,Yes
143512,Yes
143513,No
143514,No
143515,No
143516,Yes
143517,No
143518,No
143519,Yes
143520,No
143521,No
143522,No
143523,No
143524,No
143525,Yes
143526,No
143527,Yes
143528,Yes
143529,Yes
143530,No
143531,No
143532,Yes
143533,Yes
143534,Yes
143535,Yes
143536,No
143537,Yes
143538,Yes
143539,Yes
143540,No
143541,Yes
143542,Yes
143543,Yes
143544,No
143545,No
143546,Yes
143547,No
143548,No
143549,No
143550,No
143551,Yes
143552,Yes
143553,Yes
143554,No
143555,Yes
143556,No
143557,No
143558,Yes
143559,Yes
143560,No
143561,Yes
143562,No
143563,Yes
143564,Yes
143565,Yes
143566,No
143567,Yes
143568,Yes
143569,No
143570,No
143571,Yes
143572,Yes
143573,Yes
143574,Yes
143575,Yes
143576,No
143577,Yes
143578,Yes
143579,No
143580,Yes
143581,No
143582,Yes
143583,Yes
143584,Yes
143585,Yes
143586,No
143587,Yes
143588,No
143589,Yes
143590,Yes
143591,No
143592,No
143593,Yes
143594,No
143595,No
143596,Yes
143597,Yes
143598,No
143599,No
143600,Yes
143601,No
143602,Yes
143603,No
143604,No
143605,Yes
143606,Yes
143607,Yes
143608,Yes
143609,No
143610,Yes
143611,No
143612,No
143613,No
143614,No
143615,Yes
143616,No
143617,No
143618,No
143619,Yes
143620,Yes
143621,No
143622,Yes
143623,No
143624,No
143625,Yes
143626,No
143627,Yes
143628,Yes
143629,No
143630,No
143631,Yes
143632,No
143633,Yes
143634,No
143635,Yes
143636,Yes
143637,Yes
143638,Yes
143639,No
143640,Yes
143641,Yes
143642,Yes
143643,Yes
143644,Yes
143645,Yes
143646,No
143647,Yes
143648,Yes
143649,No
143650,No
143651,Yes
143652,No
143653,No
143654,No
143655,No
143656,Yes
143657,No
143658,Yes
143659,Yes
143660,No
143661,Yes
143662,Yes
143663,No
143664,No
143665,Yes
143666,Yes
143667,Yes
143668,No
143669,Yes
143670,Yes
143671,No
143672,No
143673,No
143674,No
143675,No
143676,No
143677,No
143678,Yes
143679,Yes
143680,No
143681,Yes
143682,No
143683,Yes
143684,Yes
143685,Yes
143686,No
143687,No
143688,Yes
143689,Yes
143690,Yes
143691,Yes
143692,Yes
143693,No
143694,No
143695,No
143696,Yes
143697,No
143698,Yes
143699,Yes
143700,No
143701,Yes
143702,No
143703,Yes
143704,Yes
143705,Yes
143706,Yes
143707,Yes
143708,Yes
143709,No
143710,No
143711,Yes
143712,No
143713,No
143714,Yes
143715,No
143716,Yes
143717,No
143718,No
143719,Yes
143720,No
143721,No
143722,Yes
143723,No
143724,Yes
143725,No
143726,Yes
143727,No
143728,Yes
143729,No
143730,Yes
143731,No
143732,Yes
143733,No
143734,Yes
143735,No
143736,Yes
143737,Yes
143738,No
143739,No
143740,No
143741,Yes
143742,Yes
143743,No
143744,Yes
143745,No
143746,Yes
143747,No
143748,No
143749,Yes
143750,No
143751,No
143752,No
143753,No
143754,Yes
143755,No
143756,Yes
143757,No
143758,Yes
143759,Yes
143760,No
143761,Yes
143762,Yes
143763,No
143764,Yes
143765,No
143766,No
143767,Yes
143768,No
143769,Yes
143770,No
143771,Yes
143772,No
143773,No
143774,No
143775,Yes
143776,Yes
143777,Yes
143778,No
143779,No
143780,Yes
143781,Yes
143782,No
143783,Yes
143784,No
143785,Yes
143786,Yes
143787,Yes
143788,No
143789,Yes
143790,Yes
143791,Yes
143792,Yes
143793,No
143794,No
143795,No
143796,Yes
143797,No
143798,No
143799,No
143800,Yes
143801,Yes
143802,No
143803,Yes
143804,No
143805,Yes
143806,Yes
143807,No
143808,No
143809,No
143810,Yes
143811,No
143812,No
143813,Yes
143814,Yes
143815,No
143816,Yes
143817,No
143818,No
143819,Yes
143820,Yes
143821,No
143822,No
143823,No
143824,Yes
143825,Yes
143826,No
143827,Yes
143828,Yes
143829,Yes
143830,No
143831,No
143832,No
143833,No
143834,Yes
143835,Yes
143836,No
143837,No
143838,Yes
143839,No
143840,No
143841,Yes
143842,No
143843,No
143844,Yes
143845,No
143846,Yes
143847,No
143848,No
143849,Yes
143850,No
143851,No
143852,Yes
143853,Yes
143854,No
143855,Yes
143856,Yes
143857,Yes
143858,No
143859,No
143860,Yes
143861,Yes
143862,Yes
143863,No
143864,Yes
143865,Yes
143866,No
143867,Yes
143868,Yes
143869,No
143870,Yes
143871,No
143872,Yes
143873,Yes
143874,No
143875,Yes
143876,No
143877,Yes
143878,No
143879,Yes
143880,Yes
143881,Yes
143882,Yes
143883,Yes
143884,Yes
143885,No
143886,No
143887,No
143888,Yes
143889,Yes
143890,Yes
143891,No
143892,Yes
143893,No
143894,Yes
143895,Yes
143896,Yes
143897,Yes
143898,No
143899,No
143900,No
143901,Yes
143902,No
143903,No
143904,No
143905,Yes
143906,Yes
143907,Yes
143908,Yes
143909,Yes
143910,Yes
143911,Yes
143912,No
143913,Yes
143914,Yes
143915,Yes
143916,Yes
143917,No
143918,Yes
143919,Yes
143920,No
143921,Yes
143922,No
143923,Yes
143924,Yes
143925,Yes
143926,Yes
143927,No
143928,No
143929,Yes
143930,No
143931,No
143932,Yes
143933,Yes
143934,Yes
143935,No
143936,No
143937,Yes
143938,No
143939,No
143940,No
143941,No
143942,No
143943,No
143944,Yes
143945,Yes
143946,Yes
143947,Yes
143948,No
143949,Yes
143950,Yes
143951,No
143952,Yes
143953,No
143954,No
143955,Yes
143956,Yes
143957,Yes
143958,Yes
143959,Yes
143960,No
143961,No
143962,No
143963,Yes
143964,No
143965,No
143966,No
143967,No
143968,Yes
143969,Yes
143970,Yes
143971,Yes
143972,No
143973,No
143974,No
143975,Yes
143976,Yes
143977,Yes
143978,No
143979,No
143980,Yes
143981,No
143982,Yes
143983,Yes
143984,Yes
143985,No
143986,Yes
143987,No
143988,No
143989,Yes
143990,Yes
143991,No
143992,No
143993,No
143994,No
143995,Yes
143996,Yes
143997,Yes
143998,No
143999,No
144000,No
144001,Yes
144002,Yes
144003,No
144004,Yes
144005,Yes
144006,No
144007,No
144008,Yes
144009,No
144010,Yes
144011,No
144012,Yes
144013,Yes
144014,Yes
144015,Yes
144016,No
144017,Yes
144018,No
144019,Yes
144020,No
144021,No
144022,No
144023,No
144024,Yes
144025,No
144026,Yes
144027,Yes
144028,No
144029,Yes
144030,No
144031,Yes
144032,No
144033,Yes
144034,No
144035,No
144036,Yes
144037,Yes
144038,Yes
144039,Yes
144040,Yes
144041,No
144042,No
144043,Yes
144044,No
144045,Yes
144046,No
144047,No
144048,No
144049,No
144050,Yes
144051,Yes
144052,Yes
144053,Yes
144054,No
144055,Yes
144056,No
144057,No
144058,No
144059,Yes
144060,Yes
144061,No
144062,No
144063,No
144064,No
144065,No
144066,No
144067,No
144068,Yes
144069,No
144070,No
144071,No
144072,Yes
144073,No
144074,No
144075,Yes
144076,Yes
144077,No
144078,Yes
144079,Yes
144080,No
144081,Yes
144082,Yes
144083,No
144084,No
144085,Yes
144086,Yes
144087,Yes
144088,Yes
144089,Yes
144090,No
144091,No
144092,No
144093,Yes
144094,No
144095,Yes
144096,No
144097,No
144098,No
144099,Yes
144100,No
144101,Yes
144102,No
144103,No
144104,Yes
144105,Yes
144106,No
144107,No
144108,No
144109,No
144110,No
144111,Yes
144112,No
144113,No
144114,Yes
144115,Yes
144116,Yes
144117,Yes
144118,Yes
144119,Yes
144120,No
144121,Yes
144122,Yes
144123,Yes
144124,Yes
144125,Yes
144126,Yes
144127,No
144128,No
144129,Yes
144130,No
144131,No
144132,No
144133,No
144134,Yes
144135,Yes
144136,No
144137,Yes
144138,No
144139,No
144140,No
144141,Yes
144142,Yes
144143,Yes
144144,Yes
144145,No
144146,Yes
144147,Yes
144148,No
144149,No
144150,Yes
144151,Yes
144152,No
144153,Yes
144154,No
144155,Yes
144156,No
144157,Yes
144158,Yes
144159,Yes
144160,Yes
144161,Yes
144162,No
144163,Yes
144164,Yes
144165,No
144166,No
144167,Yes
144168,No
144169,No
144170,No
144171,Yes
144172,No
144173,Yes
144174,Yes
144175,Yes
144176,Yes
144177,No
144178,No
144179,Yes
144180,No
144181,Yes
144182,No
144183,Yes
144184,Yes
144185,Yes
144186,Yes
144187,Yes
144188,Yes
144189,Yes
144190,No
144191,Yes
144192,Yes
144193,Yes
144194,No
144195,Yes
144196,No
144197,Yes
144198,No
144199,No
144200,Yes
144201,Yes
144202,No
144203,No
144204,Yes
144205,Yes
144206,No
144207,No
144208,Yes
144209,No
144210,Yes
144211,Yes
144212,No
144213,No
144214,No
144215,No
144216,No
144217,Yes
144218,Yes
144219,Yes
144220,Yes
144221,Yes
144222,Yes
144223,Yes
144224,No
144225,Yes
144226,Yes
144227,No
144228,Yes
144229,Yes
144230,No
144231,Yes
144232,Yes
144233,Yes
144234,Yes
144235,No
144236,No
144237,No
144238,No
144239,No
144240,No
144241,Yes
144242,Yes
144243,Yes
144244,Yes
144245,No
144246,No
144247,Yes
144248,Yes
144249,Yes
144250,Yes
144251,No
144252,Yes
144253,No
144254,No
144255,No
144256,Yes
144257,No
144258,No
144259,No
144260,No
144261,Yes
144262,Yes
144263,No
144264,Yes
144265,Yes
144266,Yes
144267,Yes
144268,No
144269,Yes
144270,Yes
144271,Yes
144272,Yes
144273,Yes
144274,No
144275,Yes
144276,Yes
144277,Yes
144278,Yes
144279,Yes
144280,Yes
144281,Yes
144282,Yes
144283,Yes
144284,Yes
144285,Yes
144286,No
144287,No
144288,Yes
144289,No
144290,Yes
144291,No
144292,No
144293,Yes
144294,Yes
144295,Yes
144296,Yes
144297,Yes
144298,Yes
144299,Yes
144300,Yes
144301,Yes
144302,No
144303,No
144304,No
144305,No
144306,Yes
144307,Yes
144308,Yes
144309,Yes
144310,Yes
144311,Yes
144312,Yes
144313,Yes
144314,Yes
144315,Yes
144316,No
144317,Yes
144318,No
144319,Yes
144320,Yes
144321,No
144322,No
144323,Yes
144324,No
144325,Yes
144326,No
144327,Yes
144328,No
144329,Yes
144330,No
144331,No
144332,Yes
144333,No
144334,No
144335,Yes
144336,No
144337,Yes
144338,No
144339,Yes
144340,No
144341,No
144342,Yes
144343,Yes
144344,No
144345,Yes
144346,No
144347,No
144348,Yes
144349,Yes
144350,Yes
144351,Yes
144352,No
144353,Yes
144354,No
144355,No
144356,No
144357,No
144358,Yes
144359,Yes
144360,Yes
144361,No
144362,Yes
144363,Yes
144364,Yes
144365,Yes
144366,Yes
144367,No
144368,Yes
144369,Yes
144370,Yes
144371,Yes
144372,Yes
144373,No
144374,No
144375,No
144376,Yes
144377,No
144378,No
144379,No
144380,Yes
144381,Yes
144382,No
144383,No
144384,Yes
144385,No
144386,Yes
144387,No
144388,No
144389,Yes
144390,No
144391,Yes
144392,No
144393,No
144394,Yes
144395,Yes
144396,Yes
144397,No
144398,Yes
144399,Yes
144400,No
144401,Yes
144402,No
144403,Yes
144404,No
144405,No
144406,No
144407,No
144408,No
144409,Yes
144410,Yes
144411,Yes
144412,Yes
144413,No
144414,Yes
144415,No
144416,Yes
144417,Yes
144418,Yes
144419,No
144420,No
144421,Yes
144422,No
144423,No
144424,No
144425,Yes
144426,No
144427,No
144428,Yes
144429,Yes
144430,Yes
144431,Yes
144432,Yes
144433,Yes
144434,Yes
144435,Yes
144436,Yes
144437,No
144438,Yes
144439,Yes
144440,Yes
144441,Yes
144442,No
144443,No
144444,No
144445,No
144446,No
144447,No
144448,Yes
144449,Yes
144450,No
144451,Yes
144452,No
144453,No
144454,No
144455,Yes
144456,No
144457,Yes
144458,Yes
144459,Yes
144460,Yes
144461,No
144462,Yes
144463,Yes
144464,No
144465,Yes
144466,No
144467,No
144468,Yes
144469,Yes
144470,No
144471,Yes
144472,No
144473,Yes
144474,No
144475,Yes
144476,No
144477,Yes
144478,Yes
144479,No
144480,No
144481,No
144482,Yes
144483,No
144484,Yes
144485,No
144486,No
144487,Yes
144488,Yes
144489,Yes
144490,No
144491,Yes
144492,No
144493,Yes
144494,Yes
144495,Yes
144496,Yes
144497,No
144498,No
144499,Yes
144500,No
144501,Yes
144502,No
144503,Yes
144504,No
144505,No
144506,Yes
144507,Yes
144508,No
144509,No
144510,Yes
144511,No
144512,No
144513,No
144514,No
144515,Yes
144516,No
144517,No
144518,No
144519,Yes
144520,No
144521,Yes
144522,Yes
144523,No
144524,Yes
144525,No
144526,Yes
144527,No
144528,No
144529,Yes
144530,No
144531,No
144532,Yes
144533,No
144534,Yes
144535,No
144536,Yes
144537,Yes
144538,No
144539,Yes
144540,No
144541,Yes
144542,No
144543,No
144544,No
144545,No
144546,No
144547,No
144548,Yes
144549,Yes
144550,No
144551,No
144552,No
144553,Yes
144554,Yes
144555,Yes
144556,No
144557,Yes
144558,No
144559,No
144560,No
144561,Yes
144562,Yes
144563,Yes
144564,No
144565,Yes
144566,Yes
144567,Yes
144568,Yes
144569,Yes
144570,Yes
144571,No
144572,Yes
144573,Yes
144574,No
144575,Yes
144576,Yes
144577,Yes
144578,Yes
144579,Yes
144580,No
144581,No
144582,Yes
144583,No
144584,No
144585,Yes
144586,Yes
144587,Yes
144588,No
144589,No
144590,No
144591,Yes
144592,No
144593,No
144594,Yes
144595,Yes
144596,Yes
144597,Yes
144598,Yes
144599,No
144600,No
144601,No
144602,No
144603,No
144604,No
144605,No
144606,No
144607,No
144608,No
144609,No
144610,Yes
144611,No
144612,No
144613,No
144614,Yes
144615,Yes
144616,No
144617,Yes
144618,Yes
144619,Yes
144620,No
144621,Yes
144622,No
144623,No
144624,No
144625,Yes
144626,Yes
144627,Yes
144628,No
144629,Yes
144630,No
144631,Yes
144632,Yes
144633,Yes
144634,Yes
144635,Yes
144636,Yes
144637,No
144638,No
144639,Yes
144640,Yes
144641,No
144642,No
144643,Yes
144644,Yes
144645,No
144646,No
144647,Yes
144648,Yes
144649,No
144650,Yes
144651,No
144652,Yes
144653,No
144654,Yes
144655,Yes
144656,No
144657,Yes
144658,No
144659,Yes
144660,Yes
144661,No
144662,No
144663,Yes
144664,No
144665,Yes
144666,No
144667,Yes
144668,Yes
144669,No
144670,No
144671,Yes
144672,No
144673,Yes
144674,No
144675,Yes
144676,No
144677,Yes
144678,No
144679,Yes
144680,No
144681,Yes
144682,Yes
144683,Yes
144684,Yes
144685,Yes
144686,Yes
144687,No
144688,No
144689,Yes
144690,Yes
144691,No
144692,Yes
144693,Yes
144694,Yes
144695,Yes
144696,Yes
144697,Yes
144698,Yes
144699,Yes
144700,No
144701,No
144702,Yes
144703,No
144704,No
144705,No
144706,No
144707,Yes
144708,Yes
144709,Yes
144710,No
144711,No
144712,No
144713,Yes
144714,Yes
144715,No
144716,No
144717,Yes
144718,No
144719,No
144720,Yes
144721,No
144722,Yes
144723,No
144724,No
144725,Yes
144726,Yes
144727,Yes
144728,No
144729,Yes
144730,Yes
144731,Yes
144732,No
144733,No
144734,Yes
144735,No
144736,No
144737,No
144738,No
144739,No
144740,No
144741,Yes
144742,Yes
144743,Yes
144744,No
144745,Yes
144746,Yes
144747,Yes
144748,Yes
144749,No
144750,Yes
144751,No
144752,No
144753,Yes
144754,No
144755,Yes
144756,Yes
144757,Yes
144758,Yes
144759,No
144760,No
144761,Yes
144762,No
144763,No
144764,Yes
144765,No
144766,Yes
144767,Yes
144768,Yes
144769,No
144770,No
144771,Yes
144772,Yes
144773,No
144774,Yes
144775,Yes
144776,Yes
144777,No
144778,No
144779,No
144780,Yes
144781,Yes
144782,Yes
144783,Yes
144784,Yes
144785,No
144786,No
144787,Yes
144788,Yes
144789,No
144790,No
144791,No
144792,Yes
144793,No
144794,No
144795,No
144796,No
144797,No
144798,No
144799,Yes
144800,Yes
144801,Yes
144802,No
144803,Yes
144804,Yes
144805,Yes
144806,No
144807,Yes
144808,No
144809,No
144810,No
144811,Yes
144812,Yes
144813,No
144814,No
144815,No
144816,Yes
144817,Yes
144818,No
144819,Yes
144820,No
144821,Yes
144822,Yes
144823,Yes
144824,Yes
144825,Yes
144826,Yes
144827,No
144828,Yes
144829,Yes
144830,Yes
144831,Yes
144832,Yes
144833,No
144834,Yes
144835,No
144836,Yes
144837,Yes
144838,No
144839,No
144840,No
144841,Yes
144842,Yes
144843,No
144844,Yes
144845,Yes
144846,Yes
144847,Yes
144848,Yes
144849,Yes
144850,No
144851,No
144852,Yes
144853,Yes
144854,No
144855,No
144856,Yes
144857,Yes
144858,Yes
144859,No
144860,Yes
144861,No
144862,Yes
144863,Yes
144864,No
144865,Yes
144866,No
144867,No
144868,Yes
144869,No
144870,Yes
144871,Yes
144872,No
144873,Yes
144874,Yes
144875,No
144876,No
144877,No
144878,Yes
144879,No
144880,No
144881,Yes
144882,Yes
144883,Yes
144884,No
144885,No
144886,No
144887,No
144888,No
144889,No
144890,Yes
144891,Yes
144892,No
144893,Yes
144894,Yes
144895,No
144896,No
144897,Yes
144898,Yes
144899,No
144900,Yes
144901,No
144902,No
144903,Yes
144904,No
144905,Yes
144906,Yes
144907,Yes
144908,No
144909,No
144910,Yes
144911,Yes
144912,No
144913,No
144914,No
144915,No
144916,Yes
144917,No
144918,Yes
144919,No
144920,No
144921,No
144922,Yes
144923,No
144924,Yes
144925,Yes
144926,No
144927,Yes
144928,No
144929,No
144930,Yes
144931,Yes
144932,Yes
144933,Yes
144934,Yes
144935,Yes
144936,No
144937,Yes
144938,Yes
144939,Yes
144940,Yes
144941,No
144942,Yes
144943,No
144944,Yes
144945,Yes
144946,No
144947,Yes
144948,Yes
144949,No
144950,Yes
144951,No
144952,No
144953,Yes
144954,Yes
144955,Yes
144956,Yes
144957,Yes
144958,Yes
144959,No
144960,Yes
144961,Yes
144962,Yes
144963,No
144964,No
144965,Yes
144966,Yes
144967,Yes
144968,Yes
144969,No
144970,Yes
144971,Yes
144972,No
144973,No
144974,No
144975,Yes
144976,Yes
144977,Yes
144978,No
144979,Yes
144980,Yes
144981,Yes
144982,No
144983,Yes
144984,No
144985,No
144986,Yes
144987,Yes
144988,No
144989,Yes
144990,No
144991,No
144992,No
144993,No
144994,Yes
144995,Yes
144996,Yes
144997,Yes
144998,Yes
144999,No
145000,Yes
145001,Yes
145002,Yes
145003,Yes
145004,No
145005,Yes
145006,Yes
145007,No
145008,Yes
145009,No
145010,Yes
145011,Yes
145012,No
145013,No
145014,No
145015,Yes
145016,No
145017,Yes
145018,Yes
145019,Yes
145020,Yes
145021,Yes
145022,Yes
145023,Yes
145024,Yes
145025,No
145026,No
145027,No
145028,Yes
145029,Yes
145030,No
145031,No
145032,Yes
145033,No
145034,Yes
145035,No
145036,Yes
145037,No
145038,No
145039,Yes
145040,Yes
145041,No
145042,No
145043,No
145044,Yes
145045,Yes
145046,Yes
145047,Yes
145048,Yes
145049,No
145050,No
145051,Yes
145052,Yes
145053,Yes
145054,Yes
145055,Yes
145056,Yes
145057,Yes
145058,Yes
145059,No
145060,Yes
145061,No
145062,Yes
145063,Yes
145064,Yes
145065,Yes
145066,No
145067,No
145068,Yes
145069,No
145070,Yes
145071,Yes
145072,Yes
145073,No
145074,Yes
145075,No
145076,No
145077,Yes
145078,Yes
145079,Yes
145080,No
145081,No
145082,No
145083,Yes
145084,Yes
145085,No
145086,Yes
145087,No
145088,Yes
145089,Yes
145090,Yes
145091,No
145092,No
145093,Yes
145094,Yes
145095,Yes
145096,No
145097,Yes
145098,No
145099,No
145100,No
145101,Yes
145102,Yes
145103,Yes
145104,Yes
145105,No
145106,No
145107,Yes
145108,Yes
145109,Yes
145110,Yes
145111,Yes
145112,No
145113,Yes
145114,No
145115,Yes
145116,Yes
145117,Yes
145118,No
145119,Yes
145120,Yes
145121,No
145122,Yes
145123,Yes
145124,Yes
145125,No
145126,No
145127,No
145128,Yes
145129,No
145130,Yes
145131,No
145132,Yes
145133,Yes
145134,Yes
145135,Yes
145136,Yes
145137,No
145138,No
145139,Yes
145140,Yes
145141,Yes
145142,Yes
145143,Yes
145144,No
145145,No
145146,Yes
145147,Yes
145148,Yes
145149,Yes
145150,No
145151,Yes
145152,No
145153,Yes
145154,Yes
145155,Yes
145156,Yes
145157,Yes
145158,Yes
145159,Yes
145160,Yes
145161,Yes
145162,No
145163,Yes
145164,No
145165,Yes
145166,Yes
145167,Yes
145168,Yes
145169,Yes
145170,No
145171,No
145172,No
145173,No
145174,Yes
145175,Yes
145176,Yes
145177,No
145178,No
145179,Yes
145180,No
145181,No
145182,No
145183,Yes
145184,No
145185,No
145186,Yes
145187,No
145188,No
145189,No
145190,No
145191,Yes
145192,No
145193,Yes
145194,Yes
145195,No
145196,No
145197,No
145198,No
145199,Yes
145200,Yes
145201,Yes
145202,Yes
145203,Yes
145204,Yes
145205,Yes
145206,No
145207,Yes
145208,No
145209,Yes
145210,Yes
145211,No
145212,Yes
145213,No
145214,Yes
145215,Yes
145216,Yes
145217,No
145218,No
145219,No
145220,Yes
145221,Yes
145222,Yes
145223,Yes
145224,Yes
145225,No
145226,Yes
145227,No
145228,Yes
145229,No
145230,No
145231,No
145232,Yes
145233,Yes
145234,No
145235,No
145236,Yes
145237,Yes
145238,Yes
145239,No
145240,Yes
145241,Yes
145242,No
145243,Yes
145244,Yes
145245,Yes
145246,Yes
145247,Yes
145248,Yes
145249,No
145250,Yes
145251,Yes
145252,Yes
145253,No
145254,No
145255,No
145256,Yes
145257,Yes
145258,No
145259,No
145260,Yes
145261,Yes
145262,No
145263,Yes
145264,Yes
145265,No
145266,No
145267,No
145268,No
145269,No
145270,Yes
145271,No
145272,No
145273,Yes
145274,Yes
145275,Yes
145276,Yes
145277,No
145278,Yes
145279,Yes
145280,No
145281,No
145282,Yes
145283,No
145284,Yes
145285,No
145286,No
145287,Yes
145288,No
145289,No
145290,Yes
145291,No
145292,Yes
145293,Yes
145294,No
145295,No
145296,Yes
145297,Yes
145298,Yes
145299,Yes
145300,Yes
145301,Yes
145302,No
145303,Yes
145304,Yes
145305,Yes
145306,No
145307,No
145308,Yes
145309,No
145310,Yes
145311,No
145312,No
145313,Yes
145314,No
145315,No
145316,No
145317,No
145318,No
145319,No
145320,Yes
145321,Yes
145322,No
145323,Yes
145324,No
145325,No
145326,Yes
145327,No
145328,No
145329,No
145330,Yes
145331,No
145332,No
145333,No
145334,Yes
145335,Yes
145336,Yes
145337,No
145338,Yes
145339,No
145340,No
145341,No
145342,No
145343,Yes
145344,Yes
145345,Yes
145346,No
145347,Yes
145348,No
145349,Yes
145350,Yes
145351,No
145352,Yes
145353,Yes
145354,No
145355,Yes
145356,No
145357,No
145358,Yes
145359,Yes
145360,No
145361,No
145362,No
145363,Yes
145364,No
145365,Yes
145366,No
145367,Yes
145368,Yes
145369,Yes
145370,No
145371,No
145372,Yes
145373,No
145374,No
145375,No
145376,Yes
145377,No
145378,Yes
145379,Yes
145380,No
145381,Yes
145382,No
145383,Yes
145384,Yes
145385,Yes
145386,Yes
145387,Yes
145388,No
145389,Yes
145390,No
145391,Yes
145392,No
145393,Yes
145394,Yes
145395,Yes
145396,Yes
145397,No
145398,No
145399,Yes
145400,No
145401,Yes
145402,No
145403,No
145404,Yes
145405,Yes
145406,No
145407,Yes
145408,Yes
145409,Yes
145410,Yes
145411,Yes
145412,No
145413,Yes
145414,Yes
145415,Yes
145416,No
145417,No
145418,No
145419,Yes
145420,Yes
145421,No
145422,Yes
145423,No
145424,Yes
145425,No
145426,Yes
145427,Yes
145428,No
145429,Yes
145430,Yes
145431,No
145432,Yes
145433,Yes
145434,Yes
145435,No
145436,No
145437,Yes
145438,No
145439,Yes
145440,Yes
145441,Yes
145442,Yes
145443,No
145444,Yes
145445,No
145446,Yes
145447,No
145448,Yes
145449,No
145450,Yes
145451,No
145452,No
145453,Yes
145454,Yes
145455,Yes
145456,No
145457,Yes
145458,No
145459,Yes
145460,No
145461,No
145462,Yes
145463,Yes
145464,Yes
145465,Yes
145466,No
145467,Yes
145468,No
145469,No
145470,No
145471,Yes
145472,No
145473,No
145474,Yes
145475,No
145476,Yes
145477,Yes
145478,Yes
145479,Yes
145480,No
145481,Yes
145482,Yes
145483,Yes
145484,Yes
145485,Yes
145486,No
145487,Yes
145488,Yes
145489,Yes
145490,Yes
145491,Yes
145492,No
145493,Yes
145494,Yes
145495,No
145496,No
145497,Yes
145498,No
145499,Yes
145500,Yes
145501,Yes
145502,Yes
145503,Yes
145504,Yes
145505,No
145506,Yes
145507,No
145508,No
145509,Yes
145510,Yes
145511,No
145512,No
145513,Yes
145514,Yes
145515,Yes
145516,No
145517,Yes
145518,Yes
145519,No
145520,No
145521,Yes
145522,Yes
145523,Yes
145524,No
145525,Yes
145526,No
145527,Yes
145528,Yes
145529,Yes
145530,Yes
145531,No
145532,Yes
145533,Yes
145534,Yes
145535,No
145536,Yes
145537,Yes
145538,Yes
145539,Yes
145540,Yes
145541,Yes
145542,Yes
145543,Yes
145544,Yes
145545,No
145546,No
145547,No
145548,No
145549,No
145550,Yes
145551,No
145552,No
145553,Yes
145554,Yes
145555,No
145556,No
145557,Yes
145558,Yes
145559,No
145560,Yes
145561,Yes
145562,No
145563,Yes
145564,No
145565,No
145566,No
145567,No
145568,No
145569,No
145570,Yes
145571,Yes
145572,Yes
145573,No
145574,Yes
145575,Yes
145576,Yes
145577,No
145578,Yes
145579,Yes
145580,No
145581,No
145582,Yes
145583,No
145584,Yes
145585,Yes
145586,Yes
145587,Yes
145588,No
145589,No
145590,Yes
145591,No
145592,No
145593,Yes
145594,Yes
145595,No
145596,Yes
145597,No
145598,No
145599,No
145600,No
145601,Yes
145602,Yes
145603,No
145604,No
145605,Yes
145606,Yes
145607,Yes
145608,Yes
145609,Yes
145610,Yes
145611,Yes
145612,No
145613,No
145614,Yes
145615,No
145616,Yes
145617,Yes
145618,Yes
145619,Yes
145620,Yes
145621,Yes
145622,No
145623,No
145624,No
145625,No
145626,No
145627,No
145628,Yes
145629,Yes
145630,Yes
145631,No
145632,No
145633,Yes
145634,No
145635,No
145636,Yes
145637,Yes
145638,Yes
145639,No
145640,No
145641,Yes
145642,Yes
145643,No
145644,No
145645,Yes
145646,No
145647,Yes
145648,No
145649,No
145650,Yes
145651,Yes
145652,No
145653,Yes
145654,No
145655,No
145656,No
145657,No
145658,No
145659,Yes
145660,Yes
145661,No
145662,Yes
145663,Yes
145664,Yes
145665,Yes
145666,No
145667,Yes
145668,No
145669,Yes
145670,No
145671,Yes
145672,No
145673,Yes
145674,No
145675,No
145676,No
145677,No
145678,No
145679,No
145680,Yes
145681,Yes
145682,No
145683,No
145684,No
145685,No
145686,No
145687,No
145688,Yes
145689,Yes
145690,No
145691,Yes
145692,No
145693,Yes
145694,Yes
145695,Yes
145696,Yes
145697,Yes
145698,Yes
145699,Yes
145700,No
145701,Yes
145702,Yes
145703,Yes
145704,No
145705,Yes
145706,No
145707,Yes
145708,Yes
145709,No
145710,No
145711,No
145712,Yes
145713,Yes
145714,No
145715,Yes
145716,Yes
145717,No
145718,No
145719,No
145720,No
145721,Yes
145722,No
145723,Yes
145724,No
145725,No
145726,Yes
145727,Yes
145728,Yes
145729,No
145730,No
145731,No
145732,No
145733,Yes
145734,No
145735,No
145736,Yes
145737,Yes
145738,No
145739,No
145740,No
145741,No
145742,Yes
145743,Yes
145744,Yes
145745,No
145746,Yes
145747,Yes
145748,No
145749,No
145750,No
145751,Yes
145752,Yes
145753,No
145754,No
145755,Yes
145756,Yes
145757,Yes
145758,Yes
145759,No
145760,No
145761,No
145762,No
145763,No
145764,Yes
145765,Yes
145766,Yes
145767,Yes
145768,No
145769,No
145770,Yes
145771,Yes
145772,Yes
145773,No
145774,Yes
145775,Yes
145776,Yes
145777,No
145778,Yes
145779,Yes
145780,No
145781,No
145782,Yes
145783,Yes
145784,Yes
145785,Yes
145786,Yes
145787,Yes
145788,Yes
145789,Yes
145790,No
145791,Yes
145792,No
145793,No
145794,No
145795,No
145796,No
145797,Yes
145798,Yes
145799,No
145800,Yes
145801,No
145802,No
145803,No
145804,No
145805,Yes
145806,Yes
145807,No
145808,Yes
145809,Yes
145810,No
145811,No
145812,Yes
145813,Yes
145814,No
145815,No
145816,Yes
145817,No
145818,Yes
145819,No
145820,No
145821,Yes
145822,Yes
145823,No
145824,Yes
145825,Yes
145826,No
145827,Yes
145828,Yes
145829,No
145830,Yes
145831,Yes
145832,Yes
145833,Yes
145834,Yes
145835,Yes
145836,Yes
145837,Yes
145838,Yes
145839,Yes
145840,No
145841,Yes
145842,No
145843,No
145844,No
145845,Yes
145846,Yes
145847,No
145848,No
145849,No
145850,Yes
145851,Yes
145852,No
145853,Yes
145854,Yes
145855,Yes
145856,Yes
145857,Yes
145858,No
145859,No
145860,Yes
145861,Yes
145862,Yes
145863,Yes
145864,Yes
145865,Yes
145866,Yes
145867,No
145868,No
145869,No
145870,No
145871,Yes
145872,No
145873,Yes
145874,Yes
145875,No
145876,Yes
145877,Yes
145878,No
145879,No
145880,Yes
145881,No
145882,Yes
145883,No
145884,Yes
145885,Yes
145886,Yes
145887,Yes
145888,Yes
145889,Yes
145890,Yes
145891,Yes
145892,Yes
145893,No
145894,Yes
145895,Yes
145896,No
145897,Yes
145898,No
145899,Yes
145900,Yes
145901,No
145902,No
145903,No
145904,No
145905,Yes
145906,Yes
145907,Yes
145908,No
145909,No
145910,No
145911,Yes
145912,Yes
145913,No
145914,No
145915,Yes
145916,Yes
145917,Yes
145918,No
145919,No
145920,No
145921,Yes
145922,Yes
145923,Yes
145924,No
145925,No
145926,No
145927,No
145928,Yes
145929,Yes
145930,No
145931,No
145932,Yes
145933,No
145934,No
145935,No
145936,No
145937,Yes
145938,Yes
145939,No
145940,Yes
145941,Yes
145942,Yes
145943,No
145944,Yes
145945,Yes
145946,Yes
145947,Yes
145948,No
145949,Yes
145950,Yes
145951,No
145952,No
145953,No
145954,Yes
145955,Yes
145956,Yes
145957,No
145958,No
145959,No
145960,Yes
145961,Yes
145962,No
145963,No
145964,No
145965,Yes
145966,No
145967,Yes
145968,No
145969,No
145970,No
145971,Yes
145972,Yes
145973,Yes
145974,No
145975,No
145976,No
145977,Yes
145978,Yes
145979,No
145980,Yes
145981,No
145982,No
145983,No
145984,Yes
145985,Yes
145986,Yes
145987,No
145988,Yes
145989,Yes
145990,Yes
145991,Yes
145992,Yes
145993,No
145994,No
145995,Yes
145996,No
145997,Yes
145998,No
145999,No
146000,No
146001,Yes
146002,Yes
146003,Yes
146004,Yes
146005,Yes
146006,Yes
146007,Yes
146008,Yes
146009,Yes
146010,Yes
146011,Yes
146012,Yes
146013,Yes
146014,No
146015,No
146016,No
146017,Yes
146018,No
146019,Yes
146020,Yes
146021,Yes
146022,Yes
146023,Yes
146024,No
146025,Yes
146026,No
146027,No
146028,No
146029,Yes
146030,Yes
146031,No
146032,Yes
146033,Yes
146034,Yes
146035,Yes
146036,Yes
146037,Yes
146038,No
146039,Yes
146040,No
146041,No
146042,Yes
146043,Yes
146044,Yes
146045,No
146046,No
146047,Yes
146048,Yes
146049,Yes
146050,No
146051,Yes
146052,Yes
146053,Yes
146054,No
146055,Yes
146056,No
146057,Yes
146058,No
146059,No
146060,No
146061,Yes
146062,Yes
146063,No
146064,Yes
146065,No
146066,Yes
146067,No
146068,No
146069,No
146070,No
146071,No
146072,Yes
146073,Yes
146074,No
146075,No
146076,Yes
146077,Yes
146078,Yes
146079,No
146080,No
146081,No
146082,Yes
146083,Yes
146084,No
146085,Yes
146086,No
146087,Yes
146088,No
146089,Yes
146090,Yes
146091,Yes
146092,Yes
146093,No
146094,Yes
146095,Yes
146096,No
146097,Yes
146098,Yes
146099,Yes
146100,Yes
146101,Yes
146102,No
146103,Yes
146104,Yes
146105,No
146106,No
146107,Yes
146108,Yes
146109,Yes
146110,Yes
146111,Yes
146112,No
146113,No
146114,No
146115,Yes
146116,Yes
146117,No
146118,No
146119,Yes
146120,Yes
146121,No
146122,No
146123,No
146124,Yes
146125,No
146126,Yes
146127,No
146128,No
146129,No
146130,Yes
146131,Yes
146132,Yes
146133,No
146134,Yes
146135,Yes
146136,Yes
146137,No
146138,Yes
146139,Yes
146140,Yes
146141,Yes
146142,No
146143,Yes
146144,Yes
146145,Yes
146146,Yes
146147,No
146148,Yes
146149,Yes
146150,Yes
146151,Yes
146152,Yes
146153,No
146154,No
146155,Yes
146156,No
146157,No
146158,Yes
146159,Yes
146160,Yes
146161,Yes
146162,No
146163,No
146164,Yes
146165,Yes
146166,Yes
146167,No
146168,Yes
146169,Yes
146170,Yes
146171,Yes
146172,No
146173,Yes
146174,Yes
146175,Yes
146176,Yes
146177,No
146178,No
146179,Yes
146180,Yes
146181,Yes
146182,No
146183,No
146184,Yes
146185,No
146186,Yes
146187,Yes
146188,Yes
146189,Yes
146190,Yes
146191,No
146192,No
146193,Yes
146194,Yes
146195,No
146196,Yes
146197,No
146198,Yes
146199,Yes
146200,Yes
146201,No
146202,Yes
146203,Yes
146204,Yes
146205,No
146206,No
146207,Yes
146208,Yes
146209,Yes
146210,Yes
146211,No
146212,No
146213,Yes
146214,No
146215,Yes
146216,No
146217,No
146218,Yes
146219,Yes
146220,Yes
146221,Yes
146222,Yes
146223,Yes
146224,No
146225,Yes
146226,No
146227,Yes
146228,No
146229,No
146230,No
146231,No
146232,No
146233,No
146234,Yes
146235,Yes
146236,No
146237,No
146238,No
146239,Yes
146240,No
146241,No
146242,Yes
146243,No
146244,No
146245,No
146246,No
146247,No
146248,No
146249,No
146250,Yes
146251,No
146252,No
146253,Yes
146254,No
146255,No
146256,Yes
146257,No
146258,Yes
146259,No
146260,Yes
146261,Yes
146262,No
146263,No
146264,Yes
146265,No
146266,No
146267,Yes
146268,No
146269,Yes
146270,No
146271,No
146272,Yes
146273,No
146274,Yes
146275,Yes
146276,Yes
146277,Yes
146278,Yes
146279,Yes
146280,Yes
146281,Yes
146282,Yes
146283,No
146284,Yes
146285,No
146286,No
146287,Yes
146288,Yes
146289,No
146290,Yes
146291,No
146292,No
146293,No
146294,No
146295,No
146296,No
146297,Yes
146298,No
146299,Yes
146300,No
146301,No
146302,Yes
146303,Yes
146304,Yes
146305,Yes
146306,Yes
146307,Yes
146308,No
146309,Yes
146310,No
146311,Yes
146312,No
146313,Yes
146314,No
146315,Yes
146316,Yes
146317,Yes
146318,No
146319,Yes
146320,Yes
146321,No
146322,Yes
146323,No
146324,No
146325,Yes
146326,Yes
146327,Yes
146328,Yes
146329,No
146330,No
146331,Yes
146332,No
146333,No
146334,Yes
146335,No
146336,Yes
146337,Yes
146338,No
146339,No
146340,Yes
146341,Yes
146342,No
146343,Yes
146344,Yes
146345,Yes
146346,Yes
146347,Yes
146348,Yes
146349,No
146350,Yes
146351,Yes
146352,No
146353,Yes
146354,Yes
146355,Yes
146356,Yes
146357,No
146358,Yes
146359,No
146360,No
146361,Yes
146362,Yes
146363,No
146364,Yes
146365,Yes
146366,Yes
146367,No
146368,No
146369,No
146370,Yes
146371,No
146372,Yes
146373,No
146374,No
146375,No
146376,Yes
146377,Yes
146378,Yes
146379,Yes
146380,Yes
146381,No
146382,Yes
146383,Yes
146384,No
146385,Yes
146386,No
146387,Yes
146388,No
146389,Yes
146390,No
146391,Yes
146392,No
146393,Yes
146394,Yes
146395,Yes
146396,Yes
146397,Yes
146398,No
146399,Yes
146400,Yes
146401,Yes
146402,No
146403,No
146404,No
146405,Yes
146406,Yes
146407,Yes
146408,No
146409,No
146410,Yes
146411,No
146412,Yes
146413,Yes
146414,Yes
146415,Yes
146416,No
146417,Yes
146418,No
146419,No
146420,No
146421,Yes
146422,Yes
146423,No
146424,Yes
146425,Yes
146426,Yes
146427,Yes
146428,No
146429,Yes
146430,No
146431,No
146432,No
146433,No
146434,Yes
146435,Yes
146436,Yes
146437,Yes
146438,No
146439,Yes
146440,Yes
146441,No
146442,Yes
146443,No
146444,Yes
146445,No
146446,No
146447,No
146448,No
146449,Yes
146450,Yes
146451,Yes
146452,Yes
146453,No
146454,Yes
146455,Yes
146456,No
146457,Yes
146458,No
146459,Yes
146460,Yes
146461,Yes
146462,Yes
146463,No
146464,Yes
146465,Yes
146466,Yes
146467,No
146468,Yes
146469,Yes
146470,Yes
146471,No
146472,Yes
146473,Yes
146474,Yes
146475,No
146476,No
146477,Yes
146478,Yes
146479,Yes
146480,Yes
146481,Yes
146482,Yes
146483,No
146484,No
146485,No
146486,No
146487,Yes
146488,No
146489,Yes
146490,No
146491,Yes
146492,No
146493,Yes
146494,No
146495,Yes
146496,Yes
146497,Yes
146498,No
146499,No
146500,No
146501,Yes
146502,Yes
146503,No
146504,No
146505,Yes
146506,No
146507,Yes
146508,No
146509,Yes
146510,Yes
146511,No
146512,Yes
146513,Yes
146514,Yes
146515,No
146516,Yes
146517,Yes
146518,No
146519,No
146520,No
146521,Yes
146522,No
146523,No
146524,Yes
146525,Yes
146526,Yes
146527,Yes
146528,No
146529,Yes
146530,Yes
146531,No
146532,Yes
146533,No
146534,No
146535,Yes
146536,Yes
146537,Yes
146538,No
146539,No
146540,Yes
146541,Yes
146542,No
146543,Yes
146544,No
146545,Yes
146546,Yes
146547,Yes
146548,Yes
146549,No
146550,Yes
146551,Yes
146552,No
146553,No
146554,Yes
146555,Yes
146556,Yes
146557,No
146558,No
146559,No
146560,Yes
146561,No
146562,Yes
146563,Yes
146564,No
146565,Yes
146566,No
146567,No
146568,Yes
146569,No
146570,Yes
146571,Yes
146572,Yes
146573,Yes
146574,No
146575,Yes
146576,No
146577,Yes
146578,Yes
146579,Yes
146580,Yes
146581,Yes
146582,Yes
146583,No
146584,No
146585,Yes
146586,No
146587,Yes
146588,Yes
146589,Yes
146590,No
146591,Yes
146592,No
146593,Yes
146594,No
146595,No
146596,Yes
146597,Yes
146598,No
146599,No
146600,Yes
146601,Yes
146602,No
146603,Yes
146604,Yes
146605,No
146606,Yes
146607,Yes
146608,Yes
146609,Yes
146610,Yes
146611,Yes
146612,No
146613,Yes
146614,Yes
146615,Yes
146616,No
146617,Yes
146618,No
146619,Yes
146620,Yes
146621,No
146622,No
146623,No
146624,Yes
146625,Yes
146626,No
146627,Yes
146628,No
146629,Yes
146630,Yes
146631,Yes
146632,No
146633,Yes
146634,Yes
146635,Yes
146636,No
146637,No
146638,Yes
146639,Yes
146640,No
146641,No
146642,No
146643,No
146644,Yes
146645,Yes
146646,Yes
146647,Yes
146648,No
146649,No
146650,Yes
146651,Yes
146652,Yes
146653,Yes
146654,Yes
146655,Yes
146656,No
146657,Yes
146658,No
146659,Yes
146660,Yes
146661,No
146662,Yes
146663,No
146664,Yes
146665,Yes
146666,No
146667,Yes
146668,No
146669,Yes
146670,No
146671,No
146672,Yes
146673,No
146674,Yes
146675,Yes
146676,No
146677,No
146678,No
146679,Yes
146680,Yes
146681,Yes
146682,Yes
146683,No
146684,No
146685,No
146686,Yes
146687,Yes
146688,Yes
146689,No
146690,No
146691,Yes
146692,No
146693,Yes
146694,No
146695,No
146696,No
146697,Yes
146698,Yes
146699,No
146700,No
146701,Yes
146702,No
146703,No
146704,No
146705,Yes
146706,Yes
146707,Yes
146708,No
146709,Yes
146710,Yes
146711,Yes
146712,No
146713,No
146714,No
146715,No
146716,No
146717,Yes
146718,No
146719,No
146720,Yes
146721,Yes
146722,Yes
146723,Yes
146724,Yes
146725,Yes
146726,Yes
146727,Yes
146728,No
146729,Yes
146730,No
146731,No
146732,Yes
146733,Yes
146734,No
146735,No
146736,Yes
146737,Yes
146738,Yes
146739,No
146740,Yes
146741,Yes
146742,Yes
146743,No
146744,Yes
146745,Yes
146746,No
146747,No
146748,Yes
146749,No
146750,No
146751,No
146752,No
146753,No
146754,No
146755,No
146756,No
146757,Yes
146758,No
146759,Yes
146760,Yes
146761,Yes
146762,Yes
146763,Yes
146764,Yes
146765,No
146766,No
146767,No
146768,No
146769,No
146770,Yes
146771,Yes
146772,No
146773,Yes
146774,No
146775,No
146776,No
146777,Yes
146778,Yes
146779,No
146780,Yes
146781,Yes
146782,Yes
146783,Yes
146784,No
146785,Yes
146786,Yes
146787,Yes
146788,No
146789,No
146790,Yes
146791,No
146792,Yes
146793,Yes
146794,Yes
146795,Yes
146796,No
146797,No
146798,No
146799,No
146800,No
146801,No
146802,Yes
146803,Yes
146804,Yes
146805,No
146806,Yes
146807,Yes
146808,No
146809,Yes
146810,Yes
146811,Yes
146812,Yes
146813,No
146814,No
146815,No
146816,Yes
146817,No
146818,No
146819,No
146820,Yes
146821,Yes
146822,Yes
146823,No
146824,No
146825,No
146826,No
146827,Yes
146828,No
146829,Yes
146830,No
146831,No
146832,No
146833,Yes
146834,Yes
146835,No
146836,No
146837,Yes
146838,Yes
146839,Yes
146840,Yes
146841,Yes
146842,Yes
146843,Yes
146844,Yes
146845,No
146846,Yes
146847,No
146848,Yes
146849,No
146850,Yes
146851,Yes
146852,Yes
146853,Yes
146854,Yes
146855,No
146856,No
146857,Yes
146858,No
146859,Yes
146860,Yes
146861,No
146862,No
146863,No
146864,Yes
146865,Yes
146866,No
146867,Yes
146868,Yes
146869,No
146870,No
146871,Yes
146872,No
146873,No
146874,Yes
146875,No
146876,Yes
146877,No
146878,Yes
146879,No
146880,Yes
146881,Yes
146882,Yes
146883,No
146884,Yes
146885,Yes
146886,No
146887,Yes
146888,No
146889,Yes
146890,Yes
146891,Yes
146892,Yes
146893,No
146894,Yes
146895,Yes
146896,No
146897,Yes
146898,Yes
146899,Yes
146900,No
146901,Yes
146902,Yes
146903,Yes
146904,Yes
146905,Yes
146906,No
146907,Yes
146908,Yes
146909,No
146910,No
146911,No
146912,No
146913,Yes
146914,No
146915,Yes
146916,Yes
146917,No
146918,No
146919,No
146920,No
146921,Yes
146922,No
146923,No
146924,No
146925,Yes
146926,Yes
146927,No
146928,No
146929,Yes
146930,Yes
146931,Yes
146932,Yes
146933,No
146934,No
146935,Yes
146936,No
146937,Yes
146938,Yes
146939,Yes
146940,No
146941,No
146942,No
146943,Yes
146944,Yes
146945,No
146946,No
146947,No
146948,No
146949,No
146950,Yes
146951,Yes
146952,No
146953,No
146954,No
146955,Yes
146956,Yes
146957,No
146958,No
146959,Yes
146960,No
146961,Yes
146962,Yes
146963,No
146964,Yes
146965,Yes
146966,Yes
146967,Yes
146968,Yes
146969,Yes
146970,Yes
146971,Yes
146972,No
146973,No
146974,Yes
146975,No
146976,Yes
146977,No
146978,No
146979,Yes
146980,No
146981,No
146982,Yes
146983,Yes
146984,Yes
146985,No
146986,Yes
146987,Yes
146988,Yes
146989,No
146990,No
146991,Yes
146992,No
146993,Yes
146994,Yes
146995,Yes
146996,Yes
146997,Yes
146998,Yes
146999,No
147000,No
147001,No
147002,Yes
147003,Yes
147004,No
147005,No
147006,No
147007,No
147008,No
147009,Yes
147010,No
147011,Yes
147012,Yes
147013,No
147014,Yes
147015,No
147016,No
147017,Yes
147018,No
147019,Yes
147020,No
147021,Yes
147022,No
147023,Yes
147024,Yes
147025,No
147026,Yes
147027,Yes
147028,Yes
147029,No
147030,Yes
147031,Yes
147032,No
147033,No
147034,Yes
147035,Yes
147036,Yes
147037,No
147038,No
147039,No
147040,Yes
147041,Yes
147042,No
147043,Yes
147044,No
147045,No
147046,Yes
147047,Yes
147048,No
147049,Yes
147050,No
147051,Yes
147052,No
147053,No
147054,Yes
147055,No
147056,No
147057,Yes
147058,Yes
147059,Yes
147060,Yes
147061,Yes
147062,Yes
147063,No
147064,Yes
147065,Yes
147066,Yes
147067,Yes
147068,No
147069,Yes
147070,Yes
147071,No
147072,Yes
147073,Yes
147074,Yes
147075,No
147076,Yes
147077,No
147078,Yes
147079,Yes
147080,No
147081,Yes
147082,Yes
147083,No
147084,Yes
147085,Yes
147086,No
147087,Yes
147088,No
147089,Yes
147090,Yes
147091,No
147092,Yes
147093,Yes
147094,Yes
147095,Yes
147096,No
147097,No
147098,Yes
147099,Yes
147100,Yes
147101,No
147102,Yes
147103,No
147104,Yes
147105,Yes
147106,No
147107,No
147108,No
147109,Yes
147110,No
147111,Yes
147112,No
147113,No
147114,No
147115,No
147116,Yes
147117,Yes
147118,Yes
147119,No
147120,Yes
147121,No
147122,No
147123,Yes
147124,Yes
147125,No
147126,No
147127,No
147128,Yes
147129,Yes
147130,No
147131,Yes
147132,No
147133,Yes
147134,Yes
147135,Yes
147136,No
147137,No
147138,No
147139,Yes
147140,Yes
147141,No
147142,No
147143,No
147144,Yes
147145,No
147146,Yes
147147,Yes
147148,No
147149,Yes
147150,Yes
147151,No
147152,No
147153,Yes
147154,Yes
147155,Yes
147156,No
147157,No
147158,Yes
147159,No
147160,Yes
147161,Yes
147162,Yes
147163,No
147164,Yes
147165,No
147166,Yes
147167,No
147168,Yes
147169,No
147170,Yes
147171,Yes
147172,No
147173,Yes
147174,Yes
147175,Yes
147176,Yes
147177,Yes
147178,No
147179,Yes
147180,Yes
147181,No
147182,No
147183,No
147184,No
147185,Yes
147186,No
147187,No
147188,No
147189,Yes
147190,Yes
147191,No
147192,No
147193,Yes
147194,No
147195,Yes
147196,No
147197,No
147198,Yes
147199,Yes
147200,No
147201,No
147202,No
147203,Yes
147204,No
147205,Yes
147206,Yes
147207,Yes
147208,No
147209,Yes
147210,Yes
147211,No
147212,Yes
147213,No
147214,No
147215,No
147216,No
147217,Yes
147218,Yes
147219,No
147220,Yes
147221,No
147222,Yes
147223,No
147224,No
147225,No
147226,Yes
147227,Yes
147228,Yes
147229,Yes
147230,Yes
147231,Yes
147232,Yes
147233,Yes
147234,No
147235,No
147236,Yes
147237,No
147238,Yes
147239,Yes
147240,No
147241,No
147242,Yes
147243,Yes
147244,No
147245,Yes
147246,Yes
147247,Yes
147248,No
147249,Yes
147250,Yes
147251,Yes
147252,Yes
147253,Yes
147254,No
147255,Yes
147256,Yes
147257,Yes
147258,No
147259,Yes
147260,Yes
147261,Yes
147262,Yes
147263,No
147264,Yes
147265,Yes
147266,No
147267,Yes
147268,Yes
147269,No
147270,Yes
147271,Yes
147272,Yes
147273,Yes
147274,Yes
147275,Yes
147276,Yes
147277,No
147278,No
147279,Yes
147280,Yes
147281,Yes
147282,No
147283,No
147284,Yes
147285,No
147286,No
147287,Yes
147288,No
147289,No
147290,Yes
147291,Yes
147292,Yes
147293,Yes
147294,Yes
147295,Yes
147296,Yes
147297,Yes
147298,No
147299,No
147300,No
147301,Yes
147302,Yes
147303,No
147304,No
147305,No
147306,No
147307,Yes
147308,No
147309,No
147310,No
147311,Yes
147312,No
147313,Yes
147314,Yes
147315,Yes
147316,No
147317,No
147318,Yes
147319,Yes
147320,No
147321,No
147322,No
147323,Yes
147324,Yes
147325,No
147326,Yes
147327,Yes
147328,No
147329,Yes
147330,Yes
147331,Yes
147332,No
147333,No
147334,Yes
147335,No
147336,Yes
147337,No
147338,Yes
147339,No
147340,Yes
147341,No
147342,Yes
147343,Yes
147344,Yes
147345,Yes
147346,No
147347,Yes
147348,Yes
147349,No
147350,No
147351,Yes
147352,Yes
147353,Yes
147354,Yes
147355,No
147356,Yes
147357,Yes
147358,No
147359,No
147360,Yes
147361,Yes
147362,No
147363,No
147364,Yes
147365,No
147366,No
147367,Yes
147368,No
147369,Yes
147370,Yes
147371,No
147372,Yes
147373,No
147374,No
147375,Yes
147376,No
147377,Yes
147378,No
147379,No
147380,Yes
147381,No
147382,No
147383,Yes
147384,No
147385,Yes
147386,Yes
147387,No
147388,No
147389,Yes
147390,Yes
147391,Yes
147392,Yes
147393,Yes
147394,No
147395,Yes
147396,Yes
147397,Yes
147398,No
147399,No
147400,No
147401,Yes
147402,No
147403,No
147404,Yes
147405,Yes
147406,No
147407,Yes
147408,Yes
147409,Yes
147410,Yes
147411,Yes
147412,No
147413,No
147414,No
147415,Yes
147416,No
147417,Yes
147418,No
147419,Yes
147420,Yes
147421,No
147422,No
147423,Yes
147424,No
147425,No
147426,No
147427,No
147428,Yes
147429,Yes
147430,No
147431,No
147432,No
147433,Yes
147434,No
147435,Yes
147436,Yes
147437,Yes
147438,Yes
147439,No
147440,Yes
147441,Yes
147442,Yes
147443,Yes
147444,No
147445,Yes
147446,No
147447,No
147448,No
147449,No
147450,No
147451,No
147452,No
147453,No
147454,No
147455,Yes
147456,No
147457,Yes
147458,No
147459,No
147460,Yes
147461,Yes
147462,Yes
147463,No
147464,Yes
147465,Yes
147466,Yes
147467,Yes
147468,Yes
147469,Yes
147470,No
147471,No
147472,No
147473,No
147474,No
147475,No
147476,Yes
147477,No
147478,No
147479,No
147480,No
147481,Yes
147482,Yes
147483,No
147484,No
147485,No
147486,Yes
147487,Yes
147488,No
147489,Yes
147490,No
147491,Yes
147492,Yes
147493,Yes
147494,Yes
147495,Yes
147496,Yes
147497,Yes
147498,Yes
147499,No
147500,No
147501,No
147502,No
147503,No
147504,No
147505,Yes
147506,Yes
147507,Yes
147508,Yes
147509,No
147510,No
147511,Yes
147512,Yes
147513,No
147514,No
147515,No
147516,Yes
147517,Yes
147518,Yes
147519,Yes
147520,Yes
147521,Yes
147522,Yes
147523,No
147524,Yes
147525,No
147526,No
147527,Yes
147528,Yes
147529,Yes
147530,Yes
147531,No
147532,No
147533,Yes
147534,Yes
147535,Yes
147536,No
147537,Yes
147538,Yes
147539,Yes
147540,No
147541,Yes
147542,Yes
147543,No
147544,No
147545,Yes
147546,No
147547,Yes
147548,Yes
147549,No
147550,No
147551,No
147552,Yes
147553,Yes
147554,Yes
147555,No
147556,No
147557,No
147558,Yes
147559,Yes
147560,Yes
147561,No
147562,Yes
147563,Yes
147564,Yes
147565,Yes
147566,Yes
147567,No
147568,Yes
147569,No
147570,Yes
147571,No
147572,Yes
147573,No
147574,No
147575,Yes
147576,Yes
147577,Yes
147578,No
147579,No
147580,No
147581,No
147582,Yes
147583,Yes
147584,No
147585,No
147586,No
147587,No
147588,No
147589,Yes
147590,No
147591,Yes
147592,No
147593,Yes
147594,No
147595,No
147596,No
147597,Yes
147598,Yes
147599,No
147600,No
147601,No
147602,Yes
147603,No
147604,No
147605,Yes
147606,Yes
147607,Yes
147608,No
147609,No
147610,No
147611,No
147612,Yes
147613,Yes
147614,Yes
147615,Yes
147616,No
147617,Yes
147618,No
147619,No
147620,Yes
147621,No
147622,No
147623,Yes
147624,No
147625,Yes
147626,No
147627,No
147628,Yes
147629,No
147630,Yes
147631,Yes
147632,Yes
147633,Yes
147634,Yes
147635,No
147636,Yes
147637,Yes
147638,No
147639,No
147640,Yes
147641,Yes
147642,Yes
147643,Yes
147644,Yes
147645,Yes
147646,Yes
147647,Yes
147648,Yes
147649,No
147650,Yes
147651,No
147652,Yes
147653,No
147654,No
147655,No
147656,No
147657,No
147658,No
147659,Yes
147660,No
147661,Yes
147662,No
147663,No
147664,No
147665,Yes
147666,Yes
147667,Yes
147668,Yes
147669,No
147670,Yes
147671,No
147672,Yes
147673,No
147674,No
147675,Yes
147676,No
147677,No
147678,No
147679,Yes
147680,Yes
147681,Yes
147682,Yes
147683,Yes
147684,Yes
147685,Yes
147686,Yes
147687,Yes
147688,Yes
147689,Yes
147690,Yes
147691,Yes
147692,No
147693,Yes
147694,Yes
147695,Yes
147696,No
147697,Yes
147698,No
147699,Yes
147700,No
147701,Yes
147702,Yes
147703,No
147704,Yes
147705,Yes
147706,Yes
147707,No
147708,No
147709,Yes
147710,Yes
147711,Yes
147712,Yes
147713,Yes
147714,Yes
147715,Yes
147716,No
147717,Yes
147718,No
147719,Yes
147720,Yes
147721,Yes
147722,Yes
147723,No
147724,Yes
147725,No
147726,Yes
147727,Yes
147728,No
147729,Yes
147730,Yes
147731,No
147732,No
147733,No
147734,No
147735,No
147736,Yes
147737,No
147738,No
147739,No
147740,Yes
147741,No
147742,No
147743,Yes
147744,Yes
147745,Yes
147746,No
147747,Yes
147748,No
147749,Yes
147750,No
147751,No
147752,No
147753,Yes
147754,Yes
147755,Yes
147756,Yes
147757,No
147758,No
147759,Yes
147760,No
147761,Yes
147762,Yes
147763,Yes
147764,Yes
147765,No
147766,Yes
147767,No
147768,Yes
147769,Yes
147770,No
147771,Yes
147772,No
147773,No
147774,No
147775,No
147776,No
147777,Yes
147778,No
147779,Yes
147780,No
147781,Yes
147782,Yes
147783,Yes
147784,No
147785,No
147786,Yes
147787,Yes
147788,Yes
147789,Yes
147790,Yes
147791,No
147792,No
147793,Yes
147794,No
147795,Yes
147796,Yes
147797,No
147798,No
147799,Yes
147800,Yes
147801,Yes
147802,No
147803,No
147804,Yes
147805,Yes
147806,Yes
147807,Yes
147808,Yes
147809,No
147810,Yes
147811,Yes
147812,Yes
147813,Yes
147814,Yes
147815,No
147816,Yes
147817,Yes
147818,No
147819,No
147820,No
147821,Yes
147822,Yes
147823,No
147824,Yes
147825,Yes
147826,No
147827,No
147828,Yes
147829,No
147830,No
147831,Yes
147832,No
147833,Yes
147834,Yes
147835,Yes
147836,No
147837,No
147838,No
147839,Yes
147840,Yes
147841,Yes
147842,Yes
147843,Yes
147844,No
147845,Yes
147846,No
147847,Yes
147848,Yes
147849,Yes
147850,No
147851,Yes
147852,No
147853,Yes
147854,Yes
147855,Yes
147856,No
147857,Yes
147858,Yes
147859,No
147860,Yes
147861,Yes
147862,Yes
147863,No
147864,Yes
147865,No
147866,Yes
147867,No
147868,Yes
147869,No
147870,No
147871,Yes
147872,No
147873,Yes
147874,No
147875,Yes
147876,Yes
147877,No
147878,Yes
147879,Yes
147880,Yes
147881,No
147882,Yes
147883,Yes
147884,Yes
147885,Yes
147886,Yes
147887,Yes
147888,No
147889,No
147890,Yes
147891,Yes
147892,No
147893,Yes
147894,Yes
147895,No
147896,Yes
147897,No
147898,No
147899,No
147900,Yes
147901,Yes
147902,Yes
147903,Yes
147904,Yes
147905,Yes
147906,Yes
147907,No
147908,Yes
147909,Yes
147910,No
147911,Yes
147912,No
147913,Yes
147914,Yes
147915,Yes
147916,No
147917,Yes
147918,Yes
147919,Yes
147920,Yes
147921,Yes
147922,Yes
147923,Yes
147924,No
147925,No
147926,No
147927,Yes
147928,No
147929,No
147930,No
147931,No
147932,No
147933,No
147934,Yes
147935,No
147936,Yes
147937,Yes
147938,No
147939,No
147940,Yes
147941,Yes
147942,Yes
147943,Yes
147944,No
147945,Yes
147946,Yes
147947,Yes
147948,No
147949,Yes
147950,No
147951,Yes
147952,No
147953,Yes
147954,Yes
147955,Yes
147956,Yes
147957,No
147958,No
147959,Yes
147960,Yes
147961,No
147962,Yes
147963,Yes
147964,Yes
147965,Yes
147966,No
147967,Yes
147968,Yes
147969,No
147970,Yes
147971,Yes
147972,Yes
147973,Yes
147974,No
147975,No
147976,Yes
147977,Yes
147978,No
147979,Yes
147980,Yes
147981,Yes
147982,Yes
147983,No
147984,No
147985,Yes
147986,Yes
147987,Yes
147988,No
147989,Yes
147990,Yes
147991,Yes
147992,Yes
147993,Yes
147994,No
147995,No
147996,No
147997,Yes
147998,No
147999,Yes
148000,Yes
148001,Yes
148002,Yes
148003,Yes
148004,Yes
148005,Yes
148006,No
148007,No
148008,Yes
148009,No
148010,Yes
148011,Yes
148012,No
148013,Yes
148014,Yes
148015,Yes
148016,Yes
148017,Yes
148018,Yes
148019,No
148020,No
148021,Yes
148022,Yes
148023,No
148024,Yes
148025,Yes
148026,No
148027,No
148028,No
148029,Yes
148030,Yes
148031,No
148032,Yes
148033,No
148034,Yes
148035,Yes
148036,Yes
148037,Yes
148038,Yes
148039,Yes
148040,No
148041,Yes
148042,Yes
148043,No
148044,Yes
148045,Yes
148046,No
148047,No
148048,Yes
148049,No
148050,No
148051,Yes
148052,No
148053,Yes
148054,No
148055,No
148056,No
148057,Yes
148058,No
148059,No
148060,Yes
148061,No
148062,No
148063,Yes
148064,Yes
148065,Yes
148066,Yes
148067,Yes
148068,No
148069,No
148070,Yes
148071,Yes
148072,Yes
148073,Yes
148074,No
148075,No
148076,Yes
148077,Yes
148078,No
148079,Yes
148080,No
148081,No
148082,Yes
148083,Yes
148084,Yes
148085,No
148086,No
148087,Yes
148088,No
148089,Yes
148090,No
148091,No
148092,No
148093,Yes
148094,Yes
148095,No
148096,No
148097,No
148098,Yes
148099,No
148100,Yes
148101,No
148102,No
148103,Yes
148104,No
148105,Yes
148106,No
148107,Yes
148108,No
148109,No
148110,Yes
148111,No
148112,No
148113,Yes
148114,No
148115,No
148116,Yes
148117,Yes
148118,Yes
148119,Yes
148120,No
148121,No
148122,No
148123,No
148124,No
148125,Yes
148126,Yes
148127,Yes
148128,Yes
148129,Yes
148130,No
148131,Yes
148132,No
148133,Yes
148134,Yes
148135,No
148136,Yes
148137,No
148138,Yes
148139,No
148140,Yes
148141,Yes
148142,No
148143,No
148144,No
148145,No
148146,Yes
148147,No
148148,Yes
148149,No
148150,No
148151,No
148152,Yes
148153,No
148154,No
148155,No
148156,No
148157,Yes
148158,Yes
148159,No
148160,Yes
148161,Yes
148162,Yes
148163,Yes
148164,Yes
148165,Yes
148166,No
148167,Yes
148168,Yes
148169,No
148170,Yes
148171,Yes
148172,Yes
148173,Yes
148174,Yes
148175,Yes
148176,No
148177,No
148178,Yes
148179,Yes
148180,Yes
148181,No
148182,Yes
148183,Yes
148184,No
148185,Yes
148186,Yes
148187,No
148188,Yes
148189,Yes
148190,No
148191,No
148192,Yes
148193,No
148194,Yes
148195,Yes
148196,No
148197,Yes
148198,Yes
148199,Yes
148200,No
148201,Yes
148202,Yes
148203,No
148204,No
148205,Yes
148206,Yes
148207,No
148208,No
148209,Yes
148210,No
148211,Yes
148212,Yes
148213,No
148214,Yes
148215,Yes
148216,Yes
148217,No
148218,No
148219,Yes
148220,No
148221,No
148222,Yes
148223,No
148224,No
148225,Yes
148226,Yes
148227,Yes
148228,Yes
148229,No
148230,Yes
148231,Yes
148232,No
148233,No
148234,Yes
148235,Yes
148236,No
148237,Yes
148238,No
148239,No
148240,No
148241,Yes
148242,Yes
148243,Yes
148244,No
148245,Yes
148246,No
148247,Yes
148248,No
148249,Yes
148250,Yes
148251,Yes
148252,Yes
148253,Yes
148254,Yes
148255,No
148256,No
148257,No
148258,Yes
148259,No
148260,Yes
148261,No
148262,No
148263,Yes
148264,No
148265,Yes
148266,No
148267,No
148268,Yes
148269,No
148270,No
148271,Yes
148272,Yes
148273,Yes
148274,No
148275,No
148276,Yes
148277,Yes
148278,No
148279,No
148280,Yes
148281,Yes
148282,Yes
148283,No
148284,Yes
148285,No
148286,No
148287,No
148288,No
148289,Yes
148290,No
148291,No
148292,No
148293,Yes
148294,Yes
148295,Yes
148296,No
148297,Yes
148298,No
148299,Yes
148300,Yes
148301,No
148302,Yes
148303,Yes
148304,No
148305,Yes
148306,No
148307,Yes
148308,No
148309,Yes
148310,No
148311,No
148312,No
148313,No
148314,Yes
148315,Yes
148316,Yes
148317,Yes
148318,No
148319,Yes
148320,No
148321,No
148322,No
148323,Yes
148324,No
148325,No
148326,Yes
148327,Yes
148328,Yes
148329,Yes
148330,Yes
148331,Yes
148332,No
148333,No
148334,Yes
148335,Yes
148336,Yes
148337,Yes
148338,Yes
148339,Yes
148340,Yes
148341,No
148342,Yes
148343,Yes
148344,No
148345,No
148346,Yes
148347,No
148348,Yes
148349,Yes
148350,Yes
148351,Yes
148352,Yes
148353,Yes
148354,Yes
148355,Yes
148356,Yes
148357,Yes
148358,No
148359,No
148360,No
148361,Yes
148362,Yes
148363,Yes
148364,No
148365,Yes
148366,No
148367,Yes
148368,Yes
148369,Yes
148370,Yes
148371,Yes
148372,No
148373,Yes
148374,No
148375,No
148376,Yes
148377,No
148378,Yes
148379,No
148380,No
148381,No
148382,No
148383,No
148384,Yes
148385,No
148386,No
148387,Yes
148388,Yes
148389,Yes
148390,Yes
148391,Yes
148392,Yes
148393,No
148394,Yes
148395,Yes
148396,No
148397,No
148398,No
148399,No
148400,Yes
148401,No
148402,Yes
148403,No
148404,No
148405,Yes
148406,Yes
148407,Yes
148408,No
148409,Yes
148410,Yes
148411,Yes
148412,Yes
148413,Yes
148414,No
148415,Yes
148416,No
148417,No
148418,No
148419,No
148420,Yes
148421,Yes
148422,Yes
148423,No
148424,No
148425,No
148426,Yes
148427,No
148428,No
148429,Yes
148430,Yes
148431,Yes
148432,Yes
148433,No
148434,No
148435,No
148436,Yes
148437,No
148438,Yes
148439,Yes
148440,Yes
148441,No
148442,Yes
148443,No
148444,No
148445,No
148446,No
148447,Yes
148448,Yes
148449,No
148450,No
148451,Yes
148452,No
148453,No
148454,No
148455,No
148456,Yes
148457,Yes
148458,No
148459,Yes
148460,Yes
148461,No
148462,Yes
148463,Yes
148464,No
148465,Yes
148466,Yes
148467,Yes
148468,Yes
148469,Yes
148470,Yes
148471,No
148472,Yes
148473,No
148474,Yes
148475,No
148476,No
148477,No
148478,Yes
148479,Yes
148480,No
148481,No
148482,Yes
148483,No
148484,Yes
148485,No
148486,No
148487,No
148488,No
148489,No
148490,Yes
148491,Yes
148492,Yes
148493,No
148494,Yes
148495,Yes
148496,Yes
148497,Yes
148498,No
148499,Yes
148500,No
148501,Yes
148502,No
148503,Yes
148504,Yes
148505,No
148506,No
148507,No
148508,Yes
148509,No
148510,No
148511,No
148512,No
148513,Yes
148514,No
148515,No
148516,No
148517,No
148518,Yes
148519,No
148520,Yes
148521,No
148522,Yes
148523,Yes
148524,Yes
148525,Yes
148526,No
148527,Yes
148528,No
148529,No
148530,No
148531,No
148532,Yes
148533,Yes
148534,No
148535,No
148536,No
148537,No
148538,Yes
148539,Yes
148540,Yes
148541,Yes
148542,No
148543,Yes
148544,Yes
148545,Yes
148546,Yes
148547,Yes
148548,No
148549,No
148550,No
148551,Yes
148552,No
148553,Yes
148554,No
148555,No
148556,No
148557,No
148558,Yes
148559,No
148560,No
148561,No
148562,Yes
148563,Yes
148564,No
148565,Yes
148566,Yes
148567,No
148568,Yes
148569,Yes
148570,No
148571,Yes
148572,No
148573,Yes
148574,Yes
148575,No
148576,Yes
148577,Yes
148578,Yes
148579,No
148580,Yes
148581,No
148582,Yes
148583,Yes
148584,No
148585,Yes
148586,No
148587,No
148588,No
148589,No
148590,Yes
148591,Yes
148592,Yes
148593,Yes
148594,Yes
148595,No
148596,No
148597,No
148598,Yes
148599,Yes
148600,No
148601,Yes
148602,Yes
148603,No
148604,No
148605,Yes
148606,No
148607,No
148608,Yes
148609,Yes
148610,No
148611,Yes
148612,Yes
148613,Yes
148614,Yes
148615,Yes
148616,No
148617,No
148618,Yes
148619,Yes
148620,Yes
148621,Yes
148622,Yes
148623,Yes
148624,Yes
148625,Yes
148626,No
148627,No
148628,Yes
148629,Yes
148630,No
148631,No
148632,Yes
148633,No
148634,Yes
148635,Yes
148636,Yes
148637,No
148638,Yes
148639,No
148640,No
148641,Yes
148642,Yes
148643,Yes
148644,No
148645,Yes
148646,Yes
148647,No
148648,Yes
148649,Yes
148650,No
148651,Yes
148652,Yes
148653,No
148654,Yes
148655,Yes
148656,Yes
148657,No
148658,No
148659,Yes
148660,Yes
148661,Yes
148662,No
148663,No
148664,No
148665,Yes
148666,No
148667,Yes
148668,Yes
148669,Yes
148670,Yes
148671,Yes
148672,No
148673,No
148674,No
148675,Yes
148676,No
148677,No
148678,Yes
148679,Yes
148680,Yes
148681,Yes
148682,No
148683,No
148684,Yes
148685,No
148686,No
148687,Yes
148688,No
148689,Yes
148690,No
148691,Yes
148692,No
148693,Yes
148694,Yes
148695,No
148696,Yes
148697,No
148698,No
148699,Yes
148700,Yes
148701,Yes
148702,Yes
148703,No
148704,Yes
148705,No
148706,Yes
148707,No
148708,No
148709,No
148710,Yes
148711,Yes
148712,No
148713,No
148714,No
148715,No
148716,No
148717,Yes
148718,No
148719,Yes
148720,Yes
148721,Yes
148722,Yes
148723,No
148724,Yes
148725,Yes
148726,No
148727,Yes
148728,No
148729,Yes
148730,No
148731,No
148732,No
148733,No
148734,No
148735,Yes
148736,No
148737,Yes
148738,Yes
148739,No
148740,No
148741,Yes
148742,Yes
148743,No
148744,No
148745,Yes
148746,No
148747,Yes
148748,Yes
148749,Yes
148750,Yes
148751,Yes
148752,No
148753,No
148754,Yes
148755,No
148756,No
148757,Yes
148758,Yes
148759,No
148760,No
148761,No
148762,No
148763,Yes
148764,Yes
148765,Yes
148766,No
148767,Yes
148768,No
148769,Yes
148770,Yes
148771,No
148772,Yes
148773,No
148774,No
148775,Yes
148776,No
148777,Yes
148778,Yes
148779,Yes
148780,Yes
148781,Yes
148782,Yes
148783,No
148784,No
148785,No
148786,No
148787,No
148788,Yes
148789,Yes
148790,Yes
148791,No
148792,Yes
148793,Yes
148794,No
148795,No
148796,Yes
148797,No
148798,Yes
148799,Yes
148800,Yes
148801,Yes
148802,No
148803,Yes
148804,Yes
148805,Yes
148806,Yes
148807,No
148808,Yes
148809,No
148810,No
148811,No
148812,Yes
148813,Yes
148814,Yes
148815,No
148816,Yes
148817,No
148818,Yes
148819,Yes
148820,Yes
148821,Yes
148822,Yes
148823,Yes
148824,Yes
148825,Yes
148826,Yes
148827,Yes
148828,No
148829,No
148830,No
148831,Yes
148832,No
148833,No
148834,No
148835,Yes
148836,No
148837,No
148838,Yes
148839,No
148840,Yes
148841,No
148842,No
148843,No
148844,No
148845,No
148846,Yes
148847,No
148848,No
148849,Yes
148850,No
148851,Yes
148852,Yes
148853,No
148854,No
148855,No
148856,Yes
148857,No
148858,Yes
148859,Yes
148860,No
148861,No
148862,Yes
148863,Yes
148864,No
148865,Yes
148866,No
148867,Yes
148868,Yes
148869,No
148870,Yes
148871,Yes
148872,Yes
148873,No
148874,No
148875,No
148876,Yes
148877,Yes
148878,No
148879,Yes
148880,Yes
148881,Yes
148882,Yes
148883,No
148884,No
148885,No
148886,No
148887,Yes
148888,No
148889,No
148890,No
148891,Yes
148892,Yes
148893,Yes
148894,Yes
148895,Yes
148896,Yes
148897,Yes
148898,Yes
148899,No
148900,No
148901,Yes
148902,Yes
148903,Yes
148904,No
148905,Yes
148906,No
148907,No
148908,No
148909,Yes
148910,Yes
148911,Yes
148912,No
148913,No
148914,Yes
148915,No
148916,No
148917,No
148918,Yes
148919,Yes
148920,No
148921,Yes
148922,No
148923,Yes
148924,Yes
148925,No
148926,No
148927,Yes
148928,No
148929,No
148930,No
148931,No
148932,Yes
148933,Yes
148934,Yes
148935,No
148936,Yes
148937,No
148938,Yes
148939,Yes
148940,Yes
148941,No
148942,No
148943,Yes
148944,Yes
148945,Yes
148946,Yes
148947,No
148948,Yes
148949,No
148950,Yes
148951,No
148952,Yes
148953,Yes
148954,Yes
148955,Yes
148956,Yes
148957,No
148958,Yes
148959,No
148960,Yes
148961,Yes
148962,Yes
148963,No
148964,Yes
148965,No
148966,Yes
148967,No
148968,No
148969,No
148970,Yes
148971,No
148972,Yes
148973,No
148974,Yes
148975,No
148976,Yes
148977,Yes
148978,No
148979,No
148980,No
148981,Yes
148982,No
148983,Yes
148984,Yes
148985,Yes
148986,No
148987,No
148988,No
148989,No
148990,Yes
148991,Yes
148992,No
148993,No
148994,No
148995,Yes
148996,No
148997,Yes
148998,Yes
148999,Yes
149000,No
149001,No
149002,Yes
149003,Yes
149004,Yes
149005,Yes
149006,Yes
149007,No
149008,No
149009,Yes
149010,No
149011,Yes
149012,Yes
149013,No
149014,No
149015,Yes
149016,Yes
149017,Yes
149018,Yes
149019,No
149020,No
149021,Yes
149022,Yes
149023,Yes
149024,Yes
149025,Yes
149026,No
149027,Yes
149028,No
149029,No
149030,Yes
149031,No
149032,No
149033,Yes
149034,No
149035,No
149036,Yes
149037,Yes
149038,No
149039,No
149040,Yes
149041,No
149042,Yes
149043,No
149044,No
149045,Yes
149046,Yes
149047,No
149048,Yes
149049,Yes
149050,Yes
149051,No
149052,Yes
149053,Yes
149054,Yes
149055,No
149056,Yes
149057,Yes
149058,No
149059,Yes
149060,No
149061,Yes
149062,Yes
149063,Yes
149064,No
149065,No
149066,No
149067,Yes
149068,Yes
149069,Yes
149070,Yes
149071,No
149072,Yes
149073,No
149074,Yes
149075,No
149076,No
149077,Yes
149078,Yes
149079,No
149080,Yes
149081,Yes
149082,No
149083,Yes
149084,No
149085,No
149086,No
149087,No
149088,Yes
149089,Yes
149090,Yes
149091,Yes
149092,Yes
149093,No
149094,Yes
149095,No
149096,No
149097,No
149098,Yes
149099,Yes
149100,No
149101,No
149102,Yes
149103,Yes
149104,No
149105,Yes
149106,Yes
149107,Yes
149108,Yes
149109,No
149110,No
149111,No
149112,Yes
149113,No
149114,Yes
149115,Yes
149116,Yes
149117,Yes
149118,No
149119,Yes
149120,No
149121,No
149122,No
149123,No
149124,Yes
149125,No
149126,Yes
149127,No
149128,Yes
149129,Yes
149130,Yes
149131,No
149132,Yes
149133,Yes
149134,Yes
149135,Yes
149136,No
149137,Yes
149138,Yes
149139,No
149140,Yes
149141,Yes
149142,Yes
149143,No
149144,No
149145,Yes
149146,No
149147,No
149148,No
149149,No
149150,Yes
149151,Yes
149152,Yes
149153,No
149154,Yes
149155,Yes
149156,No
149157,Yes
149158,Yes
149159,No
149160,Yes
149161,Yes
149162,Yes
149163,No
149164,Yes
149165,No
149166,No
149167,Yes
149168,No
149169,Yes
149170,No
149171,No
149172,Yes
149173,No
149174,Yes
149175,No
149176,Yes
149177,No
149178,No
149179,No
149180,No
149181,Yes
149182,No
149183,Yes
149184,Yes
149185,Yes
149186,Yes
149187,No
149188,Yes
149189,No
149190,No
149191,Yes
149192,No
149193,Yes
149194,Yes
149195,Yes
149196,Yes
149197,Yes
149198,Yes
149199,No
149200,No
149201,No
149202,Yes
149203,No
149204,No
149205,Yes
149206,No
149207,No
149208,No
149209,No
149210,No
149211,No
149212,Yes
149213,Yes
149214,Yes
149215,Yes
149216,Yes
149217,Yes
149218,No
149219,Yes
149220,No
149221,No
149222,No
149223,No
149224,Yes
149225,Yes
149226,Yes
149227,No
149228,Yes
149229,Yes
149230,Yes
149231,Yes
149232,No
149233,No
149234,Yes
149235,No
149236,Yes
149237,No
149238,Yes
149239,Yes
149240,No
149241,No
149242,Yes
149243,Yes
149244,No
149245,No
149246,Yes
149247,Yes
149248,No
149249,No
149250,No
149251,Yes
149252,Yes
149253,No
149254,Yes
149255,Yes
149256,Yes
149257,Yes
149258,Yes
149259,No
149260,Yes
149261,Yes
149262,Yes
149263,No
149264,Yes
149265,Yes
149266,Yes
149267,Yes
149268,Yes
149269,Yes
149270,No
149271,No
149272,Yes
149273,No
149274,Yes
149275,Yes
149276,No
149277,No
149278,Yes
149279,No
149280,Yes
149281,Yes
149282,No
149283,Yes
149284,No
149285,No
149286,No
149287,No
149288,No
149289,Yes
149290,No
149291,No
149292,No
149293,Yes
149294,No
149295,Yes
149296,Yes
149297,No
149298,No
149299,Yes
149300,Yes
149301,Yes
149302,Yes
149303,No
149304,No
149305,No
149306,Yes
149307,No
149308,No
149309,No
149310,No
149311,No
149312,No
149313,Yes
149314,Yes
149315,No
149316,Yes
149317,Yes
149318,Yes
149319,Yes
149320,No
149321,Yes
149322,Yes
149323,No
149324,Yes
149325,Yes
149326,No
149327,No
149328,Yes
149329,Yes
149330,Yes
149331,Yes
149332,Yes
149333,No
149334,Yes
149335,Yes
149336,Yes
149337,Yes
149338,No
149339,Yes
149340,Yes
149341,No
149342,Yes
149343,Yes
149344,No
149345,No
149346,No
149347,No
149348,Yes
149349,Yes
149350,Yes
149351,Yes
149352,No
149353,No
149354,Yes
149355,Yes
149356,No
149357,Yes
149358,Yes
149359,No
149360,Yes
149361,Yes
149362,Yes
149363,No
149364,No
149365,Yes
149366,No
149367,Yes
149368,Yes
149369,Yes
149370,Yes
149371,Yes
149372,Yes
149373,No
149374,No
149375,No
149376,Yes
149377,No
149378,Yes
149379,Yes
149380,No
149381,No
149382,Yes
149383,Yes
149384,No
149385,No
149386,Yes
149387,Yes
149388,No
149389,Yes
149390,Yes
149391,Yes
149392,No
149393,Yes
149394,Yes
149395,No
149396,No
149397,Yes
149398,Yes
149399,Yes
149400,Yes
149401,No
149402,Yes
149403,Yes
149404,Yes
149405,No
149406,No
149407,No
149408,No
149409,Yes
149410,Yes
149411,No
149412,Yes
149413,No
149414,Yes
149415,Yes
149416,No
149417,No
149418,Yes
149419,No
149420,Yes
149421,No
149422,Yes
149423,Yes
149424,No
149425,No
149426,Yes
149427,No
149428,Yes
149429,No
149430,No
149431,Yes
149432,No
149433,Yes
149434,Yes
149435,No
149436,No
149437,Yes
149438,Yes
149439,Yes
149440,Yes
149441,Yes
149442,No
149443,No
149444,Yes
149445,No
149446,No
149447,Yes
149448,Yes
149449,No
149450,Yes
149451,No
149452,No
149453,Yes
149454,Yes
149455,No
149456,Yes
149457,Yes
149458,Yes
149459,No
149460,Yes
149461,No
149462,Yes
149463,Yes
149464,Yes
149465,Yes
149466,Yes
149467,Yes
149468,No
149469,Yes
149470,Yes
149471,No
149472,No
149473,No
149474,No
149475,Yes
149476,Yes
149477,Yes
149478,No
149479,Yes
149480,No
149481,No
149482,No
149483,Yes
149484,No
149485,No
149486,Yes
149487,Yes
149488,Yes
149489,Yes
149490,Yes
149491,No
149492,No
149493,No
149494,No
149495,Yes
149496,Yes
149497,Yes
149498,No
149499,Yes
149500,Yes
149501,No
149502,Yes
149503,Yes
149504,No
149505,No
149506,Yes
149507,No
149508,No
149509,No
149510,No
149511,No
149512,No
149513,Yes
149514,No
149515,Yes
149516,No
149517,Yes
149518,Yes
149519,Yes
149520,Yes
149521,Yes
149522,Yes
149523,Yes
149524,Yes
149525,No
149526,Yes
149527,No
149528,Yes
149529,No
149530,Yes
149531,No
149532,Yes
149533,No
149534,Yes
149535,No
149536,Yes
149537,Yes
149538,No
149539,Yes
149540,Yes
149541,No
149542,Yes
149543,Yes
149544,Yes
149545,Yes
149546,Yes
149547,No
149548,Yes
149549,Yes
149550,Yes
149551,Yes
149552,Yes
149553,Yes
149554,Yes
149555,Yes
149556,No
149557,Yes
149558,Yes
149559,No
149560,No
149561,Yes
149562,No
149563,Yes
149564,Yes
149565,No
149566,Yes
149567,Yes
149568,No
149569,No
149570,Yes
149571,Yes
149572,Yes
149573,Yes
149574,No
149575,No
149576,No
149577,No
149578,Yes
149579,Yes
149580,Yes
149581,No
149582,No
149583,No
149584,No
149585,No
149586,Yes
149587,Yes
149588,No
149589,No
149590,Yes
149591,No
149592,Yes
149593,Yes
149594,No
149595,No
149596,No
149597,Yes
149598,Yes
149599,No
149600,Yes
149601,No
149602,No
149603,Yes
149604,Yes
149605,Yes
149606,Yes
149607,Yes
149608,No
149609,Yes
149610,No
149611,Yes
149612,No
149613,No
149614,No
149615,Yes
149616,No
149617,No
149618,Yes
149619,Yes
149620,No
149621,Yes
149622,Yes
149623,Yes
149624,Yes
149625,Yes
149626,No
149627,Yes
149628,No
149629,Yes
149630,No
149631,Yes
149632,Yes
149633,No
149634,Yes
149635,No
149636,No
149637,No
149638,Yes
149639,Yes
149640,Yes
149641,Yes
149642,No
149643,No
149644,Yes
149645,Yes
149646,Yes
149647,No
149648,Yes
149649,Yes
149650,No
149651,No
149652,No
149653,No
149654,No
149655,Yes
149656,No
149657,Yes
149658,Yes
149659,No
149660,Yes
149661,Yes
149662,Yes
149663,No
149664,Yes
149665,No
149666,Yes
149667,Yes
149668,Yes
149669,Yes
149670,Yes
149671,Yes
149672,Yes
149673,Yes
149674,No
149675,Yes
149676,No
149677,No
149678,Yes
149679,No
149680,Yes
149681,Yes
149682,No
149683,No
149684,Yes
149685,Yes
149686,Yes
149687,Yes
149688,Yes
149689,No
149690,Yes
149691,Yes
149692,Yes
149693,Yes
149694,No
149695,No
149696,No
149697,No
149698,Yes
149699,Yes
149700,Yes
149701,Yes
149702,No
149703,Yes
149704,Yes
149705,No
149706,No
149707,Yes
149708,Yes
149709,Yes
149710,No
149711,Yes
149712,No
149713,No
149714,Yes
149715,Yes
149716,No
149717,Yes
149718,Yes
149719,No
149720,No
149721,Yes
149722,Yes
149723,No
149724,Yes
149725,Yes
149726,No
149727,No
149728,Yes
149729,Yes
149730,No
149731,Yes
149732,No
149733,Yes
149734,Yes
149735,No
149736,No
149737,No
149738,No
149739,No
149740,No
149741,Yes
149742,No
149743,No
149744,Yes
149745,Yes
149746,Yes
149747,Yes
149748,Yes
149749,No
149750,Yes
149751,No
149752,Yes
149753,Yes
149754,Yes
149755,Yes
149756,Yes
149757,No
149758,Yes
149759,Yes
149760,No
149761,Yes
149762,Yes
149763,Yes
149764,No
149765,Yes
149766,Yes
149767,Yes
149768,No
149769,Yes
149770,No
149771,Yes
149772,Yes
149773,Yes
149774,Yes
149775,Yes
149776,Yes
149777,No
149778,No
149779,Yes
149780,Yes
149781,Yes
149782,No
149783,Yes
149784,No
149785,Yes
149786,No
149787,No
149788,Yes
149789,No
149790,Yes
149791,Yes
149792,Yes
149793,Yes
149794,Yes
149795,Yes
149796,Yes
149797,No
149798,No
149799,No
149800,No
149801,Yes
149802,No
149803,No
149804,Yes
149805,Yes
149806,Yes
149807,Yes
149808,No
149809,Yes
149810,No
149811,Yes
149812,No
149813,Yes
149814,Yes
149815,Yes
149816,Yes
149817,No
149818,Yes
149819,Yes
149820,Yes
149821,No
149822,Yes
149823,Yes
149824,Yes
149825,No
149826,Yes
149827,No
149828,No
149829,Yes
149830,Yes
149831,Yes
149832,Yes
149833,No
149834,No
149835,Yes
149836,No
149837,Yes
149838,No
149839,No
149840,Yes
149841,Yes
149842,Yes
149843,Yes
149844,Yes
149845,No
149846,Yes
149847,Yes
149848,No
149849,No
149850,Yes
149851,No
149852,No
149853,Yes
149854,Yes
149855,Yes
149856,Yes
149857,No
149858,Yes
149859,Yes
149860,No
149861,No
149862,Yes
149863,Yes
149864,No
149865,No
149866,Yes
149867,Yes
149868,No
149869,Yes
149870,Yes
149871,No
149872,Yes
149873,Yes
149874,Yes
149875,Yes
149876,Yes
149877,Yes
149878,No
149879,No
149880,No
149881,No
149882,No
149883,No
149884,No
149885,No
149886,Yes
149887,Yes
149888,Yes
149889,Yes
149890,No
149891,No
149892,Yes
149893,No
149894,Yes
149895,No
149896,Yes
149897,Yes
149898,Yes
149899,No
149900,No
149901,Yes
149902,Yes
149903,No
149904,No
149905,Yes
149906,No
149907,Yes
149908,No
149909,No
149910,Yes
149911,Yes
149912,Yes
149913,Yes
149914,No
149915,Yes
149916,Yes
149917,No
149918,No
149919,Yes
149920,Yes
149921,Yes
149922,No
149923,Yes
149924,No
149925,Yes
149926,Yes
149927,Yes
149928,No
149929,No
149930,Yes
149931,Yes
149932,Yes
149933,No
149934,No
149935,Yes
149936,No
149937,Yes
149938,Yes
149939,Yes
149940,Yes
149941,No
149942,Yes
149943,Yes
149944,No
149945,Yes
149946,Yes
149947,Yes
149948,No
149949,Yes
149950,Yes
149951,Yes
149952,Yes
149953,No
149954,Yes
149955,Yes
149956,Yes
149957,Yes
149958,Yes
149959,No
149960,No
149961,Yes
149962,No
149963,Yes
149964,No
149965,Yes
149966,Yes
149967,Yes
149968,No
149969,Yes
149970,No
149971,No
149972,No
149973,Yes
149974,Yes
149975,Yes
149976,No
149977,No
149978,Yes
149979,No
149980,No
149981,Yes
149982,No
149983,No
149984,Yes
149985,No
149986,No
149987,No
149988,Yes
149989,Yes
149990,Yes
149991,Yes
149992,No
149993,No
149994,Yes
149995,No
149996,Yes
149997,No
149998,Yes
149999,Yes
150000,No
150001,Yes
150002,Yes
150003,Yes
150004,Yes
150005,No
150006,Yes
150007,No
150008,Yes
150009,Yes
150010,Yes
150011,Yes
150012,Yes
150013,Yes
150014,Yes
150015,Yes
150016,No
150017,Yes
150018,No
150019,Yes
150020,No
150021,No
150022,Yes
150023,No
150024,No
150025,Yes
150026,Yes
150027,No
150028,Yes
150029,Yes
150030,No
150031,Yes
150032,Yes
150033,No
150034,No
150035,Yes
