ID,Survival Prediction
75036,No
75037,Yes
75038,No
75039,No
75040,No
75041,No
75042,Yes
75043,No
75044,No
75045,No
75046,No
75047,Yes
75048,Yes
75049,No
75050,No
75051,No
75052,Yes
75053,No
75054,Yes
75055,No
75056,Yes
75057,No
75058,No
75059,No
75060,Yes
75061,Yes
75062,No
75063,Yes
75064,Yes
75065,No
75066,Yes
75067,No
75068,Yes
75069,No
75070,No
75071,No
75072,No
75073,No
75074,No
75075,No
75076,No
75077,Yes
75078,No
75079,Yes
75080,No
75081,Yes
75082,No
75083,No
75084,No
75085,No
75086,No
75087,No
75088,No
75089,Yes
75090,Yes
75091,No
75092,Yes
75093,No
75094,No
75095,No
75096,No
75097,No
75098,Yes
75099,No
75100,No
75101,No
75102,Yes
75103,No
75104,No
75105,No
75106,No
75107,No
75108,No
75109,Yes
75110,Yes
75111,No
75112,Yes
75113,No
75114,Yes
75115,No
75116,Yes
75117,No
75118,No
75119,Yes
75120,No
75121,Yes
75122,No
75123,No
75124,No
75125,Yes
75126,No
75127,No
75128,No
75129,No
75130,No
75131,No
75132,No
75133,Yes
75134,Yes
75135,No
75136,No
75137,No
75138,No
75139,No
75140,No
75141,Yes
75142,No
75143,No
75144,No
75145,Yes
75146,No
75147,Yes
75148,No
75149,No
75150,No
75151,No
75152,Yes
75153,No
75154,Yes
75155,Yes
75156,Yes
75157,No
75158,Yes
75159,No
75160,Yes
75161,No
75162,No
75163,No
75164,No
75165,No
75166,Yes
75167,Yes
75168,No
75169,No
75170,No
75171,No
75172,Yes
75173,Yes
75174,Yes
75175,No
75176,Yes
75177,Yes
75178,No
75179,No
75180,Yes
75181,No
75182,Yes
75183,Yes
75184,No
75185,No
75186,No
75187,No
75188,No
75189,No
75190,No
75191,No
75192,Yes
75193,No
75194,No
75195,Yes
75196,No
75197,Yes
75198,Yes
75199,Yes
75200,Yes
75201,Yes
75202,No
75203,Yes
75204,No
75205,No
75206,No
75207,Yes
75208,No
75209,Yes
75210,No
75211,No
75212,No
75213,Yes
75214,Yes
75215,No
75216,Yes
75217,No
75218,No
75219,No
75220,No
75221,Yes
75222,No
75223,Yes
75224,No
75225,No
75226,No
75227,No
75228,No
75229,No
75230,Yes
75231,Yes
75232,No
75233,Yes
75234,No
75235,Yes
75236,No
75237,Yes
75238,No
75239,Yes
75240,No
75241,No
75242,Yes
75243,Yes
75244,No
75245,No
75246,Yes
75247,No
75248,No
75249,No
75250,Yes
75251,Yes
75252,No
75253,No
75254,No
75255,Yes
75256,No
75257,No
75258,No
75259,No
75260,No
75261,No
75262,Yes
75263,No
75264,No
75265,Yes
75266,No
75267,No
75268,No
75269,Yes
75270,No
75271,No
75272,No
75273,No
75274,No
75275,Yes
75276,Yes
75277,No
75278,Yes
75279,Yes
75280,No
75281,No
75282,No
75283,No
75284,No
75285,No
75286,No
75287,No
75288,Yes
75289,No
75290,No
75291,No
75292,Yes
75293,Yes
75294,Yes
75295,No
75296,No
75297,Yes
75298,No
75299,No
75300,Yes
75301,No
75302,No
75303,No
75304,Yes
75305,Yes
75306,No
75307,No
75308,No
75309,Yes
75310,Yes
75311,Yes
75312,No
75313,No
75314,No
75315,Yes
75316,Yes
75317,No
75318,No
75319,No
75320,No
75321,No
75322,No
75323,No
75324,No
75325,Yes
75326,Yes
75327,Yes
75328,No
75329,No
75330,Yes
75331,Yes
75332,No
75333,Yes
75334,No
75335,No
75336,No
75337,Yes
75338,No
75339,Yes
75340,No
75341,No
75342,Yes
75343,No
75344,No
75345,No
75346,No
75347,Yes
75348,Yes
75349,No
75350,No
75351,No
75352,Yes
75353,No
75354,No
75355,Yes
75356,No
75357,No
75358,No
75359,No
75360,Yes
75361,No
75362,No
75363,No
75364,No
75365,No
75366,Yes
75367,No
75368,Yes
75369,No
75370,Yes
75371,No
75372,No
75373,Yes
75374,Yes
75375,No
75376,No
75377,No
75378,No
75379,Yes
75380,Yes
75381,Yes
75382,Yes
75383,Yes
75384,Yes
75385,No
75386,Yes
75387,No
75388,Yes
75389,No
75390,Yes
75391,Yes
75392,No
75393,Yes
75394,Yes
75395,No
75396,No
75397,Yes
75398,Yes
75399,Yes
75400,No
75401,Yes
75402,No
75403,Yes
75404,No
75405,Yes
75406,No
75407,Yes
75408,Yes
75409,No
75410,Yes
75411,No
75412,Yes
75413,Yes
75414,Yes
75415,No
75416,No
75417,No
75418,No
75419,Yes
75420,Yes
75421,Yes
75422,No
75423,No
75424,No
75425,No
75426,Yes
75427,No
75428,No
75429,Yes
75430,Yes
75431,Yes
75432,No
75433,No
75434,Yes
75435,No
75436,No
75437,No
75438,Yes
75439,Yes
75440,Yes
75441,No
75442,No
75443,No
75444,No
75445,No
75446,No
75447,No
75448,No
75449,Yes
75450,Yes
75451,No
75452,No
75453,No
75454,Yes
75455,Yes
75456,Yes
75457,Yes
75458,No
75459,No
75460,Yes
75461,No
75462,No
75463,No
75464,No
75465,No
75466,Yes
75467,No
75468,Yes
75469,No
75470,No
75471,No
75472,No
75473,No
75474,Yes
75475,Yes
75476,No
75477,No
75478,No
75479,Yes
75480,No
75481,Yes
75482,No
75483,No
75484,No
75485,No
75486,No
75487,Yes
75488,No
75489,No
75490,No
75491,No
75492,No
75493,No
75494,Yes
75495,No
75496,No
75497,No
75498,No
75499,No
75500,No
75501,No
75502,No
75503,No
75504,No
75505,No
75506,Yes
75507,No
75508,No
75509,Yes
75510,No
75511,No
75512,No
75513,No
75514,No
75515,No
75516,No
75517,No
75518,No
75519,No
75520,Yes
75521,No
75522,Yes
75523,Yes
75524,Yes
75525,Yes
75526,No
75527,Yes
75528,Yes
75529,No
75530,Yes
75531,No
75532,Yes
75533,Yes
75534,No
75535,No
75536,No
75537,Yes
75538,No
75539,Yes
75540,No
75541,No
75542,Yes
75543,Yes
75544,No
75545,No
75546,No
75547,No
75548,No
75549,No
75550,No
75551,No
75552,No
75553,No
75554,Yes
75555,Yes
75556,No
75557,No
75558,Yes
75559,Yes
75560,No
75561,No
75562,Yes
75563,Yes
75564,No
75565,No
75566,No
75567,No
75568,No
75569,No
75570,No
75571,Yes
75572,Yes
75573,Yes
75574,No
75575,Yes
75576,No
75577,Yes
75578,No
75579,No
75580,No
75581,Yes
75582,Yes
75583,Yes
75584,Yes
75585,No
75586,No
75587,Yes
75588,No
75589,No
75590,Yes
75591,No
75592,No
75593,No
75594,No
75595,Yes
75596,No
75597,No
75598,No
75599,Yes
75600,Yes
75601,No
75602,No
75603,No
75604,No
75605,No
75606,Yes
75607,Yes
75608,No
75609,No
75610,No
75611,No
75612,No
75613,No
75614,No
75615,No
75616,No
75617,Yes
75618,No
75619,Yes
75620,No
75621,No
75622,Yes
75623,Yes
75624,No
75625,Yes
75626,No
75627,Yes
75628,Yes
75629,No
75630,No
75631,No
75632,No
75633,Yes
75634,Yes
75635,No
75636,Yes
75637,No
75638,Yes
75639,No
75640,No
75641,No
75642,Yes
75643,Yes
75644,Yes
75645,No
75646,No
75647,No
75648,No
75649,Yes
75650,No
75651,Yes
75652,Yes
75653,Yes
75654,Yes
75655,No
75656,Yes
75657,No
75658,Yes
75659,No
75660,No
75661,No
75662,No
75663,No
75664,Yes
75665,No
75666,Yes
75667,No
75668,No
75669,No
75670,Yes
75671,Yes
75672,No
75673,No
75674,Yes
75675,Yes
75676,No
75677,No
75678,Yes
75679,No
75680,No
75681,Yes
75682,Yes
75683,No
75684,Yes
75685,No
75686,Yes
75687,Yes
75688,No
75689,Yes
75690,Yes
75691,No
75692,Yes
75693,No
75694,Yes
75695,No
75696,No
75697,Yes
75698,No
75699,No
75700,No
75701,No
75702,No
75703,No
75704,Yes
75705,No
75706,Yes
75707,Yes
75708,Yes
75709,No
75710,No
75711,No
75712,No
75713,No
75714,No
75715,No
75716,Yes
75717,Yes
75718,No
75719,No
75720,No
75721,Yes
75722,Yes
75723,No
75724,Yes
75725,No
75726,No
75727,No
75728,Yes
75729,No
75730,No
75731,No
75732,No
75733,No
75734,Yes
75735,Yes
75736,No
75737,Yes
75738,No
75739,No
75740,No
75741,No
75742,No
75743,Yes
75744,Yes
75745,Yes
75746,Yes
75747,Yes
75748,No
75749,No
75750,Yes
75751,Yes
75752,No
75753,Yes
75754,Yes
75755,No
75756,Yes
75757,No
75758,No
75759,No
75760,Yes
75761,No
75762,Yes
75763,No
75764,No
75765,No
75766,No
75767,No
75768,Yes
75769,No
75770,Yes
75771,No
75772,No
75773,Yes
75774,No
75775,No
75776,No
75777,No
75778,Yes
75779,No
75780,No
75781,Yes
75782,No
75783,No
75784,No
75785,No
75786,No
75787,No
75788,No
75789,Yes
75790,No
75791,No
75792,Yes
75793,Yes
75794,No
75795,Yes
75796,No
75797,No
75798,Yes
75799,No
75800,No
75801,No
75802,No
75803,Yes
75804,Yes
75805,No
75806,No
75807,Yes
75808,No
75809,No
75810,No
75811,No
75812,Yes
75813,No
75814,No
75815,No
75816,Yes
75817,No
75818,Yes
75819,No
75820,Yes
75821,Yes
75822,No
75823,No
75824,No
75825,No
75826,No
75827,Yes
75828,No
75829,No
75830,No
75831,No
75832,No
75833,No
75834,No
75835,No
75836,No
75837,Yes
75838,Yes
75839,No
75840,No
75841,No
75842,No
75843,Yes
75844,No
75845,Yes
75846,Yes
75847,Yes
75848,Yes
75849,No
75850,No
75851,Yes
75852,Yes
75853,No
75854,Yes
75855,No
75856,No
75857,Yes
75858,Yes
75859,No
75860,Yes
75861,No
75862,No
75863,No
75864,No
75865,No
75866,No
75867,Yes
75868,No
75869,Yes
75870,No
75871,Yes
75872,No
75873,Yes
75874,No
75875,No
75876,No
75877,Yes
75878,No
75879,No
75880,No
75881,No
75882,No
75883,No
75884,No
75885,No
75886,Yes
75887,Yes
75888,No
75889,Yes
75890,No
75891,Yes
75892,No
75893,No
75894,No
75895,Yes
75896,No
75897,No
75898,No
75899,Yes
75900,Yes
75901,No
75902,Yes
75903,Yes
75904,No
75905,Yes
75906,Yes
75907,Yes
75908,No
75909,No
75910,Yes
75911,No
75912,No
75913,No
75914,No
75915,Yes
75916,No
75917,No
75918,No
75919,No
75920,No
75921,Yes
75922,No
75923,Yes
75924,Yes
75925,No
75926,Yes
75927,Yes
75928,Yes
75929,No
75930,Yes
75931,No
75932,No
75933,Yes
75934,Yes
75935,No
75936,No
75937,No
75938,No
75939,No
75940,No
75941,No
75942,No
75943,Yes
75944,No
75945,Yes
75946,No
75947,No
75948,No
75949,Yes
75950,No
75951,Yes
75952,No
75953,Yes
75954,No
75955,No
75956,Yes
75957,No
75958,Yes
75959,Yes
75960,No
75961,No
75962,No
75963,No
75964,No
75965,No
75966,Yes
75967,Yes
75968,No
75969,Yes
75970,No
75971,No
75972,Yes
75973,No
75974,No
75975,No
75976,No
75977,No
75978,Yes
75979,No
75980,Yes
75981,Yes
75982,No
75983,Yes
75984,No
75985,No
75986,No
75987,No
75988,No
75989,No
75990,No
75991,No
75992,Yes
75993,No
75994,No
75995,Yes
75996,Yes
75997,Yes
75998,No
75999,No
76000,No
76001,No
76002,No
76003,No
76004,Yes
76005,No
76006,No
76007,No
76008,No
76009,No
76010,Yes
76011,Yes
76012,No
76013,No
76014,Yes
76015,Yes
76016,No
76017,No
76018,No
76019,No
76020,No
76021,No
76022,No
76023,Yes
76024,No
76025,Yes
76026,Yes
76027,No
76028,No
76029,No
76030,No
76031,No
76032,No
76033,No
76034,Yes
76035,No
76036,No
76037,No
76038,Yes
76039,No
76040,Yes
76041,No
76042,No
76043,No
76044,No
76045,Yes
76046,Yes
76047,No
76048,Yes
76049,Yes
76050,No
76051,Yes
76052,Yes
76053,Yes
76054,Yes
76055,Yes
76056,No
76057,No
76058,Yes
76059,Yes
76060,No
76061,Yes
76062,Yes
76063,No
76064,No
76065,No
76066,Yes
76067,No
76068,Yes
76069,Yes
76070,Yes
76071,No
76072,No
76073,No
76074,Yes
76075,No
76076,Yes
76077,Yes
76078,Yes
76079,No
76080,Yes
76081,No
76082,Yes
76083,No
76084,Yes
76085,No
76086,Yes
76087,No
76088,No
76089,No
76090,No
76091,Yes
76092,No
76093,No
76094,Yes
76095,No
76096,No
76097,No
76098,No
76099,No
76100,No
76101,No
76102,No
76103,No
76104,Yes
76105,No
76106,Yes
76107,Yes
76108,Yes
76109,No
76110,No
76111,Yes
76112,No
76113,Yes
76114,No
76115,No
76116,Yes
76117,No
76118,No
76119,No
76120,No
76121,No
76122,No
76123,No
76124,No
76125,No
76126,No
76127,Yes
76128,No
76129,No
76130,No
76131,Yes
76132,No
76133,No
76134,No
76135,No
76136,No
76137,No
76138,Yes
76139,No
76140,No
76141,No
76142,No
76143,Yes
76144,No
76145,Yes
76146,No
76147,Yes
76148,No
76149,No
76150,Yes
76151,No
76152,No
76153,Yes
76154,No
76155,Yes
76156,Yes
76157,No
76158,No
76159,Yes
76160,No
76161,Yes
76162,No
76163,Yes
76164,Yes
76165,Yes
76166,No
76167,No
76168,Yes
76169,Yes
76170,Yes
76171,Yes
76172,No
76173,No
76174,No
76175,No
76176,No
76177,No
76178,No
76179,Yes
76180,No
76181,Yes
76182,No
76183,No
76184,Yes
76185,No
76186,Yes
76187,No
76188,No
76189,Yes
76190,Yes
76191,No
76192,Yes
76193,Yes
76194,Yes
76195,Yes
76196,No
76197,Yes
76198,Yes
76199,No
76200,No
76201,Yes
76202,No
76203,Yes
76204,No
76205,No
76206,No
76207,Yes
76208,No
76209,Yes
76210,No
76211,Yes
76212,No
76213,No
76214,No
76215,No
76216,No
76217,No
76218,No
76219,No
76220,Yes
76221,Yes
76222,Yes
76223,Yes
76224,No
76225,Yes
76226,Yes
76227,Yes
76228,No
76229,Yes
76230,Yes
76231,No
76232,Yes
76233,Yes
76234,No
76235,Yes
76236,Yes
76237,Yes
76238,No
76239,No
76240,Yes
76241,Yes
76242,Yes
76243,No
76244,Yes
76245,No
76246,Yes
76247,No
76248,No
76249,No
76250,No
76251,Yes
76252,Yes
76253,No
76254,No
76255,Yes
76256,No
76257,No
76258,No
76259,Yes
76260,No
76261,Yes
76262,No
76263,No
76264,Yes
76265,Yes
76266,No
76267,No
76268,No
76269,Yes
76270,No
76271,No
76272,No
76273,No
76274,No
76275,No
76276,Yes
76277,Yes
76278,No
76279,No
76280,Yes
76281,Yes
76282,Yes
76283,Yes
76284,No
76285,No
76286,Yes
76287,No
76288,No
76289,No
76290,No
76291,No
76292,Yes
76293,Yes
76294,No
76295,No
76296,No
76297,No
76298,No
76299,No
76300,No
76301,Yes
76302,No
76303,Yes
76304,No
76305,Yes
76306,No
76307,No
76308,Yes
76309,No
76310,Yes
76311,No
76312,Yes
76313,No
76314,No
76315,No
76316,Yes
76317,No
76318,No
76319,Yes
76320,No
76321,Yes
76322,No
76323,No
76324,No
76325,No
76326,Yes
76327,No
76328,No
76329,No
76330,No
76331,Yes
76332,Yes
76333,No
76334,No
76335,No
76336,Yes
76337,No
76338,No
76339,No
76340,No
76341,No
76342,No
76343,No
76344,No
76345,Yes
76346,No
76347,No
76348,No
76349,No
76350,No
76351,Yes
76352,Yes
76353,No
76354,Yes
76355,No
76356,Yes
76357,Yes
76358,Yes
76359,No
76360,No
76361,No
76362,Yes
76363,Yes
76364,No
76365,Yes
76366,Yes
76367,No
76368,No
76369,No
76370,Yes
76371,No
76372,No
76373,No
76374,No
76375,Yes
76376,No
76377,Yes
76378,No
76379,Yes
76380,No
76381,Yes
76382,No
76383,Yes
76384,No
76385,No
76386,No
76387,Yes
76388,No
76389,No
76390,No
76391,No
76392,No
76393,No
76394,Yes
76395,No
76396,No
76397,Yes
76398,Yes
76399,No
76400,Yes
76401,Yes
76402,Yes
76403,No
76404,Yes
76405,Yes
76406,No
76407,Yes
76408,No
76409,Yes
76410,No
76411,No
76412,Yes
76413,No
76414,No
76415,No
76416,No
76417,No
76418,No
76419,No
76420,No
76421,Yes
76422,No
76423,No
76424,No
76425,Yes
76426,Yes
76427,Yes
76428,No
76429,Yes
76430,No
76431,No
76432,Yes
76433,No
76434,Yes
76435,No
76436,Yes
76437,No
76438,No
76439,No
76440,Yes
76441,No
76442,No
76443,No
76444,No
76445,Yes
76446,Yes
76447,Yes
76448,No
76449,Yes
76450,No
76451,No
76452,No
76453,Yes
76454,Yes
76455,No
76456,No
76457,Yes
76458,Yes
76459,No
76460,No
76461,No
76462,No
76463,No
76464,Yes
76465,No
76466,No
76467,No
76468,Yes
76469,Yes
76470,No
76471,Yes
76472,Yes
76473,No
76474,No
76475,Yes
76476,No
76477,Yes
76478,No
76479,No
76480,No
76481,No
76482,Yes
76483,No
76484,No
76485,No
76486,No
76487,No
76488,No
76489,No
76490,No
76491,No
76492,No
76493,No
76494,Yes
76495,No
76496,No
76497,No
76498,No
76499,No
76500,No
76501,Yes
76502,No
76503,No
76504,Yes
76505,No
76506,Yes
76507,Yes
76508,Yes
76509,No
76510,No
76511,Yes
76512,No
76513,No
76514,Yes
76515,No
76516,No
76517,Yes
76518,No
76519,No
76520,No
76521,No
76522,Yes
76523,No
76524,Yes
76525,Yes
76526,No
76527,Yes
76528,No
76529,Yes
76530,Yes
76531,No
76532,Yes
76533,No
76534,Yes
76535,No
76536,No
76537,Yes
76538,No
76539,Yes
76540,Yes
76541,No
76542,No
76543,Yes
76544,No
76545,Yes
76546,No
76547,Yes
76548,Yes
76549,No
76550,No
76551,Yes
76552,No
76553,Yes
76554,No
76555,No
76556,No
76557,No
76558,No
76559,No
76560,Yes
76561,Yes
76562,No
76563,No
76564,No
76565,No
76566,No
76567,Yes
76568,Yes
76569,No
76570,No
76571,Yes
76572,Yes
76573,Yes
76574,No
76575,Yes
76576,Yes
76577,No
76578,No
76579,No
76580,No
76581,No
76582,Yes
76583,No
76584,No
76585,Yes
76586,No
76587,Yes
76588,Yes
76589,Yes
76590,Yes
76591,Yes
76592,No
76593,Yes
76594,Yes
76595,Yes
76596,Yes
76597,Yes
76598,No
76599,No
76600,Yes
76601,No
76602,Yes
76603,No
76604,No
76605,No
76606,No
76607,No
76608,Yes
76609,No
76610,No
76611,Yes
76612,No
76613,No
76614,Yes
76615,Yes
76616,No
76617,No
76618,Yes
76619,No
76620,No
76621,No
76622,No
76623,Yes
76624,Yes
76625,Yes
76626,No
76627,No
76628,No
76629,No
76630,Yes
76631,Yes
76632,No
76633,No
76634,No
76635,No
76636,No
76637,No
76638,No
76639,No
76640,No
76641,No
76642,Yes
76643,No
76644,No
76645,No
76646,No
76647,Yes
76648,No
76649,No
76650,No
76651,Yes
76652,No
76653,Yes
76654,No
76655,No
76656,Yes
76657,Yes
76658,No
76659,No
76660,Yes
76661,No
76662,Yes
76663,Yes
76664,No
76665,Yes
76666,Yes
76667,Yes
76668,Yes
76669,No
76670,Yes
76671,No
76672,No
76673,Yes
76674,No
76675,No
76676,Yes
76677,Yes
76678,No
76679,Yes
76680,Yes
76681,Yes
76682,Yes
76683,Yes
76684,No
76685,No
76686,No
76687,Yes
76688,No
76689,No
76690,No
76691,No
76692,Yes
76693,No
76694,No
76695,No
76696,Yes
76697,No
76698,No
76699,No
76700,No
76701,No
76702,No
76703,Yes
76704,Yes
76705,No
76706,Yes
76707,No
76708,No
76709,No
76710,No
76711,No
76712,No
76713,No
76714,No
76715,Yes
76716,No
76717,No
76718,No
76719,No
76720,Yes
76721,Yes
76722,Yes
76723,Yes
76724,Yes
76725,Yes
76726,No
76727,Yes
76728,Yes
76729,No
76730,Yes
76731,No
76732,Yes
76733,No
76734,No
76735,No
76736,No
76737,No
76738,Yes
76739,Yes
76740,Yes
76741,No
76742,Yes
76743,No
76744,No
76745,No
76746,Yes
76747,No
76748,Yes
76749,Yes
76750,No
76751,No
76752,Yes
76753,No
76754,No
76755,Yes
76756,No
76757,No
76758,No
76759,Yes
76760,No
76761,Yes
76762,No
76763,Yes
76764,Yes
76765,Yes
76766,Yes
76767,No
76768,No
76769,Yes
76770,Yes
76771,Yes
76772,Yes
76773,No
76774,Yes
76775,Yes
76776,Yes
76777,No
76778,No
76779,No
76780,No
76781,Yes
76782,No
76783,No
76784,Yes
76785,No
76786,Yes
76787,Yes
76788,No
76789,No
76790,No
76791,No
76792,Yes
76793,No
76794,No
76795,Yes
76796,No
76797,No
76798,Yes
76799,Yes
76800,Yes
76801,Yes
76802,Yes
76803,No
76804,Yes
76805,Yes
76806,No
76807,Yes
76808,Yes
76809,No
76810,No
76811,No
76812,No
76813,No
76814,Yes
76815,Yes
76816,Yes
76817,No
76818,Yes
76819,No
76820,Yes
76821,No
76822,No
76823,Yes
76824,No
76825,No
76826,No
76827,No
76828,Yes
76829,Yes
76830,No
76831,No
76832,No
76833,No
76834,No
76835,No
76836,No
76837,No
76838,Yes
76839,No
76840,No
76841,No
76842,No
76843,No
76844,Yes
76845,No
76846,No
76847,No
76848,Yes
76849,Yes
76850,Yes
76851,No
76852,Yes
76853,No
76854,Yes
76855,No
76856,No
76857,No
76858,Yes
76859,No
76860,No
76861,Yes
76862,No
76863,No
76864,Yes
76865,Yes
76866,Yes
76867,Yes
76868,No
76869,No
76870,No
76871,No
76872,No
76873,No
76874,Yes
76875,No
76876,No
76877,No
76878,Yes
76879,No
76880,No
76881,Yes
76882,No
76883,No
76884,Yes
76885,No
76886,No
76887,No
76888,No
76889,No
76890,No
76891,No
76892,No
76893,Yes
76894,Yes
76895,No
76896,Yes
76897,No
76898,No
76899,Yes
76900,No
76901,No
76902,No
76903,Yes
76904,Yes
76905,Yes
76906,Yes
76907,No
76908,No
76909,No
76910,No
76911,No
76912,Yes
76913,No
76914,Yes
76915,No
76916,No
76917,No
76918,No
76919,Yes
76920,No
76921,No
76922,No
76923,No
76924,No
76925,No
76926,Yes
76927,No
76928,No
76929,Yes
76930,Yes
76931,No
76932,Yes
76933,No
76934,No
76935,Yes
76936,No
76937,No
76938,Yes
76939,Yes
76940,No
76941,Yes
76942,Yes
76943,Yes
76944,No
76945,Yes
76946,No
76947,Yes
76948,No
76949,No
76950,No
76951,Yes
76952,No
76953,No
76954,Yes
76955,No
76956,No
76957,No
76958,No
76959,No
76960,Yes
76961,No
76962,Yes
76963,No
76964,Yes
76965,No
76966,Yes
76967,No
76968,No
76969,No
76970,Yes
76971,Yes
76972,Yes
76973,Yes
76974,No
76975,No
76976,Yes
76977,Yes
76978,No
76979,Yes
76980,No
76981,No
76982,No
76983,Yes
76984,No
76985,No
76986,No
76987,No
76988,No
76989,No
76990,No
76991,Yes
76992,No
76993,Yes
76994,Yes
76995,No
76996,Yes
76997,No
76998,No
76999,Yes
77000,Yes
77001,No
77002,No
77003,No
77004,Yes
77005,No
77006,No
77007,No
77008,Yes
77009,No
77010,No
77011,Yes
77012,Yes
77013,Yes
77014,Yes
77015,Yes
77016,No
77017,No
77018,Yes
77019,Yes
77020,No
77021,No
77022,No
77023,Yes
77024,No
77025,No
77026,No
77027,No
77028,No
77029,No
77030,Yes
77031,Yes
77032,No
77033,Yes
77034,No
77035,No
77036,No
77037,Yes
77038,Yes
77039,No
77040,No
77041,No
77042,No
77043,No
77044,Yes
77045,No
77046,No
77047,No
77048,No
77049,No
77050,No
77051,Yes
77052,Yes
77053,Yes
77054,No
77055,Yes
77056,No
77057,No
77058,No
77059,No
77060,No
77061,No
77062,No
77063,No
77064,No
77065,Yes
77066,No
77067,Yes
77068,No
77069,No
77070,No
77071,No
77072,No
77073,No
77074,Yes
77075,Yes
77076,No
77077,Yes
77078,No
77079,No
77080,Yes
77081,No
77082,Yes
77083,No
77084,No
77085,Yes
77086,No
77087,No
77088,No
77089,Yes
77090,Yes
77091,No
77092,Yes
77093,No
77094,No
77095,No
77096,Yes
77097,No
77098,No
77099,No
77100,Yes
77101,Yes
77102,Yes
77103,Yes
77104,No
77105,No
77106,Yes
77107,No
77108,No
77109,No
77110,No
77111,Yes
77112,Yes
77113,No
77114,No
77115,No
77116,No
77117,Yes
77118,Yes
77119,No
77120,Yes
77121,Yes
77122,No
77123,Yes
77124,No
77125,Yes
77126,No
77127,Yes
77128,No
77129,No
77130,No
77131,Yes
77132,No
77133,Yes
77134,No
77135,No
77136,No
77137,No
77138,No
77139,Yes
77140,Yes
77141,No
77142,No
77143,No
77144,No
77145,Yes
77146,Yes
77147,No
77148,No
77149,No
77150,No
77151,Yes
77152,Yes
77153,No
77154,No
77155,No
77156,Yes
77157,Yes
77158,No
77159,Yes
77160,No
77161,No
77162,Yes
77163,No
77164,Yes
77165,No
77166,No
77167,No
77168,Yes
77169,Yes
77170,No
77171,Yes
77172,No
77173,No
77174,No
77175,No
77176,No
77177,No
77178,No
77179,Yes
77180,Yes
77181,No
77182,No
77183,No
77184,No
77185,Yes
77186,No
77187,Yes
77188,No
77189,No
77190,No
77191,Yes
77192,No
77193,Yes
77194,No
77195,No
77196,Yes
77197,Yes
77198,No
77199,Yes
77200,Yes
77201,No
77202,Yes
77203,No
77204,Yes
77205,Yes
77206,Yes
77207,Yes
77208,No
77209,No
77210,Yes
77211,No
77212,No
77213,No
77214,Yes
77215,No
77216,No
77217,Yes
77218,No
77219,No
77220,No
77221,No
77222,Yes
77223,No
77224,Yes
77225,Yes
77226,Yes
77227,Yes
77228,Yes
77229,Yes
77230,No
77231,No
77232,No
77233,No
77234,No
77235,No
77236,Yes
77237,Yes
77238,No
77239,Yes
77240,Yes
77241,Yes
77242,No
77243,Yes
77244,No
77245,No
77246,No
77247,Yes
77248,No
77249,Yes
77250,Yes
77251,No
77252,No
77253,No
77254,No
77255,No
77256,Yes
77257,No
77258,Yes
77259,Yes
77260,No
77261,No
77262,Yes
77263,No
77264,Yes
77265,No
77266,Yes
77267,Yes
77268,No
77269,Yes
77270,No
77271,No
77272,No
77273,No
77274,No
77275,No
77276,Yes
77277,Yes
77278,No
77279,Yes
77280,No
77281,No
77282,No
77283,Yes
77284,Yes
77285,No
77286,Yes
77287,No
77288,Yes
77289,No
77290,No
77291,Yes
77292,Yes
77293,No
77294,Yes
77295,No
77296,No
77297,No
77298,No
77299,No
77300,No
77301,No
77302,No
77303,No
77304,No
77305,No
77306,No
77307,No
77308,No
77309,Yes
77310,No
77311,No
77312,Yes
77313,No
77314,No
77315,Yes
77316,Yes
77317,No
77318,Yes
77319,No
77320,Yes
77321,No
77322,No
77323,No
77324,Yes
77325,No
77326,No
77327,Yes
77328,No
77329,No
77330,No
77331,No
77332,No
77333,No
77334,Yes
77335,No
77336,No
77337,No
77338,Yes
77339,Yes
77340,No
77341,No
77342,No
77343,Yes
77344,Yes
77345,Yes
77346,Yes
77347,No
77348,Yes
77349,Yes
77350,No
77351,No
77352,Yes
77353,No
77354,No
77355,Yes
77356,Yes
77357,Yes
77358,Yes
77359,No
77360,No
77361,Yes
77362,No
77363,Yes
77364,Yes
77365,Yes
77366,Yes
77367,No
77368,No
77369,No
77370,Yes
77371,No
77372,No
77373,Yes
77374,No
77375,No
77376,No
77377,No
77378,Yes
77379,Yes
77380,No
77381,No
77382,No
77383,Yes
77384,No
77385,No
77386,Yes
77387,No
77388,No
77389,No
77390,No
77391,Yes
77392,Yes
77393,Yes
77394,Yes
77395,No
77396,No
77397,Yes
77398,No
77399,No
77400,Yes
77401,No
77402,Yes
77403,No
77404,No
77405,No
77406,No
77407,No
77408,Yes
77409,Yes
77410,No
77411,No
77412,No
77413,No
77414,No
77415,Yes
77416,No
77417,Yes
77418,Yes
77419,No
77420,No
77421,Yes
77422,Yes
77423,No
77424,Yes
77425,Yes
77426,No
77427,Yes
77428,No
77429,No
77430,No
77431,No
77432,No
77433,No
77434,Yes
77435,No
77436,No
77437,No
77438,Yes
77439,No
77440,No
77441,No
77442,Yes
77443,No
77444,No
77445,No
77446,Yes
77447,No
77448,Yes
77449,Yes
77450,Yes
77451,No
77452,Yes
77453,No
77454,No
77455,No
77456,Yes
77457,Yes
77458,No
77459,Yes
77460,No
77461,Yes
77462,Yes
77463,No
77464,Yes
77465,No
77466,Yes
77467,No
77468,No
77469,Yes
77470,No
77471,Yes
77472,Yes
77473,Yes
77474,No
77475,No
77476,Yes
77477,No
77478,No
77479,No
77480,No
77481,Yes
77482,Yes
77483,No
77484,No
77485,No
77486,No
77487,Yes
77488,No
77489,Yes
77490,No
77491,No
77492,Yes
77493,Yes
77494,Yes
77495,No
77496,No
77497,No
77498,No
77499,No
77500,No
77501,No
77502,No
77503,No
77504,No
77505,Yes
77506,No
77507,No
77508,Yes
77509,Yes
77510,Yes
77511,No
77512,Yes
77513,No
77514,No
77515,No
77516,No
77517,No
77518,Yes
77519,Yes
77520,Yes
77521,No
77522,Yes
77523,No
77524,No
77525,No
77526,No
77527,No
77528,No
77529,Yes
77530,No
77531,Yes
77532,No
77533,Yes
77534,No
77535,Yes
77536,No
77537,No
77538,No
77539,No
77540,No
77541,No
77542,Yes
77543,Yes
77544,Yes
77545,Yes
77546,No
77547,Yes
77548,No
77549,No
77550,Yes
77551,Yes
77552,Yes
77553,Yes
77554,No
77555,Yes
77556,No
77557,No
77558,No
77559,No
77560,No
77561,No
77562,No
77563,No
77564,Yes
77565,No
77566,No
77567,Yes
77568,No
77569,Yes
77570,No
77571,Yes
77572,Yes
77573,No
77574,No
77575,No
77576,No
77577,Yes
77578,Yes
77579,No
77580,No
77581,Yes
77582,Yes
77583,No
77584,Yes
77585,Yes
77586,No
77587,No
77588,No
77589,No
77590,Yes
77591,No
77592,Yes
77593,No
77594,No
77595,No
77596,No
77597,No
77598,Yes
77599,No
77600,No
77601,Yes
77602,No
77603,Yes
77604,No
77605,No
77606,Yes
77607,Yes
77608,No
77609,Yes
77610,No
77611,Yes
77612,Yes
77613,No
77614,Yes
77615,No
77616,No
77617,Yes
77618,Yes
77619,No
77620,No
77621,Yes
77622,Yes
77623,No
77624,No
77625,No
77626,No
77627,Yes
77628,Yes
77629,Yes
77630,No
77631,No
77632,Yes
77633,Yes
77634,No
77635,Yes
77636,No
77637,Yes
77638,No
77639,No
77640,Yes
77641,No
77642,No
77643,No
77644,Yes
77645,No
77646,No
77647,No
77648,No
77649,No
77650,Yes
77651,No
77652,No
77653,No
77654,Yes
77655,No
77656,No
77657,Yes
77658,Yes
77659,No
77660,No
77661,Yes
77662,No
77663,No
77664,Yes
77665,Yes
77666,No
77667,Yes
77668,No
77669,Yes
77670,Yes
77671,No
77672,Yes
77673,No
77674,Yes
77675,No
77676,Yes
77677,Yes
77678,No
77679,Yes
77680,No
77681,No
77682,Yes
77683,No
77684,Yes
77685,No
77686,Yes
77687,Yes
77688,No
77689,Yes
77690,No
77691,Yes
77692,No
77693,Yes
77694,No
77695,No
77696,Yes
77697,No
77698,No
77699,No
77700,No
77701,No
77702,No
77703,No
77704,Yes
77705,Yes
77706,No
77707,No
77708,No
77709,Yes
77710,No
77711,No
77712,No
77713,No
77714,Yes
77715,No
77716,Yes
77717,Yes
77718,No
77719,No
77720,No
77721,Yes
77722,No
77723,No
77724,Yes
77725,No
77726,No
77727,Yes
77728,No
77729,No
77730,No
77731,Yes
77732,No
77733,Yes
77734,Yes
77735,No
77736,No
77737,Yes
77738,Yes
77739,No
77740,No
77741,No
77742,Yes
77743,No
77744,Yes
77745,Yes
77746,Yes
77747,No
77748,Yes
77749,No
77750,No
77751,No
77752,No
77753,Yes
77754,No
77755,Yes
77756,Yes
77757,Yes
77758,No
77759,Yes
77760,No
77761,Yes
77762,No
77763,No
77764,No
77765,No
77766,Yes
77767,No
77768,Yes
77769,No
77770,Yes
77771,Yes
77772,No
77773,No
77774,No
77775,Yes
77776,No
77777,No
77778,No
77779,Yes
77780,Yes
77781,Yes
77782,No
77783,No
77784,No
77785,No
77786,No
77787,Yes
77788,No
77789,No
77790,No
77791,No
77792,Yes
77793,Yes
77794,No
77795,No
77796,Yes
77797,No
77798,No
77799,Yes
77800,Yes
77801,No
77802,Yes
77803,No
77804,No
77805,Yes
77806,Yes
77807,No
77808,Yes
77809,Yes
77810,No
77811,Yes
77812,Yes
77813,No
77814,Yes
77815,No
77816,No
77817,Yes
77818,No
77819,No
77820,Yes
77821,Yes
77822,No
77823,No
77824,No
77825,Yes
77826,No
77827,Yes
77828,No
77829,No
77830,Yes
77831,No
77832,Yes
77833,Yes
77834,Yes
77835,Yes
77836,Yes
77837,No
77838,No
77839,No
77840,Yes
77841,No
77842,No
77843,Yes
77844,Yes
77845,No
77846,Yes
77847,Yes
77848,Yes
77849,No
77850,No
77851,No
77852,Yes
77853,No
77854,No
77855,Yes
77856,No
77857,No
77858,No
77859,Yes
77860,No
77861,No
77862,No
77863,Yes
77864,No
77865,Yes
77866,Yes
77867,Yes
77868,Yes
77869,No
77870,No
77871,No
77872,No
77873,Yes
77874,No
77875,Yes
77876,No
77877,No
77878,No
77879,No
77880,No
77881,No
77882,Yes
77883,Yes
77884,No
77885,Yes
77886,No
77887,Yes
77888,No
77889,No
77890,No
77891,No
77892,Yes
77893,No
77894,No
77895,No
77896,Yes
77897,Yes
77898,No
77899,No
77900,Yes
77901,No
77902,Yes
77903,Yes
77904,Yes
77905,Yes
77906,No
77907,No
77908,No
77909,Yes
77910,Yes
77911,Yes
77912,Yes
77913,Yes
77914,Yes
77915,No
77916,Yes
77917,No
77918,No
77919,Yes
77920,Yes
77921,Yes
77922,No
77923,No
77924,Yes
77925,No
77926,No
77927,Yes
77928,Yes
77929,Yes
77930,No
77931,No
77932,Yes
77933,Yes
77934,No
77935,Yes
77936,No
77937,No
77938,No
77939,Yes
77940,Yes
77941,No
77942,No
77943,Yes
77944,No
77945,Yes
77946,No
77947,No
77948,No
77949,Yes
77950,No
77951,Yes
77952,No
77953,No
77954,Yes
77955,No
77956,Yes
77957,No
77958,No
77959,No
77960,Yes
77961,Yes
77962,No
77963,No
77964,No
77965,No
77966,Yes
77967,No
77968,No
77969,Yes
77970,No
77971,No
77972,Yes
77973,Yes
77974,No
77975,No
77976,No
77977,No
77978,No
77979,Yes
77980,No
77981,Yes
77982,Yes
77983,Yes
77984,No
77985,No
77986,No
77987,No
77988,No
77989,Yes
77990,No
77991,Yes
77992,No
77993,No
77994,No
77995,No
77996,No
77997,Yes
77998,Yes
77999,No
78000,Yes
78001,No
78002,No
78003,No
78004,No
78005,No
78006,Yes
78007,Yes
78008,No
78009,No
78010,Yes
78011,No
78012,No
78013,Yes
78014,No
78015,No
78016,Yes
78017,No
78018,Yes
78019,No
78020,Yes
78021,Yes
78022,No
78023,Yes
78024,Yes
78025,Yes
78026,Yes
78027,No
78028,Yes
78029,Yes
78030,No
78031,Yes
78032,Yes
78033,No
78034,Yes
78035,No
78036,Yes
78037,No
78038,No
78039,Yes
78040,Yes
78041,No
78042,Yes
78043,Yes
78044,Yes
78045,Yes
78046,No
78047,No
78048,No
78049,No
78050,No
78051,Yes
78052,No
78053,No
78054,Yes
78055,No
78056,No
78057,No
78058,No
78059,Yes
78060,No
78061,Yes
78062,No
78063,Yes
78064,No
78065,No
78066,No
78067,No
78068,No
78069,Yes
78070,No
78071,Yes
78072,No
78073,Yes
78074,No
78075,No
78076,Yes
78077,No
78078,No
78079,No
78080,Yes
78081,No
78082,No
78083,No
78084,No
78085,Yes
78086,Yes
78087,No
78088,No
78089,No
78090,Yes
78091,No
78092,No
78093,Yes
78094,No
78095,Yes
78096,No
78097,No
78098,No
78099,Yes
78100,No
78101,No
78102,No
78103,Yes
78104,Yes
78105,No
78106,No
78107,No
78108,No
78109,Yes
78110,No
78111,No
78112,No
78113,Yes
78114,No
78115,Yes
78116,No
78117,No
78118,No
78119,Yes
78120,No
78121,No
78122,Yes
78123,No
78124,No
78125,No
78126,No
78127,Yes
78128,Yes
78129,No
78130,No
78131,No
78132,Yes
78133,Yes
78134,No
78135,No
78136,Yes
78137,No
78138,Yes
78139,Yes
78140,No
78141,Yes
78142,No
78143,No
78144,Yes
78145,Yes
78146,No
78147,No
78148,Yes
78149,Yes
78150,Yes
78151,No
78152,Yes
78153,No
78154,Yes
78155,No
78156,Yes
78157,No
78158,Yes
78159,No
78160,No
78161,No
78162,No
78163,Yes
78164,Yes
78165,No
78166,No
78167,No
78168,No
78169,Yes
78170,Yes
78171,No
78172,No
78173,Yes
78174,No
78175,No
78176,No
78177,No
78178,No
78179,No
78180,No
78181,Yes
78182,Yes
78183,Yes
78184,Yes
78185,Yes
78186,No
78187,No
78188,No
78189,No
78190,No
78191,No
78192,Yes
78193,Yes
78194,No
78195,Yes
78196,No
78197,No
78198,Yes
78199,No
78200,No
78201,No
78202,Yes
78203,No
78204,No
78205,Yes
78206,Yes
78207,Yes
78208,Yes
78209,No
78210,No
78211,Yes
78212,Yes
78213,Yes
78214,Yes
78215,Yes
78216,Yes
78217,No
78218,Yes
78219,No
78220,No
78221,No
78222,No
78223,Yes
78224,No
78225,No
78226,No
78227,No
78228,No
78229,No
78230,Yes
78231,Yes
78232,No
78233,No
78234,No
78235,No
78236,No
78237,No
78238,No
78239,No
78240,No
78241,Yes
78242,No
78243,Yes
78244,No
78245,No
78246,No
78247,Yes
78248,Yes
78249,Yes
78250,Yes
78251,No
78252,No
78253,Yes
78254,No
78255,No
78256,Yes
78257,No
78258,Yes
78259,No
78260,No
78261,No
78262,No
78263,Yes
78264,No
78265,No
78266,No
78267,No
78268,No
78269,Yes
78270,No
78271,Yes
78272,No
78273,Yes
78274,Yes
78275,Yes
78276,No
78277,No
78278,No
78279,Yes
78280,No
78281,Yes
78282,No
78283,Yes
78284,No
78285,No
78286,Yes
78287,Yes
78288,No
78289,No
78290,No
78291,No
78292,No
78293,Yes
78294,Yes
78295,No
78296,No
78297,No
78298,No
78299,No
78300,No
78301,No
78302,No
78303,Yes
78304,No
78305,Yes
78306,No
78307,No
78308,No
78309,Yes
78310,No
78311,No
78312,No
78313,Yes
78314,Yes
78315,Yes
78316,Yes
78317,No
78318,No
78319,Yes
78320,No
78321,No
78322,No
78323,No
78324,Yes
78325,No
78326,No
78327,No
78328,No
78329,Yes
78330,No
78331,No
78332,No
78333,No
78334,Yes
78335,Yes
78336,Yes
78337,Yes
78338,No
78339,Yes
78340,No
78341,Yes
78342,No
78343,No
78344,No
78345,No
78346,Yes
78347,No
78348,No
78349,No
78350,Yes
78351,No
78352,Yes
78353,Yes
78354,Yes
78355,No
78356,No
78357,No
78358,Yes
78359,No
78360,No
78361,Yes
78362,Yes
78363,No
78364,No
78365,No
78366,No
78367,Yes
78368,No
78369,Yes
78370,No
78371,No
78372,Yes
78373,Yes
78374,No
78375,No
78376,Yes
78377,No
78378,Yes
78379,Yes
78380,No
78381,Yes
78382,Yes
78383,No
78384,No
78385,No
78386,No
78387,No
78388,No
78389,No
78390,Yes
78391,No
78392,No
78393,No
78394,Yes
78395,No
78396,Yes
78397,No
78398,No
78399,No
78400,No
78401,No
78402,Yes
78403,Yes
78404,No
78405,Yes
78406,Yes
78407,Yes
78408,No
78409,No
78410,Yes
78411,Yes
78412,No
78413,No
78414,No
78415,No
78416,Yes
78417,No
78418,No
78419,No
78420,Yes
78421,Yes
78422,No
78423,No
78424,No
78425,Yes
78426,Yes
78427,No
78428,Yes
78429,No
78430,No
78431,No
78432,No
78433,Yes
78434,No
78435,Yes
78436,No
78437,Yes
78438,Yes
78439,No
78440,No
78441,Yes
78442,No
78443,No
78444,Yes
78445,Yes
78446,No
78447,No
78448,Yes
78449,No
78450,No
78451,No
78452,Yes
78453,No
78454,Yes
78455,No
78456,No
78457,Yes
78458,Yes
78459,Yes
78460,Yes
78461,No
78462,Yes
78463,No
78464,No
78465,No
78466,Yes
78467,Yes
78468,No
78469,Yes
78470,No
78471,No
78472,Yes
78473,Yes
78474,No
78475,No
78476,No
78477,No
78478,No
78479,Yes
78480,Yes
78481,No
78482,Yes
78483,No
78484,Yes
78485,No
78486,No
78487,Yes
78488,No
78489,Yes
78490,No
78491,No
78492,No
78493,Yes
78494,No
78495,No
78496,Yes
78497,Yes
78498,Yes
78499,No
78500,No
78501,Yes
78502,No
78503,No
78504,No
78505,No
78506,Yes
78507,No
78508,No
78509,No
78510,Yes
78511,Yes
78512,Yes
78513,No
78514,Yes
78515,No
78516,No
78517,No
78518,No
78519,No
78520,Yes
78521,No
78522,Yes
78523,Yes
78524,No
78525,No
78526,Yes
78527,Yes
78528,Yes
78529,No
78530,No
78531,No
78532,No
78533,Yes
78534,Yes
78535,No
78536,No
78537,No
78538,Yes
78539,No
78540,No
78541,No
78542,No
78543,No
78544,Yes
78545,No
78546,No
78547,No
78548,No
78549,No
78550,No
78551,Yes
78552,Yes
78553,No
78554,No
78555,No
78556,No
78557,Yes
78558,No
78559,No
78560,Yes
78561,Yes
78562,No
78563,No
78564,Yes
78565,No
78566,Yes
78567,Yes
78568,Yes
78569,No
78570,No
78571,Yes
78572,No
78573,Yes
78574,No
78575,No
78576,No
78577,No
78578,No
78579,No
78580,No
78581,Yes
78582,No
78583,No
78584,Yes
78585,No
78586,Yes
78587,No
78588,Yes
78589,No
78590,No
78591,Yes
78592,Yes
78593,Yes
78594,No
78595,No
78596,No
78597,No
78598,No
78599,No
78600,No
78601,No
78602,No
78603,No
78604,Yes
78605,No
78606,No
78607,No
78608,Yes
78609,No
78610,No
78611,No
78612,Yes
78613,No
78614,Yes
78615,Yes
78616,Yes
78617,No
78618,No
78619,Yes
78620,No
78621,No
78622,Yes
78623,Yes
78624,No
78625,Yes
78626,Yes
78627,No
78628,Yes
78629,No
78630,No
78631,No
78632,No
78633,No
78634,No
78635,Yes
78636,No
78637,No
78638,No
78639,Yes
78640,Yes
78641,No
78642,No
78643,No
78644,Yes
78645,No
78646,No
78647,Yes
78648,No
78649,No
78650,Yes
78651,Yes
78652,No
78653,No
78654,Yes
78655,No
78656,Yes
78657,No
78658,Yes
78659,Yes
78660,No
78661,No
78662,No
78663,No
78664,No
78665,Yes
78666,No
78667,Yes
78668,No
78669,No
78670,Yes
78671,No
78672,Yes
78673,No
78674,No
78675,Yes
78676,No
78677,No
78678,Yes
78679,No
78680,No
78681,No
78682,No
78683,Yes
78684,No
78685,Yes
78686,No
78687,No
78688,Yes
78689,No
78690,No
78691,No
78692,Yes
78693,Yes
78694,Yes
78695,Yes
78696,No
78697,Yes
78698,No
78699,No
78700,No
78701,Yes
78702,No
78703,Yes
78704,No
78705,No
78706,No
78707,Yes
78708,No
78709,No
78710,No
78711,Yes
78712,No
78713,No
78714,Yes
78715,No
78716,No
78717,No
78718,Yes
78719,No
78720,No
78721,No
78722,No
78723,No
78724,No
78725,No
78726,Yes
78727,Yes
78728,No
78729,No
78730,Yes
78731,No
78732,No
78733,No
78734,No
78735,Yes
78736,No
78737,No
78738,No
78739,No
78740,No
78741,Yes
78742,Yes
78743,No
78744,Yes
78745,No
78746,No
78747,No
78748,Yes
78749,Yes
78750,No
78751,No
78752,No
78753,No
78754,No
78755,No
78756,Yes
78757,Yes
78758,No
78759,No
78760,No
78761,Yes
78762,No
78763,No
78764,No
78765,No
78766,No
78767,Yes
78768,Yes
78769,No
78770,No
78771,Yes
78772,Yes
78773,No
78774,Yes
78775,No
78776,Yes
78777,No
78778,Yes
78779,No
78780,Yes
78781,Yes
78782,No
78783,Yes
78784,No
78785,No
78786,Yes
78787,No
78788,No
78789,Yes
78790,No
78791,No
78792,Yes
78793,No
78794,No
78795,No
78796,Yes
78797,Yes
78798,No
78799,No
78800,No
78801,Yes
78802,Yes
78803,No
78804,No
78805,No
78806,No
78807,Yes
78808,No
78809,No
78810,Yes
78811,Yes
78812,Yes
78813,No
78814,No
78815,No
78816,Yes
78817,Yes
78818,No
78819,No
78820,No
78821,No
78822,No
78823,No
78824,No
78825,Yes
78826,Yes
78827,No
78828,No
78829,No
78830,No
78831,Yes
78832,No
78833,Yes
78834,No
78835,Yes
78836,No
78837,Yes
78838,Yes
78839,No
78840,Yes
78841,No
78842,No
78843,Yes
78844,No
78845,Yes
78846,No
78847,No
78848,Yes
78849,Yes
78850,No
78851,Yes
78852,Yes
78853,No
78854,No
78855,Yes
78856,Yes
78857,No
78858,No
78859,No
78860,No
78861,Yes
78862,Yes
78863,Yes
78864,No
78865,No
78866,Yes
78867,Yes
78868,No
78869,Yes
78870,No
78871,No
78872,No
78873,No
78874,Yes
78875,No
78876,Yes
78877,No
78878,No
78879,No
78880,No
78881,Yes
78882,No
78883,No
78884,No
78885,No
78886,No
78887,No
78888,Yes
78889,Yes
78890,No
78891,No
78892,No
78893,Yes
78894,No
78895,Yes
78896,No
78897,Yes
78898,No
78899,No
78900,Yes
78901,Yes
78902,No
78903,Yes
78904,No
78905,No
78906,No
78907,Yes
78908,No
78909,No
78910,Yes
78911,Yes
78912,Yes
78913,Yes
78914,Yes
78915,No
78916,No
78917,Yes
78918,No
78919,Yes
78920,No
78921,No
78922,Yes
78923,No
78924,Yes
78925,No
78926,Yes
78927,No
78928,No
78929,No
78930,Yes
78931,No
78932,No
78933,Yes
78934,Yes
78935,No
78936,Yes
78937,No
78938,No
78939,Yes
78940,Yes
78941,Yes
78942,No
78943,No
78944,Yes
78945,No
78946,No
78947,Yes
78948,Yes
78949,Yes
78950,No
78951,No
78952,Yes
78953,No
78954,Yes
78955,No
78956,Yes
78957,No
78958,No
78959,Yes
78960,No
78961,Yes
78962,No
78963,No
78964,No
78965,No
78966,No
78967,No
78968,Yes
78969,Yes
78970,Yes
78971,Yes
78972,Yes
78973,No
78974,Yes
78975,No
78976,No
78977,No
78978,Yes
78979,Yes
78980,No
78981,Yes
78982,Yes
78983,No
78984,Yes
78985,No
78986,No
78987,No
78988,No
78989,No
78990,No
78991,No
78992,Yes
78993,No
78994,No
78995,No
78996,Yes
78997,No
78998,No
78999,No
79000,Yes
79001,No
79002,Yes
79003,Yes
79004,No
79005,No
79006,Yes
79007,No
79008,Yes
79009,No
79010,No
79011,No
79012,No
79013,No
79014,No
79015,Yes
79016,Yes
79017,No
79018,Yes
79019,No
79020,No
79021,No
79022,No
79023,Yes
79024,Yes
79025,Yes
79026,No
79027,Yes
79028,Yes
79029,No
79030,No
79031,Yes
79032,No
79033,No
79034,Yes
79035,Yes
79036,No
79037,No
79038,No
79039,Yes
79040,No
79041,No
79042,No
79043,No
79044,No
79045,Yes
79046,Yes
79047,Yes
79048,Yes
79049,No
79050,No
79051,No
79052,No
79053,No
79054,Yes
79055,No
79056,Yes
79057,No
79058,No
79059,No
79060,Yes
79061,No
79062,No
79063,No
79064,No
79065,Yes
79066,Yes
79067,No
79068,No
79069,Yes
79070,No
79071,No
79072,No
79073,No
79074,No
79075,Yes
79076,Yes
79077,No
79078,Yes
79079,Yes
79080,Yes
79081,No
79082,No
79083,No
79084,No
79085,No
79086,Yes
79087,Yes
79088,No
79089,Yes
79090,No
79091,Yes
79092,No
79093,No
79094,No
79095,No
79096,No
79097,No
79098,No
79099,No
79100,Yes
79101,Yes
79102,Yes
79103,Yes
79104,No
79105,No
79106,Yes
79107,No
79108,Yes
79109,Yes
79110,Yes
79111,Yes
79112,No
79113,No
79114,No
79115,No
79116,No
79117,No
79118,No
79119,Yes
79120,No
79121,No
79122,No
79123,Yes
79124,No
79125,Yes
79126,Yes
79127,Yes
79128,Yes
79129,No
79130,No
79131,No
79132,Yes
79133,No
79134,No
79135,No
79136,Yes
79137,No
79138,Yes
79139,No
79140,Yes
79141,Yes
79142,No
79143,No
79144,No
79145,No
79146,Yes
79147,Yes
79148,No
79149,No
79150,No
79151,No
79152,Yes
79153,Yes
79154,No
79155,No
79156,No
79157,Yes
79158,No
79159,Yes
79160,Yes
79161,No
79162,No
79163,No
79164,Yes
79165,No
79166,Yes
79167,Yes
79168,No
79169,No
79170,No
79171,No
79172,No
79173,No
79174,No
79175,No
79176,No
79177,Yes
79178,Yes
79179,Yes
79180,Yes
79181,Yes
79182,No
79183,No
79184,Yes
79185,No
79186,No
79187,Yes
79188,Yes
79189,No
79190,Yes
79191,No
79192,No
79193,No
79194,Yes
79195,No
79196,No
79197,No
79198,No
79199,No
79200,No
79201,Yes
79202,No
79203,Yes
79204,No
79205,No
79206,No
79207,No
79208,Yes
79209,Yes
79210,No
79211,No
79212,Yes
79213,No
79214,No
79215,No
79216,Yes
79217,No
79218,Yes
79219,No
79220,Yes
79221,Yes
79222,No
79223,No
79224,Yes
79225,Yes
79226,No
79227,Yes
79228,No
79229,No
79230,No
79231,No
79232,No
79233,No
79234,Yes
79235,Yes
79236,Yes
79237,No
79238,No
79239,No
79240,No
79241,Yes
79242,No
79243,No
79244,No
79245,No
79246,No
79247,Yes
79248,No
79249,No
79250,Yes
79251,Yes
79252,No
79253,Yes
79254,Yes
79255,Yes
79256,No
79257,No
79258,Yes
79259,No
79260,No
79261,No
79262,Yes
79263,Yes
79264,No
79265,No
79266,Yes
79267,No
79268,No
79269,No
79270,Yes
79271,No
79272,Yes
79273,Yes
79274,Yes
79275,Yes
79276,No
79277,Yes
79278,No
79279,No
79280,Yes
79281,No
79282,Yes
79283,No
79284,No
79285,Yes
79286,Yes
79287,Yes
79288,No
79289,No
79290,Yes
79291,No
79292,No
79293,No
79294,No
79295,No
79296,No
79297,No
79298,No
79299,No
79300,No
79301,Yes
79302,Yes
79303,No
79304,No
79305,No
79306,Yes
79307,Yes
79308,Yes
79309,No
79310,Yes
79311,Yes
79312,Yes
79313,Yes
79314,Yes
79315,No
79316,No
79317,No
79318,No
79319,Yes
79320,No
79321,No
79322,No
79323,No
79324,No
79325,No
79326,No
79327,No
79328,No
79329,Yes
79330,Yes
79331,No
79332,No
79333,No
79334,Yes
79335,Yes
79336,No
79337,No
79338,No
79339,Yes
79340,Yes
79341,No
79342,No
79343,No
79344,No
79345,No
79346,No
79347,Yes
79348,Yes
79349,Yes
79350,No
79351,No
79352,No
79353,Yes
79354,Yes
79355,No
79356,Yes
79357,No
79358,No
79359,Yes
79360,Yes
79361,No
79362,No
79363,Yes
79364,No
79365,No
79366,Yes
79367,Yes
79368,No
79369,Yes
79370,Yes
79371,Yes
79372,Yes
79373,No
79374,Yes
79375,No
79376,No
79377,Yes
79378,No
79379,No
79380,No
79381,Yes
79382,Yes
79383,No
79384,Yes
79385,No
79386,No
79387,Yes
79388,No
79389,No
79390,Yes
79391,No
79392,No
79393,No
79394,Yes
79395,Yes
79396,Yes
79397,No
79398,No
79399,Yes
79400,Yes
79401,No
79402,Yes
79403,No
79404,No
79405,No
79406,No
79407,Yes
79408,No
79409,No
79410,No
79411,No
79412,No
79413,No
79414,No
79415,No
79416,Yes
79417,No
79418,No
79419,Yes
79420,No
79421,No
79422,No
79423,Yes
79424,Yes
79425,No
79426,Yes
79427,No
79428,Yes
79429,No
79430,No
79431,No
79432,No
79433,No
79434,No
79435,No
79436,No
79437,Yes
79438,Yes
79439,No
79440,No
79441,No
79442,No
79443,No
79444,Yes
79445,Yes
79446,No
79447,No
79448,No
79449,No
79450,No
79451,No
79452,Yes
79453,No
79454,Yes
79455,No
79456,No
79457,No
79458,No
79459,No
79460,Yes
79461,No
79462,Yes
79463,Yes
79464,No
79465,No
79466,Yes
79467,Yes
79468,Yes
79469,No
79470,Yes
79471,No
79472,Yes
79473,Yes
79474,Yes
79475,No
79476,Yes
79477,Yes
79478,Yes
79479,No
79480,Yes
79481,No
79482,No
79483,Yes
79484,Yes
79485,No
79486,No
79487,No
79488,Yes
79489,Yes
79490,Yes
79491,No
79492,No
79493,No
79494,No
79495,No
79496,No
79497,No
79498,No
79499,No
79500,No
79501,Yes
79502,No
79503,Yes
79504,No
79505,Yes
79506,Yes
79507,No
79508,No
79509,No
79510,Yes
79511,No
79512,No
79513,Yes
79514,Yes
79515,Yes
79516,No
79517,No
79518,No
79519,No
79520,No
79521,No
79522,No
79523,Yes
79524,No
79525,Yes
79526,No
79527,No
79528,Yes
79529,No
79530,No
79531,No
79532,No
79533,No
79534,No
79535,No
79536,No
79537,Yes
79538,Yes
79539,Yes
79540,No
79541,No
79542,No
79543,No
79544,No
79545,Yes
79546,No
79547,Yes
79548,No
79549,Yes
79550,No
79551,No
79552,Yes
79553,No
79554,Yes
79555,Yes
79556,Yes
79557,No
79558,Yes
79559,No
79560,Yes
79561,No
79562,No
79563,Yes
79564,No
79565,No
79566,No
79567,No
79568,No
79569,No
79570,No
79571,No
79572,No
79573,No
79574,No
79575,No
79576,Yes
79577,Yes
79578,No
79579,No
79580,Yes
79581,No
79582,No
79583,Yes
79584,No
79585,Yes
79586,Yes
79587,No
79588,No
79589,Yes
79590,No
79591,No
79592,Yes
79593,Yes
79594,No
79595,Yes
79596,No
79597,Yes
79598,No
79599,Yes
79600,No
79601,No
79602,No
79603,Yes
79604,Yes
79605,No
79606,No
79607,Yes
79608,Yes
79609,Yes
79610,Yes
79611,No
79612,No
79613,Yes
79614,No
79615,No
79616,Yes
79617,Yes
79618,No
79619,No
79620,No
79621,Yes
79622,No
79623,Yes
79624,Yes
79625,Yes
79626,No
79627,No
79628,Yes
79629,Yes
79630,Yes
79631,No
79632,No
79633,Yes
79634,Yes
79635,Yes
79636,No
79637,No
79638,Yes
79639,No
79640,No
79641,No
79642,Yes
79643,Yes
79644,No
79645,Yes
79646,No
79647,No
79648,No
79649,Yes
79650,No
79651,No
79652,Yes
79653,No
79654,Yes
79655,No
79656,No
79657,No
79658,No
79659,No
79660,No
79661,Yes
79662,No
79663,No
79664,No
79665,No
79666,No
79667,No
79668,No
79669,Yes
79670,Yes
79671,No
79672,No
79673,Yes
79674,No
79675,No
79676,No
79677,Yes
79678,No
79679,Yes
79680,No
79681,No
79682,No
79683,No
79684,No
79685,Yes
79686,Yes
79687,Yes
79688,No
79689,Yes
79690,No
79691,No
79692,No
79693,No
79694,No
79695,Yes
79696,No
79697,Yes
79698,No
79699,No
79700,No
79701,Yes
79702,No
79703,No
79704,No
79705,Yes
79706,No
79707,No
79708,No
79709,Yes
79710,Yes
79711,No
79712,No
79713,No
79714,No
79715,Yes
79716,No
79717,No
79718,No
79719,No
79720,No
79721,No
79722,No
79723,No
79724,Yes
79725,Yes
79726,No
79727,Yes
79728,No
79729,No
79730,Yes
79731,No
79732,No
79733,Yes
79734,Yes
79735,Yes
79736,No
79737,No
79738,No
79739,Yes
79740,No
79741,No
79742,Yes
79743,Yes
79744,No
79745,Yes
79746,Yes
79747,No
79748,No
79749,No
79750,No
79751,No
79752,No
79753,Yes
79754,No
79755,No
79756,No
79757,No
79758,No
79759,Yes
79760,No
79761,Yes
79762,Yes
79763,No
79764,Yes
79765,Yes
79766,No
79767,Yes
79768,No
79769,Yes
79770,Yes
79771,No
79772,No
79773,Yes
79774,No
79775,No
79776,No
79777,No
79778,Yes
79779,Yes
79780,Yes
79781,No
79782,Yes
79783,No
79784,No
79785,No
79786,No
79787,Yes
79788,No
79789,No
79790,No
79791,No
79792,No
79793,Yes
79794,Yes
79795,Yes
79796,Yes
79797,Yes
79798,No
79799,No
79800,Yes
79801,No
79802,No
79803,No
79804,Yes
79805,Yes
79806,Yes
79807,No
79808,Yes
79809,No
79810,Yes
79811,Yes
79812,No
79813,No
79814,No
79815,No
79816,No
79817,Yes
79818,Yes
79819,No
79820,No
79821,No
79822,Yes
79823,Yes
79824,Yes
79825,Yes
79826,Yes
79827,Yes
79828,No
79829,No
79830,No
79831,No
79832,No
79833,No
79834,No
79835,Yes
79836,Yes
79837,No
79838,No
79839,No
79840,Yes
79841,Yes
79842,Yes
79843,No
79844,Yes
79845,No
79846,Yes
79847,No
79848,No
79849,No
79850,Yes
79851,No
79852,Yes
79853,No
79854,Yes
79855,Yes
79856,No
79857,No
79858,Yes
79859,Yes
79860,Yes
79861,Yes
79862,Yes
79863,No
79864,No
79865,No
79866,No
79867,No
79868,No
79869,No
79870,Yes
79871,No
79872,No
79873,No
79874,No
79875,No
79876,Yes
79877,Yes
79878,No
79879,No
79880,No
79881,No
79882,No
79883,No
79884,Yes
79885,No
79886,No
79887,No
79888,No
79889,Yes
79890,No
79891,No
79892,Yes
79893,No
79894,No
79895,No
79896,No
79897,No
79898,Yes
79899,No
79900,No
79901,No
79902,Yes
79903,No
79904,No
79905,No
79906,No
79907,No
79908,Yes
79909,No
79910,No
79911,No
79912,No
79913,No
79914,Yes
79915,No
79916,No
79917,No
79918,Yes
79919,No
79920,No
79921,No
79922,No
79923,Yes
79924,No
79925,Yes
79926,Yes
79927,Yes
79928,No
79929,Yes
79930,No
79931,No
79932,No
79933,No
79934,Yes
79935,No
79936,No
79937,Yes
79938,No
79939,No
79940,Yes
79941,No
79942,Yes
79943,No
79944,No
79945,Yes
79946,No
79947,No
79948,No
79949,Yes
79950,No
79951,Yes
79952,No
79953,No
79954,Yes
79955,No
79956,No
79957,Yes
79958,No
79959,No
79960,No
79961,No
79962,No
79963,No
79964,No
79965,No
79966,No
79967,No
79968,No
79969,No
79970,Yes
79971,No
79972,Yes
79973,No
79974,Yes
79975,Yes
79976,Yes
79977,No
79978,Yes
79979,No
79980,Yes
79981,Yes
79982,No
79983,No
79984,No
79985,No
79986,No
79987,No
79988,No
79989,Yes
79990,Yes
79991,No
79992,No
79993,No
79994,Yes
79995,No
79996,No
79997,Yes
79998,No
79999,No
80000,No
80001,Yes
80002,Yes
80003,Yes
80004,No
80005,No
80006,No
80007,Yes
80008,No
80009,No
80010,No
80011,Yes
80012,No
80013,Yes
80014,No
80015,No
80016,Yes
80017,No
80018,Yes
80019,No
80020,No
80021,No
80022,No
80023,Yes
80024,No
80025,No
80026,No
80027,No
80028,No
80029,No
80030,Yes
80031,Yes
80032,Yes
80033,Yes
80034,No
80035,No
80036,No
80037,No
80038,No
80039,No
80040,No
80041,No
80042,Yes
80043,No
80044,No
80045,No
80046,No
80047,No
80048,Yes
80049,Yes
80050,No
80051,No
80052,No
80053,No
80054,Yes
80055,Yes
80056,No
80057,Yes
80058,No
80059,Yes
80060,No
80061,Yes
80062,Yes
80063,Yes
80064,Yes
80065,Yes
80066,Yes
80067,No
80068,No
80069,No
80070,No
80071,Yes
80072,No
80073,Yes
80074,Yes
80075,Yes
80076,Yes
80077,No
80078,No
80079,No
80080,No
80081,Yes
80082,No
80083,No
80084,Yes
80085,No
80086,Yes
80087,No
80088,No
80089,No
80090,No
80091,Yes
80092,Yes
80093,No
80094,No
80095,No
80096,No
80097,No
80098,Yes
80099,Yes
80100,Yes
80101,No
80102,Yes
80103,No
80104,No
80105,Yes
80106,Yes
80107,Yes
80108,Yes
80109,No
80110,Yes
80111,No
80112,No
80113,Yes
80114,No
80115,No
80116,Yes
80117,Yes
80118,No
80119,Yes
80120,Yes
80121,No
80122,No
80123,No
80124,No
80125,No
80126,No
80127,Yes
80128,No
80129,Yes
80130,Yes
80131,Yes
80132,Yes
80133,No
80134,No
80135,No
80136,Yes
80137,No
80138,No
80139,No
80140,No
80141,Yes
80142,No
80143,No
80144,No
80145,Yes
80146,Yes
80147,No
80148,No
80149,No
80150,No
80151,Yes
80152,Yes
80153,No
80154,No
80155,Yes
80156,Yes
80157,Yes
80158,No
80159,Yes
80160,No
80161,No
80162,No
80163,No
80164,Yes
80165,No
80166,No
80167,Yes
80168,No
80169,No
80170,No
80171,Yes
80172,No
80173,Yes
80174,Yes
80175,No
80176,No
80177,No
80178,Yes
80179,No
80180,Yes
80181,No
80182,Yes
80183,No
80184,No
80185,Yes
80186,No
80187,No
80188,Yes
80189,No
80190,No
80191,No
80192,No
80193,Yes
80194,No
80195,No
80196,Yes
80197,No
80198,No
80199,No
80200,No
80201,No
80202,No
80203,No
80204,No
80205,Yes
80206,Yes
80207,No
80208,No
80209,Yes
80210,Yes
80211,Yes
80212,Yes
80213,No
80214,Yes
80215,No
80216,No
80217,Yes
80218,No
80219,No
80220,No
80221,No
80222,Yes
80223,Yes
80224,Yes
80225,No
80226,Yes
80227,No
80228,Yes
80229,No
80230,Yes
80231,No
80232,No
80233,Yes
80234,Yes
80235,No
80236,Yes
80237,No
80238,No
80239,Yes
80240,No
80241,Yes
80242,No
80243,No
80244,Yes
80245,No
80246,No
80247,No
80248,Yes
80249,Yes
80250,No
80251,Yes
80252,Yes
80253,Yes
80254,Yes
80255,No
80256,No
80257,No
80258,No
80259,Yes
80260,No
80261,Yes
80262,No
80263,No
80264,No
80265,No
80266,No
80267,Yes
80268,Yes
80269,Yes
80270,No
80271,No
80272,No
80273,No
80274,No
80275,No
80276,No
80277,No
80278,No
80279,No
80280,Yes
80281,Yes
80282,Yes
80283,Yes
80284,No
80285,Yes
80286,Yes
80287,Yes
80288,Yes
80289,No
80290,Yes
80291,No
80292,Yes
80293,No
80294,No
80295,No
80296,No
80297,No
80298,Yes
80299,No
80300,Yes
80301,Yes
80302,Yes
80303,Yes
80304,No
80305,No
80306,No
80307,No
80308,Yes
80309,No
80310,No
80311,No
80312,No
80313,No
80314,No
80315,No
80316,Yes
80317,No
80318,Yes
80319,No
80320,No
80321,No
80322,Yes
80323,No
80324,No
80325,No
80326,Yes
80327,No
80328,No
80329,No
80330,No
80331,Yes
80332,No
80333,No
80334,No
80335,No
80336,Yes
80337,No
80338,Yes
80339,Yes
80340,No
80341,No
80342,No
80343,No
80344,Yes
80345,Yes
80346,No
80347,No
80348,No
80349,No
80350,No
80351,Yes
80352,Yes
80353,Yes
80354,Yes
80355,No
80356,Yes
80357,No
80358,Yes
80359,No
80360,Yes
80361,Yes
80362,Yes
80363,Yes
80364,Yes
80365,No
80366,Yes
80367,No
80368,No
80369,No
80370,Yes
80371,No
80372,No
80373,Yes
80374,No
80375,No
80376,No
80377,Yes
80378,No
80379,No
80380,Yes
80381,No
80382,Yes
80383,No
80384,No
80385,Yes
80386,Yes
80387,No
80388,Yes
80389,No
80390,Yes
80391,Yes
80392,No
80393,No
80394,No
80395,No
80396,No
80397,Yes
80398,Yes
80399,No
80400,No
80401,No
80402,No
80403,Yes
80404,No
80405,Yes
80406,No
80407,Yes
80408,Yes
80409,No
80410,No
80411,Yes
80412,Yes
80413,No
80414,No
80415,No
80416,Yes
80417,Yes
80418,No
80419,No
80420,No
80421,No
80422,No
80423,Yes
80424,Yes
80425,No
80426,No
80427,No
80428,Yes
80429,No
80430,No
80431,No
80432,Yes
80433,No
80434,No
80435,Yes
80436,No
80437,Yes
80438,No
80439,Yes
80440,Yes
80441,No
80442,No
80443,No
80444,No
80445,No
80446,Yes
80447,No
80448,No
80449,No
80450,No
80451,No
80452,No
80453,No
80454,No
80455,Yes
80456,Yes
80457,No
80458,Yes
80459,No
80460,No
80461,No
80462,No
80463,No
80464,Yes
80465,Yes
80466,No
80467,No
80468,No
80469,Yes
80470,No
80471,No
80472,No
80473,No
80474,No
80475,No
80476,No
80477,No
80478,No
80479,No
80480,Yes
80481,Yes
80482,Yes
80483,No
80484,No
80485,Yes
80486,Yes
80487,No
80488,Yes
80489,No
80490,No
80491,No
80492,No
80493,No
80494,No
80495,No
80496,No
80497,Yes
80498,Yes
80499,No
80500,Yes
80501,Yes
80502,No
80503,No
80504,Yes
80505,Yes
80506,Yes
80507,No
80508,Yes
80509,No
80510,No
80511,Yes
80512,Yes
80513,No
80514,Yes
80515,Yes
80516,Yes
80517,No
80518,No
80519,Yes
80520,No
80521,No
80522,No
80523,No
80524,Yes
80525,No
80526,Yes
80527,No
80528,No
80529,No
80530,No
80531,No
80532,Yes
80533,Yes
80534,No
80535,No
80536,Yes
80537,No
80538,Yes
80539,Yes
80540,No
80541,No
80542,Yes
80543,Yes
80544,No
80545,No
80546,Yes
80547,No
80548,No
80549,No
80550,No
80551,No
80552,No
80553,Yes
80554,No
80555,Yes
80556,Yes
80557,No
80558,No
80559,Yes
80560,Yes
80561,No
80562,No
80563,No
80564,No
80565,Yes
80566,No
80567,Yes
80568,Yes
80569,No
80570,No
80571,Yes
80572,No
80573,No
80574,No
80575,No
80576,No
80577,No
80578,Yes
80579,Yes
80580,No
80581,No
80582,No
80583,No
80584,Yes
80585,No
80586,Yes
80587,Yes
80588,Yes
80589,Yes
80590,Yes
80591,Yes
80592,No
80593,No
80594,No
80595,Yes
80596,No
80597,No
80598,No
80599,Yes
80600,No
80601,No
80602,No
80603,No
80604,No
80605,No
80606,No
80607,Yes
80608,No
80609,No
80610,Yes
80611,Yes
80612,No
80613,No
80614,No
80615,No
80616,No
80617,Yes
80618,No
80619,No
80620,No
80621,Yes
80622,No
80623,No
80624,Yes
80625,Yes
80626,Yes
80627,No
80628,Yes
80629,No
80630,No
80631,No
80632,Yes
80633,No
80634,No
80635,Yes
80636,No
80637,Yes
80638,Yes
80639,No
80640,No
80641,Yes
80642,No
80643,No
80644,Yes
80645,Yes
80646,No
80647,No
80648,No
80649,No
80650,No
80651,Yes
80652,No
80653,Yes
80654,Yes
80655,No
80656,No
80657,Yes
80658,No
80659,No
80660,Yes
80661,Yes
80662,No
80663,Yes
80664,Yes
80665,Yes
80666,No
80667,No
80668,No
80669,Yes
80670,Yes
80671,No
80672,Yes
80673,No
80674,Yes
80675,No
80676,Yes
80677,No
80678,Yes
80679,Yes
80680,Yes
80681,Yes
80682,Yes
80683,No
80684,No
80685,Yes
80686,Yes
80687,No
80688,No
80689,Yes
80690,No
80691,No
80692,No
80693,No
80694,No
80695,No
80696,Yes
80697,No
80698,Yes
80699,No
80700,No
80701,No
80702,Yes
80703,No
80704,Yes
80705,No
80706,Yes
80707,No
80708,Yes
80709,No
80710,Yes
80711,Yes
80712,Yes
80713,Yes
80714,No
80715,No
80716,No
80717,No
80718,No
80719,Yes
80720,Yes
80721,Yes
80722,Yes
80723,Yes
80724,Yes
80725,Yes
80726,Yes
80727,No
80728,No
80729,No
80730,Yes
80731,No
80732,No
80733,Yes
80734,Yes
80735,No
80736,No
80737,No
80738,No
80739,No
80740,Yes
80741,Yes
80742,No
80743,Yes
80744,No
80745,Yes
80746,Yes
80747,No
80748,Yes
80749,No
80750,Yes
80751,No
80752,No
80753,No
80754,No
80755,No
80756,No
80757,No
80758,Yes
80759,No
80760,No
80761,No
80762,No
80763,No
80764,Yes
80765,No
80766,No
80767,No
80768,No
80769,No
80770,Yes
80771,Yes
80772,No
80773,No
80774,No
80775,No
80776,Yes
80777,No
80778,No
80779,No
80780,Yes
80781,Yes
80782,No
80783,Yes
80784,Yes
80785,No
80786,Yes
80787,No
80788,No
80789,Yes
80790,No
80791,No
80792,Yes
80793,Yes
80794,No
80795,No
80796,No
80797,No
80798,No
80799,Yes
80800,Yes
80801,Yes
80802,No
80803,No
80804,No
80805,No
80806,No
80807,No
80808,Yes
80809,No
80810,No
80811,No
80812,No
80813,Yes
80814,No
80815,Yes
80816,Yes
80817,No
80818,No
80819,No
80820,No
80821,No
80822,Yes
80823,No
80824,Yes
80825,No
80826,No
80827,No
80828,No
80829,No
80830,No
80831,Yes
80832,No
80833,No
80834,No
80835,Yes
80836,Yes
80837,Yes
80838,No
80839,Yes
80840,Yes
80841,No
80842,No
80843,No
80844,Yes
80845,No
80846,No
80847,No
80848,No
80849,No
80850,Yes
80851,Yes
80852,No
80853,No
80854,Yes
80855,Yes
80856,Yes
80857,No
80858,Yes
80859,Yes
80860,No
80861,No
80862,Yes
80863,Yes
80864,Yes
80865,No
80866,No
80867,No
80868,Yes
80869,No
80870,No
80871,Yes
80872,No
80873,Yes
80874,No
80875,Yes
80876,Yes
80877,No
80878,No
80879,Yes
80880,Yes
80881,Yes
80882,Yes
80883,Yes
80884,No
80885,No
80886,No
80887,No
80888,Yes
80889,No
80890,No
80891,No
80892,No
80893,No
80894,Yes
80895,No
80896,No
80897,No
80898,Yes
80899,No
80900,No
80901,No
80902,Yes
80903,No
80904,No
80905,Yes
80906,No
80907,Yes
80908,No
80909,Yes
80910,No
80911,Yes
80912,Yes
80913,No
80914,Yes
80915,No
80916,No
80917,Yes
80918,Yes
80919,No
80920,No
80921,No
80922,Yes
80923,Yes
80924,Yes
80925,Yes
80926,No
80927,No
80928,Yes
80929,No
80930,No
80931,Yes
80932,No
80933,No
80934,No
80935,No
80936,Yes
80937,No
80938,No
80939,No
80940,Yes
80941,No
80942,No
80943,Yes
80944,Yes
80945,Yes
80946,Yes
80947,No
80948,No
80949,No
80950,No
80951,Yes
80952,No
80953,No
80954,Yes
80955,Yes
80956,No
80957,Yes
80958,No
80959,No
80960,Yes
80961,No
80962,No
80963,No
80964,No
80965,No
80966,No
80967,No
80968,No
80969,No
80970,No
80971,No
80972,No
80973,No
80974,Yes
80975,No
80976,No
80977,No
80978,Yes
80979,Yes
80980,No
80981,Yes
80982,No
80983,No
80984,Yes
80985,No
80986,No
80987,No
80988,No
80989,No
80990,No
80991,No
80992,Yes
80993,Yes
80994,No
80995,Yes
80996,No
80997,No
80998,No
80999,Yes
81000,Yes
81001,Yes
81002,No
81003,Yes
81004,No
81005,Yes
81006,Yes
81007,No
81008,No
81009,Yes
81010,No
81011,No
81012,No
81013,Yes
81014,Yes
81015,No
81016,Yes
81017,No
81018,No
81019,No
81020,Yes
81021,No
81022,No
81023,Yes
81024,No
81025,Yes
81026,Yes
81027,No
81028,Yes
81029,No
81030,No
81031,No
81032,No
81033,No
81034,Yes
81035,No
81036,Yes
81037,No
81038,No
81039,No
81040,No
81041,No
81042,No
81043,No
81044,No
81045,No
81046,Yes
81047,Yes
81048,No
81049,No
81050,Yes
81051,Yes
81052,No
81053,Yes
81054,Yes
81055,Yes
81056,Yes
81057,No
81058,No
81059,Yes
81060,No
81061,No
81062,No
81063,No
81064,No
81065,No
81066,Yes
81067,No
81068,No
81069,Yes
81070,Yes
81071,No
81072,Yes
81073,No
81074,No
81075,No
81076,No
81077,No
81078,No
81079,No
81080,No
81081,No
81082,No
81083,Yes
81084,No
81085,No
81086,No
81087,Yes
81088,No
81089,No
81090,No
81091,No
81092,No
81093,No
81094,No
81095,No
81096,No
81097,No
81098,No
81099,No
81100,No
81101,Yes
81102,Yes
81103,Yes
81104,Yes
81105,No
81106,Yes
81107,No
81108,No
81109,No
81110,Yes
81111,No
81112,No
81113,No
81114,No
81115,Yes
81116,No
81117,Yes
81118,No
81119,No
81120,No
81121,No
81122,No
81123,No
81124,No
81125,Yes
81126,Yes
81127,Yes
81128,Yes
81129,No
81130,Yes
81131,No
81132,Yes
81133,No
81134,No
81135,No
81136,No
81137,Yes
81138,No
81139,No
81140,Yes
81141,No
81142,No
81143,No
81144,No
81145,No
81146,No
81147,No
81148,No
81149,No
81150,Yes
81151,No
81152,No
81153,Yes
81154,No
81155,No
81156,Yes
81157,No
81158,Yes
81159,No
81160,No
81161,No
81162,No
81163,No
81164,Yes
81165,Yes
81166,Yes
81167,No
81168,No
81169,No
81170,No
81171,Yes
81172,Yes
81173,Yes
81174,No
81175,Yes
81176,Yes
81177,No
81178,Yes
81179,No
81180,No
81181,Yes
81182,No
81183,No
81184,No
81185,Yes
81186,Yes
81187,Yes
81188,No
81189,Yes
81190,No
81191,Yes
81192,No
81193,No
81194,No
81195,No
81196,No
81197,No
81198,No
81199,Yes
81200,Yes
81201,No
81202,Yes
81203,Yes
81204,No
81205,No
81206,Yes
81207,Yes
81208,No
81209,No
81210,No
81211,Yes
81212,No
81213,No
81214,No
81215,Yes
81216,No
81217,Yes
81218,Yes
81219,Yes
81220,Yes
81221,Yes
81222,No
81223,No
81224,No
81225,No
81226,No
81227,No
81228,Yes
81229,No
81230,No
81231,No
81232,Yes
81233,No
81234,No
81235,No
81236,Yes
81237,No
81238,No
81239,Yes
81240,No
81241,Yes
81242,Yes
81243,Yes
81244,Yes
81245,No
81246,No
81247,No
81248,No
81249,No
81250,No
81251,No
81252,No
81253,No
81254,Yes
81255,No
81256,Yes
81257,No
81258,No
81259,Yes
81260,Yes
81261,Yes
81262,No
81263,No
81264,No
81265,No
81266,No
81267,Yes
81268,No
81269,Yes
81270,Yes
81271,No
81272,Yes
81273,No
81274,No
81275,No
81276,No
81277,No
81278,No
81279,No
81280,No
81281,No
81282,Yes
81283,No
81284,No
81285,No
81286,No
81287,No
81288,Yes
81289,Yes
81290,No
81291,No
81292,No
81293,Yes
81294,No
81295,No
81296,Yes
81297,Yes
81298,Yes
81299,No
81300,No
81301,No
81302,Yes
81303,Yes
81304,Yes
81305,No
81306,No
81307,No
81308,No
81309,No
81310,Yes
81311,Yes
81312,Yes
81313,Yes
81314,No
81315,No
81316,Yes
81317,No
81318,No
81319,Yes
81320,No
81321,No
81322,Yes
81323,No
81324,No
81325,Yes
81326,No
81327,Yes
81328,No
81329,No
81330,No
81331,Yes
81332,No
81333,No
81334,No
81335,No
81336,No
81337,No
81338,Yes
81339,No
81340,No
81341,No
81342,No
81343,Yes
81344,Yes
81345,No
81346,Yes
81347,No
81348,Yes
81349,Yes
81350,Yes
81351,No
81352,No
81353,No
81354,No
81355,Yes
81356,No
81357,No
81358,Yes
81359,No
81360,No
81361,Yes
81362,No
81363,Yes
81364,No
81365,No
81366,No
81367,No
81368,No
81369,Yes
81370,No
81371,No
81372,No
81373,Yes
81374,No
81375,No
81376,No
81377,Yes
81378,No
81379,No
81380,No
81381,Yes
81382,Yes
81383,Yes
81384,No
81385,No
81386,Yes
81387,No
81388,Yes
81389,No
81390,Yes
81391,Yes
81392,No
81393,Yes
81394,No
81395,No
81396,No
81397,Yes
81398,Yes
81399,Yes
81400,Yes
81401,Yes
81402,Yes
81403,No
81404,No
81405,No
81406,No
81407,Yes
81408,Yes
81409,No
81410,Yes
81411,No
81412,No
81413,No
81414,No
81415,Yes
81416,Yes
81417,Yes
81418,No
81419,No
81420,No
81421,No
81422,No
81423,Yes
81424,No
81425,No
81426,No
81427,No
81428,No
81429,No
81430,No
81431,No
81432,Yes
81433,Yes
81434,No
81435,Yes
81436,No
81437,No
81438,No
81439,Yes
81440,No
81441,No
81442,Yes
81443,No
81444,Yes
81445,Yes
81446,No
81447,No
81448,Yes
81449,Yes
81450,No
81451,No
81452,No
81453,Yes
81454,No
81455,Yes
81456,No
81457,No
81458,No
81459,No
81460,Yes
81461,Yes
81462,Yes
81463,Yes
81464,No
81465,Yes
81466,Yes
81467,No
81468,No
81469,No
81470,No
81471,Yes
81472,Yes
81473,No
81474,Yes
81475,No
81476,No
81477,Yes
81478,Yes
81479,Yes
81480,Yes
81481,Yes
81482,Yes
81483,No
81484,Yes
81485,No
81486,Yes
81487,No
81488,No
81489,No
81490,No
81491,No
81492,Yes
81493,No
81494,No
81495,No
81496,Yes
81497,Yes
81498,Yes
81499,No
81500,Yes
81501,No
81502,No
81503,Yes
81504,Yes
81505,Yes
81506,No
81507,No
81508,No
81509,Yes
81510,No
81511,No
81512,No
81513,No
81514,No
81515,No
81516,Yes
81517,No
81518,Yes
81519,No
81520,Yes
81521,No
81522,No
81523,No
81524,No
81525,No
81526,Yes
81527,No
81528,Yes
81529,Yes
81530,No
81531,No
81532,Yes
81533,No
81534,Yes
81535,No
81536,Yes
81537,No
81538,Yes
81539,Yes
81540,Yes
81541,Yes
81542,Yes
81543,No
81544,Yes
81545,No
81546,No
81547,Yes
81548,Yes
81549,No
81550,No
81551,Yes
81552,No
81553,No
81554,No
81555,No
81556,No
81557,Yes
81558,No
81559,Yes
81560,No
81561,Yes
81562,No
81563,Yes
81564,No
81565,Yes
81566,Yes
81567,Yes
81568,No
81569,No
81570,No
81571,Yes
81572,Yes
81573,No
81574,No
81575,No
81576,No
81577,No
81578,Yes
81579,Yes
81580,No
81581,No
81582,No
81583,No
81584,Yes
81585,No
81586,No
81587,No
81588,No
81589,No
81590,No
81591,No
81592,No
81593,No
81594,Yes
81595,Yes
81596,No
81597,Yes
81598,No
81599,Yes
81600,Yes
81601,Yes
81602,No
81603,Yes
81604,No
81605,No
81606,Yes
81607,No
81608,No
81609,No
81610,No
81611,No
81612,No
81613,No
81614,No
81615,No
81616,No
81617,Yes
81618,No
81619,No
81620,No
81621,Yes
81622,No
81623,No
81624,Yes
81625,No
81626,Yes
81627,Yes
81628,Yes
81629,Yes
81630,No
81631,No
81632,No
81633,No
81634,No
81635,No
81636,Yes
81637,Yes
81638,No
81639,Yes
81640,Yes
81641,Yes
81642,Yes
81643,No
81644,No
81645,No
81646,No
81647,Yes
81648,No
81649,No
81650,No
81651,No
81652,No
81653,No
81654,Yes
81655,No
81656,Yes
81657,No
81658,No
81659,No
81660,Yes
81661,Yes
81662,No
81663,No
81664,No
81665,Yes
81666,No
81667,Yes
81668,Yes
81669,No
81670,No
81671,Yes
81672,Yes
81673,No
81674,Yes
81675,No
81676,No
81677,No
81678,Yes
81679,No
81680,Yes
81681,No
81682,No
81683,No
81684,No
81685,No
81686,Yes
81687,No
81688,No
81689,No
81690,Yes
81691,Yes
81692,Yes
81693,No
81694,Yes
81695,No
81696,No
81697,No
81698,Yes
81699,No
81700,No
81701,No
81702,Yes
81703,Yes
81704,Yes
81705,No
81706,No
81707,No
81708,Yes
81709,No
81710,No
81711,Yes
81712,Yes
81713,No
81714,No
81715,No
81716,Yes
81717,No
81718,No
81719,No
81720,Yes
81721,No
81722,Yes
81723,Yes
81724,Yes
81725,Yes
81726,Yes
81727,No
81728,Yes
81729,No
81730,No
81731,Yes
81732,No
81733,No
81734,No
81735,No
81736,No
81737,No
81738,No
81739,No
81740,No
81741,No
81742,No
81743,No
81744,No
81745,No
81746,Yes
81747,No
81748,No
81749,No
81750,No
81751,Yes
81752,No
81753,No
81754,No
81755,Yes
81756,No
81757,No
81758,Yes
81759,Yes
81760,No
81761,Yes
81762,No
81763,Yes
81764,No
81765,No
81766,No
81767,No
81768,No
81769,Yes
81770,Yes
81771,No
81772,No
81773,No
81774,Yes
81775,Yes
81776,No
81777,No
81778,Yes
81779,Yes
81780,Yes
81781,Yes
81782,Yes
81783,No
81784,Yes
81785,No
81786,No
81787,No
81788,Yes
81789,Yes
81790,No
81791,No
81792,Yes
81793,Yes
81794,No
81795,Yes
81796,No
81797,No
81798,Yes
81799,No
81800,Yes
81801,No
81802,Yes
81803,No
81804,Yes
81805,Yes
81806,Yes
81807,No
81808,No
81809,Yes
81810,No
81811,No
81812,No
81813,Yes
81814,No
81815,No
81816,No
81817,Yes
81818,Yes
81819,Yes
81820,No
81821,No
81822,Yes
81823,No
81824,No
81825,No
81826,Yes
81827,Yes
81828,No
81829,Yes
81830,Yes
81831,Yes
81832,No
81833,No
81834,Yes
81835,Yes
81836,Yes
81837,No
81838,No
81839,No
81840,No
81841,Yes
81842,Yes
81843,Yes
81844,No
81845,Yes
81846,Yes
81847,No
81848,No
81849,Yes
81850,No
81851,No
81852,No
81853,Yes
81854,No
81855,No
81856,Yes
81857,Yes
81858,Yes
81859,No
81860,Yes
81861,Yes
81862,No
81863,No
81864,Yes
81865,No
81866,No
81867,Yes
81868,No
81869,Yes
81870,No
81871,No
81872,Yes
81873,No
81874,Yes
81875,Yes
81876,Yes
81877,Yes
81878,No
81879,No
81880,Yes
81881,No
81882,No
81883,No
81884,No
81885,Yes
81886,No
81887,No
81888,No
81889,No
81890,Yes
81891,Yes
81892,No
81893,Yes
81894,Yes
81895,No
81896,No
81897,No
81898,Yes
81899,No
81900,No
81901,No
81902,No
81903,No
81904,No
81905,No
81906,Yes
81907,No
81908,No
81909,No
81910,Yes
81911,No
81912,No
81913,Yes
81914,Yes
81915,Yes
81916,No
81917,No
81918,No
81919,Yes
81920,No
81921,No
81922,Yes
81923,No
81924,No
81925,Yes
81926,No
81927,No
81928,Yes
81929,Yes
81930,No
81931,Yes
81932,Yes
81933,No
81934,No
81935,No
81936,Yes
81937,Yes
81938,No
81939,No
81940,Yes
81941,No
81942,No
81943,No
81944,No
81945,No
81946,Yes
81947,Yes
81948,Yes
81949,Yes
81950,Yes
81951,Yes
81952,No
81953,Yes
81954,No
81955,Yes
81956,No
81957,Yes
81958,No
81959,No
81960,Yes
81961,No
81962,No
81963,No
81964,Yes
81965,No
81966,No
81967,No
81968,No
81969,No
81970,No
81971,Yes
81972,No
81973,Yes
81974,Yes
81975,No
81976,No
81977,No
81978,No
81979,Yes
81980,No
81981,No
81982,No
81983,Yes
81984,No
81985,Yes
81986,Yes
81987,No
81988,Yes
81989,No
81990,No
81991,No
81992,No
81993,No
81994,No
81995,Yes
81996,No
81997,No
81998,Yes
81999,No
82000,No
82001,No
82002,No
82003,No
82004,No
82005,Yes
82006,No
82007,No
82008,No
82009,No
82010,No
82011,Yes
82012,No
82013,No
82014,No
82015,Yes
82016,No
82017,No
82018,No
82019,Yes
82020,No
82021,Yes
82022,No
82023,No
82024,Yes
82025,No
82026,No
82027,No
82028,No
82029,No
82030,Yes
82031,Yes
82032,No
82033,No
82034,Yes
82035,No
82036,No
82037,No
82038,No
82039,Yes
82040,No
82041,Yes
82042,No
82043,No
82044,Yes
82045,No
82046,No
82047,No
82048,Yes
82049,Yes
82050,No
82051,No
82052,Yes
82053,Yes
82054,No
82055,Yes
82056,Yes
82057,Yes
82058,Yes
82059,Yes
82060,No
82061,Yes
82062,No
82063,No
82064,Yes
82065,No
82066,Yes
82067,Yes
82068,No
82069,No
82070,No
82071,No
82072,No
82073,No
82074,No
82075,No
82076,Yes
82077,No
82078,No
82079,No
82080,Yes
82081,Yes
82082,No
82083,No
82084,Yes
82085,No
82086,No
82087,Yes
82088,No
82089,No
82090,No
82091,Yes
82092,Yes
82093,Yes
82094,No
82095,Yes
82096,No
82097,Yes
82098,Yes
82099,No
82100,No
82101,Yes
82102,No
82103,Yes
82104,No
82105,No
82106,No
82107,No
82108,Yes
82109,Yes
82110,Yes
82111,No
82112,No
82113,No
82114,Yes
82115,No
82116,No
82117,Yes
82118,Yes
82119,No
82120,No
82121,No
82122,No
82123,No
82124,Yes
82125,No
82126,Yes
82127,No
82128,Yes
82129,Yes
82130,No
82131,No
82132,Yes
82133,Yes
82134,No
82135,No
82136,Yes
82137,Yes
82138,No
82139,Yes
82140,Yes
82141,No
82142,Yes
82143,Yes
82144,No
82145,No
82146,Yes
82147,No
82148,No
82149,No
82150,No
82151,Yes
82152,Yes
82153,No
82154,No
82155,Yes
82156,No
82157,No
82158,Yes
82159,Yes
82160,No
82161,Yes
82162,No
82163,No
82164,Yes
82165,No
82166,No
82167,No
82168,No
82169,No
82170,No
82171,No
82172,No
82173,No
82174,Yes
82175,No
82176,No
82177,No
82178,Yes
82179,Yes
82180,No
82181,No
82182,No
82183,No
82184,No
82185,Yes
82186,No
82187,Yes
82188,No
82189,No
82190,Yes
82191,No
82192,No
82193,Yes
82194,No
82195,Yes
82196,No
82197,Yes
82198,No
82199,Yes
82200,Yes
82201,Yes
82202,Yes
82203,No
82204,Yes
82205,No
82206,Yes
82207,No
82208,Yes
82209,Yes
82210,Yes
82211,Yes
82212,No
82213,No
82214,Yes
82215,Yes
82216,Yes
82217,No
82218,No
82219,Yes
82220,No
82221,Yes
82222,No
82223,No
82224,Yes
82225,Yes
82226,No
82227,No
82228,No
82229,No
82230,Yes
82231,No
82232,No
82233,No
82234,No
82235,No
82236,No
82237,Yes
82238,No
82239,Yes
82240,No
82241,No
82242,Yes
82243,No
82244,No
82245,No
82246,No
82247,No
82248,No
82249,No
82250,No
82251,No
82252,Yes
82253,No
82254,No
82255,No
82256,Yes
82257,No
82258,No
82259,Yes
82260,No
82261,No
82262,No
82263,No
82264,No
82265,No
82266,No
82267,No
82268,No
82269,No
82270,No
82271,No
82272,Yes
82273,No
82274,No
82275,No
82276,No
82277,No
82278,Yes
82279,No
82280,No
82281,No
82282,No
82283,No
82284,No
82285,No
82286,No
82287,No
82288,No
82289,Yes
82290,No
82291,Yes
82292,No
82293,Yes
82294,No
82295,No
82296,No
82297,No
82298,No
82299,No
82300,No
82301,Yes
82302,Yes
82303,No
82304,Yes
82305,Yes
82306,No
82307,No
82308,Yes
82309,Yes
82310,Yes
82311,Yes
82312,No
82313,No
82314,No
82315,Yes
82316,Yes
82317,Yes
82318,Yes
82319,No
82320,No
82321,Yes
82322,Yes
82323,No
82324,Yes
82325,Yes
82326,No
82327,No
82328,No
82329,No
82330,Yes
82331,Yes
82332,No
82333,No
82334,No
82335,No
82336,Yes
82337,No
82338,No
82339,Yes
82340,Yes
82341,No
82342,Yes
82343,No
82344,No
82345,No
82346,Yes
82347,No
82348,No
82349,Yes
82350,Yes
82351,No
82352,Yes
82353,No
82354,No
82355,No
82356,No
82357,No
82358,No
82359,Yes
82360,No
82361,No
82362,Yes
82363,No
82364,No
82365,No
82366,Yes
82367,No
82368,Yes
82369,Yes
82370,Yes
82371,No
82372,No
82373,Yes
82374,No
82375,No
82376,No
82377,No
82378,No
82379,Yes
82380,Yes
82381,Yes
82382,No
82383,No
82384,No
82385,No
82386,Yes
82387,Yes
82388,No
82389,Yes
82390,No
82391,Yes
82392,Yes
82393,Yes
82394,No
82395,No
82396,No
82397,No
82398,No
82399,No
82400,No
82401,No
82402,No
82403,No
82404,Yes
82405,No
82406,Yes
82407,No
82408,No
82409,No
82410,Yes
82411,No
82412,Yes
82413,No
82414,No
82415,No
82416,Yes
82417,No
82418,Yes
82419,Yes
82420,No
82421,No
82422,Yes
82423,No
82424,No
82425,Yes
82426,No
82427,No
82428,Yes
82429,No
82430,No
82431,No
82432,No
82433,No
82434,Yes
82435,No
82436,Yes
82437,No
82438,No
82439,No
82440,No
82441,No
82442,No
82443,No
82444,No
82445,Yes
82446,No
82447,Yes
82448,No
82449,Yes
82450,No
82451,No
82452,No
82453,No
82454,No
82455,Yes
82456,No
82457,Yes
82458,No
82459,Yes
82460,Yes
82461,Yes
82462,Yes
82463,No
82464,Yes
82465,No
82466,No
82467,No
82468,No
82469,No
82470,Yes
82471,Yes
82472,No
82473,No
82474,Yes
82475,No
82476,Yes
82477,Yes
82478,No
82479,No
82480,Yes
82481,No
82482,Yes
82483,No
82484,Yes
82485,No
82486,No
82487,No
82488,No
82489,Yes
82490,Yes
82491,No
82492,No
82493,No
82494,No
82495,Yes
82496,No
82497,No
82498,No
82499,No
82500,No
82501,No
82502,No
82503,No
82504,Yes
82505,No
82506,Yes
82507,No
82508,No
82509,Yes
82510,No
82511,Yes
82512,No
82513,No
82514,No
82515,Yes
82516,No
82517,Yes
82518,No
82519,No
82520,No
82521,Yes
82522,Yes
82523,No
82524,Yes
82525,No
82526,Yes
82527,No
82528,No
82529,Yes
82530,No
82531,No
82532,No
82533,Yes
82534,No
82535,No
82536,No
82537,No
82538,No
82539,Yes
82540,Yes
82541,Yes
82542,Yes
82543,Yes
82544,Yes
82545,No
82546,No
82547,Yes
82548,No
82549,No
82550,No
82551,No
82552,Yes
82553,No
82554,No
82555,No
82556,No
82557,No
82558,Yes
82559,No
82560,No
82561,Yes
82562,Yes
82563,Yes
82564,No
82565,No
82566,Yes
82567,No
82568,No
82569,Yes
82570,Yes
82571,No
82572,Yes
82573,No
82574,No
82575,Yes
82576,Yes
82577,No
82578,No
82579,No
82580,No
82581,No
82582,No
82583,No
82584,No
82585,Yes
82586,Yes
82587,No
82588,No
82589,No
82590,No
82591,Yes
82592,Yes
82593,No
82594,Yes
82595,No
82596,Yes
82597,Yes
82598,No
82599,Yes
82600,Yes
82601,Yes
82602,Yes
82603,No
82604,No
82605,Yes
82606,Yes
82607,Yes
82608,Yes
82609,No
82610,No
82611,No
82612,No
82613,No
82614,Yes
82615,Yes
82616,No
82617,Yes
82618,No
82619,No
82620,Yes
82621,No
82622,No
82623,No
82624,No
82625,No
82626,No
82627,No
82628,No
82629,No
82630,No
82631,Yes
82632,Yes
82633,No
82634,No
82635,No
82636,Yes
82637,No
82638,Yes
82639,No
82640,Yes
82641,Yes
82642,No
82643,No
82644,No
82645,No
82646,Yes
82647,No
82648,No
82649,No
82650,Yes
82651,No
82652,Yes
82653,No
82654,Yes
82655,No
82656,No
82657,Yes
82658,Yes
82659,No
82660,No
82661,No
82662,Yes
82663,Yes
82664,No
82665,Yes
82666,No
82667,No
82668,No
82669,No
82670,Yes
82671,No
82672,No
82673,Yes
82674,Yes
82675,Yes
82676,No
82677,Yes
82678,Yes
82679,Yes
82680,No
82681,Yes
82682,No
82683,No
82684,No
82685,No
82686,Yes
82687,Yes
82688,No
82689,Yes
82690,Yes
82691,No
82692,No
82693,Yes
82694,Yes
82695,No
82696,No
82697,Yes
82698,No
82699,No
82700,Yes
82701,Yes
82702,Yes
82703,No
82704,No
82705,No
82706,No
82707,No
82708,No
82709,No
82710,Yes
82711,Yes
82712,Yes
82713,Yes
82714,No
82715,No
82716,No
82717,No
82718,No
82719,No
82720,No
82721,No
82722,Yes
82723,No
82724,No
82725,No
82726,Yes
82727,No
82728,No
82729,No
82730,No
82731,No
82732,No
82733,No
82734,Yes
82735,Yes
82736,Yes
82737,No
82738,Yes
82739,No
82740,No
82741,No
82742,No
82743,No
82744,Yes
82745,No
82746,Yes
82747,No
82748,Yes
82749,No
82750,No
82751,No
82752,No
82753,Yes
82754,No
82755,No
82756,No
82757,No
82758,Yes
82759,No
82760,Yes
82761,Yes
82762,Yes
82763,No
82764,Yes
82765,No
82766,No
82767,Yes
82768,No
82769,Yes
82770,No
82771,No
82772,No
82773,No
82774,No
82775,No
82776,Yes
82777,Yes
82778,Yes
82779,Yes
82780,No
82781,No
82782,Yes
82783,Yes
82784,Yes
82785,No
82786,No
82787,No
82788,Yes
82789,Yes
82790,No
82791,No
82792,No
82793,Yes
82794,Yes
82795,No
82796,Yes
82797,Yes
82798,Yes
82799,Yes
82800,No
82801,No
82802,No
82803,Yes
82804,Yes
82805,Yes
82806,No
82807,No
82808,Yes
82809,No
82810,No
82811,No
82812,No
82813,No
82814,No
82815,Yes
82816,Yes
82817,No
82818,No
82819,Yes
82820,No
82821,Yes
82822,Yes
82823,Yes
82824,Yes
82825,Yes
82826,Yes
82827,No
82828,No
82829,Yes
82830,Yes
82831,No
82832,Yes
82833,Yes
82834,Yes
82835,No
82836,Yes
82837,Yes
82838,No
82839,No
82840,No
82841,No
82842,No
82843,No
82844,No
82845,Yes
82846,No
82847,No
82848,No
82849,No
82850,No
82851,No
82852,No
82853,No
82854,Yes
82855,No
82856,No
82857,Yes
82858,Yes
82859,No
82860,No
82861,Yes
82862,No
82863,No
82864,Yes
82865,No
82866,No
82867,Yes
82868,No
82869,No
82870,Yes
82871,No
82872,Yes
82873,No
82874,Yes
82875,No
82876,No
82877,No
82878,Yes
82879,No
82880,Yes
82881,Yes
82882,No
82883,Yes
82884,No
82885,No
82886,No
82887,No
82888,Yes
82889,Yes
82890,No
82891,Yes
82892,No
82893,No
82894,No
82895,Yes
82896,No
82897,No
82898,Yes
82899,Yes
82900,No
82901,No
82902,No
82903,No
82904,No
82905,No
82906,No
82907,Yes
82908,No
82909,Yes
82910,No
82911,Yes
82912,No
82913,No
82914,Yes
82915,Yes
82916,Yes
82917,No
82918,Yes
82919,No
82920,Yes
82921,Yes
82922,No
82923,No
82924,Yes
82925,Yes
82926,Yes
82927,Yes
82928,No
82929,No
82930,Yes
82931,No
82932,No
82933,No
82934,No
82935,No
82936,No
82937,Yes
82938,No
82939,No
82940,Yes
82941,Yes
82942,No
82943,Yes
82944,No
82945,No
82946,No
82947,No
82948,Yes
82949,No
82950,Yes
82951,No
82952,No
82953,No
82954,Yes
82955,No
82956,No
82957,Yes
82958,Yes
82959,Yes
82960,No
82961,Yes
82962,Yes
82963,No
82964,Yes
82965,Yes
82966,Yes
82967,Yes
82968,No
82969,No
82970,No
82971,No
82972,No
82973,No
82974,Yes
82975,Yes
82976,No
82977,No
82978,No
82979,No
82980,No
82981,Yes
82982,Yes
82983,No
82984,No
82985,Yes
82986,No
82987,No
82988,No
82989,Yes
82990,Yes
82991,Yes
82992,No
82993,Yes
82994,Yes
82995,Yes
82996,Yes
82997,No
82998,Yes
82999,No
83000,No
83001,No
83002,No
83003,No
83004,No
83005,No
83006,Yes
83007,Yes
83008,Yes
83009,No
83010,Yes
83011,Yes
83012,Yes
83013,No
83014,No
83015,No
83016,No
83017,Yes
83018,Yes
83019,No
83020,Yes
83021,No
83022,No
83023,No
83024,No
83025,Yes
83026,No
83027,No
83028,Yes
83029,Yes
83030,No
83031,No
83032,Yes
83033,Yes
83034,No
83035,Yes
83036,No
83037,No
83038,No
83039,No
83040,No
83041,No
83042,No
83043,No
83044,Yes
83045,No
83046,No
83047,No
83048,Yes
83049,No
83050,Yes
83051,No
83052,Yes
83053,Yes
83054,No
83055,Yes
83056,No
83057,No
83058,Yes
83059,No
83060,Yes
83061,No
83062,No
83063,Yes
83064,No
83065,No
83066,Yes
83067,No
83068,Yes
83069,No
83070,No
83071,Yes
83072,No
83073,Yes
83074,No
83075,Yes
83076,No
83077,No
83078,Yes
83079,No
83080,Yes
83081,No
83082,Yes
83083,No
83084,No
83085,Yes
83086,Yes
83087,No
83088,No
83089,No
83090,No
83091,No
83092,No
83093,No
83094,Yes
83095,No
83096,No
83097,Yes
83098,No
83099,Yes
83100,No
83101,No
83102,No
83103,Yes
83104,No
83105,No
83106,No
83107,Yes
83108,Yes
83109,No
83110,No
83111,No
83112,No
83113,Yes
83114,No
83115,Yes
83116,No
83117,No
83118,No
83119,No
83120,No
83121,No
83122,Yes
83123,Yes
83124,No
83125,Yes
83126,Yes
83127,No
83128,Yes
83129,No
83130,No
83131,No
83132,Yes
83133,Yes
83134,No
83135,No
83136,No
83137,No
83138,Yes
83139,No
83140,No
83141,Yes
83142,No
83143,Yes
83144,No
83145,No
83146,No
83147,No
83148,Yes
83149,No
83150,Yes
83151,No
83152,Yes
83153,Yes
83154,Yes
83155,No
83156,Yes
83157,No
83158,Yes
83159,Yes
83160,No
83161,No
83162,Yes
83163,No
83164,No
83165,No
83166,Yes
83167,No
83168,No
83169,No
83170,Yes
83171,Yes
83172,No
83173,No
83174,Yes
83175,No
83176,Yes
83177,Yes
83178,Yes
83179,No
83180,No
83181,Yes
83182,No
83183,Yes
83184,No
83185,No
83186,No
83187,No
83188,Yes
83189,No
83190,No
83191,Yes
83192,Yes
83193,Yes
83194,No
83195,No
83196,Yes
83197,No
83198,No
83199,No
83200,Yes
83201,Yes
83202,No
83203,Yes
83204,No
83205,Yes
83206,Yes
83207,No
83208,Yes
83209,Yes
83210,Yes
83211,Yes
83212,No
83213,No
83214,No
83215,No
83216,Yes
83217,No
83218,Yes
83219,No
83220,No
83221,Yes
83222,No
83223,No
83224,No
83225,No
83226,No
83227,No
83228,Yes
83229,No
83230,No
83231,No
83232,No
83233,No
83234,No
83235,Yes
83236,No
83237,Yes
83238,No
83239,No
83240,No
83241,No
83242,Yes
83243,No
83244,Yes
83245,No
83246,No
83247,No
83248,No
83249,Yes
83250,Yes
83251,No
83252,No
83253,Yes
83254,No
83255,Yes
83256,Yes
83257,Yes
83258,Yes
83259,No
83260,No
83261,Yes
83262,Yes
83263,Yes
83264,Yes
83265,Yes
83266,No
83267,No
83268,No
83269,No
83270,Yes
83271,Yes
83272,Yes
83273,No
83274,No
83275,No
83276,Yes
83277,Yes
83278,Yes
83279,No
83280,No
83281,Yes
83282,Yes
83283,Yes
83284,No
83285,Yes
83286,Yes
83287,No
83288,No
83289,Yes
83290,No
83291,No
83292,Yes
83293,No
83294,No
83295,No
83296,No
83297,Yes
83298,Yes
83299,No
83300,No
83301,Yes
83302,No
83303,No
83304,No
83305,Yes
83306,No
83307,No
83308,Yes
83309,No
83310,Yes
83311,No
83312,No
83313,No
83314,No
83315,Yes
83316,Yes
83317,No
83318,No
83319,No
83320,Yes
83321,Yes
83322,No
83323,Yes
83324,No
83325,No
83326,Yes
83327,No
83328,Yes
83329,Yes
83330,Yes
83331,Yes
83332,Yes
83333,Yes
83334,No
83335,No
83336,No
83337,No
83338,Yes
83339,Yes
83340,Yes
83341,No
83342,Yes
83343,No
83344,No
83345,Yes
83346,Yes
83347,Yes
83348,No
83349,No
83350,No
83351,No
83352,No
83353,No
83354,No
83355,No
83356,No
83357,Yes
83358,No
83359,Yes
83360,No
83361,No
83362,Yes
83363,Yes
83364,No
83365,Yes
83366,Yes
83367,No
83368,Yes
83369,No
83370,No
83371,Yes
83372,No
83373,Yes
83374,Yes
83375,No
83376,No
83377,No
83378,No
83379,No
83380,No
83381,No
83382,No
83383,No
83384,No
83385,No
83386,No
83387,No
83388,Yes
83389,Yes
83390,Yes
83391,No
83392,No
83393,No
83394,No
83395,No
83396,Yes
83397,Yes
83398,Yes
83399,Yes
83400,No
83401,No
83402,Yes
83403,No
83404,No
83405,No
83406,Yes
83407,No
83408,Yes
83409,No
83410,No
83411,No
83412,Yes
83413,Yes
83414,No
83415,Yes
83416,No
83417,No
83418,No
83419,No
83420,Yes
83421,No
83422,Yes
83423,No
83424,Yes
83425,No
83426,No
83427,No
83428,No
83429,No
83430,No
83431,No
83432,Yes
83433,No
83434,Yes
83435,Yes
83436,Yes
83437,No
83438,Yes
83439,No
83440,Yes
83441,No
83442,No
83443,No
83444,No
83445,Yes
83446,No
83447,No
83448,No
83449,No
83450,Yes
83451,Yes
83452,No
83453,No
83454,No
83455,Yes
83456,No
83457,Yes
83458,Yes
83459,Yes
83460,No
83461,No
83462,No
83463,Yes
83464,Yes
83465,Yes
83466,Yes
83467,No
83468,No
83469,Yes
83470,Yes
83471,No
83472,No
83473,No
83474,No
83475,No
83476,Yes
83477,Yes
83478,No
83479,Yes
83480,Yes
83481,No
83482,Yes
83483,Yes
83484,Yes
83485,Yes
83486,No
83487,Yes
83488,No
83489,No
83490,No
83491,No
83492,Yes
83493,No
83494,No
83495,No
83496,No
83497,No
83498,Yes
83499,Yes
83500,Yes
83501,No
83502,Yes
83503,No
83504,No
83505,No
83506,No
83507,Yes
83508,Yes
83509,Yes
83510,No
83511,Yes
83512,No
83513,Yes
83514,No
83515,No
83516,Yes
83517,No
83518,No
83519,No
83520,No
83521,No
83522,No
83523,No
83524,No
83525,No
83526,No
83527,No
83528,Yes
83529,No
83530,No
83531,No
83532,Yes
83533,No
83534,No
83535,Yes
83536,No
83537,No
83538,No
83539,Yes
83540,No
83541,Yes
83542,Yes
83543,Yes
83544,Yes
83545,No
83546,No
83547,Yes
83548,No
83549,Yes
83550,No
83551,No
83552,No
83553,No
83554,No
83555,No
83556,Yes
83557,No
83558,Yes
83559,Yes
83560,No
83561,Yes
83562,Yes
83563,Yes
83564,No
83565,Yes
83566,No
83567,No
83568,No
83569,Yes
83570,No
83571,Yes
83572,Yes
83573,Yes
83574,No
83575,Yes
83576,No
83577,Yes
83578,Yes
83579,No
83580,No
83581,No
83582,No
83583,Yes
83584,Yes
83585,Yes
83586,No
83587,No
83588,No
83589,Yes
83590,No
83591,No
83592,Yes
83593,No
83594,No
83595,Yes
83596,Yes
83597,No
83598,Yes
83599,No
83600,Yes
83601,Yes
83602,No
83603,Yes
83604,Yes
83605,Yes
83606,Yes
83607,Yes
83608,No
83609,Yes
83610,No
83611,No
83612,Yes
83613,No
83614,No
83615,Yes
83616,No
83617,Yes
83618,No
83619,No
83620,No
83621,No
83622,No
83623,No
83624,No
83625,No
83626,No
83627,No
83628,No
83629,No
83630,No
83631,No
83632,No
83633,No
83634,No
83635,Yes
83636,No
83637,Yes
83638,Yes
83639,No
83640,No
83641,Yes
83642,No
83643,No
83644,Yes
83645,No
83646,Yes
83647,Yes
83648,No
83649,No
83650,No
83651,No
83652,Yes
83653,No
83654,No
83655,No
83656,No
83657,No
83658,No
83659,No
83660,No
83661,No
83662,No
83663,No
83664,Yes
83665,Yes
83666,Yes
83667,Yes
83668,No
83669,No
83670,Yes
83671,No
83672,No
83673,No
83674,Yes
83675,No
83676,No
83677,No
83678,No
83679,Yes
83680,No
83681,No
83682,Yes
83683,No
83684,No
83685,Yes
83686,No
83687,Yes
83688,No
83689,No
83690,Yes
83691,No
83692,Yes
83693,Yes
83694,No
83695,No
83696,No
83697,Yes
83698,Yes
83699,No
83700,Yes
83701,No
83702,No
83703,Yes
83704,No
83705,Yes
83706,No
83707,No
83708,No
83709,No
83710,Yes
83711,Yes
83712,No
83713,Yes
83714,Yes
83715,No
83716,Yes
83717,No
83718,No
83719,No
83720,No
83721,Yes
83722,No
83723,No
83724,Yes
83725,No
83726,No
83727,No
83728,Yes
83729,No
83730,No
83731,No
83732,Yes
83733,Yes
83734,No
83735,No
83736,Yes
83737,Yes
83738,No
83739,No
83740,Yes
83741,Yes
83742,No
83743,Yes
83744,Yes
83745,Yes
83746,No
83747,Yes
83748,Yes
83749,No
83750,Yes
83751,Yes
83752,No
83753,Yes
83754,No
83755,Yes
83756,No
83757,No
83758,No
83759,No
83760,Yes
83761,No
83762,Yes
83763,No
83764,Yes
83765,No
83766,Yes
83767,No
83768,No
83769,No
83770,No
83771,Yes
83772,No
83773,No
83774,No
83775,No
83776,No
83777,Yes
83778,Yes
83779,No
83780,No
83781,No
83782,No
83783,Yes
83784,Yes
83785,Yes
83786,Yes
83787,No
83788,No
83789,Yes
83790,No
83791,No
83792,Yes
83793,No
83794,Yes
83795,No
83796,No
83797,Yes
83798,Yes
83799,No
83800,Yes
83801,Yes
83802,No
83803,Yes
83804,Yes
83805,No
83806,Yes
83807,Yes
83808,No
83809,No
83810,Yes
83811,No
83812,No
83813,No
83814,Yes
83815,No
83816,No
83817,No
83818,No
83819,No
83820,No
83821,No
83822,No
83823,Yes
83824,No
83825,No
83826,No
83827,No
83828,No
83829,No
83830,No
83831,No
83832,No
83833,Yes
83834,No
83835,Yes
83836,No
83837,No
83838,Yes
83839,No
83840,No
83841,No
83842,No
83843,No
83844,Yes
83845,No
83846,No
83847,No
83848,No
83849,Yes
83850,Yes
83851,No
83852,No
83853,No
83854,Yes
83855,No
83856,No
83857,No
83858,No
83859,No
83860,No
83861,No
83862,No
83863,No
83864,No
83865,No
83866,No
83867,No
83868,Yes
83869,No
83870,No
83871,No
83872,Yes
83873,Yes
83874,No
83875,No
83876,Yes
83877,No
83878,No
83879,Yes
83880,No
83881,Yes
83882,Yes
83883,Yes
83884,Yes
83885,No
83886,Yes
83887,No
83888,No
83889,No
83890,Yes
83891,No
83892,Yes
83893,No
83894,Yes
83895,No
83896,No
83897,No
83898,No
83899,No
83900,No
83901,No
83902,No
83903,No
83904,No
83905,Yes
83906,No
83907,No
83908,No
83909,No
83910,No
83911,No
83912,No
83913,Yes
83914,No
83915,No
83916,No
83917,Yes
83918,No
83919,No
83920,Yes
83921,Yes
83922,No
83923,Yes
83924,No
83925,No
83926,Yes
83927,No
83928,No
83929,No
83930,No
83931,No
83932,No
83933,Yes
83934,Yes
83935,Yes
83936,No
83937,No
83938,No
83939,No
83940,No
83941,No
83942,Yes
83943,Yes
83944,Yes
83945,No
83946,No
83947,Yes
83948,No
83949,No
83950,No
83951,No
83952,Yes
83953,Yes
83954,Yes
83955,No
83956,Yes
83957,Yes
83958,No
83959,No
83960,No
83961,No
83962,No
83963,Yes
83964,No
83965,No
83966,Yes
83967,No
83968,No
83969,No
83970,No
83971,Yes
83972,No
83973,Yes
83974,No
83975,No
83976,No
83977,No
83978,No
83979,Yes
83980,No
83981,Yes
83982,No
83983,No
83984,No
83985,No
83986,No
83987,Yes
83988,Yes
83989,No
83990,Yes
83991,Yes
83992,No
83993,No
83994,Yes
83995,No
83996,Yes
83997,Yes
83998,Yes
83999,Yes
84000,Yes
84001,No
84002,No
84003,No
84004,No
84005,No
84006,Yes
84007,No
84008,No
84009,No
84010,No
84011,Yes
84012,No
84013,No
84014,Yes
84015,No
84016,No
84017,No
84018,No
84019,No
84020,No
84021,No
84022,No
84023,Yes
84024,No
84025,No
84026,Yes
84027,No
84028,Yes
84029,Yes
84030,No
84031,No
84032,No
84033,No
84034,No
84035,Yes
84036,No
84037,No
84038,No
84039,No
84040,Yes
84041,No
84042,No
84043,No
84044,Yes
84045,Yes
84046,No
84047,No
84048,Yes
84049,No
84050,Yes
84051,Yes
84052,No
84053,No
84054,Yes
84055,No
84056,No
84057,Yes
84058,Yes
84059,No
84060,No
84061,Yes
84062,Yes
84063,No
84064,Yes
84065,No
84066,Yes
84067,No
84068,Yes
84069,No
84070,Yes
84071,Yes
84072,No
84073,No
84074,No
84075,No
84076,Yes
84077,No
84078,Yes
84079,Yes
84080,Yes
84081,Yes
84082,No
84083,Yes
84084,Yes
84085,No
84086,No
84087,Yes
84088,No
84089,No
84090,No
84091,No
84092,Yes
84093,No
84094,Yes
84095,No
84096,Yes
84097,No
84098,No
84099,Yes
84100,No
84101,No
84102,Yes
84103,Yes
84104,Yes
84105,No
84106,No
84107,No
84108,No
84109,Yes
84110,No
84111,No
84112,No
84113,Yes
84114,Yes
84115,Yes
84116,No
84117,No
84118,Yes
84119,Yes
84120,No
84121,No
84122,No
84123,Yes
84124,No
84125,Yes
84126,Yes
84127,No
84128,Yes
84129,No
84130,Yes
84131,Yes
84132,No
84133,Yes
84134,No
84135,Yes
84136,Yes
84137,Yes
84138,No
84139,No
84140,No
84141,No
84142,No
84143,No
84144,Yes
84145,No
84146,No
84147,Yes
84148,Yes
84149,No
84150,No
84151,Yes
84152,Yes
84153,Yes
84154,No
84155,Yes
84156,Yes
84157,Yes
84158,Yes
84159,No
84160,Yes
84161,Yes
84162,No
84163,Yes
84164,Yes
84165,No
84166,No
84167,Yes
84168,No
84169,No
84170,No
84171,No
84172,No
84173,No
84174,Yes
84175,No
84176,No
84177,No
84178,No
84179,No
84180,No
84181,Yes
84182,No
84183,No
84184,No
84185,No
84186,Yes
84187,No
84188,Yes
84189,Yes
84190,No
84191,No
84192,No
84193,Yes
84194,No
84195,Yes
84196,No
84197,No
84198,No
84199,Yes
84200,No
84201,No
84202,No
84203,No
84204,No
84205,Yes
84206,No
84207,Yes
84208,Yes
84209,No
84210,No
84211,No
84212,Yes
84213,No
84214,No
84215,No
84216,Yes
84217,No
84218,Yes
84219,Yes
84220,No
84221,Yes
84222,Yes
84223,No
84224,No
84225,No
84226,No
84227,Yes
84228,No
84229,Yes
84230,Yes
84231,No
84232,Yes
84233,No
84234,Yes
84235,No
84236,Yes
84237,No
84238,No
84239,No
84240,Yes
84241,No
84242,No
84243,No
84244,Yes
84245,No
84246,No
84247,No
84248,Yes
84249,No
84250,No
84251,No
84252,Yes
84253,No
84254,Yes
84255,Yes
84256,No
84257,Yes
84258,No
84259,Yes
84260,Yes
84261,Yes
84262,No
84263,No
84264,No
84265,No
84266,No
84267,Yes
84268,No
84269,No
84270,No
84271,No
84272,No
84273,Yes
84274,No
84275,Yes
84276,No
84277,No
84278,Yes
84279,No
84280,Yes
84281,No
84282,Yes
84283,Yes
84284,No
84285,No
84286,No
84287,No
84288,No
84289,Yes
84290,No
84291,No
84292,No
84293,No
84294,No
84295,No
84296,No
84297,No
84298,Yes
84299,No
84300,Yes
84301,No
84302,No
84303,No
84304,Yes
84305,No
84306,Yes
84307,No
84308,No
84309,Yes
84310,No
84311,No
84312,No
84313,No
84314,No
84315,No
84316,Yes
84317,Yes
84318,Yes
84319,No
84320,Yes
84321,No
84322,Yes
84323,Yes
84324,Yes
84325,No
84326,Yes
84327,No
84328,No
84329,No
84330,No
84331,No
84332,No
84333,Yes
84334,Yes
84335,No
84336,Yes
84337,No
84338,Yes
84339,Yes
84340,Yes
84341,No
84342,No
84343,No
84344,Yes
84345,No
84346,No
84347,No
84348,Yes
84349,No
84350,No
84351,Yes
84352,Yes
84353,Yes
84354,No
84355,Yes
84356,No
84357,Yes
84358,No
84359,No
84360,No
84361,Yes
84362,No
84363,No
84364,Yes
84365,No
84366,No
84367,Yes
84368,No
84369,No
84370,No
84371,No
84372,No
84373,No
84374,Yes
84375,No
84376,Yes
84377,Yes
84378,Yes
84379,No
84380,Yes
84381,No
84382,No
84383,No
84384,No
84385,No
84386,No
84387,No
84388,No
84389,Yes
84390,Yes
84391,No
84392,No
84393,No
84394,Yes
84395,No
84396,No
84397,No
84398,Yes
84399,No
84400,No
84401,Yes
84402,No
84403,Yes
84404,No
84405,Yes
84406,No
84407,Yes
84408,No
84409,Yes
84410,Yes
84411,Yes
84412,No
84413,Yes
84414,No
84415,Yes
84416,Yes
84417,No
84418,Yes
84419,No
84420,No
84421,Yes
84422,No
84423,No
84424,No
84425,Yes
84426,No
84427,Yes
84428,No
84429,No
84430,No
84431,Yes
84432,No
84433,No
84434,No
84435,No
84436,Yes
84437,No
84438,No
84439,Yes
84440,Yes
84441,No
84442,Yes
84443,Yes
84444,Yes
84445,No
84446,No
84447,No
84448,Yes
84449,No
84450,No
84451,No
84452,Yes
84453,No
84454,No
84455,No
84456,No
84457,Yes
84458,No
84459,No
84460,No
84461,No
84462,No
84463,Yes
84464,No
84465,Yes
84466,No
84467,No
84468,Yes
84469,No
84470,No
84471,Yes
84472,Yes
84473,No
84474,No
84475,Yes
84476,No
84477,No
84478,No
84479,Yes
84480,Yes
84481,No
84482,Yes
84483,Yes
84484,No
84485,Yes
84486,No
84487,No
84488,No
84489,No
84490,No
84491,No
84492,No
84493,Yes
84494,No
84495,Yes
84496,No
84497,Yes
84498,No
84499,No
84500,No
84501,Yes
84502,No
84503,Yes
84504,No
84505,No
84506,Yes
84507,No
84508,Yes
84509,No
84510,No
84511,No
84512,Yes
84513,No
84514,No
84515,No
84516,Yes
84517,No
84518,No
84519,Yes
84520,Yes
84521,No
84522,No
84523,Yes
84524,No
84525,No
84526,Yes
84527,No
84528,Yes
84529,No
84530,No
84531,No
84532,Yes
84533,No
84534,No
84535,Yes
84536,No
84537,No
84538,Yes
84539,Yes
84540,No
84541,No
84542,Yes
84543,No
84544,Yes
84545,Yes
84546,Yes
84547,Yes
84548,No
84549,No
84550,No
84551,No
84552,No
84553,Yes
84554,Yes
84555,No
84556,No
84557,No
84558,No
84559,No
84560,No
84561,No
84562,No
84563,No
84564,Yes
84565,Yes
84566,No
84567,Yes
84568,Yes
84569,No
84570,No
84571,Yes
84572,No
84573,No
84574,Yes
84575,No
84576,Yes
84577,No
84578,No
84579,No
84580,Yes
84581,No
84582,Yes
84583,No
84584,Yes
84585,Yes
84586,Yes
84587,No
84588,No
84589,No
84590,Yes
84591,Yes
84592,No
84593,No
84594,Yes
84595,Yes
84596,No
84597,No
84598,No
84599,No
84600,No
84601,No
84602,No
84603,Yes
84604,No
84605,No
84606,No
84607,No
84608,Yes
84609,Yes
84610,Yes
84611,No
84612,No
84613,No
84614,No
84615,No
84616,No
84617,No
84618,No
84619,Yes
84620,No
84621,No
84622,No
84623,No
84624,No
84625,No
84626,No
84627,No
84628,No
84629,No
84630,No
84631,Yes
84632,No
84633,No
84634,No
84635,No
84636,Yes
84637,No
84638,Yes
84639,Yes
84640,No
84641,Yes
84642,Yes
84643,No
84644,No
84645,No
84646,No
84647,No
84648,Yes
84649,Yes
84650,No
84651,No
84652,No
84653,Yes
84654,No
84655,No
84656,Yes
84657,No
84658,No
84659,No
84660,Yes
84661,Yes
84662,Yes
84663,Yes
84664,Yes
84665,Yes
84666,No
84667,Yes
84668,Yes
84669,No
84670,No
84671,Yes
84672,Yes
84673,No
84674,No
84675,No
84676,Yes
84677,No
84678,No
84679,No
84680,Yes
84681,No
84682,No
84683,Yes
84684,No
84685,Yes
84686,No
84687,Yes
84688,No
84689,No
84690,Yes
84691,No
84692,No
84693,No
84694,Yes
84695,Yes
84696,No
84697,No
84698,Yes
84699,No
84700,No
84701,Yes
84702,No
84703,No
84704,No
84705,Yes
84706,No
84707,No
84708,Yes
84709,No
84710,No
84711,No
84712,No
84713,No
84714,No
84715,No
84716,No
84717,No
84718,Yes
84719,No
84720,No
84721,No
84722,Yes
84723,No
84724,No
84725,Yes
84726,No
84727,No
84728,No
84729,No
84730,No
84731,No
84732,No
84733,Yes
84734,No
84735,Yes
84736,No
84737,Yes
84738,No
84739,Yes
84740,No
84741,No
84742,No
84743,No
84744,No
84745,No
84746,No
84747,Yes
84748,Yes
84749,No
84750,No
84751,Yes
84752,No
84753,No
84754,Yes
84755,No
84756,Yes
84757,No
84758,Yes
84759,Yes
84760,No
84761,Yes
84762,Yes
84763,No
84764,No
84765,Yes
84766,Yes
84767,Yes
84768,Yes
84769,Yes
84770,Yes
84771,No
84772,No
84773,No
84774,No
84775,No
84776,No
84777,No
84778,No
84779,Yes
84780,No
84781,No
84782,No
84783,No
84784,No
84785,No
84786,No
84787,No
84788,No
84789,Yes
84790,No
84791,Yes
84792,No
84793,No
84794,Yes
84795,Yes
84796,No
84797,No
84798,No
84799,Yes
84800,No
84801,Yes
84802,No
84803,No
84804,No
84805,Yes
84806,No
84807,Yes
84808,No
84809,No
84810,No
84811,No
84812,No
84813,No
84814,No
84815,Yes
84816,Yes
84817,No
84818,No
84819,Yes
84820,No
84821,No
84822,No
84823,Yes
84824,No
84825,No
84826,Yes
84827,Yes
84828,No
84829,No
84830,No
84831,Yes
84832,No
84833,No
84834,No
84835,No
84836,Yes
84837,No
84838,No
84839,No
84840,No
84841,Yes
84842,No
84843,No
84844,Yes
84845,No
84846,Yes
84847,Yes
84848,No
84849,No
84850,No
84851,No
84852,Yes
84853,Yes
84854,Yes
84855,No
84856,Yes
84857,Yes
84858,Yes
84859,Yes
84860,No
84861,No
84862,No
84863,Yes
84864,Yes
84865,No
84866,No
84867,No
84868,Yes
84869,Yes
84870,Yes
84871,Yes
84872,No
84873,No
84874,No
84875,No
84876,No
84877,Yes
84878,No
84879,No
84880,No
84881,Yes
84882,No
84883,No
84884,No
84885,Yes
84886,Yes
84887,No
84888,No
84889,Yes
84890,No
84891,No
84892,No
84893,Yes
84894,Yes
84895,Yes
84896,No
84897,No
84898,Yes
84899,No
84900,No
84901,No
84902,No
84903,Yes
84904,Yes
84905,Yes
84906,No
84907,No
84908,Yes
84909,Yes
84910,No
84911,Yes
84912,No
84913,No
84914,No
84915,No
84916,Yes
84917,No
84918,No
84919,No
84920,Yes
84921,No
84922,No
84923,Yes
84924,No
84925,No
84926,No
84927,No
84928,No
84929,No
84930,No
84931,Yes
84932,No
84933,Yes
84934,Yes
84935,No
84936,No
84937,Yes
84938,Yes
84939,No
84940,No
84941,No
84942,No
84943,No
84944,Yes
84945,No
84946,Yes
84947,Yes
84948,Yes
84949,Yes
84950,No
84951,Yes
84952,Yes
84953,No
84954,Yes
84955,Yes
84956,No
84957,No
84958,No
84959,No
84960,Yes
84961,Yes
84962,Yes
84963,No
84964,Yes
84965,No
84966,No
84967,No
84968,No
84969,No
84970,No
84971,No
84972,No
84973,Yes
84974,Yes
84975,Yes
84976,No
84977,No
84978,No
84979,No
84980,Yes
84981,Yes
84982,Yes
84983,No
84984,Yes
84985,No
84986,No
84987,No
84988,No
84989,No
84990,Yes
84991,No
84992,Yes
84993,No
84994,No
84995,Yes
84996,Yes
84997,No
84998,Yes
84999,Yes
85000,Yes
85001,Yes
85002,No
85003,Yes
85004,Yes
85005,No
85006,Yes
85007,No
85008,No
85009,No
85010,Yes
85011,No
85012,Yes
85013,No
85014,Yes
85015,No
85016,Yes
85017,No
85018,Yes
85019,Yes
85020,Yes
85021,Yes
85022,Yes
85023,Yes
85024,No
85025,No
85026,No
85027,No
85028,No
85029,Yes
85030,No
85031,No
85032,No
85033,No
85034,Yes
85035,No
85036,Yes
85037,No
85038,No
85039,No
85040,No
85041,No
85042,No
85043,No
85044,No
85045,No
85046,Yes
85047,Yes
85048,Yes
85049,No
85050,Yes
85051,Yes
85052,No
85053,Yes
85054,Yes
85055,Yes
85056,Yes
85057,No
85058,Yes
85059,No
85060,No
85061,No
85062,No
85063,Yes
85064,No
85065,Yes
85066,Yes
85067,Yes
85068,No
85069,Yes
85070,No
85071,No
85072,No
85073,No
85074,No
85075,No
85076,No
85077,Yes
85078,Yes
85079,Yes
85080,No
85081,No
85082,No
85083,Yes
85084,Yes
85085,No
85086,No
85087,No
85088,Yes
85089,No
85090,Yes
85091,No
85092,No
85093,Yes
85094,No
85095,Yes
85096,Yes
85097,No
85098,No
85099,No
85100,Yes
85101,No
85102,No
85103,Yes
85104,No
85105,No
85106,No
85107,Yes
85108,Yes
85109,Yes
85110,No
85111,Yes
85112,No
85113,No
85114,No
85115,Yes
85116,No
85117,Yes
85118,No
85119,Yes
85120,Yes
85121,No
85122,Yes
85123,No
85124,No
85125,Yes
85126,No
85127,Yes
85128,No
85129,Yes
85130,Yes
85131,No
85132,No
85133,No
85134,No
85135,Yes
85136,Yes
85137,Yes
85138,No
85139,No
85140,No
85141,No
85142,No
85143,No
85144,No
85145,Yes
85146,Yes
85147,No
85148,No
85149,No
85150,No
85151,No
85152,No
85153,No
85154,No
85155,Yes
85156,No
85157,No
85158,Yes
85159,No
85160,No
85161,No
85162,No
85163,No
85164,No
85165,No
85166,Yes
85167,Yes
85168,Yes
85169,No
85170,No
85171,No
85172,No
85173,Yes
85174,No
85175,No
85176,Yes
85177,Yes
85178,Yes
85179,No
85180,No
85181,No
85182,No
85183,No
85184,Yes
85185,No
85186,Yes
85187,Yes
85188,No
85189,No
85190,No
85191,Yes
85192,No
85193,No
85194,No
85195,No
85196,Yes
85197,No
85198,No
85199,No
85200,No
85201,No
85202,Yes
85203,Yes
85204,No
85205,No
85206,No
85207,No
85208,Yes
85209,No
85210,Yes
85211,Yes
85212,No
85213,No
85214,Yes
85215,No
85216,Yes
85217,Yes
85218,No
85219,No
85220,No
85221,No
85222,Yes
85223,Yes
85224,No
85225,Yes
85226,No
85227,No
85228,No
85229,No
85230,No
85231,No
85232,No
85233,No
85234,No
85235,No
85236,No
85237,Yes
85238,No
85239,No
85240,No
85241,No
85242,No
85243,Yes
85244,No
85245,No
85246,Yes
85247,No
85248,No
85249,No
85250,Yes
85251,No
85252,Yes
85253,Yes
85254,No
85255,No
85256,Yes
85257,No
85258,No
85259,Yes
85260,No
85261,Yes
85262,Yes
85263,No
85264,No
85265,No
85266,No
85267,No
85268,Yes
85269,No
85270,Yes
85271,No
85272,Yes
85273,No
85274,No
85275,No
85276,Yes
85277,Yes
85278,No
85279,Yes
85280,Yes
85281,Yes
85282,Yes
85283,Yes
85284,No
85285,Yes
85286,No
85287,No
85288,No
85289,No
85290,No
85291,No
85292,No
85293,No
85294,No
85295,Yes
85296,No
85297,Yes
85298,No
85299,Yes
85300,Yes
85301,Yes
85302,Yes
85303,No
85304,No
85305,No
85306,No
85307,Yes
85308,No
85309,No
85310,No
85311,Yes
85312,Yes
85313,No
85314,Yes
85315,Yes
85316,No
85317,Yes
85318,No
85319,No
85320,Yes
85321,No
85322,Yes
85323,No
85324,Yes
85325,No
85326,No
85327,Yes
85328,No
85329,No
85330,No
85331,Yes
85332,No
85333,Yes
85334,Yes
85335,No
85336,No
85337,Yes
85338,No
85339,Yes
85340,Yes
85341,No
85342,No
85343,Yes
85344,No
85345,Yes
85346,No
85347,No
85348,Yes
85349,Yes
85350,No
85351,No
85352,Yes
85353,No
85354,Yes
85355,No
85356,Yes
85357,No
85358,No
85359,No
85360,Yes
85361,Yes
85362,Yes
85363,No
85364,No
85365,No
85366,No
85367,Yes
85368,No
85369,No
85370,No
85371,No
85372,No
85373,No
85374,Yes
85375,No
85376,Yes
85377,No
85378,No
85379,Yes
85380,No
85381,Yes
85382,No
85383,No
85384,No
85385,No
85386,No
85387,No
85388,No
85389,No
85390,No
85391,No
85392,No
85393,No
85394,No
85395,Yes
85396,No
85397,No
85398,Yes
85399,Yes
85400,Yes
85401,No
85402,No
85403,No
85404,Yes
85405,No
85406,No
85407,No
85408,Yes
85409,Yes
85410,Yes
85411,No
85412,Yes
85413,No
85414,Yes
85415,No
85416,Yes
85417,No
85418,No
85419,No
85420,No
85421,No
85422,Yes
85423,Yes
85424,No
85425,No
85426,No
85427,No
85428,No
85429,Yes
85430,Yes
85431,Yes
85432,Yes
85433,Yes
85434,Yes
85435,No
85436,No
85437,No
85438,Yes
85439,No
85440,No
85441,No
85442,No
85443,No
85444,No
85445,No
85446,No
85447,No
85448,Yes
85449,No
85450,No
85451,No
85452,Yes
85453,No
85454,Yes
85455,No
85456,No
85457,Yes
85458,Yes
85459,No
85460,Yes
85461,No
85462,Yes
85463,No
85464,No
85465,Yes
85466,No
85467,No
85468,No
85469,No
85470,No
85471,No
85472,No
85473,No
85474,Yes
85475,No
85476,No
85477,No
85478,No
85479,No
85480,No
85481,No
85482,Yes
85483,No
85484,No
85485,Yes
85486,Yes
85487,No
85488,Yes
85489,No
85490,No
85491,Yes
85492,No
85493,No
85494,No
85495,Yes
85496,No
85497,No
85498,No
85499,No
85500,No
85501,No
85502,Yes
85503,No
85504,No
85505,No
85506,Yes
85507,No
85508,No
85509,No
85510,No
85511,No
85512,No
85513,Yes
85514,Yes
85515,Yes
85516,Yes
85517,No
85518,No
85519,Yes
85520,No
85521,No
85522,No
85523,No
85524,No
85525,Yes
85526,Yes
85527,No
85528,Yes
85529,No
85530,No
85531,No
85532,Yes
85533,No
85534,No
85535,No
85536,No
85537,No
85538,No
85539,No
85540,No
85541,Yes
85542,No
85543,No
85544,No
85545,No
85546,Yes
85547,No
85548,Yes
85549,Yes
85550,No
85551,No
85552,No
85553,No
85554,No
85555,No
85556,No
85557,Yes
85558,No
85559,No
85560,Yes
85561,Yes
85562,No
85563,Yes
85564,No
85565,No
85566,No
85567,No
85568,Yes
85569,No
85570,No
85571,Yes
85572,Yes
85573,No
85574,No
85575,Yes
85576,No
85577,Yes
85578,No
85579,No
85580,Yes
85581,No
85582,No
85583,Yes
85584,Yes
85585,Yes
85586,No
85587,No
85588,No
85589,No
85590,Yes
85591,No
85592,No
85593,No
85594,No
85595,No
85596,Yes
85597,No
85598,Yes
85599,No
85600,No
85601,No
85602,No
85603,No
85604,No
85605,Yes
85606,No
85607,No
85608,Yes
85609,No
85610,No
85611,No
85612,No
85613,No
85614,Yes
85615,No
85616,Yes
85617,No
85618,No
85619,Yes
85620,No
85621,No
85622,Yes
85623,No
85624,Yes
85625,Yes
85626,Yes
85627,Yes
85628,No
85629,No
85630,No
85631,No
85632,No
85633,No
85634,Yes
85635,Yes
85636,No
85637,Yes
85638,No
85639,Yes
85640,No
85641,No
85642,No
85643,Yes
85644,No
85645,No
85646,Yes
85647,No
85648,Yes
85649,Yes
85650,No
85651,No
85652,Yes
85653,No
85654,No
85655,No
85656,No
85657,No
85658,No
85659,No
85660,No
85661,No
85662,No
85663,No
85664,No
85665,No
85666,No
85667,Yes
85668,No
85669,No
85670,No
85671,No
85672,No
85673,No
85674,No
85675,No
85676,Yes
85677,No
85678,Yes
85679,No
85680,No
85681,Yes
85682,Yes
85683,Yes
85684,Yes
85685,No
85686,Yes
85687,No
85688,Yes
85689,Yes
85690,No
85691,No
85692,No
85693,Yes
85694,Yes
85695,No
85696,No
85697,Yes
85698,No
85699,Yes
85700,No
85701,No
85702,No
85703,Yes
85704,No
85705,No
85706,No
85707,Yes
85708,No
85709,No
85710,Yes
85711,Yes
85712,Yes
85713,No
85714,No
85715,No
85716,Yes
85717,No
85718,No
85719,No
85720,No
85721,Yes
85722,No
85723,No
85724,Yes
85725,No
85726,Yes
85727,No
85728,Yes
85729,Yes
85730,Yes
85731,Yes
85732,No
85733,No
85734,Yes
85735,No
85736,Yes
85737,Yes
85738,No
85739,Yes
85740,No
85741,No
85742,No
85743,Yes
85744,Yes
85745,No
85746,Yes
85747,No
85748,Yes
85749,No
85750,Yes
85751,Yes
85752,Yes
85753,No
85754,Yes
85755,Yes
85756,No
85757,No
85758,No
85759,Yes
85760,No
85761,No
85762,No
85763,No
85764,No
85765,No
85766,Yes
85767,No
85768,No
85769,Yes
85770,No
85771,No
85772,No
85773,Yes
85774,No
85775,Yes
85776,No
85777,No
85778,No
85779,Yes
85780,Yes
85781,No
85782,No
85783,No
85784,No
85785,No
85786,No
85787,No
85788,No
85789,Yes
85790,No
85791,Yes
85792,No
85793,Yes
85794,Yes
85795,Yes
85796,No
85797,Yes
85798,Yes
85799,Yes
85800,No
85801,No
85802,Yes
85803,No
85804,No
85805,Yes
85806,Yes
85807,Yes
85808,No
85809,Yes
85810,Yes
85811,Yes
85812,No
85813,Yes
85814,Yes
85815,No
85816,Yes
85817,No
85818,No
85819,No
85820,Yes
85821,Yes
85822,No
85823,No
85824,No
85825,No
85826,No
85827,No
85828,No
85829,Yes
85830,No
85831,No
85832,Yes
85833,No
85834,Yes
85835,Yes
85836,Yes
85837,Yes
85838,Yes
85839,No
85840,Yes
85841,No
85842,Yes
85843,Yes
85844,No
85845,No
85846,Yes
85847,No
85848,No
85849,Yes
85850,No
85851,Yes
85852,No
85853,No
85854,Yes
85855,No
85856,Yes
85857,No
85858,No
85859,No
85860,No
85861,No
85862,Yes
85863,No
85864,No
85865,Yes
85866,No
85867,No
85868,Yes
85869,Yes
85870,No
85871,No
85872,No
85873,No
85874,No
85875,Yes
85876,Yes
85877,No
85878,No
85879,Yes
85880,Yes
85881,No
85882,Yes
85883,Yes
85884,No
85885,Yes
85886,Yes
85887,Yes
85888,Yes
85889,No
85890,Yes
85891,Yes
85892,No
85893,Yes
85894,No
85895,No
85896,No
85897,Yes
85898,No
85899,Yes
85900,No
85901,No
85902,Yes
85903,Yes
85904,No
85905,No
85906,No
85907,Yes
85908,No
85909,Yes
85910,No
85911,No
85912,No
85913,No
85914,Yes
85915,Yes
85916,Yes
85917,No
85918,No
85919,No
85920,No
85921,No
85922,No
85923,No
85924,No
85925,No
85926,No
85927,Yes
85928,No
85929,No
85930,Yes
85931,No
85932,No
85933,No
85934,No
85935,No
85936,Yes
85937,No
85938,No
85939,No
85940,No
85941,No
85942,Yes
85943,Yes
85944,Yes
85945,No
85946,No
85947,No
85948,No
85949,No
85950,No
85951,Yes
85952,No
85953,Yes
85954,Yes
85955,Yes
85956,No
85957,Yes
85958,No
85959,No
85960,No
85961,Yes
85962,No
85963,Yes
85964,No
85965,No
85966,No
85967,No
85968,No
85969,No
85970,No
85971,Yes
85972,No
85973,No
85974,Yes
85975,Yes
85976,Yes
85977,No
85978,No
85979,Yes
85980,No
85981,Yes
85982,Yes
85983,No
85984,Yes
85985,Yes
85986,No
85987,No
85988,Yes
85989,Yes
85990,No
85991,No
85992,Yes
85993,Yes
85994,Yes
85995,Yes
85996,No
85997,No
85998,Yes
85999,No
86000,Yes
86001,Yes
86002,Yes
86003,No
86004,No
86005,Yes
86006,Yes
86007,No
86008,No
86009,Yes
86010,Yes
86011,No
86012,No
86013,No
86014,Yes
86015,Yes
86016,No
86017,Yes
86018,No
86019,No
86020,No
86021,No
86022,No
86023,No
86024,Yes
86025,No
86026,Yes
86027,No
86028,No
86029,No
86030,Yes
86031,Yes
86032,No
86033,No
86034,No
86035,Yes
86036,No
86037,No
86038,Yes
86039,No
86040,Yes
86041,Yes
86042,No
86043,No
86044,No
86045,No
86046,Yes
86047,No
86048,Yes
86049,No
86050,No
86051,Yes
86052,No
86053,No
86054,Yes
86055,No
86056,Yes
86057,No
86058,Yes
86059,No
86060,No
86061,No
86062,No
86063,No
86064,No
86065,Yes
86066,Yes
86067,No
86068,Yes
86069,No
86070,No
86071,Yes
86072,No
86073,Yes
86074,No
86075,Yes
86076,Yes
86077,Yes
86078,Yes
86079,Yes
86080,Yes
86081,No
86082,Yes
86083,Yes
86084,No
86085,No
86086,No
86087,No
86088,Yes
86089,No
86090,No
86091,Yes
86092,No
86093,No
86094,No
86095,Yes
86096,No
86097,Yes
86098,Yes
86099,No
86100,Yes
86101,No
86102,No
86103,No
86104,Yes
86105,Yes
86106,Yes
86107,Yes
86108,No
86109,No
86110,Yes
86111,No
86112,No
86113,Yes
86114,Yes
86115,No
86116,Yes
86117,Yes
86118,Yes
86119,Yes
86120,No
86121,No
86122,Yes
86123,Yes
86124,No
86125,No
86126,No
86127,Yes
86128,Yes
86129,No
86130,No
86131,Yes
86132,Yes
86133,No
86134,No
86135,No
86136,Yes
86137,Yes
86138,No
86139,No
86140,No
86141,No
86142,Yes
86143,No
86144,Yes
86145,Yes
86146,No
86147,Yes
86148,Yes
86149,No
86150,Yes
86151,No
86152,No
86153,Yes
86154,Yes
86155,No
86156,No
86157,No
86158,No
86159,Yes
86160,No
86161,No
86162,No
86163,No
86164,No
86165,No
86166,No
86167,No
86168,Yes
86169,No
86170,No
86171,Yes
86172,No
86173,No
86174,Yes
86175,No
86176,No
86177,No
86178,No
86179,No
86180,No
86181,No
86182,Yes
86183,No
86184,No
86185,No
86186,No
86187,No
86188,No
86189,No
86190,Yes
86191,Yes
86192,No
86193,No
86194,No
86195,Yes
86196,No
86197,No
86198,Yes
86199,Yes
86200,Yes
86201,No
86202,Yes
86203,Yes
86204,No
86205,No
86206,No
86207,Yes
86208,No
86209,No
86210,No
86211,No
86212,Yes
86213,Yes
86214,No
86215,No
86216,No
86217,No
86218,No
86219,No
86220,No
86221,No
86222,Yes
86223,Yes
86224,No
86225,No
86226,No
86227,Yes
86228,No
86229,No
86230,Yes
86231,Yes
86232,Yes
86233,No
86234,No
86235,No
86236,No
86237,Yes
86238,Yes
86239,No
86240,No
86241,Yes
86242,Yes
86243,No
86244,No
86245,No
86246,No
86247,No
86248,No
86249,No
86250,Yes
86251,No
86252,No
86253,No
86254,No
86255,No
86256,No
86257,No
86258,No
86259,Yes
86260,No
86261,No
86262,Yes
86263,No
86264,Yes
86265,No
86266,No
86267,Yes
86268,No
86269,No
86270,No
86271,No
86272,Yes
86273,Yes
86274,Yes
86275,No
86276,No
86277,No
86278,Yes
86279,Yes
86280,Yes
86281,No
86282,Yes
86283,No
86284,No
86285,No
86286,Yes
86287,No
86288,No
86289,No
86290,No
86291,No
86292,No
86293,Yes
86294,Yes
86295,No
86296,No
86297,No
86298,No
86299,Yes
86300,Yes
86301,Yes
86302,No
86303,No
86304,Yes
86305,No
86306,No
86307,No
86308,No
86309,No
86310,Yes
86311,No
86312,No
86313,Yes
86314,No
86315,No
86316,Yes
86317,No
86318,Yes
86319,Yes
86320,No
86321,No
86322,Yes
86323,Yes
86324,Yes
86325,Yes
86326,No
86327,No
86328,Yes
86329,No
86330,No
86331,Yes
86332,No
86333,Yes
86334,Yes
86335,No
86336,No
86337,No
86338,Yes
86339,Yes
86340,No
86341,No
86342,Yes
86343,Yes
86344,No
86345,No
86346,Yes
86347,Yes
86348,Yes
86349,No
86350,No
86351,Yes
86352,No
86353,Yes
86354,No
86355,No
86356,No
86357,No
86358,No
86359,No
86360,No
86361,No
86362,No
86363,No
86364,Yes
86365,Yes
86366,Yes
86367,Yes
86368,No
86369,No
86370,No
86371,No
86372,No
86373,No
86374,No
86375,No
86376,No
86377,Yes
86378,No
86379,No
86380,Yes
86381,No
86382,No
86383,Yes
86384,Yes
86385,No
86386,Yes
86387,No
86388,Yes
86389,Yes
86390,No
86391,Yes
86392,No
86393,No
86394,Yes
86395,Yes
86396,No
86397,Yes
86398,No
86399,No
86400,No
86401,No
86402,No
86403,Yes
86404,Yes
86405,No
86406,Yes
86407,Yes
86408,No
86409,No
86410,Yes
86411,No
86412,Yes
86413,Yes
86414,Yes
86415,Yes
86416,Yes
86417,No
86418,No
86419,No
86420,Yes
86421,Yes
86422,No
86423,No
86424,No
86425,Yes
86426,No
86427,No
86428,No
86429,No
86430,No
86431,No
86432,Yes
86433,No
86434,Yes
86435,No
86436,No
86437,No
86438,Yes
86439,Yes
86440,No
86441,No
86442,Yes
86443,No
86444,No
86445,No
86446,Yes
86447,Yes
86448,No
86449,No
86450,Yes
86451,No
86452,Yes
86453,No
86454,No
86455,No
86456,Yes
86457,Yes
86458,No
86459,No
86460,Yes
86461,No
86462,No
86463,No
86464,No
86465,Yes
86466,No
86467,No
86468,No
86469,No
86470,No
86471,No
86472,Yes
86473,Yes
86474,Yes
86475,No
86476,Yes
86477,No
86478,No
86479,No
86480,Yes
86481,Yes
86482,No
86483,No
86484,No
86485,No
86486,Yes
86487,Yes
86488,No
86489,Yes
86490,Yes
86491,No
86492,No
86493,No
86494,Yes
86495,No
86496,Yes
86497,No
86498,No
86499,No
86500,No
86501,No
86502,No
86503,Yes
86504,No
86505,No
86506,Yes
86507,Yes
86508,No
86509,No
86510,No
86511,No
86512,No
86513,No
86514,No
86515,No
86516,No
86517,No
86518,No
86519,No
86520,No
86521,No
86522,Yes
86523,No
86524,No
86525,Yes
86526,No
86527,No
86528,Yes
86529,No
86530,Yes
86531,Yes
86532,No
86533,Yes
86534,No
86535,No
86536,Yes
86537,No
86538,No
86539,No
86540,Yes
86541,No
86542,No
86543,Yes
86544,Yes
86545,No
86546,No
86547,No
86548,No
86549,No
86550,No
86551,Yes
86552,No
86553,No
86554,No
86555,No
86556,Yes
86557,No
86558,Yes
86559,No
86560,No
86561,No
86562,No
86563,No
86564,No
86565,No
86566,Yes
86567,Yes
86568,No
86569,Yes
86570,Yes
86571,No
86572,No
86573,No
86574,No
86575,Yes
86576,No
86577,Yes
86578,No
86579,No
86580,No
86581,No
86582,No
86583,No
86584,Yes
86585,Yes
86586,No
86587,No
86588,No
86589,No
86590,No
86591,Yes
86592,No
86593,Yes
86594,No
86595,Yes
86596,No
86597,Yes
86598,Yes
86599,Yes
86600,Yes
86601,No
86602,No
86603,Yes
86604,No
86605,Yes
86606,Yes
86607,Yes
86608,Yes
86609,Yes
86610,No
86611,No
86612,Yes
86613,No
86614,No
86615,No
86616,No
86617,No
86618,No
86619,Yes
86620,No
86621,No
86622,No
86623,No
86624,No
86625,No
86626,No
86627,No
86628,Yes
86629,No
86630,Yes
86631,Yes
86632,Yes
86633,No
86634,Yes
86635,Yes
86636,No
86637,No
86638,No
86639,No
86640,No
86641,No
86642,No
86643,No
86644,No
86645,Yes
86646,No
86647,No
86648,No
86649,No
86650,No
86651,No
86652,Yes
86653,No
86654,Yes
86655,No
86656,No
86657,Yes
86658,No
86659,Yes
86660,No
86661,No
86662,No
86663,Yes
86664,No
86665,No
86666,Yes
86667,No
86668,No
86669,Yes
86670,Yes
86671,Yes
86672,No
86673,No
86674,No
86675,No
86676,No
86677,Yes
86678,Yes
86679,Yes
86680,No
86681,No
86682,No
86683,No
86684,No
86685,Yes
86686,Yes
86687,No
86688,Yes
86689,No
86690,No
86691,No
86692,Yes
86693,No
86694,No
86695,No
86696,No
86697,Yes
86698,No
86699,Yes
86700,No
86701,Yes
86702,Yes
86703,No
86704,No
86705,No
86706,Yes
86707,No
86708,No
86709,No
86710,Yes
86711,No
86712,Yes
86713,No
86714,Yes
86715,No
86716,No
86717,No
86718,Yes
86719,No
86720,Yes
86721,No
86722,No
86723,No
86724,Yes
86725,No
86726,No
86727,Yes
86728,No
86729,Yes
86730,Yes
86731,No
86732,No
86733,Yes
86734,No
86735,No
86736,No
86737,No
86738,No
86739,No
86740,Yes
86741,No
86742,No
86743,Yes
86744,No
86745,No
86746,No
86747,No
86748,No
86749,No
86750,No
86751,No
86752,Yes
86753,No
86754,Yes
86755,No
86756,Yes
86757,Yes
86758,Yes
86759,No
86760,Yes
86761,Yes
86762,Yes
86763,No
86764,No
86765,No
86766,Yes
86767,No
86768,Yes
86769,No
86770,Yes
86771,Yes
86772,Yes
86773,Yes
86774,No
86775,No
86776,No
86777,No
86778,No
86779,Yes
86780,Yes
86781,No
86782,No
86783,Yes
86784,Yes
86785,No
86786,No
86787,Yes
86788,No
86789,No
86790,Yes
86791,Yes
86792,No
86793,Yes
86794,Yes
86795,No
86796,No
86797,Yes
86798,No
86799,No
86800,No
86801,No
86802,Yes
86803,No
86804,No
86805,No
86806,No
86807,No
86808,No
86809,No
86810,No
86811,No
86812,No
86813,Yes
86814,No
86815,No
86816,No
86817,No
86818,Yes
86819,No
86820,Yes
86821,No
86822,No
86823,No
86824,No
86825,Yes
86826,Yes
86827,Yes
86828,Yes
86829,Yes
86830,No
86831,No
86832,Yes
86833,Yes
86834,No
86835,No
86836,No
86837,No
86838,No
86839,No
86840,Yes
86841,No
86842,Yes
86843,No
86844,Yes
86845,No
86846,No
86847,No
86848,No
86849,No
86850,Yes
86851,No
86852,Yes
86853,Yes
86854,No
86855,No
86856,Yes
86857,Yes
86858,Yes
86859,No
86860,No
86861,No
86862,No
86863,No
86864,No
86865,Yes
86866,Yes
86867,Yes
86868,No
86869,No
86870,Yes
86871,No
86872,No
86873,Yes
86874,No
86875,No
86876,Yes
86877,Yes
86878,No
86879,Yes
86880,Yes
86881,Yes
86882,No
86883,Yes
86884,No
86885,Yes
86886,No
86887,No
86888,Yes
86889,Yes
86890,No
86891,No
86892,No
86893,No
86894,Yes
86895,Yes
86896,No
86897,Yes
86898,Yes
86899,No
86900,No
86901,No
86902,Yes
86903,Yes
86904,Yes
86905,No
86906,No
86907,No
86908,No
86909,Yes
86910,No
86911,No
86912,Yes
86913,No
86914,No
86915,No
86916,No
86917,No
86918,Yes
86919,No
86920,No
86921,No
86922,No
86923,No
86924,Yes
86925,No
86926,No
86927,No
86928,No
86929,No
86930,Yes
86931,No
86932,Yes
86933,Yes
86934,Yes
86935,No
86936,No
86937,Yes
86938,No
86939,Yes
86940,Yes
86941,No
86942,No
86943,No
86944,No
86945,No
86946,No
86947,No
86948,No
86949,No
86950,Yes
86951,No
86952,Yes
86953,Yes
86954,No
86955,No
86956,Yes
86957,Yes
86958,No
86959,No
86960,Yes
86961,No
86962,No
86963,Yes
86964,No
86965,Yes
86966,Yes
86967,No
86968,Yes
86969,No
86970,Yes
86971,No
86972,No
86973,No
86974,Yes
86975,No
86976,No
86977,No
86978,No
86979,No
86980,No
86981,No
86982,Yes
86983,No
86984,Yes
86985,No
86986,Yes
86987,Yes
86988,No
86989,No
86990,Yes
86991,No
86992,Yes
86993,Yes
86994,Yes
86995,No
86996,No
86997,No
86998,No
86999,No
87000,Yes
87001,No
87002,No
87003,Yes
87004,No
87005,No
87006,No
87007,Yes
87008,No
87009,No
87010,No
87011,Yes
87012,Yes
87013,No
87014,Yes
87015,Yes
87016,Yes
87017,No
87018,No
87019,Yes
87020,Yes
87021,No
87022,Yes
87023,No
87024,Yes
87025,Yes
87026,No
87027,No
87028,No
87029,No
87030,Yes
87031,No
87032,No
87033,No
87034,Yes
87035,No
87036,No
87037,Yes
87038,No
87039,No
87040,Yes
87041,Yes
87042,Yes
87043,No
87044,Yes
87045,Yes
87046,No
87047,Yes
87048,Yes
87049,No
87050,No
87051,Yes
87052,No
87053,No
87054,No
87055,No
87056,No
87057,No
87058,No
87059,No
87060,No
87061,No
87062,No
87063,Yes
87064,Yes
87065,No
87066,No
87067,No
87068,Yes
87069,No
87070,No
87071,No
87072,No
87073,No
87074,No
87075,No
87076,Yes
87077,Yes
87078,Yes
87079,No
87080,Yes
87081,No
87082,No
87083,No
87084,No
87085,No
87086,No
87087,Yes
87088,No
87089,No
87090,No
87091,No
87092,No
87093,No
87094,No
87095,No
87096,No
87097,Yes
87098,No
87099,No
87100,Yes
87101,No
87102,Yes
87103,Yes
87104,Yes
87105,Yes
87106,Yes
87107,Yes
87108,Yes
87109,No
87110,Yes
87111,No
87112,No
87113,No
87114,No
87115,Yes
87116,No
87117,No
87118,No
87119,Yes
87120,No
87121,Yes
87122,Yes
87123,No
87124,Yes
87125,No
87126,Yes
87127,No
87128,Yes
87129,Yes
87130,Yes
87131,Yes
87132,Yes
87133,Yes
87134,Yes
87135,No
87136,Yes
87137,No
87138,Yes
87139,Yes
87140,No
87141,No
87142,No
87143,No
87144,No
87145,No
87146,No
87147,No
87148,No
87149,Yes
87150,No
87151,No
87152,Yes
87153,Yes
87154,No
87155,Yes
87156,Yes
87157,Yes
87158,No
87159,Yes
87160,No
87161,No
87162,No
87163,Yes
87164,Yes
87165,No
87166,No
87167,No
87168,Yes
87169,No
87170,No
87171,No
87172,No
87173,No
87174,No
87175,No
87176,No
87177,Yes
87178,Yes
87179,Yes
87180,No
87181,Yes
87182,No
87183,Yes
87184,Yes
87185,Yes
87186,No
87187,No
87188,Yes
87189,No
87190,Yes
87191,Yes
87192,Yes
87193,No
87194,Yes
87195,Yes
87196,No
87197,No
87198,No
87199,No
87200,Yes
87201,No
87202,No
87203,Yes
87204,Yes
87205,Yes
87206,Yes
87207,No
87208,No
87209,No
87210,Yes
87211,Yes
87212,No
87213,No
87214,Yes
87215,No
87216,No
87217,No
87218,No
87219,No
87220,No
87221,Yes
87222,Yes
87223,No
87224,Yes
87225,No
87226,Yes
87227,Yes
87228,No
87229,No
87230,No
87231,No
87232,No
87233,Yes
87234,Yes
87235,No
87236,No
87237,No
87238,Yes
87239,No
87240,No
87241,No
87242,No
87243,Yes
87244,No
87245,Yes
87246,No
87247,Yes
87248,No
87249,No
87250,No
87251,No
87252,Yes
87253,No
87254,Yes
87255,No
87256,Yes
87257,No
87258,No
87259,No
87260,No
87261,No
87262,Yes
87263,No
87264,No
87265,Yes
87266,Yes
87267,No
87268,No
87269,No
87270,No
87271,No
87272,Yes
87273,No
87274,No
87275,No
87276,Yes
87277,Yes
87278,No
87279,No
87280,No
87281,Yes
87282,Yes
87283,Yes
87284,No
87285,Yes
87286,No
87287,No
87288,No
87289,No
87290,Yes
87291,No
87292,No
87293,No
87294,No
87295,No
87296,No
87297,No
87298,No
87299,No
87300,No
87301,No
87302,No
87303,Yes
87304,No
87305,Yes
87306,No
87307,Yes
87308,No
87309,Yes
87310,No
87311,No
87312,Yes
87313,No
87314,No
87315,No
87316,Yes
87317,No
87318,Yes
87319,Yes
87320,No
87321,No
87322,No
87323,No
87324,No
87325,Yes
87326,No
87327,Yes
87328,Yes
87329,No
87330,No
87331,Yes
87332,Yes
87333,No
87334,No
87335,Yes
87336,Yes
87337,No
87338,No
87339,No
87340,No
87341,Yes
87342,Yes
87343,Yes
87344,No
87345,Yes
87346,Yes
87347,No
87348,No
87349,No
87350,No
87351,No
87352,No
87353,Yes
87354,No
87355,Yes
87356,Yes
87357,Yes
87358,Yes
87359,No
87360,No
87361,Yes
87362,No
87363,No
87364,Yes
87365,No
87366,Yes
87367,Yes
87368,No
87369,No
87370,Yes
87371,Yes
87372,No
87373,No
87374,Yes
87375,Yes
87376,No
87377,No
87378,No
87379,No
87380,No
87381,No
87382,No
87383,Yes
87384,Yes
87385,Yes
87386,No
87387,No
87388,No
87389,Yes
87390,No
87391,No
87392,No
87393,No
87394,No
87395,No
87396,No
87397,No
87398,No
87399,Yes
87400,Yes
87401,No
87402,Yes
87403,No
87404,No
87405,No
87406,No
87407,No
87408,No
87409,Yes
87410,No
87411,Yes
87412,No
87413,Yes
87414,Yes
87415,No
87416,Yes
87417,No
87418,No
87419,Yes
87420,Yes
87421,No
87422,No
87423,No
87424,No
87425,Yes
87426,Yes
87427,No
87428,No
87429,Yes
87430,Yes
87431,No
87432,Yes
87433,No
87434,Yes
87435,No
87436,No
87437,No
87438,No
87439,No
87440,No
87441,No
87442,No
87443,Yes
87444,No
87445,No
87446,No
87447,No
87448,Yes
87449,Yes
87450,No
87451,Yes
87452,Yes
87453,Yes
87454,No
87455,No
87456,Yes
87457,Yes
87458,No
87459,No
87460,No
87461,No
87462,No
87463,Yes
87464,Yes
87465,No
87466,Yes
87467,Yes
87468,Yes
87469,No
87470,Yes
87471,No
87472,No
87473,Yes
87474,Yes
87475,No
87476,Yes
87477,No
87478,No
87479,Yes
87480,Yes
87481,No
87482,No
87483,Yes
87484,No
87485,No
87486,Yes
87487,No
87488,No
87489,No
87490,No
87491,Yes
87492,No
87493,No
87494,No
87495,Yes
87496,No
87497,No
87498,Yes
87499,Yes
87500,Yes
87501,No
87502,No
87503,No
87504,Yes
87505,No
87506,No
87507,Yes
87508,No
87509,No
87510,Yes
87511,Yes
87512,No
87513,No
87514,Yes
87515,No
87516,Yes
87517,No
87518,No
87519,No
87520,No
87521,No
87522,No
87523,Yes
87524,No
87525,Yes
87526,Yes
87527,No
87528,Yes
87529,No
87530,Yes
87531,Yes
87532,No
87533,No
87534,Yes
87535,No
87536,Yes
87537,Yes
87538,Yes
87539,Yes
87540,No
87541,No
87542,Yes
87543,No
87544,No
87545,No
87546,No
87547,No
87548,No
87549,No
87550,No
87551,No
87552,No
87553,No
87554,No
87555,No
87556,No
87557,No
87558,Yes
87559,Yes
87560,No
87561,No
87562,No
87563,Yes
87564,No
87565,Yes
87566,Yes
87567,No
87568,No
87569,No
87570,No
87571,No
87572,Yes
87573,No
87574,Yes
87575,No
87576,Yes
87577,No
87578,Yes
87579,No
87580,No
87581,No
87582,No
87583,No
87584,No
87585,No
87586,Yes
87587,No
87588,No
87589,No
87590,No
87591,No
87592,No
87593,Yes
87594,No
87595,Yes
87596,Yes
87597,No
87598,No
87599,No
87600,No
87601,No
87602,Yes
87603,No
87604,No
87605,No
87606,Yes
87607,Yes
87608,No
87609,No
87610,Yes
87611,Yes
87612,No
87613,No
87614,No
87615,No
87616,Yes
87617,Yes
87618,Yes
87619,Yes
87620,No
87621,Yes
87622,No
87623,No
87624,Yes
87625,No
87626,No
87627,Yes
87628,Yes
87629,Yes
87630,Yes
87631,Yes
87632,Yes
87633,Yes
87634,No
87635,Yes
87636,No
87637,No
87638,Yes
87639,Yes
87640,Yes
87641,Yes
87642,Yes
87643,No
87644,Yes
87645,No
87646,No
87647,No
87648,No
87649,Yes
87650,Yes
87651,No
87652,No
87653,No
87654,No
87655,No
87656,No
87657,No
87658,Yes
87659,No
87660,Yes
87661,No
87662,Yes
87663,No
87664,No
87665,No
87666,Yes
87667,Yes
87668,Yes
87669,Yes
87670,No
87671,No
87672,No
87673,No
87674,No
87675,No
87676,No
87677,No
87678,No
87679,Yes
87680,Yes
87681,No
87682,No
87683,Yes
87684,Yes
87685,Yes
87686,Yes
87687,Yes
87688,No
87689,Yes
87690,No
87691,Yes
87692,Yes
87693,Yes
87694,Yes
87695,No
87696,No
87697,No
87698,Yes
87699,No
87700,No
87701,Yes
87702,Yes
87703,No
87704,No
87705,Yes
87706,No
87707,Yes
87708,No
87709,No
87710,Yes
87711,No
87712,No
87713,Yes
87714,No
87715,Yes
87716,No
87717,Yes
87718,Yes
87719,No
87720,No
87721,Yes
87722,No
87723,Yes
87724,No
87725,Yes
87726,No
87727,No
87728,Yes
87729,No
87730,No
87731,No
87732,No
87733,Yes
87734,Yes
87735,Yes
87736,No
87737,No
87738,No
87739,Yes
87740,No
87741,Yes
87742,No
87743,No
87744,No
87745,Yes
87746,Yes
87747,No
87748,No
87749,Yes
87750,No
87751,No
87752,No
87753,Yes
87754,No
87755,Yes
87756,Yes
87757,No
87758,No
87759,No
87760,No
87761,Yes
87762,No
87763,Yes
87764,Yes
87765,Yes
87766,No
87767,No
87768,No
87769,No
87770,No
87771,Yes
87772,No
87773,Yes
87774,No
87775,Yes
87776,Yes
87777,No
87778,Yes
87779,No
87780,No
87781,No
87782,No
87783,No
87784,No
87785,Yes
87786,No
87787,Yes
87788,No
87789,No
87790,No
87791,No
87792,Yes
87793,No
87794,No
87795,Yes
87796,No
87797,No
87798,No
87799,No
87800,No
87801,No
87802,No
87803,No
87804,No
87805,No
87806,No
87807,No
87808,No
87809,No
87810,Yes
87811,Yes
87812,No
87813,Yes
87814,No
87815,No
87816,Yes
87817,No
87818,No
87819,No
87820,No
87821,No
87822,Yes
87823,Yes
87824,No
87825,No
87826,Yes
87827,Yes
87828,No
87829,Yes
87830,Yes
87831,Yes
87832,No
87833,No
87834,Yes
87835,Yes
87836,Yes
87837,Yes
87838,No
87839,Yes
87840,No
87841,No
87842,No
87843,No
87844,No
87845,Yes
87846,Yes
87847,Yes
87848,Yes
87849,Yes
87850,Yes
87851,Yes
87852,Yes
87853,Yes
87854,No
87855,Yes
87856,No
87857,No
87858,Yes
87859,Yes
87860,Yes
87861,No
87862,No
87863,Yes
87864,No
87865,Yes
87866,Yes
87867,No
87868,No
87869,Yes
87870,No
87871,Yes
87872,No
87873,Yes
87874,Yes
87875,No
87876,No
87877,Yes
87878,No
87879,No
87880,Yes
87881,No
87882,No
87883,Yes
87884,No
87885,No
87886,Yes
87887,No
87888,No
87889,Yes
87890,Yes
87891,No
87892,No
87893,No
87894,No
87895,Yes
87896,No
87897,Yes
87898,Yes
87899,No
87900,No
87901,Yes
87902,Yes
87903,No
87904,Yes
87905,No
87906,No
87907,No
87908,Yes
87909,No
87910,No
87911,No
87912,Yes
87913,Yes
87914,No
87915,No
87916,Yes
87917,Yes
87918,No
87919,Yes
87920,No
87921,No
87922,No
87923,No
87924,Yes
87925,No
87926,Yes
87927,No
87928,No
87929,No
87930,No
87931,No
87932,No
87933,No
87934,No
87935,No
87936,No
87937,No
87938,Yes
87939,No
87940,Yes
87941,No
87942,Yes
87943,No
87944,No
87945,Yes
87946,Yes
87947,No
87948,No
87949,No
87950,Yes
87951,No
87952,No
87953,No
87954,No
87955,No
87956,Yes
87957,No
87958,Yes
87959,Yes
87960,Yes
87961,No
87962,Yes
87963,No
87964,No
87965,No
87966,No
87967,No
87968,No
87969,Yes
87970,No
87971,Yes
87972,No
87973,No
87974,No
87975,No
87976,No
87977,No
87978,No
87979,Yes
87980,No
87981,No
87982,Yes
87983,No
87984,Yes
87985,Yes
87986,No
87987,Yes
87988,Yes
87989,No
87990,No
87991,Yes
87992,No
87993,No
87994,Yes
87995,No
87996,No
87997,Yes
87998,Yes
87999,Yes
88000,Yes
88001,No
88002,Yes
88003,No
88004,Yes
88005,Yes
88006,Yes
88007,Yes
88008,No
88009,Yes
88010,Yes
88011,No
88012,No
88013,Yes
88014,No
88015,No
88016,Yes
88017,No
88018,No
88019,Yes
88020,No
88021,No
88022,Yes
88023,Yes
88024,No
88025,Yes
88026,Yes
88027,No
88028,No
88029,No
88030,Yes
88031,Yes
88032,Yes
88033,Yes
88034,No
88035,Yes
88036,Yes
88037,No
88038,Yes
88039,Yes
88040,Yes
88041,No
88042,Yes
88043,No
88044,No
88045,No
88046,No
88047,Yes
88048,No
88049,Yes
88050,Yes
88051,No
88052,No
88053,No
88054,No
88055,No
88056,Yes
88057,No
88058,No
88059,No
88060,No
88061,No
88062,Yes
88063,No
88064,No
88065,Yes
88066,No
88067,Yes
88068,Yes
88069,No
88070,Yes
88071,Yes
88072,Yes
88073,Yes
88074,No
88075,Yes
88076,No
88077,No
88078,Yes
88079,No
88080,Yes
88081,No
88082,Yes
88083,No
88084,No
88085,No
88086,No
88087,No
88088,No
88089,Yes
88090,No
88091,No
88092,No
88093,No
88094,No
88095,No
88096,Yes
88097,Yes
88098,No
88099,Yes
88100,Yes
88101,No
88102,Yes
88103,No
88104,No
88105,No
88106,No
88107,Yes
88108,No
88109,Yes
88110,No
88111,Yes
88112,No
88113,No
88114,Yes
88115,No
88116,No
88117,No
88118,No
88119,No
88120,No
88121,Yes
88122,No
88123,No
88124,No
88125,Yes
88126,No
88127,Yes
88128,No
88129,No
88130,Yes
88131,Yes
88132,Yes
88133,No
88134,Yes
88135,No
88136,Yes
88137,Yes
88138,Yes
88139,No
88140,No
88141,No
88142,No
88143,Yes
88144,No
88145,No
88146,Yes
88147,No
88148,No
88149,Yes
88150,No
88151,No
88152,Yes
88153,No
88154,No
88155,Yes
88156,Yes
88157,Yes
88158,No
88159,Yes
88160,No
88161,No
88162,Yes
88163,No
88164,Yes
88165,Yes
88166,No
88167,Yes
88168,No
88169,No
88170,No
88171,Yes
88172,No
88173,Yes
88174,No
88175,Yes
88176,No
88177,Yes
88178,No
88179,Yes
88180,No
88181,Yes
88182,Yes
88183,No
88184,No
88185,No
88186,Yes
88187,No
88188,No
88189,No
88190,No
88191,Yes
88192,Yes
88193,No
88194,No
88195,Yes
88196,Yes
88197,No
88198,No
88199,Yes
88200,No
88201,No
88202,Yes
88203,No
88204,No
88205,Yes
88206,Yes
88207,Yes
88208,No
88209,Yes
88210,Yes
88211,Yes
88212,Yes
88213,Yes
88214,No
88215,Yes
88216,No
88217,No
88218,Yes
88219,No
88220,No
88221,No
88222,Yes
88223,No
88224,Yes
88225,Yes
88226,Yes
88227,No
88228,No
88229,Yes
88230,No
88231,No
88232,No
88233,Yes
88234,No
88235,No
88236,Yes
88237,No
88238,No
88239,Yes
88240,Yes
88241,Yes
88242,Yes
88243,No
88244,No
88245,Yes
88246,No
88247,No
88248,No
88249,No
88250,No
88251,Yes
88252,No
88253,Yes
88254,No
88255,No
88256,Yes
88257,No
88258,No
88259,Yes
88260,No
88261,Yes
88262,No
88263,No
88264,Yes
88265,No
88266,Yes
88267,No
88268,No
88269,No
88270,No
88271,Yes
88272,No
88273,No
88274,No
88275,No
88276,No
88277,No
88278,No
88279,No
88280,Yes
88281,No
88282,Yes
88283,No
88284,Yes
88285,Yes
88286,No
88287,No
88288,No
88289,Yes
88290,Yes
88291,Yes
88292,No
88293,No
88294,No
88295,No
88296,Yes
88297,Yes
88298,No
88299,No
88300,No
88301,No
88302,No
88303,Yes
88304,Yes
88305,Yes
88306,Yes
88307,Yes
88308,No
88309,No
88310,No
88311,No
88312,No
88313,No
88314,No
88315,No
88316,Yes
88317,No
88318,No
88319,No
88320,No
88321,No
88322,No
88323,Yes
88324,Yes
88325,Yes
88326,Yes
88327,No
88328,Yes
88329,No
88330,No
88331,No
88332,No
88333,Yes
88334,No
88335,No
88336,Yes
88337,No
88338,Yes
88339,No
88340,Yes
88341,No
88342,Yes
88343,No
88344,Yes
88345,Yes
88346,No
88347,No
88348,No
88349,No
88350,No
88351,No
88352,Yes
88353,No
88354,No
88355,No
88356,Yes
88357,Yes
88358,No
88359,Yes
88360,No
88361,No
88362,Yes
88363,No
88364,Yes
88365,No
88366,Yes
88367,No
88368,Yes
88369,No
88370,Yes
88371,No
88372,No
88373,No
88374,No
88375,No
88376,Yes
88377,No
88378,Yes
88379,No
88380,No
88381,No
88382,Yes
88383,No
88384,Yes
88385,No
88386,No
88387,No
88388,No
88389,No
88390,Yes
88391,No
88392,No
88393,Yes
88394,No
88395,Yes
88396,Yes
88397,No
88398,No
88399,Yes
88400,No
88401,No
88402,No
88403,No
88404,Yes
88405,No
88406,No
88407,No
88408,Yes
88409,No
88410,Yes
88411,No
88412,Yes
88413,Yes
88414,No
88415,No
88416,No
88417,No
88418,No
88419,Yes
88420,Yes
88421,No
88422,No
88423,Yes
88424,No
88425,Yes
88426,No
88427,No
88428,No
88429,Yes
88430,No
88431,No
88432,No
88433,No
88434,Yes
88435,Yes
88436,No
88437,Yes
88438,No
88439,No
88440,No
88441,Yes
88442,Yes
88443,No
88444,No
88445,No
88446,Yes
88447,Yes
88448,No
88449,Yes
88450,No
88451,No
88452,No
88453,Yes
88454,No
88455,Yes
88456,Yes
88457,No
88458,No
88459,Yes
88460,No
88461,Yes
88462,Yes
88463,Yes
88464,Yes
88465,No
88466,No
88467,No
88468,Yes
88469,No
88470,No
88471,Yes
88472,No
88473,Yes
88474,No
88475,No
88476,No
88477,No
88478,No
88479,No
88480,No
88481,No
88482,No
88483,No
88484,No
88485,No
88486,Yes
88487,Yes
88488,Yes
88489,No
88490,No
88491,Yes
88492,Yes
88493,No
88494,Yes
88495,No
88496,No
88497,Yes
88498,No
88499,No
88500,No
88501,No
88502,No
88503,Yes
88504,No
88505,No
88506,Yes
88507,No
88508,No
88509,No
88510,No
88511,Yes
88512,No
88513,Yes
88514,Yes
88515,Yes
88516,No
88517,Yes
88518,No
88519,No
88520,Yes
88521,No
88522,No
88523,No
88524,Yes
88525,Yes
88526,No
88527,No
88528,No
88529,Yes
88530,No
88531,Yes
88532,No
88533,No
88534,No
88535,Yes
88536,No
88537,No
88538,No
88539,No
88540,Yes
88541,No
88542,No
88543,No
88544,No
88545,Yes
88546,No
88547,No
88548,Yes
88549,Yes
88550,No
88551,No
88552,Yes
88553,Yes
88554,No
88555,No
88556,No
88557,No
88558,Yes
88559,No
88560,No
88561,No
88562,No
88563,No
88564,No
88565,Yes
88566,No
88567,No
88568,No
88569,Yes
88570,No
88571,No
88572,Yes
88573,No
88574,No
88575,No
88576,Yes
88577,No
88578,Yes
88579,No
88580,No
88581,Yes
88582,Yes
88583,No
88584,Yes
88585,No
88586,No
88587,Yes
88588,No
88589,Yes
88590,No
88591,Yes
88592,No
88593,Yes
88594,No
88595,No
88596,No
88597,Yes
88598,No
88599,No
88600,Yes
88601,No
88602,No
88603,No
88604,No
88605,No
88606,No
88607,No
88608,No
88609,Yes
88610,No
88611,No
88612,No
88613,Yes
88614,No
88615,No
88616,No
88617,Yes
88618,No
88619,Yes
88620,Yes
88621,Yes
88622,No
88623,No
88624,No
88625,Yes
88626,Yes
88627,Yes
88628,Yes
88629,No
88630,No
88631,No
88632,No
88633,Yes
88634,Yes
88635,No
88636,No
88637,No
88638,No
88639,No
88640,Yes
88641,No
88642,No
88643,Yes
88644,No
88645,No
88646,No
88647,No
88648,No
88649,No
88650,Yes
88651,Yes
88652,No
88653,No
88654,No
88655,No
88656,Yes
88657,Yes
88658,No
88659,No
88660,Yes
88661,Yes
88662,No
88663,No
88664,Yes
88665,No
88666,Yes
88667,Yes
88668,No
88669,No
88670,Yes
88671,No
88672,No
88673,Yes
88674,No
88675,No
88676,No
88677,No
88678,No
88679,Yes
88680,Yes
88681,No
88682,No
88683,No
88684,No
88685,No
88686,Yes
88687,Yes
88688,No
88689,No
88690,No
88691,No
88692,No
88693,No
88694,Yes
88695,No
88696,No
88697,No
88698,No
88699,No
88700,Yes
88701,No
88702,No
88703,No
88704,Yes
88705,No
88706,No
88707,Yes
88708,No
88709,No
88710,Yes
88711,No
88712,Yes
88713,No
88714,No
88715,Yes
88716,Yes
88717,No
88718,Yes
88719,No
88720,No
88721,No
88722,No
88723,Yes
88724,No
88725,Yes
88726,Yes
88727,No
88728,No
88729,Yes
88730,Yes
88731,No
88732,No
88733,No
88734,Yes
88735,No
88736,Yes
88737,Yes
88738,No
88739,No
88740,No
88741,No
88742,No
88743,No
88744,No
88745,No
88746,No
88747,Yes
88748,No
88749,Yes
88750,Yes
88751,No
88752,No
88753,Yes
88754,Yes
88755,No
88756,No
88757,No
88758,Yes
88759,No
88760,No
88761,No
88762,Yes
88763,No
88764,No
88765,No
88766,No
88767,No
88768,Yes
88769,No
88770,Yes
88771,No
88772,No
88773,No
88774,Yes
88775,No
88776,Yes
88777,No
88778,No
88779,Yes
88780,No
88781,No
88782,No
88783,No
88784,Yes
88785,Yes
88786,Yes
88787,No
88788,No
88789,No
88790,No
88791,Yes
88792,No
88793,Yes
88794,No
88795,No
88796,No
88797,No
88798,Yes
88799,Yes
88800,Yes
88801,No
88802,Yes
88803,No
88804,Yes
88805,No
88806,Yes
88807,Yes
88808,No
88809,No
88810,No
88811,No
88812,No
88813,No
88814,Yes
88815,No
88816,Yes
88817,No
88818,No
88819,No
88820,Yes
88821,No
88822,Yes
88823,Yes
88824,Yes
88825,Yes
88826,No
88827,No
88828,Yes
88829,No
88830,No
88831,No
88832,No
88833,Yes
88834,No
88835,Yes
88836,Yes
88837,Yes
88838,No
88839,Yes
88840,No
88841,No
88842,Yes
88843,No
88844,Yes
88845,No
88846,Yes
88847,No
88848,No
88849,No
88850,Yes
88851,No
88852,No
88853,No
88854,No
88855,Yes
88856,Yes
88857,No
88858,No
88859,No
88860,No
88861,No
88862,Yes
88863,Yes
88864,No
88865,No
88866,No
88867,No
88868,Yes
88869,No
88870,No
88871,Yes
88872,No
88873,Yes
88874,No
88875,No
88876,No
88877,Yes
88878,Yes
88879,No
88880,Yes
88881,No
88882,Yes
88883,Yes
88884,No
88885,No
88886,Yes
88887,No
88888,No
88889,Yes
88890,No
88891,No
88892,Yes
88893,No
88894,Yes
88895,Yes
88896,No
88897,Yes
88898,No
88899,No
88900,Yes
88901,Yes
88902,Yes
88903,Yes
88904,No
88905,Yes
88906,Yes
88907,Yes
88908,No
88909,No
88910,Yes
88911,Yes
88912,Yes
88913,No
88914,Yes
88915,No
88916,No
88917,Yes
88918,No
88919,Yes
88920,Yes
88921,No
88922,Yes
88923,No
88924,No
88925,No
88926,No
88927,No
88928,Yes
88929,No
88930,No
88931,No
88932,No
88933,No
88934,No
88935,No
88936,Yes
88937,Yes
88938,Yes
88939,Yes
88940,No
88941,Yes
88942,Yes
88943,No
88944,Yes
88945,Yes
88946,Yes
88947,No
88948,No
88949,Yes
88950,No
88951,No
88952,No
88953,No
88954,No
88955,No
88956,Yes
88957,No
88958,Yes
88959,No
88960,Yes
88961,No
88962,Yes
88963,No
88964,No
88965,No
88966,Yes
88967,No
88968,No
88969,No
88970,No
88971,Yes
88972,No
88973,No
88974,Yes
88975,No
88976,No
88977,No
88978,No
88979,Yes
88980,Yes
88981,Yes
88982,No
88983,No
88984,Yes
88985,No
88986,No
88987,No
88988,No
88989,Yes
88990,No
88991,No
88992,No
88993,No
88994,No
88995,No
88996,Yes
88997,Yes
88998,No
88999,No
89000,Yes
89001,No
89002,No
89003,No
89004,Yes
89005,Yes
89006,No
89007,No
89008,No
89009,No
89010,No
89011,No
89012,Yes
89013,No
89014,Yes
89015,Yes
89016,No
89017,No
89018,No
89019,Yes
89020,Yes
89021,No
89022,Yes
89023,No
89024,No
89025,No
89026,Yes
89027,No
89028,No
89029,No
89030,No
89031,Yes
89032,No
89033,Yes
89034,No
89035,No
89036,Yes
89037,No
89038,Yes
89039,Yes
89040,Yes
89041,No
89042,Yes
89043,Yes
89044,No
89045,No
89046,No
89047,No
89048,Yes
89049,Yes
89050,No
89051,No
89052,Yes
89053,No
89054,No
89055,Yes
89056,No
89057,No
89058,Yes
89059,No
89060,Yes
89061,No
89062,No
89063,No
89064,No
89065,No
89066,Yes
89067,Yes
89068,Yes
89069,No
89070,Yes
89071,No
89072,No
89073,Yes
89074,Yes
89075,No
89076,Yes
89077,No
89078,No
89079,No
89080,No
89081,Yes
89082,No
89083,No
89084,No
89085,No
89086,No
89087,No
89088,No
89089,Yes
89090,No
89091,Yes
89092,No
89093,Yes
89094,Yes
89095,No
89096,No
89097,No
89098,No
89099,No
89100,No
89101,No
89102,Yes
89103,Yes
89104,No
89105,No
89106,Yes
89107,No
89108,No
89109,No
89110,No
89111,No
89112,No
89113,No
89114,No
89115,Yes
89116,No
89117,No
89118,No
89119,No
89120,Yes
89121,No
89122,Yes
89123,Yes
89124,Yes
89125,No
89126,No
89127,Yes
89128,No
89129,Yes
89130,No
89131,Yes
89132,No
89133,No
89134,No
89135,Yes
89136,No
89137,No
89138,Yes
89139,No
89140,Yes
89141,No
89142,No
89143,No
89144,No
89145,Yes
89146,No
89147,Yes
89148,No
89149,No
89150,No
89151,No
89152,No
89153,No
89154,No
89155,No
89156,No
89157,No
89158,No
89159,Yes
89160,No
89161,No
89162,Yes
89163,No
89164,No
89165,Yes
89166,Yes
89167,No
89168,Yes
89169,Yes
89170,No
89171,No
89172,No
89173,Yes
89174,Yes
89175,No
89176,No
89177,No
89178,No
89179,No
89180,No
89181,No
89182,No
89183,No
89184,Yes
89185,Yes
89186,No
89187,Yes
89188,No
89189,No
89190,Yes
89191,Yes
89192,No
89193,No
89194,No
89195,Yes
89196,No
89197,Yes
89198,Yes
89199,Yes
89200,Yes
89201,No
89202,Yes
89203,No
89204,No
89205,No
89206,No
89207,No
89208,No
89209,No
89210,No
89211,No
89212,No
89213,No
89214,No
89215,No
89216,No
89217,No
89218,Yes
89219,No
89220,No
89221,No
89222,No
89223,No
89224,No
89225,No
89226,No
89227,No
89228,No
89229,Yes
89230,No
89231,Yes
89232,Yes
89233,Yes
89234,No
89235,Yes
89236,Yes
89237,No
89238,Yes
89239,Yes
89240,No
89241,Yes
89242,Yes
89243,Yes
89244,No
89245,No
89246,Yes
89247,No
89248,No
89249,No
89250,No
89251,Yes
89252,Yes
89253,No
89254,Yes
89255,No
89256,No
89257,No
89258,No
89259,Yes
89260,No
89261,No
89262,Yes
89263,No
89264,No
89265,Yes
89266,Yes
89267,No
89268,Yes
89269,No
89270,No
89271,Yes
89272,Yes
89273,Yes
89274,No
89275,No
89276,Yes
89277,No
89278,Yes
89279,No
89280,Yes
89281,Yes
89282,No
89283,No
89284,No
89285,Yes
89286,Yes
89287,No
89288,Yes
89289,Yes
89290,No
89291,No
89292,No
89293,Yes
89294,No
89295,Yes
89296,No
89297,No
89298,Yes
89299,No
89300,Yes
89301,No
89302,No
89303,No
89304,No
89305,No
89306,No
89307,Yes
89308,No
89309,No
89310,No
89311,No
89312,No
89313,Yes
89314,Yes
89315,Yes
89316,Yes
89317,Yes
89318,Yes
89319,Yes
89320,Yes
89321,Yes
89322,No
89323,Yes
89324,Yes
89325,Yes
89326,No
89327,Yes
89328,No
89329,No
89330,No
89331,No
89332,Yes
89333,Yes
89334,No
89335,No
89336,Yes
89337,No
89338,Yes
89339,Yes
89340,Yes
89341,No
89342,No
89343,No
89344,No
89345,No
89346,Yes
89347,Yes
89348,No
89349,No
89350,Yes
89351,No
89352,Yes
89353,No
89354,Yes
89355,Yes
89356,Yes
89357,Yes
89358,Yes
89359,No
89360,No
89361,No
89362,No
89363,Yes
89364,Yes
89365,No
89366,No
89367,Yes
89368,No
89369,No
89370,No
89371,Yes
89372,Yes
89373,No
89374,No
89375,Yes
89376,No
89377,No
89378,No
89379,No
89380,No
89381,No
89382,Yes
89383,Yes
89384,No
89385,No
89386,No
89387,Yes
89388,Yes
89389,No
89390,No
89391,No
89392,No
89393,No
89394,Yes
89395,No
89396,No
89397,Yes
89398,Yes
89399,Yes
89400,No
89401,No
89402,Yes
89403,Yes
89404,Yes
89405,No
89406,No
89407,Yes
89408,Yes
89409,No
89410,No
89411,No
89412,No
89413,No
89414,No
89415,No
89416,Yes
89417,No
89418,Yes
89419,Yes
89420,Yes
89421,No
89422,No
89423,Yes
89424,No
89425,No
89426,No
89427,No
89428,No
89429,No
89430,Yes
89431,Yes
89432,No
89433,No
89434,No
89435,Yes
89436,Yes
89437,Yes
89438,No
89439,No
89440,No
89441,Yes
89442,Yes
89443,No
89444,Yes
89445,Yes
89446,No
89447,No
89448,No
89449,No
89450,Yes
89451,No
89452,No
89453,No
89454,Yes
89455,Yes
89456,Yes
89457,No
89458,No
89459,No
89460,No
89461,Yes
89462,No
89463,No
89464,No
89465,Yes
89466,Yes
89467,No
89468,Yes
89469,No
89470,No
89471,No
89472,Yes
89473,No
89474,No
89475,No
89476,Yes
89477,No
89478,Yes
89479,No
89480,Yes
89481,No
89482,Yes
89483,No
89484,Yes
89485,No
89486,No
89487,No
89488,Yes
89489,Yes
89490,No
89491,No
89492,Yes
89493,No
89494,Yes
89495,Yes
89496,Yes
89497,No
89498,No
89499,No
89500,Yes
89501,No
89502,Yes
89503,Yes
89504,No
89505,Yes
89506,No
89507,No
89508,No
89509,No
89510,Yes
89511,No
89512,No
89513,No
89514,Yes
89515,Yes
89516,No
89517,No
89518,No
89519,No
89520,No
89521,No
89522,Yes
89523,No
89524,Yes
89525,Yes
89526,No
89527,No
89528,No
89529,Yes
89530,Yes
89531,No
89532,Yes
89533,Yes
89534,No
89535,No
89536,No
89537,No
89538,Yes
89539,Yes
89540,Yes
89541,Yes
89542,Yes
89543,Yes
89544,Yes
89545,No
89546,No
89547,Yes
89548,No
89549,Yes
89550,Yes
89551,No
89552,Yes
89553,Yes
89554,Yes
89555,No
89556,No
89557,No
89558,Yes
89559,No
89560,Yes
89561,Yes
89562,No
89563,No
89564,No
89565,Yes
89566,No
89567,No
89568,No
89569,Yes
89570,No
89571,No
89572,No
89573,No
89574,No
89575,No
89576,No
89577,No
89578,No
89579,Yes
89580,Yes
89581,No
89582,No
89583,No
89584,No
89585,No
89586,No
89587,Yes
89588,Yes
89589,Yes
89590,Yes
89591,No
89592,No
89593,No
89594,No
89595,No
89596,Yes
89597,No
89598,Yes
89599,Yes
89600,No
89601,No
89602,No
89603,No
89604,No
89605,No
89606,No
89607,No
89608,No
89609,Yes
89610,No
89611,Yes
89612,No
89613,No
89614,Yes
89615,No
89616,No
89617,No
89618,Yes
89619,No
89620,Yes
89621,Yes
89622,Yes
89623,Yes
89624,No
89625,Yes
89626,No
89627,Yes
89628,No
89629,No
89630,No
89631,Yes
89632,Yes
89633,No
89634,No
89635,No
89636,No
89637,Yes
89638,No
89639,No
89640,Yes
89641,Yes
89642,No
89643,Yes
89644,No
89645,Yes
89646,Yes
89647,No
89648,Yes
89649,No
89650,No
89651,No
89652,No
89653,Yes
89654,Yes
89655,No
89656,No
89657,No
89658,Yes
89659,Yes
89660,Yes
89661,No
89662,No
89663,Yes
89664,No
89665,No
89666,Yes
89667,No
89668,Yes
89669,No
89670,No
89671,Yes
89672,No
89673,Yes
89674,Yes
89675,No
89676,Yes
89677,Yes
89678,No
89679,No
89680,No
89681,Yes
89682,Yes
89683,No
89684,No
89685,No
89686,No
89687,Yes
89688,No
89689,No
89690,Yes
89691,No
89692,No
89693,Yes
89694,Yes
89695,No
89696,No
89697,No
89698,No
89699,No
89700,Yes
89701,No
89702,Yes
89703,No
89704,Yes
89705,No
89706,Yes
89707,Yes
89708,Yes
89709,Yes
89710,No
89711,No
89712,Yes
89713,Yes
89714,No
89715,No
89716,No
89717,No
89718,Yes
89719,No
89720,No
89721,Yes
89722,No
89723,No
89724,No
89725,No
89726,Yes
89727,Yes
89728,Yes
89729,No
89730,Yes
89731,No
89732,Yes
89733,No
89734,Yes
89735,No
89736,No
89737,Yes
89738,No
89739,No
89740,No
89741,No
89742,No
89743,Yes
89744,Yes
89745,No
89746,Yes
89747,No
89748,No
89749,No
89750,No
89751,No
89752,No
89753,No
89754,Yes
89755,Yes
89756,No
89757,No
89758,No
89759,No
89760,No
89761,Yes
89762,No
89763,Yes
89764,Yes
89765,Yes
89766,Yes
89767,No
89768,Yes
89769,No
89770,Yes
89771,Yes
89772,Yes
89773,No
89774,No
89775,No
89776,No
89777,Yes
89778,Yes
89779,No
89780,Yes
89781,Yes
89782,No
89783,No
89784,No
89785,No
89786,Yes
89787,No
89788,Yes
89789,No
89790,Yes
89791,No
89792,No
89793,Yes
89794,No
89795,Yes
89796,No
89797,No
89798,Yes
89799,No
89800,No
89801,No
89802,Yes
89803,No
89804,Yes
89805,No
89806,No
89807,Yes
89808,No
89809,Yes
89810,No
89811,No
89812,No
89813,No
89814,Yes
89815,Yes
89816,No
89817,No
89818,No
89819,No
89820,Yes
89821,No
89822,No
89823,No
89824,No
89825,No
89826,No
89827,No
89828,Yes
89829,No
89830,Yes
89831,No
89832,No
89833,Yes
89834,No
89835,No
89836,No
89837,Yes
89838,No
89839,No
89840,No
89841,Yes
89842,No
89843,No
89844,Yes
89845,Yes
89846,Yes
89847,No
89848,No
89849,No
89850,Yes
89851,No
89852,Yes
89853,No
89854,No
89855,No
89856,No
89857,No
89858,Yes
89859,No
89860,No
89861,No
89862,Yes
89863,Yes
89864,No
89865,No
89866,No
89867,No
89868,Yes
89869,No
89870,No
89871,No
89872,No
89873,No
89874,Yes
89875,Yes
89876,No
89877,No
89878,No
89879,No
89880,Yes
89881,No
89882,No
89883,No
89884,No
89885,Yes
89886,Yes
89887,Yes
89888,No
89889,No
89890,Yes
89891,Yes
89892,No
89893,No
89894,No
89895,Yes
89896,No
89897,No
89898,Yes
89899,No
89900,No
89901,Yes
89902,No
89903,No
89904,No
89905,No
89906,Yes
89907,Yes
89908,Yes
89909,Yes
89910,Yes
89911,No
89912,Yes
89913,No
89914,No
89915,Yes
89916,No
89917,Yes
89918,No
89919,Yes
89920,No
89921,No
89922,Yes
89923,No
89924,No
89925,Yes
89926,No
89927,Yes
89928,No
89929,No
89930,No
89931,No
89932,Yes
89933,Yes
89934,No
89935,Yes
89936,No
89937,No
89938,Yes
89939,Yes
89940,No
89941,No
89942,Yes
89943,Yes
89944,No
89945,Yes
89946,No
89947,No
89948,No
89949,Yes
89950,Yes
89951,No
89952,No
89953,No
89954,Yes
89955,Yes
89956,No
89957,Yes
89958,No
89959,No
89960,No
89961,No
89962,Yes
89963,No
89964,No
89965,No
89966,No
89967,No
89968,Yes
89969,No
89970,No
89971,No
89972,Yes
89973,Yes
89974,No
89975,Yes
89976,Yes
89977,No
89978,Yes
89979,No
89980,Yes
89981,Yes
89982,Yes
89983,Yes
89984,Yes
89985,No
89986,No
89987,Yes
89988,No
89989,Yes
89990,Yes
89991,Yes
89992,Yes
89993,Yes
89994,No
89995,Yes
89996,Yes
89997,No
89998,No
89999,Yes
90000,No
90001,No
90002,Yes
90003,No
90004,No
90005,No
90006,Yes
90007,No
90008,Yes
90009,No
90010,No
90011,Yes
90012,No
90013,Yes
90014,No
90015,No
90016,Yes
90017,No
90018,No
90019,Yes
90020,No
90021,No
90022,Yes
90023,No
90024,No
90025,No
90026,No
90027,No
90028,Yes
90029,No
90030,No
90031,No
90032,No
90033,Yes
90034,Yes
90035,No
90036,No
90037,Yes
90038,No
90039,No
90040,Yes
90041,No
90042,No
90043,No
90044,Yes
90045,No
90046,No
90047,No
90048,No
90049,Yes
90050,No
90051,No
90052,Yes
90053,No
90054,No
90055,No
90056,Yes
90057,Yes
90058,No
90059,No
90060,Yes
90061,No
90062,Yes
90063,No
90064,Yes
90065,No
90066,Yes
90067,Yes
90068,No
90069,No
90070,No
90071,No
90072,No
90073,Yes
90074,No
90075,Yes
90076,Yes
90077,No
90078,No
90079,No
90080,No
90081,Yes
90082,No
90083,No
90084,No
90085,No
90086,No
90087,No
90088,Yes
90089,No
90090,Yes
90091,Yes
90092,No
90093,No
90094,No
90095,Yes
90096,Yes
90097,No
90098,Yes
90099,No
90100,Yes
90101,No
90102,No
90103,Yes
90104,No
90105,Yes
90106,Yes
90107,No
90108,No
90109,Yes
90110,No
90111,No
90112,No
90113,Yes
90114,Yes
90115,No
90116,No
90117,Yes
90118,Yes
90119,No
90120,No
90121,No
90122,Yes
90123,No
90124,No
90125,No
90126,Yes
90127,No
90128,No
90129,No
90130,No
90131,No
90132,No
90133,No
90134,No
90135,No
90136,No
90137,Yes
90138,No
90139,No
90140,No
90141,No
90142,Yes
90143,No
90144,No
90145,No
90146,Yes
90147,Yes
90148,Yes
90149,No
90150,Yes
90151,Yes
90152,No
90153,No
90154,No
90155,No
90156,Yes
90157,Yes
90158,Yes
90159,Yes
90160,No
90161,Yes
90162,No
90163,No
90164,No
90165,No
90166,Yes
90167,Yes
90168,Yes
90169,Yes
90170,No
90171,No
90172,No
90173,No
90174,No
90175,Yes
90176,Yes
90177,No
90178,Yes
90179,No
90180,No
90181,No
90182,No
90183,Yes
90184,No
90185,No
90186,Yes
90187,No
90188,No
90189,Yes
90190,No
90191,No
90192,No
90193,No
90194,No
90195,Yes
90196,No
90197,Yes
90198,No
90199,Yes
90200,No
90201,No
90202,Yes
90203,Yes
90204,Yes
90205,No
90206,No
90207,No
90208,Yes
90209,Yes
90210,No
90211,No
90212,No
90213,Yes
90214,No
90215,No
90216,No
90217,No
90218,Yes
90219,No
90220,No
90221,No
90222,No
90223,No
90224,Yes
90225,No
90226,No
90227,No
90228,Yes
90229,No
90230,No
90231,No
90232,Yes
90233,No
90234,No
90235,No
90236,No
90237,No
90238,No
90239,Yes
90240,No
90241,No
90242,No
90243,Yes
90244,No
90245,No
90246,Yes
90247,Yes
90248,Yes
90249,Yes
90250,No
90251,Yes
90252,No
90253,No
90254,Yes
90255,Yes
90256,No
90257,No
90258,No
90259,No
90260,No
90261,No
90262,No
90263,Yes
90264,No
90265,No
90266,Yes
90267,No
90268,No
90269,No
90270,No
90271,No
90272,No
90273,Yes
90274,No
90275,Yes
90276,No
90277,No
90278,Yes
90279,Yes
90280,No
90281,No
90282,Yes
90283,Yes
90284,No
90285,Yes
90286,No
90287,No
90288,No
90289,No
90290,Yes
90291,No
90292,No
90293,No
90294,Yes
90295,No
90296,Yes
90297,No
90298,No
90299,Yes
90300,Yes
90301,Yes
90302,No
90303,No
90304,Yes
90305,No
90306,Yes
90307,No
90308,No
90309,Yes
90310,No
90311,No
90312,No
90313,No
90314,Yes
90315,No
90316,No
90317,No
90318,No
90319,Yes
90320,No
90321,No
90322,No
90323,No
90324,No
90325,No
90326,Yes
90327,No
90328,No
90329,Yes
90330,No
90331,Yes
90332,Yes
90333,Yes
90334,Yes
90335,No
90336,No
90337,No
90338,Yes
90339,Yes
90340,No
90341,No
90342,No
90343,Yes
90344,Yes
90345,No
90346,Yes
90347,Yes
90348,No
90349,Yes
90350,No
90351,Yes
90352,No
90353,No
90354,No
90355,No
90356,Yes
90357,No
90358,No
90359,Yes
90360,No
90361,No
90362,No
90363,Yes
90364,Yes
90365,No
90366,Yes
90367,Yes
90368,No
90369,No
90370,No
90371,Yes
90372,No
90373,No
90374,No
90375,No
90376,No
90377,No
90378,Yes
90379,No
90380,No
90381,No
90382,No
90383,No
90384,No
90385,Yes
90386,No
90387,Yes
90388,Yes
90389,No
90390,Yes
90391,No
90392,No
90393,No
90394,Yes
90395,No
90396,Yes
90397,No
90398,No
90399,Yes
90400,Yes
90401,No
90402,Yes
90403,Yes
90404,Yes
90405,Yes
90406,No
90407,No
90408,No
90409,No
90410,No
90411,Yes
90412,No
90413,No
90414,No
90415,Yes
90416,No
90417,Yes
90418,Yes
90419,No
90420,No
90421,Yes
90422,No
90423,Yes
90424,No
90425,No
90426,No
90427,Yes
90428,No
90429,Yes
90430,No
90431,No
90432,Yes
90433,Yes
90434,Yes
90435,Yes
90436,Yes
90437,No
90438,Yes
90439,No
90440,No
90441,No
90442,No
90443,Yes
90444,No
90445,No
90446,No
90447,No
90448,No
90449,No
90450,Yes
90451,No
90452,Yes
90453,No
90454,Yes
90455,No
90456,No
90457,Yes
90458,No
90459,No
90460,Yes
90461,Yes
90462,Yes
90463,Yes
90464,Yes
90465,No
90466,Yes
90467,Yes
90468,Yes
90469,No
90470,No
90471,No
90472,No
90473,Yes
90474,Yes
90475,No
90476,No
90477,Yes
90478,No
90479,Yes
90480,No
90481,No
90482,No
90483,Yes
90484,Yes
90485,Yes
90486,No
90487,Yes
90488,Yes
90489,Yes
90490,No
90491,Yes
90492,No
90493,Yes
90494,Yes
90495,No
90496,No
90497,Yes
90498,No
90499,No
90500,No
90501,No
90502,No
90503,Yes
90504,No
90505,No
90506,No
90507,Yes
90508,Yes
90509,Yes
90510,Yes
90511,No
90512,Yes
90513,No
90514,No
90515,Yes
90516,Yes
90517,Yes
90518,No
90519,Yes
90520,No
90521,No
90522,No
90523,No
90524,No
90525,Yes
90526,Yes
90527,No
90528,No
90529,No
90530,Yes
90531,No
90532,No
90533,Yes
90534,No
90535,Yes
90536,Yes
90537,Yes
90538,No
90539,No
90540,No
90541,No
90542,No
90543,No
90544,Yes
90545,No
90546,No
90547,No
90548,No
90549,No
90550,Yes
90551,No
90552,Yes
90553,No
90554,Yes
90555,No
90556,No
90557,No
90558,No
90559,Yes
90560,No
90561,No
90562,Yes
90563,Yes
90564,Yes
90565,No
90566,No
90567,Yes
90568,No
90569,Yes
90570,No
90571,No
90572,No
90573,No
90574,No
90575,No
90576,No
90577,No
90578,No
90579,No
90580,Yes
90581,No
90582,No
90583,Yes
90584,Yes
90585,No
90586,No
90587,No
90588,No
90589,No
90590,No
90591,No
90592,Yes
90593,No
90594,No
90595,No
90596,No
90597,Yes
90598,No
90599,Yes
90600,Yes
90601,Yes
90602,No
90603,Yes
90604,Yes
90605,Yes
90606,No
90607,Yes
90608,No
90609,No
90610,Yes
90611,No
90612,Yes
90613,No
90614,No
90615,No
90616,No
90617,Yes
90618,No
90619,Yes
90620,No
90621,No
90622,Yes
90623,No
90624,No
90625,No
90626,No
90627,No
90628,No
90629,No
90630,No
90631,No
90632,Yes
90633,No
90634,No
90635,No
90636,No
90637,No
90638,Yes
90639,No
90640,No
90641,No
90642,No
90643,No
90644,Yes
90645,Yes
90646,No
90647,Yes
90648,Yes
90649,No
90650,No
90651,Yes
90652,Yes
90653,No
90654,No
90655,No
90656,Yes
90657,No
90658,No
90659,Yes
90660,No
90661,Yes
90662,No
90663,Yes
90664,No
90665,No
90666,Yes
90667,Yes
90668,No
90669,No
90670,No
90671,No
90672,Yes
90673,Yes
90674,No
90675,No
90676,No
90677,Yes
90678,Yes
90679,No
90680,No
90681,Yes
90682,Yes
90683,No
90684,No
90685,No
90686,Yes
90687,Yes
90688,No
90689,Yes
90690,Yes
90691,No
90692,No
90693,No
90694,No
90695,Yes
90696,No
90697,Yes
90698,Yes
90699,Yes
90700,No
90701,Yes
90702,No
90703,Yes
90704,No
90705,Yes
90706,No
90707,No
90708,No
90709,Yes
90710,No
90711,No
90712,Yes
90713,No
90714,No
90715,Yes
90716,Yes
90717,Yes
90718,No
90719,Yes
90720,No
90721,Yes
90722,Yes
90723,Yes
90724,No
90725,Yes
90726,Yes
90727,No
90728,No
90729,Yes
90730,Yes
90731,No
90732,No
90733,No
90734,Yes
90735,No
90736,No
90737,No
90738,Yes
90739,No
90740,No
90741,No
90742,No
90743,Yes
90744,No
90745,No
90746,No
90747,No
90748,No
90749,No
90750,Yes
90751,No
90752,Yes
90753,No
90754,Yes
90755,No
90756,No
90757,Yes
90758,No
90759,No
90760,Yes
90761,Yes
90762,Yes
90763,Yes
90764,Yes
90765,No
90766,No
90767,No
90768,No
90769,No
90770,No
90771,Yes
90772,No
90773,No
90774,No
90775,No
90776,No
90777,Yes
90778,Yes
90779,No
90780,Yes
90781,Yes
90782,No
90783,No
90784,No
90785,Yes
90786,No
90787,Yes
90788,Yes
90789,No
90790,Yes
90791,No
90792,Yes
90793,Yes
90794,No
90795,No
90796,No
90797,No
90798,Yes
90799,No
90800,No
90801,Yes
90802,No
90803,No
90804,Yes
90805,No
90806,Yes
90807,No
90808,Yes
90809,No
90810,No
90811,No
90812,No
90813,No
90814,No
90815,Yes
90816,No
90817,No
90818,No
90819,Yes
90820,No
90821,No
90822,No
90823,No
90824,No
90825,No
90826,Yes
90827,Yes
90828,Yes
90829,No
90830,No
90831,Yes
90832,No
90833,No
90834,No
90835,No
90836,Yes
90837,No
90838,Yes
90839,Yes
90840,No
90841,No
90842,No
90843,Yes
90844,Yes
90845,Yes
90846,Yes
90847,No
90848,No
90849,Yes
90850,No
90851,Yes
90852,No
90853,No
90854,No
90855,Yes
90856,No
90857,No
90858,No
90859,No
90860,No
90861,No
90862,No
90863,Yes
90864,No
90865,No
90866,No
90867,No
90868,No
90869,Yes
90870,No
90871,No
90872,No
90873,No
90874,No
90875,No
90876,No
90877,No
90878,Yes
90879,No
90880,Yes
90881,Yes
90882,Yes
90883,Yes
90884,Yes
90885,Yes
90886,Yes
90887,No
90888,No
90889,No
90890,Yes
90891,No
90892,Yes
90893,No
90894,No
90895,No
90896,No
90897,No
90898,Yes
90899,Yes
90900,Yes
90901,No
90902,No
90903,No
90904,No
90905,No
90906,Yes
90907,Yes
90908,No
90909,Yes
90910,Yes
90911,No
90912,No
90913,Yes
90914,No
90915,No
90916,No
90917,Yes
90918,No
90919,No
90920,Yes
90921,No
90922,Yes
90923,No
90924,No
90925,No
90926,No
90927,No
90928,No
90929,Yes
90930,No
90931,No
90932,No
90933,Yes
90934,No
90935,Yes
90936,Yes
90937,No
90938,No
90939,No
90940,No
90941,Yes
90942,Yes
90943,Yes
90944,No
90945,Yes
90946,No
90947,Yes
90948,Yes
90949,No
90950,No
90951,No
90952,No
90953,Yes
90954,No
90955,No
90956,No
90957,Yes
90958,No
90959,No
90960,No
90961,No
90962,No
90963,Yes
90964,Yes
90965,No
90966,Yes
90967,Yes
90968,No
90969,No
90970,No
90971,Yes
90972,Yes
90973,Yes
90974,No
90975,No
90976,Yes
90977,Yes
90978,No
90979,No
90980,No
90981,No
90982,Yes
90983,No
90984,Yes
90985,No
90986,Yes
90987,Yes
90988,No
90989,No
90990,Yes
90991,No
90992,Yes
90993,No
90994,No
90995,No
90996,No
90997,Yes
90998,Yes
90999,Yes
91000,No
91001,Yes
91002,No
91003,No
91004,No
91005,No
91006,No
91007,Yes
91008,Yes
91009,Yes
91010,No
91011,Yes
91012,No
91013,No
91014,Yes
91015,No
91016,No
91017,No
91018,No
91019,No
91020,Yes
91021,Yes
91022,No
91023,No
91024,Yes
91025,Yes
91026,No
91027,Yes
91028,Yes
91029,No
91030,Yes
91031,No
91032,Yes
91033,No
91034,Yes
91035,No
91036,No
91037,No
91038,Yes
91039,Yes
91040,Yes
91041,Yes
91042,Yes
91043,Yes
91044,No
91045,No
91046,Yes
91047,No
91048,Yes
91049,No
91050,No
91051,No
91052,No
91053,Yes
91054,No
91055,No
91056,Yes
91057,Yes
91058,No
91059,No
91060,No
91061,No
91062,No
91063,Yes
91064,No
91065,No
91066,No
91067,No
91068,No
91069,Yes
91070,No
91071,No
91072,No
91073,Yes
91074,No
91075,No
91076,No
91077,No
91078,No
91079,No
91080,Yes
91081,No
91082,Yes
91083,No
91084,No
91085,No
91086,No
91087,No
91088,No
91089,Yes
91090,No
91091,No
91092,Yes
91093,No
91094,Yes
91095,No
91096,Yes
91097,No
91098,No
91099,Yes
91100,No
91101,No
91102,No
91103,No
91104,No
91105,No
91106,Yes
91107,No
91108,Yes
91109,Yes
91110,Yes
91111,Yes
91112,No
91113,Yes
91114,No
91115,No
91116,No
91117,No
91118,Yes
91119,Yes
91120,Yes
91121,No
91122,No
91123,No
91124,No
91125,No
91126,No
91127,No
91128,No
91129,No
91130,Yes
91131,No
91132,Yes
91133,Yes
91134,No
91135,Yes
91136,No
91137,No
91138,Yes
91139,No
91140,No
91141,Yes
91142,Yes
91143,No
91144,Yes
91145,No
91146,No
91147,No
91148,No
91149,Yes
91150,Yes
91151,No
91152,Yes
91153,Yes
91154,No
91155,Yes
91156,Yes
91157,No
91158,No
91159,No
91160,No
91161,Yes
91162,Yes
91163,No
91164,No
91165,Yes
91166,No
91167,No
91168,No
91169,Yes
91170,No
91171,No
91172,No
91173,Yes
91174,No
91175,Yes
91176,Yes
91177,No
91178,Yes
91179,No
91180,No
91181,No
91182,Yes
91183,No
91184,Yes
91185,No
91186,No
91187,Yes
91188,No
91189,Yes
91190,No
91191,No
91192,No
91193,Yes
91194,Yes
91195,Yes
91196,No
91197,Yes
91198,Yes
91199,No
91200,No
91201,No
91202,No
91203,Yes
91204,No
91205,No
91206,No
91207,Yes
91208,No
91209,Yes
91210,Yes
91211,No
91212,No
91213,No
91214,No
91215,Yes
91216,No
91217,No
91218,Yes
91219,No
91220,Yes
91221,No
91222,No
91223,Yes
91224,No
91225,Yes
91226,No
91227,No
91228,No
91229,Yes
91230,Yes
91231,No
91232,No
91233,Yes
91234,No
91235,No
91236,No
91237,No
91238,No
91239,Yes
91240,Yes
91241,No
91242,Yes
91243,No
91244,No
91245,No
91246,No
91247,Yes
91248,No
91249,Yes
91250,No
91251,No
91252,No
91253,Yes
91254,Yes
91255,No
91256,No
91257,No
91258,No
91259,No
91260,No
91261,No
91262,Yes
91263,Yes
91264,Yes
91265,No
91266,Yes
91267,No
91268,Yes
91269,No
91270,No
91271,No
91272,No
91273,No
91274,No
91275,Yes
91276,Yes
91277,No
91278,No
91279,No
91280,Yes
91281,No
91282,No
91283,No
91284,Yes
91285,No
91286,No
91287,No
91288,Yes
91289,Yes
91290,Yes
91291,Yes
91292,No
91293,Yes
91294,No
91295,No
91296,Yes
91297,Yes
91298,No
91299,No
91300,No
91301,No
91302,Yes
91303,No
91304,No
91305,No
91306,Yes
91307,Yes
91308,No
91309,Yes
91310,No
91311,Yes
91312,No
91313,No
91314,No
91315,Yes
91316,Yes
91317,Yes
91318,Yes
91319,No
91320,Yes
91321,No
91322,No
91323,Yes
91324,Yes
91325,Yes
91326,Yes
91327,Yes
91328,No
91329,Yes
91330,Yes
91331,Yes
91332,No
91333,No
91334,Yes
91335,Yes
91336,Yes
91337,No
91338,Yes
91339,Yes
91340,Yes
91341,No
91342,No
91343,Yes
91344,No
91345,Yes
91346,Yes
91347,Yes
91348,Yes
91349,No
91350,No
91351,Yes
91352,No
91353,Yes
91354,No
91355,No
91356,No
91357,No
91358,Yes
91359,No
91360,No
91361,No
91362,No
91363,Yes
91364,No
91365,Yes
91366,Yes
91367,No
91368,Yes
91369,No
91370,No
91371,Yes
91372,No
91373,No
91374,No
91375,No
91376,Yes
91377,No
91378,Yes
91379,Yes
91380,No
91381,Yes
91382,Yes
91383,No
91384,No
91385,Yes
91386,No
91387,No
91388,Yes
91389,Yes
91390,No
91391,No
91392,No
91393,Yes
91394,Yes
91395,Yes
91396,No
91397,Yes
91398,Yes
91399,Yes
91400,No
91401,Yes
91402,No
91403,No
91404,Yes
91405,Yes
91406,Yes
91407,No
91408,No
91409,No
91410,Yes
91411,Yes
91412,No
91413,Yes
91414,Yes
91415,No
91416,Yes
91417,No
91418,No
91419,No
91420,No
91421,Yes
91422,Yes
91423,No
91424,No
91425,No
91426,No
91427,Yes
91428,No
91429,No
91430,No
91431,No
91432,Yes
91433,No
91434,Yes
91435,No
91436,Yes
91437,No
91438,Yes
91439,Yes
91440,Yes
91441,No
91442,Yes
91443,Yes
91444,No
91445,No
91446,Yes
91447,Yes
91448,No
91449,Yes
91450,No
91451,No
91452,No
91453,No
91454,Yes
91455,No
91456,No
91457,No
91458,Yes
91459,No
91460,No
91461,Yes
91462,Yes
91463,Yes
91464,No
91465,No
91466,No
91467,No
91468,Yes
91469,No
91470,Yes
91471,No
91472,Yes
91473,Yes
91474,No
91475,Yes
91476,No
91477,Yes
91478,No
91479,Yes
91480,Yes
91481,No
91482,No
91483,Yes
91484,No
91485,Yes
91486,No
91487,No
91488,No
91489,Yes
91490,Yes
91491,Yes
91492,No
91493,No
91494,Yes
91495,No
91496,Yes
91497,No
91498,Yes
91499,Yes
91500,No
91501,No
91502,Yes
91503,No
91504,No
91505,Yes
91506,Yes
91507,No
91508,Yes
91509,No
91510,No
91511,No
91512,No
91513,No
91514,Yes
91515,No
91516,No
91517,Yes
91518,No
91519,No
91520,No
91521,No
91522,Yes
91523,No
91524,No
91525,Yes
91526,Yes
91527,Yes
91528,No
91529,No
91530,Yes
91531,Yes
91532,No
91533,No
91534,No
91535,No
91536,No
91537,Yes
91538,Yes
91539,No
91540,Yes
91541,Yes
91542,No
91543,No
91544,Yes
91545,Yes
91546,No
91547,No
91548,No
91549,No
91550,Yes
91551,No
91552,Yes
91553,No
91554,No
91555,No
91556,No
91557,No
91558,Yes
91559,No
91560,Yes
91561,Yes
91562,No
91563,No
91564,No
91565,Yes
91566,Yes
91567,No
91568,Yes
91569,Yes
91570,No
91571,Yes
91572,Yes
91573,No
91574,Yes
91575,Yes
91576,No
91577,No
91578,No
91579,Yes
91580,No
91581,Yes
91582,Yes
91583,No
91584,No
91585,No
91586,Yes
91587,Yes
91588,Yes
91589,Yes
91590,No
91591,No
91592,Yes
91593,No
91594,No
91595,No
91596,No
91597,No
91598,Yes
91599,No
91600,No
91601,No
91602,No
91603,No
91604,No
91605,No
91606,Yes
91607,No
91608,Yes
91609,Yes
91610,Yes
91611,Yes
91612,Yes
91613,Yes
91614,No
91615,Yes
91616,Yes
91617,Yes
91618,Yes
91619,No
91620,Yes
91621,Yes
91622,Yes
91623,Yes
91624,Yes
91625,No
91626,No
91627,No
91628,No
91629,No
91630,Yes
91631,No
91632,Yes
91633,Yes
91634,No
91635,Yes
91636,Yes
91637,No
91638,No
91639,Yes
91640,No
91641,Yes
91642,Yes
91643,No
91644,Yes
91645,No
91646,Yes
91647,Yes
91648,No
91649,Yes
91650,No
91651,Yes
91652,Yes
91653,Yes
91654,No
91655,Yes
91656,No
91657,Yes
91658,Yes
91659,Yes
91660,Yes
91661,No
91662,Yes
91663,Yes
91664,Yes
91665,No
91666,Yes
91667,No
91668,Yes
91669,Yes
91670,Yes
91671,Yes
91672,No
91673,Yes
91674,Yes
91675,No
91676,No
91677,No
91678,Yes
91679,No
91680,No
91681,Yes
91682,Yes
91683,No
91684,Yes
91685,No
91686,No
91687,Yes
91688,No
91689,No
91690,No
91691,No
91692,No
91693,No
91694,Yes
91695,No
91696,No
91697,No
91698,No
91699,No
91700,No
91701,No
91702,No
91703,Yes
91704,Yes
91705,No
91706,No
91707,Yes
91708,No
91709,No
91710,Yes
91711,Yes
91712,No
91713,No
91714,No
91715,Yes
91716,Yes
91717,Yes
91718,No
91719,No
91720,Yes
91721,Yes
91722,Yes
91723,No
91724,No
91725,Yes
91726,Yes
91727,Yes
91728,No
91729,No
91730,Yes
91731,No
91732,No
91733,No
91734,Yes
91735,Yes
91736,No
91737,No
91738,Yes
91739,No
91740,Yes
91741,No
91742,No
91743,Yes
91744,Yes
91745,Yes
91746,No
91747,Yes
91748,Yes
91749,No
91750,Yes
91751,No
91752,Yes
91753,Yes
91754,No
91755,No
91756,Yes
91757,No
91758,Yes
91759,No
91760,No
91761,No
91762,Yes
91763,No
91764,No
91765,No
91766,No
91767,No
91768,No
91769,Yes
91770,Yes
91771,No
91772,No
91773,Yes
91774,Yes
91775,Yes
91776,No
91777,No
91778,No
91779,No
91780,No
91781,No
91782,No
91783,Yes
91784,No
91785,No
91786,Yes
91787,No
91788,No
91789,Yes
91790,Yes
91791,Yes
91792,No
91793,Yes
91794,Yes
91795,Yes
91796,No
91797,No
91798,No
91799,No
91800,No
91801,Yes
91802,No
91803,Yes
91804,Yes
91805,No
91806,Yes
91807,Yes
91808,Yes
91809,No
91810,No
91811,Yes
91812,Yes
91813,Yes
91814,Yes
91815,Yes
91816,No
91817,No
91818,No
91819,Yes
91820,No
91821,No
91822,No
91823,No
91824,No
91825,Yes
91826,No
91827,Yes
91828,Yes
91829,No
91830,No
91831,Yes
91832,No
91833,No
91834,Yes
91835,No
91836,Yes
91837,Yes
91838,Yes
91839,Yes
91840,No
91841,Yes
91842,Yes
91843,Yes
91844,Yes
91845,No
91846,Yes
91847,Yes
91848,No
91849,Yes
91850,No
91851,Yes
91852,No
91853,No
91854,No
91855,Yes
91856,Yes
91857,Yes
91858,Yes
91859,No
91860,Yes
91861,Yes
91862,Yes
91863,No
91864,Yes
91865,No
91866,Yes
91867,Yes
91868,No
91869,No
91870,Yes
91871,No
91872,No
91873,No
91874,No
91875,No
91876,No
91877,Yes
91878,No
91879,No
91880,Yes
91881,Yes
91882,No
91883,Yes
91884,No
91885,Yes
91886,Yes
91887,Yes
91888,No
91889,Yes
91890,No
91891,No
91892,Yes
91893,No
91894,No
91895,No
91896,Yes
91897,Yes
91898,No
91899,Yes
91900,No
91901,No
91902,Yes
91903,No
91904,No
91905,No
91906,Yes
91907,No
91908,Yes
91909,Yes
91910,Yes
91911,No
91912,Yes
91913,No
91914,No
91915,No
91916,No
91917,No
91918,Yes
91919,Yes
91920,No
91921,No
91922,No
91923,No
91924,No
91925,No
91926,Yes
91927,No
91928,Yes
91929,Yes
91930,No
91931,Yes
91932,No
91933,No
91934,No
91935,No
91936,No
91937,No
91938,Yes
91939,No
91940,No
91941,Yes
91942,No
91943,No
91944,No
91945,No
91946,No
91947,No
91948,No
91949,Yes
91950,No
91951,Yes
91952,Yes
91953,No
91954,No
91955,No
91956,No
91957,Yes
91958,No
91959,Yes
91960,Yes
91961,No
91962,Yes
91963,No
91964,Yes
91965,Yes
91966,Yes
91967,No
91968,Yes
91969,No
91970,No
91971,No
91972,No
91973,Yes
91974,No
91975,Yes
91976,No
91977,No
91978,No
91979,Yes
91980,No
91981,Yes
91982,No
91983,No
91984,No
91985,No
91986,No
91987,No
91988,No
91989,No
91990,No
91991,Yes
91992,Yes
91993,No
91994,No
91995,Yes
91996,Yes
91997,No
91998,Yes
91999,No
92000,Yes
92001,Yes
92002,Yes
92003,Yes
92004,No
92005,Yes
92006,Yes
92007,Yes
92008,No
92009,Yes
92010,Yes
92011,No
92012,Yes
92013,No
92014,Yes
92015,Yes
92016,No
92017,Yes
92018,No
92019,Yes
92020,No
92021,Yes
92022,No
92023,Yes
92024,Yes
92025,Yes
92026,Yes
92027,No
92028,Yes
92029,Yes
92030,Yes
92031,No
92032,No
92033,No
92034,No
92035,No
92036,Yes
92037,No
92038,No
92039,No
92040,Yes
92041,No
92042,No
92043,Yes
92044,Yes
92045,Yes
92046,No
92047,Yes
92048,No
92049,Yes
92050,No
92051,No
92052,Yes
92053,No
92054,No
92055,Yes
92056,Yes
92057,No
92058,Yes
92059,No
92060,Yes
92061,Yes
92062,Yes
92063,Yes
92064,No
92065,Yes
92066,Yes
92067,Yes
92068,Yes
92069,No
92070,No
92071,No
92072,No
92073,No
92074,Yes
92075,No
92076,No
92077,No
92078,No
92079,No
92080,No
92081,No
92082,No
92083,Yes
92084,No
92085,No
92086,Yes
92087,No
92088,No
92089,No
92090,Yes
92091,No
92092,No
92093,No
92094,No
92095,No
92096,No
92097,Yes
92098,Yes
92099,No
92100,No
92101,No
92102,Yes
92103,No
92104,Yes
92105,Yes
92106,Yes
92107,Yes
92108,No
92109,Yes
92110,Yes
92111,Yes
92112,No
92113,No
92114,No
92115,No
92116,No
92117,Yes
92118,Yes
92119,No
92120,Yes
92121,No
92122,Yes
92123,No
92124,No
92125,No
92126,No
92127,Yes
92128,No
92129,Yes
92130,No
92131,No
92132,No
92133,Yes
92134,No
92135,No
92136,Yes
92137,Yes
92138,Yes
92139,No
92140,Yes
92141,No
92142,Yes
92143,Yes
92144,Yes
92145,No
92146,Yes
92147,Yes
92148,No
92149,Yes
92150,Yes
92151,No
92152,Yes
92153,No
92154,No
92155,No
92156,Yes
92157,No
92158,No
92159,No
92160,Yes
92161,Yes
92162,No
92163,No
92164,No
92165,Yes
92166,No
92167,Yes
92168,No
92169,No
92170,No
92171,No
92172,Yes
92173,Yes
92174,No
92175,Yes
92176,Yes
92177,No
92178,Yes
92179,No
92180,No
92181,Yes
92182,Yes
92183,No
92184,Yes
92185,Yes
92186,No
92187,Yes
92188,No
92189,Yes
92190,No
92191,No
92192,Yes
92193,No
92194,No
92195,No
92196,Yes
92197,No
92198,No
92199,Yes
92200,No
92201,No
92202,Yes
92203,Yes
92204,No
92205,No
92206,No
92207,No
92208,Yes
92209,No
92210,No
92211,No
92212,No
92213,Yes
92214,No
92215,No
92216,No
92217,No
92218,No
92219,No
92220,No
92221,No
92222,No
92223,No
92224,No
92225,No
92226,No
92227,No
92228,No
92229,No
92230,No
92231,Yes
92232,No
92233,Yes
92234,No
92235,Yes
92236,No
92237,Yes
92238,No
92239,Yes
92240,Yes
92241,Yes
92242,No
92243,No
92244,No
92245,Yes
92246,No
92247,No
92248,No
92249,Yes
92250,No
92251,Yes
92252,Yes
92253,Yes
92254,No
92255,Yes
92256,No
92257,No
92258,No
92259,No
92260,Yes
92261,No
92262,No
92263,No
92264,No
92265,Yes
92266,No
92267,No
92268,No
92269,No
92270,Yes
92271,No
92272,No
92273,Yes
92274,No
92275,No
92276,Yes
92277,No
92278,No
92279,No
92280,Yes
92281,No
92282,Yes
92283,Yes
92284,No
92285,Yes
92286,Yes
92287,Yes
92288,No
92289,Yes
92290,No
92291,Yes
92292,No
92293,Yes
92294,Yes
92295,Yes
92296,No
92297,No
92298,No
92299,No
92300,Yes
92301,No
92302,Yes
92303,Yes
92304,No
92305,Yes
92306,Yes
92307,No
92308,No
92309,No
92310,No
92311,Yes
92312,No
92313,Yes
92314,No
92315,No
92316,No
92317,No
92318,No
92319,No
92320,Yes
92321,No
92322,No
92323,No
92324,No
92325,No
92326,No
92327,Yes
92328,No
92329,Yes
92330,Yes
92331,No
92332,No
92333,Yes
92334,Yes
92335,No
92336,No
92337,Yes
92338,Yes
92339,No
92340,Yes
92341,No
92342,No
92343,Yes
92344,No
92345,Yes
92346,No
92347,Yes
92348,No
92349,No
92350,Yes
92351,No
92352,No
92353,Yes
92354,No
92355,No
92356,Yes
92357,No
92358,Yes
92359,No
92360,No
92361,No
92362,No
92363,Yes
92364,Yes
92365,Yes
92366,No
92367,No
92368,No
92369,Yes
92370,No
92371,Yes
92372,No
92373,No
92374,Yes
92375,Yes
92376,Yes
92377,Yes
92378,No
92379,No
92380,Yes
92381,No
92382,No
92383,Yes
92384,Yes
92385,Yes
92386,No
92387,No
92388,No
92389,No
92390,No
92391,No
92392,No
92393,No
92394,No
92395,No
92396,No
92397,Yes
92398,No
92399,No
92400,No
92401,No
92402,Yes
92403,No
92404,No
92405,Yes
92406,No
92407,Yes
92408,No
92409,No
92410,No
92411,No
92412,Yes
92413,No
92414,No
92415,No
92416,No
92417,Yes
92418,No
92419,Yes
92420,No
92421,Yes
92422,Yes
92423,No
92424,No
92425,No
92426,Yes
92427,No
92428,No
92429,Yes
92430,No
92431,No
92432,No
92433,Yes
92434,Yes
92435,No
92436,No
92437,No
92438,Yes
92439,No
92440,No
92441,No
92442,No
92443,Yes
92444,No
92445,Yes
92446,Yes
92447,No
92448,No
92449,No
92450,No
92451,Yes
92452,No
92453,No
92454,Yes
92455,No
92456,No
92457,No
92458,Yes
92459,Yes
92460,No
92461,No
92462,Yes
92463,No
92464,Yes
92465,No
92466,No
92467,No
92468,No
92469,No
92470,Yes
92471,No
92472,No
92473,No
92474,Yes
92475,Yes
92476,No
92477,Yes
92478,No
92479,No
92480,Yes
92481,Yes
92482,No
92483,No
92484,No
92485,No
92486,No
92487,No
92488,Yes
92489,Yes
92490,No
92491,No
92492,Yes
92493,No
92494,No
92495,No
92496,No
92497,No
92498,Yes
92499,Yes
92500,No
92501,Yes
92502,Yes
92503,No
92504,No
92505,No
92506,No
92507,No
92508,Yes
92509,Yes
92510,No
92511,No
92512,No
92513,No
92514,No
92515,No
92516,Yes
92517,Yes
92518,No
92519,No
92520,Yes
92521,No
92522,No
92523,Yes
92524,Yes
92525,No
92526,No
92527,No
92528,Yes
92529,Yes
92530,No
92531,No
92532,Yes
92533,No
92534,Yes
92535,Yes
92536,No
92537,Yes
92538,No
92539,No
92540,Yes
92541,No
92542,No
92543,Yes
92544,No
92545,No
92546,No
92547,No
92548,Yes
92549,Yes
92550,No
92551,Yes
92552,No
92553,Yes
92554,Yes
92555,Yes
92556,No
92557,Yes
92558,Yes
92559,Yes
92560,Yes
92561,No
92562,No
92563,Yes
92564,No
92565,No
92566,No
92567,No
92568,Yes
92569,Yes
92570,No
92571,No
92572,No
92573,No
92574,No
92575,Yes
92576,No
92577,No
92578,No
92579,Yes
92580,Yes
92581,No
92582,No
92583,No
92584,No
92585,Yes
92586,Yes
92587,No
92588,No
92589,Yes
92590,No
92591,No
92592,Yes
92593,No
92594,No
92595,No
92596,No
92597,No
92598,Yes
92599,No
92600,No
92601,No
92602,No
92603,No
92604,No
92605,Yes
92606,No
92607,No
92608,Yes
92609,No
92610,Yes
92611,No
92612,Yes
92613,No
92614,No
92615,No
92616,No
92617,Yes
92618,No
92619,Yes
92620,Yes
92621,No
92622,No
92623,No
92624,Yes
92625,No
92626,No
92627,Yes
92628,Yes
92629,No
92630,No
92631,No
92632,No
92633,Yes
92634,No
92635,No
92636,Yes
92637,No
92638,No
92639,No
92640,No
92641,No
92642,No
92643,No
92644,No
92645,No
92646,Yes
92647,No
92648,No
92649,No
92650,No
92651,No
92652,No
92653,No
92654,Yes
92655,Yes
92656,No
92657,Yes
92658,No
92659,Yes
92660,No
92661,Yes
92662,No
92663,Yes
92664,Yes
92665,No
92666,No
92667,Yes
92668,No
92669,No
92670,No
92671,Yes
92672,No
92673,Yes
92674,No
92675,No
92676,No
92677,Yes
92678,No
92679,No
92680,No
92681,No
92682,No
92683,No
92684,No
92685,Yes
92686,No
92687,No
92688,No
92689,No
92690,Yes
92691,No
92692,No
92693,Yes
92694,No
92695,Yes
92696,Yes
92697,No
92698,No
92699,No
92700,Yes
92701,No
92702,Yes
92703,No
92704,No
92705,No
92706,Yes
92707,No
92708,Yes
92709,Yes
92710,Yes
92711,No
92712,Yes
92713,No
92714,No
92715,Yes
92716,No
92717,No
92718,No
92719,No
92720,Yes
92721,No
92722,Yes
92723,No
92724,No
92725,Yes
92726,Yes
92727,No
92728,No
92729,No
92730,Yes
92731,Yes
92732,No
92733,Yes
92734,No
92735,No
92736,No
92737,No
92738,Yes
92739,Yes
92740,No
92741,No
92742,No
92743,Yes
92744,No
92745,No
92746,No
92747,No
92748,No
92749,Yes
92750,Yes
92751,No
92752,Yes
92753,Yes
92754,No
92755,Yes
92756,Yes
92757,Yes
92758,No
92759,Yes
92760,No
92761,No
92762,No
92763,Yes
92764,Yes
92765,No
92766,Yes
92767,No
92768,No
92769,No
92770,Yes
92771,No
92772,No
92773,Yes
92774,No
92775,Yes
92776,No
92777,Yes
92778,No
92779,No
92780,No
92781,Yes
92782,No
92783,Yes
92784,No
92785,No
92786,Yes
92787,No
92788,No
92789,No
92790,No
92791,No
92792,No
92793,Yes
92794,Yes
92795,No
92796,No
92797,No
92798,Yes
92799,No
92800,No
92801,No
92802,No
92803,No
92804,No
92805,Yes
92806,No
92807,Yes
92808,No
92809,No
92810,No
92811,Yes
92812,No
92813,No
92814,No
92815,No
92816,No
92817,No
92818,No
92819,No
92820,No
92821,No
92822,No
92823,Yes
92824,Yes
92825,No
92826,No
92827,Yes
92828,Yes
92829,Yes
92830,No
92831,No
92832,No
92833,Yes
92834,No
92835,No
92836,No
92837,Yes
92838,No
92839,No
92840,Yes
92841,Yes
92842,No
92843,No
92844,Yes
92845,Yes
92846,Yes
92847,Yes
92848,No
92849,No
92850,No
92851,No
92852,Yes
92853,Yes
92854,Yes
92855,Yes
92856,No
92857,No
92858,Yes
92859,Yes
92860,No
92861,No
92862,Yes
92863,No
92864,No
92865,Yes
92866,Yes
92867,No
92868,Yes
92869,No
92870,Yes
92871,No
92872,Yes
92873,Yes
92874,No
92875,Yes
92876,No
92877,No
92878,Yes
92879,Yes
92880,No
92881,No
92882,Yes
92883,No
92884,Yes
92885,No
92886,Yes
92887,Yes
92888,Yes
92889,Yes
92890,No
92891,Yes
92892,Yes
92893,No
92894,No
92895,No
92896,Yes
92897,Yes
92898,No
92899,No
92900,Yes
92901,Yes
92902,No
92903,No
92904,No
92905,No
92906,No
92907,No
92908,Yes
92909,No
92910,Yes
92911,Yes
92912,No
92913,No
92914,Yes
92915,No
92916,No
92917,Yes
92918,Yes
92919,No
92920,Yes
92921,No
92922,No
92923,No
92924,No
92925,No
92926,No
92927,No
92928,No
92929,No
92930,No
92931,Yes
92932,No
92933,Yes
92934,No
92935,No
92936,No
92937,Yes
92938,No
92939,No
92940,No
92941,No
92942,No
92943,No
92944,Yes
92945,No
92946,Yes
92947,Yes
92948,Yes
92949,Yes
92950,No
92951,No
92952,Yes
92953,Yes
92954,Yes
92955,Yes
92956,Yes
92957,Yes
92958,No
92959,Yes
92960,Yes
92961,Yes
92962,No
92963,Yes
92964,No
92965,Yes
92966,No
92967,No
92968,No
92969,Yes
92970,Yes
92971,Yes
92972,No
92973,No
92974,Yes
92975,No
92976,No
92977,No
92978,No
92979,No
92980,Yes
92981,No
92982,No
92983,Yes
92984,No
92985,No
92986,Yes
92987,Yes
92988,No
92989,Yes
92990,No
92991,No
92992,No
92993,Yes
92994,Yes
92995,Yes
92996,Yes
92997,Yes
92998,No
92999,Yes
93000,No
93001,Yes
93002,Yes
93003,No
93004,No
93005,No
93006,Yes
93007,No
93008,No
93009,No
93010,No
93011,No
93012,No
93013,No
93014,No
93015,No
93016,Yes
93017,No
93018,No
93019,No
93020,No
93021,No
93022,No
93023,No
93024,Yes
93025,No
93026,No
93027,No
93028,Yes
93029,No
93030,No
93031,Yes
93032,Yes
93033,Yes
93034,No
93035,No
93036,Yes
93037,No
93038,Yes
93039,Yes
93040,Yes
93041,No
93042,No
93043,No
93044,No
93045,Yes
93046,No
93047,Yes
93048,Yes
93049,No
93050,No
93051,Yes
93052,No
93053,Yes
93054,Yes
93055,Yes
93056,No
93057,Yes
93058,No
93059,No
93060,Yes
93061,Yes
93062,Yes
93063,Yes
93064,Yes
93065,No
93066,Yes
93067,No
93068,No
93069,No
93070,No
93071,Yes
93072,Yes
93073,Yes
93074,No
93075,No
93076,Yes
93077,No
93078,No
93079,Yes
93080,No
93081,No
93082,No
93083,Yes
93084,Yes
93085,No
93086,Yes
93087,No
93088,No
93089,No
93090,Yes
93091,No
93092,Yes
93093,Yes
93094,No
93095,Yes
93096,No
93097,No
93098,Yes
93099,Yes
93100,No
93101,Yes
93102,Yes
93103,No
93104,Yes
93105,Yes
93106,No
93107,Yes
93108,No
93109,Yes
93110,Yes
93111,No
93112,No
93113,Yes
93114,Yes
93115,Yes
93116,Yes
93117,Yes
93118,No
93119,Yes
93120,Yes
93121,No
93122,No
93123,No
93124,No
93125,Yes
93126,Yes
93127,No
93128,Yes
93129,Yes
93130,No
93131,No
93132,No
93133,Yes
93134,Yes
93135,No
93136,Yes
93137,Yes
93138,No
93139,Yes
93140,No
93141,Yes
93142,No
93143,No
93144,Yes
93145,No
93146,No
93147,No
93148,Yes
93149,Yes
93150,No
93151,Yes
93152,No
93153,Yes
93154,No
93155,Yes
93156,No
93157,No
93158,No
93159,No
93160,Yes
93161,Yes
93162,No
93163,No
93164,No
93165,No
93166,No
93167,No
93168,Yes
93169,Yes
93170,Yes
93171,Yes
93172,Yes
93173,No
93174,Yes
93175,No
93176,No
93177,Yes
93178,No
93179,No
93180,No
93181,No
93182,No
93183,No
93184,No
93185,No
93186,No
93187,No
93188,Yes
93189,No
93190,Yes
93191,No
93192,Yes
93193,No
93194,No
93195,Yes
93196,Yes
93197,Yes
93198,No
93199,No
93200,Yes
93201,Yes
93202,Yes
93203,Yes
93204,Yes
93205,Yes
93206,No
93207,Yes
93208,No
93209,No
93210,No
93211,No
93212,No
93213,No
93214,Yes
93215,No
93216,Yes
93217,No
93218,No
93219,No
93220,No
93221,Yes
93222,No
93223,No
93224,Yes
93225,No
93226,Yes
93227,Yes
93228,No
93229,Yes
93230,No
93231,Yes
93232,Yes
93233,Yes
93234,No
93235,No
93236,Yes
93237,Yes
93238,Yes
93239,No
93240,Yes
93241,Yes
93242,Yes
93243,Yes
93244,Yes
93245,No
93246,No
93247,No
93248,Yes
93249,No
93250,No
93251,Yes
93252,No
93253,No
93254,No
93255,Yes
93256,Yes
93257,Yes
93258,Yes
93259,No
93260,No
93261,No
93262,No
93263,No
93264,Yes
93265,No
93266,No
93267,Yes
93268,Yes
93269,Yes
93270,Yes
93271,Yes
93272,No
93273,No
93274,No
93275,Yes
93276,No
93277,No
93278,No
93279,No
93280,No
93281,Yes
93282,Yes
93283,Yes
93284,Yes
93285,Yes
93286,No
93287,No
93288,No
93289,No
93290,No
93291,No
93292,Yes
93293,No
93294,No
93295,No
93296,Yes
93297,No
93298,No
93299,No
93300,No
93301,No
93302,No
93303,No
93304,No
93305,Yes
93306,Yes
93307,No
93308,Yes
93309,No
93310,Yes
93311,No
93312,Yes
93313,Yes
93314,No
93315,No
93316,Yes
93317,Yes
93318,No
93319,No
93320,No
93321,No
93322,Yes
93323,No
93324,Yes
93325,No
93326,Yes
93327,Yes
93328,Yes
93329,No
93330,Yes
93331,Yes
93332,Yes
93333,No
93334,Yes
93335,No
93336,No
93337,No
93338,Yes
93339,No
93340,No
93341,No
93342,No
93343,No
93344,No
93345,No
93346,No
93347,No
93348,Yes
93349,Yes
93350,Yes
93351,Yes
93352,Yes
93353,No
93354,Yes
93355,No
93356,Yes
93357,No
93358,Yes
93359,No
93360,Yes
93361,No
93362,No
93363,No
93364,No
93365,Yes
93366,No
93367,No
93368,Yes
93369,Yes
93370,Yes
93371,Yes
93372,No
93373,No
93374,Yes
93375,No
93376,Yes
93377,No
93378,No
93379,Yes
93380,Yes
93381,No
93382,Yes
93383,Yes
93384,No
93385,Yes
93386,No
93387,No
93388,No
93389,Yes
93390,No
93391,No
93392,No
93393,No
93394,Yes
93395,No
93396,Yes
93397,No
93398,No
93399,No
93400,No
93401,No
93402,No
93403,Yes
93404,Yes
93405,Yes
93406,No
93407,No
93408,Yes
93409,No
93410,Yes
93411,No
93412,Yes
93413,No
93414,No
93415,No
93416,No
93417,No
93418,No
93419,No
93420,No
93421,No
93422,Yes
93423,Yes
93424,No
93425,Yes
93426,Yes
93427,Yes
93428,No
93429,No
93430,Yes
93431,No
93432,Yes
93433,Yes
93434,Yes
93435,No
93436,No
93437,Yes
93438,Yes
93439,Yes
93440,No
93441,No
93442,Yes
93443,Yes
93444,No
93445,No
93446,No
93447,No
93448,No
93449,Yes
93450,No
93451,No
93452,Yes
93453,No
93454,No
93455,Yes
93456,No
93457,No
93458,Yes
93459,Yes
93460,Yes
93461,No
93462,Yes
93463,No
93464,No
93465,Yes
93466,No
93467,Yes
93468,Yes
93469,No
93470,No
93471,No
93472,No
93473,No
93474,Yes
93475,Yes
93476,No
93477,No
93478,No
93479,Yes
93480,Yes
93481,No
93482,No
93483,Yes
93484,Yes
93485,Yes
93486,No
93487,No
93488,No
93489,No
93490,No
93491,No
93492,Yes
93493,No
93494,No
93495,No
93496,No
93497,Yes
93498,No
93499,Yes
93500,No
93501,No
93502,No
93503,No
93504,Yes
93505,No
93506,Yes
93507,No
93508,No
93509,Yes
93510,No
93511,Yes
93512,No
93513,No
93514,Yes
93515,No
93516,No
93517,No
93518,Yes
93519,No
93520,Yes
93521,Yes
93522,Yes
93523,No
93524,Yes
93525,Yes
93526,No
93527,No
93528,Yes
93529,No
93530,No
93531,No
93532,No
93533,No
93534,No
93535,No
93536,No
93537,Yes
93538,No
93539,No
93540,Yes
93541,No
93542,No
93543,No
93544,No
93545,Yes
93546,Yes
93547,Yes
93548,No
93549,No
93550,No
93551,No
93552,No
93553,No
93554,No
93555,No
93556,No
93557,No
93558,No
93559,No
93560,Yes
93561,Yes
93562,Yes
93563,No
93564,No
93565,No
93566,Yes
93567,No
93568,No
93569,No
93570,No
93571,No
93572,No
93573,No
93574,Yes
93575,Yes
93576,No
93577,Yes
93578,No
93579,Yes
93580,No
93581,Yes
93582,No
93583,Yes
93584,Yes
93585,No
93586,No
93587,Yes
93588,Yes
93589,No
93590,No
93591,No
93592,Yes
93593,Yes
93594,No
93595,No
93596,No
93597,Yes
93598,No
93599,No
93600,No
93601,No
93602,Yes
93603,No
93604,No
93605,No
93606,Yes
93607,No
93608,No
93609,Yes
93610,Yes
93611,No
93612,No
93613,No
93614,No
93615,No
93616,No
93617,No
93618,Yes
93619,Yes
93620,Yes
93621,Yes
93622,No
93623,No
93624,Yes
93625,No
93626,No
93627,Yes
93628,No
93629,No
93630,No
93631,No
93632,No
93633,Yes
93634,No
93635,Yes
93636,No
93637,Yes
93638,Yes
93639,Yes
93640,Yes
93641,No
93642,No
93643,Yes
93644,No
93645,Yes
93646,Yes
93647,No
93648,No
93649,No
93650,No
93651,No
93652,No
93653,Yes
93654,Yes
93655,No
93656,No
93657,No
93658,Yes
93659,No
93660,Yes
93661,No
93662,Yes
93663,No
93664,No
93665,No
93666,No
93667,Yes
93668,No
93669,No
93670,Yes
93671,Yes
93672,No
93673,Yes
93674,Yes
93675,Yes
93676,Yes
93677,No
93678,Yes
93679,No
93680,No
93681,No
93682,No
93683,Yes
93684,Yes
93685,No
93686,Yes
93687,No
93688,No
93689,Yes
93690,Yes
93691,Yes
93692,No
93693,No
93694,No
93695,Yes
93696,No
93697,No
93698,No
93699,No
93700,No
93701,No
93702,No
93703,Yes
93704,No
93705,No
93706,No
93707,Yes
93708,No
93709,Yes
93710,No
93711,No
93712,Yes
93713,Yes
93714,Yes
93715,Yes
93716,No
93717,Yes
93718,Yes
93719,Yes
93720,Yes
93721,Yes
93722,Yes
93723,Yes
93724,Yes
93725,No
93726,No
93727,Yes
93728,No
93729,No
93730,No
93731,Yes
93732,Yes
93733,No
93734,No
93735,No
93736,No
93737,No
93738,No
93739,No
93740,Yes
93741,No
93742,No
93743,No
93744,Yes
93745,No
93746,Yes
93747,No
93748,No
93749,No
93750,No
93751,No
93752,Yes
93753,No
93754,No
93755,No
93756,No
93757,No
93758,No
93759,No
93760,Yes
93761,No
93762,Yes
93763,Yes
93764,No
93765,No
93766,No
93767,Yes
93768,No
93769,No
93770,No
93771,No
93772,No
93773,Yes
93774,No
93775,No
93776,No
93777,No
93778,No
93779,No
93780,No
93781,No
93782,No
93783,No
93784,Yes
93785,Yes
93786,No
93787,No
93788,No
93789,Yes
93790,No
93791,Yes
93792,No
93793,Yes
93794,No
93795,Yes
93796,No
93797,No
93798,Yes
93799,No
93800,No
93801,No
93802,Yes
93803,No
93804,Yes
93805,No
93806,Yes
93807,No
93808,No
93809,Yes
93810,No
93811,No
93812,Yes
93813,No
93814,No
93815,No
93816,No
93817,Yes
93818,No
93819,No
93820,Yes
93821,No
93822,No
93823,No
93824,Yes
93825,No
93826,No
93827,No
93828,No
93829,No
93830,No
93831,No
93832,Yes
93833,Yes
93834,No
93835,Yes
93836,No
93837,No
93838,No
93839,Yes
93840,Yes
93841,No
93842,No
93843,No
93844,Yes
93845,No
93846,No
93847,No
93848,No
93849,No
93850,No
93851,No
93852,No
93853,No
93854,Yes
93855,No
93856,No
93857,No
93858,No
93859,Yes
93860,No
93861,Yes
93862,No
93863,No
93864,Yes
93865,No
93866,No
93867,Yes
93868,Yes
93869,No
93870,No
93871,Yes
93872,No
93873,No
93874,Yes
93875,Yes
93876,Yes
93877,No
93878,No
93879,No
93880,Yes
93881,No
93882,No
93883,Yes
93884,Yes
93885,No
93886,Yes
93887,Yes
93888,No
93889,No
93890,Yes
93891,Yes
93892,Yes
93893,No
93894,Yes
93895,No
93896,No
93897,No
93898,Yes
93899,Yes
93900,No
93901,No
93902,No
93903,Yes
93904,No
93905,Yes
93906,Yes
93907,No
93908,No
93909,No
93910,No
93911,No
93912,No
93913,No
93914,Yes
93915,No
93916,Yes
93917,No
93918,Yes
93919,No
93920,Yes
93921,No
93922,Yes
93923,No
93924,Yes
93925,No
93926,No
93927,No
93928,Yes
93929,No
93930,No
93931,No
93932,No
93933,Yes
93934,Yes
93935,Yes
93936,No
93937,No
93938,No
93939,No
93940,Yes
93941,Yes
93942,No
93943,No
93944,No
93945,Yes
93946,Yes
93947,No
93948,No
93949,Yes
93950,Yes
93951,Yes
93952,Yes
93953,No
93954,No
93955,No
93956,Yes
93957,No
93958,Yes
93959,No
93960,Yes
93961,Yes
93962,No
93963,No
93964,No
93965,No
93966,No
93967,No
93968,Yes
93969,No
93970,No
93971,Yes
93972,Yes
93973,No
93974,No
93975,No
93976,Yes
93977,No
93978,Yes
93979,No
93980,Yes
93981,No
93982,No
93983,Yes
93984,No
93985,No
93986,No
93987,No
93988,No
93989,No
93990,No
93991,Yes
93992,No
93993,Yes
93994,Yes
93995,No
93996,No
93997,No
93998,No
93999,No
94000,Yes
94001,Yes
94002,No
94003,No
94004,No
94005,Yes
94006,Yes
94007,Yes
94008,No
94009,No
94010,No
94011,No
94012,Yes
94013,No
94014,Yes
94015,Yes
94016,No
94017,Yes
94018,Yes
94019,Yes
94020,No
94021,No
94022,No
94023,No
94024,Yes
94025,Yes
94026,No
94027,Yes
94028,Yes
94029,Yes
94030,Yes
94031,No
94032,Yes
94033,No
94034,Yes
94035,No
94036,No
94037,Yes
94038,No
94039,Yes
94040,Yes
94041,No
94042,No
94043,No
94044,No
94045,Yes
94046,No
94047,No
94048,No
94049,No
94050,Yes
94051,No
94052,No
94053,Yes
94054,No
94055,Yes
94056,Yes
94057,Yes
94058,Yes
94059,No
94060,Yes
94061,No
94062,No
94063,No
94064,No
94065,No
94066,No
94067,No
94068,No
94069,No
94070,No
94071,No
94072,Yes
94073,No
94074,No
94075,No
94076,Yes
94077,No
94078,No
94079,No
94080,No
94081,No
94082,No
94083,No
94084,No
94085,No
94086,No
94087,Yes
94088,No
94089,Yes
94090,Yes
94091,No
94092,Yes
94093,Yes
94094,Yes
94095,Yes
94096,No
94097,No
94098,No
94099,No
94100,No
94101,Yes
94102,No
94103,No
94104,Yes
94105,No
94106,No
94107,No
94108,No
94109,No
94110,No
94111,Yes
94112,Yes
94113,Yes
94114,No
94115,Yes
94116,No
94117,No
94118,No
94119,No
94120,No
94121,Yes
94122,Yes
94123,Yes
94124,No
94125,No
94126,No
94127,Yes
94128,No
94129,Yes
94130,No
94131,No
94132,No
94133,No
94134,No
94135,Yes
94136,No
94137,Yes
94138,No
94139,No
94140,No
94141,No
94142,Yes
94143,Yes
94144,No
94145,No
94146,No
94147,Yes
94148,No
94149,No
94150,Yes
94151,No
94152,No
94153,Yes
94154,Yes
94155,No
94156,No
94157,No
94158,No
94159,No
94160,Yes
94161,No
94162,Yes
94163,No
94164,Yes
94165,No
94166,Yes
94167,No
94168,No
94169,No
94170,Yes
94171,No
94172,Yes
94173,No
94174,Yes
94175,No
94176,Yes
94177,No
94178,No
94179,Yes
94180,No
94181,No
94182,No
94183,Yes
94184,No
94185,Yes
94186,Yes
94187,No
94188,No
94189,No
94190,No
94191,No
94192,Yes
94193,Yes
94194,Yes
94195,No
94196,No
94197,No
94198,No
94199,No
94200,No
94201,No
94202,Yes
94203,No
94204,Yes
94205,No
94206,No
94207,No
94208,Yes
94209,Yes
94210,Yes
94211,No
94212,No
94213,No
94214,Yes
94215,Yes
94216,No
94217,No
94218,Yes
94219,Yes
94220,No
94221,No
94222,No
94223,Yes
94224,No
94225,Yes
94226,Yes
94227,Yes
94228,Yes
94229,No
94230,No
94231,No
94232,No
94233,No
94234,No
94235,Yes
94236,Yes
94237,Yes
94238,Yes
94239,Yes
94240,Yes
94241,No
94242,No
94243,Yes
94244,Yes
94245,No
94246,No
94247,No
94248,No
94249,No
94250,No
94251,No
94252,No
94253,No
94254,No
94255,No
94256,Yes
94257,No
94258,No
94259,No
94260,Yes
94261,No
94262,Yes
94263,No
94264,No
94265,Yes
94266,Yes
94267,Yes
94268,No
94269,No
94270,Yes
94271,No
94272,Yes
94273,Yes
94274,Yes
94275,No
94276,Yes
94277,No
94278,No
94279,No
94280,Yes
94281,Yes
94282,No
94283,No
94284,No
94285,Yes
94286,No
94287,Yes
94288,Yes
94289,No
94290,No
94291,Yes
94292,No
94293,No
94294,Yes
94295,Yes
94296,No
94297,No
94298,Yes
94299,No
94300,No
94301,Yes
94302,No
94303,Yes
94304,No
94305,No
94306,No
94307,No
94308,No
94309,Yes
94310,No
94311,Yes
94312,Yes
94313,Yes
94314,No
94315,Yes
94316,No
94317,No
94318,Yes
94319,No
94320,No
94321,No
94322,Yes
94323,No
94324,No
94325,No
94326,Yes
94327,Yes
94328,No
94329,Yes
94330,No
94331,Yes
94332,No
94333,Yes
94334,No
94335,No
94336,Yes
94337,No
94338,No
94339,No
94340,Yes
94341,No
94342,No
94343,Yes
94344,Yes
94345,Yes
94346,Yes
94347,No
94348,No
94349,No
94350,No
94351,No
94352,No
94353,No
94354,No
94355,No
94356,Yes
94357,Yes
94358,Yes
94359,No
94360,No
94361,Yes
94362,Yes
94363,No
94364,Yes
94365,Yes
94366,No
94367,Yes
94368,No
94369,No
94370,No
94371,No
94372,Yes
94373,No
94374,No
94375,No
94376,Yes
94377,No
94378,No
94379,No
94380,Yes
94381,No
94382,No
94383,No
94384,Yes
94385,No
94386,Yes
94387,No
94388,No
94389,Yes
94390,No
94391,No
94392,Yes
94393,No
94394,Yes
94395,No
94396,No
94397,No
94398,No
94399,Yes
94400,Yes
94401,No
94402,No
94403,No
94404,No
94405,Yes
94406,No
94407,No
94408,No
94409,Yes
94410,Yes
94411,Yes
94412,Yes
94413,No
94414,No
94415,No
94416,Yes
94417,No
94418,No
94419,No
94420,No
94421,No
94422,No
94423,No
94424,Yes
94425,No
94426,No
94427,No
94428,No
94429,Yes
94430,No
94431,No
94432,No
94433,No
94434,Yes
94435,Yes
94436,No
94437,No
94438,Yes
94439,No
94440,Yes
94441,No
94442,No
94443,No
94444,No
94445,Yes
94446,No
94447,No
94448,No
94449,Yes
94450,No
94451,Yes
94452,Yes
94453,No
94454,No
94455,No
94456,Yes
94457,No
94458,No
94459,Yes
94460,No
94461,Yes
94462,No
94463,No
94464,No
94465,Yes
94466,Yes
94467,No
94468,Yes
94469,Yes
94470,No
94471,Yes
94472,Yes
94473,No
94474,No
94475,No
94476,Yes
94477,No
94478,No
94479,No
94480,Yes
94481,No
94482,No
94483,No
94484,No
94485,Yes
94486,Yes
94487,Yes
94488,No
94489,No
94490,No
94491,Yes
94492,Yes
94493,Yes
94494,Yes
94495,No
94496,No
94497,No
94498,No
94499,No
94500,No
94501,No
94502,No
94503,No
94504,No
94505,Yes
94506,No
94507,No
94508,Yes
94509,No
94510,No
94511,No
94512,Yes
94513,No
94514,Yes
94515,Yes
94516,No
94517,Yes
94518,No
94519,No
94520,No
94521,No
94522,Yes
94523,No
94524,Yes
94525,No
94526,No
94527,Yes
94528,No
94529,Yes
94530,No
94531,Yes
94532,No
94533,No
94534,Yes
94535,No
94536,Yes
94537,No
94538,No
94539,Yes
94540,No
94541,Yes
94542,No
94543,No
94544,No
94545,No
94546,No
94547,Yes
94548,No
94549,No
94550,Yes
94551,No
94552,No
94553,Yes
94554,No
94555,Yes
94556,No
94557,No
94558,Yes
94559,No
94560,Yes
94561,Yes
94562,Yes
94563,Yes
94564,No
94565,No
94566,Yes
94567,No
94568,No
94569,Yes
94570,No
94571,No
94572,No
94573,Yes
94574,Yes
94575,Yes
94576,Yes
94577,No
94578,Yes
94579,No
94580,No
94581,Yes
94582,Yes
94583,No
94584,No
94585,Yes
94586,Yes
94587,No
94588,No
94589,No
94590,No
94591,No
94592,No
94593,No
94594,Yes
94595,No
94596,No
94597,No
94598,No
94599,No
94600,Yes
94601,No
94602,Yes
94603,No
94604,No
94605,Yes
94606,No
94607,Yes
94608,Yes
94609,No
94610,No
94611,No
94612,Yes
94613,No
94614,No
94615,No
94616,No
94617,No
94618,Yes
94619,Yes
94620,No
94621,No
94622,Yes
94623,No
94624,No
94625,No
94626,No
94627,No
94628,No
94629,No
94630,No
94631,No
94632,Yes
94633,No
94634,Yes
94635,Yes
94636,No
94637,No
94638,Yes
94639,No
94640,Yes
94641,No
94642,No
94643,No
94644,Yes
94645,Yes
94646,Yes
94647,No
94648,No
94649,No
94650,Yes
94651,No
94652,Yes
94653,No
94654,Yes
94655,No
94656,No
94657,Yes
94658,Yes
94659,No
94660,No
94661,No
94662,No
94663,No
94664,No
94665,Yes
94666,No
94667,Yes
94668,No
94669,Yes
94670,Yes
94671,Yes
94672,No
94673,Yes
94674,No
94675,No
94676,No
94677,No
94678,Yes
94679,Yes
94680,No
94681,No
94682,Yes
94683,Yes
94684,Yes
94685,No
94686,No
94687,No
94688,Yes
94689,No
94690,No
94691,No
94692,No
94693,No
94694,No
94695,Yes
94696,No
94697,No
94698,No
94699,No
94700,No
94701,Yes
94702,No
94703,No
94704,No
94705,No
94706,Yes
94707,No
94708,Yes
94709,No
94710,No
94711,No
94712,No
94713,No
94714,Yes
94715,No
94716,Yes
94717,No
94718,Yes
94719,Yes
94720,No
94721,No
94722,No
94723,Yes
94724,Yes
94725,No
94726,No
94727,Yes
94728,No
94729,Yes
94730,No
94731,Yes
94732,No
94733,No
94734,Yes
94735,Yes
94736,No
94737,No
94738,No
94739,Yes
94740,Yes
94741,No
94742,No
94743,No
94744,No
94745,No
94746,No
94747,Yes
94748,Yes
94749,No
94750,No
94751,No
94752,No
94753,Yes
94754,No
94755,No
94756,Yes
94757,Yes
94758,No
94759,Yes
94760,No
94761,No
94762,Yes
94763,No
94764,No
94765,No
94766,Yes
94767,No
94768,No
94769,No
94770,Yes
94771,No
94772,Yes
94773,No
94774,Yes
94775,Yes
94776,Yes
94777,No
94778,No
94779,No
94780,Yes
94781,No
94782,Yes
94783,No
94784,Yes
94785,Yes
94786,No
94787,No
94788,Yes
94789,Yes
94790,No
94791,No
94792,No
94793,No
94794,Yes
94795,No
94796,No
94797,No
94798,No
94799,Yes
94800,Yes
94801,Yes
94802,Yes
94803,No
94804,Yes
94805,Yes
94806,No
94807,Yes
94808,Yes
94809,No
94810,No
94811,No
94812,No
94813,No
94814,No
94815,No
94816,Yes
94817,No
94818,No
94819,Yes
94820,No
94821,No
94822,No
94823,No
94824,No
94825,Yes
94826,No
94827,No
94828,No
94829,No
94830,No
94831,No
94832,No
94833,Yes
94834,Yes
94835,Yes
94836,No
94837,Yes
94838,No
94839,No
94840,No
94841,Yes
94842,No
94843,Yes
94844,No
94845,No
94846,Yes
94847,No
94848,Yes
94849,Yes
94850,No
94851,No
94852,Yes
94853,Yes
94854,Yes
94855,Yes
94856,No
94857,No
94858,No
94859,Yes
94860,Yes
94861,No
94862,No
94863,No
94864,No
94865,No
94866,Yes
94867,Yes
94868,Yes
94869,No
94870,No
94871,No
94872,Yes
94873,Yes
94874,Yes
94875,Yes
94876,No
94877,Yes
94878,No
94879,No
94880,No
94881,No
94882,Yes
94883,No
94884,Yes
94885,Yes
94886,Yes
94887,No
94888,Yes
94889,Yes
94890,No
94891,Yes
94892,No
94893,No
94894,No
94895,Yes
94896,Yes
94897,Yes
94898,No
94899,No
94900,Yes
94901,No
94902,Yes
94903,No
94904,No
94905,No
94906,No
94907,Yes
94908,No
94909,No
94910,No
94911,No
94912,Yes
94913,Yes
94914,No
94915,Yes
94916,Yes
94917,No
94918,No
94919,No
94920,No
94921,No
94922,No
94923,Yes
94924,Yes
94925,No
94926,No
94927,No
94928,No
94929,No
94930,No
94931,No
94932,Yes
94933,No
94934,No
94935,No
94936,Yes
94937,Yes
94938,No
94939,No
94940,No
94941,No
94942,Yes
94943,No
94944,No
94945,Yes
94946,Yes
94947,No
94948,No
94949,No
94950,No
94951,No
94952,No
94953,Yes
94954,No
94955,Yes
94956,No
94957,Yes
94958,No
94959,Yes
94960,No
94961,No
94962,No
94963,No
94964,Yes
94965,No
94966,Yes
94967,No
94968,Yes
94969,Yes
94970,No
94971,No
94972,Yes
94973,No
94974,Yes
94975,No
94976,No
94977,No
94978,No
94979,No
94980,No
94981,No
94982,Yes
94983,No
94984,No
94985,No
94986,No
94987,Yes
94988,No
94989,No
94990,No
94991,Yes
94992,No
94993,Yes
94994,No
94995,No
94996,No
94997,Yes
94998,No
94999,Yes
95000,No
95001,Yes
95002,Yes
95003,No
95004,No
95005,No
95006,Yes
95007,Yes
95008,Yes
95009,Yes
95010,No
95011,No
95012,Yes
95013,Yes
95014,No
95015,Yes
95016,No
95017,Yes
95018,No
95019,No
95020,Yes
95021,Yes
95022,No
95023,Yes
95024,Yes
95025,No
95026,Yes
95027,No
95028,Yes
95029,No
95030,Yes
95031,No
95032,No
95033,Yes
95034,Yes
95035,No
95036,Yes
95037,No
95038,No
95039,No
95040,No
95041,Yes
95042,No
95043,No
95044,No
95045,No
95046,Yes
95047,No
95048,Yes
95049,Yes
95050,No
95051,Yes
95052,Yes
95053,Yes
95054,No
95055,Yes
95056,No
95057,No
95058,Yes
95059,Yes
95060,Yes
95061,No
95062,No
95063,Yes
95064,No
95065,Yes
95066,No
95067,Yes
95068,Yes
95069,Yes
95070,Yes
95071,No
95072,No
95073,No
95074,No
95075,No
95076,No
95077,No
95078,No
95079,No
95080,No
95081,No
95082,No
95083,Yes
95084,Yes
95085,Yes
95086,No
95087,No
95088,Yes
95089,Yes
95090,Yes
95091,No
95092,No
95093,Yes
95094,No
95095,No
95096,Yes
95097,No
95098,No
95099,No
95100,No
95101,Yes
95102,Yes
95103,Yes
95104,No
95105,No
95106,No
95107,No
95108,No
95109,Yes
95110,Yes
95111,Yes
95112,Yes
95113,No
95114,No
95115,No
95116,No
95117,Yes
95118,No
95119,Yes
95120,No
95121,No
95122,Yes
95123,Yes
95124,No
95125,Yes
95126,Yes
95127,Yes
95128,No
95129,Yes
95130,Yes
95131,No
95132,No
95133,No
95134,Yes
95135,No
95136,Yes
95137,No
95138,No
95139,No
95140,No
95141,No
95142,No
95143,Yes
95144,Yes
95145,Yes
95146,Yes
95147,No
95148,Yes
95149,Yes
95150,No
95151,Yes
95152,No
95153,No
95154,Yes
95155,No
95156,No
95157,Yes
95158,No
95159,No
95160,No
95161,No
95162,No
95163,No
95164,Yes
95165,Yes
95166,No
95167,Yes
95168,Yes
95169,Yes
95170,Yes
95171,Yes
95172,No
95173,Yes
95174,No
95175,No
95176,No
95177,No
95178,No
95179,Yes
95180,Yes
95181,No
95182,No
95183,Yes
95184,No
95185,No
95186,Yes
95187,No
95188,Yes
95189,Yes
95190,Yes
95191,Yes
95192,No
95193,Yes
95194,No
95195,Yes
95196,No
95197,No
95198,No
95199,No
95200,No
95201,No
95202,Yes
95203,Yes
95204,No
95205,No
95206,No
95207,No
95208,No
95209,Yes
95210,Yes
95211,No
95212,Yes
95213,Yes
95214,No
95215,Yes
95216,No
95217,Yes
95218,No
95219,No
95220,No
95221,Yes
95222,No
95223,No
95224,No
95225,No
95226,No
95227,No
95228,No
95229,No
95230,No
95231,Yes
95232,Yes
95233,Yes
95234,Yes
95235,No
95236,Yes
95237,Yes
95238,No
95239,No
95240,No
95241,No
95242,No
95243,No
95244,Yes
95245,No
95246,Yes
95247,Yes
95248,No
95249,Yes
95250,No
95251,No
95252,No
95253,No
95254,No
95255,Yes
95256,No
95257,Yes
95258,Yes
95259,Yes
95260,No
95261,No
95262,No
95263,Yes
95264,No
95265,Yes
95266,No
95267,Yes
95268,Yes
95269,No
95270,Yes
95271,Yes
95272,No
95273,Yes
95274,Yes
95275,Yes
95276,No
95277,Yes
95278,No
95279,Yes
95280,No
95281,Yes
95282,Yes
95283,No
95284,No
95285,No
95286,Yes
95287,No
95288,No
95289,No
95290,No
95291,Yes
95292,No
95293,No
95294,No
95295,Yes
95296,Yes
95297,No
95298,No
95299,No
95300,No
95301,Yes
95302,Yes
95303,Yes
95304,Yes
95305,No
95306,Yes
95307,No
95308,No
95309,No
95310,No
95311,No
95312,No
95313,Yes
95314,No
95315,No
95316,Yes
95317,No
95318,Yes
95319,No
95320,Yes
95321,No
95322,No
95323,No
95324,No
95325,Yes
95326,No
95327,Yes
95328,No
95329,No
95330,No
95331,No
95332,No
95333,Yes
95334,Yes
95335,No
95336,No
95337,No
95338,No
95339,No
95340,No
95341,No
95342,Yes
95343,Yes
95344,No
95345,Yes
95346,No
95347,No
95348,Yes
95349,No
95350,Yes
95351,Yes
95352,No
95353,Yes
95354,Yes
95355,Yes
95356,Yes
95357,No
95358,Yes
95359,Yes
95360,No
95361,No
95362,No
95363,No
95364,Yes
95365,No
95366,No
95367,No
95368,No
95369,No
95370,No
95371,Yes
95372,No
95373,No
95374,No
95375,Yes
95376,No
95377,Yes
95378,Yes
95379,No
95380,Yes
95381,No
95382,Yes
95383,Yes
95384,Yes
95385,Yes
95386,Yes
95387,No
95388,No
95389,No
95390,No
95391,No
95392,No
95393,No
95394,No
95395,Yes
95396,No
95397,Yes
95398,Yes
95399,No
95400,Yes
95401,Yes
95402,No
95403,No
95404,No
95405,Yes
95406,No
95407,Yes
95408,No
95409,Yes
95410,No
95411,No
95412,No
95413,Yes
95414,Yes
95415,No
95416,No
95417,No
95418,Yes
95419,No
95420,Yes
95421,No
95422,No
95423,No
95424,No
95425,Yes
95426,No
95427,No
95428,Yes
95429,No
95430,No
95431,No
95432,No
95433,No
95434,Yes
95435,Yes
95436,No
95437,Yes
95438,No
95439,No
95440,No
95441,No
95442,Yes
95443,No
95444,No
95445,Yes
95446,Yes
95447,Yes
95448,No
95449,No
95450,No
95451,Yes
95452,No
95453,No
95454,Yes
95455,No
95456,No
95457,Yes
95458,Yes
95459,Yes
95460,No
95461,No
95462,Yes
95463,No
95464,No
95465,Yes
95466,Yes
95467,No
95468,No
95469,No
95470,No
95471,No
95472,Yes
95473,Yes
95474,No
95475,Yes
95476,No
95477,No
95478,Yes
95479,No
95480,Yes
95481,No
95482,No
95483,No
95484,No
95485,No
95486,No
95487,No
95488,Yes
95489,Yes
95490,Yes
95491,No
95492,No
95493,Yes
95494,No
95495,No
95496,Yes
95497,No
95498,No
95499,No
95500,Yes
95501,Yes
95502,No
95503,No
95504,Yes
95505,No
95506,No
95507,No
95508,No
95509,No
95510,No
95511,Yes
95512,No
95513,No
95514,No
95515,Yes
95516,No
95517,Yes
95518,No
95519,No
95520,Yes
95521,No
95522,No
95523,Yes
95524,No
95525,No
95526,Yes
95527,No
95528,No
95529,Yes
95530,Yes
95531,Yes
95532,No
95533,No
95534,No
95535,Yes
95536,Yes
95537,Yes
95538,No
95539,Yes
95540,Yes
95541,Yes
95542,No
95543,No
95544,Yes
95545,No
95546,Yes
95547,No
95548,No
95549,Yes
95550,Yes
95551,Yes
95552,No
95553,No
95554,Yes
95555,No
95556,No
95557,Yes
95558,Yes
95559,Yes
95560,Yes
95561,No
95562,No
95563,No
95564,No
95565,No
95566,Yes
95567,No
95568,No
95569,No
95570,Yes
95571,Yes
95572,No
95573,Yes
95574,No
95575,Yes
95576,No
95577,Yes
95578,No
95579,No
95580,Yes
95581,No
95582,Yes
95583,No
95584,Yes
95585,Yes
95586,Yes
95587,Yes
95588,No
95589,No
95590,Yes
95591,No
95592,No
95593,No
95594,Yes
95595,Yes
95596,No
95597,No
95598,No
95599,Yes
95600,No
95601,No
95602,No
95603,No
95604,Yes
95605,No
95606,No
95607,No
95608,No
95609,Yes
95610,No
95611,No
95612,Yes
95613,No
95614,No
95615,No
95616,No
95617,Yes
95618,No
95619,No
95620,No
95621,No
95622,No
95623,No
95624,No
95625,No
95626,Yes
95627,Yes
95628,No
95629,No
95630,No
95631,No
95632,Yes
95633,Yes
95634,No
95635,No
95636,Yes
95637,No
95638,No
95639,No
95640,No
95641,Yes
95642,Yes
95643,No
95644,No
95645,Yes
95646,Yes
95647,Yes
95648,No
95649,Yes
95650,Yes
95651,No
95652,No
95653,No
95654,No
95655,No
95656,Yes
95657,No
95658,No
95659,No
95660,Yes
95661,No
95662,No
95663,No
95664,No
95665,No
95666,No
95667,Yes
95668,Yes
95669,No
95670,No
95671,No
95672,No
95673,Yes
95674,No
95675,Yes
95676,No
95677,No
95678,No
95679,No
95680,Yes
95681,Yes
95682,Yes
95683,Yes
95684,No
95685,No
95686,No
95687,Yes
95688,No
95689,No
95690,No
95691,No
95692,No
95693,No
95694,No
95695,Yes
95696,Yes
95697,No
95698,Yes
95699,No
95700,Yes
95701,No
95702,No
95703,Yes
95704,Yes
95705,No
95706,No
95707,No
95708,Yes
95709,No
95710,No
95711,No
95712,No
95713,No
95714,No
95715,No
95716,No
95717,Yes
95718,Yes
95719,No
95720,No
95721,No
95722,Yes
95723,No
95724,No
95725,No
95726,Yes
95727,No
95728,Yes
95729,No
95730,Yes
95731,Yes
95732,No
95733,No
95734,Yes
95735,No
95736,Yes
95737,Yes
95738,No
95739,Yes
95740,No
95741,Yes
95742,No
95743,Yes
95744,No
95745,No
95746,No
95747,Yes
95748,No
95749,No
95750,Yes
95751,No
95752,Yes
95753,Yes
95754,No
95755,No
95756,Yes
95757,No
95758,Yes
95759,No
95760,Yes
95761,No
95762,Yes
95763,No
95764,Yes
95765,No
95766,No
95767,No
95768,Yes
95769,No
95770,Yes
95771,Yes
95772,Yes
95773,No
95774,Yes
95775,No
95776,No
95777,No
95778,No
95779,No
95780,No
95781,Yes
95782,Yes
95783,Yes
95784,No
95785,Yes
95786,Yes
95787,No
95788,Yes
95789,Yes
95790,No
95791,No
95792,No
95793,No
95794,No
95795,No
95796,No
95797,Yes
95798,Yes
95799,Yes
95800,Yes
95801,No
95802,No
95803,No
95804,No
95805,Yes
95806,Yes
95807,Yes
95808,Yes
95809,No
95810,Yes
95811,No
95812,No
95813,No
95814,Yes
95815,No
95816,No
95817,Yes
95818,Yes
95819,No
95820,No
95821,Yes
95822,No
95823,No
95824,No
95825,No
95826,No
95827,Yes
95828,No
95829,No
95830,No
95831,No
95832,Yes
95833,Yes
95834,Yes
95835,No
95836,No
95837,No
95838,Yes
95839,No
95840,No
95841,No
95842,Yes
95843,Yes
95844,Yes
95845,No
95846,Yes
95847,Yes
95848,Yes
95849,No
95850,Yes
95851,No
95852,No
95853,Yes
95854,Yes
95855,No
95856,No
95857,Yes
95858,Yes
95859,No
95860,No
95861,Yes
95862,No
95863,Yes
95864,No
95865,No
95866,No
95867,No
95868,No
95869,No
95870,No
95871,Yes
95872,No
95873,No
95874,No
95875,Yes
95876,No
95877,No
95878,No
95879,No
95880,Yes
95881,Yes
95882,No
95883,No
95884,No
95885,Yes
95886,No
95887,No
95888,No
95889,No
95890,No
95891,No
95892,No
95893,Yes
95894,No
95895,No
95896,No
95897,No
95898,Yes
95899,No
95900,No
95901,No
95902,Yes
95903,No
95904,Yes
95905,Yes
95906,Yes
95907,Yes
95908,No
95909,No
95910,Yes
95911,Yes
95912,Yes
95913,No
95914,No
95915,No
95916,No
95917,No
95918,No
95919,No
95920,No
95921,No
95922,Yes
95923,Yes
95924,No
95925,No
95926,Yes
95927,No
95928,No
95929,No
95930,No
95931,Yes
95932,Yes
95933,Yes
95934,No
95935,No
95936,No
95937,No
95938,No
95939,Yes
95940,No
95941,No
95942,No
95943,No
95944,Yes
95945,No
95946,Yes
95947,Yes
95948,No
95949,No
95950,Yes
95951,No
95952,No
95953,No
95954,Yes
95955,No
95956,Yes
95957,No
95958,No
95959,No
95960,Yes
95961,No
95962,Yes
95963,Yes
95964,No
95965,Yes
95966,Yes
95967,Yes
95968,No
95969,Yes
95970,Yes
95971,Yes
95972,No
95973,Yes
95974,No
95975,No
95976,No
95977,Yes
95978,No
95979,No
95980,No
95981,No
95982,Yes
95983,No
95984,No
95985,No
95986,Yes
95987,No
95988,Yes
95989,Yes
95990,Yes
95991,Yes
95992,No
95993,No
95994,No
95995,No
95996,Yes
95997,No
95998,Yes
95999,No
96000,No
96001,No
96002,No
96003,Yes
96004,No
96005,No
96006,No
96007,Yes
96008,No
96009,Yes
96010,Yes
96011,No
96012,Yes
96013,No
96014,No
96015,No
96016,No
96017,Yes
96018,No
96019,No
96020,No
96021,No
96022,No
96023,No
96024,Yes
96025,Yes
96026,Yes
96027,Yes
96028,Yes
96029,Yes
96030,Yes
96031,Yes
96032,Yes
96033,No
96034,Yes
96035,No
96036,No
96037,Yes
96038,No
96039,No
96040,No
96041,Yes
96042,No
96043,Yes
96044,Yes
96045,Yes
96046,No
96047,Yes
96048,No
96049,Yes
96050,No
96051,Yes
96052,Yes
96053,No
96054,No
96055,No
96056,No
96057,No
96058,Yes
96059,No
96060,Yes
96061,Yes
96062,Yes
96063,Yes
96064,Yes
96065,Yes
96066,No
96067,No
96068,Yes
96069,Yes
96070,Yes
96071,No
96072,Yes
96073,No
96074,No
96075,Yes
96076,No
96077,Yes
96078,No
96079,Yes
96080,Yes
96081,Yes
96082,Yes
96083,No
96084,Yes
96085,Yes
96086,No
96087,No
96088,Yes
96089,No
96090,No
96091,No
96092,No
96093,Yes
96094,No
96095,No
96096,No
96097,Yes
96098,Yes
96099,Yes
96100,No
96101,Yes
96102,No
96103,No
96104,Yes
96105,No
96106,No
96107,Yes
96108,No
96109,Yes
96110,No
96111,No
96112,No
96113,No
96114,Yes
96115,No
96116,No
96117,Yes
96118,No
96119,Yes
96120,Yes
96121,Yes
96122,Yes
96123,Yes
96124,Yes
96125,Yes
96126,No
96127,Yes
96128,Yes
96129,No
96130,Yes
96131,Yes
96132,Yes
96133,Yes
96134,No
96135,No
96136,No
96137,No
96138,Yes
96139,Yes
96140,No
96141,No
96142,No
96143,No
96144,No
96145,No
96146,Yes
96147,No
96148,Yes
96149,Yes
96150,Yes
96151,No
96152,No
96153,Yes
96154,Yes
96155,No
96156,No
96157,Yes
96158,No
96159,Yes
96160,No
96161,No
96162,Yes
96163,No
96164,No
96165,Yes
96166,Yes
96167,No
96168,No
96169,No
96170,No
96171,No
96172,No
96173,No
96174,Yes
96175,No
96176,No
96177,Yes
96178,No
96179,Yes
96180,No
96181,No
96182,No
96183,No
96184,Yes
96185,No
96186,No
96187,Yes
96188,No
96189,Yes
96190,No
96191,No
96192,No
96193,No
96194,No
96195,No
96196,No
96197,No
96198,No
96199,No
96200,No
96201,No
96202,No
96203,No
96204,No
96205,Yes
96206,No
96207,No
96208,Yes
96209,No
96210,Yes
96211,No
96212,No
96213,Yes
96214,No
96215,No
96216,No
96217,No
96218,No
96219,Yes
96220,No
96221,Yes
96222,Yes
96223,No
96224,No
96225,No
96226,No
96227,Yes
96228,No
96229,No
96230,Yes
96231,Yes
96232,No
96233,Yes
96234,Yes
96235,Yes
96236,Yes
96237,Yes
96238,Yes
96239,No
96240,Yes
96241,No
96242,No
96243,No
96244,No
96245,Yes
96246,Yes
96247,Yes
96248,No
96249,No
96250,No
96251,No
96252,Yes
96253,No
96254,Yes
96255,No
96256,Yes
96257,Yes
96258,Yes
96259,No
96260,No
96261,No
96262,No
96263,No
96264,No
96265,Yes
96266,Yes
96267,No
96268,Yes
96269,Yes
96270,No
96271,No
96272,Yes
96273,No
96274,Yes
96275,Yes
96276,No
96277,No
96278,No
96279,No
96280,Yes
96281,Yes
96282,No
96283,No
96284,No
96285,No
96286,Yes
96287,No
96288,No
96289,No
96290,Yes
96291,No
96292,Yes
96293,No
96294,Yes
96295,No
96296,No
96297,No
96298,Yes
96299,No
96300,No
96301,Yes
96302,No
96303,Yes
96304,No
96305,No
96306,No
96307,No
96308,No
96309,Yes
96310,No
96311,Yes
96312,No
96313,No
96314,No
96315,No
96316,Yes
96317,Yes
96318,No
96319,Yes
96320,No
96321,No
96322,Yes
96323,No
96324,Yes
96325,Yes
96326,No
96327,No
96328,No
96329,No
96330,Yes
96331,No
96332,No
96333,No
96334,No
96335,Yes
96336,Yes
96337,Yes
96338,Yes
96339,Yes
96340,Yes
96341,No
96342,Yes
96343,Yes
96344,No
96345,Yes
96346,Yes
96347,No
96348,No
96349,No
96350,No
96351,No
96352,No
96353,No
96354,No
96355,Yes
96356,No
96357,No
96358,No
96359,Yes
96360,No
96361,No
96362,Yes
96363,Yes
96364,No
96365,Yes
96366,No
96367,Yes
96368,Yes
96369,Yes
96370,No
96371,No
96372,Yes
96373,No
96374,Yes
96375,No
96376,Yes
96377,No
96378,No
96379,No
96380,No
96381,No
96382,No
96383,Yes
96384,No
96385,No
96386,No
96387,Yes
96388,Yes
96389,No
96390,No
96391,No
96392,Yes
96393,Yes
96394,No
96395,No
96396,Yes
96397,No
96398,Yes
96399,Yes
96400,No
96401,Yes
96402,Yes
96403,No
96404,No
96405,No
96406,No
96407,Yes
96408,Yes
96409,Yes
96410,Yes
96411,Yes
96412,No
96413,No
96414,No
96415,Yes
96416,Yes
96417,No
96418,No
96419,Yes
96420,No
96421,No
96422,Yes
96423,No
96424,No
96425,Yes
96426,Yes
96427,No
96428,No
96429,No
96430,No
96431,Yes
96432,Yes
96433,Yes
96434,No
96435,No
96436,Yes
96437,Yes
96438,No
96439,Yes
96440,No
96441,No
96442,Yes
96443,Yes
96444,No
96445,No
96446,No
96447,Yes
96448,Yes
96449,Yes
96450,No
96451,Yes
96452,No
96453,No
96454,Yes
96455,Yes
96456,No
96457,No
96458,Yes
96459,No
96460,No
96461,No
96462,No
96463,No
96464,Yes
96465,Yes
96466,No
96467,No
96468,No
96469,No
96470,Yes
96471,Yes
96472,Yes
96473,Yes
96474,Yes
96475,No
96476,No
96477,No
96478,No
96479,No
96480,No
96481,No
96482,Yes
96483,No
96484,Yes
96485,No
96486,Yes
96487,No
96488,Yes
96489,Yes
96490,No
96491,Yes
96492,No
96493,Yes
96494,Yes
96495,Yes
96496,Yes
96497,No
96498,Yes
96499,No
96500,Yes
96501,No
96502,No
96503,No
96504,Yes
96505,No
96506,No
96507,Yes
96508,No
96509,No
96510,Yes
96511,Yes
96512,No
96513,No
96514,No
96515,Yes
96516,No
96517,Yes
96518,No
96519,Yes
96520,No
96521,Yes
96522,No
96523,No
96524,Yes
96525,Yes
96526,No
96527,Yes
96528,Yes
96529,No
96530,No
96531,No
96532,No
96533,No
96534,No
96535,No
96536,Yes
96537,No
96538,Yes
96539,No
96540,Yes
96541,Yes
96542,Yes
96543,No
96544,No
96545,No
96546,No
96547,No
96548,No
96549,No
96550,No
96551,No
96552,No
96553,No
96554,Yes
96555,Yes
96556,No
96557,No
96558,No
96559,No
96560,Yes
96561,Yes
96562,No
96563,No
96564,Yes
96565,No
96566,Yes
96567,No
96568,No
96569,No
96570,No
96571,No
96572,Yes
96573,Yes
96574,No
96575,No
96576,No
96577,No
96578,No
96579,No
96580,No
96581,No
96582,Yes
96583,No
96584,Yes
96585,No
96586,No
96587,Yes
96588,Yes
96589,No
96590,No
96591,Yes
96592,Yes
96593,Yes
96594,No
96595,Yes
96596,No
96597,Yes
96598,Yes
96599,Yes
96600,No
96601,No
96602,No
96603,No
96604,No
96605,No
96606,Yes
96607,Yes
96608,No
96609,No
96610,No
96611,No
96612,No
96613,No
96614,No
96615,No
96616,Yes
96617,Yes
96618,No
96619,Yes
96620,Yes
96621,Yes
96622,Yes
96623,Yes
96624,No
96625,Yes
96626,Yes
96627,No
96628,Yes
96629,No
96630,No
96631,No
96632,No
96633,No
96634,No
96635,No
96636,No
96637,Yes
96638,Yes
96639,Yes
96640,No
96641,Yes
96642,No
96643,Yes
96644,No
96645,No
96646,No
96647,No
96648,No
96649,Yes
96650,Yes
96651,No
96652,Yes
96653,Yes
96654,No
96655,No
96656,No
96657,Yes
96658,No
96659,Yes
96660,No
96661,No
96662,No
96663,Yes
96664,No
96665,Yes
96666,Yes
96667,Yes
96668,Yes
96669,No
96670,Yes
96671,No
96672,No
96673,No
96674,No
96675,No
96676,Yes
96677,Yes
96678,No
96679,Yes
96680,Yes
96681,No
96682,No
96683,No
96684,No
96685,Yes
96686,No
96687,No
96688,Yes
96689,Yes
96690,No
96691,No
96692,No
96693,No
96694,Yes
96695,Yes
96696,No
96697,Yes
96698,No
96699,Yes
96700,No
96701,No
96702,Yes
96703,Yes
96704,Yes
96705,No
96706,No
96707,Yes
96708,No
96709,Yes
96710,Yes
96711,Yes
96712,No
96713,No
96714,No
96715,Yes
96716,No
96717,No
96718,Yes
96719,No
96720,No
96721,No
96722,No
96723,Yes
96724,No
96725,Yes
96726,No
96727,Yes
96728,Yes
96729,No
96730,No
96731,No
96732,No
96733,No
96734,No
96735,No
96736,Yes
96737,Yes
96738,No
96739,No
96740,No
96741,Yes
96742,No
96743,No
96744,Yes
96745,No
96746,Yes
96747,No
96748,No
96749,Yes
96750,No
96751,No
96752,Yes
96753,Yes
96754,No
96755,No
96756,No
96757,No
96758,Yes
96759,Yes
96760,Yes
96761,No
96762,Yes
96763,No
96764,Yes
96765,No
96766,No
96767,No
96768,No
96769,No
96770,Yes
96771,Yes
96772,Yes
96773,No
96774,Yes
96775,Yes
96776,Yes
96777,Yes
96778,Yes
96779,Yes
96780,Yes
96781,Yes
96782,Yes
96783,No
96784,No
96785,Yes
96786,No
96787,Yes
96788,No
96789,No
96790,Yes
96791,No
96792,No
96793,No
96794,No
96795,No
96796,No
96797,Yes
96798,Yes
96799,No
96800,Yes
96801,No
96802,No
96803,No
96804,No
96805,No
96806,No
96807,No
96808,No
96809,No
96810,No
96811,Yes
96812,No
96813,Yes
96814,No
96815,Yes
96816,Yes
96817,Yes
96818,No
96819,Yes
96820,Yes
96821,Yes
96822,No
96823,No
96824,Yes
96825,No
96826,Yes
96827,No
96828,No
96829,Yes
96830,No
96831,No
96832,Yes
96833,No
96834,Yes
96835,Yes
96836,Yes
96837,No
96838,Yes
96839,No
96840,Yes
96841,Yes
96842,Yes
96843,No
96844,No
96845,No
96846,No
96847,No
96848,No
96849,Yes
96850,No
96851,No
96852,Yes
96853,No
96854,No
96855,Yes
96856,Yes
96857,No
96858,No
96859,No
96860,No
96861,No
96862,No
96863,No
96864,No
96865,No
96866,No
96867,Yes
96868,No
96869,Yes
96870,Yes
96871,No
96872,No
96873,Yes
96874,No
96875,Yes
96876,Yes
96877,No
96878,No
96879,No
96880,Yes
96881,Yes
96882,Yes
96883,No
96884,Yes
96885,No
96886,No
96887,No
96888,No
96889,Yes
96890,No
96891,No
96892,Yes
96893,Yes
96894,No
96895,No
96896,Yes
96897,No
96898,No
96899,Yes
96900,No
96901,Yes
96902,Yes
96903,No
96904,No
96905,Yes
96906,No
96907,No
96908,No
96909,No
96910,No
96911,Yes
96912,No
96913,Yes
96914,Yes
96915,No
96916,No
96917,No
96918,Yes
96919,No
96920,Yes
96921,No
96922,Yes
96923,Yes
96924,No
96925,No
96926,No
96927,Yes
96928,No
96929,No
96930,No
96931,No
96932,No
96933,Yes
96934,Yes
96935,No
96936,No
96937,Yes
96938,No
96939,No
96940,No
96941,No
96942,No
96943,No
96944,No
96945,No
96946,Yes
96947,No
96948,No
96949,Yes
96950,Yes
96951,Yes
96952,Yes
96953,Yes
96954,No
96955,Yes
96956,Yes
96957,No
96958,No
96959,Yes
96960,Yes
96961,Yes
96962,Yes
96963,No
96964,No
96965,Yes
96966,Yes
96967,Yes
96968,No
96969,No
96970,Yes
96971,Yes
96972,Yes
96973,No
96974,Yes
96975,No
96976,Yes
96977,Yes
96978,No
96979,No
96980,No
96981,No
96982,Yes
96983,No
96984,No
96985,Yes
96986,No
96987,No
96988,No
96989,No
96990,No
96991,Yes
96992,Yes
96993,No
96994,No
96995,Yes
96996,No
96997,Yes
96998,No
96999,No
97000,No
97001,No
97002,No
97003,No
97004,Yes
97005,No
97006,Yes
97007,No
97008,No
97009,Yes
97010,No
97011,Yes
97012,No
97013,Yes
97014,Yes
97015,No
97016,No
97017,Yes
97018,No
97019,Yes
97020,No
97021,Yes
97022,Yes
97023,No
97024,No
97025,Yes
97026,No
97027,Yes
97028,No
97029,No
97030,No
97031,No
97032,No
97033,No
97034,Yes
97035,No
97036,No
97037,Yes
97038,No
97039,No
97040,No
97041,Yes
97042,No
97043,No
97044,Yes
97045,No
97046,No
97047,Yes
97048,Yes
97049,No
97050,Yes
97051,No
97052,Yes
97053,No
97054,No
97055,No
97056,No
97057,No
97058,Yes
97059,No
97060,No
97061,No
97062,Yes
97063,No
97064,No
97065,No
97066,Yes
97067,No
97068,Yes
97069,Yes
97070,No
97071,Yes
97072,No
97073,Yes
97074,No
97075,No
97076,No
97077,Yes
97078,No
97079,Yes
97080,Yes
97081,Yes
97082,Yes
97083,No
97084,Yes
97085,No
97086,Yes
97087,No
97088,Yes
97089,No
97090,No
97091,No
97092,No
97093,No
97094,No
97095,No
97096,Yes
97097,No
97098,Yes
97099,Yes
97100,Yes
97101,No
97102,Yes
97103,Yes
97104,No
97105,No
97106,No
97107,No
97108,Yes
97109,Yes
97110,No
97111,No
97112,No
97113,No
97114,No
97115,No
97116,Yes
97117,No
97118,No
97119,No
97120,Yes
97121,No
97122,Yes
97123,Yes
97124,Yes
97125,No
97126,Yes
97127,Yes
97128,No
97129,Yes
97130,No
97131,No
97132,No
97133,Yes
97134,No
97135,No
97136,No
97137,No
97138,No
97139,No
97140,No
97141,No
97142,No
97143,Yes
97144,No
97145,Yes
97146,Yes
97147,No
97148,Yes
97149,No
97150,Yes
97151,Yes
97152,No
97153,No
97154,No
97155,No
97156,Yes
97157,Yes
97158,No
97159,Yes
97160,Yes
97161,No
97162,No
97163,No
97164,Yes
97165,No
97166,Yes
97167,No
97168,No
97169,No
97170,Yes
97171,Yes
97172,No
97173,No
97174,Yes
97175,Yes
97176,No
97177,No
97178,No
97179,No
97180,No
97181,No
97182,Yes
97183,No
97184,No
97185,No
97186,No
97187,No
97188,No
97189,No
97190,Yes
97191,No
97192,Yes
97193,No
97194,Yes
97195,No
97196,No
97197,Yes
97198,No
97199,No
97200,Yes
97201,No
97202,Yes
97203,No
97204,No
97205,No
97206,No
97207,No
97208,No
97209,No
97210,No
97211,Yes
97212,Yes
97213,Yes
97214,No
97215,Yes
97216,No
97217,Yes
97218,Yes
97219,No
97220,No
97221,No
97222,Yes
97223,No
97224,No
97225,No
97226,Yes
97227,No
97228,Yes
97229,Yes
97230,No
97231,No
97232,Yes
97233,Yes
97234,No
97235,Yes
97236,No
97237,No
97238,No
97239,Yes
97240,No
97241,No
97242,Yes
97243,Yes
97244,No
97245,No
97246,Yes
97247,Yes
97248,No
97249,No
97250,Yes
97251,Yes
97252,No
97253,Yes
97254,Yes
97255,No
97256,Yes
97257,No
97258,No
97259,Yes
97260,Yes
97261,No
97262,No
97263,No
97264,No
97265,No
97266,No
97267,Yes
97268,No
97269,Yes
97270,No
97271,Yes
97272,No
97273,No
97274,No
97275,Yes
97276,No
97277,No
97278,No
97279,No
97280,Yes
97281,No
97282,Yes
97283,No
97284,No
97285,No
97286,Yes
97287,Yes
97288,Yes
97289,No
97290,Yes
97291,No
97292,Yes
97293,Yes
97294,No
97295,Yes
97296,Yes
97297,Yes
97298,No
97299,No
97300,Yes
97301,No
97302,Yes
97303,No
97304,No
97305,Yes
97306,No
97307,No
97308,No
97309,Yes
97310,No
97311,Yes
97312,Yes
97313,No
97314,Yes
97315,No
97316,No
97317,No
97318,No
97319,No
97320,Yes
97321,No
97322,Yes
97323,No
97324,No
97325,Yes
97326,No
97327,Yes
97328,No
97329,Yes
97330,No
97331,Yes
97332,Yes
97333,Yes
97334,Yes
97335,Yes
97336,No
97337,No
97338,Yes
97339,No
97340,No
97341,Yes
97342,No
97343,No
97344,Yes
97345,Yes
97346,No
97347,Yes
97348,No
97349,No
97350,No
97351,Yes
97352,No
97353,No
97354,No
97355,No
97356,No
97357,No
97358,Yes
97359,No
97360,No
97361,Yes
97362,No
97363,Yes
97364,No
97365,No
97366,No
97367,No
97368,No
97369,No
97370,No
97371,No
97372,Yes
97373,No
97374,No
97375,No
97376,Yes
97377,Yes
97378,No
97379,Yes
97380,Yes
97381,No
97382,Yes
97383,No
97384,No
97385,Yes
97386,No
97387,No
97388,Yes
97389,No
97390,No
97391,Yes
97392,Yes
97393,No
97394,Yes
97395,No
97396,Yes
97397,Yes
97398,Yes
97399,Yes
97400,Yes
97401,No
97402,No
97403,Yes
97404,No
97405,Yes
97406,Yes
97407,No
97408,Yes
97409,No
97410,No
97411,Yes
97412,Yes
97413,Yes
97414,Yes
97415,No
97416,Yes
97417,No
97418,No
97419,No
97420,No
97421,Yes
97422,Yes
97423,No
97424,No
97425,No
97426,No
97427,No
97428,No
97429,No
97430,No
97431,Yes
97432,Yes
97433,No
97434,No
97435,Yes
97436,No
97437,No
97438,No
97439,No
97440,No
97441,No
97442,No
97443,No
97444,No
97445,Yes
97446,No
97447,Yes
97448,Yes
97449,No
97450,Yes
97451,No
97452,No
97453,Yes
97454,Yes
97455,No
97456,No
97457,No
97458,Yes
97459,Yes
97460,No
97461,No
97462,No
97463,Yes
97464,No
97465,No
97466,No
97467,No
97468,Yes
97469,No
97470,No
97471,No
97472,Yes
97473,No
97474,No
97475,Yes
97476,Yes
97477,No
97478,No
97479,No
97480,Yes
97481,No
97482,No
97483,No
97484,Yes
97485,No
97486,No
97487,No
97488,Yes
97489,No
97490,No
97491,Yes
97492,Yes
97493,Yes
97494,No
97495,No
97496,No
97497,No
97498,No
97499,Yes
97500,Yes
97501,No
97502,Yes
97503,Yes
97504,No
97505,No
97506,No
97507,No
97508,No
97509,Yes
97510,No
97511,No
97512,Yes
97513,No
97514,No
97515,Yes
97516,No
97517,No
97518,No
97519,Yes
97520,Yes
97521,Yes
97522,No
97523,No
97524,Yes
97525,No
97526,Yes
97527,No
97528,No
97529,No
97530,No
97531,Yes
97532,Yes
97533,No
97534,Yes
97535,No
97536,Yes
97537,No
97538,Yes
97539,No
97540,No
97541,Yes
97542,Yes
97543,No
97544,No
97545,No
97546,No
97547,No
97548,Yes
97549,No
97550,Yes
97551,Yes
97552,Yes
97553,Yes
97554,Yes
97555,Yes
97556,No
97557,No
97558,Yes
97559,Yes
97560,Yes
97561,No
97562,Yes
97563,No
97564,Yes
97565,Yes
97566,No
97567,No
97568,Yes
97569,No
97570,No
97571,Yes
97572,Yes
97573,No
97574,No
97575,No
97576,Yes
97577,No
97578,No
97579,Yes
97580,Yes
97581,No
97582,No
97583,No
97584,No
97585,No
97586,No
97587,No
97588,No
97589,Yes
97590,No
97591,No
97592,Yes
97593,No
97594,Yes
97595,No
97596,No
97597,No
97598,No
97599,No
97600,No
97601,Yes
97602,No
97603,Yes
97604,No
97605,Yes
97606,Yes
97607,No
97608,Yes
97609,No
97610,No
97611,Yes
97612,No
97613,No
97614,Yes
97615,No
97616,No
97617,No
97618,No
97619,Yes
97620,No
97621,No
97622,No
97623,No
97624,No
97625,Yes
97626,No
97627,No
97628,No
97629,Yes
97630,No
97631,No
97632,No
97633,No
97634,No
97635,Yes
97636,Yes
97637,No
97638,No
97639,No
97640,Yes
97641,No
97642,No
97643,Yes
97644,No
97645,Yes
97646,Yes
97647,Yes
97648,No
97649,No
97650,No
97651,Yes
97652,No
97653,Yes
97654,No
97655,Yes
97656,No
97657,No
97658,Yes
97659,No
97660,Yes
97661,No
97662,No
97663,Yes
97664,Yes
97665,No
97666,Yes
97667,Yes
97668,Yes
97669,Yes
97670,No
97671,Yes
97672,No
97673,No
97674,No
97675,No
97676,No
97677,No
97678,No
97679,Yes
97680,No
97681,Yes
97682,Yes
97683,Yes
97684,No
97685,Yes
97686,No
97687,Yes
97688,Yes
97689,No
97690,No
97691,No
97692,No
97693,No
97694,No
97695,No
97696,Yes
97697,No
97698,Yes
97699,No
97700,No
97701,Yes
97702,No
97703,No
97704,No
97705,No
97706,Yes
97707,Yes
97708,No
97709,No
97710,No
97711,No
97712,No
97713,Yes
97714,Yes
97715,No
97716,Yes
97717,No
97718,Yes
97719,Yes
97720,Yes
97721,No
97722,No
97723,No
97724,No
97725,No
97726,No
97727,No
97728,No
97729,No
97730,No
97731,No
97732,Yes
97733,No
97734,Yes
97735,No
97736,Yes
97737,Yes
97738,No
97739,Yes
97740,Yes
97741,No
97742,Yes
97743,No
97744,Yes
97745,No
97746,Yes
97747,No
97748,No
97749,Yes
97750,Yes
97751,Yes
97752,No
97753,No
97754,No
97755,No
97756,No
97757,No
97758,Yes
97759,Yes
97760,No
97761,Yes
97762,No
97763,Yes
97764,Yes
97765,No
97766,No
97767,No
97768,No
97769,Yes
97770,Yes
97771,No
97772,Yes
97773,No
97774,No
97775,Yes
97776,No
97777,Yes
97778,No
97779,No
97780,Yes
97781,No
97782,No
97783,No
97784,Yes
97785,No
97786,Yes
97787,Yes
97788,No
97789,No
97790,No
97791,No
97792,Yes
97793,No
97794,Yes
97795,No
97796,No
97797,No
97798,Yes
97799,Yes
97800,No
97801,No
97802,No
97803,Yes
97804,Yes
97805,Yes
97806,Yes
97807,Yes
97808,Yes
97809,No
97810,No
97811,Yes
97812,No
97813,No
97814,No
97815,No
97816,No
97817,Yes
97818,No
97819,No
97820,Yes
97821,No
97822,Yes
97823,No
97824,No
97825,No
97826,No
97827,Yes
97828,Yes
97829,No
97830,No
97831,Yes
97832,Yes
97833,Yes
97834,No
97835,Yes
97836,No
97837,Yes
97838,Yes
97839,No
97840,No
97841,Yes
97842,No
97843,No
97844,Yes
97845,Yes
97846,No
97847,Yes
97848,No
97849,Yes
97850,No
97851,Yes
97852,Yes
97853,No
97854,No
97855,No
97856,Yes
97857,Yes
97858,No
97859,No
97860,No
97861,No
97862,Yes
97863,No
97864,Yes
97865,No
97866,No
97867,Yes
97868,No
97869,No
97870,No
97871,No
97872,No
97873,Yes
97874,No
97875,No
97876,No
97877,Yes
97878,Yes
97879,No
97880,Yes
97881,Yes
97882,No
97883,No
97884,No
97885,No
97886,No
97887,No
97888,No
97889,No
97890,No
97891,Yes
97892,No
97893,No
97894,No
97895,No
97896,Yes
97897,No
97898,No
97899,Yes
97900,No
97901,Yes
97902,Yes
97903,No
97904,Yes
97905,No
97906,Yes
97907,No
97908,No
97909,No
97910,No
97911,No
97912,Yes
97913,No
97914,Yes
97915,No
97916,No
97917,No
97918,Yes
97919,Yes
97920,No
97921,Yes
97922,No
97923,Yes
97924,No
97925,Yes
97926,No
97927,No
97928,No
97929,Yes
97930,Yes
97931,No
97932,Yes
97933,Yes
97934,Yes
97935,Yes
97936,No
97937,No
97938,No
97939,Yes
97940,Yes
97941,Yes
97942,No
97943,No
97944,No
97945,Yes
97946,No
97947,Yes
97948,No
97949,No
97950,No
97951,Yes
97952,Yes
97953,Yes
97954,Yes
97955,Yes
97956,Yes
97957,Yes
97958,No
97959,Yes
97960,Yes
97961,No
97962,No
97963,No
97964,No
97965,No
97966,No
97967,No
97968,Yes
97969,Yes
97970,Yes
97971,Yes
97972,No
97973,No
97974,Yes
97975,No
97976,No
97977,No
97978,No
97979,No
97980,No
97981,No
97982,No
97983,No
97984,Yes
97985,No
97986,Yes
97987,Yes
97988,No
97989,No
97990,No
97991,No
97992,No
97993,Yes
97994,No
97995,Yes
97996,No
97997,No
97998,Yes
97999,No
98000,No
98001,Yes
98002,No
98003,Yes
98004,Yes
98005,No
98006,Yes
98007,Yes
98008,Yes
98009,No
98010,No
98011,No
98012,No
98013,No
98014,No
98015,No
98016,No
98017,No
98018,No
98019,No
98020,Yes
98021,No
98022,No
98023,No
98024,No
98025,Yes
98026,No
98027,Yes
98028,No
98029,No
98030,Yes
98031,Yes
98032,Yes
98033,No
98034,Yes
98035,No
98036,No
98037,No
98038,Yes
98039,Yes
98040,No
98041,No
98042,No
98043,No
98044,Yes
98045,Yes
98046,No
98047,No
98048,No
98049,No
98050,No
98051,Yes
98052,No
98053,No
98054,Yes
98055,No
98056,No
98057,Yes
98058,No
98059,Yes
98060,No
98061,Yes
98062,Yes
98063,No
98064,No
98065,No
98066,Yes
98067,Yes
98068,No
98069,No
98070,No
98071,No
98072,Yes
98073,No
98074,Yes
98075,Yes
98076,Yes
98077,Yes
98078,No
98079,Yes
98080,No
98081,No
98082,No
98083,No
98084,Yes
98085,Yes
98086,No
98087,No
98088,No
98089,No
98090,No
98091,No
98092,Yes
98093,Yes
98094,No
98095,No
98096,Yes
98097,Yes
98098,No
98099,No
98100,Yes
98101,Yes
98102,No
98103,Yes
98104,Yes
98105,No
98106,Yes
98107,No
98108,No
98109,No
98110,No
98111,No
98112,No
98113,No
98114,No
98115,No
98116,No
98117,No
98118,No
98119,No
98120,No
98121,Yes
98122,No
98123,No
98124,Yes
98125,No
98126,Yes
98127,No
98128,Yes
98129,No
98130,Yes
98131,Yes
98132,No
98133,No
98134,No
98135,No
98136,Yes
98137,No
98138,No
98139,Yes
98140,No
98141,Yes
98142,Yes
98143,Yes
98144,No
98145,No
98146,No
98147,Yes
98148,No
98149,No
98150,Yes
98151,No
98152,No
98153,Yes
98154,No
98155,No
98156,No
98157,No
98158,Yes
98159,No
98160,No
98161,No
98162,No
98163,Yes
98164,No
98165,No
98166,No
98167,Yes
98168,No
98169,Yes
98170,Yes
98171,No
98172,No
98173,No
98174,No
98175,Yes
98176,No
98177,No
98178,No
98179,No
98180,No
98181,Yes
98182,No
98183,Yes
98184,No
98185,Yes
98186,No
98187,No
98188,No
98189,No
98190,Yes
98191,No
98192,No
98193,No
98194,No
98195,No
98196,No
98197,No
98198,No
98199,No
98200,Yes
98201,Yes
98202,Yes
98203,Yes
98204,No
98205,No
98206,Yes
98207,Yes
98208,Yes
98209,No
98210,No
98211,No
98212,No
98213,No
98214,Yes
98215,No
98216,Yes
98217,Yes
98218,No
98219,No
98220,No
98221,No
98222,Yes
98223,No
98224,Yes
98225,Yes
98226,No
98227,No
98228,Yes
98229,No
98230,Yes
98231,No
98232,Yes
98233,No
98234,Yes
98235,Yes
98236,No
98237,No
98238,No
98239,No
98240,No
98241,No
98242,No
98243,No
98244,Yes
98245,No
98246,No
98247,No
98248,No
98249,No
98250,Yes
98251,No
98252,No
98253,No
98254,Yes
98255,No
98256,No
98257,Yes
98258,No
98259,Yes
98260,No
98261,No
98262,No
98263,No
98264,No
98265,No
98266,No
98267,Yes
98268,Yes
98269,No
98270,Yes
98271,No
98272,Yes
98273,No
98274,No
98275,No
98276,Yes
98277,No
98278,Yes
98279,No
98280,No
98281,Yes
98282,Yes
98283,No
98284,No
98285,No
98286,No
98287,Yes
98288,No
98289,Yes
98290,No
98291,Yes
98292,Yes
98293,No
98294,Yes
98295,No
98296,No
98297,No
98298,No
98299,No
98300,No
98301,Yes
98302,Yes
98303,No
98304,No
98305,Yes
98306,No
98307,Yes
98308,No
98309,No
98310,No
98311,Yes
98312,No
98313,No
98314,No
98315,No
98316,Yes
98317,No
98318,Yes
98319,No
98320,No
98321,No
98322,Yes
98323,Yes
98324,No
98325,Yes
98326,Yes
98327,No
98328,No
98329,No
98330,Yes
98331,Yes
98332,Yes
98333,No
98334,No
98335,No
98336,Yes
98337,No
98338,Yes
98339,Yes
98340,No
98341,Yes
98342,Yes
98343,Yes
98344,Yes
98345,No
98346,Yes
98347,No
98348,Yes
98349,No
98350,No
98351,Yes
98352,Yes
98353,Yes
98354,No
98355,Yes
98356,No
98357,No
98358,No
98359,No
98360,No
98361,Yes
98362,No
98363,No
98364,No
98365,No
98366,Yes
98367,No
98368,No
98369,Yes
98370,Yes
98371,Yes
98372,No
98373,Yes
98374,Yes
98375,Yes
98376,Yes
98377,Yes
98378,Yes
98379,No
98380,No
98381,No
98382,No
98383,No
98384,No
98385,No
98386,No
98387,No
98388,No
98389,No
98390,No
98391,Yes
98392,No
98393,Yes
98394,No
98395,No
98396,No
98397,Yes
98398,Yes
98399,Yes
98400,No
98401,No
98402,No
98403,No
98404,No
98405,Yes
98406,No
98407,No
98408,No
98409,Yes
98410,Yes
98411,Yes
98412,Yes
98413,No
98414,Yes
98415,Yes
98416,No
98417,No
98418,Yes
98419,No
98420,No
98421,No
98422,No
98423,No
98424,No
98425,No
98426,No
98427,Yes
98428,Yes
98429,No
98430,Yes
98431,Yes
98432,No
98433,Yes
98434,Yes
98435,No
98436,No
98437,No
98438,No
98439,No
98440,No
98441,Yes
98442,No
98443,No
98444,No
98445,Yes
98446,No
98447,No
98448,No
98449,No
98450,Yes
98451,No
98452,Yes
98453,No
98454,Yes
98455,Yes
98456,No
98457,No
98458,No
98459,No
98460,Yes
98461,No
98462,No
98463,Yes
98464,Yes
98465,Yes
98466,No
98467,No
98468,Yes
98469,Yes
98470,Yes
98471,Yes
98472,No
98473,No
98474,No
98475,No
98476,No
98477,No
98478,No
98479,Yes
98480,Yes
98481,No
98482,No
98483,No
98484,No
98485,No
98486,Yes
98487,No
98488,Yes
98489,Yes
98490,No
98491,No
98492,Yes
98493,Yes
98494,Yes
98495,No
98496,No
98497,No
98498,No
98499,No
98500,No
98501,Yes
98502,No
98503,No
98504,No
98505,No
98506,No
98507,Yes
98508,No
98509,Yes
98510,No
98511,No
98512,No
98513,Yes
98514,No
98515,No
98516,No
98517,Yes
98518,No
98519,Yes
98520,No
98521,No
98522,No
98523,No
98524,No
98525,No
98526,Yes
98527,Yes
98528,Yes
98529,No
98530,No
98531,Yes
98532,Yes
98533,Yes
98534,Yes
98535,Yes
98536,Yes
98537,No
98538,Yes
98539,No
98540,No
98541,No
98542,No
98543,No
98544,No
98545,No
98546,No
98547,No
98548,No
98549,No
98550,Yes
98551,No
98552,Yes
98553,No
98554,No
98555,No
98556,No
98557,No
98558,No
98559,Yes
98560,Yes
98561,No
98562,No
98563,No
98564,No
98565,No
98566,No
98567,No
98568,No
98569,No
98570,No
98571,Yes
98572,Yes
98573,No
98574,Yes
98575,Yes
98576,No
98577,No
98578,Yes
98579,Yes
98580,Yes
98581,No
98582,No
98583,Yes
98584,No
98585,Yes
98586,Yes
98587,No
98588,No
98589,No
98590,Yes
98591,Yes
98592,No
98593,Yes
98594,Yes
98595,Yes
98596,No
98597,Yes
98598,No
98599,No
98600,Yes
98601,Yes
98602,No
98603,No
98604,No
98605,No
98606,Yes
98607,No
98608,No
98609,No
98610,No
98611,No
98612,No
98613,Yes
98614,Yes
98615,No
98616,Yes
98617,Yes
98618,No
98619,No
98620,No
98621,No
98622,No
98623,Yes
98624,Yes
98625,No
98626,No
98627,No
98628,No
98629,No
98630,No
98631,Yes
98632,Yes
98633,No
98634,No
98635,Yes
98636,No
98637,No
98638,No
98639,No
98640,Yes
98641,No
98642,Yes
98643,No
98644,Yes
98645,No
98646,Yes
98647,No
98648,No
98649,Yes
98650,Yes
98651,No
98652,No
98653,No
98654,Yes
98655,No
98656,Yes
98657,No
98658,Yes
98659,Yes
98660,No
98661,Yes
98662,No
98663,No
98664,No
98665,Yes
98666,Yes
98667,No
98668,Yes
98669,Yes
98670,No
98671,Yes
98672,Yes
98673,No
98674,No
98675,Yes
98676,No
98677,No
98678,Yes
98679,No
98680,No
98681,Yes
98682,No
98683,No
98684,No
98685,Yes
98686,No
98687,No
98688,No
98689,No
98690,No
98691,No
98692,No
98693,Yes
98694,Yes
98695,Yes
98696,Yes
98697,Yes
98698,No
98699,No
98700,No
98701,Yes
98702,No
98703,No
98704,No
98705,Yes
98706,Yes
98707,No
98708,No
98709,No
98710,Yes
98711,No
98712,No
98713,Yes
98714,Yes
98715,No
98716,Yes
98717,No
98718,Yes
98719,Yes
98720,Yes
98721,No
98722,Yes
98723,No
98724,No
98725,No
98726,Yes
98727,No
98728,No
98729,Yes
98730,Yes
98731,No
98732,No
98733,No
98734,Yes
98735,Yes
98736,No
98737,Yes
98738,No
98739,No
98740,Yes
98741,Yes
98742,No
98743,Yes
98744,No
98745,No
98746,Yes
98747,Yes
98748,Yes
98749,No
98750,No
98751,Yes
98752,No
98753,Yes
98754,No
98755,No
98756,No
98757,Yes
98758,Yes
98759,No
98760,No
98761,No
98762,No
98763,Yes
98764,Yes
98765,No
98766,Yes
98767,No
98768,No
98769,Yes
98770,Yes
98771,No
98772,No
98773,No
98774,No
98775,Yes
98776,No
98777,No
98778,Yes
98779,Yes
98780,No
98781,No
98782,No
98783,No
98784,Yes
98785,No
98786,No
98787,Yes
98788,No
98789,No
98790,No
98791,Yes
98792,No
98793,No
98794,No
98795,No
98796,No
98797,No
98798,Yes
98799,No
98800,No
98801,Yes
98802,No
98803,No
98804,No
98805,Yes
98806,Yes
98807,Yes
98808,Yes
98809,Yes
98810,Yes
98811,Yes
98812,No
98813,Yes
98814,No
98815,No
98816,Yes
98817,No
98818,No
98819,Yes
98820,No
98821,No
98822,No
98823,No
98824,Yes
98825,No
98826,No
98827,Yes
98828,No
98829,No
98830,No
98831,Yes
98832,Yes
98833,No
98834,No
98835,No
98836,No
98837,Yes
98838,Yes
98839,Yes
98840,No
98841,No
98842,Yes
98843,Yes
98844,No
98845,Yes
98846,No
98847,Yes
98848,Yes
98849,No
98850,No
98851,No
98852,No
98853,No
98854,Yes
98855,No
98856,No
98857,Yes
98858,No
98859,No
98860,No
98861,No
98862,No
98863,No
98864,Yes
98865,No
98866,Yes
98867,Yes
98868,Yes
98869,No
98870,Yes
98871,Yes
98872,Yes
98873,Yes
98874,Yes
98875,No
98876,No
98877,No
98878,Yes
98879,Yes
98880,Yes
98881,No
98882,Yes
98883,No
98884,No
98885,No
98886,No
98887,No
98888,No
98889,No
98890,No
98891,No
98892,Yes
98893,No
98894,Yes
98895,No
98896,No
98897,Yes
98898,No
98899,No
98900,No
98901,Yes
98902,Yes
98903,Yes
98904,Yes
98905,Yes
98906,Yes
98907,No
98908,Yes
98909,No
98910,No
98911,No
98912,No
98913,Yes
98914,Yes
98915,No
98916,Yes
98917,No
98918,No
98919,No
98920,No
98921,No
98922,Yes
98923,Yes
98924,Yes
98925,Yes
98926,No
98927,No
98928,No
98929,No
98930,No
98931,Yes
98932,Yes
98933,No
98934,No
98935,No
98936,No
98937,No
98938,No
98939,Yes
98940,No
98941,No
98942,No
98943,No
98944,Yes
98945,No
98946,No
98947,No
98948,No
98949,Yes
98950,No
98951,Yes
98952,No
98953,No
98954,No
98955,No
98956,No
98957,No
98958,No
98959,No
98960,No
98961,No
98962,No
98963,No
98964,No
98965,Yes
98966,Yes
98967,Yes
98968,No
98969,Yes
98970,No
98971,Yes
98972,Yes
98973,No
98974,No
98975,No
98976,No
98977,Yes
98978,No
98979,No
98980,Yes
98981,Yes
98982,Yes
98983,No
98984,Yes
98985,No
98986,No
98987,No
98988,Yes
98989,Yes
98990,No
98991,Yes
98992,Yes
98993,No
98994,No
98995,No
98996,No
98997,Yes
98998,No
98999,Yes
99000,Yes
99001,No
99002,No
99003,No
99004,No
99005,Yes
99006,Yes
99007,Yes
99008,Yes
99009,No
99010,No
99011,Yes
99012,Yes
99013,No
99014,Yes
99015,Yes
99016,Yes
99017,No
99018,Yes
99019,No
99020,Yes
99021,No
99022,No
99023,Yes
99024,Yes
99025,No
99026,Yes
99027,No
99028,No
99029,No
99030,Yes
99031,No
99032,No
99033,Yes
99034,No
99035,No
99036,No
99037,No
99038,No
99039,Yes
99040,No
99041,Yes
99042,No
99043,Yes
99044,No
99045,Yes
99046,No
99047,No
99048,No
99049,Yes
99050,Yes
99051,No
99052,Yes
99053,No
99054,No
99055,No
99056,Yes
99057,No
99058,No
99059,No
99060,Yes
99061,Yes
99062,Yes
99063,Yes
99064,No
99065,No
99066,No
99067,No
99068,Yes
99069,No
99070,Yes
99071,Yes
99072,No
99073,No
99074,Yes
99075,No
99076,No
99077,Yes
99078,Yes
99079,Yes
99080,No
99081,No
99082,No
99083,No
99084,No
99085,No
99086,No
99087,No
99088,No
99089,No
99090,Yes
99091,Yes
99092,Yes
99093,Yes
99094,No
99095,Yes
99096,No
99097,No
99098,No
99099,No
99100,No
99101,Yes
99102,Yes
99103,Yes
99104,No
99105,No
99106,No
99107,Yes
99108,No
99109,Yes
99110,Yes
99111,No
99112,Yes
99113,No
99114,No
99115,No
99116,Yes
99117,No
99118,No
99119,No
99120,No
99121,No
99122,No
99123,No
99124,No
99125,No
99126,Yes
99127,No
99128,No
99129,No
99130,Yes
99131,No
99132,Yes
99133,No
99134,Yes
99135,No
99136,Yes
99137,No
99138,Yes
99139,Yes
99140,Yes
99141,No
99142,No
99143,No
99144,No
99145,Yes
99146,No
99147,No
99148,No
99149,Yes
99150,No
99151,Yes
99152,No
99153,Yes
99154,Yes
99155,Yes
99156,Yes
99157,No
99158,Yes
99159,No
99160,No
99161,Yes
99162,Yes
99163,No
99164,Yes
99165,Yes
99166,No
99167,Yes
99168,Yes
99169,Yes
99170,No
99171,No
99172,Yes
99173,No
99174,No
99175,No
99176,No
99177,Yes
99178,Yes
99179,Yes
99180,No
99181,No
99182,Yes
99183,No
99184,Yes
99185,No
99186,No
99187,No
99188,No
99189,Yes
99190,No
99191,Yes
99192,No
99193,Yes
99194,Yes
99195,No
99196,No
99197,No
99198,Yes
99199,No
99200,No
99201,Yes
99202,No
99203,No
99204,No
99205,No
99206,Yes
99207,No
99208,Yes
99209,Yes
99210,No
99211,No
99212,No
99213,No
99214,No
99215,Yes
99216,No
99217,Yes
99218,No
99219,Yes
99220,No
99221,No
99222,No
99223,No
99224,No
99225,Yes
99226,Yes
99227,No
99228,No
99229,No
99230,Yes
99231,No
99232,Yes
99233,No
99234,No
99235,No
99236,No
99237,No
99238,Yes
99239,No
99240,Yes
99241,No
99242,No
99243,No
99244,No
99245,No
99246,Yes
99247,Yes
99248,Yes
99249,No
99250,No
99251,No
99252,No
99253,No
99254,Yes
99255,No
99256,No
99257,Yes
99258,No
99259,No
99260,Yes
99261,Yes
99262,Yes
99263,No
99264,No
99265,Yes
99266,No
99267,No
99268,No
99269,No
99270,Yes
99271,No
99272,No
99273,No
99274,No
99275,No
99276,Yes
99277,No
99278,No
99279,No
99280,No
99281,No
99282,No
99283,No
99284,No
99285,Yes
99286,No
99287,No
99288,No
99289,No
99290,Yes
99291,Yes
99292,No
99293,Yes
99294,No
99295,Yes
99296,No
99297,No
99298,No
99299,No
99300,Yes
99301,No
99302,No
99303,No
99304,No
99305,Yes
99306,No
99307,No
99308,No
99309,No
99310,No
99311,No
99312,Yes
99313,No
99314,No
99315,No
99316,Yes
99317,No
99318,Yes
99319,No
99320,No
99321,No
99322,No
99323,Yes
99324,No
99325,No
99326,No
99327,Yes
99328,Yes
99329,No
99330,No
99331,Yes
99332,Yes
99333,No
99334,No
99335,Yes
99336,Yes
99337,No
99338,Yes
99339,No
99340,No
99341,No
99342,No
99343,Yes
99344,No
99345,No
99346,No
99347,Yes
99348,No
99349,Yes
99350,Yes
99351,No
99352,No
99353,No
99354,No
99355,Yes
99356,Yes
99357,Yes
99358,No
99359,Yes
99360,Yes
99361,Yes
99362,No
99363,No
99364,Yes
99365,Yes
99366,Yes
99367,No
99368,No
99369,No
99370,Yes
99371,No
99372,No
99373,No
99374,No
99375,Yes
99376,Yes
99377,No
99378,Yes
99379,Yes
99380,Yes
99381,No
99382,No
99383,No
99384,No
99385,No
99386,No
99387,No
99388,Yes
99389,Yes
99390,No
99391,No
99392,No
99393,No
99394,Yes
99395,No
99396,No
99397,No
99398,No
99399,Yes
99400,No
99401,No
99402,No
99403,No
99404,Yes
99405,No
99406,No
99407,No
99408,No
99409,Yes
99410,Yes
99411,Yes
99412,No
99413,No
99414,No
99415,No
99416,No
99417,Yes
99418,No
99419,No
99420,No
99421,No
99422,Yes
99423,Yes
99424,No
99425,No
99426,No
99427,No
99428,Yes
99429,No
99430,Yes
99431,No
99432,Yes
99433,No
99434,No
99435,Yes
99436,No
99437,No
99438,No
99439,Yes
99440,Yes
99441,No
99442,Yes
99443,Yes
99444,No
99445,Yes
99446,No
99447,Yes
99448,No
99449,No
99450,No
99451,No
99452,Yes
99453,No
99454,No
99455,No
99456,Yes
99457,No
99458,Yes
99459,No
99460,Yes
99461,Yes
99462,No
99463,No
99464,No
99465,Yes
99466,No
99467,No
99468,Yes
99469,No
99470,Yes
99471,No
99472,No
99473,No
99474,No
99475,No
99476,Yes
99477,Yes
99478,Yes
99479,No
99480,Yes
99481,Yes
99482,No
99483,No
99484,Yes
99485,Yes
99486,Yes
99487,No
99488,No
99489,No
99490,No
99491,Yes
99492,No
99493,Yes
99494,No
99495,No
99496,No
99497,No
99498,Yes
99499,No
99500,No
99501,No
99502,Yes
99503,No
99504,No
99505,No
99506,No
99507,No
99508,Yes
99509,No
99510,Yes
99511,Yes
99512,No
99513,No
99514,Yes
99515,No
99516,Yes
99517,No
99518,No
99519,No
99520,Yes
99521,No
99522,Yes
99523,No
99524,Yes
99525,No
99526,No
99527,Yes
99528,Yes
99529,No
99530,Yes
99531,Yes
99532,Yes
99533,Yes
99534,No
99535,No
99536,No
99537,No
99538,No
99539,Yes
99540,No
99541,No
99542,No
99543,No
99544,Yes
99545,Yes
99546,Yes
99547,Yes
99548,No
99549,Yes
99550,Yes
99551,No
99552,Yes
99553,Yes
99554,Yes
99555,No
99556,No
99557,Yes
99558,No
99559,Yes
99560,No
99561,Yes
99562,No
99563,No
99564,No
99565,No
99566,Yes
99567,No
99568,Yes
99569,Yes
99570,No
99571,Yes
99572,Yes
99573,No
99574,Yes
99575,No
99576,Yes
99577,No
99578,No
99579,No
99580,No
99581,No
99582,No
99583,No
99584,Yes
99585,Yes
99586,Yes
99587,No
99588,No
99589,Yes
99590,No
99591,Yes
99592,No
99593,Yes
99594,No
99595,No
99596,No
99597,Yes
99598,No
99599,Yes
99600,Yes
99601,No
99602,No
99603,No
99604,No
99605,No
99606,No
99607,No
99608,No
99609,No
99610,No
99611,Yes
99612,Yes
99613,Yes
99614,No
99615,No
99616,No
99617,No
99618,No
99619,No
99620,No
99621,No
99622,No
99623,Yes
99624,Yes
99625,Yes
99626,No
99627,Yes
99628,Yes
99629,No
99630,No
99631,No
99632,No
99633,Yes
99634,Yes
99635,Yes
99636,Yes
99637,No
99638,Yes
99639,Yes
99640,No
99641,Yes
99642,No
99643,No
99644,No
99645,No
99646,Yes
99647,Yes
99648,No
99649,Yes
99650,No
99651,No
99652,Yes
99653,Yes
99654,No
99655,Yes
99656,No
99657,Yes
99658,Yes
99659,Yes
99660,No
99661,Yes
99662,No
99663,No
99664,Yes
99665,No
99666,No
99667,Yes
99668,No
99669,No
99670,No
99671,No
99672,No
99673,No
99674,Yes
99675,No
99676,No
99677,Yes
99678,No
99679,No
99680,No
99681,Yes
99682,No
99683,No
99684,No
99685,No
99686,No
99687,Yes
99688,No
99689,Yes
99690,Yes
99691,No
99692,No
99693,No
99694,No
99695,Yes
99696,No
99697,No
99698,Yes
99699,Yes
99700,Yes
99701,Yes
99702,Yes
99703,Yes
99704,Yes
99705,Yes
99706,No
99707,Yes
99708,No
99709,No
99710,No
99711,No
99712,No
99713,Yes
99714,No
99715,No
99716,No
99717,No
99718,No
99719,No
99720,No
99721,No
99722,Yes
99723,No
99724,No
99725,Yes
99726,Yes
99727,No
99728,No
99729,No
99730,Yes
99731,No
99732,No
99733,No
99734,Yes
99735,No
99736,Yes
99737,No
99738,Yes
99739,Yes
99740,No
99741,No
99742,No
99743,Yes
99744,No
99745,No
99746,Yes
99747,Yes
99748,No
99749,No
99750,No
99751,No
99752,Yes
99753,Yes
99754,Yes
99755,No
99756,Yes
99757,Yes
99758,Yes
99759,Yes
99760,No
99761,Yes
99762,No
99763,Yes
99764,No
99765,No
99766,Yes
99767,Yes
99768,Yes
99769,Yes
99770,No
99771,No
99772,Yes
99773,No
99774,Yes
99775,Yes
99776,Yes
99777,No
99778,No
99779,No
99780,No
99781,No
99782,No
99783,No
99784,Yes
99785,No
99786,No
99787,No
99788,No
99789,Yes
99790,Yes
99791,Yes
99792,Yes
99793,Yes
99794,No
99795,No
99796,No
99797,No
99798,No
99799,Yes
99800,No
99801,Yes
99802,Yes
99803,No
99804,Yes
99805,No
99806,Yes
99807,Yes
99808,No
99809,No
99810,No
99811,Yes
99812,No
99813,No
99814,Yes
99815,No
99816,No
99817,Yes
99818,No
99819,No
99820,Yes
99821,Yes
99822,Yes
99823,No
99824,No
99825,Yes
99826,Yes
99827,No
99828,No
99829,Yes
99830,Yes
99831,No
99832,Yes
99833,Yes
99834,Yes
99835,No
99836,No
99837,No
99838,Yes
99839,No
99840,No
99841,Yes
99842,No
99843,No
99844,No
99845,No
99846,No
99847,Yes
99848,No
99849,No
99850,Yes
99851,No
99852,No
99853,Yes
99854,No
99855,No
99856,No
99857,No
99858,No
99859,No
99860,No
99861,Yes
99862,Yes
99863,Yes
99864,No
99865,Yes
99866,No
99867,No
99868,Yes
99869,No
99870,Yes
99871,No
99872,No
99873,Yes
99874,No
99875,No
99876,No
99877,No
99878,No
99879,No
99880,Yes
99881,No
99882,Yes
99883,Yes
99884,No
99885,Yes
99886,No
99887,No
99888,Yes
99889,Yes
99890,No
99891,Yes
99892,Yes
99893,Yes
99894,No
99895,No
99896,Yes
99897,Yes
99898,No
99899,No
99900,No
99901,Yes
99902,No
99903,No
99904,No
99905,Yes
99906,No
99907,Yes
99908,No
99909,Yes
99910,Yes
99911,No
99912,No
99913,Yes
99914,Yes
99915,No
99916,Yes
99917,No
99918,No
99919,Yes
99920,No
99921,No
99922,Yes
99923,No
99924,Yes
99925,Yes
99926,Yes
99927,No
99928,Yes
99929,No
99930,No
99931,No
99932,No
99933,Yes
99934,No
99935,No
99936,No
99937,No
99938,No
99939,Yes
99940,Yes
99941,No
99942,No
99943,No
99944,No
99945,No
99946,Yes
99947,No
99948,Yes
99949,No
99950,Yes
99951,No
99952,Yes
99953,Yes
99954,No
99955,No
99956,Yes
99957,No
99958,Yes
99959,No
99960,No
99961,No
99962,No
99963,No
99964,No
99965,No
99966,No
99967,No
99968,No
99969,Yes
99970,Yes
99971,Yes
99972,No
99973,Yes
99974,Yes
99975,Yes
99976,Yes
99977,Yes
99978,No
99979,Yes
99980,No
99981,No
99982,No
99983,Yes
99984,No
99985,No
99986,Yes
99987,Yes
99988,No
99989,No
99990,Yes
99991,No
99992,No
99993,Yes
99994,Yes
99995,No
99996,No
99997,No
99998,Yes
99999,No
100000,Yes
100001,No
100002,No
100003,No
100004,No
100005,Yes
100006,Yes
100007,Yes
100008,No
100009,No
100010,No
100011,No
100012,No
100013,No
100014,No
100015,No
100016,No
100017,No
100018,No
100019,Yes
100020,Yes
100021,No
100022,Yes
100023,No
100024,Yes
100025,No
100026,Yes
100027,No
100028,No
100029,No
100030,No
100031,No
100032,Yes
100033,No
100034,No
100035,Yes
100036,No
100037,Yes
100038,No
100039,No
100040,No
100041,Yes
100042,Yes
100043,Yes
100044,No
100045,No
100046,No
100047,No
100048,No
100049,No
100050,Yes
100051,Yes
100052,Yes
100053,No
100054,Yes
100055,Yes
100056,No
100057,No
100058,No
100059,No
100060,No
100061,No
100062,No
100063,No
100064,No
100065,Yes
100066,Yes
100067,No
100068,No
100069,No
100070,No
100071,No
100072,No
100073,Yes
100074,No
100075,No
100076,No
100077,Yes
100078,Yes
100079,No
100080,Yes
100081,No
100082,Yes
100083,No
100084,No
100085,No
100086,No
100087,Yes
100088,Yes
100089,No
100090,Yes
100091,No
100092,No
100093,No
100094,No
100095,Yes
100096,No
100097,No
100098,No
100099,No
100100,Yes
100101,No
100102,Yes
100103,Yes
100104,No
100105,No
100106,Yes
100107,Yes
100108,No
100109,Yes
100110,No
100111,Yes
100112,No
100113,No
100114,No
100115,Yes
100116,No
100117,Yes
100118,Yes
100119,No
100120,Yes
100121,No
100122,No
100123,No
100124,No
100125,No
100126,No
100127,No
100128,No
100129,No
100130,No
100131,No
100132,No
100133,No
100134,Yes
100135,Yes
100136,Yes
100137,No
100138,No
100139,No
100140,No
100141,No
100142,Yes
100143,No
100144,No
100145,Yes
100146,No
100147,Yes
100148,No
100149,Yes
100150,No
100151,No
100152,Yes
100153,No
100154,Yes
100155,Yes
100156,No
100157,No
100158,No
100159,Yes
100160,Yes
100161,No
100162,No
100163,No
100164,No
100165,Yes
100166,No
100167,No
100168,No
100169,Yes
100170,Yes
100171,No
100172,No
100173,No
100174,No
100175,Yes
100176,Yes
100177,No
100178,Yes
100179,Yes
100180,No
100181,Yes
100182,No
100183,No
100184,No
100185,No
100186,No
100187,No
100188,Yes
100189,Yes
100190,Yes
100191,No
100192,Yes
100193,Yes
100194,No
100195,No
100196,No
100197,Yes
100198,Yes
100199,No
100200,No
100201,Yes
100202,No
100203,Yes
100204,Yes
100205,Yes
100206,No
100207,No
100208,No
100209,No
100210,No
100211,No
100212,No
100213,No
100214,No
100215,Yes
100216,No
100217,No
100218,Yes
100219,No
100220,Yes
100221,Yes
100222,No
100223,Yes
100224,No
100225,Yes
100226,No
100227,No
100228,No
100229,Yes
100230,No
100231,Yes
100232,No
100233,Yes
100234,No
100235,Yes
100236,No
100237,No
100238,No
100239,Yes
100240,No
100241,No
100242,No
100243,No
100244,No
100245,Yes
100246,Yes
100247,No
100248,No
100249,No
100250,Yes
100251,Yes
100252,No
100253,Yes
100254,No
100255,No
100256,Yes
100257,No
100258,Yes
100259,Yes
100260,No
100261,Yes
100262,No
100263,Yes
100264,No
100265,No
100266,No
100267,No
100268,Yes
100269,No
100270,No
100271,No
100272,No
100273,No
100274,No
100275,Yes
100276,No
100277,No
100278,Yes
100279,Yes
100280,No
100281,Yes
100282,No
100283,No
100284,Yes
100285,No
100286,No
100287,Yes
100288,Yes
100289,No
100290,No
100291,Yes
100292,No
100293,No
100294,No
100295,No
100296,Yes
100297,Yes
100298,No
100299,No
100300,No
100301,No
100302,Yes
100303,No
100304,Yes
100305,No
100306,No
100307,No
100308,Yes
100309,No
100310,No
100311,Yes
100312,Yes
100313,No
100314,No
100315,Yes
100316,Yes
100317,No
100318,No
100319,Yes
100320,Yes
100321,Yes
100322,No
100323,Yes
100324,Yes
100325,No
100326,Yes
100327,Yes
100328,Yes
100329,No
100330,Yes
100331,No
100332,No
100333,No
100334,Yes
100335,No
100336,Yes
100337,Yes
100338,No
100339,Yes
100340,Yes
100341,Yes
100342,No
100343,Yes
100344,Yes
100345,No
100346,No
100347,Yes
100348,No
100349,No
100350,Yes
100351,No
100352,No
100353,Yes
100354,No
100355,No
100356,Yes
100357,No
100358,No
100359,Yes
100360,No
100361,Yes
100362,No
100363,No
100364,No
100365,Yes
100366,Yes
100367,No
100368,Yes
100369,Yes
100370,No
100371,Yes
100372,Yes
100373,Yes
100374,No
100375,No
100376,Yes
100377,No
100378,No
100379,No
100380,No
100381,No
100382,Yes
100383,Yes
100384,No
100385,No
100386,No
100387,No
100388,No
100389,Yes
100390,Yes
100391,Yes
100392,No
100393,No
100394,Yes
100395,No
100396,No
100397,No
100398,No
100399,No
100400,No
100401,No
100402,No
100403,Yes
100404,No
100405,No
100406,Yes
100407,Yes
100408,Yes
100409,No
100410,No
100411,Yes
100412,No
100413,No
100414,No
100415,No
100416,No
100417,Yes
100418,Yes
100419,No
100420,No
100421,No
100422,Yes
100423,No
100424,Yes
100425,No
100426,No
100427,No
100428,Yes
100429,Yes
100430,No
100431,No
100432,No
100433,Yes
100434,No
100435,No
100436,Yes
100437,No
100438,No
100439,No
100440,Yes
100441,No
100442,Yes
100443,No
100444,Yes
100445,Yes
100446,No
100447,No
100448,Yes
100449,No
100450,No
100451,No
100452,Yes
100453,No
100454,Yes
100455,No
100456,No
100457,No
100458,Yes
100459,No
100460,No
100461,No
100462,No
100463,Yes
100464,No
100465,Yes
100466,Yes
100467,Yes
100468,No
100469,No
100470,No
100471,No
100472,Yes
100473,No
100474,No
100475,No
100476,Yes
100477,No
100478,Yes
100479,Yes
100480,No
100481,Yes
100482,Yes
100483,Yes
100484,Yes
100485,No
100486,Yes
100487,Yes
100488,Yes
100489,No
100490,Yes
100491,No
100492,No
100493,Yes
100494,No
100495,Yes
100496,No
100497,No
100498,No
100499,No
100500,Yes
100501,No
100502,No
100503,Yes
100504,No
100505,No
100506,Yes
100507,No
100508,No
100509,Yes
100510,Yes
100511,No
100512,Yes
100513,Yes
100514,Yes
100515,Yes
100516,No
100517,No
100518,No
100519,Yes
100520,No
100521,No
100522,Yes
100523,No
100524,Yes
100525,Yes
100526,No
100527,No
100528,Yes
100529,Yes
100530,No
100531,No
100532,No
100533,No
100534,Yes
100535,No
100536,Yes
100537,No
100538,No
100539,No
100540,No
100541,No
100542,No
100543,No
100544,No
100545,No
100546,Yes
100547,Yes
100548,No
100549,No
100550,No
100551,No
100552,Yes
100553,Yes
100554,No
100555,Yes
100556,No
100557,No
100558,Yes
100559,No
100560,Yes
100561,No
100562,Yes
100563,No
100564,Yes
100565,No
100566,No
100567,No
100568,No
100569,No
100570,No
100571,Yes
100572,No
100573,No
100574,No
100575,Yes
100576,No
100577,No
100578,No
100579,No
100580,No
100581,No
100582,No
100583,No
100584,Yes
100585,Yes
100586,Yes
100587,Yes
100588,Yes
100589,Yes
100590,No
100591,No
100592,No
100593,No
100594,No
100595,No
100596,No
100597,Yes
100598,Yes
100599,Yes
100600,No
100601,No
100602,No
100603,Yes
100604,Yes
100605,Yes
100606,No
100607,No
100608,No
100609,Yes
100610,No
100611,No
100612,No
100613,Yes
100614,Yes
100615,No
100616,No
100617,Yes
100618,No
100619,No
100620,No
100621,Yes
100622,Yes
100623,No
100624,No
100625,Yes
100626,No
100627,Yes
100628,No
100629,Yes
100630,Yes
100631,Yes
100632,Yes
100633,Yes
100634,Yes
100635,No
100636,No
100637,No
100638,No
100639,Yes
100640,No
100641,No
100642,No
100643,No
100644,No
100645,No
100646,No
100647,Yes
100648,No
100649,No
100650,No
100651,Yes
100652,No
100653,No
100654,No
100655,No
100656,Yes
100657,No
100658,No
100659,Yes
100660,Yes
100661,No
100662,No
100663,No
100664,Yes
100665,Yes
100666,No
100667,No
100668,Yes
100669,No
100670,No
100671,No
100672,No
100673,Yes
100674,No
100675,No
100676,No
100677,Yes
100678,Yes
100679,No
100680,No
100681,No
100682,No
100683,No
100684,Yes
100685,Yes
100686,No
100687,No
100688,Yes
100689,No
100690,No
100691,No
100692,No
100693,No
100694,No
100695,Yes
100696,No
100697,Yes
100698,Yes
100699,Yes
100700,Yes
100701,Yes
100702,No
100703,No
100704,Yes
100705,Yes
100706,No
100707,No
100708,Yes
100709,No
100710,Yes
100711,No
100712,No
100713,Yes
100714,No
100715,No
100716,Yes
100717,Yes
100718,Yes
100719,No
100720,No
100721,No
100722,Yes
100723,Yes
100724,Yes
100725,Yes
100726,No
100727,No
100728,Yes
100729,No
100730,Yes
100731,No
100732,No
100733,No
100734,No
100735,No
100736,No
100737,No
100738,No
100739,No
100740,No
100741,Yes
100742,Yes
100743,No
100744,No
100745,No
100746,Yes
100747,Yes
100748,No
100749,No
100750,No
100751,No
100752,No
100753,Yes
100754,No
100755,No
100756,No
100757,Yes
100758,No
100759,Yes
100760,No
100761,Yes
100762,Yes
100763,No
100764,Yes
100765,No
100766,No
100767,No
100768,No
100769,Yes
100770,No
100771,No
100772,No
100773,No
100774,No
100775,No
100776,No
100777,Yes
100778,Yes
100779,No
100780,No
100781,No
100782,No
100783,No
100784,No
100785,Yes
100786,Yes
100787,No
100788,No
100789,Yes
100790,Yes
100791,Yes
100792,No
100793,No
100794,No
100795,No
100796,Yes
100797,No
100798,No
100799,Yes
100800,Yes
100801,No
100802,Yes
100803,Yes
100804,Yes
100805,No
100806,No
100807,No
100808,Yes
100809,No
100810,Yes
100811,Yes
100812,No
100813,No
100814,Yes
100815,No
100816,No
100817,No
100818,Yes
100819,Yes
100820,Yes
100821,Yes
100822,Yes
100823,Yes
100824,No
100825,No
100826,No
100827,No
100828,No
100829,No
100830,No
100831,No
100832,Yes
100833,No
100834,Yes
100835,No
100836,No
100837,No
100838,Yes
100839,Yes
100840,Yes
100841,No
100842,No
100843,No
100844,Yes
100845,No
100846,No
100847,No
100848,No
100849,No
100850,No
100851,No
100852,No
100853,No
100854,No
100855,Yes
100856,Yes
100857,Yes
100858,No
100859,No
100860,No
100861,Yes
100862,No
100863,No
100864,No
100865,Yes
100866,Yes
100867,No
100868,Yes
100869,No
100870,Yes
100871,Yes
100872,No
100873,Yes
100874,No
100875,No
100876,No
100877,No
100878,No
100879,No
100880,No
100881,Yes
100882,No
100883,No
100884,Yes
100885,Yes
100886,No
100887,No
100888,No
100889,Yes
100890,No
100891,No
100892,No
100893,No
100894,No
100895,Yes
100896,Yes
100897,No
100898,No
100899,No
100900,No
100901,No
100902,Yes
100903,No
100904,No
100905,Yes
100906,Yes
100907,No
100908,Yes
100909,Yes
100910,No
100911,No
100912,Yes
100913,No
100914,Yes
100915,No
100916,No
100917,No
100918,No
100919,Yes
100920,No
100921,No
100922,Yes
100923,No
100924,Yes
100925,No
100926,No
100927,No
100928,No
100929,No
100930,Yes
100931,No
100932,No
100933,Yes
100934,No
100935,No
100936,No
100937,Yes
100938,Yes
100939,Yes
100940,Yes
100941,No
100942,Yes
100943,Yes
100944,Yes
100945,No
100946,No
100947,No
100948,No
100949,No
100950,No
100951,No
100952,Yes
100953,Yes
100954,No
100955,Yes
100956,No
100957,Yes
100958,No
100959,No
100960,Yes
100961,Yes
100962,No
100963,No
100964,No
100965,Yes
100966,No
100967,No
100968,No
100969,Yes
100970,Yes
100971,Yes
100972,No
100973,Yes
100974,No
100975,No
100976,Yes
100977,No
100978,No
100979,No
100980,Yes
100981,Yes
100982,Yes
100983,Yes
100984,No
100985,Yes
100986,No
100987,No
100988,No
100989,Yes
100990,No
100991,No
100992,Yes
100993,Yes
100994,No
100995,Yes
100996,No
100997,Yes
100998,No
100999,No
101000,No
101001,Yes
101002,No
101003,No
101004,No
101005,No
101006,Yes
101007,No
101008,No
101009,Yes
101010,No
101011,Yes
101012,No
101013,Yes
101014,No
101015,No
101016,No
101017,No
101018,No
101019,No
101020,No
101021,No
101022,Yes
101023,Yes
101024,Yes
101025,No
101026,No
101027,Yes
101028,No
101029,No
101030,Yes
101031,Yes
101032,Yes
101033,Yes
101034,Yes
101035,No
101036,No
101037,Yes
101038,Yes
101039,Yes
101040,Yes
101041,No
101042,No
101043,Yes
101044,No
101045,Yes
101046,Yes
101047,Yes
101048,Yes
101049,No
101050,No
101051,Yes
101052,No
101053,No
101054,No
101055,Yes
101056,No
101057,No
101058,No
101059,No
101060,Yes
101061,Yes
101062,No
101063,No
101064,No
101065,Yes
101066,No
101067,No
101068,Yes
101069,No
101070,Yes
101071,No
101072,No
101073,No
101074,Yes
101075,No
101076,Yes
101077,No
101078,No
101079,No
101080,No
101081,No
101082,Yes
101083,Yes
101084,Yes
101085,No
101086,No
101087,Yes
101088,No
101089,Yes
101090,No
101091,No
101092,No
101093,No
101094,Yes
101095,No
101096,No
101097,No
101098,No
101099,Yes
101100,Yes
101101,No
101102,No
101103,Yes
101104,No
101105,No
101106,Yes
101107,Yes
101108,No
101109,Yes
101110,Yes
101111,Yes
101112,No
101113,No
101114,No
101115,No
101116,Yes
101117,No
101118,No
101119,Yes
101120,Yes
101121,No
101122,No
101123,No
101124,No
101125,Yes
101126,No
101127,No
101128,No
101129,No
101130,No
101131,No
101132,No
101133,No
101134,Yes
101135,No
101136,Yes
101137,No
101138,Yes
101139,Yes
101140,Yes
101141,No
101142,Yes
101143,No
101144,Yes
101145,Yes
101146,No
101147,No
101148,No
101149,Yes
101150,Yes
101151,No
101152,No
101153,No
101154,No
101155,No
101156,Yes
101157,No
101158,Yes
101159,Yes
101160,No
101161,No
101162,Yes
101163,No
101164,No
101165,No
101166,No
101167,Yes
101168,No
101169,No
101170,No
101171,No
101172,Yes
101173,Yes
101174,No
101175,Yes
101176,Yes
101177,No
101178,No
101179,No
101180,No
101181,No
101182,No
101183,Yes
101184,Yes
101185,Yes
101186,No
101187,No
101188,No
101189,No
101190,Yes
101191,No
101192,No
101193,No
101194,No
101195,No
101196,Yes
101197,No
101198,No
101199,Yes
101200,Yes
101201,Yes
101202,Yes
101203,No
101204,Yes
101205,Yes
101206,Yes
101207,No
101208,No
101209,No
101210,Yes
101211,No
101212,Yes
101213,Yes
101214,Yes
101215,Yes
101216,No
101217,No
101218,No
101219,No
101220,Yes
101221,No
101222,No
101223,No
101224,Yes
101225,No
101226,No
101227,No
101228,No
101229,Yes
101230,No
101231,No
101232,No
101233,No
101234,Yes
101235,Yes
101236,No
101237,No
101238,No
101239,Yes
101240,No
101241,No
101242,No
101243,No
101244,No
101245,No
101246,No
101247,No
101248,Yes
101249,No
101250,No
101251,Yes
101252,No
101253,Yes
101254,Yes
101255,Yes
101256,No
101257,No
101258,Yes
101259,Yes
101260,No
101261,No
101262,Yes
101263,No
101264,No
101265,Yes
101266,No
101267,No
101268,Yes
101269,Yes
101270,No
101271,Yes
101272,No
101273,Yes
101274,No
101275,Yes
101276,No
101277,No
101278,No
101279,Yes
101280,No
101281,No
101282,No
101283,Yes
101284,No
101285,Yes
101286,No
101287,No
101288,No
101289,No
101290,No
101291,No
101292,Yes
101293,No
101294,No
101295,Yes
101296,Yes
101297,Yes
101298,No
101299,No
101300,Yes
101301,No
101302,Yes
101303,Yes
101304,No
101305,Yes
101306,No
101307,Yes
101308,No
101309,No
101310,No
101311,Yes
101312,No
101313,Yes
101314,Yes
101315,No
101316,No
101317,Yes
101318,Yes
101319,No
101320,Yes
101321,Yes
101322,No
101323,Yes
101324,Yes
101325,Yes
101326,No
101327,No
101328,Yes
101329,No
101330,Yes
101331,No
101332,No
101333,Yes
101334,Yes
101335,Yes
101336,Yes
101337,Yes
101338,No
101339,No
101340,Yes
101341,No
101342,No
101343,Yes
101344,No
101345,No
101346,Yes
101347,Yes
101348,No
101349,Yes
101350,No
101351,No
101352,No
101353,Yes
101354,No
101355,Yes
101356,No
101357,No
101358,Yes
101359,No
101360,No
101361,Yes
101362,No
101363,Yes
101364,No
101365,No
101366,No
101367,No
101368,Yes
101369,No
101370,No
101371,No
101372,No
101373,No
101374,No
101375,Yes
101376,No
101377,Yes
101378,No
101379,No
101380,No
101381,No
101382,No
101383,No
101384,No
101385,No
101386,No
101387,Yes
101388,Yes
101389,Yes
101390,No
101391,No
101392,Yes
101393,No
101394,Yes
101395,No
101396,No
101397,No
101398,No
101399,No
101400,No
101401,No
101402,No
101403,No
101404,No
101405,No
101406,Yes
101407,No
101408,No
101409,No
101410,No
101411,No
101412,No
101413,No
101414,No
101415,No
101416,No
101417,Yes
101418,No
101419,No
101420,Yes
101421,Yes
101422,Yes
101423,Yes
101424,No
101425,No
101426,No
101427,No
101428,Yes
101429,Yes
101430,No
101431,Yes
101432,No
101433,No
101434,Yes
101435,No
101436,No
101437,Yes
101438,No
101439,No
101440,No
101441,Yes
101442,Yes
101443,No
101444,No
101445,No
101446,Yes
101447,No
101448,No
101449,No
101450,No
101451,No
101452,Yes
101453,No
101454,Yes
101455,No
101456,Yes
101457,Yes
101458,Yes
101459,No
101460,Yes
101461,No
101462,Yes
101463,No
101464,No
101465,Yes
101466,No
101467,Yes
101468,No
101469,No
101470,No
101471,No
101472,No
101473,No
101474,Yes
101475,Yes
101476,No
101477,No
101478,Yes
101479,No
101480,No
101481,No
101482,No
101483,No
101484,No
101485,No
101486,No
101487,No
101488,Yes
101489,No
101490,Yes
101491,Yes
101492,No
101493,No
101494,Yes
101495,No
101496,No
101497,Yes
101498,No
101499,No
101500,Yes
101501,No
101502,Yes
101503,No
101504,No
101505,No
101506,Yes
101507,No
101508,No
101509,No
101510,No
101511,Yes
101512,No
101513,No
101514,No
101515,No
101516,No
101517,No
101518,No
101519,No
101520,Yes
101521,Yes
101522,Yes
101523,No
101524,Yes
101525,Yes
101526,Yes
101527,No
101528,No
101529,No
101530,Yes
101531,Yes
101532,Yes
101533,No
101534,No
101535,No
101536,Yes
101537,No
101538,Yes
101539,Yes
101540,Yes
101541,No
101542,No
101543,No
101544,Yes
101545,No
101546,Yes
101547,No
101548,Yes
101549,No
101550,Yes
101551,Yes
101552,Yes
101553,No
101554,Yes
101555,Yes
101556,No
101557,No
101558,Yes
101559,Yes
101560,Yes
101561,No
101562,Yes
101563,No
101564,Yes
101565,Yes
101566,No
101567,No
101568,Yes
101569,No
101570,Yes
101571,Yes
101572,No
101573,No
101574,No
101575,Yes
101576,No
101577,No
101578,No
101579,No
101580,No
101581,No
101582,No
101583,Yes
101584,No
101585,No
101586,No
101587,Yes
101588,Yes
101589,No
101590,Yes
101591,Yes
101592,No
101593,No
101594,No
101595,No
101596,No
101597,No
101598,Yes
101599,No
101600,No
101601,No
101602,No
101603,No
101604,No
101605,No
101606,Yes
101607,Yes
101608,No
101609,No
101610,No
101611,No
101612,Yes
101613,No
101614,Yes
101615,No
101616,No
101617,No
101618,No
101619,No
101620,No
101621,No
101622,No
101623,Yes
101624,No
101625,No
101626,No
101627,No
101628,Yes
101629,Yes
101630,Yes
101631,Yes
101632,No
101633,No
101634,Yes
101635,No
101636,No
101637,Yes
101638,No
101639,No
101640,No
101641,No
101642,Yes
101643,Yes
101644,No
101645,No
101646,Yes
101647,No
101648,No
101649,No
101650,No
101651,Yes
101652,No
101653,Yes
101654,No
101655,No
101656,No
101657,No
101658,No
101659,Yes
101660,Yes
101661,Yes
101662,Yes
101663,No
101664,No
101665,No
101666,Yes
101667,Yes
101668,No
101669,Yes
101670,Yes
101671,Yes
101672,No
101673,No
101674,No
101675,No
101676,Yes
101677,Yes
101678,No
101679,No
101680,Yes
101681,No
101682,No
101683,No
101684,No
101685,No
101686,No
101687,No
101688,Yes
101689,Yes
101690,No
101691,No
101692,No
101693,Yes
101694,No
101695,No
101696,Yes
101697,No
101698,No
101699,Yes
101700,No
101701,Yes
101702,No
101703,Yes
101704,Yes
101705,No
101706,Yes
101707,No
101708,No
101709,Yes
101710,No
101711,Yes
101712,No
101713,No
101714,No
101715,No
101716,Yes
101717,No
101718,No
101719,Yes
101720,No
101721,Yes
101722,No
101723,No
101724,Yes
101725,Yes
101726,No
101727,No
101728,No
101729,No
101730,No
101731,Yes
101732,No
101733,No
101734,No
101735,Yes
101736,Yes
101737,No
101738,No
101739,No
101740,No
101741,Yes
101742,Yes
101743,No
101744,Yes
101745,Yes
101746,No
101747,No
101748,Yes
101749,No
101750,No
101751,No
101752,No
101753,Yes
101754,Yes
101755,No
101756,Yes
101757,No
101758,No
101759,No
101760,No
101761,No
101762,Yes
101763,No
101764,No
101765,Yes
101766,Yes
101767,Yes
101768,Yes
101769,No
101770,No
101771,No
101772,No
101773,Yes
101774,No
101775,No
101776,No
101777,No
101778,Yes
101779,Yes
101780,No
101781,No
101782,No
101783,No
101784,No
101785,No
101786,No
101787,Yes
101788,No
101789,No
101790,No
101791,No
101792,Yes
101793,Yes
101794,Yes
101795,No
101796,Yes
101797,Yes
101798,No
101799,No
101800,Yes
101801,Yes
101802,No
101803,No
101804,Yes
101805,Yes
101806,No
101807,No
101808,No
101809,No
101810,No
101811,No
101812,No
101813,No
101814,Yes
101815,Yes
101816,No
101817,Yes
101818,No
101819,Yes
101820,Yes
101821,No
101822,No
101823,Yes
101824,No
101825,Yes
101826,No
101827,Yes
101828,No
101829,No
101830,No
101831,Yes
101832,No
101833,No
101834,Yes
101835,No
101836,No
101837,Yes
101838,No
101839,No
101840,No
101841,No
101842,No
101843,No
101844,No
101845,Yes
101846,No
101847,Yes
101848,No
101849,Yes
101850,Yes
101851,No
101852,No
101853,Yes
101854,No
101855,No
101856,No
101857,No
101858,No
101859,No
101860,No
101861,Yes
101862,No
101863,Yes
101864,No
101865,Yes
101866,No
101867,Yes
101868,No
101869,Yes
101870,No
101871,No
101872,No
101873,No
101874,Yes
101875,No
101876,No
101877,No
101878,No
101879,Yes
101880,No
101881,Yes
101882,No
101883,No
101884,Yes
101885,Yes
101886,Yes
101887,No
101888,Yes
101889,No
101890,No
101891,No
101892,No
101893,No
101894,No
101895,Yes
101896,No
101897,No
101898,No
101899,No
101900,No
101901,No
101902,Yes
101903,No
101904,No
101905,Yes
101906,No
101907,No
101908,Yes
101909,Yes
101910,No
101911,Yes
101912,No
101913,Yes
101914,No
101915,Yes
101916,No
101917,Yes
101918,Yes
101919,No
101920,No
101921,No
101922,No
101923,No
101924,No
101925,No
101926,No
101927,No
101928,Yes
101929,No
101930,No
101931,No
101932,Yes
101933,Yes
101934,No
101935,No
101936,Yes
101937,Yes
101938,No
101939,Yes
101940,Yes
101941,No
101942,Yes
101943,No
101944,No
101945,No
101946,No
101947,No
101948,No
101949,Yes
101950,Yes
101951,No
101952,No
101953,Yes
101954,Yes
101955,Yes
101956,No
101957,No
101958,No
101959,Yes
101960,Yes
101961,No
101962,No
101963,No
101964,Yes
101965,Yes
101966,No
101967,No
101968,No
101969,No
101970,Yes
101971,No
101972,No
101973,No
101974,No
101975,Yes
101976,Yes
101977,Yes
101978,No
101979,No
101980,Yes
101981,No
101982,No
101983,No
101984,No
101985,No
101986,Yes
101987,No
101988,No
101989,No
101990,Yes
101991,No
101992,No
101993,No
101994,Yes
101995,No
101996,Yes
101997,Yes
101998,Yes
101999,No
102000,Yes
102001,Yes
102002,No
102003,Yes
102004,Yes
102005,No
102006,Yes
102007,Yes
102008,No
102009,No
102010,Yes
102011,No
102012,No
102013,No
102014,Yes
102015,Yes
102016,No
102017,Yes
102018,No
102019,No
102020,No
102021,Yes
102022,Yes
102023,No
102024,Yes
102025,No
102026,No
102027,Yes
102028,Yes
102029,No
102030,Yes
102031,Yes
102032,Yes
102033,No
102034,No
102035,No
102036,No
102037,Yes
102038,Yes
102039,No
102040,No
102041,No
102042,No
102043,No
102044,No
102045,No
102046,Yes
102047,Yes
102048,Yes
102049,No
102050,No
102051,Yes
102052,No
102053,No
102054,Yes
102055,Yes
102056,Yes
102057,No
102058,No
102059,Yes
102060,Yes
102061,No
102062,No
102063,No
102064,No
102065,Yes
102066,No
102067,No
102068,Yes
102069,No
102070,Yes
102071,No
102072,Yes
102073,No
102074,No
102075,Yes
102076,Yes
102077,Yes
102078,No
102079,No
102080,Yes
102081,No
102082,No
102083,No
102084,No
102085,No
102086,Yes
102087,Yes
102088,No
102089,Yes
102090,No
102091,Yes
102092,Yes
102093,No
102094,No
102095,Yes
102096,No
102097,Yes
102098,No
102099,No
102100,No
102101,Yes
102102,Yes
102103,No
102104,No
102105,No
102106,No
102107,No
102108,No
102109,No
102110,Yes
102111,Yes
102112,Yes
102113,No
102114,No
102115,No
102116,No
102117,Yes
102118,Yes
102119,Yes
102120,No
102121,No
102122,No
102123,No
102124,No
102125,Yes
102126,Yes
102127,Yes
102128,No
102129,No
102130,No
102131,No
102132,No
102133,No
102134,No
102135,Yes
102136,No
102137,Yes
102138,No
102139,No
102140,No
102141,No
102142,No
102143,No
102144,No
102145,No
102146,No
102147,No
102148,No
102149,Yes
102150,No
102151,No
102152,No
102153,No
102154,No
102155,No
102156,No
102157,No
102158,Yes
102159,No
102160,Yes
102161,No
102162,Yes
102163,No
102164,No
102165,Yes
102166,No
102167,No
102168,No
102169,Yes
102170,No
102171,No
102172,No
102173,Yes
102174,No
102175,No
102176,No
102177,No
102178,No
102179,Yes
102180,No
102181,No
102182,No
102183,No
102184,Yes
102185,Yes
102186,No
102187,Yes
102188,No
102189,Yes
102190,No
102191,Yes
102192,No
102193,Yes
102194,No
102195,No
102196,Yes
102197,No
102198,Yes
102199,Yes
102200,No
102201,Yes
102202,No
102203,No
102204,No
102205,No
102206,No
102207,No
102208,Yes
102209,No
102210,No
102211,Yes
102212,No
102213,No
102214,No
102215,No
102216,Yes
102217,Yes
102218,No
102219,No
102220,No
102221,No
102222,Yes
102223,No
102224,No
102225,No
102226,No
102227,No
102228,No
102229,No
102230,No
102231,No
102232,Yes
102233,No
102234,No
102235,No
102236,Yes
102237,No
102238,No
102239,Yes
102240,No
102241,No
102242,No
102243,Yes
102244,No
102245,No
102246,No
102247,No
102248,No
102249,No
102250,No
102251,No
102252,Yes
102253,No
102254,Yes
102255,No
102256,Yes
102257,No
102258,Yes
102259,No
102260,Yes
102261,Yes
102262,No
102263,No
102264,Yes
102265,Yes
102266,No
102267,Yes
102268,No
102269,Yes
102270,No
102271,Yes
102272,No
102273,Yes
102274,Yes
102275,No
102276,Yes
102277,No
102278,No
102279,No
102280,No
102281,No
102282,No
102283,Yes
102284,Yes
102285,Yes
102286,No
102287,No
102288,Yes
102289,Yes
102290,No
102291,No
102292,No
102293,No
102294,Yes
102295,No
102296,Yes
102297,Yes
102298,No
102299,No
102300,No
102301,Yes
102302,Yes
102303,Yes
102304,Yes
102305,No
102306,Yes
102307,No
102308,No
102309,No
102310,Yes
102311,Yes
102312,Yes
102313,No
102314,No
102315,No
102316,No
102317,No
102318,Yes
102319,No
102320,Yes
102321,No
102322,Yes
102323,No
102324,No
102325,No
102326,No
102327,No
102328,No
102329,No
102330,Yes
102331,No
102332,Yes
102333,Yes
102334,No
102335,No
102336,No
102337,No
102338,No
102339,Yes
102340,Yes
102341,No
102342,Yes
102343,Yes
102344,No
102345,No
102346,No
102347,No
102348,Yes
102349,Yes
102350,No
102351,No
102352,Yes
102353,Yes
102354,No
102355,No
102356,No
102357,No
102358,No
102359,Yes
102360,No
102361,Yes
102362,No
102363,Yes
102364,No
102365,No
102366,No
102367,No
102368,No
102369,Yes
102370,No
102371,Yes
102372,No
102373,No
102374,Yes
102375,No
102376,No
102377,No
102378,No
102379,Yes
102380,Yes
102381,No
102382,No
102383,Yes
102384,Yes
102385,No
102386,No
102387,No
102388,No
102389,No
102390,No
102391,No
102392,Yes
102393,No
102394,No
102395,Yes
102396,Yes
102397,Yes
102398,No
102399,No
102400,Yes
102401,No
102402,No
102403,No
102404,No
102405,Yes
102406,Yes
102407,No
102408,Yes
102409,Yes
102410,Yes
102411,No
102412,Yes
102413,Yes
102414,Yes
102415,Yes
102416,Yes
102417,Yes
102418,No
102419,Yes
102420,No
102421,No
102422,No
102423,No
102424,No
102425,Yes
102426,No
102427,Yes
102428,Yes
102429,Yes
102430,Yes
102431,Yes
102432,No
102433,Yes
102434,Yes
102435,Yes
102436,Yes
102437,Yes
102438,No
102439,No
102440,No
102441,No
102442,Yes
102443,No
102444,Yes
102445,Yes
102446,Yes
102447,Yes
102448,No
102449,Yes
102450,No
102451,No
102452,No
102453,No
102454,Yes
102455,Yes
102456,Yes
102457,Yes
102458,No
102459,No
102460,No
102461,No
102462,No
102463,No
102464,No
102465,Yes
102466,No
102467,Yes
102468,No
102469,No
102470,No
102471,Yes
102472,No
102473,No
102474,Yes
102475,Yes
102476,No
102477,No
102478,Yes
102479,No
102480,Yes
102481,Yes
102482,No
102483,No
102484,Yes
102485,No
102486,No
102487,Yes
102488,No
102489,Yes
102490,Yes
102491,No
102492,No
102493,No
102494,No
102495,No
102496,Yes
102497,Yes
102498,No
102499,No
102500,No
102501,Yes
102502,No
102503,No
102504,Yes
102505,No
102506,No
102507,Yes
102508,Yes
102509,Yes
102510,No
102511,No
102512,No
102513,Yes
102514,No
102515,No
102516,Yes
102517,No
102518,Yes
102519,Yes
102520,Yes
102521,Yes
102522,Yes
102523,No
102524,Yes
102525,Yes
102526,Yes
102527,Yes
102528,Yes
102529,No
102530,No
102531,No
102532,No
102533,Yes
102534,No
102535,No
102536,No
102537,No
102538,No
102539,Yes
102540,No
102541,No
102542,No
102543,No
102544,Yes
102545,No
102546,No
102547,No
102548,No
102549,No
102550,Yes
102551,No
102552,No
102553,No
102554,No
102555,No
102556,Yes
102557,No
102558,No
102559,No
102560,No
102561,No
102562,No
102563,Yes
102564,No
102565,Yes
102566,No
102567,Yes
102568,No
102569,No
102570,No
102571,Yes
102572,No
102573,No
102574,No
102575,No
102576,Yes
102577,Yes
102578,No
102579,No
102580,Yes
102581,No
102582,No
102583,No
102584,No
102585,No
102586,No
102587,Yes
102588,No
102589,Yes
102590,No
102591,No
102592,No
102593,Yes
102594,No
102595,Yes
102596,No
102597,No
102598,No
102599,No
102600,Yes
102601,No
102602,No
102603,Yes
102604,No
102605,No
102606,No
102607,No
102608,No
102609,Yes
102610,No
102611,Yes
102612,Yes
102613,Yes
102614,No
102615,No
102616,Yes
102617,No
102618,Yes
102619,No
102620,Yes
102621,No
102622,No
102623,No
102624,No
102625,No
102626,No
102627,No
102628,Yes
102629,Yes
102630,No
102631,Yes
102632,Yes
102633,Yes
102634,No
102635,Yes
102636,Yes
102637,No
102638,Yes
102639,Yes
102640,Yes
102641,Yes
102642,No
102643,Yes
102644,Yes
102645,Yes
102646,No
102647,No
102648,No
102649,No
102650,Yes
102651,No
102652,Yes
102653,Yes
102654,Yes
102655,No
102656,No
102657,Yes
102658,No
102659,No
102660,Yes
102661,Yes
102662,Yes
102663,No
102664,No
102665,Yes
102666,No
102667,No
102668,Yes
102669,Yes
102670,Yes
102671,No
102672,No
102673,Yes
102674,No
102675,No
102676,No
102677,No
102678,No
102679,Yes
102680,No
102681,No
102682,Yes
102683,No
102684,Yes
102685,Yes
102686,No
102687,Yes
102688,Yes
102689,No
102690,No
102691,Yes
102692,No
102693,Yes
102694,Yes
102695,No
102696,Yes
102697,Yes
102698,No
102699,Yes
102700,Yes
102701,Yes
102702,No
102703,No
102704,Yes
102705,No
102706,No
102707,No
102708,No
102709,No
102710,Yes
102711,Yes
102712,Yes
102713,Yes
102714,Yes
102715,No
102716,Yes
102717,No
102718,Yes
102719,No
102720,No
102721,Yes
102722,No
102723,No
102724,No
102725,Yes
102726,Yes
102727,No
102728,No
102729,No
102730,No
102731,No
102732,No
102733,No
102734,Yes
102735,Yes
102736,Yes
102737,Yes
102738,No
102739,No
102740,No
102741,No
102742,No
102743,No
102744,No
102745,Yes
102746,No
102747,Yes
102748,Yes
102749,No
102750,No
102751,Yes
102752,No
102753,No
102754,No
102755,No
102756,No
102757,No
102758,No
102759,No
102760,Yes
102761,Yes
102762,Yes
102763,No
102764,No
102765,No
102766,Yes
102767,No
102768,Yes
102769,No
102770,Yes
102771,Yes
102772,No
102773,No
102774,No
102775,No
102776,Yes
102777,Yes
102778,Yes
102779,No
102780,No
102781,Yes
102782,No
102783,Yes
102784,No
102785,No
102786,No
102787,No
102788,Yes
102789,No
102790,No
102791,Yes
102792,Yes
102793,No
102794,No
102795,Yes
102796,No
102797,Yes
102798,Yes
102799,Yes
102800,Yes
102801,Yes
102802,No
102803,No
102804,Yes
102805,No
102806,Yes
102807,No
102808,No
102809,No
102810,Yes
102811,No
102812,No
102813,No
102814,Yes
102815,Yes
102816,No
102817,Yes
102818,Yes
102819,No
102820,Yes
102821,Yes
102822,Yes
102823,No
102824,No
102825,No
102826,No
102827,No
102828,No
102829,No
102830,No
102831,No
102832,No
102833,Yes
102834,No
102835,No
102836,No
102837,No
102838,No
102839,Yes
102840,No
102841,Yes
102842,No
102843,Yes
102844,Yes
102845,Yes
102846,No
102847,No
102848,No
102849,No
102850,No
102851,No
102852,No
102853,Yes
102854,No
102855,No
102856,No
102857,No
102858,Yes
102859,No
102860,Yes
102861,No
102862,No
102863,No
102864,Yes
102865,No
102866,No
102867,Yes
102868,Yes
102869,No
102870,No
102871,No
102872,No
102873,Yes
102874,No
102875,No
102876,No
102877,No
102878,Yes
102879,Yes
102880,No
102881,No
102882,No
102883,Yes
102884,No
102885,Yes
102886,No
102887,No
102888,No
102889,No
102890,Yes
102891,No
102892,No
102893,No
102894,No
102895,No
102896,No
102897,No
102898,No
102899,No
102900,No
102901,Yes
102902,Yes
102903,Yes
102904,No
102905,No
102906,Yes
102907,No
102908,No
102909,Yes
102910,No
102911,Yes
102912,Yes
102913,Yes
102914,No
102915,Yes
102916,No
102917,No
102918,No
102919,No
102920,No
102921,No
102922,No
102923,No
102924,No
102925,No
102926,No
102927,No
102928,Yes
102929,Yes
102930,No
102931,Yes
102932,Yes
102933,Yes
102934,No
102935,Yes
102936,Yes
102937,Yes
102938,No
102939,No
102940,No
102941,No
102942,Yes
102943,Yes
102944,Yes
102945,No
102946,Yes
102947,No
102948,No
102949,Yes
102950,No
102951,Yes
102952,No
102953,Yes
102954,Yes
102955,Yes
102956,No
102957,Yes
102958,Yes
102959,Yes
102960,No
102961,No
102962,Yes
102963,No
102964,No
102965,No
102966,No
102967,Yes
102968,No
102969,No
102970,No
102971,No
102972,Yes
102973,No
102974,Yes
102975,No
102976,No
102977,Yes
102978,No
102979,No
102980,No
102981,No
102982,No
102983,Yes
102984,No
102985,Yes
102986,No
102987,No
102988,Yes
102989,Yes
102990,No
102991,Yes
102992,No
102993,Yes
102994,Yes
102995,No
102996,No
102997,No
102998,Yes
102999,No
103000,No
103001,No
103002,No
103003,No
103004,No
103005,No
103006,No
103007,No
103008,No
103009,No
103010,No
103011,No
103012,No
103013,No
103014,No
103015,Yes
103016,No
103017,No
103018,No
103019,Yes
103020,No
103021,Yes
103022,Yes
103023,No
103024,No
103025,Yes
103026,Yes
103027,Yes
103028,Yes
103029,No
103030,No
103031,Yes
103032,No
103033,No
103034,Yes
103035,No
103036,No
103037,No
103038,Yes
103039,No
103040,No
103041,Yes
103042,No
103043,Yes
103044,No
103045,No
103046,Yes
103047,No
103048,Yes
103049,No
103050,Yes
103051,No
103052,No
103053,No
103054,Yes
103055,No
103056,Yes
103057,Yes
103058,Yes
103059,No
103060,No
103061,No
103062,No
103063,Yes
103064,No
103065,No
103066,Yes
103067,Yes
103068,No
103069,No
103070,No
103071,No
103072,No
103073,Yes
103074,No
103075,Yes
103076,No
103077,No
103078,No
103079,No
103080,No
103081,Yes
103082,No
103083,No
103084,Yes
103085,Yes
103086,Yes
103087,No
103088,Yes
103089,No
103090,Yes
103091,Yes
103092,No
103093,Yes
103094,No
103095,No
103096,No
103097,No
103098,No
103099,Yes
103100,No
103101,No
103102,No
103103,Yes
103104,No
103105,Yes
103106,Yes
103107,No
103108,Yes
103109,No
103110,No
103111,No
103112,Yes
103113,Yes
103114,Yes
103115,No
103116,Yes
103117,No
103118,No
103119,No
103120,Yes
103121,No
103122,Yes
103123,Yes
103124,No
103125,No
103126,No
103127,Yes
103128,No
103129,Yes
103130,No
103131,No
103132,No
103133,No
103134,Yes
103135,No
103136,Yes
103137,Yes
103138,No
103139,Yes
103140,Yes
103141,No
103142,Yes
103143,No
103144,Yes
103145,No
103146,Yes
103147,Yes
103148,Yes
103149,Yes
103150,No
103151,Yes
103152,Yes
103153,Yes
103154,Yes
103155,No
103156,No
103157,No
103158,No
103159,No
103160,Yes
103161,No
103162,No
103163,Yes
103164,No
103165,No
103166,No
103167,No
103168,Yes
103169,No
103170,No
103171,Yes
103172,No
103173,No
103174,Yes
103175,Yes
103176,No
103177,No
103178,Yes
103179,Yes
103180,Yes
103181,Yes
103182,No
103183,No
103184,Yes
103185,No
103186,Yes
103187,No
103188,No
103189,No
103190,Yes
103191,No
103192,No
103193,Yes
103194,Yes
103195,Yes
103196,No
103197,Yes
103198,No
103199,No
103200,No
103201,No
103202,No
103203,No
103204,No
103205,No
103206,No
103207,No
103208,Yes
103209,No
103210,Yes
103211,Yes
103212,Yes
103213,No
103214,No
103215,No
103216,Yes
103217,No
103218,Yes
103219,No
103220,Yes
103221,No
103222,No
103223,No
103224,Yes
103225,No
103226,Yes
103227,No
103228,No
103229,Yes
103230,No
103231,No
103232,Yes
103233,No
103234,No
103235,Yes
103236,Yes
103237,No
103238,Yes
103239,Yes
103240,No
103241,Yes
103242,No
103243,No
103244,Yes
103245,No
103246,Yes
103247,No
103248,Yes
103249,No
103250,No
103251,Yes
103252,No
103253,No
103254,No
103255,Yes
103256,No
103257,Yes
103258,Yes
103259,No
103260,Yes
103261,Yes
103262,Yes
103263,No
103264,Yes
103265,No
103266,Yes
103267,No
103268,No
103269,No
103270,No
103271,No
103272,Yes
103273,No
103274,No
103275,No
103276,Yes
103277,No
103278,No
103279,Yes
103280,Yes
103281,No
103282,Yes
103283,No
103284,Yes
103285,No
103286,Yes
103287,No
103288,Yes
103289,Yes
103290,No
103291,No
103292,Yes
103293,Yes
103294,No
103295,Yes
103296,Yes
103297,Yes
103298,No
103299,No
103300,Yes
103301,Yes
103302,No
103303,No
103304,No
103305,Yes
103306,Yes
103307,No
103308,Yes
103309,No
103310,Yes
103311,No
103312,No
103313,Yes
103314,No
103315,Yes
103316,Yes
103317,Yes
103318,No
103319,No
103320,No
103321,No
103322,Yes
103323,No
103324,Yes
103325,Yes
103326,No
103327,Yes
103328,No
103329,No
103330,No
103331,Yes
103332,Yes
103333,No
103334,Yes
103335,No
103336,Yes
103337,Yes
103338,No
103339,No
103340,No
103341,No
103342,No
103343,No
103344,Yes
103345,No
103346,No
103347,No
103348,No
103349,Yes
103350,No
103351,Yes
103352,No
103353,Yes
103354,No
103355,Yes
103356,Yes
103357,No
103358,Yes
103359,Yes
103360,Yes
103361,Yes
103362,No
103363,No
103364,No
103365,No
103366,No
103367,No
103368,Yes
103369,No
103370,No
103371,No
103372,No
103373,No
103374,Yes
103375,Yes
103376,No
103377,Yes
103378,Yes
103379,Yes
103380,Yes
103381,No
103382,Yes
103383,No
103384,No
103385,No
103386,Yes
103387,Yes
103388,No
103389,Yes
103390,No
103391,No
103392,No
103393,Yes
103394,Yes
103395,No
103396,No
103397,Yes
103398,No
103399,No
103400,Yes
103401,Yes
103402,No
103403,No
103404,Yes
103405,Yes
103406,No
103407,No
103408,Yes
103409,Yes
103410,No
103411,No
103412,Yes
103413,Yes
103414,No
103415,No
103416,Yes
103417,Yes
103418,No
103419,Yes
103420,Yes
103421,No
103422,No
103423,Yes
103424,Yes
103425,No
103426,Yes
103427,Yes
103428,Yes
103429,Yes
103430,Yes
103431,Yes
103432,No
103433,No
103434,No
103435,No
103436,No
103437,No
103438,No
103439,No
103440,No
103441,No
103442,Yes
103443,Yes
103444,Yes
103445,No
103446,Yes
103447,No
103448,Yes
103449,No
103450,No
103451,Yes
103452,No
103453,No
103454,Yes
103455,Yes
103456,Yes
103457,No
103458,Yes
103459,Yes
103460,No
103461,No
103462,No
103463,No
103464,No
103465,No
103466,No
103467,No
103468,No
103469,No
103470,Yes
103471,No
103472,Yes
103473,Yes
103474,No
103475,No
103476,No
103477,Yes
103478,No
103479,No
103480,Yes
103481,Yes
103482,Yes
103483,No
103484,No
103485,No
103486,Yes
103487,No
103488,No
103489,No
103490,No
103491,No
103492,No
103493,No
103494,Yes
103495,No
103496,No
103497,Yes
103498,No
103499,No
103500,No
103501,No
103502,Yes
103503,No
103504,No
103505,No
103506,Yes
103507,No
103508,Yes
103509,Yes
103510,No
103511,No
103512,No
103513,No
103514,No
103515,No
103516,No
103517,Yes
103518,Yes
103519,No
103520,No
103521,No
103522,No
103523,No
103524,Yes
103525,Yes
103526,No
103527,No
103528,Yes
103529,No
103530,No
103531,No
103532,No
103533,No
103534,No
103535,Yes
103536,Yes
103537,No
103538,No
103539,Yes
103540,No
103541,Yes
103542,No
103543,Yes
103544,Yes
103545,Yes
103546,No
103547,No
103548,No
103549,No
103550,No
103551,No
103552,No
103553,No
103554,No
103555,Yes
103556,Yes
103557,No
103558,Yes
103559,No
103560,No
103561,No
103562,No
103563,Yes
103564,No
103565,No
103566,Yes
103567,No
103568,Yes
103569,No
103570,No
103571,No
103572,No
103573,Yes
103574,No
103575,No
103576,Yes
103577,No
103578,Yes
103579,Yes
103580,No
103581,Yes
103582,No
103583,No
103584,No
103585,No
103586,No
103587,No
103588,No
103589,No
103590,No
103591,Yes
103592,No
103593,No
103594,No
103595,No
103596,Yes
103597,Yes
103598,No
103599,No
103600,Yes
103601,No
103602,Yes
103603,No
103604,No
103605,No
103606,No
103607,No
103608,No
103609,No
103610,No
103611,Yes
103612,No
103613,Yes
103614,No
103615,No
103616,No
103617,Yes
103618,No
103619,No
103620,No
103621,Yes
103622,Yes
103623,Yes
103624,Yes
103625,No
103626,No
103627,No
103628,No
103629,No
103630,No
103631,Yes
103632,No
103633,No
103634,No
103635,No
103636,No
103637,Yes
103638,Yes
103639,No
103640,Yes
103641,No
103642,No
103643,No
103644,Yes
103645,No
103646,No
103647,No
103648,Yes
103649,No
103650,Yes
103651,No
103652,No
103653,No
103654,No
103655,No
103656,Yes
103657,No
103658,No
103659,No
103660,Yes
103661,Yes
103662,Yes
103663,No
103664,Yes
103665,No
103666,No
103667,Yes
103668,No
103669,No
103670,No
103671,No
103672,No
103673,No
103674,No
103675,Yes
103676,No
103677,Yes
103678,No
103679,Yes
103680,No
103681,No
103682,No
103683,Yes
103684,Yes
103685,Yes
103686,No
103687,No
103688,No
103689,Yes
103690,Yes
103691,No
103692,No
103693,No
103694,Yes
103695,Yes
103696,Yes
103697,Yes
103698,No
103699,No
103700,No
103701,No
103702,No
103703,No
103704,No
103705,Yes
103706,No
103707,No
103708,No
103709,Yes
103710,Yes
103711,Yes
103712,No
103713,Yes
103714,Yes
103715,No
103716,No
103717,No
103718,No
103719,No
103720,Yes
103721,No
103722,No
103723,No
103724,No
103725,No
103726,No
103727,Yes
103728,Yes
103729,No
103730,Yes
103731,No
103732,No
103733,Yes
103734,Yes
103735,No
103736,No
103737,No
103738,No
103739,Yes
103740,No
103741,Yes
103742,No
103743,No
103744,Yes
103745,Yes
103746,No
103747,No
103748,No
103749,Yes
103750,No
103751,No
103752,No
103753,No
103754,No
103755,Yes
103756,Yes
103757,No
103758,No
103759,No
103760,No
103761,Yes
103762,Yes
103763,No
103764,Yes
103765,Yes
103766,Yes
103767,No
103768,Yes
103769,No
103770,No
103771,Yes
103772,Yes
103773,Yes
103774,No
103775,Yes
103776,No
103777,No
103778,Yes
103779,Yes
103780,No
103781,Yes
103782,Yes
103783,No
103784,Yes
103785,No
103786,No
103787,No
103788,Yes
103789,Yes
103790,No
103791,No
103792,No
103793,Yes
103794,No
103795,Yes
103796,No
103797,No
103798,No
103799,No
103800,Yes
103801,Yes
103802,Yes
103803,Yes
103804,Yes
103805,Yes
103806,Yes
103807,No
103808,No
103809,No
103810,No
103811,Yes
103812,Yes
103813,No
103814,No
103815,No
103816,Yes
103817,No
103818,Yes
103819,No
103820,No
103821,Yes
103822,Yes
103823,No
103824,No
103825,No
103826,Yes
103827,No
103828,Yes
103829,No
103830,Yes
103831,Yes
103832,Yes
103833,No
103834,Yes
103835,No
103836,No
103837,No
103838,Yes
103839,No
103840,No
103841,No
103842,No
103843,No
103844,No
103845,No
103846,Yes
103847,No
103848,No
103849,No
103850,No
103851,No
103852,No
103853,Yes
103854,No
103855,No
103856,No
103857,Yes
103858,Yes
103859,No
103860,Yes
103861,No
103862,No
103863,No
103864,No
103865,No
103866,No
103867,Yes
103868,No
103869,No
103870,Yes
103871,No
103872,No
103873,Yes
103874,Yes
103875,Yes
103876,Yes
103877,No
103878,Yes
103879,Yes
103880,No
103881,No
103882,No
103883,No
103884,Yes
103885,No
103886,No
103887,Yes
103888,No
103889,No
103890,No
103891,Yes
103892,No
103893,Yes
103894,No
103895,No
103896,Yes
103897,No
103898,Yes
103899,No
103900,No
103901,No
103902,Yes
103903,No
103904,Yes
103905,Yes
103906,Yes
103907,Yes
103908,No
103909,Yes
103910,Yes
103911,No
103912,No
103913,No
103914,Yes
103915,No
103916,No
103917,No
103918,Yes
103919,No
103920,Yes
103921,No
103922,No
103923,Yes
103924,No
103925,No
103926,No
103927,No
103928,No
103929,Yes
103930,Yes
103931,No
103932,No
103933,No
103934,Yes
103935,No
103936,No
103937,No
103938,No
103939,No
103940,Yes
103941,No
103942,Yes
103943,No
103944,No
103945,Yes
103946,No
103947,No
103948,No
103949,No
103950,Yes
103951,No
103952,No
103953,No
103954,No
103955,No
103956,No
103957,Yes
103958,No
103959,Yes
103960,No
103961,No
103962,No
103963,No
103964,No
103965,No
103966,Yes
103967,Yes
103968,No
103969,No
103970,Yes
103971,Yes
103972,No
103973,No
103974,No
103975,No
103976,No
103977,No
103978,Yes
103979,Yes
103980,Yes
103981,Yes
103982,Yes
103983,Yes
103984,No
103985,No
103986,No
103987,No
103988,Yes
103989,Yes
103990,Yes
103991,No
103992,No
103993,Yes
103994,No
103995,No
103996,Yes
103997,Yes
103998,No
103999,Yes
104000,Yes
104001,No
104002,Yes
104003,Yes
104004,No
104005,Yes
104006,Yes
104007,No
104008,Yes
104009,Yes
104010,No
104011,No
104012,No
104013,No
104014,No
104015,Yes
104016,Yes
104017,No
104018,No
104019,No
104020,No
104021,No
104022,No
104023,No
104024,Yes
104025,No
104026,Yes
104027,Yes
104028,No
104029,No
104030,Yes
104031,No
104032,Yes
104033,No
104034,Yes
104035,No
104036,No
104037,No
104038,No
104039,No
104040,No
104041,Yes
104042,Yes
104043,Yes
104044,No
104045,Yes
104046,Yes
104047,No
104048,Yes
104049,No
104050,No
104051,Yes
104052,Yes
104053,No
104054,No
104055,Yes
104056,Yes
104057,Yes
104058,Yes
104059,No
104060,Yes
104061,No
104062,No
104063,Yes
104064,No
104065,No
104066,No
104067,No
104068,Yes
104069,No
104070,Yes
104071,Yes
104072,No
104073,No
104074,No
104075,No
104076,Yes
104077,No
104078,No
104079,Yes
104080,No
104081,No
104082,Yes
104083,Yes
104084,Yes
104085,No
104086,No
104087,Yes
104088,No
104089,Yes
104090,No
104091,No
104092,Yes
104093,No
104094,No
104095,No
104096,Yes
104097,Yes
104098,Yes
104099,No
104100,No
104101,Yes
104102,No
104103,No
104104,No
104105,No
104106,Yes
104107,Yes
104108,Yes
104109,No
104110,Yes
104111,No
104112,Yes
104113,No
104114,Yes
104115,No
104116,No
104117,Yes
104118,No
104119,Yes
104120,No
104121,Yes
104122,No
104123,No
104124,No
104125,No
104126,No
104127,No
104128,No
104129,Yes
104130,No
104131,No
104132,No
104133,No
104134,No
104135,No
104136,No
104137,No
104138,Yes
104139,No
104140,Yes
104141,No
104142,No
104143,No
104144,No
104145,Yes
104146,No
104147,No
104148,Yes
104149,Yes
104150,No
104151,No
104152,No
104153,No
104154,Yes
104155,Yes
104156,No
104157,No
104158,Yes
104159,Yes
104160,No
104161,Yes
104162,Yes
104163,No
104164,No
104165,No
104166,No
104167,No
104168,No
104169,No
104170,Yes
104171,No
104172,No
104173,Yes
104174,Yes
104175,Yes
104176,No
104177,No
104178,No
104179,No
104180,No
104181,No
104182,No
104183,No
104184,Yes
104185,No
104186,No
104187,Yes
104188,Yes
104189,No
104190,No
104191,No
104192,No
104193,No
104194,No
104195,No
104196,Yes
104197,No
104198,No
104199,No
104200,No
104201,Yes
104202,No
104203,No
104204,No
104205,No
104206,No
104207,No
104208,No
104209,No
104210,Yes
104211,Yes
104212,Yes
104213,No
104214,No
104215,No
104216,No
104217,No
104218,No
104219,No
104220,Yes
104221,No
104222,No
104223,No
104224,Yes
104225,Yes
104226,Yes
104227,No
104228,No
104229,Yes
104230,Yes
104231,Yes
104232,No
104233,No
104234,No
104235,No
104236,No
104237,Yes
104238,No
104239,No
104240,Yes
104241,No
104242,Yes
104243,Yes
104244,No
104245,Yes
104246,No
104247,Yes
104248,Yes
104249,No
104250,No
104251,Yes
104252,No
104253,No
104254,No
104255,Yes
104256,Yes
104257,Yes
104258,No
104259,Yes
104260,Yes
104261,Yes
104262,No
104263,No
104264,Yes
104265,Yes
104266,No
104267,Yes
104268,Yes
104269,Yes
104270,No
104271,Yes
104272,No
104273,Yes
104274,No
104275,No
104276,No
104277,Yes
104278,No
104279,Yes
104280,No
104281,No
104282,No
104283,No
104284,Yes
104285,No
104286,No
104287,No
104288,No
104289,No
104290,Yes
104291,No
104292,Yes
104293,No
104294,Yes
104295,Yes
104296,No
104297,No
104298,Yes
104299,Yes
104300,No
104301,Yes
104302,Yes
104303,No
104304,No
104305,Yes
104306,No
104307,No
104308,Yes
104309,Yes
104310,No
104311,No
104312,Yes
104313,No
104314,No
104315,No
104316,Yes
104317,Yes
104318,No
104319,No
104320,No
104321,Yes
104322,No
104323,No
104324,Yes
104325,Yes
104326,No
104327,Yes
104328,No
104329,No
104330,No
104331,Yes
104332,No
104333,Yes
104334,No
104335,Yes
104336,Yes
104337,No
104338,No
104339,Yes
104340,No
104341,Yes
104342,No
104343,No
104344,Yes
104345,Yes
104346,Yes
104347,Yes
104348,No
104349,Yes
104350,Yes
104351,Yes
104352,No
104353,Yes
104354,No
104355,Yes
104356,Yes
104357,Yes
104358,Yes
104359,No
104360,No
104361,No
104362,No
104363,No
104364,Yes
104365,No
104366,Yes
104367,No
104368,No
104369,Yes
104370,No
104371,Yes
104372,No
104373,No
104374,No
104375,No
104376,Yes
104377,Yes
104378,No
104379,No
104380,Yes
104381,No
104382,Yes
104383,No
104384,No
104385,Yes
104386,No
104387,No
104388,Yes
104389,Yes
104390,Yes
104391,No
104392,Yes
104393,No
104394,No
104395,Yes
104396,Yes
104397,No
104398,No
104399,Yes
104400,No
104401,No
104402,Yes
104403,No
104404,No
104405,No
104406,Yes
104407,No
104408,No
104409,Yes
104410,No
104411,No
104412,No
104413,Yes
104414,No
104415,No
104416,No
104417,No
104418,No
104419,No
104420,Yes
104421,No
104422,Yes
104423,No
104424,Yes
104425,No
104426,No
104427,No
104428,No
104429,No
104430,Yes
104431,Yes
104432,No
104433,Yes
104434,No
104435,No
104436,No
104437,No
104438,No
104439,No
104440,No
104441,No
104442,No
104443,No
104444,Yes
104445,No
104446,No
104447,Yes
104448,Yes
104449,No
104450,No
104451,Yes
104452,Yes
104453,No
104454,No
104455,No
104456,Yes
104457,No
104458,Yes
104459,Yes
104460,Yes
104461,Yes
104462,Yes
104463,Yes
104464,No
104465,Yes
104466,No
104467,No
104468,No
104469,No
104470,Yes
104471,No
104472,Yes
104473,Yes
104474,Yes
104475,No
104476,No
104477,Yes
104478,Yes
104479,No
104480,No
104481,No
104482,No
104483,Yes
104484,Yes
104485,No
104486,No
104487,No
104488,No
104489,Yes
104490,No
104491,No
104492,No
104493,No
104494,Yes
104495,No
104496,Yes
104497,No
104498,No
104499,No
104500,No
104501,Yes
104502,Yes
104503,No
104504,No
104505,No
104506,No
104507,No
104508,Yes
104509,No
104510,Yes
104511,Yes
104512,Yes
104513,Yes
104514,No
104515,No
104516,Yes
104517,Yes
104518,No
104519,No
104520,No
104521,No
104522,No
104523,No
104524,No
104525,No
104526,No
104527,Yes
104528,No
104529,Yes
104530,Yes
104531,Yes
104532,No
104533,No
104534,Yes
104535,No
104536,No
104537,Yes
104538,No
104539,No
104540,Yes
104541,Yes
104542,No
104543,No
104544,Yes
104545,No
104546,No
104547,No
104548,Yes
104549,Yes
104550,No
104551,Yes
104552,No
104553,No
104554,No
104555,Yes
104556,No
104557,Yes
104558,No
104559,No
104560,No
104561,No
104562,No
104563,Yes
104564,Yes
104565,Yes
104566,No
104567,No
104568,Yes
104569,No
104570,No
104571,No
104572,Yes
104573,No
104574,No
104575,No
104576,No
104577,Yes
104578,Yes
104579,No
104580,Yes
104581,No
104582,Yes
104583,Yes
104584,No
104585,Yes
104586,Yes
104587,No
104588,Yes
104589,Yes
104590,Yes
104591,Yes
104592,Yes
104593,Yes
104594,Yes
104595,No
104596,No
104597,Yes
104598,Yes
104599,No
104600,Yes
104601,No
104602,Yes
104603,No
104604,Yes
104605,No
104606,No
104607,No
104608,No
104609,Yes
104610,No
104611,No
104612,No
104613,Yes
104614,No
104615,No
104616,No
104617,No
104618,No
104619,No
104620,Yes
104621,No
104622,No
104623,No
104624,No
104625,Yes
104626,No
104627,No
104628,No
104629,No
104630,No
104631,Yes
104632,Yes
104633,No
104634,No
104635,Yes
104636,No
104637,Yes
104638,Yes
104639,No
104640,No
104641,No
104642,No
104643,No
104644,No
104645,No
104646,No
104647,Yes
104648,Yes
104649,No
104650,No
104651,Yes
104652,Yes
104653,No
104654,No
104655,Yes
104656,No
104657,Yes
104658,Yes
104659,Yes
104660,No
104661,No
104662,Yes
104663,No
104664,No
104665,No
104666,No
104667,Yes
104668,No
104669,No
104670,Yes
104671,No
104672,Yes
104673,Yes
104674,Yes
104675,No
104676,Yes
104677,No
104678,No
104679,Yes
104680,No
104681,No
104682,No
104683,No
104684,No
104685,Yes
104686,No
104687,Yes
104688,Yes
104689,Yes
104690,Yes
104691,Yes
104692,Yes
104693,No
104694,No
104695,Yes
104696,Yes
104697,Yes
104698,No
104699,No
104700,No
104701,Yes
104702,No
104703,No
104704,Yes
104705,No
104706,No
104707,Yes
104708,No
104709,Yes
104710,No
104711,No
104712,Yes
104713,No
104714,No
104715,No
104716,No
104717,No
104718,Yes
104719,Yes
104720,No
104721,No
104722,No
104723,No
104724,No
104725,No
104726,No
104727,Yes
104728,No
104729,No
104730,No
104731,No
104732,Yes
104733,No
104734,No
104735,Yes
104736,Yes
104737,No
104738,Yes
104739,No
104740,No
104741,Yes
104742,No
104743,No
104744,Yes
104745,No
104746,No
104747,Yes
104748,Yes
104749,No
104750,No
104751,No
104752,Yes
104753,No
104754,No
104755,No
104756,No
104757,No
104758,No
104759,No
104760,No
104761,No
104762,No
104763,No
104764,Yes
104765,No
104766,Yes
104767,Yes
104768,No
104769,No
104770,No
104771,Yes
104772,Yes
104773,Yes
104774,No
104775,No
104776,No
104777,No
104778,No
104779,No
104780,Yes
104781,Yes
104782,Yes
104783,Yes
104784,Yes
104785,No
104786,Yes
104787,No
104788,Yes
104789,No
104790,No
104791,Yes
104792,No
104793,Yes
104794,No
104795,No
104796,No
104797,No
104798,No
104799,Yes
104800,Yes
104801,No
104802,No
104803,No
104804,No
104805,No
104806,Yes
104807,Yes
104808,No
104809,No
104810,No
104811,No
104812,No
104813,Yes
104814,No
104815,Yes
104816,No
104817,No
104818,No
104819,No
104820,No
104821,No
104822,Yes
104823,No
104824,Yes
104825,No
104826,No
104827,No
104828,No
104829,No
104830,No
104831,Yes
104832,No
104833,No
104834,Yes
104835,No
104836,Yes
104837,No
104838,No
104839,Yes
104840,Yes
104841,No
104842,No
104843,Yes
104844,No
104845,Yes
104846,Yes
104847,No
104848,No
104849,Yes
104850,Yes
104851,Yes
104852,Yes
104853,No
104854,No
104855,Yes
104856,No
104857,Yes
104858,No
104859,No
104860,Yes
104861,No
104862,No
104863,No
104864,Yes
104865,No
104866,No
104867,Yes
104868,No
104869,No
104870,Yes
104871,Yes
104872,No
104873,No
104874,No
104875,Yes
104876,No
104877,No
104878,No
104879,Yes
104880,No
104881,No
104882,No
104883,Yes
104884,No
104885,No
104886,Yes
104887,No
104888,No
104889,No
104890,Yes
104891,No
104892,No
104893,Yes
104894,No
104895,No
104896,Yes
104897,No
104898,No
104899,No
104900,No
104901,Yes
104902,No
104903,No
104904,No
104905,No
104906,Yes
104907,No
104908,No
104909,Yes
104910,Yes
104911,No
104912,No
104913,No
104914,Yes
104915,No
104916,No
104917,No
104918,No
104919,No
104920,Yes
104921,No
104922,Yes
104923,Yes
104924,Yes
104925,No
104926,No
104927,Yes
104928,No
104929,No
104930,No
104931,Yes
104932,No
104933,Yes
104934,No
104935,Yes
104936,No
104937,Yes
104938,No
104939,Yes
104940,No
104941,No
104942,No
104943,Yes
104944,No
104945,No
104946,No
104947,No
104948,Yes
104949,Yes
104950,Yes
104951,No
104952,No
104953,Yes
104954,Yes
104955,No
104956,Yes
104957,No
104958,No
104959,No
104960,No
104961,Yes
104962,Yes
104963,Yes
104964,No
104965,No
104966,Yes
104967,No
104968,No
104969,No
104970,No
104971,No
104972,Yes
104973,No
104974,No
104975,No
104976,No
104977,Yes
104978,No
104979,Yes
104980,Yes
104981,Yes
104982,No
104983,No
104984,No
104985,No
104986,No
104987,No
104988,No
104989,No
104990,No
104991,Yes
104992,No
104993,Yes
104994,Yes
104995,No
104996,No
104997,No
104998,No
104999,Yes
105000,Yes
105001,No
105002,Yes
105003,Yes
105004,Yes
105005,Yes
105006,No
105007,Yes
105008,No
105009,No
105010,No
105011,No
105012,Yes
105013,No
105014,Yes
105015,Yes
105016,No
105017,No
105018,No
105019,No
105020,No
105021,No
105022,No
105023,Yes
105024,No
105025,No
105026,Yes
105027,Yes
105028,Yes
105029,No
105030,No
105031,No
105032,No
105033,No
105034,No
105035,No
105036,No
105037,No
105038,Yes
105039,No
105040,Yes
105041,No
105042,Yes
105043,No
105044,No
105045,No
105046,No
105047,No
105048,Yes
105049,No
105050,No
105051,Yes
105052,No
105053,No
105054,No
105055,No
105056,No
105057,Yes
105058,No
105059,Yes
105060,No
105061,Yes
105062,Yes
105063,No
105064,No
105065,No
105066,No
105067,Yes
105068,No
105069,No
105070,No
105071,No
105072,No
105073,Yes
105074,No
105075,No
105076,No
105077,No
105078,Yes
105079,No
105080,Yes
105081,No
105082,No
105083,No
105084,Yes
105085,No
105086,Yes
105087,No
105088,Yes
105089,Yes
105090,No
105091,Yes
105092,Yes
105093,Yes
105094,No
105095,Yes
105096,No
105097,Yes
105098,Yes
105099,Yes
105100,No
105101,Yes
105102,No
105103,No
105104,Yes
105105,Yes
105106,Yes
105107,No
105108,No
105109,No
105110,Yes
105111,Yes
105112,No
105113,Yes
105114,Yes
105115,No
105116,Yes
105117,Yes
105118,No
105119,No
105120,No
105121,No
105122,No
105123,No
105124,Yes
105125,No
105126,No
105127,Yes
105128,No
105129,Yes
105130,Yes
105131,No
105132,Yes
105133,Yes
105134,Yes
105135,Yes
105136,Yes
105137,No
105138,No
105139,Yes
105140,No
105141,No
105142,Yes
105143,Yes
105144,No
105145,No
105146,No
105147,No
105148,No
105149,No
105150,No
105151,No
105152,No
105153,Yes
105154,No
105155,Yes
105156,No
105157,Yes
105158,No
105159,Yes
105160,No
105161,Yes
105162,No
105163,No
105164,No
105165,Yes
105166,Yes
105167,No
105168,No
105169,No
105170,No
105171,Yes
105172,Yes
105173,No
105174,No
105175,No
105176,Yes
105177,No
105178,No
105179,No
105180,No
105181,Yes
105182,Yes
105183,Yes
105184,No
105185,Yes
105186,No
105187,No
105188,No
105189,Yes
105190,No
105191,No
105192,No
105193,No
105194,No
105195,No
105196,No
105197,No
105198,Yes
105199,No
105200,No
105201,Yes
105202,Yes
105203,Yes
105204,Yes
105205,No
105206,No
105207,Yes
105208,Yes
105209,Yes
105210,No
105211,No
105212,No
105213,No
105214,No
105215,No
105216,No
105217,Yes
105218,No
105219,No
105220,Yes
105221,Yes
105222,No
105223,Yes
105224,No
105225,No
105226,Yes
105227,No
105228,Yes
105229,No
105230,No
105231,Yes
105232,No
105233,Yes
105234,No
105235,No
105236,Yes
105237,No
105238,No
105239,No
105240,No
105241,Yes
105242,No
105243,No
105244,No
105245,No
105246,No
105247,Yes
105248,No
105249,No
105250,Yes
105251,No
105252,No
105253,Yes
105254,No
105255,Yes
105256,No
105257,Yes
105258,No
105259,No
105260,No
105261,No
105262,No
105263,Yes
105264,Yes
105265,Yes
105266,Yes
105267,Yes
105268,No
105269,No
105270,Yes
105271,Yes
105272,No
105273,No
105274,Yes
105275,No
105276,No
105277,Yes
105278,No
105279,Yes
105280,Yes
105281,No
105282,No
105283,Yes
105284,Yes
105285,Yes
105286,Yes
105287,No
105288,Yes
105289,No
105290,Yes
105291,No
105292,Yes
105293,No
105294,No
105295,No
105296,Yes
105297,No
105298,Yes
105299,No
105300,Yes
105301,No
105302,No
105303,No
105304,No
105305,No
105306,No
105307,No
105308,No
105309,Yes
105310,No
105311,Yes
105312,No
105313,No
105314,Yes
105315,No
105316,No
105317,Yes
105318,No
105319,Yes
105320,Yes
105321,No
105322,Yes
105323,No
105324,No
105325,No
105326,No
105327,No
105328,Yes
105329,No
105330,Yes
105331,No
105332,No
105333,No
105334,Yes
105335,No
105336,No
105337,No
105338,Yes
105339,Yes
105340,No
105341,Yes
105342,Yes
105343,Yes
105344,No
105345,Yes
105346,Yes
105347,No
105348,Yes
105349,No
105350,Yes
105351,Yes
105352,Yes
105353,Yes
105354,No
105355,Yes
105356,No
105357,No
105358,No
105359,Yes
105360,No
105361,No
105362,No
105363,No
105364,Yes
105365,No
105366,No
105367,No
105368,No
105369,Yes
105370,No
105371,Yes
105372,No
105373,Yes
105374,Yes
105375,No
105376,Yes
105377,No
105378,No
105379,No
105380,No
105381,Yes
105382,No
105383,Yes
105384,No
105385,No
105386,No
105387,No
105388,No
105389,No
105390,Yes
105391,Yes
105392,No
105393,No
105394,Yes
105395,No
105396,No
105397,No
105398,No
105399,Yes
105400,No
105401,Yes
105402,Yes
105403,No
105404,No
105405,No
105406,No
105407,Yes
105408,Yes
105409,Yes
105410,No
105411,No
105412,No
105413,Yes
105414,Yes
105415,No
105416,No
105417,No
105418,No
105419,No
105420,No
105421,Yes
105422,No
105423,Yes
105424,No
105425,Yes
105426,No
105427,Yes
105428,No
105429,Yes
105430,Yes
105431,No
105432,No
105433,No
105434,No
105435,Yes
105436,Yes
105437,No
105438,No
105439,No
105440,No
105441,No
105442,Yes
105443,Yes
105444,Yes
105445,Yes
105446,No
105447,No
105448,No
105449,No
105450,No
105451,No
105452,Yes
105453,No
105454,No
105455,No
105456,Yes
105457,No
105458,No
105459,Yes
105460,No
105461,No
105462,No
105463,No
105464,Yes
105465,Yes
105466,Yes
105467,No
105468,Yes
105469,No
105470,No
105471,Yes
105472,No
105473,No
105474,No
105475,No
105476,No
105477,No
105478,Yes
105479,No
105480,No
105481,No
105482,No
105483,No
105484,No
105485,Yes
105486,No
105487,No
105488,Yes
105489,No
105490,No
105491,No
105492,No
105493,No
105494,No
105495,No
105496,No
105497,Yes
105498,Yes
105499,No
105500,Yes
105501,No
105502,No
105503,No
105504,Yes
105505,No
105506,No
105507,Yes
105508,No
105509,No
105510,No
105511,No
105512,Yes
105513,No
105514,Yes
105515,No
105516,No
105517,No
105518,No
105519,No
105520,No
105521,No
105522,No
105523,Yes
105524,No
105525,Yes
105526,No
105527,No
105528,No
105529,No
105530,Yes
105531,No
105532,No
105533,Yes
105534,No
105535,No
105536,No
105537,Yes
105538,Yes
105539,No
105540,No
105541,No
105542,No
105543,No
105544,No
105545,Yes
105546,Yes
105547,No
105548,No
105549,Yes
105550,Yes
105551,Yes
105552,No
105553,No
105554,No
105555,No
105556,No
105557,Yes
105558,Yes
105559,Yes
105560,No
105561,Yes
105562,No
105563,No
105564,Yes
105565,Yes
105566,No
105567,No
105568,Yes
105569,Yes
105570,Yes
105571,Yes
105572,No
105573,No
105574,No
105575,Yes
105576,No
105577,Yes
105578,No
105579,No
105580,Yes
105581,Yes
105582,No
105583,No
105584,No
105585,Yes
105586,No
105587,No
105588,No
105589,No
105590,No
105591,No
105592,No
105593,Yes
105594,Yes
105595,Yes
105596,No
105597,No
105598,No
105599,Yes
105600,No
105601,No
105602,No
105603,No
105604,Yes
105605,Yes
105606,No
105607,Yes
105608,No
105609,Yes
105610,No
105611,Yes
105612,Yes
105613,No
105614,Yes
105615,Yes
105616,Yes
105617,Yes
105618,Yes
105619,No
105620,No
105621,Yes
105622,Yes
105623,Yes
105624,No
105625,Yes
105626,Yes
105627,No
105628,No
105629,Yes
105630,No
105631,Yes
105632,Yes
105633,No
105634,No
105635,No
105636,Yes
105637,No
105638,No
105639,Yes
105640,No
105641,No
105642,No
105643,No
105644,No
105645,No
105646,No
105647,No
105648,Yes
105649,No
105650,No
105651,No
105652,No
105653,No
105654,No
105655,No
105656,Yes
105657,No
105658,Yes
105659,No
105660,No
105661,Yes
105662,No
105663,No
105664,Yes
105665,No
105666,No
105667,Yes
105668,No
105669,No
105670,Yes
105671,Yes
105672,No
105673,Yes
105674,No
105675,No
105676,No
105677,No
105678,Yes
105679,No
105680,No
105681,No
105682,No
105683,Yes
105684,Yes
105685,No
105686,Yes
105687,Yes
105688,Yes
105689,No
105690,No
105691,No
105692,Yes
105693,Yes
105694,No
105695,Yes
105696,No
105697,No
105698,No
105699,Yes
105700,No
105701,Yes
105702,No
105703,No
105704,No
105705,Yes
105706,No
105707,No
105708,Yes
105709,Yes
105710,Yes
105711,Yes
105712,No
105713,Yes
105714,No
105715,No
105716,Yes
105717,Yes
105718,No
105719,No
105720,Yes
105721,No
105722,No
105723,No
105724,No
105725,No
105726,Yes
105727,Yes
105728,No
105729,No
105730,No
105731,No
105732,Yes
105733,No
105734,No
105735,No
105736,Yes
105737,No
105738,No
105739,No
105740,No
105741,Yes
105742,No
105743,No
105744,No
105745,No
105746,Yes
105747,No
105748,No
105749,No
105750,No
105751,No
105752,No
105753,No
105754,No
105755,No
105756,Yes
105757,No
105758,No
105759,Yes
105760,No
105761,Yes
105762,No
105763,No
105764,No
105765,No
105766,No
105767,No
105768,No
105769,Yes
105770,Yes
105771,No
105772,No
105773,Yes
105774,Yes
105775,No
105776,No
105777,No
105778,Yes
105779,Yes
105780,Yes
105781,Yes
105782,Yes
105783,No
105784,No
105785,Yes
105786,No
105787,No
105788,No
105789,No
105790,No
105791,Yes
105792,Yes
105793,No
105794,Yes
105795,No
105796,Yes
105797,Yes
105798,No
105799,No
105800,Yes
105801,Yes
105802,Yes
105803,Yes
105804,Yes
105805,No
105806,Yes
105807,No
105808,No
105809,Yes
105810,No
105811,No
105812,No
105813,Yes
105814,Yes
105815,Yes
105816,No
105817,Yes
105818,No
105819,No
105820,No
105821,Yes
105822,No
105823,No
105824,No
105825,No
105826,No
105827,Yes
105828,Yes
105829,Yes
105830,No
105831,No
105832,No
105833,No
105834,Yes
105835,No
105836,No
105837,Yes
105838,Yes
105839,No
105840,Yes
105841,No
105842,Yes
105843,No
105844,Yes
105845,Yes
105846,No
105847,No
105848,No
105849,No
105850,Yes
105851,No
105852,Yes
105853,No
105854,No
105855,No
105856,Yes
105857,No
105858,No
105859,No
105860,No
105861,Yes
105862,Yes
105863,Yes
105864,No
105865,No
105866,No
105867,No
105868,Yes
105869,Yes
105870,Yes
105871,Yes
105872,No
105873,Yes
105874,Yes
105875,Yes
105876,Yes
105877,No
105878,Yes
105879,Yes
105880,No
105881,No
105882,Yes
105883,Yes
105884,No
105885,No
105886,No
105887,Yes
105888,Yes
105889,No
105890,No
105891,Yes
105892,No
105893,Yes
105894,No
105895,No
105896,No
105897,Yes
105898,No
105899,No
105900,Yes
105901,No
105902,Yes
105903,Yes
105904,No
105905,Yes
105906,Yes
105907,No
105908,No
105909,No
105910,No
105911,No
105912,Yes
105913,No
105914,Yes
105915,Yes
105916,No
105917,Yes
105918,Yes
105919,Yes
105920,Yes
105921,No
105922,No
105923,Yes
105924,No
105925,Yes
105926,Yes
105927,No
105928,No
105929,No
105930,Yes
105931,Yes
105932,Yes
105933,Yes
105934,No
105935,No
105936,No
105937,No
105938,No
105939,No
105940,No
105941,No
105942,No
105943,No
105944,Yes
105945,Yes
105946,No
105947,No
105948,Yes
105949,No
105950,No
105951,Yes
105952,No
105953,No
105954,No
105955,No
105956,No
105957,No
105958,No
105959,Yes
105960,No
105961,No
105962,No
105963,Yes
105964,No
105965,No
105966,No
105967,No
105968,No
105969,No
105970,Yes
105971,No
105972,No
105973,No
105974,No
105975,No
105976,No
105977,Yes
105978,No
105979,No
105980,No
105981,Yes
105982,No
105983,Yes
105984,No
105985,No
105986,No
105987,Yes
105988,Yes
105989,No
105990,No
105991,Yes
105992,No
105993,No
105994,Yes
105995,Yes
105996,No
105997,Yes
105998,No
105999,No
106000,No
106001,No
106002,Yes
106003,No
106004,No
106005,No
106006,No
106007,No
106008,Yes
106009,Yes
106010,Yes
106011,No
106012,Yes
106013,Yes
106014,No
106015,Yes
106016,No
106017,No
106018,Yes
106019,No
106020,No
106021,Yes
106022,No
106023,Yes
106024,Yes
106025,No
106026,No
106027,Yes
106028,No
106029,No
106030,Yes
106031,No
106032,No
106033,Yes
106034,Yes
106035,No
106036,No
106037,No
106038,No
106039,Yes
106040,Yes
106041,No
106042,Yes
106043,Yes
106044,Yes
106045,No
106046,Yes
106047,Yes
106048,No
106049,Yes
106050,No
106051,No
106052,No
106053,Yes
106054,No
106055,Yes
106056,Yes
106057,No
106058,Yes
106059,No
106060,Yes
106061,Yes
106062,No
106063,No
106064,No
106065,No
106066,Yes
106067,Yes
106068,Yes
106069,Yes
106070,No
106071,No
106072,Yes
106073,Yes
106074,No
106075,No
106076,No
106077,No
106078,No
106079,No
106080,Yes
106081,No
106082,No
106083,Yes
106084,No
106085,No
106086,No
106087,No
106088,No
106089,No
106090,Yes
106091,Yes
106092,Yes
106093,Yes
106094,No
106095,Yes
106096,No
106097,No
106098,Yes
106099,Yes
106100,Yes
106101,No
106102,No
106103,Yes
106104,Yes
106105,No
106106,No
106107,Yes
106108,No
106109,No
106110,No
106111,No
106112,Yes
106113,No
106114,Yes
106115,Yes
106116,No
106117,No
106118,No
106119,Yes
106120,No
106121,Yes
106122,No
106123,No
106124,No
106125,No
106126,Yes
106127,Yes
106128,Yes
106129,Yes
106130,No
106131,No
106132,No
106133,Yes
106134,Yes
106135,No
106136,No
106137,No
106138,No
106139,No
106140,No
106141,Yes
106142,Yes
106143,Yes
106144,No
106145,Yes
106146,No
106147,No
106148,No
106149,Yes
106150,No
106151,No
106152,No
106153,No
106154,No
106155,No
106156,No
106157,No
106158,No
106159,No
106160,No
106161,No
106162,No
106163,No
106164,Yes
106165,No
106166,No
106167,Yes
106168,No
106169,No
106170,Yes
106171,Yes
106172,No
106173,No
106174,No
106175,No
106176,No
106177,No
106178,No
106179,No
106180,Yes
106181,No
106182,Yes
106183,No
106184,Yes
106185,No
106186,No
106187,No
106188,No
106189,Yes
106190,Yes
106191,No
106192,Yes
106193,Yes
106194,Yes
106195,Yes
106196,Yes
106197,No
106198,Yes
106199,Yes
106200,No
106201,No
106202,Yes
106203,No
106204,No
106205,No
106206,Yes
106207,No
106208,No
106209,No
106210,Yes
106211,Yes
106212,No
106213,No
106214,Yes
106215,No
106216,No
106217,No
106218,Yes
106219,No
106220,No
106221,Yes
106222,No
106223,No
106224,No
106225,Yes
106226,No
106227,No
106228,No
106229,Yes
106230,No
106231,No
106232,No
106233,No
106234,Yes
106235,No
106236,No
106237,Yes
106238,No
106239,No
106240,No
106241,No
106242,Yes
106243,No
106244,No
106245,No
106246,No
106247,No
106248,Yes
106249,No
106250,Yes
106251,Yes
106252,Yes
106253,No
106254,No
106255,Yes
106256,Yes
106257,No
106258,Yes
106259,Yes
106260,Yes
106261,No
106262,Yes
106263,Yes
106264,No
106265,No
106266,Yes
106267,No
106268,No
106269,No
106270,No
106271,Yes
106272,No
106273,No
106274,No
106275,Yes
106276,No
106277,No
106278,No
106279,No
106280,No
106281,Yes
106282,No
106283,No
106284,No
106285,No
106286,Yes
106287,No
106288,No
106289,Yes
106290,No
106291,No
106292,No
106293,Yes
106294,No
106295,No
106296,No
106297,No
106298,No
106299,No
106300,No
106301,Yes
106302,Yes
106303,No
106304,No
106305,No
106306,Yes
106307,Yes
106308,Yes
106309,No
106310,Yes
106311,Yes
106312,No
106313,No
106314,Yes
106315,No
106316,Yes
106317,Yes
106318,No
106319,Yes
106320,No
106321,No
106322,No
106323,Yes
106324,Yes
106325,Yes
106326,Yes
106327,No
106328,Yes
106329,No
106330,No
106331,Yes
106332,No
106333,No
106334,Yes
106335,No
106336,Yes
106337,No
106338,No
106339,No
106340,No
106341,No
106342,No
106343,Yes
106344,Yes
106345,No
106346,Yes
106347,No
106348,Yes
106349,No
106350,No
106351,No
106352,No
106353,No
106354,No
106355,No
106356,Yes
106357,Yes
106358,No
106359,Yes
106360,Yes
106361,No
106362,No
106363,No
106364,No
106365,No
106366,Yes
106367,No
106368,Yes
106369,No
106370,Yes
106371,No
106372,No
106373,No
106374,No
106375,No
106376,Yes
106377,No
106378,No
106379,No
106380,No
106381,No
106382,No
106383,No
106384,No
106385,Yes
106386,No
106387,Yes
106388,Yes
106389,No
106390,No
106391,No
106392,No
106393,No
106394,No
106395,No
106396,No
106397,No
106398,Yes
106399,Yes
106400,No
106401,Yes
106402,Yes
106403,Yes
106404,Yes
106405,No
106406,No
106407,No
106408,No
106409,Yes
106410,No
106411,No
106412,No
106413,Yes
106414,No
106415,No
106416,No
106417,Yes
106418,No
106419,No
106420,No
106421,Yes
106422,No
106423,No
106424,Yes
106425,No
106426,Yes
106427,Yes
106428,No
106429,Yes
106430,No
106431,No
106432,Yes
106433,No
106434,Yes
106435,Yes
106436,No
106437,Yes
106438,Yes
106439,No
106440,No
106441,No
106442,No
106443,No
106444,Yes
106445,No
106446,No
106447,No
106448,No
106449,No
106450,No
106451,No
106452,No
106453,Yes
106454,Yes
106455,No
106456,Yes
106457,Yes
106458,Yes
106459,No
106460,No
106461,No
106462,Yes
106463,Yes
106464,Yes
106465,No
106466,Yes
106467,No
106468,No
106469,No
106470,No
106471,No
106472,No
106473,No
106474,No
106475,No
106476,Yes
106477,No
106478,No
106479,No
106480,Yes
106481,No
106482,No
106483,Yes
106484,Yes
106485,No
106486,No
106487,Yes
106488,Yes
106489,Yes
106490,No
106491,No
106492,No
106493,No
106494,No
106495,Yes
106496,No
106497,No
106498,No
106499,No
106500,Yes
106501,No
106502,Yes
106503,Yes
106504,No
106505,No
106506,Yes
106507,Yes
106508,No
106509,Yes
106510,No
106511,No
106512,No
106513,No
106514,Yes
106515,No
106516,No
106517,No
106518,Yes
106519,No
106520,Yes
106521,No
106522,Yes
106523,Yes
106524,No
106525,No
106526,No
106527,Yes
106528,Yes
106529,No
106530,No
106531,No
106532,No
106533,Yes
106534,Yes
106535,No
106536,No
106537,No
106538,Yes
106539,No
106540,No
106541,No
106542,No
106543,No
106544,No
106545,No
106546,No
106547,Yes
106548,Yes
106549,Yes
106550,No
106551,Yes
106552,No
106553,No
106554,Yes
106555,No
106556,No
106557,No
106558,No
106559,No
106560,No
106561,Yes
106562,No
106563,No
106564,Yes
106565,No
106566,No
106567,No
106568,No
106569,No
106570,No
106571,No
106572,No
106573,No
106574,No
106575,No
106576,No
106577,No
106578,Yes
106579,No
106580,No
106581,No
106582,No
106583,Yes
106584,Yes
106585,Yes
106586,No
106587,No
106588,No
106589,Yes
106590,Yes
106591,No
106592,No
106593,Yes
106594,No
106595,Yes
106596,No
106597,No
106598,No
106599,No
106600,No
106601,Yes
106602,Yes
106603,Yes
106604,No
106605,Yes
106606,Yes
106607,No
106608,No
106609,No
106610,Yes
106611,No
106612,Yes
106613,No
106614,Yes
106615,Yes
106616,Yes
106617,No
106618,No
106619,Yes
106620,No
106621,No
106622,No
106623,No
106624,No
106625,No
106626,No
106627,No
106628,No
106629,No
106630,No
106631,Yes
106632,No
106633,Yes
106634,Yes
106635,Yes
106636,No
106637,No
106638,No
106639,No
106640,No
106641,No
106642,No
106643,No
106644,No
106645,Yes
106646,No
106647,No
106648,No
106649,No
106650,Yes
106651,No
106652,No
106653,No
106654,Yes
106655,Yes
106656,No
106657,No
106658,No
106659,Yes
106660,No
106661,No
106662,No
106663,No
106664,No
106665,No
106666,No
106667,No
106668,No
106669,No
106670,No
106671,No
106672,No
106673,No
106674,No
106675,No
106676,No
106677,No
106678,No
106679,No
106680,No
106681,Yes
106682,Yes
106683,No
106684,No
106685,No
106686,No
106687,No
106688,No
106689,No
106690,No
106691,Yes
106692,Yes
106693,No
106694,Yes
106695,No
106696,Yes
106697,Yes
106698,No
106699,Yes
106700,Yes
106701,Yes
106702,No
106703,Yes
106704,No
106705,No
106706,Yes
106707,Yes
106708,No
106709,No
106710,No
106711,Yes
106712,No
106713,No
106714,No
106715,No
106716,No
106717,Yes
106718,No
106719,No
106720,No
106721,No
106722,No
106723,No
106724,Yes
106725,No
106726,No
106727,No
106728,No
106729,Yes
106730,No
106731,No
106732,Yes
106733,Yes
106734,Yes
106735,Yes
106736,No
106737,No
106738,No
106739,No
106740,No
106741,No
106742,Yes
106743,Yes
106744,No
106745,No
106746,No
106747,Yes
106748,No
106749,Yes
106750,No
106751,No
106752,No
106753,Yes
106754,No
106755,Yes
106756,Yes
106757,Yes
106758,Yes
106759,Yes
106760,No
106761,Yes
106762,Yes
106763,No
106764,Yes
106765,No
106766,No
106767,No
106768,Yes
106769,No
106770,No
106771,Yes
106772,No
106773,No
106774,No
106775,No
106776,Yes
106777,Yes
106778,Yes
106779,No
106780,Yes
106781,Yes
106782,No
106783,No
106784,No
106785,No
106786,No
106787,No
106788,No
106789,No
106790,No
106791,No
106792,No
106793,No
106794,No
106795,No
106796,No
106797,Yes
106798,No
106799,Yes
106800,Yes
106801,No
106802,No
106803,No
106804,Yes
106805,No
106806,No
106807,No
106808,No
106809,No
106810,Yes
106811,Yes
106812,No
106813,No
106814,No
106815,No
106816,No
106817,Yes
106818,Yes
106819,Yes
106820,No
106821,Yes
106822,No
106823,Yes
106824,No
106825,Yes
106826,No
106827,Yes
106828,No
106829,No
106830,No
106831,No
106832,No
106833,No
106834,Yes
106835,Yes
106836,No
106837,Yes
106838,Yes
106839,No
106840,No
106841,Yes
106842,No
106843,Yes
106844,Yes
106845,No
106846,Yes
106847,Yes
106848,No
106849,No
106850,No
106851,Yes
106852,Yes
106853,Yes
106854,No
106855,No
106856,Yes
106857,No
106858,No
106859,No
106860,Yes
106861,Yes
106862,No
106863,Yes
106864,Yes
106865,No
106866,No
106867,Yes
106868,Yes
106869,No
106870,No
106871,Yes
106872,No
106873,No
106874,Yes
106875,Yes
106876,No
106877,Yes
106878,Yes
106879,No
106880,No
106881,Yes
106882,No
106883,Yes
106884,Yes
106885,Yes
106886,No
106887,Yes
106888,No
106889,Yes
106890,No
106891,Yes
106892,No
106893,No
106894,Yes
106895,Yes
106896,Yes
106897,Yes
106898,Yes
106899,No
106900,No
106901,No
106902,No
106903,No
106904,Yes
106905,No
106906,No
106907,No
106908,No
106909,Yes
106910,Yes
106911,Yes
106912,No
106913,No
106914,No
106915,No
106916,No
106917,No
106918,No
106919,No
106920,No
106921,Yes
106922,Yes
106923,Yes
106924,No
106925,Yes
106926,No
106927,Yes
106928,No
106929,Yes
106930,No
106931,Yes
106932,No
106933,No
106934,No
106935,Yes
106936,No
106937,No
106938,No
106939,Yes
106940,Yes
106941,No
106942,Yes
106943,Yes
106944,No
106945,Yes
106946,No
106947,No
106948,Yes
106949,No
106950,No
106951,Yes
106952,No
106953,No
106954,No
106955,No
106956,No
106957,No
106958,Yes
106959,Yes
106960,No
106961,No
106962,No
106963,Yes
106964,No
106965,Yes
106966,Yes
106967,Yes
106968,No
106969,No
106970,Yes
106971,No
106972,Yes
106973,Yes
106974,Yes
106975,Yes
106976,Yes
106977,No
106978,No
106979,Yes
106980,Yes
106981,Yes
106982,No
106983,No
106984,No
106985,No
106986,No
106987,Yes
106988,Yes
106989,Yes
106990,Yes
106991,No
106992,No
106993,Yes
106994,Yes
106995,Yes
106996,No
106997,No
106998,No
106999,No
107000,Yes
107001,No
107002,No
107003,Yes
107004,Yes
107005,No
107006,No
107007,No
107008,No
107009,No
107010,No
107011,Yes
107012,No
107013,No
107014,Yes
107015,No
107016,Yes
107017,No
107018,Yes
107019,Yes
107020,No
107021,No
107022,Yes
107023,No
107024,No
107025,No
107026,No
107027,No
107028,Yes
107029,Yes
107030,Yes
107031,No
107032,Yes
107033,Yes
107034,No
107035,No
107036,No
107037,Yes
107038,No
107039,No
107040,No
107041,No
107042,No
107043,No
107044,No
107045,Yes
107046,No
107047,Yes
107048,No
107049,Yes
107050,No
107051,No
107052,No
107053,Yes
107054,Yes
107055,No
107056,Yes
107057,Yes
107058,Yes
107059,No
107060,Yes
107061,Yes
107062,No
107063,No
107064,No
107065,No
107066,Yes
107067,Yes
107068,Yes
107069,No
107070,No
107071,No
107072,No
107073,No
107074,No
107075,No
107076,Yes
107077,Yes
107078,Yes
107079,No
107080,Yes
107081,Yes
107082,Yes
107083,No
107084,No
107085,Yes
107086,Yes
107087,No
107088,No
107089,No
107090,Yes
107091,Yes
107092,No
107093,No
107094,No
107095,Yes
107096,No
107097,No
107098,Yes
107099,Yes
107100,No
107101,No
107102,No
107103,No
107104,No
107105,No
107106,No
107107,No
107108,No
107109,No
107110,No
107111,Yes
107112,Yes
107113,No
107114,No
107115,No
107116,No
107117,No
107118,No
107119,No
107120,No
107121,No
107122,No
107123,No
107124,No
107125,No
107126,No
107127,No
107128,No
107129,No
107130,Yes
107131,Yes
107132,No
107133,Yes
107134,Yes
107135,No
107136,Yes
107137,Yes
107138,Yes
107139,Yes
107140,No
107141,No
107142,No
107143,No
107144,No
107145,No
107146,Yes
107147,No
107148,No
107149,Yes
107150,No
107151,Yes
107152,No
107153,No
107154,No
107155,No
107156,Yes
107157,No
107158,No
107159,No
107160,Yes
107161,No
107162,No
107163,No
107164,Yes
107165,Yes
107166,Yes
107167,Yes
107168,Yes
107169,Yes
107170,Yes
107171,No
107172,No
107173,No
107174,No
107175,Yes
107176,No
107177,No
107178,Yes
107179,No
107180,Yes
107181,No
107182,Yes
107183,No
107184,Yes
107185,No
107186,Yes
107187,No
107188,Yes
107189,No
107190,Yes
107191,No
107192,Yes
107193,No
107194,Yes
107195,No
107196,No
107197,Yes
107198,Yes
107199,No
107200,Yes
107201,No
107202,Yes
107203,No
107204,Yes
107205,No
107206,No
107207,No
107208,Yes
107209,No
107210,Yes
107211,Yes
107212,No
107213,No
107214,Yes
107215,Yes
107216,No
107217,Yes
107218,Yes
107219,Yes
107220,No
107221,Yes
107222,No
107223,Yes
107224,Yes
107225,No
107226,Yes
107227,Yes
107228,No
107229,No
107230,Yes
107231,No
107232,No
107233,Yes
107234,No
107235,No
107236,Yes
107237,Yes
107238,No
107239,Yes
107240,No
107241,No
107242,Yes
107243,No
107244,No
107245,Yes
107246,No
107247,Yes
107248,No
107249,Yes
107250,No
107251,No
107252,No
107253,No
107254,Yes
107255,Yes
107256,No
107257,Yes
107258,Yes
107259,Yes
107260,Yes
107261,Yes
107262,No
107263,Yes
107264,No
107265,No
107266,Yes
107267,No
107268,No
107269,No
107270,No
107271,No
107272,No
107273,Yes
107274,No
107275,No
107276,No
107277,Yes
107278,No
107279,Yes
107280,Yes
107281,No
107282,No
107283,Yes
107284,No
107285,No
107286,No
107287,Yes
107288,No
107289,No
107290,Yes
107291,Yes
107292,No
107293,No
107294,Yes
107295,No
107296,No
107297,No
107298,No
107299,Yes
107300,No
107301,No
107302,No
107303,No
107304,No
107305,Yes
107306,No
107307,No
107308,Yes
107309,No
107310,Yes
107311,No
107312,No
107313,No
107314,No
107315,No
107316,No
107317,No
107318,Yes
107319,No
107320,No
107321,Yes
107322,No
107323,No
107324,No
107325,No
107326,Yes
107327,No
107328,No
107329,No
107330,No
107331,Yes
107332,Yes
107333,No
107334,Yes
107335,Yes
107336,No
107337,Yes
107338,No
107339,Yes
107340,Yes
107341,No
107342,Yes
107343,No
107344,No
107345,No
107346,No
107347,Yes
107348,No
107349,Yes
107350,No
107351,No
107352,No
107353,No
107354,Yes
107355,Yes
107356,No
107357,No
107358,No
107359,No
107360,No
107361,Yes
107362,No
107363,Yes
107364,No
107365,No
107366,Yes
107367,Yes
107368,Yes
107369,No
107370,No
107371,No
107372,No
107373,Yes
107374,No
107375,No
107376,No
107377,No
107378,No
107379,Yes
107380,Yes
107381,No
107382,No
107383,No
107384,Yes
107385,Yes
107386,No
107387,No
107388,Yes
107389,No
107390,Yes
107391,Yes
107392,No
107393,Yes
107394,No
107395,Yes
107396,No
107397,No
107398,Yes
107399,Yes
107400,No
107401,No
107402,No
107403,No
107404,Yes
107405,No
107406,Yes
107407,No
107408,No
107409,No
107410,No
107411,No
107412,Yes
107413,No
107414,Yes
107415,Yes
107416,No
107417,Yes
107418,Yes
107419,No
107420,No
107421,Yes
107422,No
107423,No
107424,Yes
107425,No
107426,Yes
107427,Yes
107428,No
107429,No
107430,No
107431,Yes
107432,No
107433,No
107434,Yes
107435,Yes
107436,No
107437,Yes
107438,No
107439,No
107440,Yes
107441,No
107442,Yes
107443,Yes
107444,No
107445,No
107446,Yes
107447,Yes
107448,No
107449,No
107450,Yes
107451,Yes
107452,Yes
107453,Yes
107454,No
107455,Yes
107456,Yes
107457,Yes
107458,Yes
107459,Yes
107460,No
107461,No
107462,No
107463,Yes
107464,No
107465,No
107466,Yes
107467,No
107468,No
107469,No
107470,Yes
107471,No
107472,No
107473,No
107474,Yes
107475,Yes
107476,No
107477,No
107478,No
107479,No
107480,No
107481,Yes
107482,Yes
107483,No
107484,No
107485,Yes
107486,Yes
107487,No
107488,No
107489,Yes
107490,Yes
107491,Yes
107492,No
107493,No
107494,Yes
107495,No
107496,No
107497,No
107498,No
107499,No
107500,No
107501,Yes
107502,No
107503,Yes
107504,No
107505,No
107506,No
107507,Yes
107508,Yes
107509,No
107510,No
107511,Yes
107512,No
107513,No
107514,No
107515,No
107516,Yes
107517,No
107518,Yes
107519,No
107520,Yes
107521,No
107522,No
107523,No
107524,No
107525,No
107526,No
107527,No
107528,Yes
107529,No
107530,No
107531,Yes
107532,No
107533,Yes
107534,No
107535,Yes
107536,Yes
107537,Yes
107538,No
107539,No
107540,Yes
107541,Yes
107542,No
107543,Yes
107544,No
107545,No
107546,No
107547,Yes
107548,No
107549,Yes
107550,Yes
107551,No
107552,No
107553,Yes
107554,No
107555,Yes
107556,No
107557,Yes
107558,Yes
107559,No
107560,Yes
107561,No
107562,No
107563,Yes
107564,Yes
107565,Yes
107566,Yes
107567,Yes
107568,No
107569,No
107570,Yes
107571,Yes
107572,Yes
107573,No
107574,No
107575,Yes
107576,Yes
107577,Yes
107578,Yes
107579,No
107580,Yes
107581,No
107582,No
107583,No
107584,No
107585,No
107586,Yes
107587,No
107588,No
107589,No
107590,Yes
107591,Yes
107592,Yes
107593,No
107594,No
107595,No
107596,No
107597,Yes
107598,No
107599,Yes
107600,No
107601,No
107602,No
107603,Yes
107604,Yes
107605,No
107606,No
107607,No
107608,Yes
107609,No
107610,No
107611,Yes
107612,Yes
107613,No
107614,No
107615,No
107616,No
107617,Yes
107618,No
107619,No
107620,Yes
107621,No
107622,No
107623,Yes
107624,No
107625,No
107626,Yes
107627,No
107628,No
107629,No
107630,No
107631,No
107632,No
107633,No
107634,No
107635,Yes
107636,Yes
107637,No
107638,No
107639,Yes
107640,Yes
107641,Yes
107642,Yes
107643,No
107644,No
107645,No
107646,No
107647,No
107648,Yes
107649,No
107650,No
107651,No
107652,Yes
107653,No
107654,No
107655,Yes
107656,No
107657,Yes
107658,Yes
107659,No
107660,No
107661,Yes
107662,Yes
107663,Yes
107664,No
107665,Yes
107666,No
107667,No
107668,No
107669,No
107670,No
107671,No
107672,Yes
107673,No
107674,No
107675,No
107676,No
107677,No
107678,Yes
107679,Yes
107680,No
107681,No
107682,Yes
107683,Yes
107684,No
107685,Yes
107686,No
107687,Yes
107688,No
107689,Yes
107690,Yes
107691,No
107692,Yes
107693,Yes
107694,No
107695,No
107696,Yes
107697,Yes
107698,No
107699,Yes
107700,No
107701,No
107702,Yes
107703,No
107704,No
107705,No
107706,Yes
107707,Yes
107708,No
107709,Yes
107710,Yes
107711,No
107712,No
107713,No
107714,Yes
107715,No
107716,No
107717,No
107718,No
107719,Yes
107720,No
107721,Yes
107722,No
107723,No
107724,No
107725,No
107726,Yes
107727,No
107728,No
107729,Yes
107730,No
107731,Yes
107732,No
107733,No
107734,No
107735,No
107736,No
107737,No
107738,No
107739,Yes
107740,No
107741,Yes
107742,Yes
107743,No
107744,Yes
107745,No
107746,No
107747,No
107748,No
107749,No
107750,Yes
107751,No
107752,No
107753,Yes
107754,No
107755,Yes
107756,No
107757,Yes
107758,Yes
107759,Yes
107760,No
107761,No
107762,No
107763,Yes
107764,No
107765,No
107766,No
107767,Yes
107768,No
107769,Yes
107770,No
107771,No
107772,Yes
107773,No
107774,No
107775,No
107776,Yes
107777,Yes
107778,Yes
107779,No
107780,No
107781,Yes
107782,No
107783,No
107784,Yes
107785,No
107786,Yes
107787,No
107788,No
107789,No
107790,No
107791,Yes
107792,No
107793,Yes
107794,No
107795,Yes
107796,No
107797,No
107798,No
107799,No
107800,No
107801,No
107802,Yes
107803,No
107804,No
107805,No
107806,No
107807,No
107808,Yes
107809,Yes
107810,No
107811,No
107812,No
107813,No
107814,No
107815,Yes
107816,No
107817,No
107818,No
107819,No
107820,No
107821,Yes
107822,Yes
107823,Yes
107824,No
107825,Yes
107826,No
107827,No
107828,No
107829,Yes
107830,No
107831,No
107832,No
107833,No
107834,No
107835,No
107836,No
107837,Yes
107838,Yes
107839,Yes
107840,No
107841,No
107842,Yes
107843,Yes
107844,No
107845,Yes
107846,No
107847,No
107848,No
107849,Yes
107850,Yes
107851,No
107852,No
107853,Yes
107854,Yes
107855,No
107856,No
107857,Yes
107858,No
107859,Yes
107860,No
107861,Yes
107862,Yes
107863,Yes
107864,No
107865,Yes
107866,No
107867,Yes
107868,Yes
107869,No
107870,No
107871,Yes
107872,No
107873,Yes
107874,Yes
107875,Yes
107876,No
107877,Yes
107878,No
107879,No
107880,No
107881,Yes
107882,No
107883,Yes
107884,No
107885,No
107886,No
107887,Yes
107888,No
107889,No
107890,Yes
107891,No
107892,No
107893,No
107894,Yes
107895,Yes
107896,No
107897,No
107898,Yes
107899,No
107900,No
107901,Yes
107902,No
107903,No
107904,No
107905,No
107906,No
107907,Yes
107908,Yes
107909,No
107910,No
107911,No
107912,No
107913,Yes
107914,No
107915,Yes
107916,No
107917,No
107918,No
107919,Yes
107920,No
107921,Yes
107922,No
107923,No
107924,Yes
107925,No
107926,No
107927,No
107928,No
107929,No
107930,No
107931,Yes
107932,No
107933,Yes
107934,No
107935,No
107936,No
107937,No
107938,No
107939,Yes
107940,Yes
107941,Yes
107942,No
107943,No
107944,No
107945,Yes
107946,No
107947,No
107948,No
107949,Yes
107950,Yes
107951,No
107952,Yes
107953,No
107954,No
107955,No
107956,Yes
107957,Yes
107958,No
107959,Yes
107960,No
107961,No
107962,No
107963,No
107964,No
107965,No
107966,Yes
107967,No
107968,No
107969,Yes
107970,No
107971,Yes
107972,No
107973,No
107974,No
107975,No
107976,Yes
107977,Yes
107978,No
107979,No
107980,No
107981,Yes
107982,No
107983,Yes
107984,Yes
107985,Yes
107986,Yes
107987,Yes
107988,No
107989,Yes
107990,No
107991,No
107992,No
107993,Yes
107994,No
107995,No
107996,Yes
107997,No
107998,Yes
107999,Yes
108000,No
108001,No
108002,No
108003,Yes
108004,No
108005,No
108006,No
108007,No
108008,Yes
108009,No
108010,No
108011,Yes
108012,Yes
108013,No
108014,Yes
108015,No
108016,No
108017,Yes
108018,No
108019,No
108020,No
108021,No
108022,No
108023,No
108024,Yes
108025,No
108026,Yes
108027,Yes
108028,Yes
108029,No
108030,No
108031,Yes
108032,No
108033,Yes
108034,No
108035,Yes
108036,No
108037,Yes
108038,Yes
108039,No
108040,Yes
108041,Yes
108042,Yes
108043,No
108044,No
108045,No
108046,Yes
108047,Yes
108048,No
108049,Yes
108050,Yes
108051,No
108052,No
108053,Yes
108054,Yes
108055,Yes
108056,Yes
108057,Yes
108058,Yes
108059,No
108060,Yes
108061,Yes
108062,Yes
108063,Yes
108064,No
108065,No
108066,Yes
108067,No
108068,Yes
108069,Yes
108070,No
108071,No
108072,No
108073,No
108074,Yes
108075,No
108076,Yes
108077,No
108078,Yes
108079,Yes
108080,Yes
108081,Yes
108082,No
108083,No
108084,No
108085,No
108086,No
108087,Yes
108088,No
108089,No
108090,Yes
108091,No
108092,Yes
108093,Yes
108094,Yes
108095,No
108096,No
108097,No
108098,No
108099,Yes
108100,No
108101,No
108102,No
108103,No
108104,No
108105,No
108106,Yes
108107,No
108108,Yes
108109,No
108110,No
108111,Yes
108112,Yes
108113,No
108114,Yes
108115,No
108116,No
108117,No
108118,Yes
108119,No
108120,No
108121,No
108122,No
108123,No
108124,Yes
108125,Yes
108126,No
108127,No
108128,No
108129,No
108130,No
108131,Yes
108132,No
108133,Yes
108134,No
108135,No
108136,Yes
108137,Yes
108138,No
108139,No
108140,No
108141,Yes
108142,No
108143,No
108144,No
108145,Yes
108146,No
108147,No
108148,Yes
108149,No
108150,No
108151,No
108152,Yes
108153,Yes
108154,Yes
108155,Yes
108156,No
108157,Yes
108158,No
108159,No
108160,No
108161,No
108162,No
108163,No
108164,No
108165,Yes
108166,No
108167,No
108168,No
108169,Yes
108170,Yes
108171,Yes
108172,Yes
108173,No
108174,Yes
108175,Yes
108176,No
108177,No
108178,No
108179,No
108180,No
108181,No
108182,Yes
108183,Yes
108184,No
108185,No
108186,Yes
108187,No
108188,Yes
108189,No
108190,Yes
108191,No
108192,No
108193,Yes
108194,Yes
108195,No
108196,No
108197,Yes
108198,No
108199,No
108200,Yes
108201,No
108202,No
108203,No
108204,No
108205,No
108206,Yes
108207,No
108208,No
108209,Yes
108210,No
108211,Yes
108212,Yes
108213,No
108214,Yes
108215,No
108216,No
108217,Yes
108218,Yes
108219,No
108220,No
108221,Yes
108222,No
108223,No
108224,No
108225,No
108226,Yes
108227,No
108228,Yes
108229,Yes
108230,Yes
108231,No
108232,No
108233,No
108234,Yes
108235,No
108236,Yes
108237,No
108238,No
108239,Yes
108240,Yes
108241,No
108242,No
108243,No
108244,No
108245,No
108246,No
108247,No
108248,Yes
108249,No
108250,No
108251,Yes
108252,No
108253,No
108254,Yes
108255,Yes
108256,No
108257,Yes
108258,No
108259,Yes
108260,No
108261,No
108262,No
108263,No
108264,Yes
108265,Yes
108266,No
108267,No
108268,No
108269,No
108270,No
108271,No
108272,No
108273,No
108274,Yes
108275,No
108276,No
108277,Yes
108278,No
108279,No
108280,No
108281,No
108282,Yes
108283,No
108284,No
108285,No
108286,Yes
108287,No
108288,No
108289,No
108290,No
108291,Yes
108292,No
108293,No
108294,Yes
108295,No
108296,No
108297,No
108298,No
108299,Yes
108300,No
108301,No
108302,No
108303,No
108304,No
108305,Yes
108306,No
108307,No
108308,Yes
108309,No
108310,No
108311,Yes
108312,No
108313,Yes
108314,No
108315,No
108316,No
108317,Yes
108318,No
108319,Yes
108320,No
108321,No
108322,No
108323,Yes
108324,Yes
108325,No
108326,No
108327,Yes
108328,No
108329,No
108330,Yes
108331,Yes
108332,No
108333,No
108334,Yes
108335,Yes
108336,Yes
108337,No
108338,Yes
108339,No
108340,Yes
108341,No
108342,No
108343,No
108344,No
108345,No
108346,No
108347,No
108348,Yes
108349,No
108350,No
108351,No
108352,No
108353,No
108354,Yes
108355,Yes
108356,Yes
108357,No
108358,No
108359,Yes
108360,No
108361,No
108362,No
108363,No
108364,No
108365,Yes
108366,Yes
108367,No
108368,Yes
108369,No
108370,Yes
108371,Yes
108372,No
108373,Yes
108374,Yes
108375,Yes
108376,Yes
108377,No
108378,No
108379,No
108380,No
108381,No
108382,No
108383,Yes
108384,Yes
108385,No
108386,Yes
108387,Yes
108388,Yes
108389,Yes
108390,No
108391,Yes
108392,Yes
108393,No
108394,Yes
108395,Yes
108396,Yes
108397,Yes
108398,No
108399,No
108400,No
108401,Yes
108402,Yes
108403,Yes
108404,No
108405,No
108406,Yes
108407,Yes
108408,Yes
108409,Yes
108410,Yes
108411,Yes
108412,Yes
108413,No
108414,Yes
108415,Yes
108416,No
108417,No
108418,Yes
108419,Yes
108420,No
108421,No
108422,No
108423,Yes
108424,No
108425,No
108426,No
108427,No
108428,Yes
108429,No
108430,No
108431,No
108432,No
108433,Yes
108434,Yes
108435,No
108436,No
108437,No
108438,No
108439,No
108440,No
108441,No
108442,Yes
108443,No
108444,No
108445,No
108446,No
108447,Yes
108448,No
108449,Yes
108450,Yes
108451,No
108452,Yes
108453,No
108454,No
108455,No
108456,Yes
108457,Yes
108458,No
108459,No
108460,No
108461,Yes
108462,No
108463,No
108464,No
108465,Yes
108466,No
108467,No
108468,Yes
108469,No
108470,Yes
108471,No
108472,Yes
108473,No
108474,No
108475,No
108476,Yes
108477,Yes
108478,No
108479,No
108480,No
108481,Yes
108482,Yes
108483,No
108484,Yes
108485,No
108486,No
108487,No
108488,Yes
108489,No
108490,No
108491,Yes
108492,Yes
108493,No
108494,No
108495,Yes
108496,Yes
108497,No
108498,No
108499,Yes
108500,Yes
108501,Yes
108502,No
108503,Yes
108504,No
108505,No
108506,Yes
108507,No
108508,No
108509,No
108510,No
108511,No
108512,Yes
108513,No
108514,No
108515,Yes
108516,No
108517,Yes
108518,No
108519,No
108520,Yes
108521,Yes
108522,No
108523,No
108524,Yes
108525,No
108526,No
108527,No
108528,No
108529,No
108530,No
108531,Yes
108532,No
108533,No
108534,No
108535,Yes
108536,Yes
108537,Yes
108538,No
108539,Yes
108540,No
108541,Yes
108542,Yes
108543,Yes
108544,Yes
108545,Yes
108546,No
108547,No
108548,No
108549,No
108550,No
108551,No
108552,Yes
108553,No
108554,No
108555,Yes
108556,No
108557,Yes
108558,Yes
108559,No
108560,No
108561,No
108562,No
108563,No
108564,No
108565,Yes
108566,Yes
108567,Yes
108568,No
108569,No
108570,No
108571,No
108572,No
108573,No
108574,No
108575,No
108576,Yes
108577,No
108578,No
108579,Yes
108580,No
108581,No
108582,No
108583,Yes
108584,No
108585,No
108586,No
108587,No
108588,No
108589,No
108590,No
108591,No
108592,Yes
108593,No
108594,Yes
108595,No
108596,No
108597,Yes
108598,No
108599,Yes
108600,Yes
108601,No
108602,No
108603,No
108604,Yes
108605,No
108606,Yes
108607,Yes
108608,No
108609,No
108610,No
108611,No
108612,No
108613,No
108614,Yes
108615,No
108616,No
108617,No
108618,No
108619,Yes
108620,No
108621,No
108622,Yes
108623,No
108624,No
108625,No
108626,No
108627,No
108628,Yes
108629,No
108630,No
108631,No
108632,No
108633,No
108634,No
108635,Yes
108636,Yes
108637,No
108638,No
108639,No
108640,No
108641,Yes
108642,No
108643,Yes
108644,No
108645,No
108646,Yes
108647,No
108648,No
108649,No
108650,Yes
108651,No
108652,No
108653,Yes
108654,No
108655,No
108656,Yes
108657,Yes
108658,No
108659,No
108660,No
108661,Yes
108662,Yes
108663,No
108664,No
108665,No
108666,No
108667,No
108668,No
108669,Yes
108670,No
108671,No
108672,No
108673,No
108674,No
108675,Yes
108676,No
108677,Yes
108678,No
108679,No
108680,No
108681,Yes
108682,No
108683,Yes
108684,No
108685,Yes
108686,Yes
108687,Yes
108688,No
108689,No
108690,Yes
108691,Yes
108692,No
108693,Yes
108694,No
108695,No
108696,No
108697,Yes
108698,Yes
108699,Yes
108700,No
108701,No
108702,No
108703,Yes
108704,No
108705,No
108706,Yes
108707,Yes
108708,No
108709,No
108710,No
108711,Yes
108712,No
108713,Yes
108714,No
108715,Yes
108716,No
108717,No
108718,No
108719,Yes
108720,No
108721,Yes
108722,No
108723,No
108724,No
108725,Yes
108726,No
108727,No
108728,No
108729,Yes
108730,Yes
108731,No
108732,Yes
108733,Yes
108734,No
108735,No
108736,No
108737,Yes
108738,No
108739,No
108740,No
108741,Yes
108742,No
108743,No
108744,No
108745,No
108746,No
108747,Yes
108748,Yes
108749,Yes
108750,No
108751,No
108752,No
108753,Yes
108754,No
108755,Yes
108756,No
108757,Yes
108758,No
108759,Yes
108760,No
108761,Yes
108762,No
108763,Yes
108764,No
108765,Yes
108766,Yes
108767,Yes
108768,No
108769,No
108770,Yes
108771,No
108772,No
108773,No
108774,No
108775,No
108776,No
108777,No
108778,Yes
108779,Yes
108780,No
108781,No
108782,Yes
108783,Yes
108784,Yes
108785,No
108786,No
108787,Yes
108788,Yes
108789,Yes
108790,No
108791,No
108792,No
108793,No
108794,No
108795,Yes
108796,No
108797,Yes
108798,No
108799,No
108800,No
108801,Yes
108802,No
108803,No
108804,Yes
108805,Yes
108806,No
108807,No
108808,No
108809,No
108810,Yes
108811,No
108812,No
108813,No
108814,No
108815,Yes
108816,Yes
108817,Yes
108818,No
108819,No
108820,No
108821,No
108822,Yes
108823,Yes
108824,No
108825,No
108826,No
108827,Yes
108828,No
108829,Yes
108830,Yes
108831,No
108832,No
108833,No
108834,No
108835,No
108836,No
108837,Yes
108838,Yes
108839,No
108840,No
108841,No
108842,No
108843,No
108844,No
108845,No
108846,Yes
108847,Yes
108848,No
108849,No
108850,No
108851,No
108852,Yes
108853,Yes
108854,Yes
108855,No
108856,Yes
108857,No
108858,No
108859,No
108860,No
108861,No
108862,No
108863,Yes
108864,Yes
108865,No
108866,Yes
108867,Yes
108868,No
108869,No
108870,No
108871,No
108872,No
108873,Yes
108874,No
108875,No
108876,Yes
108877,No
108878,Yes
108879,Yes
108880,Yes
108881,No
108882,Yes
108883,Yes
108884,No
108885,Yes
108886,Yes
108887,Yes
108888,No
108889,No
108890,No
108891,Yes
108892,Yes
108893,No
108894,No
108895,No
108896,Yes
108897,No
108898,Yes
108899,No
108900,No
108901,No
108902,Yes
108903,No
108904,No
108905,Yes
108906,No
108907,No
108908,Yes
108909,Yes
108910,No
108911,Yes
108912,No
108913,No
108914,No
108915,No
108916,No
108917,Yes
108918,No
108919,No
108920,Yes
108921,Yes
108922,Yes
108923,No
108924,No
108925,Yes
108926,No
108927,No
108928,No
108929,No
108930,No
108931,No
108932,Yes
108933,Yes
108934,No
108935,Yes
108936,No
108937,Yes
108938,Yes
108939,Yes
108940,Yes
108941,Yes
108942,No
108943,No
108944,No
108945,No
108946,No
108947,No
108948,No
108949,No
108950,No
108951,No
108952,No
108953,No
108954,Yes
108955,Yes
108956,Yes
108957,No
108958,No
108959,No
108960,No
108961,Yes
108962,No
108963,No
108964,No
108965,No
108966,No
108967,Yes
108968,No
108969,No
108970,No
108971,Yes
108972,No
108973,Yes
108974,Yes
108975,Yes
108976,No
108977,Yes
108978,No
108979,Yes
108980,No
108981,No
108982,Yes
108983,Yes
108984,No
108985,Yes
108986,Yes
108987,Yes
108988,Yes
108989,No
108990,Yes
108991,No
108992,No
108993,No
108994,No
108995,Yes
108996,Yes
108997,No
108998,Yes
108999,Yes
109000,No
109001,No
109002,No
109003,Yes
109004,No
109005,No
109006,No
109007,No
109008,Yes
109009,No
109010,No
109011,No
109012,Yes
109013,No
109014,Yes
109015,No
109016,Yes
109017,No
109018,No
109019,Yes
109020,No
109021,No
109022,No
109023,No
109024,No
109025,No
109026,No
109027,Yes
109028,No
109029,No
109030,No
109031,No
109032,No
109033,No
109034,Yes
109035,No
109036,No
109037,No
109038,No
109039,No
109040,No
109041,Yes
109042,No
109043,No
109044,Yes
109045,Yes
109046,No
109047,Yes
109048,No
109049,No
109050,Yes
109051,No
109052,Yes
109053,No
109054,No
109055,No
109056,No
109057,Yes
109058,Yes
109059,No
109060,Yes
109061,Yes
109062,Yes
109063,Yes
109064,Yes
109065,Yes
109066,No
109067,No
109068,Yes
109069,No
109070,Yes
109071,No
109072,Yes
109073,No
109074,No
109075,No
109076,No
109077,No
109078,Yes
109079,No
109080,Yes
109081,No
109082,No
109083,Yes
109084,No
109085,Yes
109086,No
109087,No
109088,No
109089,Yes
109090,No
109091,Yes
109092,No
109093,No
109094,No
109095,Yes
109096,No
109097,Yes
109098,No
109099,Yes
109100,No
109101,No
109102,No
109103,No
109104,No
109105,Yes
109106,No
109107,No
109108,Yes
109109,Yes
109110,Yes
109111,No
109112,Yes
109113,No
109114,Yes
109115,No
109116,No
109117,Yes
109118,No
109119,Yes
109120,No
109121,No
109122,No
109123,Yes
109124,Yes
109125,No
109126,No
109127,Yes
109128,Yes
109129,No
109130,No
109131,No
109132,Yes
109133,Yes
109134,Yes
109135,No
109136,Yes
109137,No
109138,No
109139,No
109140,No
109141,No
109142,No
109143,No
109144,Yes
109145,No
109146,Yes
109147,Yes
109148,Yes
109149,Yes
109150,No
109151,No
109152,No
109153,No
109154,No
109155,No
109156,Yes
109157,Yes
109158,No
109159,No
109160,No
109161,No
109162,No
109163,No
109164,Yes
109165,No
109166,No
109167,Yes
109168,No
109169,No
109170,No
109171,No
109172,Yes
109173,Yes
109174,No
109175,No
109176,Yes
109177,No
109178,Yes
109179,No
109180,No
109181,No
109182,Yes
109183,No
109184,No
109185,Yes
109186,No
109187,No
109188,Yes
109189,No
109190,Yes
109191,No
109192,Yes
109193,No
109194,Yes
109195,Yes
109196,No
109197,No
109198,Yes
109199,Yes
109200,No
109201,No
109202,No
109203,No
109204,Yes
109205,No
109206,Yes
109207,No
109208,No
109209,No
109210,No
109211,Yes
109212,Yes
109213,No
109214,No
109215,No
109216,No
109217,No
109218,No
109219,No
109220,No
109221,Yes
109222,Yes
109223,Yes
109224,No
109225,No
109226,No
109227,Yes
109228,No
109229,Yes
109230,No
109231,No
109232,Yes
109233,Yes
109234,Yes
109235,Yes
109236,No
109237,No
109238,No
109239,Yes
109240,No
109241,Yes
109242,Yes
109243,No
109244,No
109245,No
109246,No
109247,No
109248,Yes
109249,No
109250,Yes
109251,Yes
109252,No
109253,Yes
109254,Yes
109255,No
109256,Yes
109257,No
109258,No
109259,No
109260,Yes
109261,Yes
109262,No
109263,No
109264,Yes
109265,Yes
109266,No
109267,No
109268,No
109269,No
109270,Yes
109271,No
109272,Yes
109273,Yes
109274,Yes
109275,No
109276,No
109277,No
109278,No
109279,No
109280,No
109281,No
109282,Yes
109283,Yes
109284,No
109285,Yes
109286,No
109287,Yes
109288,No
109289,No
109290,Yes
109291,No
109292,No
109293,No
109294,No
109295,Yes
109296,No
109297,No
109298,No
109299,No
109300,No
109301,Yes
109302,No
109303,Yes
109304,Yes
109305,No
109306,No
109307,No
109308,No
109309,No
109310,Yes
109311,Yes
109312,No
109313,No
109314,Yes
109315,Yes
109316,No
109317,No
109318,No
109319,Yes
109320,No
109321,Yes
109322,No
109323,Yes
109324,No
109325,No
109326,No
109327,No
109328,No
109329,Yes
109330,No
109331,Yes
109332,Yes
109333,Yes
109334,No
109335,Yes
109336,Yes
109337,Yes
109338,No
109339,No
109340,No
109341,No
109342,No
109343,Yes
109344,No
109345,No
109346,No
109347,No
109348,Yes
109349,No
109350,Yes
109351,Yes
109352,Yes
109353,No
109354,No
109355,No
109356,No
109357,No
109358,No
109359,No
109360,Yes
109361,Yes
109362,No
109363,No
109364,No
109365,Yes
109366,Yes
109367,No
109368,No
109369,No
109370,Yes
109371,Yes
109372,Yes
109373,No
109374,No
109375,No
109376,No
109377,No
109378,No
109379,Yes
109380,No
109381,Yes
109382,Yes
109383,Yes
109384,No
109385,No
109386,No
109387,No
109388,No
109389,Yes
109390,Yes
109391,No
109392,No
109393,Yes
109394,No
109395,No
109396,Yes
109397,Yes
109398,No
109399,No
109400,No
109401,No
109402,Yes
109403,No
109404,Yes
109405,Yes
109406,Yes
109407,Yes
109408,Yes
109409,No
109410,No
109411,No
109412,No
109413,No
109414,No
109415,No
109416,No
109417,Yes
109418,Yes
109419,Yes
109420,Yes
109421,Yes
109422,Yes
109423,No
109424,Yes
109425,Yes
109426,No
109427,No
109428,No
109429,No
109430,Yes
109431,No
109432,Yes
109433,Yes
109434,No
109435,Yes
109436,No
109437,Yes
109438,No
109439,Yes
109440,Yes
109441,Yes
109442,Yes
109443,Yes
109444,No
109445,No
109446,No
109447,Yes
109448,No
109449,No
109450,No
109451,Yes
109452,Yes
109453,Yes
109454,No
109455,Yes
109456,No
109457,Yes
109458,Yes
109459,Yes
109460,No
109461,Yes
109462,Yes
109463,No
109464,No
109465,No
109466,No
109467,No
109468,No
109469,No
109470,No
109471,Yes
109472,No
109473,No
109474,No
109475,Yes
109476,No
109477,No
109478,No
109479,Yes
109480,No
109481,No
109482,Yes
109483,No
109484,No
109485,No
109486,Yes
109487,Yes
109488,No
109489,No
109490,No
109491,No
109492,No
109493,No
109494,Yes
109495,Yes
109496,Yes
109497,No
109498,No
109499,No
109500,Yes
109501,No
109502,No
109503,Yes
109504,Yes
109505,No
109506,Yes
109507,No
109508,No
109509,Yes
109510,Yes
109511,Yes
109512,No
109513,No
109514,Yes
109515,Yes
109516,Yes
109517,Yes
109518,No
109519,No
109520,No
109521,Yes
109522,No
109523,No
109524,No
109525,No
109526,Yes
109527,Yes
109528,Yes
109529,Yes
109530,Yes
109531,Yes
109532,Yes
109533,Yes
109534,No
109535,Yes
109536,No
109537,Yes
109538,No
109539,No
109540,Yes
109541,No
109542,No
109543,Yes
109544,Yes
109545,No
109546,Yes
109547,Yes
109548,Yes
109549,No
109550,No
109551,No
109552,Yes
109553,Yes
109554,Yes
109555,No
109556,Yes
109557,No
109558,No
109559,Yes
109560,No
109561,No
109562,No
109563,No
109564,No
109565,No
109566,No
109567,No
109568,Yes
109569,No
109570,No
109571,No
109572,Yes
109573,No
109574,No
109575,Yes
109576,No
109577,Yes
109578,No
109579,Yes
109580,No
109581,Yes
109582,Yes
109583,Yes
109584,No
109585,Yes
109586,No
109587,Yes
109588,Yes
109589,Yes
109590,Yes
109591,No
109592,Yes
109593,No
109594,No
109595,No
109596,Yes
109597,Yes
109598,No
109599,No
109600,No
109601,No
109602,Yes
109603,No
109604,No
109605,Yes
109606,No
109607,Yes
109608,No
109609,Yes
109610,No
109611,No
109612,Yes
109613,No
109614,No
109615,No
109616,No
109617,Yes
109618,Yes
109619,No
109620,Yes
109621,No
109622,No
109623,No
109624,Yes
109625,Yes
109626,No
109627,No
109628,Yes
109629,Yes
109630,No
109631,No
109632,No
109633,No
109634,No
109635,No
109636,No
109637,Yes
109638,No
109639,No
109640,Yes
109641,No
109642,No
109643,Yes
109644,No
109645,Yes
109646,No
109647,No
109648,Yes
109649,Yes
109650,No
109651,Yes
109652,No
109653,No
109654,No
109655,Yes
109656,No
109657,No
109658,Yes
109659,Yes
109660,Yes
109661,No
109662,No
109663,No
109664,No
109665,Yes
109666,Yes
109667,Yes
109668,No
109669,No
109670,No
109671,No
109672,No
109673,Yes
109674,No
109675,No
109676,No
109677,Yes
109678,No
109679,Yes
109680,Yes
109681,No
109682,No
109683,No
109684,No
109685,No
109686,No
109687,Yes
109688,Yes
109689,No
109690,Yes
109691,No
109692,No
109693,No
109694,Yes
109695,No
109696,Yes
109697,No
109698,No
109699,No
109700,No
109701,No
109702,No
109703,Yes
109704,No
109705,No
109706,No
109707,Yes
109708,No
109709,Yes
109710,No
109711,No
109712,No
109713,Yes
109714,No
109715,Yes
109716,Yes
109717,Yes
109718,No
109719,Yes
109720,No
109721,Yes
109722,No
109723,No
109724,Yes
109725,Yes
109726,No
109727,Yes
109728,No
109729,No
109730,Yes
109731,No
109732,No
109733,No
109734,No
109735,No
109736,No
109737,Yes
109738,No
109739,No
109740,No
109741,No
109742,No
109743,No
109744,Yes
109745,Yes
109746,No
109747,Yes
109748,Yes
109749,No
109750,No
109751,No
109752,Yes
109753,No
109754,No
109755,Yes
109756,Yes
109757,Yes
109758,Yes
109759,Yes
109760,Yes
109761,No
109762,No
109763,No
109764,No
109765,No
109766,No
109767,No
109768,Yes
109769,No
109770,No
109771,Yes
109772,Yes
109773,Yes
109774,Yes
109775,No
109776,Yes
109777,No
109778,No
109779,No
109780,Yes
109781,No
109782,No
109783,No
109784,Yes
109785,No
109786,Yes
109787,No
109788,Yes
109789,Yes
109790,No
109791,No
109792,No
109793,Yes
109794,No
109795,No
109796,No
109797,Yes
109798,No
109799,No
109800,Yes
109801,No
109802,No
109803,Yes
109804,No
109805,Yes
109806,No
109807,No
109808,No
109809,No
109810,No
109811,Yes
109812,Yes
109813,No
109814,Yes
109815,No
109816,No
109817,No
109818,No
109819,No
109820,No
109821,Yes
109822,No
109823,No
109824,No
109825,Yes
109826,Yes
109827,Yes
109828,No
109829,No
109830,No
109831,No
109832,Yes
109833,Yes
109834,No
109835,Yes
109836,Yes
109837,No
109838,Yes
109839,Yes
109840,Yes
109841,Yes
109842,No
109843,Yes
109844,No
109845,Yes
109846,Yes
109847,Yes
109848,Yes
109849,No
109850,No
109851,Yes
109852,No
109853,No
109854,No
109855,Yes
109856,No
109857,Yes
109858,No
109859,No
109860,No
109861,Yes
109862,Yes
109863,No
109864,No
109865,No
109866,Yes
109867,Yes
109868,Yes
109869,Yes
109870,Yes
109871,Yes
109872,No
109873,No
109874,No
109875,Yes
109876,No
109877,No
109878,Yes
109879,Yes
109880,Yes
109881,No
109882,Yes
109883,Yes
109884,Yes
109885,Yes
109886,No
109887,No
109888,No
109889,No
109890,No
109891,No
109892,No
109893,Yes
109894,Yes
109895,No
109896,Yes
109897,Yes
109898,No
109899,Yes
109900,Yes
109901,Yes
109902,No
109903,No
109904,No
109905,No
109906,Yes
109907,No
109908,Yes
109909,No
109910,No
109911,No
109912,No
109913,No
109914,Yes
109915,Yes
109916,No
109917,Yes
109918,Yes
109919,No
109920,No
109921,Yes
109922,No
109923,No
109924,No
109925,No
109926,No
109927,No
109928,No
109929,No
109930,Yes
109931,No
109932,No
109933,No
109934,No
109935,No
109936,Yes
109937,No
109938,No
109939,Yes
109940,No
109941,No
109942,Yes
109943,No
109944,No
109945,Yes
109946,No
109947,Yes
109948,Yes
109949,No
109950,No
109951,No
109952,No
109953,No
109954,Yes
109955,No
109956,No
109957,No
109958,No
109959,Yes
109960,No
109961,Yes
109962,Yes
109963,Yes
109964,Yes
109965,No
109966,No
109967,Yes
109968,No
109969,No
109970,No
109971,No
109972,Yes
109973,No
109974,No
109975,No
109976,Yes
109977,Yes
109978,Yes
109979,Yes
109980,Yes
109981,No
109982,Yes
109983,Yes
109984,No
109985,No
109986,Yes
109987,Yes
109988,No
109989,No
109990,Yes
109991,No
109992,No
109993,Yes
109994,No
109995,Yes
109996,No
109997,No
109998,No
109999,No
110000,Yes
110001,Yes
110002,No
110003,Yes
110004,No
110005,Yes
110006,Yes
110007,No
110008,No
110009,Yes
110010,Yes
110011,No
110012,No
110013,No
110014,Yes
110015,Yes
110016,No
110017,No
110018,Yes
110019,No
110020,No
110021,No
110022,No
110023,No
110024,Yes
110025,No
110026,Yes
110027,Yes
110028,No
110029,No
110030,No
110031,Yes
110032,No
110033,No
110034,Yes
110035,Yes
110036,No
110037,No
110038,No
110039,Yes
110040,No
110041,Yes
110042,No
110043,Yes
110044,Yes
110045,No
110046,No
110047,Yes
110048,No
110049,No
110050,No
110051,No
110052,No
110053,Yes
110054,No
110055,No
110056,Yes
110057,Yes
110058,No
110059,Yes
110060,No
110061,No
110062,Yes
110063,Yes
110064,Yes
110065,Yes
110066,Yes
110067,No
110068,No
110069,No
110070,No
110071,No
110072,No
110073,No
110074,No
110075,Yes
110076,Yes
110077,No
110078,Yes
110079,No
110080,No
110081,Yes
110082,No
110083,Yes
110084,Yes
110085,Yes
110086,No
110087,No
110088,No
110089,Yes
110090,Yes
110091,No
110092,Yes
110093,Yes
110094,Yes
110095,Yes
110096,No
110097,No
110098,Yes
110099,Yes
110100,No
110101,Yes
110102,No
110103,No
110104,No
110105,Yes
110106,No
110107,No
110108,No
110109,Yes
110110,Yes
110111,No
110112,Yes
110113,No
110114,Yes
110115,No
110116,No
110117,No
110118,Yes
110119,No
110120,Yes
110121,No
110122,No
110123,No
110124,No
110125,No
110126,No
110127,Yes
110128,Yes
110129,No
110130,Yes
110131,No
110132,Yes
110133,No
110134,No
110135,No
110136,Yes
110137,Yes
110138,Yes
110139,No
110140,Yes
110141,Yes
110142,Yes
110143,No
110144,No
110145,Yes
110146,No
110147,No
110148,No
110149,Yes
110150,Yes
110151,No
110152,No
110153,No
110154,No
110155,No
110156,No
110157,No
110158,No
110159,No
110160,No
110161,No
110162,Yes
110163,No
110164,No
110165,No
110166,Yes
110167,No
110168,Yes
110169,Yes
110170,No
110171,No
110172,Yes
110173,Yes
110174,No
110175,No
110176,No
110177,No
110178,Yes
110179,Yes
110180,No
110181,No
110182,No
110183,No
110184,Yes
110185,No
110186,Yes
110187,Yes
110188,No
110189,No
110190,Yes
110191,Yes
110192,Yes
110193,Yes
110194,No
110195,No
110196,Yes
110197,No
110198,No
110199,Yes
110200,No
110201,Yes
110202,No
110203,No
110204,No
110205,No
110206,No
110207,No
110208,No
110209,No
110210,No
110211,Yes
110212,No
110213,No
110214,No
110215,No
110216,No
110217,Yes
110218,Yes
110219,No
110220,No
110221,No
110222,No
110223,Yes
110224,No
110225,Yes
110226,Yes
110227,Yes
110228,Yes
110229,No
110230,No
110231,Yes
110232,No
110233,Yes
110234,No
110235,Yes
110236,No
110237,Yes
110238,Yes
110239,No
110240,No
110241,Yes
110242,Yes
110243,Yes
110244,Yes
110245,Yes
110246,No
110247,Yes
110248,Yes
110249,Yes
110250,Yes
110251,No
110252,No
110253,No
110254,No
110255,Yes
110256,No
110257,Yes
110258,Yes
110259,Yes
110260,No
110261,Yes
110262,No
110263,Yes
110264,No
110265,Yes
110266,No
110267,No
110268,No
110269,Yes
110270,No
110271,No
110272,Yes
110273,Yes
110274,No
110275,Yes
110276,No
110277,Yes
110278,Yes
110279,No
110280,No
110281,Yes
110282,No
110283,No
110284,Yes
110285,Yes
110286,No
110287,No
110288,No
110289,No
110290,No
110291,Yes
110292,Yes
110293,No
110294,No
110295,Yes
110296,Yes
110297,No
110298,No
110299,No
110300,Yes
110301,Yes
110302,Yes
110303,Yes
110304,Yes
110305,No
110306,No
110307,Yes
110308,No
110309,Yes
110310,No
110311,Yes
110312,Yes
110313,Yes
110314,Yes
110315,Yes
110316,Yes
110317,Yes
110318,No
110319,No
110320,No
110321,Yes
110322,Yes
110323,Yes
110324,Yes
110325,No
110326,No
110327,No
110328,No
110329,Yes
110330,No
110331,Yes
110332,No
110333,Yes
110334,No
110335,No
110336,No
110337,No
110338,No
110339,No
110340,Yes
110341,Yes
110342,No
110343,Yes
110344,Yes
110345,Yes
110346,Yes
110347,No
110348,No
110349,No
110350,No
110351,No
110352,No
110353,No
110354,No
110355,No
110356,Yes
110357,Yes
110358,No
110359,Yes
110360,Yes
110361,Yes
110362,Yes
110363,No
110364,Yes
110365,No
110366,No
110367,Yes
110368,Yes
110369,Yes
110370,Yes
110371,No
110372,No
110373,No
110374,Yes
110375,Yes
110376,Yes
110377,No
110378,Yes
110379,No
110380,No
110381,No
110382,Yes
110383,No
110384,No
110385,No
110386,No
110387,Yes
110388,Yes
110389,No
110390,No
110391,No
110392,No
110393,Yes
110394,No
110395,No
110396,No
110397,Yes
110398,No
110399,Yes
110400,Yes
110401,Yes
110402,No
110403,Yes
110404,No
110405,No
110406,No
110407,Yes
110408,Yes
110409,No
110410,Yes
110411,Yes
110412,Yes
110413,No
110414,No
110415,No
110416,Yes
110417,No
110418,No
110419,No
110420,Yes
110421,No
110422,Yes
110423,No
110424,No
110425,Yes
110426,No
110427,No
110428,No
110429,Yes
110430,No
110431,No
110432,No
110433,No
110434,No
110435,No
110436,Yes
110437,Yes
110438,Yes
110439,Yes
110440,No
110441,No
110442,No
110443,No
110444,No
110445,Yes
110446,No
110447,No
110448,No
110449,No
110450,No
110451,Yes
110452,Yes
110453,Yes
110454,No
110455,No
110456,No
110457,No
110458,No
110459,Yes
110460,No
110461,No
110462,No
110463,Yes
110464,No
110465,No
110466,No
110467,No
110468,Yes
110469,Yes
110470,Yes
110471,Yes
110472,Yes
110473,No
110474,No
110475,No
110476,No
110477,No
110478,Yes
110479,No
110480,No
110481,No
110482,Yes
110483,Yes
110484,No
110485,Yes
110486,Yes
110487,Yes
110488,No
110489,No
110490,No
110491,No
110492,No
110493,No
110494,Yes
110495,No
110496,Yes
110497,Yes
110498,No
110499,No
110500,Yes
110501,No
110502,No
110503,No
110504,No
110505,No
110506,Yes
110507,Yes
110508,No
110509,Yes
110510,Yes
110511,Yes
110512,No
110513,Yes
110514,No
110515,No
110516,No
110517,No
110518,No
110519,No
110520,No
110521,No
110522,Yes
110523,No
110524,Yes
110525,Yes
110526,No
110527,No
110528,Yes
110529,No
110530,Yes
110531,No
110532,No
110533,No
110534,No
110535,No
110536,No
110537,No
110538,Yes
110539,No
110540,Yes
110541,No
110542,No
110543,No
110544,Yes
110545,Yes
110546,No
110547,No
110548,Yes
110549,No
110550,No
110551,No
110552,No
110553,No
110554,Yes
110555,No
110556,No
110557,No
110558,No
110559,No
110560,Yes
110561,No
110562,No
110563,Yes
110564,No
110565,Yes
110566,Yes
110567,No
110568,No
110569,No
110570,No
110571,No
110572,No
110573,No
110574,No
110575,No
110576,Yes
110577,No
110578,No
110579,No
110580,No
110581,Yes
110582,No
110583,Yes
110584,No
110585,No
110586,Yes
110587,Yes
110588,Yes
110589,Yes
110590,No
110591,Yes
110592,No
110593,No
110594,No
110595,No
110596,No
110597,Yes
110598,No
110599,No
110600,Yes
110601,Yes
110602,No
110603,Yes
110604,No
110605,No
110606,No
110607,No
110608,No
110609,Yes
110610,Yes
110611,Yes
110612,No
110613,Yes
110614,Yes
110615,Yes
110616,No
110617,No
110618,Yes
110619,No
110620,No
110621,No
110622,Yes
110623,No
110624,No
110625,No
110626,No
110627,No
110628,Yes
110629,No
110630,No
110631,No
110632,Yes
110633,No
110634,No
110635,No
110636,No
110637,No
110638,Yes
110639,No
110640,Yes
110641,No
110642,No
110643,Yes
110644,No
110645,No
110646,No
110647,No
110648,No
110649,Yes
110650,Yes
110651,No
110652,Yes
110653,No
110654,No
110655,No
110656,No
110657,No
110658,No
110659,No
110660,Yes
110661,Yes
110662,No
110663,Yes
110664,No
110665,No
110666,No
110667,Yes
110668,Yes
110669,No
110670,No
110671,Yes
110672,Yes
110673,No
110674,Yes
110675,Yes
110676,No
110677,Yes
110678,Yes
110679,No
110680,No
110681,Yes
110682,No
110683,Yes
110684,Yes
110685,No
110686,No
110687,No
110688,No
110689,No
110690,No
110691,No
110692,Yes
110693,No
110694,No
110695,Yes
110696,No
110697,No
110698,No
110699,No
110700,No
110701,No
110702,No
110703,No
110704,No
110705,Yes
110706,Yes
110707,No
110708,No
110709,No
110710,No
110711,No
110712,Yes
110713,Yes
110714,Yes
110715,No
110716,No
110717,Yes
110718,No
110719,Yes
110720,No
110721,Yes
110722,No
110723,Yes
110724,No
110725,Yes
110726,Yes
110727,No
110728,No
110729,Yes
110730,Yes
110731,No
110732,No
110733,Yes
110734,No
110735,No
110736,No
110737,No
110738,No
110739,Yes
110740,No
110741,Yes
110742,No
110743,No
110744,Yes
110745,No
110746,No
110747,No
110748,No
110749,Yes
110750,No
110751,No
110752,No
110753,No
110754,No
110755,No
110756,Yes
110757,No
110758,No
110759,No
110760,Yes
110761,No
110762,Yes
110763,Yes
110764,No
110765,No
110766,Yes
110767,No
110768,Yes
110769,Yes
110770,Yes
110771,No
110772,Yes
110773,No
110774,No
110775,No
110776,No
110777,No
110778,Yes
110779,No
110780,No
110781,Yes
110782,No
110783,Yes
110784,No
110785,Yes
110786,Yes
110787,No
110788,No
110789,No
110790,No
110791,No
110792,Yes
110793,No
110794,No
110795,No
110796,No
110797,No
110798,No
110799,No
110800,Yes
110801,Yes
110802,No
110803,Yes
110804,No
110805,No
110806,No
110807,No
110808,No
110809,No
110810,No
110811,Yes
110812,No
110813,No
110814,No
110815,Yes
110816,Yes
110817,Yes
110818,No
110819,Yes
110820,No
110821,No
110822,No
110823,No
110824,Yes
110825,Yes
110826,No
110827,No
110828,No
110829,No
110830,No
110831,Yes
110832,No
110833,Yes
110834,Yes
110835,No
110836,No
110837,Yes
110838,Yes
110839,No
110840,No
110841,No
110842,No
110843,No
110844,Yes
110845,Yes
110846,No
110847,No
110848,No
110849,No
110850,No
110851,No
110852,No
110853,Yes
110854,No
110855,Yes
110856,No
110857,No
110858,No
110859,Yes
110860,No
110861,No
110862,No
110863,No
110864,Yes
110865,Yes
110866,No
110867,Yes
110868,No
110869,No
110870,No
110871,Yes
110872,No
110873,Yes
110874,No
110875,Yes
110876,No
110877,No
110878,Yes
110879,No
110880,Yes
110881,Yes
110882,No
110883,Yes
110884,No
110885,No
110886,No
110887,Yes
110888,Yes
110889,No
110890,No
110891,Yes
110892,No
110893,No
110894,No
110895,Yes
110896,Yes
110897,No
110898,No
110899,Yes
110900,Yes
110901,Yes
110902,No
110903,No
110904,Yes
110905,No
110906,No
110907,No
110908,No
110909,No
110910,No
110911,No
110912,Yes
110913,No
110914,Yes
110915,No
110916,Yes
110917,Yes
110918,Yes
110919,No
110920,Yes
110921,No
110922,No
110923,No
110924,No
110925,Yes
110926,Yes
110927,Yes
110928,No
110929,Yes
110930,No
110931,Yes
110932,No
110933,No
110934,No
110935,No
110936,Yes
110937,Yes
110938,No
110939,Yes
110940,No
110941,No
110942,No
110943,Yes
110944,No
110945,No
110946,No
110947,No
110948,Yes
110949,No
110950,Yes
110951,No
110952,Yes
110953,Yes
110954,No
110955,No
110956,Yes
110957,No
110958,No
110959,No
110960,Yes
110961,No
110962,No
110963,No
110964,Yes
110965,No
110966,No
110967,No
110968,No
110969,Yes
110970,Yes
110971,No
110972,No
110973,No
110974,Yes
110975,Yes
110976,No
110977,No
110978,No
110979,No
110980,Yes
110981,No
110982,No
110983,No
110984,Yes
110985,Yes
110986,No
110987,No
110988,No
110989,Yes
110990,Yes
110991,No
110992,No
110993,Yes
110994,No
110995,No
110996,Yes
110997,No
110998,Yes
110999,Yes
111000,No
111001,No
111002,No
111003,Yes
111004,No
111005,No
111006,Yes
111007,Yes
111008,No
111009,Yes
111010,Yes
111011,No
111012,No
111013,No
111014,Yes
111015,No
111016,Yes
111017,No
111018,Yes
111019,No
111020,No
111021,No
111022,No
111023,No
111024,Yes
111025,No
111026,No
111027,No
111028,No
111029,No
111030,No
111031,No
111032,No
111033,No
111034,No
111035,No
111036,No
111037,No
111038,No
111039,No
111040,Yes
111041,No
111042,No
111043,No
111044,Yes
111045,No
111046,No
111047,Yes
111048,No
111049,No
111050,No
111051,No
111052,No
111053,Yes
111054,Yes
111055,No
111056,No
111057,Yes
111058,No
111059,No
111060,No
111061,Yes
111062,Yes
111063,No
111064,No
111065,Yes
111066,Yes
111067,No
111068,No
111069,No
111070,Yes
111071,Yes
111072,Yes
111073,No
111074,No
111075,Yes
111076,Yes
111077,No
111078,Yes
111079,Yes
111080,Yes
111081,No
111082,Yes
111083,No
111084,No
111085,Yes
111086,Yes
111087,Yes
111088,No
111089,No
111090,No
111091,No
111092,No
111093,No
111094,No
111095,No
111096,No
111097,No
111098,No
111099,Yes
111100,No
111101,Yes
111102,No
111103,No
111104,No
111105,Yes
111106,No
111107,Yes
111108,No
111109,Yes
111110,Yes
111111,Yes
111112,No
111113,No
111114,No
111115,No
111116,No
111117,No
111118,Yes
111119,No
111120,No
111121,Yes
111122,No
111123,No
111124,No
111125,No
111126,No
111127,No
111128,No
111129,No
111130,No
111131,No
111132,No
111133,No
111134,Yes
111135,No
111136,Yes
111137,No
111138,No
111139,No
111140,No
111141,No
111142,Yes
111143,Yes
111144,Yes
111145,No
111146,No
111147,Yes
111148,No
111149,No
111150,No
111151,No
111152,Yes
111153,Yes
111154,No
111155,No
111156,Yes
111157,No
111158,No
111159,Yes
111160,Yes
111161,No
111162,No
111163,No
111164,No
111165,No
111166,No
111167,No
111168,No
111169,No
111170,No
111171,No
111172,No
111173,Yes
111174,Yes
111175,No
111176,No
111177,No
111178,No
111179,Yes
111180,Yes
111181,Yes
111182,Yes
111183,No
111184,No
111185,Yes
111186,Yes
111187,Yes
111188,Yes
111189,Yes
111190,No
111191,No
111192,No
111193,No
111194,Yes
111195,No
111196,No
111197,Yes
111198,Yes
111199,No
111200,No
111201,No
111202,No
111203,Yes
111204,No
111205,No
111206,No
111207,No
111208,No
111209,Yes
111210,Yes
111211,Yes
111212,Yes
111213,No
111214,No
111215,Yes
111216,Yes
111217,No
111218,Yes
111219,No
111220,Yes
111221,Yes
111222,Yes
111223,No
111224,No
111225,No
111226,Yes
111227,No
111228,No
111229,No
111230,No
111231,No
111232,No
111233,No
111234,No
111235,Yes
111236,No
111237,No
111238,Yes
111239,Yes
111240,Yes
111241,No
111242,No
111243,Yes
111244,No
111245,Yes
111246,No
111247,Yes
111248,No
111249,No
111250,No
111251,No
111252,No
111253,Yes
111254,No
111255,No
111256,No
111257,No
111258,No
111259,No
111260,No
111261,No
111262,No
111263,No
111264,Yes
111265,No
111266,Yes
111267,Yes
111268,No
111269,No
111270,Yes
111271,No
111272,No
111273,Yes
111274,No
111275,Yes
111276,No
111277,Yes
111278,Yes
111279,No
111280,No
111281,No
111282,Yes
111283,Yes
111284,No
111285,No
111286,No
111287,No
111288,Yes
111289,Yes
111290,No
111291,Yes
111292,No
111293,Yes
111294,No
111295,No
111296,No
111297,Yes
111298,No
111299,No
111300,No
111301,Yes
111302,No
111303,Yes
111304,No
111305,Yes
111306,Yes
111307,No
111308,No
111309,No
111310,Yes
111311,Yes
111312,No
111313,No
111314,No
111315,Yes
111316,Yes
111317,No
111318,No
111319,Yes
111320,No
111321,No
111322,Yes
111323,No
111324,Yes
111325,No
111326,No
111327,Yes
111328,Yes
111329,No
111330,Yes
111331,Yes
111332,No
111333,No
111334,No
111335,No
111336,No
111337,No
111338,No
111339,No
111340,No
111341,No
111342,Yes
111343,No
111344,Yes
111345,No
111346,No
111347,Yes
111348,No
111349,No
111350,No
111351,No
111352,No
111353,No
111354,No
111355,No
111356,Yes
111357,Yes
111358,Yes
111359,Yes
111360,Yes
111361,No
111362,Yes
111363,Yes
111364,No
111365,Yes
111366,Yes
111367,No
111368,Yes
111369,No
111370,No
111371,Yes
111372,No
111373,Yes
111374,Yes
111375,No
111376,Yes
111377,No
111378,Yes
111379,Yes
111380,No
111381,No
111382,No
111383,Yes
111384,No
111385,No
111386,No
111387,No
111388,No
111389,Yes
111390,No
111391,Yes
111392,Yes
111393,No
111394,No
111395,Yes
111396,No
111397,No
111398,No
111399,No
111400,No
111401,Yes
111402,No
111403,Yes
111404,Yes
111405,Yes
111406,No
111407,Yes
111408,No
111409,No
111410,No
111411,Yes
111412,No
111413,No
111414,Yes
111415,No
111416,Yes
111417,Yes
111418,No
111419,No
111420,No
111421,Yes
111422,Yes
111423,Yes
111424,No
111425,Yes
111426,No
111427,No
111428,No
111429,No
111430,Yes
111431,Yes
111432,No
111433,No
111434,Yes
111435,No
111436,No
111437,No
111438,Yes
111439,No
111440,No
111441,No
111442,No
111443,No
111444,Yes
111445,No
111446,No
111447,No
111448,Yes
111449,Yes
111450,Yes
111451,No
111452,No
111453,No
111454,No
111455,No
111456,No
111457,Yes
111458,Yes
111459,No
111460,No
111461,Yes
111462,Yes
111463,No
111464,No
111465,Yes
111466,No
111467,No
111468,No
111469,No
111470,Yes
111471,Yes
111472,No
111473,No
111474,Yes
111475,No
111476,No
111477,Yes
111478,No
111479,No
111480,Yes
111481,Yes
111482,No
111483,No
111484,No
111485,No
111486,No
111487,Yes
111488,No
111489,No
111490,No
111491,No
111492,No
111493,Yes
111494,No
111495,No
111496,Yes
111497,No
111498,Yes
111499,Yes
111500,Yes
111501,Yes
111502,No
111503,Yes
111504,Yes
111505,Yes
111506,Yes
111507,No
111508,No
111509,Yes
111510,Yes
111511,No
111512,Yes
111513,No
111514,Yes
111515,No
111516,Yes
111517,No
111518,Yes
111519,Yes
111520,No
111521,Yes
111522,No
111523,No
111524,No
111525,Yes
111526,No
111527,No
111528,No
111529,No
111530,Yes
111531,No
111532,No
111533,Yes
111534,Yes
111535,Yes
111536,No
111537,Yes
111538,No
111539,No
111540,No
111541,Yes
111542,Yes
111543,No
111544,Yes
111545,No
111546,No
111547,No
111548,No
111549,No
111550,No
111551,Yes
111552,No
111553,No
111554,No
111555,Yes
111556,No
111557,Yes
111558,No
111559,Yes
111560,No
111561,Yes
111562,No
111563,No
111564,Yes
111565,No
111566,No
111567,No
111568,No
111569,Yes
111570,No
111571,No
111572,Yes
111573,No
111574,No
111575,Yes
111576,Yes
111577,No
111578,No
111579,Yes
111580,No
111581,Yes
111582,No
111583,No
111584,Yes
111585,No
111586,Yes
111587,No
111588,No
111589,No
111590,No
111591,No
111592,No
111593,No
111594,Yes
111595,No
111596,Yes
111597,Yes
111598,No
111599,No
111600,No
111601,No
111602,No
111603,No
111604,Yes
111605,No
111606,No
111607,No
111608,No
111609,No
111610,No
111611,No
111612,No
111613,Yes
111614,No
111615,No
111616,Yes
111617,No
111618,No
111619,No
111620,No
111621,Yes
111622,No
111623,No
111624,No
111625,No
111626,No
111627,No
111628,No
111629,No
111630,No
111631,Yes
111632,Yes
111633,No
111634,No
111635,No
111636,No
111637,No
111638,Yes
111639,No
111640,No
111641,No
111642,No
111643,No
111644,No
111645,Yes
111646,Yes
111647,No
111648,Yes
111649,Yes
111650,Yes
111651,No
111652,Yes
111653,Yes
111654,No
111655,Yes
111656,No
111657,Yes
111658,Yes
111659,No
111660,No
111661,No
111662,No
111663,Yes
111664,No
111665,No
111666,Yes
111667,No
111668,No
111669,No
111670,Yes
111671,No
111672,No
111673,Yes
111674,No
111675,Yes
111676,No
111677,No
111678,Yes
111679,Yes
111680,No
111681,No
111682,No
111683,No
111684,Yes
111685,No
111686,No
111687,No
111688,Yes
111689,No
111690,No
111691,No
111692,No
111693,No
111694,No
111695,No
111696,Yes
111697,No
111698,Yes
111699,No
111700,No
111701,Yes
111702,No
111703,No
111704,Yes
111705,No
111706,No
111707,Yes
111708,No
111709,No
111710,No
111711,No
111712,Yes
111713,No
111714,No
111715,No
111716,No
111717,No
111718,Yes
111719,Yes
111720,No
111721,No
111722,No
111723,Yes
111724,No
111725,No
111726,Yes
111727,No
111728,Yes
111729,No
111730,No
111731,No
111732,Yes
111733,No
111734,No
111735,No
111736,Yes
111737,No
111738,No
111739,No
111740,Yes
111741,No
111742,No
111743,No
111744,Yes
111745,Yes
111746,No
111747,Yes
111748,No
111749,No
111750,No
111751,No
111752,Yes
111753,No
111754,Yes
111755,Yes
111756,Yes
111757,No
111758,No
111759,Yes
111760,No
111761,No
111762,No
111763,Yes
111764,No
111765,No
111766,Yes
111767,Yes
111768,No
111769,Yes
111770,Yes
111771,No
111772,No
111773,No
111774,Yes
111775,No
111776,No
111777,Yes
111778,No
111779,Yes
111780,No
111781,Yes
111782,No
111783,Yes
111784,No
111785,Yes
111786,No
111787,No
111788,No
111789,Yes
111790,Yes
111791,Yes
111792,Yes
111793,No
111794,Yes
111795,Yes
111796,Yes
111797,Yes
111798,No
111799,No
111800,No
111801,Yes
111802,No
111803,No
111804,No
111805,No
111806,Yes
111807,No
111808,No
111809,Yes
111810,Yes
111811,Yes
111812,No
111813,No
111814,No
111815,No
111816,No
111817,No
111818,No
111819,No
111820,Yes
111821,No
111822,No
111823,Yes
111824,No
111825,No
111826,No
111827,Yes
111828,No
111829,Yes
111830,No
111831,Yes
111832,Yes
111833,No
111834,Yes
111835,Yes
111836,Yes
111837,No
111838,Yes
111839,Yes
111840,Yes
111841,No
111842,No
111843,Yes
111844,No
111845,Yes
111846,Yes
111847,No
111848,No
111849,Yes
111850,Yes
111851,No
111852,No
111853,No
111854,Yes
111855,Yes
111856,No
111857,No
111858,No
111859,Yes
111860,Yes
111861,No
111862,No
111863,Yes
111864,No
111865,No
111866,No
111867,No
111868,No
111869,No
111870,Yes
111871,Yes
111872,Yes
111873,No
111874,Yes
111875,No
111876,No
111877,No
111878,No
111879,Yes
111880,No
111881,No
111882,No
111883,Yes
111884,Yes
111885,No
111886,No
111887,Yes
111888,No
111889,Yes
111890,Yes
111891,Yes
111892,No
111893,Yes
111894,No
111895,No
111896,No
111897,No
111898,Yes
111899,Yes
111900,No
111901,No
111902,Yes
111903,No
111904,No
111905,No
111906,No
111907,No
111908,Yes
111909,Yes
111910,No
111911,Yes
111912,Yes
111913,No
111914,Yes
111915,Yes
111916,Yes
111917,No
111918,Yes
111919,No
111920,No
111921,Yes
111922,No
111923,No
111924,Yes
111925,No
111926,Yes
111927,No
111928,No
111929,Yes
111930,No
111931,No
111932,No
111933,No
111934,No
111935,No
111936,No
111937,No
111938,No
111939,Yes
111940,Yes
111941,Yes
111942,Yes
111943,No
111944,No
111945,No
111946,No
111947,Yes
111948,Yes
111949,Yes
111950,Yes
111951,No
111952,Yes
111953,No
111954,No
111955,No
111956,No
111957,Yes
111958,No
111959,No
111960,No
111961,Yes
111962,No
111963,Yes
111964,No
111965,No
111966,No
111967,No
111968,No
111969,No
111970,No
111971,No
111972,Yes
111973,No
111974,No
111975,No
111976,No
111977,Yes
111978,No
111979,Yes
111980,No
111981,Yes
111982,Yes
111983,No
111984,No
111985,No
111986,Yes
111987,Yes
111988,No
111989,Yes
111990,No
111991,Yes
111992,No
111993,No
111994,No
111995,Yes
111996,No
111997,No
111998,No
111999,No
112000,No
112001,No
112002,No
112003,No
112004,No
112005,No
112006,Yes
112007,No
112008,No
112009,Yes
112010,Yes
112011,Yes
112012,No
112013,Yes
112014,Yes
112015,No
112016,No
112017,Yes
112018,Yes
112019,No
112020,No
112021,No
112022,No
112023,No
112024,No
112025,No
112026,Yes
112027,Yes
112028,Yes
112029,Yes
112030,No
112031,No
112032,Yes
112033,No
112034,No
112035,No
112036,No
112037,No
112038,No
112039,Yes
112040,No
112041,No
112042,No
112043,No
112044,No
112045,No
112046,Yes
112047,Yes
112048,No
112049,No
112050,No
112051,No
112052,Yes
112053,No
112054,No
112055,No
112056,Yes
112057,No
112058,No
112059,No
112060,Yes
112061,Yes
112062,Yes
112063,Yes
112064,No
112065,No
112066,Yes
112067,Yes
112068,Yes
112069,No
112070,Yes
112071,Yes
112072,No
112073,No
112074,No
112075,Yes
112076,No
112077,Yes
112078,No
112079,Yes
112080,No
112081,Yes
112082,No
112083,No
112084,No
112085,No
112086,Yes
112087,Yes
112088,No
112089,No
112090,No
112091,No
112092,No
112093,No
112094,No
112095,No
112096,No
112097,No
112098,No
112099,Yes
112100,No
112101,No
112102,Yes
112103,No
112104,Yes
112105,No
112106,No
112107,No
112108,No
112109,No
112110,Yes
112111,Yes
112112,Yes
112113,No
112114,No
112115,Yes
112116,Yes
112117,Yes
112118,Yes
112119,Yes
112120,No
112121,Yes
112122,Yes
112123,Yes
112124,No
112125,No
112126,No
112127,No
112128,No
112129,No
112130,No
112131,No
112132,No
112133,No
112134,No
112135,No
112136,Yes
112137,No
112138,Yes
112139,No
112140,Yes
112141,No
112142,No
112143,Yes
112144,Yes
112145,No
112146,No
112147,Yes
112148,No
112149,No
112150,No
112151,No
112152,No
112153,Yes
112154,Yes
112155,No
112156,No
112157,No
112158,No
112159,No
112160,No
112161,Yes
112162,No
112163,No
112164,Yes
112165,Yes
112166,No
112167,No
112168,Yes
112169,No
112170,Yes
112171,Yes
112172,Yes
112173,No
112174,No
112175,Yes
112176,Yes
112177,Yes
112178,No
112179,Yes
112180,No
112181,No
112182,Yes
112183,No
112184,No
112185,No
112186,Yes
112187,No
112188,No
112189,Yes
112190,No
112191,No
112192,Yes
112193,No
112194,No
112195,No
112196,No
112197,No
112198,No
112199,No
112200,Yes
112201,No
112202,No
112203,No
112204,Yes
112205,Yes
112206,No
112207,No
112208,No
112209,No
112210,Yes
112211,No
112212,No
112213,No
112214,No
112215,Yes
112216,Yes
112217,Yes
112218,Yes
112219,No
112220,No
112221,No
112222,No
112223,No
112224,No
112225,No
112226,No
112227,No
112228,Yes
112229,No
112230,Yes
112231,Yes
112232,No
112233,No
112234,No
112235,No
112236,No
112237,Yes
112238,No
112239,Yes
112240,Yes
112241,No
112242,Yes
112243,No
112244,Yes
112245,No
112246,No
112247,No
112248,Yes
112249,Yes
112250,No
112251,No
112252,Yes
112253,Yes
112254,No
112255,No
112256,No
112257,Yes
112258,Yes
112259,No
112260,Yes
112261,Yes
112262,No
112263,No
112264,Yes
112265,Yes
112266,Yes
112267,No
112268,No
112269,No
112270,No
112271,No
112272,Yes
112273,No
112274,Yes
112275,No
112276,Yes
112277,No
112278,Yes
112279,No
112280,Yes
112281,No
112282,Yes
112283,No
112284,No
112285,No
112286,No
112287,No
112288,Yes
112289,Yes
112290,Yes
112291,No
112292,Yes
112293,No
112294,No
112295,No
112296,No
112297,Yes
112298,No
112299,No
112300,No
112301,Yes
112302,No
112303,Yes
112304,Yes
112305,Yes
112306,No
112307,Yes
112308,Yes
112309,No
112310,Yes
112311,No
112312,Yes
112313,Yes
112314,No
112315,Yes
112316,No
112317,Yes
112318,Yes
112319,No
112320,No
112321,No
112322,No
112323,Yes
112324,Yes
112325,No
112326,No
112327,No
112328,No
112329,No
112330,Yes
112331,No
112332,Yes
112333,No
112334,Yes
112335,No
112336,Yes
112337,Yes
112338,No
112339,No
112340,No
112341,Yes
112342,Yes
112343,No
112344,No
112345,Yes
112346,No
112347,No
112348,Yes
112349,Yes
112350,No
112351,No
112352,No
112353,No
112354,No
112355,No
112356,No
112357,No
112358,Yes
112359,Yes
112360,Yes
112361,No
112362,Yes
112363,No
112364,Yes
112365,No
112366,Yes
112367,Yes
112368,Yes
112369,No
112370,No
112371,Yes
112372,No
112373,No
112374,No
112375,No
112376,Yes
112377,Yes
112378,No
112379,Yes
112380,No
112381,No
112382,Yes
112383,No
112384,No
112385,No
112386,Yes
112387,No
112388,Yes
112389,No
112390,Yes
112391,No
112392,Yes
112393,No
112394,No
112395,No
112396,Yes
112397,Yes
112398,Yes
112399,No
112400,Yes
112401,No
112402,Yes
112403,Yes
112404,No
112405,No
112406,No
112407,No
112408,No
112409,No
112410,Yes
112411,No
112412,No
112413,No
112414,No
112415,No
112416,No
112417,Yes
112418,No
112419,No
112420,No
112421,No
112422,No
112423,Yes
112424,No
112425,Yes
112426,Yes
112427,Yes
112428,No
112429,No
112430,No
112431,No
112432,Yes
112433,No
112434,No
112435,No
112436,Yes
112437,No
112438,Yes
112439,No
112440,No
112441,Yes
112442,No
112443,No
112444,Yes
112445,Yes
112446,Yes
112447,Yes
112448,Yes
112449,Yes
112450,No
112451,Yes
112452,No
112453,Yes
112454,Yes
112455,Yes
112456,Yes
112457,Yes
112458,Yes
112459,Yes
112460,No
112461,No
112462,No
112463,No
112464,Yes
112465,No
112466,No
112467,Yes
112468,Yes
112469,No
112470,No
112471,No
112472,No
112473,No
112474,No
112475,Yes
112476,Yes
112477,No
112478,Yes
112479,Yes
112480,Yes
112481,Yes
112482,Yes
112483,No
112484,Yes
112485,No
112486,Yes
112487,No
112488,No
112489,No
112490,No
112491,No
112492,Yes
112493,No
112494,No
112495,Yes
112496,No
112497,No
112498,No
112499,Yes
112500,No
112501,Yes
112502,No
112503,No
112504,Yes
112505,No
112506,No
112507,Yes
112508,Yes
112509,No
112510,No
112511,No
112512,No
112513,No
112514,No
112515,Yes
112516,Yes
112517,Yes
112518,No
112519,No
112520,No
112521,No
112522,No
112523,Yes
112524,No
112525,Yes
112526,No
112527,Yes
112528,No
112529,Yes
112530,No
112531,No
112532,Yes
112533,Yes
112534,No
112535,No
112536,No
112537,Yes
112538,No
112539,Yes
112540,No
112541,No
112542,No
112543,No
112544,Yes
112545,No
112546,Yes
112547,Yes
112548,No
112549,No
112550,No
112551,Yes
112552,No
112553,No
112554,No
112555,Yes
112556,No
112557,No
112558,No
112559,No
112560,No
112561,No
112562,Yes
112563,Yes
112564,No
112565,No
112566,Yes
112567,No
112568,No
112569,No
112570,Yes
112571,No
112572,No
112573,No
112574,No
112575,Yes
112576,No
112577,No
112578,No
112579,No
112580,No
112581,Yes
112582,No
112583,No
112584,Yes
112585,No
112586,Yes
112587,Yes
112588,Yes
112589,No
112590,Yes
112591,Yes
112592,No
112593,No
112594,No
112595,No
112596,Yes
112597,No
112598,Yes
112599,No
112600,Yes
112601,No
112602,No
112603,Yes
112604,No
112605,Yes
112606,No
112607,Yes
112608,No
112609,No
112610,No
112611,Yes
112612,No
112613,No
112614,No
112615,Yes
112616,No
112617,Yes
112618,Yes
112619,Yes
112620,No
112621,No
112622,No
112623,No
112624,No
112625,No
112626,Yes
112627,No
112628,No
112629,No
112630,No
112631,Yes
112632,Yes
112633,Yes
112634,No
112635,Yes
112636,No
112637,No
112638,No
112639,Yes
112640,Yes
112641,No
112642,Yes
112643,No
112644,Yes
112645,Yes
112646,No
112647,No
112648,No
112649,No
112650,No
112651,Yes
112652,No
112653,Yes
112654,No
112655,Yes
112656,No
112657,Yes
112658,No
112659,No
112660,Yes
112661,No
112662,No
112663,Yes
112664,No
112665,No
112666,No
112667,Yes
112668,No
112669,Yes
112670,Yes
112671,No
112672,No
112673,No
112674,No
112675,No
112676,Yes
112677,No
112678,Yes
112679,No
112680,No
112681,No
112682,No
112683,No
112684,Yes
112685,Yes
112686,No
112687,No
112688,Yes
112689,No
112690,Yes
112691,Yes
112692,Yes
112693,Yes
112694,No
112695,No
112696,No
112697,No
112698,Yes
112699,Yes
112700,No
112701,Yes
112702,Yes
112703,No
112704,No
112705,No
112706,Yes
112707,Yes
112708,No
112709,No
112710,Yes
112711,No
112712,Yes
112713,Yes
112714,Yes
112715,Yes
112716,Yes
112717,No
112718,No
112719,No
112720,Yes
112721,No
112722,No
112723,Yes
112724,No
112725,Yes
112726,No
112727,Yes
112728,No
112729,No
112730,Yes
112731,Yes
112732,Yes
112733,Yes
112734,No
112735,No
112736,No
112737,Yes
112738,Yes
112739,No
112740,No
112741,No
112742,No
112743,Yes
112744,Yes
112745,No
112746,No
112747,Yes
112748,No
112749,No
112750,Yes
112751,Yes
112752,No
112753,No
112754,Yes
112755,Yes
112756,No
112757,Yes
112758,No
112759,No
112760,No
112761,Yes
112762,No
112763,No
112764,Yes
112765,Yes
112766,No
112767,No
112768,Yes
112769,No
112770,Yes
112771,No
112772,No
112773,No
112774,No
112775,No
112776,No
112777,Yes
112778,No
112779,Yes
112780,No
112781,No
112782,Yes
112783,Yes
112784,No
112785,No
112786,No
112787,Yes
112788,No
112789,No
112790,No
112791,No
112792,Yes
112793,No
112794,No
112795,No
112796,Yes
112797,No
112798,No
112799,Yes
112800,No
112801,No
112802,No
112803,No
112804,Yes
112805,No
112806,No
112807,No
112808,Yes
112809,No
112810,No
112811,No
112812,No
112813,No
112814,Yes
112815,No
112816,No
112817,Yes
112818,No
112819,Yes
112820,No
112821,Yes
112822,No
112823,Yes
112824,Yes
112825,No
112826,No
112827,No
112828,No
112829,Yes
112830,No
112831,No
112832,Yes
112833,Yes
112834,No
112835,No
112836,Yes
112837,No
112838,Yes
112839,No
112840,No
112841,No
112842,No
112843,No
112844,Yes
112845,Yes
112846,No
112847,No
112848,No
112849,Yes
112850,Yes
112851,Yes
112852,Yes
112853,No
112854,Yes
112855,No
112856,Yes
112857,Yes
112858,No
112859,Yes
112860,Yes
112861,Yes
112862,No
112863,No
112864,Yes
112865,No
112866,No
112867,No
112868,Yes
112869,Yes
112870,No
112871,No
112872,Yes
112873,Yes
112874,Yes
112875,Yes
112876,No
112877,Yes
112878,No
112879,No
112880,Yes
112881,Yes
112882,Yes
112883,Yes
112884,No
112885,Yes
112886,No
112887,No
112888,No
112889,No
112890,No
112891,No
112892,Yes
112893,Yes
112894,Yes
112895,No
112896,Yes
112897,No
112898,Yes
112899,Yes
112900,No
112901,Yes
112902,No
112903,No
112904,Yes
112905,No
112906,Yes
112907,No
112908,Yes
112909,Yes
112910,No
112911,No
112912,Yes
112913,No
112914,No
112915,Yes
112916,Yes
112917,No
112918,No
112919,No
112920,No
112921,Yes
112922,Yes
112923,No
112924,Yes
112925,No
112926,No
112927,No
112928,No
112929,No
112930,Yes
112931,No
112932,No
112933,Yes
112934,No
112935,No
112936,Yes
112937,Yes
112938,Yes
112939,Yes
112940,No
112941,Yes
112942,No
112943,No
112944,No
112945,No
112946,No
112947,Yes
112948,No
112949,No
112950,Yes
112951,No
112952,Yes
112953,No
112954,No
112955,No
112956,No
112957,No
112958,No
112959,Yes
112960,No
112961,Yes
112962,No
112963,No
112964,Yes
112965,Yes
112966,No
112967,Yes
112968,No
112969,No
112970,No
112971,No
112972,Yes
112973,No
112974,Yes
112975,Yes
112976,Yes
112977,No
112978,No
112979,No
112980,No
112981,Yes
112982,No
112983,Yes
112984,Yes
112985,No
112986,No
112987,Yes
112988,No
112989,Yes
112990,No
112991,No
112992,Yes
112993,Yes
112994,No
112995,No
112996,No
112997,No
112998,No
112999,No
113000,No
113001,No
113002,No
113003,No
113004,No
113005,No
113006,Yes
113007,Yes
113008,No
113009,No
113010,No
113011,Yes
113012,No
113013,No
113014,No
113015,Yes
113016,No
113017,No
113018,No
113019,No
113020,Yes
113021,No
113022,No
113023,No
113024,No
113025,No
113026,Yes
113027,No
113028,Yes
113029,No
113030,No
113031,Yes
113032,No
113033,Yes
113034,No
113035,Yes
113036,No
113037,Yes
113038,Yes
113039,No
113040,No
113041,Yes
113042,Yes
113043,No
113044,No
113045,No
113046,Yes
113047,No
113048,No
113049,No
113050,Yes
113051,Yes
113052,Yes
113053,Yes
113054,Yes
113055,Yes
113056,No
113057,No
113058,Yes
113059,No
113060,No
113061,No
113062,No
113063,No
113064,Yes
113065,No
113066,No
113067,No
113068,No
113069,Yes
113070,Yes
113071,No
113072,Yes
113073,Yes
113074,Yes
113075,Yes
113076,No
113077,No
113078,Yes
113079,No
113080,Yes
113081,No
113082,No
113083,No
113084,No
113085,No
113086,No
113087,Yes
113088,Yes
113089,Yes
113090,Yes
113091,Yes
113092,No
113093,Yes
113094,No
113095,Yes
113096,Yes
113097,No
113098,No
113099,Yes
113100,No
113101,Yes
113102,Yes
113103,No
113104,No
113105,No
113106,No
113107,No
113108,No
113109,No
113110,No
113111,Yes
113112,No
113113,Yes
113114,Yes
113115,No
113116,No
113117,No
113118,No
113119,Yes
113120,Yes
113121,Yes
113122,Yes
113123,Yes
113124,Yes
113125,Yes
113126,No
113127,Yes
113128,Yes
113129,No
113130,No
113131,No
113132,Yes
113133,Yes
113134,Yes
113135,No
113136,Yes
113137,Yes
113138,No
113139,No
113140,No
113141,No
113142,No
113143,Yes
113144,No
113145,No
113146,No
113147,Yes
113148,Yes
113149,Yes
113150,No
113151,No
113152,Yes
113153,Yes
113154,Yes
113155,Yes
113156,No
113157,No
113158,No
113159,No
113160,Yes
113161,No
113162,No
113163,No
113164,Yes
113165,Yes
113166,No
113167,No
113168,No
113169,No
113170,Yes
113171,No
113172,No
113173,Yes
113174,No
113175,No
113176,Yes
113177,No
113178,Yes
113179,No
113180,No
113181,Yes
113182,Yes
113183,No
113184,No
113185,No
113186,No
113187,No
113188,Yes
113189,Yes
113190,No
113191,Yes
113192,No
113193,Yes
113194,No
113195,Yes
113196,Yes
113197,No
113198,Yes
113199,Yes
113200,No
113201,No
113202,No
113203,No
113204,No
113205,Yes
113206,Yes
113207,No
113208,Yes
113209,Yes
113210,No
113211,No
113212,Yes
113213,No
113214,No
113215,Yes
113216,No
113217,Yes
113218,No
113219,Yes
113220,No
113221,Yes
113222,Yes
113223,No
113224,No
113225,No
113226,No
113227,No
113228,No
113229,No
113230,No
113231,No
113232,No
113233,No
113234,No
113235,No
113236,Yes
113237,Yes
113238,No
113239,No
113240,Yes
113241,Yes
113242,No
113243,No
113244,No
113245,Yes
113246,No
113247,Yes
113248,No
113249,No
113250,No
113251,Yes
113252,No
113253,Yes
113254,Yes
113255,Yes
113256,No
113257,No
113258,Yes
113259,Yes
113260,Yes
113261,No
113262,No
113263,No
113264,No
113265,No
113266,No
113267,Yes
113268,Yes
113269,Yes
113270,No
113271,Yes
113272,No
113273,Yes
113274,No
113275,No
113276,Yes
113277,No
113278,No
113279,Yes
113280,No
113281,No
113282,No
113283,Yes
113284,Yes
113285,No
113286,No
113287,No
113288,No
113289,Yes
113290,No
113291,Yes
113292,Yes
113293,Yes
113294,No
113295,No
113296,No
113297,Yes
113298,No
113299,No
113300,No
113301,No
113302,No
113303,No
113304,Yes
113305,No
113306,No
113307,Yes
113308,No
113309,No
113310,No
113311,No
113312,No
113313,No
113314,No
113315,No
113316,Yes
113317,Yes
113318,Yes
113319,Yes
113320,No
113321,No
113322,Yes
113323,Yes
113324,No
113325,No
113326,No
113327,No
113328,Yes
113329,No
113330,No
113331,No
113332,Yes
113333,No
113334,No
113335,Yes
113336,Yes
113337,No
113338,No
113339,No
113340,Yes
113341,Yes
113342,No
113343,Yes
113344,Yes
113345,Yes
113346,No
113347,No
113348,No
113349,Yes
113350,Yes
113351,No
113352,No
113353,Yes
113354,No
113355,Yes
113356,Yes
113357,No
113358,No
113359,Yes
113360,No
113361,No
113362,Yes
113363,Yes
113364,Yes
113365,No
113366,No
113367,Yes
113368,No
113369,No
113370,Yes
113371,No
113372,No
113373,Yes
113374,No
113375,No
113376,No
113377,No
113378,Yes
113379,No
113380,Yes
113381,Yes
113382,No
113383,Yes
113384,No
113385,Yes
113386,No
113387,No
113388,Yes
113389,Yes
113390,No
113391,No
113392,No
113393,Yes
113394,Yes
113395,Yes
113396,Yes
113397,No
113398,Yes
113399,No
113400,No
113401,No
113402,No
113403,Yes
113404,No
113405,Yes
113406,No
113407,No
113408,Yes
113409,No
113410,No
113411,No
113412,Yes
113413,No
113414,Yes
113415,Yes
113416,No
113417,Yes
113418,No
113419,Yes
113420,No
113421,Yes
113422,Yes
113423,Yes
113424,No
113425,Yes
113426,Yes
113427,No
113428,No
113429,Yes
113430,Yes
113431,No
113432,No
113433,No
113434,No
113435,No
113436,No
113437,Yes
113438,No
113439,No
113440,No
113441,Yes
113442,Yes
113443,No
113444,No
113445,No
113446,No
113447,Yes
113448,Yes
113449,No
113450,Yes
113451,No
113452,No
113453,No
113454,No
113455,No
113456,No
113457,Yes
113458,No
113459,Yes
113460,No
113461,No
113462,No
113463,No
113464,Yes
113465,No
113466,No
113467,No
113468,Yes
113469,Yes
113470,No
113471,Yes
113472,No
113473,No
113474,No
113475,No
113476,No
113477,No
113478,No
113479,Yes
113480,No
113481,No
113482,No
113483,No
113484,No
113485,Yes
113486,No
113487,No
113488,No
113489,No
113490,Yes
113491,Yes
113492,No
113493,Yes
113494,Yes
113495,No
113496,No
113497,Yes
113498,No
113499,Yes
113500,No
113501,No
113502,No
113503,No
113504,No
113505,Yes
113506,Yes
113507,No
113508,No
113509,No
113510,No
113511,No
113512,No
113513,No
113514,No
113515,No
113516,Yes
113517,No
113518,No
113519,No
113520,Yes
113521,No
113522,No
113523,No
113524,Yes
113525,No
113526,No
113527,No
113528,No
113529,Yes
113530,Yes
113531,No
113532,No
113533,Yes
113534,No
113535,Yes
113536,Yes
113537,No
113538,Yes
113539,No
113540,Yes
113541,Yes
113542,Yes
113543,Yes
113544,No
113545,No
113546,Yes
113547,Yes
113548,Yes
113549,Yes
113550,No
113551,No
113552,Yes
113553,Yes
113554,No
113555,Yes
113556,Yes
113557,Yes
113558,No
113559,Yes
113560,Yes
113561,No
113562,Yes
113563,No
113564,Yes
113565,Yes
113566,Yes
113567,No
113568,Yes
113569,No
113570,No
113571,No
113572,No
113573,Yes
113574,No
113575,No
113576,Yes
113577,No
113578,No
113579,Yes
113580,Yes
113581,Yes
113582,No
113583,No
113584,No
113585,No
113586,No
113587,Yes
113588,No
113589,No
113590,Yes
113591,No
113592,Yes
113593,No
113594,No
113595,Yes
113596,Yes
113597,Yes
113598,Yes
113599,No
113600,No
113601,Yes
113602,No
113603,No
113604,No
113605,No
113606,Yes
113607,No
113608,No
113609,Yes
113610,No
113611,Yes
113612,No
113613,Yes
113614,No
113615,Yes
113616,No
113617,Yes
113618,No
113619,No
113620,Yes
113621,No
113622,No
113623,Yes
113624,Yes
113625,No
113626,Yes
113627,No
113628,Yes
113629,Yes
113630,No
113631,No
113632,No
113633,No
113634,Yes
113635,Yes
113636,Yes
113637,Yes
113638,No
113639,No
113640,No
113641,No
113642,No
113643,No
113644,Yes
113645,No
113646,No
113647,No
113648,Yes
113649,No
113650,No
113651,No
113652,No
113653,No
113654,No
113655,No
113656,No
113657,No
113658,No
113659,No
113660,No
113661,No
113662,Yes
113663,No
113664,No
113665,No
113666,No
113667,Yes
113668,No
113669,No
113670,No
113671,No
113672,No
113673,No
113674,No
113675,No
113676,Yes
113677,Yes
113678,No
113679,Yes
113680,No
113681,No
113682,No
113683,Yes
113684,No
113685,No
113686,Yes
113687,Yes
113688,No
113689,No
113690,No
113691,Yes
113692,Yes
113693,Yes
113694,No
113695,No
113696,Yes
113697,No
113698,No
113699,No
113700,Yes
113701,No
113702,No
113703,No
113704,Yes
113705,Yes
113706,No
113707,No
113708,No
113709,No
113710,Yes
113711,Yes
113712,No
113713,No
113714,Yes
113715,Yes
113716,Yes
113717,Yes
113718,No
113719,Yes
113720,No
113721,No
113722,Yes
113723,No
113724,No
113725,Yes
113726,No
113727,No
113728,Yes
113729,No
113730,Yes
113731,Yes
113732,No
113733,Yes
113734,No
113735,Yes
113736,No
113737,Yes
113738,No
113739,No
113740,No
113741,No
113742,Yes
113743,No
113744,Yes
113745,No
113746,No
113747,No
113748,No
113749,No
113750,No
113751,No
113752,No
113753,No
113754,No
113755,No
113756,Yes
113757,No
113758,No
113759,Yes
113760,No
113761,Yes
113762,No
113763,No
113764,Yes
113765,No
113766,No
113767,Yes
113768,Yes
113769,No
113770,No
113771,Yes
113772,No
113773,No
113774,No
113775,No
113776,No
113777,No
113778,Yes
113779,No
113780,No
113781,No
113782,Yes
113783,No
113784,No
113785,Yes
113786,No
113787,Yes
113788,Yes
113789,Yes
113790,No
113791,No
113792,Yes
113793,Yes
113794,No
113795,No
113796,No
113797,No
113798,No
113799,No
113800,Yes
113801,No
113802,Yes
113803,Yes
113804,Yes
113805,No
113806,Yes
113807,No
113808,No
113809,No
113810,No
113811,No
113812,No
113813,No
113814,No
113815,No
113816,Yes
113817,No
113818,Yes
113819,No
113820,No
113821,No
113822,No
113823,No
113824,No
113825,No
113826,No
113827,No
113828,No
113829,No
113830,Yes
113831,Yes
113832,No
113833,Yes
113834,No
113835,Yes
113836,No
113837,Yes
113838,No
113839,No
113840,No
113841,No
113842,No
113843,Yes
113844,No
113845,No
113846,Yes
113847,No
113848,No
113849,No
113850,No
113851,No
113852,Yes
113853,No
113854,No
113855,No
113856,No
113857,Yes
113858,Yes
113859,No
113860,Yes
113861,Yes
113862,Yes
113863,Yes
113864,No
113865,No
113866,No
113867,Yes
113868,Yes
113869,No
113870,Yes
113871,No
113872,Yes
113873,No
113874,Yes
113875,Yes
113876,No
113877,No
113878,Yes
113879,Yes
113880,No
113881,No
113882,No
113883,No
113884,No
113885,Yes
113886,No
113887,Yes
113888,No
113889,No
113890,No
113891,No
113892,Yes
113893,No
113894,No
113895,Yes
113896,Yes
113897,No
113898,No
113899,Yes
113900,No
113901,No
113902,No
113903,No
113904,Yes
113905,Yes
113906,Yes
113907,No
113908,No
113909,No
113910,Yes
113911,Yes
113912,No
113913,Yes
113914,Yes
113915,No
113916,No
113917,No
113918,Yes
113919,Yes
113920,No
113921,No
113922,Yes
113923,No
113924,Yes
113925,No
113926,Yes
113927,No
113928,No
113929,Yes
113930,No
113931,No
113932,No
113933,No
113934,Yes
113935,Yes
113936,No
113937,No
113938,Yes
113939,No
113940,No
113941,No
113942,Yes
113943,Yes
113944,No
113945,Yes
113946,Yes
113947,Yes
113948,No
113949,Yes
113950,No
113951,No
113952,No
113953,No
113954,Yes
113955,Yes
113956,Yes
113957,Yes
113958,Yes
113959,No
113960,Yes
113961,No
113962,No
113963,Yes
113964,No
113965,No
113966,No
113967,Yes
113968,No
113969,No
113970,No
113971,Yes
113972,Yes
113973,No
113974,Yes
113975,Yes
113976,Yes
113977,Yes
113978,No
113979,Yes
113980,No
113981,No
113982,No
113983,No
113984,Yes
113985,No
113986,Yes
113987,No
113988,Yes
113989,Yes
113990,Yes
113991,Yes
113992,Yes
113993,Yes
113994,No
113995,Yes
113996,No
113997,Yes
113998,No
113999,No
114000,Yes
114001,No
114002,No
114003,No
114004,No
114005,No
114006,No
114007,Yes
114008,Yes
114009,No
114010,Yes
114011,No
114012,No
114013,Yes
114014,Yes
114015,Yes
114016,No
114017,Yes
114018,Yes
114019,No
114020,No
114021,Yes
114022,No
114023,No
114024,Yes
114025,No
114026,Yes
114027,No
114028,No
114029,No
114030,No
114031,Yes
114032,No
114033,No
114034,No
114035,Yes
114036,No
114037,Yes
114038,Yes
114039,Yes
114040,No
114041,Yes
114042,No
114043,No
114044,Yes
114045,Yes
114046,Yes
114047,No
114048,Yes
114049,No
114050,No
114051,Yes
114052,Yes
114053,No
114054,No
114055,Yes
114056,No
114057,No
114058,Yes
114059,No
114060,Yes
114061,No
114062,Yes
114063,Yes
114064,No
114065,Yes
114066,No
114067,No
114068,No
114069,No
114070,No
114071,Yes
114072,Yes
114073,No
114074,No
114075,No
114076,No
114077,Yes
114078,No
114079,No
114080,Yes
114081,Yes
114082,No
114083,Yes
114084,Yes
114085,No
114086,No
114087,No
114088,No
114089,No
114090,Yes
114091,Yes
114092,No
114093,Yes
114094,No
114095,Yes
114096,Yes
114097,No
114098,No
114099,No
114100,No
114101,No
114102,No
114103,No
114104,Yes
114105,Yes
114106,No
114107,No
114108,No
114109,Yes
114110,Yes
114111,No
114112,Yes
114113,Yes
114114,No
114115,No
114116,No
114117,No
114118,No
114119,No
114120,Yes
114121,Yes
114122,Yes
114123,No
114124,Yes
114125,No
114126,Yes
114127,No
114128,No
114129,No
114130,No
114131,No
114132,No
114133,No
114134,Yes
114135,Yes
114136,Yes
114137,No
114138,No
114139,Yes
114140,No
114141,No
114142,No
114143,No
114144,Yes
114145,Yes
114146,Yes
114147,No
114148,No
114149,Yes
114150,Yes
114151,Yes
114152,No
114153,No
114154,No
114155,No
114156,No
114157,Yes
114158,Yes
114159,No
114160,No
114161,No
114162,No
114163,No
114164,Yes
114165,No
114166,Yes
114167,No
114168,No
114169,No
114170,No
114171,Yes
114172,No
114173,No
114174,No
114175,No
114176,No
114177,No
114178,No
114179,No
114180,No
114181,No
114182,No
114183,No
114184,No
114185,No
114186,No
114187,Yes
114188,Yes
114189,No
114190,No
114191,No
114192,No
114193,No
114194,No
114195,No
114196,No
114197,No
114198,No
114199,Yes
114200,Yes
114201,Yes
114202,Yes
114203,Yes
114204,No
114205,No
114206,No
114207,No
114208,Yes
114209,No
114210,No
114211,No
114212,Yes
114213,No
114214,Yes
114215,Yes
114216,Yes
114217,Yes
114218,No
114219,No
114220,No
114221,No
114222,No
114223,No
114224,No
114225,Yes
114226,No
114227,Yes
114228,No
114229,Yes
114230,Yes
114231,No
114232,Yes
114233,Yes
114234,No
114235,Yes
114236,Yes
114237,Yes
114238,Yes
114239,Yes
114240,No
114241,No
114242,Yes
114243,No
114244,No
114245,No
114246,No
114247,Yes
114248,Yes
114249,Yes
114250,Yes
114251,No
114252,Yes
114253,No
114254,Yes
114255,Yes
114256,No
114257,No
114258,Yes
114259,Yes
114260,Yes
114261,No
114262,Yes
114263,No
114264,No
114265,No
114266,No
114267,Yes
114268,No
114269,No
114270,No
114271,Yes
114272,No
114273,No
114274,No
114275,No
114276,No
114277,Yes
114278,Yes
114279,No
114280,Yes
114281,No
114282,No
114283,No
114284,No
114285,No
114286,No
114287,No
114288,Yes
114289,Yes
114290,No
114291,No
114292,No
114293,No
114294,No
114295,No
114296,No
114297,Yes
114298,Yes
114299,No
114300,No
114301,No
114302,Yes
114303,No
114304,No
114305,Yes
114306,No
114307,No
114308,No
114309,Yes
114310,Yes
114311,Yes
114312,No
114313,No
114314,Yes
114315,No
114316,Yes
114317,Yes
114318,No
114319,No
114320,No
114321,Yes
114322,No
114323,Yes
114324,No
114325,Yes
114326,Yes
114327,Yes
114328,Yes
114329,No
114330,Yes
114331,No
114332,No
114333,Yes
114334,Yes
114335,No
114336,No
114337,Yes
114338,Yes
114339,No
114340,No
114341,Yes
114342,No
114343,Yes
114344,No
114345,Yes
114346,Yes
114347,No
114348,No
114349,No
114350,Yes
114351,Yes
114352,No
114353,Yes
114354,No
114355,No
114356,Yes
114357,No
114358,No
114359,Yes
114360,No
114361,Yes
114362,No
114363,Yes
114364,No
114365,No
114366,Yes
114367,No
114368,Yes
114369,No
114370,No
114371,Yes
114372,Yes
114373,No
114374,Yes
114375,Yes
114376,Yes
114377,Yes
114378,Yes
114379,No
114380,No
114381,No
114382,No
114383,No
114384,Yes
114385,No
114386,Yes
114387,Yes
114388,No
114389,No
114390,No
114391,Yes
114392,No
114393,Yes
114394,Yes
114395,Yes
114396,No
114397,Yes
114398,No
114399,Yes
114400,Yes
114401,Yes
114402,No
114403,No
114404,No
114405,No
114406,Yes
114407,No
114408,Yes
114409,No
114410,No
114411,No
114412,Yes
114413,No
114414,No
114415,No
114416,No
114417,No
114418,No
114419,No
114420,No
114421,No
114422,No
114423,Yes
114424,No
114425,Yes
114426,No
114427,No
114428,Yes
114429,No
114430,No
114431,Yes
114432,No
114433,No
114434,Yes
114435,No
114436,Yes
114437,Yes
114438,No
114439,No
114440,No
114441,No
114442,Yes
114443,No
114444,Yes
114445,No
114446,Yes
114447,No
114448,No
114449,Yes
114450,No
114451,Yes
114452,No
114453,No
114454,Yes
114455,Yes
114456,No
114457,Yes
114458,No
114459,No
114460,Yes
114461,No
114462,Yes
114463,Yes
114464,Yes
114465,No
114466,No
114467,No
114468,No
114469,No
114470,Yes
114471,No
114472,No
114473,Yes
114474,Yes
114475,No
114476,Yes
114477,No
114478,No
114479,Yes
114480,No
114481,No
114482,Yes
114483,Yes
114484,No
114485,Yes
114486,No
114487,Yes
114488,Yes
114489,No
114490,Yes
114491,No
114492,No
114493,No
114494,Yes
114495,No
114496,Yes
114497,Yes
114498,No
114499,Yes
114500,No
114501,No
114502,No
114503,No
114504,No
114505,No
114506,No
114507,No
114508,Yes
114509,No
114510,No
114511,No
114512,No
114513,Yes
114514,No
114515,Yes
114516,No
114517,No
114518,Yes
114519,No
114520,Yes
114521,No
114522,No
114523,No
114524,Yes
114525,No
114526,No
114527,Yes
114528,No
114529,No
114530,Yes
114531,Yes
114532,No
114533,Yes
114534,Yes
114535,Yes
114536,Yes
114537,No
114538,No
114539,No
114540,Yes
114541,No
114542,No
114543,No
114544,No
114545,Yes
114546,Yes
114547,Yes
114548,No
114549,Yes
114550,Yes
114551,No
114552,Yes
114553,No
114554,No
114555,Yes
114556,Yes
114557,No
114558,Yes
114559,No
114560,Yes
114561,Yes
114562,No
114563,Yes
114564,No
114565,No
114566,No
114567,No
114568,Yes
114569,Yes
114570,No
114571,Yes
114572,Yes
114573,Yes
114574,No
114575,No
114576,No
114577,No
114578,Yes
114579,No
114580,No
114581,No
114582,Yes
114583,Yes
114584,Yes
114585,No
114586,No
114587,Yes
114588,No
114589,No
114590,Yes
114591,No
114592,Yes
114593,Yes
114594,Yes
114595,No
114596,Yes
114597,Yes
114598,No
114599,No
114600,Yes
114601,No
114602,No
114603,No
114604,No
114605,No
114606,Yes
114607,No
114608,No
114609,No
114610,Yes
114611,No
114612,No
114613,Yes
114614,No
114615,Yes
114616,Yes
114617,No
114618,No
114619,Yes
114620,Yes
114621,No
114622,No
114623,Yes
114624,No
114625,Yes
114626,No
114627,Yes
114628,No
114629,Yes
114630,No
114631,No
114632,No
114633,No
114634,No
114635,Yes
114636,No
114637,No
114638,Yes
114639,Yes
114640,No
114641,No
114642,Yes
114643,Yes
114644,No
114645,No
114646,No
114647,No
114648,No
114649,No
114650,No
114651,No
114652,No
114653,No
114654,Yes
114655,No
114656,No
114657,No
114658,No
114659,No
114660,Yes
114661,No
114662,No
114663,Yes
114664,No
114665,Yes
114666,No
114667,Yes
114668,No
114669,No
114670,No
114671,No
114672,Yes
114673,No
114674,Yes
114675,Yes
114676,Yes
114677,No
114678,No
114679,Yes
114680,Yes
114681,Yes
114682,No
114683,No
114684,Yes
114685,Yes
114686,No
114687,No
114688,No
114689,No
114690,No
114691,No
114692,Yes
114693,Yes
114694,Yes
114695,No
114696,No
114697,No
114698,Yes
114699,Yes
114700,No
114701,No
114702,No
114703,Yes
114704,No
114705,Yes
114706,Yes
114707,No
114708,Yes
114709,No
114710,No
114711,Yes
114712,Yes
114713,No
114714,No
114715,No
114716,Yes
114717,Yes
114718,Yes
114719,Yes
114720,No
114721,Yes
114722,Yes
114723,Yes
114724,No
114725,Yes
114726,No
114727,No
114728,No
114729,No
114730,No
114731,No
114732,No
114733,Yes
114734,No
114735,Yes
114736,No
114737,No
114738,No
114739,Yes
114740,No
114741,No
114742,No
114743,No
114744,No
114745,No
114746,Yes
114747,Yes
114748,No
114749,Yes
114750,No
114751,No
114752,Yes
114753,No
114754,Yes
114755,Yes
114756,No
114757,No
114758,No
114759,No
114760,No
114761,No
114762,No
114763,No
114764,No
114765,No
114766,Yes
114767,No
114768,No
114769,No
114770,Yes
114771,No
114772,Yes
114773,Yes
114774,No
114775,No
114776,Yes
114777,No
114778,No
114779,No
114780,Yes
114781,No
114782,Yes
114783,Yes
114784,No
114785,Yes
114786,No
114787,Yes
114788,Yes
114789,Yes
114790,No
114791,No
114792,No
114793,Yes
114794,No
114795,Yes
114796,No
114797,No
114798,Yes
114799,Yes
114800,No
114801,Yes
114802,No
114803,No
114804,No
114805,No
114806,Yes
114807,Yes
114808,No
114809,No
114810,No
114811,No
114812,No
114813,No
114814,No
114815,Yes
114816,No
114817,Yes
114818,Yes
114819,No
114820,No
114821,Yes
114822,No
114823,Yes
114824,No
114825,Yes
114826,No
114827,No
114828,No
114829,Yes
114830,Yes
114831,No
114832,Yes
114833,No
114834,No
114835,No
114836,No
114837,No
114838,No
114839,Yes
114840,No
114841,No
114842,No
114843,No
114844,No
114845,No
114846,No
114847,Yes
114848,No
114849,No
114850,Yes
114851,No
114852,Yes
114853,No
114854,No
114855,No
114856,Yes
114857,No
114858,Yes
114859,Yes
114860,Yes
114861,No
114862,No
114863,No
114864,Yes
114865,No
114866,Yes
114867,Yes
114868,No
114869,No
114870,No
114871,No
114872,Yes
114873,No
114874,Yes
114875,Yes
114876,Yes
114877,No
114878,No
114879,Yes
114880,No
114881,No
114882,Yes
114883,No
114884,Yes
114885,No
114886,No
114887,No
114888,Yes
114889,Yes
114890,No
114891,No
114892,No
114893,No
114894,Yes
114895,Yes
114896,No
114897,No
114898,No
114899,Yes
114900,No
114901,Yes
114902,No
114903,Yes
114904,Yes
114905,Yes
114906,No
114907,No
114908,No
114909,No
114910,No
114911,Yes
114912,No
114913,No
114914,Yes
114915,Yes
114916,No
114917,Yes
114918,Yes
114919,Yes
114920,No
114921,Yes
114922,No
114923,No
114924,No
114925,Yes
114926,No
114927,No
114928,No
114929,No
114930,No
114931,No
114932,No
114933,Yes
114934,No
114935,No
114936,No
114937,Yes
114938,Yes
114939,No
114940,No
114941,No
114942,No
114943,No
114944,No
114945,No
114946,Yes
114947,No
114948,No
114949,No
114950,Yes
114951,No
114952,No
114953,Yes
114954,No
114955,No
114956,Yes
114957,Yes
114958,Yes
114959,No
114960,No
114961,No
114962,No
114963,No
114964,Yes
114965,No
114966,No
114967,No
114968,Yes
114969,Yes
114970,No
114971,No
114972,No
114973,No
114974,No
114975,Yes
114976,No
114977,No
114978,No
114979,Yes
114980,No
114981,No
114982,No
114983,No
114984,Yes
114985,Yes
114986,No
114987,No
114988,No
114989,No
114990,No
114991,No
114992,Yes
114993,Yes
114994,Yes
114995,Yes
114996,Yes
114997,No
114998,No
114999,Yes
115000,No
115001,No
115002,Yes
115003,Yes
115004,Yes
115005,Yes
115006,No
115007,Yes
115008,Yes
115009,No
115010,Yes
115011,Yes
115012,Yes
115013,Yes
115014,No
115015,No
115016,No
115017,No
115018,No
115019,No
115020,No
115021,No
115022,No
115023,Yes
115024,No
115025,No
115026,No
115027,No
115028,No
115029,No
115030,Yes
115031,Yes
115032,No
115033,No
115034,Yes
115035,No
115036,Yes
115037,Yes
115038,No
115039,Yes
115040,No
115041,No
115042,No
115043,No
115044,Yes
115045,No
115046,No
115047,Yes
115048,Yes
115049,No
115050,Yes
115051,No
115052,Yes
115053,Yes
115054,No
115055,Yes
115056,No
115057,No
115058,No
115059,Yes
115060,No
115061,No
115062,Yes
115063,No
115064,No
115065,Yes
115066,No
115067,No
115068,No
115069,No
115070,No
115071,Yes
115072,No
115073,No
115074,No
115075,No
115076,Yes
115077,No
115078,Yes
115079,No
115080,Yes
115081,No
115082,No
115083,No
115084,No
115085,No
115086,No
115087,Yes
115088,No
115089,Yes
115090,No
115091,No
115092,Yes
115093,Yes
115094,Yes
115095,No
115096,No
115097,No
115098,Yes
115099,No
115100,Yes
115101,No
115102,Yes
115103,Yes
115104,No
115105,Yes
115106,No
115107,Yes
115108,Yes
115109,Yes
115110,No
115111,Yes
115112,No
115113,No
115114,No
115115,No
115116,No
115117,No
115118,No
115119,No
115120,No
115121,Yes
115122,Yes
115123,No
115124,No
115125,No
115126,Yes
115127,Yes
115128,No
115129,Yes
115130,No
115131,No
115132,Yes
115133,No
115134,No
115135,No
115136,Yes
115137,Yes
115138,No
115139,Yes
115140,No
115141,No
115142,No
115143,No
115144,No
115145,No
115146,No
115147,Yes
115148,Yes
115149,Yes
115150,No
115151,No
115152,Yes
115153,Yes
115154,No
115155,No
115156,Yes
115157,Yes
115158,No
115159,No
115160,Yes
115161,Yes
115162,No
115163,No
115164,Yes
115165,Yes
115166,No
115167,Yes
115168,Yes
115169,No
115170,Yes
115171,No
115172,No
115173,Yes
115174,Yes
115175,Yes
115176,No
115177,No
115178,No
115179,No
115180,Yes
115181,No
115182,No
115183,No
115184,Yes
115185,No
115186,Yes
115187,Yes
115188,No
115189,Yes
115190,No
115191,No
115192,Yes
115193,Yes
115194,No
115195,No
115196,Yes
115197,No
115198,Yes
115199,Yes
115200,Yes
115201,Yes
115202,No
115203,Yes
115204,No
115205,Yes
115206,No
115207,No
115208,Yes
115209,No
115210,No
115211,No
115212,No
115213,No
115214,No
115215,No
115216,No
115217,Yes
115218,Yes
115219,No
115220,Yes
115221,No
115222,No
115223,No
115224,No
115225,No
115226,Yes
115227,Yes
115228,Yes
115229,No
115230,No
115231,No
115232,No
115233,No
115234,Yes
115235,No
115236,No
115237,No
115238,No
115239,No
115240,Yes
115241,Yes
115242,No
115243,No
115244,No
115245,No
115246,No
115247,No
115248,Yes
115249,No
115250,No
115251,No
115252,Yes
115253,No
115254,No
115255,Yes
115256,No
115257,No
115258,No
115259,Yes
115260,Yes
115261,No
115262,No
115263,No
115264,Yes
115265,No
115266,No
115267,Yes
115268,Yes
115269,Yes
115270,No
115271,Yes
115272,No
115273,Yes
115274,Yes
115275,No
115276,No
115277,No
115278,No
115279,No
115280,Yes
115281,No
115282,No
115283,No
115284,No
115285,Yes
115286,No
115287,No
115288,No
115289,No
115290,Yes
115291,No
115292,No
115293,Yes
115294,No
115295,No
115296,No
115297,Yes
115298,No
115299,No
115300,No
115301,Yes
115302,Yes
115303,No
115304,No
115305,No
115306,Yes
115307,No
115308,No
115309,Yes
115310,Yes
115311,Yes
115312,No
115313,No
115314,Yes
115315,No
115316,No
115317,Yes
115318,Yes
115319,Yes
115320,No
115321,Yes
115322,No
115323,Yes
115324,No
115325,No
115326,Yes
115327,No
115328,No
115329,No
115330,No
115331,Yes
115332,Yes
115333,No
115334,No
115335,No
115336,Yes
115337,Yes
115338,No
115339,No
115340,Yes
115341,Yes
115342,No
115343,Yes
115344,No
115345,No
115346,Yes
115347,Yes
115348,Yes
115349,No
115350,No
115351,No
115352,Yes
115353,No
115354,Yes
115355,Yes
115356,Yes
115357,Yes
115358,No
115359,No
115360,Yes
115361,Yes
115362,No
115363,Yes
115364,Yes
115365,No
115366,No
115367,No
115368,No
115369,No
115370,No
115371,Yes
115372,No
115373,No
115374,No
115375,Yes
115376,No
115377,Yes
115378,Yes
115379,Yes
115380,Yes
115381,No
115382,Yes
115383,No
115384,Yes
115385,No
115386,Yes
115387,No
115388,No
115389,No
115390,Yes
115391,No
115392,Yes
115393,Yes
115394,No
115395,No
115396,No
115397,No
115398,No
115399,No
115400,Yes
115401,Yes
115402,No
115403,No
115404,Yes
115405,Yes
115406,No
115407,No
115408,No
115409,No
115410,No
115411,No
115412,Yes
115413,Yes
115414,Yes
115415,No
115416,Yes
115417,Yes
115418,Yes
115419,Yes
115420,No
115421,No
115422,Yes
115423,Yes
115424,No
115425,No
115426,No
115427,No
115428,Yes
115429,Yes
115430,No
115431,Yes
115432,No
115433,Yes
115434,No
115435,No
115436,No
115437,No
115438,No
115439,Yes
115440,No
115441,No
115442,No
115443,Yes
115444,Yes
115445,No
115446,Yes
115447,No
115448,Yes
115449,No
115450,No
115451,No
115452,Yes
115453,No
115454,No
115455,No
115456,No
115457,No
115458,No
115459,No
115460,No
115461,No
115462,No
115463,No
115464,Yes
115465,No
115466,Yes
115467,No
115468,No
115469,No
115470,Yes
115471,No
115472,Yes
115473,No
115474,No
115475,Yes
115476,No
115477,No
115478,No
115479,No
115480,Yes
115481,Yes
115482,Yes
115483,No
115484,Yes
115485,Yes
115486,No
115487,Yes
115488,No
115489,No
115490,No
115491,Yes
115492,No
115493,No
115494,No
115495,No
115496,Yes
115497,No
115498,No
115499,No
115500,No
115501,Yes
115502,No
115503,Yes
115504,No
115505,Yes
115506,No
115507,Yes
115508,No
115509,No
115510,No
115511,Yes
115512,No
115513,Yes
115514,Yes
115515,Yes
115516,No
115517,No
115518,No
115519,No
115520,No
115521,Yes
115522,Yes
115523,No
115524,No
115525,No
115526,No
115527,Yes
115528,No
115529,Yes
115530,No
115531,Yes
115532,Yes
115533,No
115534,Yes
115535,Yes
115536,No
115537,Yes
115538,No
115539,No
115540,Yes
115541,No
115542,No
115543,No
115544,No
115545,Yes
115546,No
115547,Yes
115548,Yes
115549,No
115550,Yes
115551,No
115552,No
115553,Yes
115554,No
115555,No
115556,No
115557,Yes
115558,Yes
115559,No
115560,Yes
115561,Yes
115562,Yes
115563,Yes
115564,No
115565,No
115566,No
115567,No
115568,Yes
115569,No
115570,No
115571,Yes
115572,No
115573,Yes
115574,Yes
115575,No
115576,No
115577,Yes
115578,Yes
115579,No
115580,No
115581,No
115582,No
115583,Yes
115584,No
115585,Yes
115586,No
115587,Yes
115588,No
115589,No
115590,Yes
115591,No
115592,Yes
115593,Yes
115594,No
115595,No
115596,No
115597,No
115598,No
115599,Yes
115600,No
115601,No
115602,Yes
115603,Yes
115604,Yes
115605,Yes
115606,Yes
115607,Yes
115608,No
115609,Yes
115610,No
115611,No
115612,No
115613,No
115614,No
115615,No
115616,Yes
115617,No
115618,Yes
115619,No
115620,Yes
115621,No
115622,No
115623,Yes
115624,Yes
115625,Yes
115626,Yes
115627,Yes
115628,No
115629,Yes
115630,No
115631,Yes
115632,No
115633,Yes
115634,No
115635,Yes
115636,Yes
115637,No
115638,Yes
115639,No
115640,No
115641,No
115642,Yes
115643,Yes
115644,Yes
115645,Yes
115646,No
115647,No
115648,No
115649,Yes
115650,No
115651,No
115652,Yes
115653,Yes
115654,No
115655,Yes
115656,Yes
115657,No
115658,No
115659,Yes
115660,No
115661,Yes
115662,No
115663,No
115664,Yes
115665,Yes
115666,No
115667,No
115668,No
115669,Yes
115670,No
115671,No
115672,Yes
115673,No
115674,No
115675,Yes
115676,No
115677,No
115678,Yes
115679,Yes
115680,No
115681,Yes
115682,Yes
115683,No
115684,No
115685,No
115686,Yes
115687,Yes
115688,Yes
115689,No
115690,No
115691,Yes
115692,No
115693,No
115694,No
115695,No
115696,Yes
115697,No
115698,No
115699,No
115700,No
115701,No
115702,Yes
115703,Yes
115704,No
115705,No
115706,No
115707,Yes
115708,Yes
115709,No
115710,No
115711,Yes
115712,Yes
115713,Yes
115714,No
115715,Yes
115716,No
115717,Yes
115718,No
115719,No
115720,Yes
115721,Yes
115722,No
115723,No
115724,Yes
115725,No
115726,No
115727,Yes
115728,No
115729,No
115730,No
115731,Yes
115732,No
115733,No
115734,No
115735,Yes
115736,No
115737,Yes
115738,No
115739,No
115740,Yes
115741,Yes
115742,No
115743,No
115744,Yes
115745,Yes
115746,Yes
115747,Yes
115748,No
115749,No
115750,Yes
115751,No
115752,No
115753,Yes
115754,Yes
115755,Yes
115756,No
115757,No
115758,Yes
115759,No
115760,Yes
115761,No
115762,No
115763,Yes
115764,Yes
115765,Yes
115766,No
115767,No
115768,No
115769,No
115770,Yes
115771,No
115772,No
115773,No
115774,No
115775,No
115776,No
115777,Yes
115778,Yes
115779,No
115780,No
115781,No
115782,Yes
115783,Yes
115784,Yes
115785,No
115786,No
115787,No
115788,No
115789,No
115790,No
115791,No
115792,Yes
115793,No
115794,No
115795,No
115796,No
115797,No
115798,No
115799,No
115800,No
115801,Yes
115802,No
115803,Yes
115804,Yes
115805,Yes
115806,No
115807,No
115808,No
115809,No
115810,Yes
115811,Yes
115812,No
115813,Yes
115814,Yes
115815,No
115816,Yes
115817,No
115818,No
115819,No
115820,Yes
115821,No
115822,No
115823,No
115824,Yes
115825,Yes
115826,Yes
115827,No
115828,No
115829,Yes
115830,No
115831,No
115832,No
115833,No
115834,Yes
115835,No
115836,Yes
115837,No
115838,No
115839,No
115840,No
115841,No
115842,Yes
115843,No
115844,No
115845,No
115846,Yes
115847,No
115848,No
115849,No
115850,Yes
115851,No
115852,Yes
115853,No
115854,No
115855,Yes
115856,No
115857,No
115858,Yes
115859,No
115860,Yes
115861,No
115862,No
115863,No
115864,No
115865,No
115866,No
115867,Yes
115868,Yes
115869,No
115870,No
115871,No
115872,Yes
115873,Yes
115874,No
115875,Yes
115876,Yes
115877,No
115878,No
115879,Yes
115880,Yes
115881,Yes
115882,No
115883,Yes
115884,No
115885,No
115886,Yes
115887,No
115888,No
115889,No
115890,No
115891,Yes
115892,No
115893,Yes
115894,No
115895,No
115896,No
115897,No
115898,Yes
115899,Yes
115900,No
115901,No
115902,No
115903,Yes
115904,No
115905,No
115906,Yes
115907,No
115908,No
115909,No
115910,No
115911,Yes
115912,Yes
115913,No
115914,No
115915,No
115916,Yes
115917,No
115918,Yes
115919,Yes
115920,Yes
115921,No
115922,No
115923,Yes
115924,Yes
115925,No
115926,No
115927,No
115928,No
115929,Yes
115930,Yes
115931,No
115932,Yes
115933,No
115934,No
115935,No
115936,No
115937,No
115938,No
115939,Yes
115940,No
115941,No
115942,Yes
115943,No
115944,Yes
115945,No
115946,Yes
115947,Yes
115948,Yes
115949,No
115950,Yes
115951,No
115952,No
115953,No
115954,No
115955,Yes
115956,No
115957,No
115958,No
115959,No
115960,No
115961,No
115962,No
115963,Yes
115964,Yes
115965,No
115966,Yes
115967,Yes
115968,No
115969,Yes
115970,No
115971,No
115972,No
115973,No
115974,Yes
115975,No
115976,No
115977,No
115978,No
115979,No
115980,No
115981,No
115982,Yes
115983,No
115984,Yes
115985,Yes
115986,No
115987,Yes
115988,No
115989,Yes
115990,No
115991,No
115992,No
115993,No
115994,Yes
115995,Yes
115996,Yes
115997,Yes
115998,No
115999,No
116000,No
116001,No
116002,Yes
116003,No
116004,No
116005,No
116006,No
116007,No
116008,Yes
116009,No
116010,No
116011,No
116012,No
116013,No
116014,Yes
116015,Yes
116016,Yes
116017,No
116018,No
116019,Yes
116020,No
116021,No
116022,No
116023,No
116024,No
116025,No
116026,No
116027,Yes
116028,No
116029,No
116030,No
116031,No
116032,Yes
116033,No
116034,Yes
116035,No
116036,No
116037,Yes
116038,No
116039,No
116040,Yes
116041,No
116042,No
116043,Yes
116044,Yes
116045,No
116046,No
116047,Yes
116048,No
116049,Yes
116050,Yes
116051,Yes
116052,No
116053,Yes
116054,No
116055,No
116056,No
116057,No
116058,No
116059,No
116060,No
116061,Yes
116062,Yes
116063,No
116064,Yes
116065,No
116066,Yes
116067,No
116068,No
116069,No
116070,No
116071,Yes
116072,No
116073,Yes
116074,Yes
116075,No
116076,Yes
116077,No
116078,Yes
116079,No
116080,No
116081,No
116082,Yes
116083,No
116084,Yes
116085,Yes
116086,No
116087,No
116088,No
116089,No
116090,Yes
116091,No
116092,No
116093,Yes
116094,No
116095,No
116096,No
116097,No
116098,No
116099,No
116100,No
116101,No
116102,Yes
116103,No
116104,No
116105,Yes
116106,No
116107,Yes
116108,Yes
116109,No
116110,No
116111,No
116112,No
116113,No
116114,No
116115,Yes
116116,Yes
116117,No
116118,No
116119,No
116120,No
116121,No
116122,No
116123,No
116124,No
116125,Yes
116126,No
116127,No
116128,No
116129,Yes
116130,No
116131,Yes
116132,Yes
116133,Yes
116134,Yes
116135,No
116136,No
116137,Yes
116138,Yes
116139,No
116140,No
116141,Yes
116142,No
116143,No
116144,No
116145,Yes
116146,No
116147,No
116148,Yes
116149,Yes
116150,No
116151,No
116152,No
116153,No
116154,No
116155,No
116156,No
116157,Yes
116158,Yes
116159,Yes
116160,Yes
116161,Yes
116162,Yes
116163,No
116164,No
116165,No
116166,Yes
116167,Yes
116168,No
116169,No
116170,No
116171,Yes
116172,No
116173,Yes
116174,Yes
116175,No
116176,No
116177,No
116178,No
116179,No
116180,Yes
116181,No
116182,No
116183,No
116184,No
116185,Yes
116186,No
116187,Yes
116188,No
116189,No
116190,Yes
116191,No
116192,No
116193,Yes
116194,No
116195,No
116196,No
116197,No
116198,No
116199,Yes
116200,No
116201,No
116202,Yes
116203,Yes
116204,No
116205,No
116206,Yes
116207,No
116208,Yes
116209,No
116210,Yes
116211,Yes
116212,No
116213,No
116214,No
116215,Yes
116216,No
116217,Yes
116218,No
116219,No
116220,No
116221,No
116222,No
116223,Yes
116224,No
116225,No
116226,Yes
116227,No
116228,No
116229,No
116230,No
116231,No
116232,Yes
116233,No
116234,No
116235,Yes
116236,Yes
116237,Yes
116238,No
116239,Yes
116240,No
116241,Yes
116242,Yes
116243,No
116244,Yes
116245,Yes
116246,No
116247,No
116248,Yes
116249,No
116250,No
116251,Yes
116252,Yes
116253,No
116254,Yes
116255,No
116256,Yes
116257,No
116258,No
116259,No
116260,No
116261,Yes
116262,Yes
116263,No
116264,Yes
116265,No
116266,No
116267,Yes
116268,No
116269,No
116270,Yes
116271,Yes
116272,No
116273,No
116274,No
116275,Yes
116276,Yes
116277,No
116278,Yes
116279,Yes
116280,No
116281,Yes
116282,No
116283,Yes
116284,No
116285,Yes
116286,Yes
116287,No
116288,Yes
116289,Yes
116290,Yes
116291,No
116292,No
116293,No
116294,Yes
116295,No
116296,Yes
116297,Yes
116298,Yes
116299,No
116300,Yes
116301,Yes
116302,No
116303,No
116304,No
116305,No
116306,No
116307,No
116308,No
116309,No
116310,Yes
116311,No
116312,No
116313,No
116314,No
116315,No
116316,No
116317,No
116318,Yes
116319,No
116320,Yes
116321,No
116322,No
116323,No
116324,No
116325,No
116326,No
116327,Yes
116328,No
116329,No
116330,Yes
116331,Yes
116332,No
116333,No
116334,No
116335,No
116336,Yes
116337,No
116338,Yes
116339,Yes
116340,Yes
116341,Yes
116342,No
116343,No
116344,Yes
116345,Yes
116346,Yes
116347,Yes
116348,Yes
116349,No
116350,No
116351,No
116352,No
116353,Yes
116354,No
116355,No
116356,No
116357,Yes
116358,Yes
116359,Yes
116360,No
116361,No
116362,No
116363,No
116364,No
116365,Yes
116366,No
116367,No
116368,No
116369,Yes
116370,No
116371,No
116372,No
116373,Yes
116374,No
116375,No
116376,No
116377,No
116378,No
116379,Yes
116380,Yes
116381,No
116382,No
116383,No
116384,No
116385,No
116386,No
116387,No
116388,Yes
116389,No
116390,Yes
116391,No
116392,No
116393,No
116394,Yes
116395,Yes
116396,No
116397,Yes
116398,No
116399,Yes
116400,No
116401,Yes
116402,No
116403,No
116404,No
116405,Yes
116406,Yes
116407,Yes
116408,Yes
116409,No
116410,No
116411,No
116412,No
116413,No
116414,No
116415,No
116416,Yes
116417,Yes
116418,No
116419,Yes
116420,Yes
116421,No
116422,No
116423,Yes
116424,No
116425,No
116426,No
116427,No
116428,No
116429,Yes
116430,No
116431,No
116432,Yes
116433,No
116434,Yes
116435,Yes
116436,No
116437,No
116438,Yes
116439,No
116440,No
116441,No
116442,No
116443,Yes
116444,Yes
116445,Yes
116446,Yes
116447,Yes
116448,No
116449,Yes
116450,No
116451,Yes
116452,No
116453,No
116454,Yes
116455,No
116456,No
116457,No
116458,Yes
116459,Yes
116460,No
116461,No
116462,No
116463,Yes
116464,No
116465,No
116466,No
116467,Yes
116468,No
116469,No
116470,Yes
116471,Yes
116472,No
116473,Yes
116474,Yes
116475,Yes
116476,Yes
116477,Yes
116478,Yes
116479,No
116480,No
116481,No
116482,No
116483,No
116484,Yes
116485,No
116486,Yes
116487,No
116488,No
116489,Yes
116490,No
116491,Yes
116492,Yes
116493,Yes
116494,No
116495,No
116496,No
116497,No
116498,No
116499,Yes
116500,No
116501,No
116502,Yes
116503,No
116504,No
116505,Yes
116506,No
116507,Yes
116508,Yes
116509,No
116510,Yes
116511,No
116512,Yes
116513,No
116514,No
116515,No
116516,Yes
116517,No
116518,Yes
116519,No
116520,Yes
116521,No
116522,No
116523,No
116524,Yes
116525,Yes
116526,No
116527,No
116528,Yes
116529,Yes
116530,No
116531,No
116532,No
116533,No
116534,No
116535,Yes
116536,Yes
116537,No
116538,Yes
116539,No
116540,Yes
116541,Yes
116542,No
116543,No
116544,No
116545,No
116546,No
116547,Yes
116548,No
116549,No
116550,No
116551,No
116552,No
116553,Yes
116554,No
116555,No
116556,Yes
116557,No
116558,No
116559,Yes
116560,No
116561,Yes
116562,No
116563,No
116564,No
116565,No
116566,No
116567,Yes
116568,No
116569,Yes
116570,No
116571,No
116572,No
116573,No
116574,No
116575,No
116576,Yes
116577,Yes
116578,No
116579,No
116580,Yes
116581,No
116582,Yes
116583,No
116584,Yes
116585,Yes
116586,No
116587,No
116588,Yes
116589,Yes
116590,Yes
116591,Yes
116592,No
116593,Yes
116594,No
116595,No
116596,No
116597,No
116598,No
116599,No
116600,Yes
116601,Yes
116602,Yes
116603,Yes
116604,No
116605,No
116606,No
116607,No
116608,No
116609,No
116610,Yes
116611,No
116612,No
116613,Yes
116614,Yes
116615,No
116616,No
116617,No
116618,No
116619,Yes
116620,No
116621,No
116622,Yes
116623,No
116624,Yes
116625,No
116626,Yes
116627,No
116628,Yes
116629,No
116630,Yes
116631,No
116632,No
116633,No
116634,No
116635,Yes
116636,No
116637,No
116638,No
116639,Yes
116640,No
116641,No
116642,No
116643,No
116644,Yes
116645,No
116646,No
116647,No
116648,Yes
116649,No
116650,Yes
116651,Yes
116652,No
116653,Yes
116654,No
116655,Yes
116656,No
116657,No
116658,No
116659,Yes
116660,Yes
116661,No
116662,No
116663,No
116664,No
116665,No
116666,No
116667,Yes
116668,Yes
116669,No
116670,No
116671,No
116672,Yes
116673,Yes
116674,Yes
116675,No
116676,No
116677,No
116678,No
116679,No
116680,No
116681,Yes
116682,Yes
116683,No
116684,Yes
116685,No
116686,No
116687,Yes
116688,No
116689,Yes
116690,Yes
116691,Yes
116692,Yes
116693,No
116694,No
116695,Yes
116696,Yes
116697,No
116698,Yes
116699,No
116700,No
116701,Yes
116702,No
116703,Yes
116704,No
116705,No
116706,No
116707,No
116708,No
116709,Yes
116710,No
116711,No
116712,Yes
116713,Yes
116714,Yes
116715,No
116716,No
116717,Yes
116718,Yes
116719,No
116720,Yes
116721,No
116722,No
116723,No
116724,No
116725,No
116726,No
116727,No
116728,No
116729,Yes
116730,No
116731,No
116732,No
116733,No
116734,Yes
116735,No
116736,Yes
116737,Yes
116738,No
116739,No
116740,No
116741,Yes
116742,No
116743,No
116744,No
116745,No
116746,No
116747,No
116748,Yes
116749,No
116750,No
116751,No
116752,No
116753,No
116754,No
116755,No
116756,No
116757,No
116758,No
116759,Yes
116760,No
116761,No
116762,No
116763,No
116764,No
116765,No
116766,No
116767,Yes
116768,No
116769,No
116770,No
116771,Yes
116772,No
116773,No
116774,Yes
116775,No
116776,No
116777,No
116778,Yes
116779,No
116780,No
116781,No
116782,Yes
116783,Yes
116784,Yes
116785,No
116786,Yes
116787,No
116788,No
116789,Yes
116790,Yes
116791,No
116792,No
116793,No
116794,Yes
116795,No
116796,No
116797,No
116798,Yes
116799,No
116800,No
116801,No
116802,No
116803,No
116804,No
116805,Yes
116806,Yes
116807,No
116808,Yes
116809,No
116810,No
116811,Yes
116812,No
116813,No
116814,Yes
116815,No
116816,Yes
116817,No
116818,Yes
116819,No
116820,Yes
116821,No
116822,Yes
116823,No
116824,Yes
116825,No
116826,Yes
116827,No
116828,No
116829,No
116830,No
116831,Yes
116832,No
116833,Yes
116834,Yes
116835,Yes
116836,No
116837,No
116838,No
116839,No
116840,No
116841,Yes
116842,No
116843,No
116844,No
116845,No
116846,No
116847,No
116848,No
116849,No
116850,Yes
116851,No
116852,Yes
116853,Yes
116854,No
116855,Yes
116856,No
116857,No
116858,No
116859,No
116860,No
116861,Yes
116862,No
116863,Yes
116864,No
116865,No
116866,Yes
116867,No
116868,No
116869,No
116870,Yes
116871,Yes
116872,No
116873,No
116874,Yes
116875,Yes
116876,Yes
116877,Yes
116878,No
116879,No
116880,No
116881,Yes
116882,No
116883,Yes
116884,No
116885,Yes
116886,Yes
116887,No
116888,No
116889,Yes
116890,No
116891,No
116892,No
116893,Yes
116894,Yes
116895,No
116896,Yes
116897,No
116898,No
116899,No
116900,No
116901,No
116902,Yes
116903,No
116904,Yes
116905,Yes
116906,Yes
116907,Yes
116908,No
116909,No
116910,Yes
116911,No
116912,Yes
116913,No
116914,No
116915,Yes
116916,Yes
116917,No
116918,No
116919,Yes
116920,Yes
116921,No
116922,No
116923,No
116924,No
116925,No
116926,No
116927,Yes
116928,Yes
116929,No
116930,No
116931,No
116932,Yes
116933,Yes
116934,No
116935,No
116936,Yes
116937,No
116938,No
116939,No
116940,No
116941,Yes
116942,No
116943,Yes
116944,Yes
116945,Yes
116946,No
116947,No
116948,Yes
116949,No
116950,No
116951,Yes
116952,Yes
116953,No
116954,Yes
116955,Yes
116956,No
116957,Yes
116958,No
116959,No
116960,No
116961,Yes
116962,No
116963,Yes
116964,No
116965,No
116966,No
116967,No
116968,No
116969,Yes
116970,Yes
116971,No
116972,Yes
116973,No
116974,No
116975,No
116976,Yes
116977,Yes
116978,Yes
116979,No
116980,Yes
116981,Yes
116982,No
116983,No
116984,No
116985,Yes
116986,No
116987,No
116988,Yes
116989,No
116990,Yes
116991,No
116992,No
116993,No
116994,No
116995,No
116996,Yes
116997,No
116998,Yes
116999,Yes
117000,No
117001,No
117002,No
117003,No
117004,Yes
117005,No
117006,Yes
117007,No
117008,No
117009,No
117010,No
117011,No
117012,No
117013,No
117014,Yes
117015,No
117016,Yes
117017,No
117018,No
117019,Yes
117020,No
117021,Yes
117022,No
117023,No
117024,Yes
117025,Yes
117026,Yes
117027,Yes
117028,No
117029,No
117030,No
117031,Yes
117032,No
117033,Yes
117034,No
117035,No
117036,No
117037,No
117038,No
117039,Yes
117040,No
117041,Yes
117042,No
117043,No
117044,Yes
117045,No
117046,Yes
117047,Yes
117048,No
117049,Yes
117050,No
117051,No
117052,Yes
117053,Yes
117054,Yes
117055,No
117056,No
117057,No
117058,Yes
117059,Yes
117060,No
117061,Yes
117062,Yes
117063,No
117064,Yes
117065,No
117066,No
117067,Yes
117068,No
117069,No
117070,Yes
117071,No
117072,Yes
117073,No
117074,No
117075,No
117076,No
117077,No
117078,No
117079,No
117080,No
117081,No
117082,Yes
117083,No
117084,No
117085,No
117086,No
117087,No
117088,Yes
117089,Yes
117090,No
117091,No
117092,Yes
117093,No
117094,Yes
117095,No
117096,Yes
117097,Yes
117098,Yes
117099,Yes
117100,Yes
117101,No
117102,Yes
117103,No
117104,No
117105,No
117106,No
117107,No
117108,Yes
117109,No
117110,Yes
117111,Yes
117112,No
117113,No
117114,No
117115,No
117116,No
117117,Yes
117118,Yes
117119,Yes
117120,No
117121,Yes
117122,Yes
117123,Yes
117124,No
117125,No
117126,No
117127,Yes
117128,Yes
117129,No
117130,Yes
117131,No
117132,No
117133,No
117134,No
117135,Yes
117136,Yes
117137,No
117138,No
117139,No
117140,Yes
117141,Yes
117142,Yes
117143,No
117144,No
117145,Yes
117146,Yes
117147,No
117148,Yes
117149,Yes
117150,No
117151,No
117152,No
117153,No
117154,Yes
117155,Yes
117156,No
117157,Yes
117158,Yes
117159,No
117160,No
117161,Yes
117162,No
117163,No
117164,No
117165,Yes
117166,No
117167,No
117168,Yes
117169,No
117170,No
117171,Yes
117172,No
117173,No
117174,Yes
117175,No
117176,Yes
117177,Yes
117178,Yes
117179,No
117180,No
117181,No
117182,No
117183,Yes
117184,Yes
117185,Yes
117186,Yes
117187,No
117188,No
117189,No
117190,No
117191,Yes
117192,No
117193,No
117194,No
117195,No
117196,No
117197,No
117198,Yes
117199,No
117200,No
117201,Yes
117202,No
117203,No
117204,No
117205,No
117206,No
117207,No
117208,No
117209,No
117210,No
117211,Yes
117212,No
117213,Yes
117214,Yes
117215,Yes
117216,No
117217,No
117218,Yes
117219,No
117220,Yes
117221,No
117222,No
117223,Yes
117224,No
117225,No
117226,No
117227,Yes
117228,Yes
117229,No
117230,No
117231,No
117232,Yes
117233,No
117234,Yes
117235,Yes
117236,No
117237,No
117238,No
117239,No
117240,Yes
117241,Yes
117242,Yes
117243,Yes
117244,No
117245,Yes
117246,Yes
117247,No
117248,No
117249,No
117250,Yes
117251,No
117252,No
117253,No
117254,No
117255,No
117256,No
117257,Yes
117258,Yes
117259,No
117260,Yes
117261,Yes
117262,Yes
117263,Yes
117264,No
117265,Yes
117266,Yes
117267,No
117268,No
117269,No
117270,No
117271,No
117272,Yes
117273,Yes
117274,No
117275,No
117276,No
117277,Yes
117278,Yes
117279,No
117280,Yes
117281,No
117282,No
117283,Yes
117284,No
117285,Yes
117286,No
117287,Yes
117288,Yes
117289,Yes
117290,No
117291,Yes
117292,Yes
117293,No
117294,No
117295,Yes
117296,No
117297,No
117298,Yes
117299,Yes
117300,No
117301,No
117302,No
117303,No
117304,No
117305,Yes
117306,No
117307,No
117308,No
117309,Yes
117310,Yes
117311,Yes
117312,Yes
117313,Yes
117314,Yes
117315,No
117316,No
117317,Yes
117318,Yes
117319,No
117320,Yes
117321,No
117322,No
117323,No
117324,No
117325,No
117326,No
117327,Yes
117328,No
117329,No
117330,No
117331,No
117332,Yes
117333,No
117334,No
117335,No
117336,No
117337,Yes
117338,No
117339,Yes
117340,No
117341,No
117342,Yes
117343,Yes
117344,Yes
117345,No
117346,No
117347,No
117348,No
117349,Yes
117350,No
117351,No
117352,Yes
117353,No
117354,No
117355,No
117356,No
117357,Yes
117358,Yes
117359,No
117360,No
117361,No
117362,No
117363,Yes
117364,No
117365,Yes
117366,Yes
117367,No
117368,Yes
117369,No
117370,Yes
117371,Yes
117372,Yes
117373,No
117374,No
117375,No
117376,Yes
117377,No
117378,No
117379,Yes
117380,Yes
117381,Yes
117382,No
117383,Yes
117384,No
117385,Yes
117386,No
117387,No
117388,Yes
117389,Yes
117390,No
117391,No
117392,No
117393,No
117394,No
117395,Yes
117396,No
117397,No
117398,Yes
117399,Yes
117400,No
117401,No
117402,No
117403,No
117404,Yes
117405,Yes
117406,Yes
117407,Yes
117408,No
117409,No
117410,No
117411,Yes
117412,No
117413,Yes
117414,No
117415,No
117416,No
117417,No
117418,Yes
117419,Yes
117420,No
117421,Yes
117422,No
117423,Yes
117424,No
117425,No
117426,No
117427,No
117428,No
117429,No
117430,Yes
117431,No
117432,Yes
117433,No
117434,Yes
117435,No
117436,Yes
117437,No
117438,Yes
117439,Yes
117440,No
117441,No
117442,Yes
117443,Yes
117444,No
117445,No
117446,Yes
117447,Yes
117448,No
117449,Yes
117450,No
117451,Yes
117452,Yes
117453,Yes
117454,No
117455,No
117456,Yes
117457,Yes
117458,Yes
117459,No
117460,Yes
117461,No
117462,Yes
117463,Yes
117464,No
117465,No
117466,Yes
117467,No
117468,Yes
117469,Yes
117470,Yes
117471,No
117472,Yes
117473,No
117474,No
117475,No
117476,No
117477,No
117478,No
117479,No
117480,No
117481,Yes
117482,Yes
117483,No
117484,No
117485,Yes
117486,No
117487,No
117488,No
117489,No
117490,No
117491,No
117492,No
117493,Yes
117494,No
117495,Yes
117496,Yes
117497,Yes
117498,No
117499,No
117500,No
117501,No
117502,No
117503,No
117504,No
117505,No
117506,Yes
117507,No
117508,No
117509,No
117510,No
117511,No
117512,Yes
117513,No
117514,No
117515,No
117516,No
117517,No
117518,Yes
117519,No
117520,Yes
117521,No
117522,No
117523,No
117524,No
117525,Yes
117526,Yes
117527,No
117528,No
117529,No
117530,Yes
117531,No
117532,No
117533,No
117534,No
117535,No
117536,No
117537,Yes
117538,Yes
117539,No
117540,Yes
117541,No
117542,Yes
117543,No
117544,No
117545,Yes
117546,Yes
117547,Yes
117548,No
117549,Yes
117550,No
117551,Yes
117552,No
117553,No
117554,No
117555,Yes
117556,No
117557,No
117558,Yes
117559,No
117560,No
117561,Yes
117562,No
117563,Yes
117564,No
117565,No
117566,No
117567,Yes
117568,Yes
117569,Yes
117570,No
117571,No
117572,Yes
117573,No
117574,Yes
117575,Yes
117576,No
117577,No
117578,Yes
117579,Yes
117580,No
117581,No
117582,Yes
117583,No
117584,No
117585,No
117586,No
117587,Yes
117588,No
117589,No
117590,Yes
117591,No
117592,No
117593,No
117594,No
117595,Yes
117596,No
117597,No
117598,No
117599,No
117600,No
117601,No
117602,Yes
117603,Yes
117604,Yes
117605,Yes
117606,No
117607,Yes
117608,Yes
117609,No
117610,Yes
117611,No
117612,No
117613,Yes
117614,No
117615,No
117616,Yes
117617,Yes
117618,Yes
117619,No
117620,Yes
117621,Yes
117622,Yes
117623,Yes
117624,No
117625,No
117626,Yes
117627,Yes
117628,No
117629,Yes
117630,No
117631,Yes
117632,Yes
117633,No
117634,Yes
117635,No
117636,Yes
117637,No
117638,No
117639,No
117640,No
117641,Yes
117642,Yes
117643,Yes
117644,No
117645,Yes
117646,Yes
117647,No
117648,No
117649,No
117650,No
117651,Yes
117652,Yes
117653,No
117654,Yes
117655,Yes
117656,No
117657,No
117658,No
117659,No
117660,Yes
117661,Yes
117662,No
117663,Yes
117664,No
117665,Yes
117666,No
117667,Yes
117668,No
117669,No
117670,No
117671,Yes
117672,Yes
117673,Yes
117674,No
117675,No
117676,Yes
117677,No
117678,Yes
117679,No
117680,No
117681,Yes
117682,Yes
117683,No
117684,Yes
117685,Yes
117686,No
117687,No
117688,No
117689,No
117690,No
117691,Yes
117692,No
117693,No
117694,Yes
117695,No
117696,Yes
117697,No
117698,Yes
117699,No
117700,Yes
117701,No
117702,No
117703,No
117704,No
117705,No
117706,No
117707,No
117708,No
117709,No
117710,Yes
117711,No
117712,Yes
117713,Yes
117714,No
117715,No
117716,No
117717,Yes
117718,No
117719,No
117720,No
117721,No
117722,Yes
117723,Yes
117724,No
117725,Yes
117726,Yes
117727,No
117728,No
117729,No
117730,Yes
117731,Yes
117732,No
117733,No
117734,Yes
117735,No
117736,No
117737,Yes
117738,No
117739,Yes
117740,Yes
117741,Yes
117742,No
117743,Yes
117744,Yes
117745,No
117746,No
117747,Yes
117748,No
117749,No
117750,No
117751,No
117752,Yes
117753,No
117754,No
117755,Yes
117756,Yes
117757,No
117758,Yes
117759,No
117760,No
117761,Yes
117762,No
117763,Yes
117764,No
117765,No
117766,No
117767,No
117768,Yes
117769,No
117770,No
117771,No
117772,No
117773,No
117774,Yes
117775,Yes
117776,No
117777,Yes
117778,Yes
117779,No
117780,No
117781,No
117782,Yes
117783,No
117784,Yes
117785,No
117786,No
117787,No
117788,No
117789,No
117790,No
117791,No
117792,No
117793,No
117794,No
117795,No
117796,No
117797,No
117798,No
117799,No
117800,No
117801,Yes
117802,No
117803,No
117804,No
117805,No
117806,No
117807,No
117808,Yes
117809,No
117810,No
117811,Yes
117812,Yes
117813,No
117814,No
117815,No
117816,Yes
117817,No
117818,No
117819,No
117820,No
117821,No
117822,Yes
117823,Yes
117824,No
117825,No
117826,No
117827,Yes
117828,Yes
117829,No
117830,Yes
117831,No
117832,No
117833,No
117834,Yes
117835,No
117836,Yes
117837,No
117838,Yes
117839,No
117840,Yes
117841,Yes
117842,Yes
117843,Yes
117844,No
117845,No
117846,No
117847,Yes
117848,Yes
117849,No
117850,No
117851,No
117852,Yes
117853,Yes
117854,No
117855,No
117856,No
117857,Yes
117858,Yes
117859,No
117860,No
117861,No
117862,No
117863,No
117864,No
117865,No
117866,Yes
117867,Yes
117868,No
117869,No
117870,Yes
117871,No
117872,No
117873,Yes
117874,Yes
117875,Yes
117876,Yes
117877,No
117878,No
117879,Yes
117880,No
117881,No
117882,Yes
117883,No
117884,No
117885,No
117886,No
117887,No
117888,Yes
117889,No
117890,No
117891,No
117892,Yes
117893,No
117894,Yes
117895,Yes
117896,Yes
117897,No
117898,No
117899,Yes
117900,No
117901,No
117902,Yes
117903,Yes
117904,No
117905,No
117906,No
117907,Yes
117908,Yes
117909,No
117910,No
117911,No
117912,No
117913,Yes
117914,Yes
117915,No
117916,No
117917,No
117918,Yes
117919,Yes
117920,No
117921,Yes
117922,Yes
117923,Yes
117924,No
117925,No
117926,No
117927,No
117928,No
117929,No
117930,No
117931,No
117932,No
117933,No
117934,No
117935,Yes
117936,No
117937,No
117938,No
117939,No
117940,No
117941,No
117942,No
117943,Yes
117944,Yes
117945,No
117946,No
117947,No
117948,Yes
117949,Yes
117950,Yes
117951,Yes
117952,Yes
117953,No
117954,No
117955,Yes
117956,No
117957,No
117958,Yes
117959,Yes
117960,Yes
117961,No
117962,Yes
117963,No
117964,No
117965,No
117966,Yes
117967,Yes
117968,No
117969,Yes
117970,No
117971,No
117972,Yes
117973,Yes
117974,No
117975,No
117976,No
117977,No
117978,No
117979,Yes
117980,No
117981,No
117982,No
117983,No
117984,No
117985,No
117986,No
117987,No
117988,No
117989,No
117990,No
117991,No
117992,No
117993,No
117994,No
117995,No
117996,Yes
117997,No
117998,Yes
117999,No
118000,No
118001,No
118002,No
118003,Yes
118004,No
118005,No
118006,No
118007,No
118008,Yes
118009,No
118010,No
118011,Yes
118012,No
118013,Yes
118014,Yes
118015,No
118016,No
118017,Yes
118018,Yes
118019,No
118020,No
118021,No
118022,No
118023,Yes
118024,Yes
118025,No
118026,Yes
118027,Yes
118028,Yes
118029,No
118030,Yes
118031,No
118032,No
118033,No
118034,No
118035,Yes
118036,Yes
118037,No
118038,Yes
118039,No
118040,No
118041,No
118042,Yes
118043,No
118044,Yes
118045,Yes
118046,No
118047,No
118048,No
118049,Yes
118050,No
118051,No
118052,No
118053,No
118054,No
118055,No
118056,Yes
118057,No
118058,No
118059,Yes
118060,No
118061,Yes
118062,Yes
118063,No
118064,Yes
118065,No
118066,No
118067,Yes
118068,No
118069,No
118070,No
118071,Yes
118072,No
118073,Yes
118074,No
118075,Yes
118076,No
118077,Yes
118078,No
118079,No
118080,Yes
118081,No
118082,Yes
118083,Yes
118084,Yes
118085,No
118086,No
118087,Yes
118088,No
118089,No
118090,No
118091,No
118092,No
118093,Yes
118094,Yes
118095,Yes
118096,Yes
118097,Yes
118098,No
118099,Yes
118100,No
118101,Yes
118102,Yes
118103,Yes
118104,No
118105,Yes
118106,No
118107,No
118108,No
118109,No
118110,No
118111,No
118112,Yes
118113,Yes
118114,No
118115,Yes
118116,No
118117,Yes
118118,No
118119,No
118120,Yes
118121,Yes
118122,No
118123,Yes
118124,No
118125,Yes
118126,No
118127,No
118128,No
118129,No
118130,No
118131,No
118132,No
118133,Yes
118134,No
118135,Yes
118136,No
118137,No
118138,Yes
118139,No
118140,No
118141,No
118142,Yes
118143,Yes
118144,No
118145,No
118146,Yes
118147,Yes
118148,Yes
118149,No
118150,No
118151,No
118152,Yes
118153,No
118154,No
118155,No
118156,No
118157,Yes
118158,No
118159,Yes
118160,No
118161,No
118162,No
118163,Yes
118164,Yes
118165,No
118166,No
118167,Yes
118168,No
118169,Yes
118170,No
118171,No
118172,Yes
118173,Yes
118174,Yes
118175,Yes
118176,No
118177,Yes
118178,Yes
118179,No
118180,Yes
118181,No
118182,No
118183,No
118184,No
118185,Yes
118186,Yes
118187,No
118188,No
118189,No
118190,No
118191,Yes
118192,Yes
118193,Yes
118194,Yes
118195,No
118196,No
118197,Yes
118198,No
118199,No
118200,Yes
118201,No
118202,No
118203,No
118204,No
118205,No
118206,No
118207,No
118208,Yes
118209,Yes
118210,Yes
118211,No
118212,Yes
118213,No
118214,No
118215,No
118216,No
118217,No
118218,Yes
118219,No
118220,No
118221,No
118222,No
118223,No
118224,Yes
118225,No
118226,No
118227,Yes
118228,No
118229,Yes
118230,Yes
118231,Yes
118232,Yes
118233,Yes
118234,No
118235,Yes
118236,No
118237,No
118238,No
118239,Yes
118240,No
118241,No
118242,No
118243,No
118244,No
118245,No
118246,Yes
118247,Yes
118248,Yes
118249,No
118250,Yes
118251,No
118252,No
118253,Yes
118254,No
118255,No
118256,Yes
118257,No
118258,Yes
118259,No
118260,No
118261,No
118262,No
118263,Yes
118264,Yes
118265,No
118266,Yes
118267,No
118268,Yes
118269,Yes
118270,Yes
118271,No
118272,Yes
118273,Yes
118274,No
118275,No
118276,No
118277,No
118278,No
118279,No
118280,No
118281,Yes
118282,No
118283,No
118284,No
118285,No
118286,Yes
118287,No
118288,Yes
118289,No
118290,No
118291,No
118292,No
118293,No
118294,Yes
118295,Yes
118296,No
118297,Yes
118298,Yes
118299,Yes
118300,Yes
118301,Yes
118302,Yes
118303,No
118304,No
118305,Yes
118306,No
118307,Yes
118308,Yes
118309,No
118310,Yes
118311,Yes
118312,No
118313,Yes
118314,No
118315,Yes
118316,No
118317,No
118318,Yes
118319,No
118320,No
118321,No
118322,No
118323,No
118324,Yes
118325,Yes
118326,Yes
118327,No
118328,No
118329,No
118330,No
118331,No
118332,No
118333,No
118334,Yes
118335,Yes
118336,No
118337,Yes
118338,No
118339,Yes
118340,Yes
118341,Yes
118342,Yes
118343,Yes
118344,No
118345,No
118346,Yes
118347,No
118348,No
118349,No
118350,No
118351,No
118352,Yes
118353,No
118354,Yes
118355,No
118356,Yes
118357,Yes
118358,No
118359,No
118360,No
118361,Yes
118362,Yes
118363,Yes
118364,No
118365,Yes
118366,Yes
118367,No
118368,No
118369,Yes
118370,No
118371,No
118372,Yes
118373,Yes
118374,No
118375,Yes
118376,Yes
118377,No
118378,No
118379,No
118380,Yes
118381,No
118382,No
118383,No
118384,No
118385,Yes
118386,No
118387,No
118388,No
118389,No
118390,Yes
118391,No
118392,Yes
118393,No
118394,No
118395,No
118396,No
118397,No
118398,No
118399,No
118400,No
118401,No
118402,No
118403,No
118404,No
118405,No
118406,No
118407,Yes
118408,No
118409,No
118410,Yes
118411,No
118412,Yes
118413,No
118414,No
118415,Yes
118416,No
118417,No
118418,No
118419,Yes
118420,No
118421,No
118422,Yes
118423,Yes
118424,Yes
118425,Yes
118426,Yes
118427,No
118428,Yes
118429,No
118430,No
118431,No
118432,No
118433,No
118434,No
118435,Yes
118436,No
118437,Yes
118438,No
118439,No
118440,No
118441,No
118442,No
118443,No
118444,No
118445,Yes
118446,No
118447,No
118448,No
118449,No
118450,No
118451,No
118452,No
118453,No
118454,No
118455,No
118456,Yes
118457,Yes
118458,No
118459,No
118460,No
118461,No
118462,Yes
118463,No
118464,Yes
118465,Yes
118466,No
118467,No
118468,No
118469,No
118470,Yes
118471,No
118472,Yes
118473,No
118474,Yes
118475,No
118476,No
118477,Yes
118478,No
118479,No
118480,No
118481,No
118482,No
118483,Yes
118484,Yes
118485,Yes
118486,No
118487,Yes
118488,No
118489,No
118490,No
118491,No
118492,Yes
118493,No
118494,Yes
118495,No
118496,Yes
118497,Yes
118498,No
118499,Yes
118500,Yes
118501,No
118502,Yes
118503,No
118504,No
118505,Yes
118506,Yes
118507,No
118508,No
118509,Yes
118510,No
118511,Yes
118512,No
118513,Yes
118514,No
118515,Yes
118516,Yes
118517,Yes
118518,No
118519,No
118520,Yes
118521,No
118522,No
118523,No
118524,No
118525,No
118526,Yes
118527,No
118528,No
118529,No
118530,No
118531,No
118532,No
118533,No
118534,No
118535,No
118536,No
118537,No
118538,No
118539,Yes
118540,No
118541,No
118542,Yes
118543,Yes
118544,No
118545,No
118546,No
118547,Yes
118548,Yes
118549,No
118550,Yes
118551,Yes
118552,No
118553,Yes
118554,No
118555,No
118556,Yes
118557,No
118558,No
118559,Yes
118560,No
118561,No
118562,Yes
118563,No
118564,Yes
118565,No
118566,Yes
118567,Yes
118568,Yes
118569,No
118570,Yes
118571,Yes
118572,No
118573,Yes
118574,Yes
118575,Yes
118576,No
118577,Yes
118578,No
118579,No
118580,No
118581,Yes
118582,Yes
118583,No
118584,No
118585,No
118586,No
118587,Yes
118588,Yes
118589,No
118590,Yes
118591,Yes
118592,No
118593,No
118594,No
118595,No
118596,No
118597,No
118598,No
118599,No
118600,Yes
118601,No
118602,No
118603,No
118604,Yes
118605,No
118606,No
118607,No
118608,No
118609,No
118610,Yes
118611,No
118612,No
118613,No
118614,Yes
118615,Yes
118616,No
118617,No
118618,No
118619,No
118620,No
118621,No
118622,Yes
118623,Yes
118624,Yes
118625,No
118626,Yes
118627,Yes
118628,Yes
118629,Yes
118630,Yes
118631,No
118632,Yes
118633,No
118634,No
118635,No
118636,Yes
118637,Yes
118638,Yes
118639,Yes
118640,Yes
118641,Yes
118642,No
118643,Yes
118644,No
118645,No
118646,No
118647,No
118648,Yes
118649,No
118650,No
118651,No
118652,No
118653,No
118654,No
118655,No
118656,Yes
118657,Yes
118658,No
118659,No
118660,Yes
118661,No
118662,Yes
118663,No
118664,Yes
118665,No
118666,No
118667,Yes
118668,Yes
118669,Yes
118670,Yes
118671,Yes
118672,No
118673,Yes
118674,Yes
118675,Yes
118676,No
118677,Yes
118678,No
118679,No
118680,No
118681,No
118682,Yes
118683,No
118684,No
118685,No
118686,No
118687,Yes
118688,No
118689,No
118690,Yes
118691,No
118692,No
118693,Yes
118694,Yes
118695,No
118696,No
118697,Yes
118698,Yes
118699,No
118700,Yes
118701,No
118702,Yes
118703,Yes
118704,No
118705,No
118706,Yes
118707,Yes
118708,No
118709,Yes
118710,No
118711,No
118712,No
118713,Yes
118714,Yes
118715,No
118716,Yes
118717,No
118718,Yes
118719,No
118720,Yes
118721,No
118722,Yes
118723,No
118724,Yes
118725,No
118726,No
118727,No
118728,No
118729,No
118730,No
118731,No
118732,Yes
118733,Yes
118734,No
118735,Yes
118736,No
118737,No
118738,Yes
118739,Yes
118740,Yes
118741,No
118742,Yes
118743,No
118744,No
118745,No
118746,Yes
118747,No
118748,Yes
118749,Yes
118750,No
118751,No
118752,No
118753,No
118754,No
118755,No
118756,No
118757,Yes
118758,No
118759,Yes
118760,No
118761,Yes
118762,No
118763,Yes
118764,Yes
118765,No
118766,No
118767,No
118768,Yes
118769,No
118770,Yes
118771,No
118772,Yes
118773,No
118774,No
118775,No
118776,No
118777,No
118778,No
118779,No
118780,No
118781,No
118782,Yes
118783,No
118784,Yes
118785,No
118786,Yes
118787,Yes
118788,Yes
118789,Yes
118790,Yes
118791,Yes
118792,No
118793,No
118794,No
118795,No
118796,No
118797,Yes
118798,Yes
118799,Yes
118800,No
118801,No
118802,No
118803,No
118804,Yes
118805,Yes
118806,No
118807,Yes
118808,No
118809,Yes
118810,No
118811,No
118812,Yes
118813,No
118814,Yes
118815,Yes
118816,Yes
118817,No
118818,Yes
118819,No
118820,No
118821,Yes
118822,Yes
118823,Yes
118824,No
118825,Yes
118826,No
118827,No
118828,No
118829,No
118830,No
118831,Yes
118832,No
118833,Yes
118834,No
118835,Yes
118836,No
118837,No
118838,No
118839,No
118840,No
118841,No
118842,No
118843,No
118844,No
118845,Yes
118846,No
118847,Yes
118848,No
118849,Yes
118850,Yes
118851,No
118852,No
118853,Yes
118854,No
118855,No
118856,No
118857,No
118858,Yes
118859,Yes
118860,No
118861,No
118862,No
118863,Yes
118864,No
118865,No
118866,No
118867,No
118868,Yes
118869,No
118870,No
118871,No
118872,No
118873,No
118874,No
118875,No
118876,No
118877,Yes
118878,No
118879,No
118880,No
118881,No
118882,Yes
118883,No
118884,No
118885,Yes
118886,No
118887,Yes
118888,No
118889,No
118890,No
118891,No
118892,Yes
118893,No
118894,No
118895,Yes
118896,Yes
118897,No
118898,No
118899,No
118900,No
118901,Yes
118902,No
118903,No
118904,No
118905,Yes
118906,No
118907,Yes
118908,Yes
118909,No
118910,No
118911,Yes
118912,No
118913,No
118914,Yes
118915,Yes
118916,No
118917,Yes
118918,Yes
118919,Yes
118920,Yes
118921,Yes
118922,No
118923,Yes
118924,Yes
118925,Yes
118926,No
118927,No
118928,Yes
118929,No
118930,Yes
118931,Yes
118932,Yes
118933,Yes
118934,Yes
118935,Yes
118936,No
118937,Yes
118938,Yes
118939,No
118940,No
118941,No
118942,Yes
118943,No
118944,Yes
118945,Yes
118946,No
118947,Yes
118948,Yes
118949,No
118950,Yes
118951,No
118952,No
118953,No
118954,No
118955,Yes
118956,No
118957,Yes
118958,No
118959,No
118960,No
118961,No
118962,No
118963,No
118964,No
118965,Yes
118966,No
118967,No
118968,Yes
118969,Yes
118970,No
118971,Yes
118972,No
118973,No
118974,No
118975,Yes
118976,No
118977,No
118978,No
118979,No
118980,No
118981,Yes
118982,No
118983,No
118984,No
118985,No
118986,Yes
118987,No
118988,No
118989,No
118990,No
118991,Yes
118992,Yes
118993,No
118994,No
118995,Yes
118996,No
118997,No
118998,No
118999,No
119000,Yes
119001,Yes
119002,Yes
119003,No
119004,Yes
119005,No
119006,Yes
119007,No
119008,Yes
119009,No
119010,Yes
119011,No
119012,No
119013,No
119014,Yes
119015,Yes
119016,No
119017,No
119018,Yes
119019,Yes
119020,No
119021,No
119022,No
119023,Yes
119024,No
119025,Yes
119026,Yes
119027,No
119028,No
119029,No
119030,No
119031,No
119032,Yes
119033,Yes
119034,Yes
119035,Yes
119036,No
119037,No
119038,No
119039,No
119040,No
119041,Yes
119042,Yes
119043,No
119044,Yes
119045,Yes
119046,No
119047,Yes
119048,No
119049,No
119050,No
119051,Yes
119052,No
119053,No
119054,No
119055,No
119056,No
119057,Yes
119058,No
119059,No
119060,Yes
119061,No
119062,Yes
119063,No
119064,Yes
119065,Yes
119066,No
119067,Yes
119068,No
119069,No
119070,No
119071,Yes
119072,No
119073,No
119074,Yes
119075,No
119076,No
119077,No
119078,No
119079,No
119080,No
119081,No
119082,Yes
119083,No
119084,Yes
119085,No
119086,Yes
119087,No
119088,No
119089,Yes
119090,No
119091,Yes
119092,Yes
119093,Yes
119094,Yes
119095,No
119096,Yes
119097,Yes
119098,No
119099,No
119100,No
119101,No
119102,Yes
119103,Yes
119104,No
119105,No
119106,Yes
119107,No
119108,Yes
119109,Yes
119110,No
119111,No
119112,No
119113,No
119114,No
119115,Yes
119116,Yes
119117,No
119118,No
119119,Yes
119120,No
119121,Yes
119122,Yes
119123,Yes
119124,No
119125,Yes
119126,No
119127,No
119128,No
119129,No
119130,No
119131,No
119132,Yes
119133,Yes
119134,Yes
119135,No
119136,Yes
119137,Yes
119138,No
119139,No
119140,Yes
119141,No
119142,Yes
119143,Yes
119144,No
119145,Yes
119146,No
119147,No
119148,No
119149,Yes
119150,No
119151,No
119152,Yes
119153,Yes
119154,No
119155,No
119156,Yes
119157,No
119158,No
119159,No
119160,No
119161,Yes
119162,No
119163,No
119164,No
119165,No
119166,Yes
119167,No
119168,No
119169,No
119170,No
119171,Yes
119172,No
119173,No
119174,Yes
119175,No
119176,No
119177,No
119178,No
119179,No
119180,No
119181,No
119182,No
119183,Yes
119184,No
119185,Yes
119186,No
119187,Yes
119188,No
119189,No
119190,Yes
119191,No
119192,No
119193,No
119194,Yes
119195,No
119196,Yes
119197,Yes
119198,No
119199,Yes
119200,No
119201,No
119202,No
119203,No
119204,No
119205,Yes
119206,No
119207,Yes
119208,Yes
119209,No
119210,No
119211,No
119212,Yes
119213,No
119214,Yes
119215,Yes
119216,No
119217,No
119218,No
119219,No
119220,No
119221,Yes
119222,No
119223,Yes
119224,No
119225,No
119226,No
119227,Yes
119228,No
119229,No
119230,No
119231,Yes
119232,Yes
119233,No
119234,No
119235,Yes
119236,Yes
119237,Yes
119238,Yes
119239,Yes
119240,No
119241,No
119242,No
119243,Yes
119244,No
119245,No
119246,Yes
119247,No
119248,No
119249,Yes
119250,No
119251,No
119252,No
119253,No
119254,No
119255,Yes
119256,No
119257,Yes
119258,No
119259,Yes
119260,No
119261,Yes
119262,No
119263,No
119264,Yes
119265,Yes
119266,No
119267,Yes
119268,Yes
119269,No
119270,No
119271,Yes
119272,Yes
119273,Yes
119274,Yes
119275,No
119276,No
119277,No
119278,Yes
119279,Yes
119280,Yes
119281,No
119282,No
119283,No
119284,No
119285,Yes
119286,No
119287,Yes
119288,No
119289,No
119290,Yes
119291,Yes
119292,No
119293,Yes
119294,No
119295,Yes
119296,No
119297,Yes
119298,No
119299,No
119300,No
119301,Yes
119302,No
119303,Yes
119304,No
119305,No
119306,No
119307,No
119308,No
119309,No
119310,No
119311,No
119312,No
119313,Yes
119314,No
119315,No
119316,No
119317,No
119318,No
119319,No
119320,No
119321,Yes
119322,Yes
119323,No
119324,Yes
119325,No
119326,No
119327,Yes
119328,No
119329,No
119330,Yes
119331,No
119332,No
119333,No
119334,Yes
119335,No
119336,Yes
119337,No
119338,No
119339,Yes
119340,No
119341,No
119342,No
119343,No
119344,Yes
119345,Yes
119346,No
119347,No
119348,No
119349,No
119350,No
119351,No
119352,No
119353,No
119354,No
119355,No
119356,Yes
119357,Yes
119358,Yes
119359,No
119360,No
119361,No
119362,No
119363,No
119364,Yes
119365,Yes
119366,No
119367,No
119368,Yes
119369,Yes
119370,No
119371,Yes
119372,Yes
119373,Yes
119374,No
119375,No
119376,No
119377,Yes
119378,Yes
119379,No
119380,Yes
119381,No
119382,Yes
119383,Yes
119384,No
119385,Yes
119386,Yes
119387,No
119388,No
119389,No
119390,No
119391,No
119392,Yes
119393,No
119394,Yes
119395,Yes
119396,No
119397,No
119398,No
119399,No
119400,Yes
119401,No
119402,No
119403,No
119404,Yes
119405,No
119406,No
119407,No
119408,No
119409,Yes
119410,No
119411,No
119412,Yes
119413,Yes
119414,No
119415,Yes
119416,No
119417,No
119418,No
119419,Yes
119420,No
119421,No
119422,Yes
119423,Yes
119424,No
119425,Yes
119426,Yes
119427,No
119428,Yes
119429,No
119430,No
119431,Yes
119432,No
119433,Yes
119434,No
119435,No
119436,No
119437,No
119438,No
119439,No
119440,No
119441,Yes
119442,No
119443,No
119444,No
119445,No
119446,Yes
119447,No
119448,No
119449,Yes
119450,No
119451,No
119452,Yes
119453,No
119454,Yes
119455,Yes
119456,No
119457,No
119458,No
119459,No
119460,No
119461,No
119462,Yes
119463,No
119464,Yes
119465,No
119466,Yes
119467,No
119468,Yes
119469,Yes
119470,Yes
119471,No
119472,No
119473,Yes
119474,Yes
119475,No
119476,Yes
119477,No
119478,Yes
119479,No
119480,Yes
119481,No
119482,No
119483,Yes
119484,No
119485,No
119486,Yes
119487,No
119488,No
119489,No
119490,Yes
119491,No
119492,Yes
119493,No
119494,Yes
119495,No
119496,Yes
119497,No
119498,Yes
119499,Yes
119500,Yes
119501,No
119502,Yes
119503,No
119504,Yes
119505,Yes
119506,No
119507,No
119508,No
119509,No
119510,Yes
119511,No
119512,No
119513,Yes
119514,No
119515,No
119516,Yes
119517,No
119518,Yes
119519,Yes
119520,No
119521,No
119522,No
119523,No
119524,No
119525,Yes
119526,Yes
119527,No
119528,No
119529,No
119530,No
119531,Yes
119532,Yes
119533,No
119534,No
119535,Yes
119536,No
119537,Yes
119538,No
119539,No
119540,No
119541,No
119542,No
119543,Yes
119544,Yes
119545,No
119546,No
119547,Yes
119548,No
119549,Yes
119550,Yes
119551,Yes
119552,No
119553,Yes
119554,No
119555,No
119556,Yes
119557,No
119558,No
119559,Yes
119560,No
119561,No
119562,No
119563,No
119564,Yes
119565,Yes
119566,Yes
119567,Yes
119568,No
119569,No
119570,Yes
119571,Yes
119572,No
119573,Yes
119574,No
119575,No
119576,No
119577,No
119578,Yes
119579,No
119580,No
119581,No
119582,Yes
119583,No
119584,No
119585,No
119586,No
119587,No
119588,Yes
119589,No
119590,No
119591,No
119592,No
119593,Yes
119594,No
119595,No
119596,No
119597,No
119598,No
119599,No
119600,No
119601,No
119602,Yes
119603,No
119604,No
119605,Yes
119606,No
119607,No
119608,No
119609,No
119610,Yes
119611,No
119612,No
119613,Yes
119614,No
119615,No
119616,Yes
119617,No
119618,Yes
119619,No
119620,No
119621,No
119622,Yes
119623,Yes
119624,Yes
119625,No
119626,Yes
119627,No
119628,Yes
119629,Yes
119630,No
119631,Yes
119632,No
119633,Yes
119634,No
119635,No
119636,Yes
119637,Yes
119638,No
119639,No
119640,Yes
119641,No
119642,Yes
119643,Yes
119644,No
119645,Yes
119646,No
119647,No
119648,No
119649,No
119650,Yes
119651,Yes
119652,Yes
119653,No
119654,Yes
119655,No
119656,No
119657,Yes
119658,Yes
119659,No
119660,Yes
119661,No
119662,No
119663,No
119664,Yes
119665,No
119666,Yes
119667,No
119668,No
119669,No
119670,No
119671,No
119672,No
119673,Yes
119674,No
119675,No
119676,Yes
119677,No
119678,Yes
119679,No
119680,No
119681,Yes
119682,Yes
119683,No
119684,No
119685,No
119686,Yes
119687,No
119688,No
119689,Yes
119690,No
119691,Yes
119692,Yes
119693,No
119694,No
119695,Yes
119696,Yes
119697,Yes
119698,No
119699,No
119700,Yes
119701,No
119702,No
119703,Yes
119704,Yes
119705,Yes
119706,No
119707,No
119708,No
119709,No
119710,Yes
119711,Yes
119712,Yes
119713,No
119714,Yes
119715,No
119716,No
119717,No
119718,Yes
119719,No
119720,Yes
119721,Yes
119722,No
119723,No
119724,No
119725,No
119726,Yes
119727,Yes
119728,No
119729,Yes
119730,Yes
119731,No
119732,No
119733,No
119734,No
119735,No
119736,No
119737,No
119738,No
119739,No
119740,No
119741,No
119742,No
119743,Yes
119744,Yes
119745,No
119746,No
119747,Yes
119748,No
119749,No
119750,Yes
119751,Yes
119752,No
119753,No
119754,No
119755,No
119756,Yes
119757,No
119758,No
119759,Yes
119760,No
119761,No
119762,Yes
119763,No
119764,No
119765,No
119766,No
119767,Yes
119768,No
119769,Yes
119770,No
119771,Yes
119772,Yes
119773,No
119774,No
119775,No
119776,Yes
119777,Yes
119778,Yes
119779,No
119780,Yes
119781,No
119782,No
119783,Yes
119784,Yes
119785,No
119786,Yes
119787,Yes
119788,No
119789,Yes
119790,No
119791,No
119792,Yes
119793,No
119794,Yes
119795,Yes
119796,No
119797,No
119798,Yes
119799,Yes
119800,Yes
119801,Yes
119802,No
119803,Yes
119804,Yes
119805,Yes
119806,Yes
119807,Yes
119808,Yes
119809,No
119810,No
119811,No
119812,Yes
119813,No
119814,Yes
119815,No
119816,No
119817,Yes
119818,No
119819,Yes
119820,Yes
119821,Yes
119822,No
119823,No
119824,Yes
119825,No
119826,No
119827,No
119828,No
119829,No
119830,Yes
119831,Yes
119832,No
119833,Yes
119834,No
119835,No
119836,No
119837,No
119838,No
119839,Yes
119840,No
119841,No
119842,No
119843,No
119844,Yes
119845,No
119846,No
119847,Yes
119848,No
119849,No
119850,No
119851,Yes
119852,No
119853,No
119854,Yes
119855,Yes
119856,No
119857,No
119858,No
119859,No
119860,No
119861,Yes
119862,Yes
119863,No
119864,Yes
119865,Yes
119866,No
119867,Yes
119868,No
119869,Yes
119870,Yes
119871,No
119872,Yes
119873,No
119874,No
119875,Yes
119876,No
119877,No
119878,No
119879,No
119880,No
119881,Yes
119882,Yes
119883,No
119884,No
119885,No
119886,No
119887,Yes
119888,Yes
119889,No
119890,No
119891,Yes
119892,No
119893,No
119894,No
119895,No
119896,No
119897,Yes
119898,No
119899,No
119900,No
119901,No
119902,Yes
119903,No
119904,No
119905,Yes
119906,Yes
119907,No
119908,No
119909,No
119910,Yes
119911,No
119912,No
119913,No
119914,Yes
119915,No
119916,No
119917,No
119918,Yes
119919,No
119920,Yes
119921,Yes
119922,No
119923,No
119924,No
119925,Yes
119926,No
119927,No
119928,No
119929,No
119930,No
119931,No
119932,Yes
119933,No
119934,Yes
119935,Yes
119936,No
119937,Yes
119938,Yes
119939,No
119940,No
119941,Yes
119942,No
119943,No
119944,No
119945,No
119946,No
119947,Yes
119948,Yes
119949,No
119950,No
119951,No
119952,Yes
119953,Yes
119954,No
119955,No
119956,No
119957,No
119958,Yes
119959,No
119960,Yes
119961,Yes
119962,No
119963,Yes
119964,No
119965,No
119966,No
119967,Yes
119968,No
119969,No
119970,No
119971,Yes
119972,No
119973,Yes
119974,Yes
119975,Yes
119976,No
119977,No
119978,No
119979,No
119980,Yes
119981,Yes
119982,No
119983,No
119984,No
119985,No
119986,Yes
119987,Yes
119988,No
119989,No
119990,No
119991,No
119992,Yes
119993,No
119994,No
119995,No
119996,No
119997,Yes
119998,No
119999,No
120000,Yes
120001,Yes
120002,No
120003,No
120004,No
120005,Yes
120006,No
120007,No
120008,Yes
120009,Yes
120010,No
120011,Yes
120012,No
120013,No
120014,No
120015,No
120016,No
120017,Yes
120018,Yes
120019,No
120020,Yes
120021,Yes
120022,No
120023,Yes
120024,No
120025,No
120026,No
120027,Yes
120028,No
120029,No
120030,Yes
120031,No
120032,No
120033,No
120034,Yes
120035,No
120036,No
120037,Yes
120038,Yes
120039,Yes
120040,No
120041,No
120042,Yes
120043,No
120044,No
120045,No
120046,No
120047,No
120048,No
120049,No
120050,No
120051,No
120052,Yes
120053,No
120054,No
120055,Yes
120056,No
120057,Yes
120058,No
120059,No
120060,Yes
120061,Yes
120062,No
120063,No
120064,No
120065,Yes
120066,No
120067,Yes
120068,No
120069,No
120070,Yes
120071,No
120072,No
120073,No
120074,No
120075,Yes
120076,No
120077,Yes
120078,No
120079,Yes
120080,No
120081,No
120082,Yes
120083,No
120084,No
120085,Yes
120086,No
120087,Yes
120088,Yes
120089,Yes
120090,No
120091,Yes
120092,Yes
120093,No
120094,No
120095,Yes
120096,No
120097,Yes
120098,No
120099,No
120100,No
120101,No
120102,No
120103,Yes
120104,Yes
120105,No
120106,No
120107,No
120108,No
120109,No
120110,No
120111,Yes
120112,No
120113,Yes
120114,No
120115,No
120116,No
120117,Yes
120118,Yes
120119,Yes
120120,Yes
120121,Yes
120122,Yes
120123,No
120124,Yes
120125,Yes
120126,Yes
120127,Yes
120128,No
120129,No
120130,Yes
120131,No
120132,Yes
120133,No
120134,No
120135,Yes
120136,Yes
120137,Yes
120138,Yes
120139,Yes
120140,Yes
120141,No
120142,No
120143,No
120144,No
120145,Yes
120146,No
120147,Yes
120148,Yes
120149,No
120150,Yes
120151,No
120152,Yes
120153,Yes
120154,Yes
120155,Yes
120156,Yes
120157,Yes
120158,No
120159,No
120160,Yes
120161,Yes
120162,No
120163,Yes
120164,Yes
120165,Yes
120166,No
120167,Yes
120168,No
120169,No
120170,No
120171,No
120172,No
120173,Yes
120174,Yes
120175,No
120176,Yes
120177,No
120178,Yes
120179,No
120180,No
120181,No
120182,No
120183,No
120184,Yes
120185,Yes
120186,No
120187,Yes
120188,Yes
120189,Yes
120190,Yes
120191,Yes
120192,No
120193,Yes
120194,Yes
120195,Yes
120196,Yes
120197,No
120198,No
120199,No
120200,No
120201,Yes
120202,No
120203,No
120204,No
120205,Yes
120206,No
120207,Yes
120208,No
120209,No
120210,No
120211,Yes
120212,No
120213,No
120214,Yes
120215,No
120216,Yes
120217,No
120218,Yes
120219,No
120220,No
120221,Yes
120222,No
120223,No
120224,No
120225,Yes
120226,Yes
120227,No
120228,No
120229,Yes
120230,No
120231,Yes
120232,No
120233,No
120234,Yes
120235,Yes
120236,No
120237,No
120238,No
120239,No
120240,Yes
120241,Yes
120242,No
120243,Yes
120244,No
120245,Yes
120246,No
120247,Yes
120248,No
120249,No
120250,No
120251,No
120252,Yes
120253,No
120254,Yes
120255,Yes
120256,No
120257,Yes
120258,No
120259,No
120260,Yes
120261,Yes
120262,Yes
120263,Yes
120264,Yes
120265,No
120266,No
120267,Yes
120268,Yes
120269,No
120270,Yes
120271,No
120272,Yes
120273,No
120274,Yes
120275,Yes
120276,Yes
120277,No
120278,Yes
120279,No
120280,Yes
120281,Yes
120282,No
120283,No
120284,No
120285,No
120286,Yes
120287,No
120288,Yes
120289,No
120290,No
120291,Yes
120292,Yes
120293,Yes
120294,No
120295,Yes
120296,No
120297,No
120298,Yes
120299,No
120300,Yes
120301,No
120302,No
120303,Yes
120304,No
120305,No
120306,No
120307,Yes
120308,No
120309,No
120310,Yes
120311,Yes
120312,Yes
120313,Yes
120314,Yes
120315,Yes
120316,No
120317,Yes
120318,No
120319,No
120320,Yes
120321,No
120322,No
120323,No
120324,Yes
120325,No
120326,No
120327,No
120328,Yes
120329,Yes
120330,No
120331,No
120332,Yes
120333,Yes
120334,No
120335,Yes
120336,Yes
120337,No
120338,No
120339,No
120340,No
120341,Yes
120342,No
120343,No
120344,No
120345,No
120346,No
120347,No
120348,No
120349,No
120350,No
120351,Yes
120352,Yes
120353,No
120354,No
120355,Yes
120356,No
120357,No
120358,No
120359,No
120360,Yes
120361,No
120362,Yes
120363,Yes
120364,No
120365,Yes
120366,No
120367,No
120368,Yes
120369,No
120370,No
120371,No
120372,Yes
120373,No
120374,Yes
120375,No
120376,No
120377,No
120378,No
120379,Yes
120380,No
120381,No
120382,Yes
120383,Yes
120384,No
120385,No
120386,Yes
120387,No
120388,No
120389,Yes
120390,Yes
120391,Yes
120392,No
120393,No
120394,No
120395,No
120396,No
120397,No
120398,No
120399,Yes
120400,No
120401,Yes
120402,No
120403,No
120404,Yes
120405,No
120406,Yes
120407,No
120408,Yes
120409,Yes
120410,No
120411,Yes
120412,No
120413,Yes
120414,Yes
120415,Yes
120416,Yes
120417,Yes
120418,No
120419,No
120420,No
120421,Yes
120422,Yes
120423,No
120424,Yes
120425,No
120426,No
120427,Yes
120428,Yes
120429,No
120430,Yes
120431,No
120432,No
120433,No
120434,Yes
120435,No
120436,Yes
120437,Yes
120438,No
120439,Yes
120440,No
120441,No
120442,No
120443,No
120444,No
120445,Yes
120446,No
120447,No
120448,No
120449,Yes
120450,No
120451,Yes
120452,No
120453,Yes
120454,Yes
120455,Yes
120456,No
120457,No
120458,No
120459,No
120460,No
120461,No
120462,No
120463,No
120464,No
120465,No
120466,No
120467,No
120468,Yes
120469,No
120470,Yes
120471,Yes
120472,Yes
120473,Yes
120474,Yes
120475,No
120476,No
120477,No
120478,No
120479,Yes
120480,Yes
120481,No
120482,Yes
120483,Yes
120484,Yes
120485,No
120486,Yes
120487,No
120488,No
120489,No
120490,No
120491,Yes
120492,Yes
120493,Yes
120494,Yes
120495,No
120496,No
120497,No
120498,Yes
120499,No
120500,No
120501,No
120502,Yes
120503,Yes
120504,No
120505,No
120506,No
120507,No
120508,Yes
120509,Yes
120510,Yes
120511,No
120512,No
120513,Yes
120514,No
120515,Yes
120516,Yes
120517,No
120518,Yes
120519,Yes
120520,No
120521,Yes
120522,Yes
120523,Yes
120524,No
120525,No
120526,Yes
120527,Yes
120528,No
120529,No
120530,Yes
120531,No
120532,No
120533,No
120534,Yes
120535,Yes
120536,Yes
120537,Yes
120538,Yes
120539,No
120540,No
120541,No
120542,Yes
120543,Yes
120544,No
120545,No
120546,No
120547,Yes
120548,No
120549,No
120550,Yes
120551,No
120552,No
120553,No
120554,Yes
120555,Yes
120556,No
120557,Yes
120558,Yes
120559,No
120560,No
120561,No
120562,No
120563,Yes
120564,Yes
120565,Yes
120566,No
120567,Yes
120568,No
120569,No
120570,No
120571,No
120572,No
120573,No
120574,No
120575,Yes
120576,No
120577,Yes
120578,Yes
120579,No
120580,No
120581,No
120582,Yes
120583,No
120584,No
120585,No
120586,No
120587,No
120588,Yes
120589,Yes
120590,No
120591,No
120592,Yes
120593,No
120594,Yes
120595,No
120596,No
120597,No
120598,No
120599,No
120600,Yes
120601,Yes
120602,No
120603,No
120604,No
120605,Yes
120606,Yes
120607,No
120608,Yes
120609,No
120610,Yes
120611,No
120612,Yes
120613,Yes
120614,No
120615,No
120616,No
120617,Yes
120618,No
120619,Yes
120620,Yes
120621,Yes
120622,Yes
120623,No
120624,Yes
120625,No
120626,Yes
120627,No
120628,No
120629,Yes
120630,No
120631,No
120632,No
120633,No
120634,No
120635,No
120636,Yes
120637,No
120638,No
120639,Yes
120640,No
120641,No
120642,No
120643,No
120644,No
120645,Yes
120646,Yes
120647,Yes
120648,No
120649,No
120650,No
120651,Yes
120652,Yes
120653,No
120654,No
120655,No
120656,No
120657,No
120658,Yes
120659,No
120660,No
120661,No
120662,Yes
120663,Yes
120664,Yes
120665,Yes
120666,No
120667,No
120668,No
120669,Yes
120670,Yes
120671,No
120672,Yes
120673,No
120674,No
120675,Yes
120676,No
120677,Yes
120678,Yes
120679,No
120680,No
120681,No
120682,No
120683,No
120684,No
120685,Yes
120686,Yes
120687,No
120688,No
120689,No
120690,No
120691,No
120692,No
120693,Yes
120694,No
120695,Yes
120696,Yes
120697,Yes
120698,Yes
120699,No
120700,No
120701,Yes
120702,Yes
120703,No
120704,Yes
120705,No
120706,Yes
120707,No
120708,No
120709,No
120710,No
120711,Yes
120712,No
120713,No
120714,No
120715,Yes
120716,No
120717,No
120718,Yes
120719,No
120720,No
120721,Yes
120722,No
120723,Yes
120724,No
120725,Yes
120726,No
120727,Yes
120728,Yes
120729,No
120730,No
120731,No
120732,Yes
120733,No
120734,No
120735,No
120736,No
120737,Yes
120738,No
120739,No
120740,No
120741,Yes
120742,No
120743,No
120744,No
120745,No
120746,Yes
120747,Yes
120748,No
120749,No
120750,No
120751,No
120752,No
120753,Yes
120754,No
120755,No
120756,No
120757,No
120758,Yes
120759,No
120760,Yes
120761,Yes
120762,Yes
120763,Yes
120764,No
120765,No
120766,No
120767,No
120768,No
120769,No
120770,No
120771,No
120772,Yes
120773,Yes
120774,Yes
120775,Yes
120776,No
120777,No
120778,No
120779,No
120780,Yes
120781,No
120782,Yes
120783,No
120784,No
120785,Yes
120786,Yes
120787,No
120788,No
120789,No
120790,No
120791,Yes
120792,No
120793,Yes
120794,Yes
120795,Yes
120796,No
120797,No
120798,No
120799,No
120800,No
120801,No
120802,No
120803,Yes
120804,No
120805,No
120806,Yes
120807,Yes
120808,Yes
120809,Yes
120810,Yes
120811,No
120812,No
120813,No
120814,No
120815,No
120816,No
120817,No
120818,Yes
120819,No
120820,No
120821,Yes
120822,Yes
120823,Yes
120824,No
120825,No
120826,Yes
120827,Yes
120828,Yes
120829,Yes
120830,No
120831,No
120832,No
120833,Yes
120834,No
120835,No
120836,No
120837,Yes
120838,No
120839,No
120840,Yes
120841,No
120842,Yes
120843,Yes
120844,Yes
120845,No
120846,No
120847,Yes
120848,No
120849,No
120850,No
120851,No
120852,No
120853,Yes
120854,No
120855,Yes
120856,Yes
120857,No
120858,No
120859,No
120860,No
120861,No
120862,Yes
120863,Yes
120864,No
120865,No
120866,No
120867,No
120868,No
120869,No
120870,Yes
120871,Yes
120872,Yes
120873,Yes
120874,No
120875,No
120876,No
120877,No
120878,No
120879,Yes
120880,No
120881,No
120882,Yes
120883,Yes
120884,No
120885,Yes
120886,No
120887,No
120888,Yes
120889,No
120890,No
120891,Yes
120892,No
120893,No
120894,No
120895,No
120896,No
120897,No
120898,Yes
120899,No
120900,No
120901,No
120902,No
120903,Yes
120904,Yes
120905,No
120906,No
120907,No
120908,No
120909,Yes
120910,Yes
120911,No
120912,No
120913,Yes
120914,No
120915,No
120916,Yes
120917,No
120918,No
120919,Yes
120920,No
120921,No
120922,No
120923,No
120924,Yes
120925,Yes
120926,Yes
120927,No
120928,No
120929,Yes
120930,Yes
120931,Yes
120932,Yes
120933,No
120934,No
120935,No
120936,No
120937,No
120938,No
120939,No
120940,No
120941,No
120942,No
120943,No
120944,No
120945,No
120946,No
120947,No
120948,Yes
120949,Yes
120950,No
120951,No
120952,Yes
120953,Yes
120954,No
120955,No
120956,Yes
120957,Yes
120958,Yes
120959,Yes
120960,Yes
120961,Yes
120962,Yes
120963,Yes
120964,No
120965,No
120966,Yes
120967,No
120968,No
120969,No
120970,Yes
120971,No
120972,Yes
120973,No
120974,Yes
120975,No
120976,No
120977,Yes
120978,No
120979,No
120980,No
120981,Yes
120982,Yes
120983,No
120984,Yes
120985,No
120986,No
120987,No
120988,No
120989,Yes
120990,Yes
120991,No
120992,Yes
120993,No
120994,Yes
120995,Yes
120996,No
120997,Yes
120998,Yes
120999,Yes
121000,No
121001,Yes
121002,No
121003,Yes
121004,Yes
121005,No
121006,Yes
121007,Yes
121008,Yes
121009,No
121010,No
121011,No
121012,Yes
121013,Yes
121014,Yes
121015,No
121016,No
121017,No
121018,No
121019,No
121020,Yes
121021,No
121022,No
121023,No
121024,No
121025,Yes
121026,Yes
121027,No
121028,Yes
121029,No
121030,Yes
121031,Yes
121032,No
121033,Yes
121034,No
121035,Yes
121036,No
121037,No
121038,Yes
121039,No
121040,No
121041,Yes
121042,No
121043,Yes
121044,Yes
121045,No
121046,No
121047,No
121048,No
121049,Yes
121050,No
121051,No
121052,Yes
121053,No
121054,Yes
121055,No
121056,Yes
121057,Yes
121058,Yes
121059,Yes
121060,No
121061,Yes
121062,Yes
121063,No
121064,No
121065,Yes
121066,No
121067,Yes
121068,No
121069,No
121070,No
121071,No
121072,No
121073,Yes
121074,No
121075,Yes
121076,No
121077,Yes
121078,Yes
121079,No
121080,Yes
121081,Yes
121082,No
121083,No
121084,Yes
121085,No
121086,No
121087,Yes
121088,No
121089,Yes
121090,Yes
121091,No
121092,Yes
121093,No
121094,Yes
121095,Yes
121096,Yes
121097,No
121098,Yes
121099,Yes
121100,No
121101,Yes
121102,No
121103,No
121104,No
121105,No
121106,No
121107,No
121108,No
121109,Yes
121110,No
121111,Yes
121112,No
121113,No
121114,No
121115,No
121116,No
121117,No
121118,No
121119,No
121120,Yes
121121,No
121122,No
121123,No
121124,Yes
121125,No
121126,No
121127,No
121128,Yes
121129,No
121130,Yes
121131,No
121132,Yes
121133,No
121134,No
121135,No
121136,No
121137,No
121138,No
121139,Yes
121140,No
121141,No
121142,Yes
121143,No
121144,No
121145,No
121146,No
121147,No
121148,Yes
121149,No
121150,No
121151,No
121152,Yes
121153,Yes
121154,No
121155,Yes
121156,No
121157,Yes
121158,Yes
121159,No
121160,No
121161,No
121162,Yes
121163,No
121164,No
121165,No
121166,Yes
121167,Yes
121168,No
121169,No
121170,No
121171,No
121172,No
121173,Yes
121174,No
121175,No
121176,No
121177,Yes
121178,Yes
121179,Yes
121180,No
121181,No
121182,Yes
121183,No
121184,No
121185,No
121186,No
121187,Yes
121188,Yes
121189,No
121190,Yes
121191,Yes
121192,No
121193,Yes
121194,No
121195,No
121196,No
121197,Yes
121198,No
121199,No
121200,No
121201,No
121202,Yes
121203,No
121204,No
121205,Yes
121206,Yes
121207,No
121208,No
121209,No
121210,Yes
121211,No
121212,No
121213,Yes
121214,No
121215,No
121216,No
121217,No
121218,No
121219,Yes
121220,Yes
121221,No
121222,Yes
121223,No
121224,Yes
121225,No
121226,Yes
121227,No
121228,No
121229,Yes
121230,No
121231,Yes
121232,No
121233,No
121234,Yes
121235,No
121236,No
121237,No
121238,Yes
121239,No
121240,Yes
121241,No
121242,No
121243,No
121244,Yes
121245,No
121246,Yes
121247,No
121248,No
121249,No
121250,Yes
121251,No
121252,No
121253,Yes
121254,No
121255,No
121256,Yes
121257,Yes
121258,Yes
121259,Yes
121260,No
121261,Yes
121262,Yes
121263,Yes
121264,Yes
121265,No
121266,Yes
121267,Yes
121268,No
121269,Yes
121270,Yes
121271,No
121272,Yes
121273,No
121274,No
121275,No
121276,No
121277,No
121278,No
121279,Yes
121280,Yes
121281,Yes
121282,No
121283,Yes
121284,Yes
121285,Yes
121286,No
121287,Yes
121288,Yes
121289,Yes
121290,Yes
121291,Yes
121292,No
121293,No
121294,No
121295,Yes
121296,Yes
121297,No
121298,No
121299,Yes
121300,Yes
121301,Yes
121302,No
121303,No
121304,No
121305,No
121306,No
121307,No
121308,Yes
121309,No
121310,Yes
121311,No
121312,No
121313,No
121314,No
121315,No
121316,No
121317,Yes
121318,No
121319,No
121320,No
121321,No
121322,No
121323,No
121324,Yes
121325,No
121326,Yes
121327,No
121328,No
121329,Yes
121330,No
121331,Yes
121332,Yes
121333,No
121334,Yes
121335,Yes
121336,Yes
121337,No
121338,Yes
121339,No
121340,Yes
121341,No
121342,No
121343,No
121344,Yes
121345,Yes
121346,Yes
121347,Yes
121348,Yes
121349,No
121350,Yes
121351,No
121352,No
121353,No
121354,Yes
121355,Yes
121356,Yes
121357,No
121358,No
121359,Yes
121360,No
121361,No
121362,Yes
121363,No
121364,Yes
121365,No
121366,Yes
121367,No
121368,Yes
121369,Yes
121370,Yes
121371,Yes
121372,Yes
121373,No
121374,Yes
121375,Yes
121376,Yes
121377,No
121378,Yes
121379,No
121380,No
121381,No
121382,Yes
121383,No
121384,No
121385,No
121386,No
121387,Yes
121388,No
121389,No
121390,No
121391,Yes
121392,No
121393,No
121394,No
121395,Yes
121396,No
121397,Yes
121398,Yes
121399,Yes
121400,No
121401,No
121402,No
121403,No
121404,No
121405,No
121406,Yes
121407,No
121408,No
121409,No
121410,Yes
121411,No
121412,Yes
121413,No
121414,No
121415,No
121416,No
121417,No
121418,No
121419,No
121420,No
121421,No
121422,No
121423,Yes
121424,No
121425,No
121426,No
121427,Yes
121428,No
121429,No
121430,No
121431,No
121432,No
121433,No
121434,Yes
121435,No
121436,Yes
121437,Yes
121438,No
121439,No
121440,No
121441,No
121442,No
121443,No
121444,No
121445,No
121446,Yes
121447,Yes
121448,No
121449,No
121450,No
121451,No
121452,Yes
121453,No
121454,Yes
121455,No
121456,Yes
121457,No
121458,Yes
121459,Yes
121460,No
121461,No
121462,No
121463,Yes
121464,No
121465,Yes
121466,Yes
121467,Yes
121468,No
121469,Yes
121470,Yes
121471,No
121472,Yes
121473,Yes
121474,No
121475,No
121476,No
121477,No
121478,Yes
121479,Yes
121480,No
121481,Yes
121482,No
121483,No
121484,No
121485,Yes
121486,Yes
121487,No
121488,No
121489,No
121490,No
121491,No
121492,Yes
121493,No
121494,Yes
121495,No
121496,No
121497,No
121498,Yes
121499,No
121500,No
121501,Yes
121502,Yes
121503,No
121504,No
121505,Yes
121506,No
121507,No
121508,Yes
121509,Yes
121510,Yes
121511,Yes
121512,No
121513,No
121514,No
121515,No
121516,Yes
121517,No
121518,Yes
121519,Yes
121520,No
121521,No
121522,Yes
121523,No
121524,No
121525,Yes
121526,No
121527,No
121528,No
121529,Yes
121530,No
121531,No
121532,Yes
121533,No
121534,Yes
121535,No
121536,No
121537,Yes
121538,No
121539,No
121540,No
121541,No
121542,Yes
121543,No
121544,No
121545,Yes
121546,No
121547,No
121548,No
121549,Yes
121550,No
121551,No
121552,Yes
121553,No
121554,No
121555,Yes
121556,No
121557,No
121558,No
121559,Yes
121560,No
121561,No
121562,Yes
121563,No
121564,Yes
121565,No
121566,Yes
121567,No
121568,Yes
121569,No
121570,No
121571,Yes
121572,No
121573,No
121574,Yes
121575,No
121576,No
121577,Yes
121578,No
121579,No
121580,No
121581,No
121582,Yes
121583,Yes
121584,No
121585,No
121586,No
121587,No
121588,No
121589,Yes
121590,No
121591,No
121592,No
121593,No
121594,No
121595,No
121596,Yes
121597,Yes
121598,No
121599,No
121600,No
121601,No
121602,No
121603,No
121604,No
121605,No
121606,No
121607,No
121608,No
121609,No
121610,No
121611,Yes
121612,No
121613,Yes
121614,No
121615,Yes
121616,No
121617,No
121618,No
121619,Yes
121620,No
121621,Yes
121622,Yes
121623,No
121624,Yes
121625,No
121626,Yes
121627,No
121628,No
121629,No
121630,No
121631,No
121632,No
121633,No
121634,No
121635,Yes
121636,No
121637,No
121638,Yes
121639,No
121640,No
121641,No
121642,No
121643,No
121644,Yes
121645,No
121646,Yes
121647,No
121648,Yes
121649,No
121650,No
121651,No
121652,No
121653,Yes
121654,No
121655,No
121656,Yes
121657,Yes
121658,No
121659,No
121660,Yes
121661,Yes
121662,No
121663,Yes
121664,Yes
121665,No
121666,No
121667,No
121668,No
121669,No
121670,Yes
121671,No
121672,No
121673,Yes
121674,No
121675,No
121676,No
121677,No
121678,No
121679,Yes
121680,Yes
121681,No
121682,No
121683,No
121684,Yes
121685,No
121686,No
121687,No
121688,No
121689,No
121690,No
121691,Yes
121692,Yes
121693,Yes
121694,Yes
121695,Yes
121696,No
121697,No
121698,No
121699,Yes
121700,Yes
121701,No
121702,No
121703,No
121704,No
121705,Yes
121706,Yes
121707,Yes
121708,No
121709,No
121710,Yes
121711,No
121712,No
121713,Yes
121714,No
121715,No
121716,No
121717,Yes
121718,No
121719,No
121720,No
121721,No
121722,No
121723,No
121724,No
121725,Yes
121726,Yes
121727,Yes
121728,Yes
121729,No
121730,No
121731,Yes
121732,No
121733,No
121734,No
121735,Yes
121736,Yes
121737,No
121738,Yes
121739,No
121740,Yes
121741,Yes
121742,Yes
121743,No
121744,Yes
121745,No
121746,No
121747,Yes
121748,No
121749,No
121750,No
121751,No
121752,No
121753,No
121754,No
121755,No
121756,Yes
121757,No
121758,No
121759,No
121760,No
121761,No
121762,Yes
121763,No
121764,No
121765,Yes
121766,Yes
121767,No
121768,Yes
121769,Yes
121770,Yes
121771,No
121772,Yes
121773,Yes
121774,Yes
121775,Yes
121776,Yes
121777,Yes
121778,No
121779,No
121780,Yes
121781,Yes
121782,No
121783,No
121784,Yes
121785,No
121786,No
121787,Yes
121788,No
121789,No
121790,Yes
121791,Yes
121792,No
121793,Yes
121794,No
121795,Yes
121796,No
121797,No
121798,Yes
121799,No
121800,Yes
121801,No
121802,No
121803,No
121804,Yes
121805,Yes
121806,No
121807,Yes
121808,No
121809,Yes
121810,Yes
121811,No
121812,Yes
121813,Yes
121814,Yes
121815,No
121816,No
121817,No
121818,No
121819,No
121820,No
121821,Yes
121822,No
121823,Yes
121824,No
121825,No
121826,Yes
121827,No
121828,No
121829,No
121830,Yes
121831,Yes
121832,No
121833,Yes
121834,No
121835,Yes
121836,No
121837,No
121838,No
121839,No
121840,Yes
121841,Yes
121842,No
121843,Yes
121844,Yes
121845,Yes
121846,Yes
121847,No
121848,No
121849,Yes
121850,No
121851,Yes
121852,No
121853,Yes
121854,Yes
121855,No
121856,No
121857,Yes
121858,No
121859,Yes
121860,Yes
121861,No
121862,No
121863,No
121864,No
121865,Yes
121866,No
121867,No
121868,No
121869,Yes
121870,No
121871,Yes
121872,No
121873,Yes
121874,Yes
121875,Yes
121876,No
121877,No
121878,No
121879,No
121880,Yes
121881,Yes
121882,No
121883,No
121884,Yes
121885,No
121886,No
121887,Yes
121888,No
121889,Yes
121890,No
121891,Yes
121892,No
121893,No
121894,No
121895,No
121896,Yes
121897,No
121898,Yes
121899,Yes
121900,Yes
121901,Yes
121902,Yes
121903,No
121904,Yes
121905,No
121906,Yes
121907,No
121908,No
121909,No
121910,No
121911,Yes
121912,No
121913,Yes
121914,No
121915,Yes
121916,No
121917,No
121918,Yes
121919,No
121920,Yes
121921,Yes
121922,No
121923,Yes
121924,No
121925,Yes
121926,No
121927,Yes
121928,No
121929,Yes
121930,Yes
121931,No
121932,Yes
121933,Yes
121934,No
121935,No
121936,No
121937,No
121938,No
121939,No
121940,No
121941,No
121942,Yes
121943,No
121944,Yes
121945,Yes
121946,No
121947,No
121948,No
121949,Yes
121950,Yes
121951,Yes
121952,No
121953,Yes
121954,No
121955,No
121956,No
121957,Yes
121958,No
121959,Yes
121960,Yes
121961,No
121962,No
121963,Yes
121964,No
121965,Yes
121966,Yes
121967,Yes
121968,No
121969,Yes
121970,Yes
121971,No
121972,Yes
121973,Yes
121974,Yes
121975,No
121976,Yes
121977,Yes
121978,No
121979,No
121980,No
121981,No
121982,No
121983,Yes
121984,Yes
121985,No
121986,No
121987,No
121988,No
121989,No
121990,No
121991,No
121992,No
121993,No
121994,Yes
121995,No
121996,No
121997,No
121998,No
121999,No
122000,No
122001,Yes
122002,Yes
122003,Yes
122004,No
122005,Yes
122006,No
122007,No
122008,Yes
122009,Yes
122010,No
122011,No
122012,Yes
122013,Yes
122014,No
122015,No
122016,No
122017,Yes
122018,No
122019,No
122020,Yes
122021,No
122022,Yes
122023,Yes
122024,Yes
122025,Yes
122026,Yes
122027,Yes
122028,Yes
122029,No
122030,No
122031,No
122032,No
122033,No
122034,No
122035,No
122036,No
122037,Yes
122038,No
122039,No
122040,No
122041,Yes
122042,No
122043,No
122044,No
122045,No
122046,Yes
122047,No
122048,No
122049,No
122050,No
122051,No
122052,Yes
122053,No
122054,No
122055,Yes
122056,Yes
122057,No
122058,Yes
122059,Yes
122060,Yes
122061,No
122062,Yes
122063,Yes
122064,Yes
122065,No
122066,Yes
122067,No
122068,No
122069,Yes
122070,Yes
122071,Yes
122072,Yes
122073,No
122074,No
122075,Yes
122076,Yes
122077,No
122078,No
122079,Yes
122080,Yes
122081,Yes
122082,No
122083,Yes
122084,No
122085,No
122086,Yes
122087,No
122088,No
122089,No
122090,No
122091,Yes
122092,No
122093,No
122094,Yes
122095,Yes
122096,Yes
122097,Yes
122098,No
122099,Yes
122100,No
122101,No
122102,No
122103,No
122104,Yes
122105,Yes
122106,No
122107,No
122108,No
122109,No
122110,No
122111,No
122112,No
122113,No
122114,No
122115,Yes
122116,No
122117,No
122118,No
122119,No
122120,Yes
122121,Yes
122122,Yes
122123,Yes
122124,No
122125,Yes
122126,No
122127,No
122128,Yes
122129,Yes
122130,No
122131,No
122132,No
122133,Yes
122134,No
122135,No
122136,No
122137,No
122138,No
122139,Yes
122140,Yes
122141,No
122142,No
122143,No
122144,No
122145,No
122146,No
122147,Yes
122148,No
122149,No
122150,Yes
122151,No
122152,Yes
122153,No
122154,Yes
122155,No
122156,Yes
122157,No
122158,No
122159,No
122160,No
122161,Yes
122162,No
122163,Yes
122164,Yes
122165,No
122166,No
122167,No
122168,Yes
122169,No
122170,No
122171,Yes
122172,No
122173,Yes
122174,No
122175,No
122176,Yes
122177,No
122178,Yes
122179,No
122180,No
122181,No
122182,No
122183,No
122184,No
122185,Yes
122186,No
122187,No
122188,No
122189,Yes
122190,Yes
122191,No
122192,No
122193,No
122194,No
122195,Yes
122196,Yes
122197,No
122198,No
122199,No
122200,Yes
122201,No
122202,No
122203,No
122204,No
122205,Yes
122206,No
122207,No
122208,No
122209,Yes
122210,No
122211,No
122212,No
122213,No
122214,No
122215,No
122216,Yes
122217,No
122218,Yes
122219,No
122220,No
122221,Yes
122222,Yes
122223,No
122224,No
122225,No
122226,Yes
122227,No
122228,No
122229,No
122230,No
122231,No
122232,No
122233,Yes
122234,No
122235,No
122236,Yes
122237,No
122238,Yes
122239,Yes
122240,No
122241,No
122242,Yes
122243,No
122244,Yes
122245,No
122246,No
122247,No
122248,No
122249,No
122250,No
122251,No
122252,No
122253,No
122254,No
122255,No
122256,Yes
122257,No
122258,No
122259,Yes
122260,No
122261,No
122262,No
122263,Yes
122264,No
122265,Yes
122266,No
122267,No
122268,No
122269,No
122270,No
122271,No
122272,No
122273,No
122274,No
122275,Yes
122276,Yes
122277,Yes
122278,No
122279,Yes
122280,No
122281,No
122282,Yes
122283,Yes
122284,Yes
122285,Yes
122286,No
122287,No
122288,No
122289,Yes
122290,No
122291,No
122292,Yes
122293,Yes
122294,No
122295,No
122296,Yes
122297,No
122298,No
122299,No
122300,No
122301,Yes
122302,No
122303,No
122304,No
122305,No
122306,Yes
122307,No
122308,No
122309,No
122310,No
122311,No
122312,Yes
122313,Yes
122314,Yes
122315,No
122316,Yes
122317,Yes
122318,Yes
122319,Yes
122320,Yes
122321,No
122322,No
122323,No
122324,No
122325,No
122326,Yes
122327,No
122328,No
122329,No
122330,Yes
122331,No
122332,No
122333,No
122334,No
122335,Yes
122336,No
122337,No
122338,Yes
122339,No
122340,No
122341,No
122342,No
122343,No
122344,No
122345,Yes
122346,No
122347,Yes
122348,Yes
122349,Yes
122350,Yes
122351,No
122352,No
122353,No
122354,No
122355,No
122356,Yes
122357,Yes
122358,No
122359,Yes
122360,Yes
122361,No
122362,No
122363,Yes
122364,No
122365,No
122366,No
122367,No
122368,No
122369,No
122370,No
122371,No
122372,No
122373,Yes
122374,No
122375,Yes
122376,No
122377,No
122378,No
122379,Yes
122380,Yes
122381,No
122382,Yes
122383,No
122384,No
122385,No
122386,No
122387,Yes
122388,No
122389,No
122390,Yes
122391,Yes
122392,Yes
122393,No
122394,No
122395,Yes
122396,No
122397,Yes
122398,No
122399,Yes
122400,Yes
122401,No
122402,No
122403,No
122404,No
122405,No
122406,No
122407,No
122408,No
122409,No
122410,No
122411,No
122412,Yes
122413,No
122414,No
122415,Yes
122416,Yes
122417,No
122418,Yes
122419,No
122420,Yes
122421,No
122422,Yes
122423,No
122424,No
122425,Yes
122426,Yes
122427,Yes
122428,Yes
122429,No
122430,Yes
122431,Yes
122432,Yes
122433,Yes
122434,No
122435,No
122436,Yes
122437,Yes
122438,Yes
122439,No
122440,No
122441,No
122442,No
122443,No
122444,No
122445,No
122446,Yes
122447,No
122448,No
122449,No
122450,No
122451,No
122452,Yes
122453,No
122454,No
122455,No
122456,No
122457,No
122458,No
122459,No
122460,No
122461,Yes
122462,Yes
122463,No
122464,No
122465,No
122466,No
122467,No
122468,No
122469,No
122470,Yes
122471,No
122472,Yes
122473,No
122474,No
122475,No
122476,No
122477,Yes
122478,No
122479,No
122480,No
122481,Yes
122482,No
122483,Yes
122484,No
122485,No
122486,Yes
122487,No
122488,Yes
122489,Yes
122490,No
122491,No
122492,No
122493,No
122494,No
122495,Yes
122496,Yes
122497,No
122498,No
122499,Yes
122500,Yes
122501,Yes
122502,Yes
122503,Yes
122504,No
122505,Yes
122506,No
122507,No
122508,No
122509,No
122510,No
122511,Yes
122512,Yes
122513,No
122514,No
122515,No
122516,Yes
122517,No
122518,No
122519,Yes
122520,No
122521,No
122522,No
122523,Yes
122524,No
122525,No
122526,Yes
122527,No
122528,No
122529,No
122530,No
122531,No
122532,No
122533,No
122534,Yes
122535,No
122536,Yes
122537,No
122538,No
122539,Yes
122540,Yes
122541,No
122542,No
122543,No
122544,No
122545,Yes
122546,No
122547,No
122548,No
122549,No
122550,Yes
122551,Yes
122552,No
122553,Yes
122554,Yes
122555,No
122556,Yes
122557,Yes
122558,No
122559,No
122560,No
122561,Yes
122562,No
122563,No
122564,No
122565,No
122566,Yes
122567,No
122568,No
122569,Yes
122570,Yes
122571,No
122572,Yes
122573,Yes
122574,No
122575,Yes
122576,No
122577,No
122578,Yes
122579,Yes
122580,Yes
122581,No
122582,No
122583,No
122584,No
122585,No
122586,No
122587,Yes
122588,No
122589,No
122590,Yes
122591,No
122592,No
122593,Yes
122594,No
122595,No
122596,Yes
122597,No
122598,Yes
122599,No
122600,Yes
122601,No
122602,Yes
122603,Yes
122604,Yes
122605,Yes
122606,No
122607,No
122608,Yes
122609,Yes
122610,Yes
122611,No
122612,No
122613,No
122614,No
122615,No
122616,Yes
122617,No
122618,Yes
122619,Yes
122620,No
122621,No
122622,No
122623,No
122624,No
122625,Yes
122626,No
122627,No
122628,No
122629,No
122630,No
122631,Yes
122632,No
122633,Yes
122634,No
122635,Yes
122636,No
122637,No
122638,Yes
122639,No
122640,No
122641,No
122642,Yes
122643,Yes
122644,No
122645,No
122646,No
122647,No
122648,No
122649,No
122650,No
122651,Yes
122652,No
122653,Yes
122654,No
122655,Yes
122656,No
122657,No
122658,No
122659,Yes
122660,No
122661,No
122662,No
122663,No
122664,No
122665,No
122666,Yes
122667,No
122668,No
122669,Yes
122670,Yes
122671,Yes
122672,No
122673,No
122674,No
122675,No
122676,No
122677,Yes
122678,No
122679,No
122680,No
122681,No
122682,Yes
122683,No
122684,No
122685,Yes
122686,No
122687,No
122688,No
122689,Yes
122690,No
122691,No
122692,No
122693,No
122694,No
122695,Yes
122696,No
122697,No
122698,Yes
122699,No
122700,No
122701,No
122702,Yes
122703,No
122704,No
122705,Yes
122706,No
122707,Yes
122708,No
122709,Yes
122710,No
122711,No
122712,No
122713,Yes
122714,Yes
122715,Yes
122716,Yes
122717,No
122718,No
122719,No
122720,No
122721,No
122722,Yes
122723,No
122724,No
122725,No
122726,No
122727,Yes
122728,Yes
122729,No
122730,No
122731,No
122732,No
122733,Yes
122734,No
122735,No
122736,Yes
122737,Yes
122738,No
122739,Yes
122740,No
122741,Yes
122742,No
122743,No
122744,Yes
122745,No
122746,No
122747,No
122748,No
122749,No
122750,No
122751,No
122752,No
122753,Yes
122754,No
122755,Yes
122756,Yes
122757,Yes
122758,No
122759,No
122760,No
122761,Yes
122762,No
122763,Yes
122764,Yes
122765,No
122766,Yes
122767,Yes
122768,No
122769,No
122770,No
122771,No
122772,No
122773,No
122774,No
122775,No
122776,Yes
122777,Yes
122778,Yes
122779,No
122780,No
122781,No
122782,No
122783,No
122784,Yes
122785,Yes
122786,Yes
122787,No
122788,No
122789,Yes
122790,No
122791,No
122792,No
122793,No
122794,No
122795,No
122796,No
122797,No
122798,No
122799,Yes
122800,No
122801,No
122802,Yes
122803,No
122804,No
122805,No
122806,No
122807,No
122808,Yes
122809,No
122810,Yes
122811,No
122812,No
122813,No
122814,No
122815,Yes
122816,Yes
122817,No
122818,No
122819,Yes
122820,Yes
122821,No
122822,Yes
122823,Yes
122824,Yes
122825,No
122826,Yes
122827,No
122828,Yes
122829,No
122830,Yes
122831,Yes
122832,Yes
122833,No
122834,No
122835,No
122836,Yes
122837,No
122838,Yes
122839,No
122840,No
122841,No
122842,No
122843,Yes
122844,No
122845,Yes
122846,No
122847,No
122848,No
122849,Yes
122850,Yes
122851,No
122852,No
122853,No
122854,Yes
122855,No
122856,No
122857,No
122858,Yes
122859,No
122860,Yes
122861,No
122862,No
122863,Yes
122864,No
122865,No
122866,No
122867,Yes
122868,No
122869,No
122870,No
122871,No
122872,No
122873,Yes
122874,No
122875,Yes
122876,No
122877,No
122878,Yes
122879,No
122880,No
122881,No
122882,No
122883,No
122884,Yes
122885,No
122886,No
122887,Yes
122888,No
122889,No
122890,No
122891,Yes
122892,No
122893,No
122894,Yes
122895,Yes
122896,No
122897,No
122898,No
122899,Yes
122900,No
122901,No
122902,Yes
122903,No
122904,No
122905,Yes
122906,No
122907,Yes
122908,No
122909,Yes
122910,No
122911,No
122912,No
122913,No
122914,No
122915,Yes
122916,Yes
122917,No
122918,No
122919,No
122920,No
122921,Yes
122922,No
122923,No
122924,No
122925,Yes
122926,No
122927,Yes
122928,Yes
122929,No
122930,No
122931,No
122932,Yes
122933,No
122934,Yes
122935,No
122936,No
122937,No
122938,No
122939,Yes
122940,Yes
122941,No
122942,Yes
122943,Yes
122944,No
122945,No
122946,No
122947,No
122948,No
122949,Yes
122950,No
122951,No
122952,No
122953,Yes
122954,No
122955,No
122956,Yes
122957,No
122958,No
122959,No
122960,No
122961,No
122962,Yes
122963,No
122964,No
122965,Yes
122966,Yes
122967,Yes
122968,No
122969,No
122970,Yes
122971,Yes
122972,Yes
122973,No
122974,No
122975,Yes
122976,Yes
122977,Yes
122978,No
122979,No
122980,No
122981,No
122982,No
122983,No
122984,Yes
122985,Yes
122986,Yes
122987,Yes
122988,No
122989,Yes
122990,Yes
122991,No
122992,Yes
122993,Yes
122994,No
122995,Yes
122996,Yes
122997,No
122998,No
122999,No
123000,Yes
123001,Yes
123002,No
123003,Yes
123004,No
123005,No
123006,No
123007,No
123008,Yes
123009,No
123010,Yes
123011,No
123012,No
123013,No
123014,Yes
123015,Yes
123016,No
123017,No
123018,No
123019,No
123020,No
123021,No
123022,No
123023,Yes
123024,Yes
123025,No
123026,No
123027,No
123028,No
123029,Yes
123030,No
123031,Yes
123032,No
123033,Yes
123034,Yes
123035,No
123036,No
123037,No
123038,Yes
123039,No
123040,No
123041,No
123042,No
123043,No
123044,Yes
123045,No
123046,No
123047,No
123048,No
123049,Yes
123050,No
123051,No
123052,No
123053,No
123054,Yes
123055,No
123056,Yes
123057,Yes
123058,No
123059,No
123060,Yes
123061,No
123062,Yes
123063,Yes
123064,No
123065,Yes
123066,No
123067,No
123068,No
123069,Yes
123070,Yes
123071,No
123072,No
123073,Yes
123074,Yes
123075,No
123076,No
123077,Yes
123078,Yes
123079,No
123080,Yes
123081,Yes
123082,Yes
123083,No
123084,No
123085,No
123086,Yes
123087,No
123088,Yes
123089,Yes
123090,No
123091,Yes
123092,No
123093,No
123094,No
123095,Yes
123096,No
123097,Yes
123098,No
123099,No
123100,No
123101,No
123102,No
123103,No
123104,Yes
123105,No
123106,Yes
123107,No
123108,Yes
123109,Yes
123110,No
123111,Yes
123112,No
123113,No
123114,Yes
123115,No
123116,Yes
123117,No
123118,No
123119,No
123120,No
123121,Yes
123122,No
123123,No
123124,Yes
123125,No
123126,No
123127,Yes
123128,No
123129,No
123130,Yes
123131,Yes
123132,Yes
123133,Yes
123134,No
123135,Yes
123136,No
123137,No
123138,No
123139,No
123140,No
123141,Yes
123142,No
123143,No
123144,Yes
123145,No
123146,Yes
123147,No
123148,No
123149,No
123150,No
123151,No
123152,No
123153,Yes
123154,Yes
123155,No
123156,No
123157,No
123158,No
123159,No
123160,Yes
123161,No
123162,Yes
123163,No
123164,Yes
123165,Yes
123166,Yes
123167,Yes
123168,No
123169,Yes
123170,Yes
123171,Yes
123172,No
123173,No
123174,Yes
123175,Yes
123176,Yes
123177,Yes
123178,Yes
123179,Yes
123180,No
123181,Yes
123182,No
123183,No
123184,Yes
123185,Yes
123186,No
123187,No
123188,No
123189,Yes
123190,Yes
123191,No
123192,No
123193,Yes
123194,No
123195,Yes
123196,No
123197,Yes
123198,Yes
123199,Yes
123200,No
123201,No
123202,Yes
123203,Yes
123204,Yes
123205,No
123206,Yes
123207,No
123208,Yes
123209,Yes
123210,Yes
123211,Yes
123212,Yes
123213,Yes
123214,Yes
123215,No
123216,Yes
123217,Yes
123218,No
123219,Yes
123220,No
123221,No
123222,Yes
123223,No
123224,Yes
123225,No
123226,No
123227,No
123228,Yes
123229,No
123230,No
123231,No
123232,Yes
123233,No
123234,No
123235,No
123236,No
123237,No
123238,No
123239,No
123240,Yes
123241,No
123242,No
123243,No
123244,No
123245,No
123246,Yes
123247,No
123248,Yes
123249,No
123250,Yes
123251,Yes
123252,Yes
123253,Yes
123254,No
123255,No
123256,Yes
123257,No
123258,Yes
123259,No
123260,No
123261,No
123262,Yes
123263,Yes
123264,Yes
123265,Yes
123266,No
123267,Yes
123268,No
123269,Yes
123270,Yes
123271,Yes
123272,Yes
123273,Yes
123274,No
123275,No
123276,No
123277,Yes
123278,No
123279,No
123280,No
123281,No
123282,Yes
123283,No
123284,No
123285,No
123286,Yes
123287,Yes
123288,No
123289,No
123290,No
123291,Yes
123292,Yes
123293,Yes
123294,No
123295,No
123296,No
123297,No
123298,Yes
123299,No
123300,No
123301,No
123302,Yes
123303,Yes
123304,No
123305,No
123306,No
123307,No
123308,No
123309,Yes
123310,Yes
123311,No
123312,Yes
123313,Yes
123314,No
123315,Yes
123316,No
123317,Yes
123318,No
123319,Yes
123320,Yes
123321,Yes
123322,No
123323,Yes
123324,No
123325,No
123326,No
123327,No
123328,Yes
123329,No
123330,No
123331,No
123332,Yes
123333,No
123334,No
123335,No
123336,No
123337,No
123338,No
123339,No
123340,No
123341,No
123342,Yes
123343,No
123344,Yes
123345,Yes
123346,No
123347,Yes
123348,Yes
123349,No
123350,No
123351,Yes
123352,Yes
123353,Yes
123354,Yes
123355,No
123356,No
123357,Yes
123358,No
123359,No
123360,Yes
123361,No
123362,Yes
123363,No
123364,No
123365,No
123366,No
123367,No
123368,Yes
123369,No
123370,Yes
123371,No
123372,Yes
123373,No
123374,Yes
123375,Yes
123376,No
123377,Yes
123378,No
123379,Yes
123380,No
123381,No
123382,No
123383,No
123384,No
123385,Yes
123386,No
123387,Yes
123388,Yes
123389,No
123390,Yes
123391,No
123392,Yes
123393,No
123394,No
123395,No
123396,No
123397,Yes
123398,Yes
123399,No
123400,Yes
123401,Yes
123402,Yes
123403,No
123404,Yes
123405,No
123406,Yes
123407,Yes
123408,No
123409,No
123410,No
123411,No
123412,Yes
123413,Yes
123414,No
123415,No
123416,No
123417,No
123418,Yes
123419,No
123420,Yes
123421,No
123422,Yes
123423,No
123424,No
123425,Yes
123426,No
123427,Yes
123428,No
123429,No
123430,No
123431,No
123432,No
123433,Yes
123434,No
123435,No
123436,No
123437,No
123438,Yes
123439,No
123440,No
123441,No
123442,Yes
123443,No
123444,No
123445,Yes
123446,No
123447,No
123448,No
123449,Yes
123450,No
123451,Yes
123452,No
123453,Yes
123454,Yes
123455,No
123456,No
123457,No
123458,Yes
123459,No
123460,No
123461,Yes
123462,No
123463,No
123464,No
123465,Yes
123466,No
123467,Yes
123468,Yes
123469,No
123470,No
123471,Yes
123472,No
123473,Yes
123474,No
123475,No
123476,Yes
123477,Yes
123478,Yes
123479,No
123480,No
123481,Yes
123482,Yes
123483,No
123484,No
123485,No
123486,Yes
123487,No
123488,Yes
123489,No
123490,Yes
123491,No
123492,Yes
123493,No
123494,No
123495,Yes
123496,No
123497,No
123498,No
123499,No
123500,No
123501,Yes
123502,Yes
123503,Yes
123504,Yes
123505,No
123506,No
123507,Yes
123508,No
123509,No
123510,No
123511,No
123512,No
123513,No
123514,No
123515,Yes
123516,No
123517,No
123518,Yes
123519,Yes
123520,Yes
123521,No
123522,No
123523,Yes
123524,No
123525,Yes
123526,No
123527,No
123528,Yes
123529,Yes
123530,No
123531,Yes
123532,No
123533,Yes
123534,Yes
123535,No
123536,Yes
123537,No
123538,No
123539,No
123540,No
123541,No
123542,No
123543,Yes
123544,No
123545,Yes
123546,No
123547,No
123548,No
123549,Yes
123550,No
123551,No
123552,No
123553,No
123554,No
123555,Yes
123556,No
123557,No
123558,No
123559,Yes
123560,No
123561,No
123562,Yes
123563,Yes
123564,Yes
123565,No
123566,No
123567,Yes
123568,Yes
123569,No
123570,Yes
123571,No
123572,Yes
123573,No
123574,No
123575,No
123576,No
123577,No
123578,Yes
123579,No
123580,Yes
123581,No
123582,No
123583,No
123584,No
123585,Yes
123586,Yes
123587,Yes
123588,No
123589,No
123590,Yes
123591,No
123592,Yes
123593,No
123594,No
123595,Yes
123596,Yes
123597,No
123598,Yes
123599,No
123600,No
123601,No
123602,Yes
123603,No
123604,Yes
123605,No
123606,No
123607,No
123608,No
123609,Yes
123610,No
123611,Yes
123612,No
123613,Yes
123614,No
123615,No
123616,No
123617,Yes
123618,No
123619,No
123620,No
123621,No
123622,No
123623,Yes
123624,No
123625,Yes
123626,Yes
123627,Yes
123628,No
123629,No
123630,No
123631,No
123632,Yes
123633,Yes
123634,No
123635,Yes
123636,No
123637,Yes
123638,No
123639,Yes
123640,No
123641,Yes
123642,Yes
123643,No
123644,No
123645,No
123646,No
123647,No
123648,No
123649,No
123650,No
123651,No
123652,No
123653,No
123654,No
123655,No
123656,No
123657,Yes
123658,No
123659,Yes
123660,No
123661,No
123662,Yes
123663,Yes
123664,Yes
123665,No
123666,No
123667,No
123668,No
123669,No
123670,No
123671,No
123672,Yes
123673,Yes
123674,Yes
123675,Yes
123676,Yes
123677,Yes
123678,No
123679,No
123680,Yes
123681,Yes
123682,No
123683,No
123684,Yes
123685,Yes
123686,Yes
123687,No
123688,No
123689,No
123690,No
123691,No
123692,Yes
123693,No
123694,No
123695,No
123696,No
123697,No
123698,No
123699,No
123700,No
123701,Yes
123702,Yes
123703,No
123704,No
123705,Yes
123706,No
123707,Yes
123708,No
123709,No
123710,Yes
123711,No
123712,No
123713,Yes
123714,Yes
123715,No
123716,Yes
123717,No
123718,No
123719,Yes
123720,Yes
123721,Yes
123722,Yes
123723,Yes
123724,Yes
123725,Yes
123726,Yes
123727,Yes
123728,Yes
123729,No
123730,Yes
123731,No
123732,No
123733,Yes
123734,No
123735,No
123736,No
123737,No
123738,No
123739,No
123740,Yes
123741,No
123742,Yes
123743,Yes
123744,Yes
123745,No
123746,No
123747,Yes
123748,No
123749,Yes
123750,Yes
123751,Yes
123752,No
123753,No
123754,No
123755,Yes
123756,No
123757,No
123758,No
123759,No
123760,Yes
123761,No
123762,Yes
123763,No
123764,Yes
123765,No
123766,No
123767,No
123768,Yes
123769,Yes
123770,Yes
123771,No
123772,Yes
123773,Yes
123774,No
123775,No
123776,Yes
123777,Yes
123778,Yes
123779,Yes
123780,Yes
123781,No
123782,Yes
123783,Yes
123784,No
123785,No
123786,No
123787,No
123788,No
123789,Yes
123790,No
123791,Yes
123792,No
123793,No
123794,Yes
123795,Yes
123796,Yes
123797,No
123798,Yes
123799,Yes
123800,No
123801,Yes
123802,Yes
123803,No
123804,Yes
123805,Yes
123806,No
123807,No
123808,No
123809,No
123810,Yes
123811,Yes
123812,No
123813,No
123814,No
123815,No
123816,No
123817,Yes
123818,No
123819,No
123820,No
123821,Yes
123822,No
123823,Yes
123824,Yes
123825,Yes
123826,No
123827,Yes
123828,No
123829,Yes
123830,No
123831,Yes
123832,No
123833,Yes
123834,No
123835,No
123836,Yes
123837,No
123838,No
123839,Yes
123840,No
123841,Yes
123842,No
123843,Yes
123844,Yes
123845,Yes
123846,No
123847,Yes
123848,No
123849,No
123850,No
123851,Yes
123852,No
123853,Yes
123854,No
123855,Yes
123856,Yes
123857,Yes
123858,Yes
123859,No
123860,No
123861,No
123862,Yes
123863,Yes
123864,Yes
123865,No
123866,Yes
123867,No
123868,No
123869,Yes
123870,No
123871,Yes
123872,Yes
123873,Yes
123874,Yes
123875,Yes
123876,Yes
123877,No
123878,Yes
123879,No
123880,No
123881,No
123882,Yes
123883,Yes
123884,Yes
123885,No
123886,No
123887,Yes
123888,No
123889,No
123890,No
123891,Yes
123892,No
123893,No
123894,Yes
123895,Yes
123896,No
123897,No
123898,Yes
123899,No
123900,Yes
123901,No
123902,Yes
123903,No
123904,Yes
123905,No
123906,Yes
123907,Yes
123908,Yes
123909,No
123910,Yes
123911,No
123912,Yes
123913,No
123914,No
123915,No
123916,No
123917,No
123918,Yes
123919,No
123920,Yes
123921,No
123922,Yes
123923,Yes
123924,No
123925,Yes
123926,No
123927,No
123928,Yes
123929,Yes
123930,Yes
123931,No
123932,Yes
123933,No
123934,No
123935,Yes
123936,Yes
123937,No
123938,Yes
123939,No
123940,Yes
123941,Yes
123942,No
123943,No
123944,Yes
123945,No
123946,No
123947,No
123948,No
123949,Yes
123950,No
123951,No
123952,Yes
123953,No
123954,Yes
123955,Yes
123956,Yes
123957,No
123958,Yes
123959,No
123960,No
123961,No
123962,Yes
123963,Yes
123964,Yes
123965,No
123966,Yes
123967,Yes
123968,Yes
123969,Yes
123970,No
123971,Yes
123972,No
123973,No
123974,No
123975,No
123976,No
123977,No
123978,Yes
123979,No
123980,No
123981,No
123982,No
123983,No
123984,No
123985,No
123986,No
123987,No
123988,Yes
123989,Yes
123990,Yes
123991,No
123992,Yes
123993,No
123994,No
123995,No
123996,Yes
123997,No
123998,Yes
123999,No
124000,Yes
124001,No
124002,Yes
124003,No
124004,No
124005,No
124006,No
124007,No
124008,No
124009,No
124010,No
124011,Yes
124012,Yes
124013,No
124014,No
124015,No
124016,No
124017,Yes
124018,No
124019,No
124020,Yes
124021,Yes
124022,No
124023,No
124024,No
124025,Yes
124026,Yes
124027,No
124028,No
124029,No
124030,No
124031,Yes
124032,No
124033,No
124034,No
124035,No
124036,No
124037,Yes
124038,No
124039,Yes
124040,No
124041,No
124042,No
124043,No
124044,No
124045,No
124046,Yes
124047,Yes
124048,No
124049,Yes
124050,No
124051,No
124052,Yes
124053,No
124054,Yes
124055,Yes
124056,Yes
124057,Yes
124058,No
124059,No
124060,No
124061,No
124062,No
124063,No
124064,Yes
124065,No
124066,No
124067,No
124068,No
124069,Yes
124070,No
124071,No
124072,Yes
124073,No
124074,Yes
124075,No
124076,No
124077,Yes
124078,Yes
124079,Yes
124080,No
124081,No
124082,Yes
124083,No
124084,No
124085,No
124086,No
124087,Yes
124088,Yes
124089,No
124090,Yes
124091,Yes
124092,No
124093,No
124094,No
124095,No
124096,No
124097,Yes
124098,No
124099,Yes
124100,No
124101,No
124102,Yes
124103,No
124104,No
124105,Yes
124106,No
124107,No
124108,No
124109,No
124110,Yes
124111,No
124112,No
124113,Yes
124114,Yes
124115,Yes
124116,No
124117,Yes
124118,Yes
124119,Yes
124120,No
124121,Yes
124122,No
124123,No
124124,No
124125,No
124126,No
124127,No
124128,Yes
124129,No
124130,No
124131,Yes
124132,No
124133,No
124134,No
124135,Yes
124136,Yes
124137,No
124138,No
124139,No
124140,No
124141,No
124142,No
124143,No
124144,No
124145,No
124146,No
124147,No
124148,No
124149,No
124150,No
124151,Yes
124152,No
124153,No
124154,Yes
124155,No
124156,No
124157,No
124158,No
124159,Yes
124160,No
124161,Yes
124162,Yes
124163,No
124164,No
124165,No
124166,Yes
124167,Yes
124168,No
124169,No
124170,No
124171,No
124172,Yes
124173,Yes
124174,No
124175,Yes
124176,Yes
124177,Yes
124178,Yes
124179,No
124180,No
124181,No
124182,No
124183,No
124184,No
124185,No
124186,Yes
124187,No
124188,No
124189,Yes
124190,No
124191,No
124192,No
124193,No
124194,No
124195,No
124196,No
124197,Yes
124198,No
124199,No
124200,No
124201,No
124202,No
124203,Yes
124204,Yes
124205,No
124206,Yes
124207,No
124208,No
124209,No
124210,Yes
124211,No
124212,No
124213,No
124214,Yes
124215,No
124216,No
124217,No
124218,No
124219,No
124220,No
124221,Yes
124222,Yes
124223,Yes
124224,Yes
124225,No
124226,No
124227,No
124228,Yes
124229,Yes
124230,No
124231,Yes
124232,No
124233,Yes
124234,No
124235,No
124236,No
124237,Yes
124238,Yes
124239,No
124240,No
124241,Yes
124242,Yes
124243,No
124244,No
124245,No
124246,Yes
124247,No
124248,No
124249,Yes
124250,No
124251,No
124252,No
124253,No
124254,No
124255,Yes
124256,Yes
124257,No
124258,Yes
124259,No
124260,No
124261,No
124262,No
124263,Yes
124264,Yes
124265,No
124266,No
124267,Yes
124268,No
124269,No
124270,Yes
124271,No
124272,No
124273,No
124274,Yes
124275,Yes
124276,No
124277,Yes
124278,Yes
124279,No
124280,Yes
124281,No
124282,No
124283,No
124284,No
124285,No
124286,No
124287,No
124288,No
124289,Yes
124290,No
124291,Yes
124292,Yes
124293,No
124294,Yes
124295,Yes
124296,Yes
124297,No
124298,No
124299,No
124300,Yes
124301,No
124302,Yes
124303,Yes
124304,No
124305,No
124306,No
124307,Yes
124308,Yes
124309,No
124310,No
124311,Yes
124312,Yes
124313,No
124314,No
124315,Yes
124316,Yes
124317,No
124318,No
124319,No
124320,Yes
124321,Yes
124322,No
124323,No
124324,No
124325,No
124326,Yes
124327,Yes
124328,No
124329,No
124330,No
124331,No
124332,Yes
124333,No
124334,No
124335,No
124336,Yes
124337,No
124338,Yes
124339,Yes
124340,No
124341,No
124342,Yes
124343,No
124344,No
124345,Yes
124346,No
124347,No
124348,Yes
124349,Yes
124350,No
124351,Yes
124352,No
124353,Yes
124354,No
124355,Yes
124356,Yes
124357,No
124358,No
124359,No
124360,No
124361,Yes
124362,No
124363,Yes
124364,No
124365,No
124366,No
124367,Yes
124368,No
124369,No
124370,Yes
124371,No
124372,No
124373,No
124374,No
124375,No
124376,No
124377,No
124378,Yes
124379,No
124380,No
124381,No
124382,No
124383,Yes
124384,Yes
124385,No
124386,Yes
124387,No
124388,Yes
124389,No
124390,No
124391,No
124392,Yes
124393,Yes
124394,No
124395,No
124396,No
124397,Yes
124398,Yes
124399,No
124400,No
124401,Yes
124402,No
124403,No
124404,Yes
124405,No
124406,Yes
124407,No
124408,No
124409,No
124410,No
124411,No
124412,Yes
124413,Yes
124414,No
124415,No
124416,No
124417,Yes
124418,Yes
124419,No
124420,No
124421,Yes
124422,Yes
124423,Yes
124424,Yes
124425,No
124426,No
124427,Yes
124428,Yes
124429,No
124430,Yes
124431,No
124432,No
124433,Yes
124434,Yes
124435,No
124436,No
124437,No
124438,Yes
124439,No
124440,No
124441,No
124442,No
124443,No
124444,No
124445,Yes
124446,No
124447,No
124448,Yes
124449,No
124450,No
124451,Yes
124452,No
124453,Yes
124454,No
124455,No
124456,No
124457,No
124458,No
124459,Yes
124460,No
124461,No
124462,No
124463,No
124464,Yes
124465,No
124466,No
124467,No
124468,Yes
124469,No
124470,No
124471,No
124472,Yes
124473,No
124474,No
124475,No
124476,No
124477,Yes
124478,Yes
124479,Yes
124480,No
124481,No
124482,No
124483,No
124484,Yes
124485,Yes
124486,No
124487,No
124488,No
124489,No
124490,Yes
124491,No
124492,No
124493,No
124494,Yes
124495,No
124496,Yes
124497,Yes
124498,Yes
124499,Yes
124500,No
124501,Yes
124502,No
124503,No
124504,No
124505,No
124506,Yes
124507,No
124508,No
124509,No
124510,Yes
124511,No
124512,No
124513,Yes
124514,No
124515,No
124516,Yes
124517,Yes
124518,Yes
124519,Yes
124520,No
124521,No
124522,Yes
124523,No
124524,No
124525,Yes
124526,Yes
124527,Yes
124528,No
124529,No
124530,No
124531,Yes
124532,No
124533,Yes
124534,No
124535,Yes
124536,No
124537,Yes
124538,Yes
124539,Yes
124540,Yes
124541,Yes
124542,No
124543,No
124544,No
124545,Yes
124546,No
124547,No
124548,No
124549,Yes
124550,No
124551,No
124552,Yes
124553,No
124554,No
124555,No
124556,Yes
124557,No
124558,No
124559,Yes
124560,No
124561,No
124562,No
124563,Yes
124564,No
124565,Yes
124566,Yes
124567,No
124568,Yes
124569,No
124570,Yes
124571,Yes
124572,Yes
124573,No
124574,No
124575,Yes
124576,No
124577,Yes
124578,No
124579,No
124580,No
124581,No
124582,No
124583,No
124584,No
124585,Yes
124586,No
124587,No
124588,No
124589,No
124590,Yes
124591,No
124592,No
124593,Yes
124594,No
124595,No
124596,No
124597,No
124598,Yes
124599,No
124600,No
124601,Yes
124602,No
124603,No
124604,No
124605,No
124606,No
124607,Yes
124608,Yes
124609,Yes
124610,No
124611,No
124612,No
124613,Yes
124614,Yes
124615,Yes
124616,No
124617,No
124618,No
124619,Yes
124620,Yes
124621,Yes
124622,No
124623,Yes
124624,Yes
124625,Yes
124626,No
124627,No
124628,No
124629,No
124630,Yes
124631,Yes
124632,Yes
124633,No
124634,No
124635,Yes
124636,Yes
124637,No
124638,No
124639,No
124640,No
124641,Yes
124642,Yes
124643,No
124644,No
124645,Yes
124646,No
124647,Yes
124648,Yes
124649,No
124650,No
124651,Yes
124652,Yes
124653,No
124654,No
124655,Yes
124656,Yes
124657,Yes
124658,No
124659,No
124660,No
124661,Yes
124662,Yes
124663,No
124664,Yes
124665,No
124666,No
124667,Yes
124668,No
124669,No
124670,No
124671,Yes
124672,No
124673,Yes
124674,Yes
124675,No
124676,No
124677,Yes
124678,No
124679,Yes
124680,No
124681,Yes
124682,No
124683,No
124684,No
124685,No
124686,No
124687,Yes
124688,Yes
124689,No
124690,Yes
124691,No
124692,No
124693,Yes
124694,No
124695,Yes
124696,Yes
124697,Yes
124698,Yes
124699,Yes
124700,No
124701,No
124702,No
124703,No
124704,No
124705,No
124706,Yes
124707,No
124708,No
124709,No
124710,No
124711,Yes
124712,Yes
124713,No
124714,No
124715,Yes
124716,No
124717,No
124718,No
124719,No
124720,Yes
124721,No
124722,No
124723,Yes
124724,Yes
124725,No
124726,Yes
124727,Yes
124728,No
124729,No
124730,No
124731,No
124732,Yes
124733,No
124734,Yes
124735,Yes
124736,No
124737,No
124738,No
124739,Yes
124740,No
124741,Yes
124742,Yes
124743,Yes
124744,No
124745,No
124746,Yes
124747,Yes
124748,No
124749,No
124750,No
124751,No
124752,No
124753,No
124754,Yes
124755,Yes
124756,Yes
124757,No
124758,Yes
124759,No
124760,No
124761,No
124762,No
124763,No
124764,Yes
124765,Yes
124766,No
124767,No
124768,Yes
124769,Yes
124770,No
124771,No
124772,No
124773,No
124774,Yes
124775,Yes
124776,No
124777,Yes
124778,Yes
124779,No
124780,No
124781,Yes
124782,Yes
124783,No
124784,No
124785,Yes
124786,No
124787,Yes
124788,Yes
124789,Yes
124790,Yes
124791,Yes
124792,Yes
124793,No
124794,No
124795,No
124796,No
124797,No
124798,Yes
124799,Yes
124800,Yes
124801,Yes
124802,No
124803,No
124804,No
124805,Yes
124806,No
124807,Yes
124808,No
124809,No
124810,No
124811,No
124812,No
124813,No
124814,No
124815,Yes
124816,No
124817,No
124818,No
124819,No
124820,No
124821,No
124822,No
124823,No
124824,No
124825,No
124826,No
124827,Yes
124828,Yes
124829,No
124830,Yes
124831,No
124832,Yes
124833,No
124834,Yes
124835,No
124836,No
124837,No
124838,Yes
124839,Yes
124840,No
124841,No
124842,No
124843,No
124844,Yes
124845,Yes
124846,No
124847,Yes
124848,Yes
124849,No
124850,Yes
124851,No
124852,No
124853,No
124854,Yes
124855,No
124856,Yes
124857,No
124858,No
124859,Yes
124860,No
124861,Yes
124862,Yes
124863,No
124864,No
124865,No
124866,No
124867,No
124868,No
124869,No
124870,Yes
124871,No
124872,No
124873,No
124874,No
124875,Yes
124876,No
124877,Yes
124878,Yes
124879,No
124880,Yes
124881,Yes
124882,Yes
124883,Yes
124884,Yes
124885,No
124886,No
124887,Yes
124888,No
124889,No
124890,No
124891,No
124892,Yes
124893,No
124894,Yes
124895,No
124896,No
124897,No
124898,No
124899,Yes
124900,Yes
124901,No
124902,No
124903,Yes
124904,Yes
124905,No
124906,No
124907,Yes
124908,Yes
124909,No
124910,Yes
124911,No
124912,No
124913,No
124914,No
124915,Yes
124916,No
124917,Yes
124918,Yes
124919,No
124920,Yes
124921,Yes
124922,No
124923,Yes
124924,No
124925,No
124926,Yes
124927,No
124928,Yes
124929,Yes
124930,Yes
124931,No
124932,Yes
124933,Yes
124934,Yes
124935,Yes
124936,Yes
124937,No
124938,Yes
124939,No
124940,No
124941,No
124942,No
124943,No
124944,Yes
124945,Yes
124946,No
124947,Yes
124948,No
124949,No
124950,No
124951,No
124952,No
124953,No
124954,Yes
124955,Yes
124956,No
124957,No
124958,No
124959,No
124960,No
124961,Yes
124962,No
124963,Yes
124964,No
124965,No
124966,No
124967,No
124968,No
124969,No
124970,No
124971,No
124972,No
124973,Yes
124974,No
124975,No
124976,No
124977,No
124978,No
124979,Yes
124980,Yes
124981,No
124982,No
124983,Yes
124984,Yes
124985,Yes
124986,Yes
124987,No
124988,No
124989,No
124990,Yes
124991,No
124992,Yes
124993,No
124994,No
124995,No
124996,No
124997,Yes
124998,Yes
124999,No
125000,No
125001,No
125002,No
125003,Yes
125004,No
125005,Yes
125006,No
125007,Yes
125008,No
125009,No
125010,No
125011,Yes
125012,No
125013,No
125014,No
125015,Yes
125016,Yes
125017,No
125018,Yes
125019,No
125020,No
125021,No
125022,No
125023,No
125024,No
125025,Yes
125026,Yes
125027,Yes
125028,Yes
125029,No
125030,No
125031,Yes
125032,Yes
125033,Yes
125034,No
125035,Yes
125036,Yes
125037,No
125038,Yes
125039,No
125040,Yes
125041,No
125042,Yes
125043,No
125044,No
125045,No
125046,No
125047,No
125048,No
125049,No
125050,No
125051,No
125052,No
125053,No
125054,No
125055,No
125056,Yes
125057,Yes
125058,No
125059,Yes
125060,Yes
125061,No
125062,No
125063,No
125064,No
125065,No
125066,No
125067,No
125068,No
125069,No
125070,Yes
125071,No
125072,No
125073,Yes
125074,No
125075,No
125076,No
125077,Yes
125078,No
125079,No
125080,No
125081,Yes
125082,Yes
125083,No
125084,No
125085,Yes
125086,No
125087,Yes
125088,No
125089,Yes
125090,No
125091,Yes
125092,Yes
125093,Yes
125094,Yes
125095,No
125096,No
125097,Yes
125098,Yes
125099,No
125100,No
125101,No
125102,No
125103,No
125104,No
125105,Yes
125106,Yes
125107,No
125108,No
125109,No
125110,No
125111,Yes
125112,No
125113,No
125114,Yes
125115,No
125116,No
125117,No
125118,No
125119,No
125120,Yes
125121,No
125122,No
125123,No
125124,Yes
125125,Yes
125126,Yes
125127,Yes
125128,No
125129,No
125130,No
125131,No
125132,Yes
125133,No
125134,No
125135,No
125136,Yes
125137,Yes
125138,Yes
125139,Yes
125140,No
125141,No
125142,Yes
125143,No
125144,Yes
125145,No
125146,Yes
125147,Yes
125148,No
125149,No
125150,Yes
125151,No
125152,Yes
125153,No
125154,No
125155,Yes
125156,No
125157,No
125158,No
125159,No
125160,No
125161,No
125162,Yes
125163,Yes
125164,No
125165,No
125166,Yes
125167,Yes
125168,Yes
125169,No
125170,No
125171,Yes
125172,No
125173,No
125174,Yes
125175,No
125176,Yes
125177,Yes
125178,Yes
125179,No
125180,Yes
125181,Yes
125182,No
125183,No
125184,No
125185,No
125186,No
125187,No
125188,Yes
125189,No
125190,Yes
125191,Yes
125192,Yes
125193,Yes
125194,No
125195,No
125196,No
125197,No
125198,No
125199,Yes
125200,No
125201,No
125202,No
125203,No
125204,No
125205,Yes
125206,No
125207,Yes
125208,No
125209,No
125210,No
125211,No
125212,No
125213,Yes
125214,No
125215,No
125216,No
125217,Yes
125218,No
125219,Yes
125220,Yes
125221,No
125222,No
125223,No
125224,No
125225,Yes
125226,No
125227,No
125228,No
125229,No
125230,No
125231,Yes
125232,No
125233,No
125234,No
125235,No
125236,No
125237,No
125238,No
125239,No
125240,Yes
125241,Yes
125242,No
125243,Yes
125244,No
125245,Yes
125246,Yes
125247,No
125248,No
125249,No
125250,Yes
125251,Yes
125252,No
125253,Yes
125254,No
125255,No
125256,No
125257,No
125258,No
125259,No
125260,No
125261,Yes
125262,Yes
125263,No
125264,No
125265,Yes
125266,No
125267,No
125268,No
125269,No
125270,Yes
125271,No
125272,No
125273,Yes
125274,No
125275,No
125276,Yes
125277,No
125278,No
125279,No
125280,No
125281,Yes
125282,Yes
125283,No
125284,Yes
125285,No
125286,No
125287,Yes
125288,No
125289,No
125290,No
125291,No
125292,Yes
125293,No
125294,No
125295,No
125296,No
125297,No
125298,No
125299,No
125300,Yes
125301,No
125302,Yes
125303,Yes
125304,No
125305,Yes
125306,No
125307,No
125308,No
125309,Yes
125310,No
125311,Yes
125312,No
125313,No
125314,Yes
125315,No
125316,No
125317,No
125318,No
125319,No
125320,No
125321,No
125322,No
125323,Yes
125324,Yes
125325,No
125326,No
125327,Yes
125328,Yes
125329,Yes
125330,Yes
125331,No
125332,No
125333,Yes
125334,Yes
125335,Yes
125336,No
125337,Yes
125338,Yes
125339,No
125340,No
125341,No
125342,No
125343,No
125344,No
125345,Yes
125346,Yes
125347,No
125348,Yes
125349,Yes
125350,No
125351,Yes
125352,No
125353,No
125354,No
125355,Yes
125356,No
125357,No
125358,Yes
125359,No
125360,No
125361,No
125362,No
125363,Yes
125364,No
125365,No
125366,Yes
125367,No
125368,Yes
125369,Yes
125370,Yes
125371,No
125372,Yes
125373,No
125374,No
125375,No
125376,Yes
125377,No
125378,No
125379,No
125380,No
125381,No
125382,No
125383,Yes
125384,No
125385,Yes
125386,No
125387,Yes
125388,No
125389,No
125390,Yes
125391,No
125392,Yes
125393,No
125394,No
125395,No
125396,No
125397,Yes
125398,Yes
125399,No
125400,No
125401,No
125402,Yes
125403,No
125404,No
125405,Yes
125406,No
125407,No
125408,Yes
125409,No
125410,No
125411,Yes
125412,Yes
125413,No
125414,No
125415,No
125416,Yes
125417,No
125418,No
125419,Yes
125420,No
125421,No
125422,Yes
125423,No
125424,Yes
125425,Yes
125426,No
125427,No
125428,Yes
125429,Yes
125430,Yes
125431,Yes
125432,No
125433,Yes
125434,Yes
125435,No
125436,Yes
125437,No
125438,No
125439,No
125440,No
125441,Yes
125442,No
125443,No
125444,No
125445,No
125446,Yes
125447,Yes
125448,No
125449,Yes
125450,No
125451,No
125452,Yes
125453,Yes
125454,No
125455,No
125456,Yes
125457,No
125458,No
125459,Yes
125460,Yes
125461,No
125462,No
125463,Yes
125464,No
125465,Yes
125466,No
125467,Yes
125468,Yes
125469,No
125470,Yes
125471,No
125472,No
125473,Yes
125474,No
125475,Yes
125476,No
125477,No
125478,Yes
125479,Yes
125480,No
125481,No
125482,No
125483,No
125484,No
125485,Yes
125486,Yes
125487,Yes
125488,No
125489,No
125490,No
125491,No
125492,No
125493,No
125494,No
125495,Yes
125496,No
125497,Yes
125498,No
125499,Yes
125500,Yes
125501,No
125502,No
125503,No
125504,Yes
125505,Yes
125506,No
125507,No
125508,No
125509,Yes
125510,No
125511,No
125512,Yes
125513,No
125514,Yes
125515,No
125516,Yes
125517,No
125518,Yes
125519,No
125520,No
125521,Yes
125522,Yes
125523,No
125524,Yes
125525,No
125526,No
125527,No
125528,Yes
125529,No
125530,Yes
125531,No
125532,Yes
125533,No
125534,No
125535,Yes
125536,Yes
125537,No
125538,No
125539,No
125540,No
125541,No
125542,Yes
125543,Yes
125544,No
125545,Yes
125546,Yes
125547,Yes
125548,Yes
125549,No
125550,No
125551,Yes
125552,Yes
125553,No
125554,Yes
125555,No
125556,Yes
125557,Yes
125558,Yes
125559,Yes
125560,Yes
125561,No
125562,Yes
125563,No
125564,No
125565,No
125566,No
125567,No
125568,No
125569,No
125570,No
125571,No
125572,Yes
125573,No
125574,Yes
125575,No
125576,No
125577,Yes
125578,Yes
125579,No
125580,No
125581,No
125582,Yes
125583,No
125584,Yes
125585,No
125586,No
125587,Yes
125588,No
125589,No
125590,No
125591,Yes
125592,No
125593,Yes
125594,No
125595,Yes
125596,No
125597,No
125598,No
125599,Yes
125600,No
125601,No
125602,No
125603,No
125604,No
125605,No
125606,No
125607,No
125608,Yes
125609,No
125610,No
125611,Yes
125612,Yes
125613,Yes
125614,No
125615,Yes
125616,Yes
125617,Yes
125618,No
125619,No
125620,No
125621,No
125622,No
125623,No
125624,Yes
125625,No
125626,Yes
125627,No
125628,Yes
125629,No
125630,No
125631,No
125632,Yes
125633,No
125634,No
125635,Yes
125636,No
125637,Yes
125638,No
125639,No
125640,Yes
125641,No
125642,No
125643,Yes
125644,No
125645,Yes
125646,Yes
125647,No
125648,No
125649,Yes
125650,Yes
125651,Yes
125652,No
125653,No
125654,Yes
125655,Yes
125656,No
125657,No
125658,Yes
125659,No
125660,No
125661,No
125662,No
125663,No
125664,Yes
125665,Yes
125666,Yes
125667,No
125668,No
125669,Yes
125670,Yes
125671,No
125672,No
125673,No
125674,Yes
125675,No
125676,No
125677,No
125678,Yes
125679,Yes
125680,No
125681,No
125682,Yes
125683,Yes
125684,No
125685,No
125686,No
125687,No
125688,Yes
125689,No
125690,No
125691,Yes
125692,No
125693,No
125694,Yes
125695,Yes
125696,No
125697,No
125698,Yes
125699,No
125700,Yes
125701,Yes
125702,Yes
125703,Yes
125704,No
125705,No
125706,No
125707,No
125708,No
125709,Yes
125710,No
125711,No
125712,No
125713,No
125714,Yes
125715,No
125716,No
125717,Yes
125718,No
125719,No
125720,No
125721,No
125722,Yes
125723,No
125724,No
125725,No
125726,No
125727,Yes
125728,Yes
125729,No
125730,No
125731,No
125732,Yes
125733,Yes
125734,No
125735,Yes
125736,No
125737,No
125738,Yes
125739,No
125740,Yes
125741,No
125742,No
125743,Yes
125744,No
125745,No
125746,No
125747,Yes
125748,No
125749,Yes
125750,No
125751,No
125752,Yes
125753,No
125754,Yes
125755,Yes
125756,Yes
125757,No
125758,Yes
125759,No
125760,No
125761,No
125762,No
125763,No
125764,No
125765,Yes
125766,No
125767,No
125768,No
125769,Yes
125770,No
125771,Yes
125772,No
125773,No
125774,No
125775,Yes
125776,Yes
125777,Yes
125778,No
125779,Yes
125780,No
125781,Yes
125782,No
125783,Yes
125784,Yes
125785,No
125786,Yes
125787,No
125788,No
125789,Yes
125790,Yes
125791,No
125792,No
125793,Yes
125794,No
125795,Yes
125796,Yes
125797,No
125798,Yes
125799,No
125800,No
125801,No
125802,No
125803,No
125804,No
125805,No
125806,Yes
125807,Yes
125808,No
125809,Yes
125810,Yes
125811,No
125812,No
125813,No
125814,No
125815,Yes
125816,No
125817,Yes
125818,No
125819,Yes
125820,No
125821,No
125822,Yes
125823,Yes
125824,No
125825,No
125826,No
125827,No
125828,No
125829,Yes
125830,Yes
125831,Yes
125832,Yes
125833,No
125834,Yes
125835,No
125836,Yes
125837,No
125838,Yes
125839,No
125840,No
125841,Yes
125842,No
125843,Yes
125844,Yes
125845,No
125846,Yes
125847,No
125848,Yes
125849,Yes
125850,Yes
125851,No
125852,Yes
125853,No
125854,No
125855,No
125856,Yes
125857,No
125858,Yes
125859,No
125860,No
125861,No
125862,No
125863,No
125864,No
125865,No
125866,No
125867,Yes
125868,Yes
125869,No
125870,Yes
125871,No
125872,Yes
125873,No
125874,Yes
125875,No
125876,Yes
125877,Yes
125878,No
125879,No
125880,No
125881,No
125882,No
125883,No
125884,Yes
125885,Yes
125886,Yes
125887,Yes
125888,No
125889,No
125890,No
125891,Yes
125892,No
125893,Yes
125894,No
125895,No
125896,Yes
125897,Yes
125898,No
125899,No
125900,No
125901,Yes
125902,Yes
125903,No
125904,Yes
125905,Yes
125906,Yes
125907,No
125908,Yes
125909,No
125910,Yes
125911,Yes
125912,No
125913,No
125914,No
125915,Yes
125916,No
125917,No
125918,Yes
125919,Yes
125920,Yes
125921,Yes
125922,No
125923,Yes
125924,No
125925,No
125926,Yes
125927,No
125928,Yes
125929,No
125930,Yes
125931,Yes
125932,Yes
125933,No
125934,No
125935,No
125936,No
125937,No
125938,Yes
125939,No
125940,No
125941,Yes
125942,No
125943,Yes
125944,Yes
125945,Yes
125946,No
125947,Yes
125948,No
125949,No
125950,No
125951,No
125952,No
125953,No
125954,Yes
125955,No
125956,No
125957,No
125958,No
125959,Yes
125960,No
125961,No
125962,Yes
125963,No
125964,No
125965,No
125966,No
125967,No
125968,No
125969,No
125970,Yes
125971,No
125972,No
125973,No
125974,Yes
125975,No
125976,Yes
125977,No
125978,No
125979,Yes
125980,No
125981,Yes
125982,No
125983,No
125984,No
125985,No
125986,No
125987,No
125988,Yes
125989,No
125990,No
125991,Yes
125992,No
125993,Yes
125994,Yes
125995,No
125996,No
125997,Yes
125998,Yes
125999,Yes
126000,Yes
126001,Yes
126002,No
126003,No
126004,Yes
126005,No
126006,Yes
126007,Yes
126008,Yes
126009,No
126010,No
126011,No
126012,No
126013,No
126014,No
126015,Yes
126016,No
126017,Yes
126018,No
126019,No
126020,No
126021,Yes
126022,No
126023,No
126024,No
126025,No
126026,Yes
126027,No
126028,No
126029,Yes
126030,Yes
126031,Yes
126032,No
126033,No
126034,No
126035,No
126036,No
126037,No
126038,No
126039,Yes
126040,No
126041,No
126042,No
126043,No
126044,Yes
126045,No
126046,Yes
126047,No
126048,Yes
126049,No
126050,No
126051,No
126052,Yes
126053,No
126054,No
126055,No
126056,No
126057,No
126058,Yes
126059,No
126060,Yes
126061,Yes
126062,Yes
126063,Yes
126064,No
126065,No
126066,Yes
126067,No
126068,No
126069,Yes
126070,Yes
126071,No
126072,No
126073,Yes
126074,No
126075,Yes
126076,Yes
126077,No
126078,No
126079,No
126080,No
126081,Yes
126082,No
126083,No
126084,Yes
126085,No
126086,Yes
126087,No
126088,No
126089,Yes
126090,No
126091,Yes
126092,Yes
126093,Yes
126094,Yes
126095,No
126096,No
126097,No
126098,No
126099,No
126100,Yes
126101,No
126102,No
126103,No
126104,Yes
126105,Yes
126106,No
126107,Yes
126108,No
126109,No
126110,No
126111,No
126112,Yes
126113,Yes
126114,Yes
126115,No
126116,No
126117,No
126118,No
126119,Yes
126120,Yes
126121,No
126122,No
126123,Yes
126124,Yes
126125,No
126126,No
126127,No
126128,No
126129,No
126130,No
126131,No
126132,Yes
126133,No
126134,No
126135,No
126136,No
126137,No
126138,Yes
126139,No
126140,Yes
126141,No
126142,Yes
126143,Yes
126144,Yes
126145,No
126146,No
126147,Yes
126148,No
126149,Yes
126150,No
126151,No
126152,No
126153,Yes
126154,Yes
126155,Yes
126156,No
126157,Yes
126158,Yes
126159,No
126160,No
126161,No
126162,No
126163,Yes
126164,No
126165,No
126166,Yes
126167,Yes
126168,No
126169,Yes
126170,No
126171,No
126172,No
126173,No
126174,No
126175,Yes
126176,No
126177,No
126178,No
126179,Yes
126180,No
126181,Yes
126182,No
126183,No
126184,No
126185,No
126186,Yes
126187,No
126188,No
126189,No
126190,No
126191,Yes
126192,Yes
126193,No
126194,Yes
126195,Yes
126196,No
126197,Yes
126198,No
126199,No
126200,Yes
126201,No
126202,Yes
126203,No
126204,No
126205,No
126206,No
126207,Yes
126208,No
126209,Yes
126210,No
126211,Yes
126212,Yes
126213,No
126214,No
126215,Yes
126216,Yes
126217,No
126218,No
126219,No
126220,No
126221,No
126222,No
126223,No
126224,No
126225,No
126226,No
126227,Yes
126228,No
126229,No
126230,Yes
126231,No
126232,No
126233,No
126234,Yes
126235,No
126236,Yes
126237,Yes
126238,No
126239,No
126240,No
126241,No
126242,No
126243,No
126244,No
126245,No
126246,Yes
126247,No
126248,No
126249,Yes
126250,No
126251,No
126252,No
126253,No
126254,No
126255,Yes
126256,Yes
126257,Yes
126258,No
126259,Yes
126260,No
126261,No
126262,Yes
126263,Yes
126264,Yes
126265,No
126266,No
126267,No
126268,No
126269,No
126270,Yes
126271,No
126272,Yes
126273,No
126274,No
126275,No
126276,No
126277,No
126278,No
126279,No
126280,Yes
126281,No
126282,Yes
126283,Yes
126284,Yes
126285,Yes
126286,Yes
126287,Yes
126288,No
126289,No
126290,No
126291,No
126292,No
126293,No
126294,No
126295,Yes
126296,No
126297,No
126298,Yes
126299,No
126300,No
126301,No
126302,No
126303,No
126304,No
126305,No
126306,No
126307,No
126308,No
126309,No
126310,Yes
126311,Yes
126312,Yes
126313,No
126314,Yes
126315,No
126316,Yes
126317,No
126318,Yes
126319,No
126320,No
126321,No
126322,No
126323,No
126324,No
126325,No
126326,No
126327,Yes
126328,Yes
126329,Yes
126330,No
126331,No
126332,Yes
126333,No
126334,Yes
126335,No
126336,Yes
126337,Yes
126338,No
126339,Yes
126340,Yes
126341,No
126342,Yes
126343,No
126344,No
126345,No
126346,No
126347,No
126348,Yes
126349,No
126350,No
126351,No
126352,No
126353,Yes
126354,No
126355,No
126356,No
126357,No
126358,No
126359,Yes
126360,No
126361,Yes
126362,No
126363,Yes
126364,No
126365,Yes
126366,No
126367,No
126368,Yes
126369,No
126370,No
126371,No
126372,No
126373,No
126374,No
126375,Yes
126376,Yes
126377,No
126378,No
126379,No
126380,Yes
126381,No
126382,No
126383,Yes
126384,Yes
126385,Yes
126386,No
126387,Yes
126388,No
126389,No
126390,No
126391,No
126392,No
126393,No
126394,No
126395,Yes
126396,Yes
126397,No
126398,No
126399,No
126400,No
126401,No
126402,Yes
126403,No
126404,Yes
126405,No
126406,No
126407,No
126408,No
126409,No
126410,No
126411,Yes
126412,Yes
126413,No
126414,No
126415,No
126416,No
126417,Yes
126418,No
126419,No
126420,No
126421,No
126422,No
126423,Yes
126424,No
126425,No
126426,No
126427,No
126428,Yes
126429,No
126430,Yes
126431,Yes
126432,No
126433,Yes
126434,Yes
126435,No
126436,No
126437,No
126438,Yes
126439,Yes
126440,Yes
126441,No
126442,No
126443,Yes
126444,No
126445,No
126446,No
126447,Yes
126448,Yes
126449,No
126450,Yes
126451,No
126452,Yes
126453,Yes
126454,No
126455,No
126456,Yes
126457,Yes
126458,Yes
126459,No
126460,No
126461,No
126462,Yes
126463,Yes
126464,Yes
126465,No
126466,Yes
126467,No
126468,No
126469,No
126470,No
126471,No
126472,No
126473,No
126474,Yes
126475,Yes
126476,Yes
126477,Yes
126478,No
126479,No
126480,No
126481,Yes
126482,Yes
126483,No
126484,No
126485,No
126486,Yes
126487,Yes
126488,Yes
126489,No
126490,No
126491,No
126492,Yes
126493,No
126494,Yes
126495,Yes
126496,No
126497,No
126498,No
126499,No
126500,No
126501,No
126502,No
126503,No
126504,Yes
126505,Yes
126506,No
126507,No
126508,No
126509,No
126510,Yes
126511,No
126512,No
126513,Yes
126514,Yes
126515,Yes
126516,Yes
126517,No
126518,No
126519,No
126520,No
126521,No
126522,No
126523,Yes
126524,Yes
126525,No
126526,No
126527,No
126528,No
126529,Yes
126530,No
126531,Yes
126532,Yes
126533,No
126534,No
126535,No
126536,Yes
126537,No
126538,No
126539,Yes
126540,No
126541,Yes
126542,No
126543,No
126544,Yes
126545,No
126546,Yes
126547,No
126548,No
126549,Yes
126550,Yes
126551,Yes
126552,No
126553,No
126554,Yes
126555,Yes
126556,No
126557,No
126558,Yes
126559,No
126560,Yes
126561,Yes
126562,No
126563,Yes
126564,Yes
126565,No
126566,No
126567,Yes
126568,Yes
126569,No
126570,No
126571,No
126572,Yes
126573,No
126574,No
126575,Yes
126576,Yes
126577,No
126578,Yes
126579,No
126580,No
126581,No
126582,No
126583,No
126584,No
126585,No
126586,Yes
126587,No
126588,No
126589,No
126590,Yes
126591,No
126592,No
126593,No
126594,No
126595,No
126596,No
126597,No
126598,No
126599,No
126600,No
126601,No
126602,No
126603,Yes
126604,No
126605,No
126606,Yes
126607,Yes
126608,No
126609,No
126610,Yes
126611,No
126612,Yes
126613,No
126614,Yes
126615,No
126616,Yes
126617,Yes
126618,Yes
126619,Yes
126620,Yes
126621,No
126622,No
126623,No
126624,No
126625,Yes
126626,No
126627,No
126628,No
126629,Yes
126630,No
126631,Yes
126632,No
126633,No
126634,No
126635,No
126636,Yes
126637,Yes
126638,Yes
126639,No
126640,Yes
126641,Yes
126642,No
126643,No
126644,Yes
126645,No
126646,Yes
126647,Yes
126648,No
126649,No
126650,No
126651,No
126652,No
126653,Yes
126654,No
126655,Yes
126656,Yes
126657,No
126658,Yes
126659,Yes
126660,No
126661,No
126662,Yes
126663,No
126664,No
126665,Yes
126666,No
126667,Yes
126668,No
126669,No
126670,No
126671,Yes
126672,Yes
126673,No
126674,No
126675,No
126676,Yes
126677,Yes
126678,No
126679,No
126680,No
126681,No
126682,No
126683,Yes
126684,Yes
126685,No
126686,No
126687,No
126688,Yes
126689,Yes
126690,No
126691,No
126692,Yes
126693,Yes
126694,No
126695,Yes
126696,Yes
126697,Yes
126698,No
126699,No
126700,No
126701,Yes
126702,No
126703,Yes
126704,No
126705,No
126706,No
126707,Yes
126708,No
126709,No
126710,No
126711,Yes
126712,Yes
126713,No
126714,Yes
126715,Yes
126716,Yes
126717,Yes
126718,Yes
126719,No
126720,No
126721,No
126722,No
126723,No
126724,No
126725,No
126726,No
126727,No
126728,No
126729,Yes
126730,Yes
126731,No
126732,No
126733,No
126734,Yes
126735,No
126736,No
126737,No
126738,No
126739,No
126740,No
126741,Yes
126742,No
126743,No
126744,No
126745,No
126746,No
126747,Yes
126748,No
126749,Yes
126750,No
126751,Yes
126752,No
126753,Yes
126754,No
126755,Yes
126756,Yes
126757,No
126758,No
126759,Yes
126760,Yes
126761,Yes
126762,No
126763,Yes
126764,Yes
126765,No
126766,No
126767,No
126768,No
126769,No
126770,Yes
126771,No
126772,No
126773,No
126774,No
126775,No
126776,No
126777,No
126778,No
126779,No
126780,Yes
126781,No
126782,No
126783,No
126784,No
126785,Yes
126786,No
126787,No
126788,Yes
126789,Yes
126790,No
126791,Yes
126792,Yes
126793,No
126794,Yes
126795,Yes
126796,Yes
126797,No
126798,No
126799,No
126800,Yes
126801,No
126802,No
126803,No
126804,No
126805,Yes
126806,Yes
126807,Yes
126808,No
126809,Yes
126810,No
126811,No
126812,No
126813,Yes
126814,No
126815,Yes
126816,Yes
126817,No
126818,No
126819,No
126820,No
126821,No
126822,No
126823,No
126824,No
126825,No
126826,Yes
126827,No
126828,Yes
126829,Yes
126830,Yes
126831,No
126832,No
126833,No
126834,No
126835,No
126836,Yes
126837,No
126838,No
126839,Yes
126840,No
126841,No
126842,No
126843,Yes
126844,No
126845,No
126846,Yes
126847,Yes
126848,Yes
126849,No
126850,No
126851,Yes
126852,No
126853,Yes
126854,No
126855,No
126856,Yes
126857,Yes
126858,Yes
126859,No
126860,Yes
126861,Yes
126862,Yes
126863,No
126864,No
126865,No
126866,Yes
126867,No
126868,Yes
126869,Yes
126870,Yes
126871,No
126872,Yes
126873,Yes
126874,No
126875,No
126876,Yes
126877,No
126878,Yes
126879,No
126880,No
126881,No
126882,No
126883,Yes
126884,No
126885,No
126886,No
126887,Yes
126888,No
126889,No
126890,No
126891,No
126892,No
126893,Yes
126894,No
126895,Yes
126896,No
126897,No
126898,No
126899,No
126900,No
126901,Yes
126902,No
126903,No
126904,No
126905,No
126906,Yes
126907,Yes
126908,No
126909,Yes
126910,No
126911,Yes
126912,Yes
126913,No
126914,No
126915,No
126916,Yes
126917,No
126918,Yes
126919,No
126920,Yes
126921,Yes
126922,No
126923,No
126924,No
126925,No
126926,No
126927,Yes
126928,Yes
126929,No
126930,No
126931,No
126932,No
126933,No
126934,No
126935,No
126936,No
126937,No
126938,Yes
126939,No
126940,No
126941,Yes
126942,No
126943,Yes
126944,No
126945,No
126946,No
126947,Yes
126948,Yes
126949,No
126950,No
126951,No
126952,Yes
126953,Yes
126954,No
126955,No
126956,Yes
126957,No
126958,No
126959,No
126960,Yes
126961,Yes
126962,Yes
126963,Yes
126964,Yes
126965,No
126966,No
126967,No
126968,No
126969,No
126970,No
126971,No
126972,No
126973,Yes
126974,No
126975,No
126976,Yes
126977,Yes
126978,Yes
126979,No
126980,Yes
126981,Yes
126982,No
126983,Yes
126984,Yes
126985,No
126986,No
126987,No
126988,No
126989,Yes
126990,No
126991,No
126992,No
126993,Yes
126994,No
126995,No
126996,No
126997,Yes
126998,No
126999,No
127000,Yes
127001,Yes
127002,No
127003,Yes
127004,Yes
127005,Yes
127006,No
127007,Yes
127008,No
127009,No
127010,No
127011,No
127012,No
127013,No
127014,Yes
127015,No
127016,No
127017,No
127018,No
127019,No
127020,No
127021,Yes
127022,No
127023,Yes
127024,No
127025,Yes
127026,No
127027,Yes
127028,No
127029,No
127030,Yes
127031,No
127032,No
127033,Yes
127034,No
127035,No
127036,Yes
127037,Yes
127038,Yes
127039,No
127040,No
127041,No
127042,Yes
127043,No
127044,Yes
127045,No
127046,Yes
127047,Yes
127048,Yes
127049,No
127050,No
127051,No
127052,Yes
127053,No
127054,No
127055,Yes
127056,No
127057,Yes
127058,Yes
127059,No
127060,No
127061,No
127062,No
127063,No
127064,Yes
127065,Yes
127066,No
127067,No
127068,Yes
127069,No
127070,No
127071,No
127072,No
127073,No
127074,No
127075,No
127076,No
127077,No
127078,Yes
127079,No
127080,Yes
127081,Yes
127082,No
127083,No
127084,Yes
127085,No
127086,No
127087,No
127088,Yes
127089,No
127090,Yes
127091,Yes
127092,Yes
127093,Yes
127094,Yes
127095,No
127096,Yes
127097,Yes
127098,No
127099,No
127100,Yes
127101,No
127102,Yes
127103,No
127104,Yes
127105,Yes
127106,No
127107,No
127108,No
127109,Yes
127110,No
127111,No
127112,Yes
127113,Yes
127114,No
127115,No
127116,No
127117,No
127118,No
127119,No
127120,No
127121,No
127122,Yes
127123,No
127124,No
127125,Yes
127126,No
127127,Yes
127128,Yes
127129,Yes
127130,No
127131,No
127132,No
127133,Yes
127134,No
127135,Yes
127136,No
127137,No
127138,No
127139,Yes
127140,No
127141,Yes
127142,No
127143,No
127144,No
127145,No
127146,No
127147,Yes
127148,No
127149,No
127150,Yes
127151,No
127152,Yes
127153,No
127154,Yes
127155,No
127156,Yes
127157,Yes
127158,No
127159,No
127160,No
127161,Yes
127162,No
127163,Yes
127164,No
127165,Yes
127166,No
127167,Yes
127168,Yes
127169,Yes
127170,No
127171,No
127172,Yes
127173,No
127174,No
127175,No
127176,No
127177,No
127178,No
127179,Yes
127180,Yes
127181,Yes
127182,No
127183,No
127184,No
127185,No
127186,No
127187,Yes
127188,No
127189,Yes
127190,No
127191,No
127192,No
127193,No
127194,Yes
127195,No
127196,Yes
127197,Yes
127198,No
127199,Yes
127200,No
127201,Yes
127202,No
127203,No
127204,Yes
127205,No
127206,Yes
127207,Yes
127208,Yes
127209,No
127210,No
127211,No
127212,Yes
127213,No
127214,No
127215,No
127216,No
127217,Yes
127218,No
127219,Yes
127220,No
127221,Yes
127222,No
127223,Yes
127224,No
127225,Yes
127226,No
127227,Yes
127228,Yes
127229,No
127230,Yes
127231,No
127232,No
127233,Yes
127234,Yes
127235,Yes
127236,Yes
127237,No
127238,No
127239,No
127240,Yes
127241,Yes
127242,No
127243,No
127244,No
127245,No
127246,No
127247,No
127248,Yes
127249,Yes
127250,Yes
127251,No
127252,No
127253,Yes
127254,No
127255,No
127256,Yes
127257,No
127258,No
127259,No
127260,No
127261,Yes
127262,No
127263,Yes
127264,No
127265,Yes
127266,No
127267,Yes
127268,No
127269,No
127270,No
127271,Yes
127272,Yes
127273,Yes
127274,No
127275,Yes
127276,No
127277,No
127278,Yes
127279,No
127280,No
127281,No
127282,Yes
127283,No
127284,No
127285,No
127286,No
127287,No
127288,No
127289,No
127290,No
127291,No
127292,No
127293,No
127294,No
127295,No
127296,No
127297,Yes
127298,No
127299,Yes
127300,Yes
127301,No
127302,Yes
127303,No
127304,Yes
127305,No
127306,No
127307,Yes
127308,No
127309,Yes
127310,Yes
127311,No
127312,Yes
127313,No
127314,No
127315,No
127316,No
127317,No
127318,No
127319,Yes
127320,No
127321,No
127322,Yes
127323,No
127324,No
127325,Yes
127326,No
127327,No
127328,No
127329,No
127330,No
127331,No
127332,Yes
127333,No
127334,No
127335,Yes
127336,No
127337,No
127338,No
127339,No
127340,No
127341,No
127342,No
127343,No
127344,No
127345,No
127346,No
127347,No
127348,Yes
127349,No
127350,Yes
127351,Yes
127352,No
127353,Yes
127354,No
127355,No
127356,No
127357,Yes
127358,No
127359,Yes
127360,Yes
127361,No
127362,No
127363,No
127364,Yes
127365,Yes
127366,Yes
127367,No
127368,No
127369,No
127370,Yes
127371,No
127372,No
127373,No
127374,No
127375,No
127376,Yes
127377,No
127378,No
127379,Yes
127380,Yes
127381,Yes
127382,No
127383,No
127384,No
127385,No
127386,No
127387,No
127388,No
127389,Yes
127390,No
127391,Yes
127392,No
127393,Yes
127394,Yes
127395,Yes
127396,Yes
127397,No
127398,No
127399,Yes
127400,No
127401,No
127402,No
127403,No
127404,Yes
127405,No
127406,No
127407,No
127408,Yes
127409,Yes
127410,Yes
127411,No
127412,No
127413,Yes
127414,No
127415,Yes
127416,No
127417,No
127418,No
127419,No
127420,No
127421,No
127422,Yes
127423,Yes
127424,Yes
127425,No
127426,No
127427,No
127428,No
127429,Yes
127430,Yes
127431,Yes
127432,No
127433,Yes
127434,Yes
127435,No
127436,No
127437,No
127438,No
127439,No
127440,No
127441,Yes
127442,Yes
127443,No
127444,No
127445,No
127446,No
127447,No
127448,Yes
127449,No
127450,Yes
127451,Yes
127452,No
127453,No
127454,Yes
127455,No
127456,No
127457,No
127458,No
127459,No
127460,Yes
127461,Yes
127462,Yes
127463,No
127464,Yes
127465,No
127466,Yes
127467,No
127468,Yes
127469,No
127470,Yes
127471,No
127472,No
127473,Yes
127474,No
127475,Yes
127476,No
127477,Yes
127478,No
127479,Yes
127480,No
127481,No
127482,No
127483,Yes
127484,Yes
127485,No
127486,No
127487,Yes
127488,Yes
127489,No
127490,No
127491,No
127492,Yes
127493,No
127494,No
127495,Yes
127496,No
127497,No
127498,No
127499,No
127500,No
127501,Yes
127502,No
127503,No
127504,No
127505,Yes
127506,Yes
127507,No
127508,No
127509,No
127510,No
127511,No
127512,Yes
127513,No
127514,Yes
127515,No
127516,No
127517,No
127518,Yes
127519,Yes
127520,No
127521,No
127522,No
127523,Yes
127524,No
127525,No
127526,No
127527,Yes
127528,Yes
127529,No
127530,Yes
127531,Yes
127532,Yes
127533,Yes
127534,Yes
127535,No
127536,No
127537,Yes
127538,No
127539,No
127540,No
127541,Yes
127542,No
127543,Yes
127544,No
127545,No
127546,Yes
127547,Yes
127548,No
127549,No
127550,Yes
127551,No
127552,Yes
127553,Yes
127554,No
127555,No
127556,Yes
127557,No
127558,Yes
127559,No
127560,Yes
127561,No
127562,No
127563,No
127564,No
127565,No
127566,No
127567,No
127568,Yes
127569,No
127570,No
127571,Yes
127572,No
127573,Yes
127574,No
127575,No
127576,Yes
127577,No
127578,Yes
127579,No
127580,Yes
127581,Yes
127582,No
127583,Yes
127584,Yes
127585,Yes
127586,Yes
127587,No
127588,Yes
127589,No
127590,No
127591,No
127592,Yes
127593,No
127594,Yes
127595,Yes
127596,No
127597,No
127598,No
127599,No
127600,Yes
127601,No
127602,Yes
127603,No
127604,Yes
127605,No
127606,Yes
127607,Yes
127608,No
127609,Yes
127610,No
127611,No
127612,No
127613,No
127614,No
127615,Yes
127616,Yes
127617,No
127618,Yes
127619,No
127620,No
127621,No
127622,No
127623,Yes
127624,No
127625,No
127626,No
127627,Yes
127628,No
127629,Yes
127630,Yes
127631,No
127632,No
127633,Yes
127634,No
127635,Yes
127636,No
127637,Yes
127638,No
127639,Yes
127640,Yes
127641,Yes
127642,No
127643,No
127644,No
127645,Yes
127646,No
127647,Yes
127648,No
127649,No
127650,Yes
127651,No
127652,No
127653,No
127654,No
127655,No
127656,Yes
127657,No
127658,No
127659,No
127660,No
127661,No
127662,No
127663,No
127664,No
127665,Yes
127666,No
127667,Yes
127668,No
127669,No
127670,Yes
127671,No
127672,No
127673,No
127674,No
127675,No
127676,Yes
127677,Yes
127678,Yes
127679,No
127680,No
127681,No
127682,Yes
127683,No
127684,No
127685,No
127686,Yes
127687,No
127688,No
127689,No
127690,No
127691,No
127692,Yes
127693,No
127694,Yes
127695,No
127696,Yes
127697,Yes
127698,Yes
127699,Yes
127700,No
127701,No
127702,No
127703,No
127704,No
127705,Yes
127706,No
127707,Yes
127708,No
127709,Yes
127710,Yes
127711,No
127712,No
127713,Yes
127714,No
127715,No
127716,Yes
127717,Yes
127718,Yes
127719,No
127720,Yes
127721,No
127722,No
127723,No
127724,No
127725,No
127726,No
127727,No
127728,No
127729,Yes
127730,No
127731,No
127732,No
127733,No
127734,No
127735,No
127736,No
127737,Yes
127738,No
127739,Yes
127740,No
127741,No
127742,No
127743,No
127744,Yes
127745,No
127746,Yes
127747,No
127748,Yes
127749,Yes
127750,Yes
127751,No
127752,No
127753,No
127754,No
127755,No
127756,Yes
127757,Yes
127758,No
127759,Yes
127760,Yes
127761,Yes
127762,Yes
127763,No
127764,No
127765,No
127766,Yes
127767,No
127768,Yes
127769,No
127770,No
127771,No
127772,No
127773,No
127774,Yes
127775,No
127776,No
127777,No
127778,No
127779,No
127780,No
127781,No
127782,No
127783,Yes
127784,Yes
127785,No
127786,No
127787,No
127788,No
127789,No
127790,Yes
127791,No
127792,No
127793,Yes
127794,Yes
127795,No
127796,Yes
127797,No
127798,Yes
127799,No
127800,No
127801,No
127802,No
127803,Yes
127804,Yes
127805,No
127806,No
127807,Yes
127808,No
127809,Yes
127810,No
127811,Yes
127812,Yes
127813,No
127814,No
127815,Yes
127816,No
127817,Yes
127818,Yes
127819,No
127820,No
127821,No
127822,No
127823,Yes
127824,No
127825,No
127826,No
127827,Yes
127828,No
127829,Yes
127830,No
127831,No
127832,Yes
127833,No
127834,Yes
127835,Yes
127836,No
127837,Yes
127838,No
127839,No
127840,No
127841,No
127842,No
127843,Yes
127844,Yes
127845,Yes
127846,Yes
127847,No
127848,No
127849,No
127850,Yes
127851,No
127852,Yes
127853,No
127854,No
127855,Yes
127856,No
127857,Yes
127858,No
127859,Yes
127860,Yes
127861,No
127862,Yes
127863,No
127864,Yes
127865,Yes
127866,No
127867,No
127868,Yes
127869,Yes
127870,Yes
127871,No
127872,No
127873,No
127874,Yes
127875,Yes
127876,No
127877,Yes
127878,Yes
127879,No
127880,Yes
127881,Yes
127882,No
127883,Yes
127884,No
127885,Yes
127886,Yes
127887,No
127888,No
127889,Yes
127890,Yes
127891,No
127892,No
127893,No
127894,Yes
127895,Yes
127896,Yes
127897,No
127898,No
127899,No
127900,Yes
127901,No
127902,No
127903,No
127904,Yes
127905,No
127906,No
127907,No
127908,No
127909,No
127910,No
127911,No
127912,No
127913,No
127914,No
127915,No
127916,Yes
127917,Yes
127918,No
127919,No
127920,Yes
127921,No
127922,No
127923,Yes
127924,No
127925,No
127926,No
127927,No
127928,No
127929,No
127930,Yes
127931,No
127932,No
127933,No
127934,No
127935,No
127936,Yes
127937,Yes
127938,No
127939,No
127940,No
127941,Yes
127942,Yes
127943,No
127944,No
127945,No
127946,No
127947,No
127948,No
127949,Yes
127950,No
127951,No
127952,No
127953,No
127954,No
127955,Yes
127956,Yes
127957,Yes
127958,No
127959,No
127960,No
127961,Yes
127962,No
127963,No
127964,No
127965,No
127966,Yes
127967,No
127968,No
127969,No
127970,Yes
127971,No
127972,No
127973,No
127974,No
127975,Yes
127976,No
127977,Yes
127978,Yes
127979,Yes
127980,No
127981,No
127982,No
127983,No
127984,Yes
127985,Yes
127986,Yes
127987,No
127988,No
127989,No
127990,No
127991,Yes
127992,Yes
127993,No
127994,No
127995,No
127996,No
127997,No
127998,No
127999,No
128000,No
128001,No
128002,No
128003,No
128004,Yes
128005,Yes
128006,No
128007,No
128008,No
128009,No
128010,No
128011,Yes
128012,Yes
128013,No
128014,No
128015,No
128016,No
128017,No
128018,Yes
128019,No
128020,No
128021,No
128022,No
128023,Yes
128024,No
128025,Yes
128026,No
128027,No
128028,Yes
128029,No
128030,Yes
128031,Yes
128032,Yes
128033,Yes
128034,No
128035,No
128036,Yes
128037,No
128038,No
128039,No
128040,No
128041,No
128042,No
128043,No
128044,No
128045,No
128046,No
128047,No
128048,No
128049,No
128050,No
128051,No
128052,Yes
128053,No
128054,No
128055,Yes
128056,No
128057,No
128058,No
128059,No
128060,No
128061,No
128062,Yes
128063,No
128064,No
128065,No
128066,Yes
128067,No
128068,No
128069,Yes
128070,Yes
128071,Yes
128072,Yes
128073,No
128074,No
128075,No
128076,No
128077,Yes
128078,No
128079,Yes
128080,No
128081,No
128082,Yes
128083,No
128084,Yes
128085,No
128086,No
128087,No
128088,No
128089,Yes
128090,Yes
128091,No
128092,No
128093,Yes
128094,Yes
128095,Yes
128096,Yes
128097,No
128098,No
128099,Yes
128100,No
128101,Yes
128102,No
128103,No
128104,No
128105,Yes
128106,No
128107,Yes
128108,No
128109,Yes
128110,No
128111,No
128112,No
128113,No
128114,No
128115,Yes
128116,Yes
128117,No
128118,Yes
128119,Yes
128120,No
128121,Yes
128122,Yes
128123,Yes
128124,Yes
128125,No
128126,No
128127,Yes
128128,No
128129,No
128130,Yes
128131,No
128132,No
128133,No
128134,No
128135,Yes
128136,No
128137,No
128138,Yes
128139,Yes
128140,No
128141,Yes
128142,No
128143,Yes
128144,No
128145,Yes
128146,No
128147,Yes
128148,No
128149,No
128150,No
128151,No
128152,Yes
128153,Yes
128154,No
128155,No
128156,Yes
128157,Yes
128158,No
128159,No
128160,No
128161,No
128162,No
128163,No
128164,No
128165,Yes
128166,Yes
128167,No
128168,No
128169,No
128170,No
128171,Yes
128172,No
128173,No
128174,No
128175,No
128176,No
128177,Yes
128178,No
128179,No
128180,No
128181,Yes
128182,No
128183,Yes
128184,Yes
128185,Yes
128186,Yes
128187,No
128188,Yes
128189,Yes
128190,Yes
128191,Yes
128192,No
128193,No
128194,No
128195,No
128196,Yes
128197,No
128198,No
128199,Yes
128200,No
128201,No
128202,No
128203,No
128204,No
128205,No
128206,Yes
128207,No
128208,Yes
128209,No
128210,No
128211,No
128212,Yes
128213,Yes
128214,Yes
128215,No
128216,No
128217,Yes
128218,No
128219,No
128220,No
128221,Yes
128222,No
128223,Yes
128224,Yes
128225,Yes
128226,No
128227,No
128228,Yes
128229,Yes
128230,No
128231,Yes
128232,No
128233,No
128234,No
128235,No
128236,Yes
128237,No
128238,No
128239,No
128240,No
128241,No
128242,No
128243,Yes
128244,Yes
128245,No
128246,No
128247,Yes
128248,Yes
128249,Yes
128250,No
128251,Yes
128252,No
128253,No
128254,No
128255,Yes
128256,Yes
128257,Yes
128258,Yes
128259,Yes
128260,No
128261,Yes
128262,No
128263,No
128264,Yes
128265,Yes
128266,Yes
128267,Yes
128268,Yes
128269,Yes
128270,Yes
128271,No
128272,Yes
128273,No
128274,No
128275,No
128276,Yes
128277,Yes
128278,Yes
128279,No
128280,No
128281,No
128282,No
128283,No
128284,No
128285,Yes
128286,No
128287,Yes
128288,No
128289,No
128290,No
128291,No
128292,Yes
128293,No
128294,Yes
128295,No
128296,No
128297,Yes
128298,No
128299,Yes
128300,No
128301,No
128302,No
128303,Yes
128304,No
128305,No
128306,No
128307,No
128308,Yes
128309,Yes
128310,No
128311,Yes
128312,No
128313,Yes
128314,No
128315,Yes
128316,No
128317,Yes
128318,No
128319,No
128320,Yes
128321,No
128322,No
128323,No
128324,Yes
128325,No
128326,Yes
128327,No
128328,Yes
128329,No
128330,No
128331,No
128332,Yes
128333,No
128334,No
128335,No
128336,No
128337,No
128338,No
128339,Yes
128340,No
128341,Yes
128342,Yes
128343,No
128344,No
128345,No
128346,Yes
128347,Yes
128348,Yes
128349,No
128350,No
128351,Yes
128352,No
128353,Yes
128354,No
128355,No
128356,Yes
128357,No
128358,No
128359,Yes
128360,Yes
128361,No
128362,Yes
128363,Yes
128364,Yes
128365,No
128366,No
128367,No
128368,No
128369,No
128370,No
128371,No
128372,No
128373,No
128374,No
128375,No
128376,No
128377,Yes
128378,No
128379,No
128380,No
128381,Yes
128382,No
128383,No
128384,No
128385,No
128386,Yes
128387,Yes
128388,No
128389,No
128390,Yes
128391,No
128392,Yes
128393,Yes
128394,Yes
128395,No
128396,No
128397,Yes
128398,No
128399,No
128400,Yes
128401,Yes
128402,No
128403,Yes
128404,Yes
128405,Yes
128406,Yes
128407,No
128408,Yes
128409,No
128410,No
128411,No
128412,No
128413,No
128414,No
128415,Yes
128416,No
128417,No
128418,No
128419,Yes
128420,Yes
128421,No
128422,No
128423,No
128424,Yes
128425,Yes
128426,Yes
128427,Yes
128428,No
128429,Yes
128430,No
128431,Yes
128432,No
128433,No
128434,No
128435,No
128436,No
128437,No
128438,No
128439,No
128440,No
128441,Yes
128442,No
128443,Yes
128444,No
128445,No
128446,No
128447,Yes
128448,No
128449,No
128450,No
128451,No
128452,No
128453,Yes
128454,Yes
128455,Yes
128456,Yes
128457,Yes
128458,No
128459,No
128460,No
128461,No
128462,Yes
128463,No
128464,No
128465,No
128466,No
128467,No
128468,No
128469,No
128470,Yes
128471,Yes
128472,Yes
128473,No
128474,Yes
128475,Yes
128476,Yes
128477,No
128478,Yes
128479,No
128480,Yes
128481,Yes
128482,No
128483,No
128484,No
128485,No
128486,No
128487,No
128488,No
128489,No
128490,Yes
128491,Yes
128492,Yes
128493,No
128494,No
128495,No
128496,No
128497,No
128498,No
128499,No
128500,No
128501,No
128502,No
128503,No
128504,Yes
128505,Yes
128506,Yes
128507,Yes
128508,No
128509,Yes
128510,Yes
128511,No
128512,Yes
128513,Yes
128514,No
128515,Yes
128516,No
128517,No
128518,No
128519,Yes
128520,No
128521,No
128522,No
128523,No
128524,Yes
128525,No
128526,No
128527,No
128528,No
128529,No
128530,Yes
128531,No
128532,Yes
128533,No
128534,Yes
128535,Yes
128536,No
128537,No
128538,No
128539,No
128540,Yes
128541,No
128542,No
128543,No
128544,Yes
128545,No
128546,Yes
128547,No
128548,Yes
128549,No
128550,No
128551,No
128552,No
128553,No
128554,Yes
128555,Yes
128556,Yes
128557,Yes
128558,Yes
128559,No
128560,No
128561,No
128562,Yes
128563,No
128564,No
128565,No
128566,No
128567,Yes
128568,No
128569,Yes
128570,No
128571,Yes
128572,No
128573,No
128574,No
128575,Yes
128576,Yes
128577,No
128578,No
128579,No
128580,Yes
128581,No
128582,Yes
128583,No
128584,No
128585,No
128586,No
128587,No
128588,No
128589,No
128590,No
128591,No
128592,No
128593,No
128594,No
128595,No
128596,No
128597,Yes
128598,No
128599,No
128600,No
128601,Yes
128602,No
128603,No
128604,No
128605,Yes
128606,No
128607,No
128608,No
128609,Yes
128610,No
128611,No
128612,No
128613,Yes
128614,No
128615,No
128616,Yes
128617,Yes
128618,No
128619,No
128620,No
128621,Yes
128622,No
128623,No
128624,No
128625,No
128626,No
128627,Yes
128628,No
128629,No
128630,Yes
128631,Yes
128632,Yes
128633,No
128634,Yes
128635,No
128636,No
128637,No
128638,No
128639,No
128640,Yes
128641,Yes
128642,No
128643,Yes
128644,Yes
128645,No
128646,No
128647,Yes
128648,No
128649,No
128650,No
128651,No
128652,No
128653,No
128654,No
128655,No
128656,No
128657,No
128658,Yes
128659,No
128660,Yes
128661,No
128662,No
128663,Yes
128664,Yes
128665,No
128666,No
128667,Yes
128668,No
128669,Yes
128670,No
128671,No
128672,Yes
128673,Yes
128674,No
128675,No
128676,No
128677,Yes
128678,No
128679,Yes
128680,Yes
128681,No
128682,No
128683,No
128684,No
128685,Yes
128686,Yes
128687,No
128688,No
128689,No
128690,Yes
128691,Yes
128692,Yes
128693,Yes
128694,No
128695,Yes
128696,No
128697,Yes
128698,No
128699,No
128700,Yes
128701,No
128702,Yes
128703,No
128704,Yes
128705,Yes
128706,No
128707,No
128708,Yes
128709,No
128710,Yes
128711,Yes
128712,No
128713,No
128714,No
128715,No
128716,Yes
128717,Yes
128718,Yes
128719,Yes
128720,No
128721,Yes
128722,No
128723,Yes
128724,Yes
128725,No
128726,Yes
128727,Yes
128728,No
128729,Yes
128730,No
128731,No
128732,No
128733,No
128734,No
128735,No
128736,Yes
128737,No
128738,Yes
128739,No
128740,Yes
128741,No
128742,No
128743,Yes
128744,No
128745,No
128746,No
128747,Yes
128748,No
128749,No
128750,No
128751,No
128752,Yes
128753,No
128754,No
128755,No
128756,No
128757,Yes
128758,No
128759,No
128760,No
128761,Yes
128762,No
128763,Yes
128764,Yes
128765,No
128766,No
128767,Yes
128768,No
128769,Yes
128770,No
128771,No
128772,Yes
128773,Yes
128774,No
128775,Yes
128776,No
128777,No
128778,No
128779,No
128780,No
128781,No
128782,No
128783,No
128784,Yes
128785,No
128786,No
128787,Yes
128788,Yes
128789,No
128790,No
128791,No
128792,Yes
128793,No
128794,No
128795,No
128796,Yes
128797,Yes
128798,No
128799,No
128800,No
128801,Yes
128802,No
128803,Yes
128804,No
128805,No
128806,Yes
128807,No
128808,No
128809,Yes
128810,Yes
128811,Yes
128812,No
128813,Yes
128814,Yes
128815,Yes
128816,Yes
128817,Yes
128818,No
128819,No
128820,Yes
128821,Yes
128822,No
128823,No
128824,No
128825,Yes
128826,No
128827,No
128828,No
128829,No
128830,No
128831,No
128832,No
128833,No
128834,No
128835,No
128836,Yes
128837,No
128838,No
128839,Yes
128840,Yes
128841,Yes
128842,Yes
128843,Yes
128844,No
128845,No
128846,Yes
128847,Yes
128848,No
128849,No
128850,Yes
128851,Yes
128852,No
128853,Yes
128854,No
128855,No
128856,Yes
128857,Yes
128858,No
128859,No
128860,No
128861,Yes
128862,Yes
128863,No
128864,Yes
128865,No
128866,No
128867,No
128868,No
128869,No
128870,No
128871,No
128872,Yes
128873,Yes
128874,Yes
128875,No
128876,Yes
128877,No
128878,No
128879,No
128880,No
128881,Yes
128882,No
128883,No
128884,Yes
128885,No
128886,Yes
128887,No
128888,Yes
128889,No
128890,Yes
128891,No
128892,No
128893,Yes
128894,No
128895,No
128896,Yes
128897,No
128898,No
128899,Yes
128900,Yes
128901,Yes
128902,No
128903,Yes
128904,No
128905,No
128906,No
128907,No
128908,Yes
128909,No
128910,No
128911,Yes
128912,Yes
128913,No
128914,Yes
128915,No
128916,No
128917,Yes
128918,No
128919,Yes
128920,No
128921,No
128922,Yes
128923,Yes
128924,Yes
128925,No
128926,No
128927,No
128928,Yes
128929,No
128930,No
128931,Yes
128932,Yes
128933,Yes
128934,No
128935,No
128936,No
128937,No
128938,No
128939,No
128940,No
128941,Yes
128942,No
128943,No
128944,Yes
128945,No
128946,Yes
128947,No
128948,No
128949,Yes
128950,Yes
128951,Yes
128952,No
128953,No
128954,No
128955,No
128956,Yes
128957,No
128958,No
128959,Yes
128960,No
128961,Yes
128962,Yes
128963,No
128964,No
128965,No
128966,Yes
128967,Yes
128968,No
128969,No
128970,No
128971,Yes
128972,Yes
128973,No
128974,No
128975,No
128976,No
128977,No
128978,No
128979,No
128980,No
128981,No
128982,Yes
128983,No
128984,No
128985,Yes
128986,No
128987,Yes
128988,Yes
128989,Yes
128990,No
128991,No
128992,No
128993,Yes
128994,No
128995,No
128996,No
128997,No
128998,Yes
128999,No
129000,No
129001,Yes
129002,No
129003,No
129004,No
129005,No
129006,No
129007,No
129008,Yes
129009,No
129010,Yes
129011,No
129012,No
129013,No
129014,No
129015,No
129016,No
129017,Yes
129018,No
129019,No
129020,Yes
129021,No
129022,Yes
129023,Yes
129024,Yes
129025,No
129026,No
129027,Yes
129028,Yes
129029,Yes
129030,Yes
129031,Yes
129032,No
129033,No
129034,No
129035,Yes
129036,Yes
129037,Yes
129038,No
129039,Yes
129040,No
129041,Yes
129042,Yes
129043,No
129044,No
129045,No
129046,No
129047,No
129048,No
129049,Yes
129050,Yes
129051,Yes
129052,No
129053,No
129054,Yes
129055,No
129056,Yes
129057,No
129058,Yes
129059,No
129060,No
129061,No
129062,Yes
129063,No
129064,Yes
129065,Yes
129066,Yes
129067,Yes
129068,No
129069,No
129070,No
129071,No
129072,Yes
129073,No
129074,No
129075,No
129076,No
129077,No
129078,Yes
129079,Yes
129080,No
129081,Yes
129082,No
129083,Yes
129084,Yes
129085,No
129086,No
129087,No
129088,No
129089,No
129090,Yes
129091,No
129092,No
129093,No
129094,Yes
129095,No
129096,No
129097,No
129098,Yes
129099,No
129100,No
129101,No
129102,Yes
129103,No
129104,Yes
129105,Yes
129106,No
129107,No
129108,Yes
129109,No
129110,Yes
129111,Yes
129112,No
129113,No
129114,No
129115,No
129116,No
129117,No
129118,No
129119,Yes
129120,No
129121,Yes
129122,No
129123,Yes
129124,Yes
129125,No
129126,No
129127,Yes
129128,Yes
129129,No
129130,Yes
129131,No
129132,No
129133,Yes
129134,No
129135,No
129136,No
129137,No
129138,No
129139,No
129140,Yes
129141,No
129142,Yes
129143,Yes
129144,No
129145,No
129146,No
129147,No
129148,Yes
129149,No
129150,No
129151,No
129152,No
129153,Yes
129154,No
129155,No
129156,No
129157,No
129158,Yes
129159,No
129160,No
129161,Yes
129162,No
129163,Yes
129164,No
129165,No
129166,No
129167,No
129168,No
129169,No
129170,No
129171,No
129172,No
129173,No
129174,Yes
129175,Yes
129176,No
129177,No
129178,Yes
129179,Yes
129180,No
129181,Yes
129182,No
129183,Yes
129184,No
129185,Yes
129186,Yes
129187,No
129188,No
129189,Yes
129190,Yes
129191,No
129192,Yes
129193,Yes
129194,Yes
129195,No
129196,No
129197,Yes
129198,No
129199,No
129200,Yes
129201,No
129202,Yes
129203,No
129204,No
129205,No
129206,Yes
129207,No
129208,No
129209,No
129210,Yes
129211,Yes
129212,Yes
129213,No
129214,Yes
129215,No
129216,Yes
129217,No
129218,No
129219,Yes
129220,Yes
129221,Yes
129222,No
129223,No
129224,Yes
129225,Yes
129226,No
129227,Yes
129228,Yes
129229,No
129230,No
129231,No
129232,No
129233,Yes
129234,No
129235,Yes
129236,No
129237,No
129238,Yes
129239,Yes
129240,Yes
129241,No
129242,Yes
129243,No
129244,Yes
129245,Yes
129246,No
129247,No
129248,No
129249,No
129250,Yes
129251,No
129252,No
129253,No
129254,No
129255,Yes
129256,Yes
129257,No
129258,No
129259,No
129260,No
129261,Yes
129262,No
129263,No
129264,Yes
129265,No
129266,No
129267,No
129268,Yes
129269,No
129270,Yes
129271,Yes
129272,No
129273,No
129274,Yes
129275,No
129276,Yes
129277,No
129278,Yes
129279,Yes
129280,Yes
129281,Yes
129282,Yes
129283,No
129284,Yes
129285,No
129286,Yes
129287,No
129288,No
129289,Yes
129290,No
129291,No
129292,No
129293,No
129294,No
129295,No
129296,No
129297,No
129298,Yes
129299,Yes
129300,No
129301,No
129302,Yes
129303,Yes
129304,No
129305,Yes
129306,No
129307,Yes
129308,Yes
129309,No
129310,No
129311,No
129312,No
129313,Yes
129314,No
129315,No
129316,Yes
129317,No
129318,No
129319,Yes
129320,No
129321,No
129322,No
129323,Yes
129324,No
129325,No
129326,Yes
129327,No
129328,Yes
129329,Yes
129330,No
129331,Yes
129332,Yes
129333,No
129334,Yes
129335,Yes
129336,No
129337,No
129338,Yes
129339,No
129340,Yes
129341,Yes
129342,No
129343,No
129344,Yes
129345,No
129346,No
129347,No
129348,No
129349,Yes
129350,Yes
129351,Yes
129352,Yes
129353,Yes
129354,Yes
129355,Yes
129356,Yes
129357,No
129358,Yes
129359,Yes
129360,Yes
129361,No
129362,Yes
129363,No
129364,No
129365,Yes
129366,No
129367,No
129368,No
129369,No
129370,No
129371,No
129372,No
129373,Yes
129374,Yes
129375,No
129376,No
129377,No
129378,Yes
129379,Yes
129380,No
129381,No
129382,No
129383,No
129384,Yes
129385,Yes
129386,No
129387,Yes
129388,No
129389,Yes
129390,No
129391,Yes
129392,Yes
129393,No
129394,No
129395,Yes
129396,Yes
129397,No
129398,No
129399,Yes
129400,No
129401,No
129402,Yes
129403,No
129404,Yes
129405,No
129406,Yes
129407,Yes
129408,Yes
129409,No
129410,Yes
129411,Yes
129412,No
129413,Yes
129414,No
129415,Yes
129416,No
129417,Yes
129418,Yes
129419,No
129420,No
129421,No
129422,No
129423,No
129424,Yes
129425,No
129426,Yes
129427,No
129428,No
129429,Yes
129430,No
129431,No
129432,No
129433,No
129434,No
129435,No
129436,Yes
129437,No
129438,Yes
129439,Yes
129440,Yes
129441,Yes
129442,No
129443,No
129444,No
129445,Yes
129446,Yes
129447,No
129448,Yes
129449,Yes
129450,No
129451,Yes
129452,Yes
129453,No
129454,Yes
129455,No
129456,Yes
129457,No
129458,No
129459,Yes
129460,No
129461,Yes
129462,No
129463,Yes
129464,Yes
129465,Yes
129466,No
129467,Yes
129468,Yes
129469,No
129470,Yes
129471,No
129472,No
129473,No
129474,No
129475,No
129476,Yes
129477,No
129478,No
129479,No
129480,No
129481,No
129482,Yes
129483,No
129484,No
129485,Yes
129486,Yes
129487,No
129488,No
129489,No
129490,No
129491,Yes
129492,No
129493,Yes
129494,No
129495,No
129496,No
129497,No
129498,Yes
129499,No
129500,No
129501,No
129502,No
129503,Yes
129504,No
129505,Yes
129506,No
129507,No
129508,Yes
129509,Yes
129510,No
129511,Yes
129512,Yes
129513,Yes
129514,Yes
129515,No
129516,No
129517,No
129518,No
129519,No
129520,No
129521,No
129522,Yes
129523,No
129524,Yes
129525,No
129526,Yes
129527,Yes
129528,No
129529,No
129530,No
129531,No
129532,Yes
129533,No
129534,No
129535,No
129536,No
129537,Yes
129538,Yes
129539,Yes
129540,Yes
129541,No
129542,No
129543,No
129544,Yes
129545,Yes
129546,Yes
129547,No
129548,No
129549,No
129550,Yes
129551,No
129552,Yes
129553,No
129554,Yes
129555,No
129556,Yes
129557,No
129558,Yes
129559,No
129560,No
129561,Yes
129562,No
129563,Yes
129564,Yes
129565,No
129566,No
129567,Yes
129568,No
129569,Yes
129570,Yes
129571,Yes
129572,Yes
129573,No
129574,Yes
129575,Yes
129576,Yes
129577,Yes
129578,Yes
129579,No
129580,No
129581,No
129582,No
129583,Yes
129584,No
129585,No
129586,No
129587,No
129588,No
129589,No
129590,No
129591,Yes
129592,Yes
129593,No
129594,No
129595,No
129596,Yes
129597,No
129598,No
129599,No
129600,No
129601,No
129602,No
129603,No
129604,No
129605,Yes
129606,No
129607,No
129608,Yes
129609,Yes
129610,Yes
129611,Yes
129612,No
129613,No
129614,Yes
129615,No
129616,No
129617,No
129618,Yes
129619,Yes
129620,Yes
129621,Yes
129622,Yes
129623,No
129624,No
129625,Yes
129626,No
129627,Yes
129628,No
129629,No
129630,No
129631,Yes
129632,No
129633,No
129634,Yes
129635,Yes
129636,Yes
129637,No
129638,Yes
129639,No
129640,Yes
129641,Yes
129642,Yes
129643,Yes
129644,Yes
129645,Yes
129646,Yes
129647,No
129648,Yes
129649,Yes
129650,Yes
129651,Yes
129652,Yes
129653,No
129654,No
129655,Yes
129656,No
129657,Yes
129658,No
129659,Yes
129660,Yes
129661,No
129662,No
129663,No
129664,Yes
129665,No
129666,Yes
129667,No
129668,Yes
129669,Yes
129670,Yes
129671,No
129672,Yes
129673,No
129674,Yes
129675,Yes
129676,Yes
129677,Yes
129678,Yes
129679,Yes
129680,Yes
129681,No
129682,Yes
129683,Yes
129684,No
129685,Yes
129686,No
129687,No
129688,Yes
129689,No
129690,No
129691,Yes
129692,No
129693,No
129694,No
129695,No
129696,No
129697,No
129698,No
129699,No
129700,No
129701,Yes
129702,No
129703,Yes
129704,No
129705,No
129706,Yes
129707,No
129708,Yes
129709,Yes
129710,No
129711,No
129712,Yes
129713,No
129714,Yes
129715,No
129716,No
129717,Yes
129718,No
129719,No
129720,No
129721,Yes
129722,Yes
129723,Yes
129724,Yes
129725,No
129726,No
129727,Yes
129728,Yes
129729,No
129730,No
129731,No
129732,No
129733,No
129734,Yes
129735,No
129736,Yes
129737,No
129738,No
129739,No
129740,No
129741,No
129742,Yes
129743,No
129744,No
129745,Yes
129746,Yes
129747,No
129748,No
129749,No
129750,No
129751,No
129752,No
129753,Yes
129754,Yes
129755,No
129756,No
129757,Yes
129758,Yes
129759,No
129760,Yes
129761,No
129762,No
129763,Yes
129764,No
129765,Yes
129766,No
129767,No
129768,No
129769,Yes
129770,Yes
129771,Yes
129772,No
129773,No
129774,No
129775,No
129776,No
129777,No
129778,Yes
129779,Yes
129780,Yes
129781,No
129782,Yes
129783,No
129784,No
129785,No
129786,Yes
129787,No
129788,No
129789,No
129790,No
129791,Yes
129792,Yes
129793,Yes
129794,No
129795,No
129796,Yes
129797,No
129798,Yes
129799,Yes
129800,No
129801,No
129802,No
129803,Yes
129804,No
129805,No
129806,No
129807,No
129808,Yes
129809,Yes
129810,Yes
129811,No
129812,No
129813,No
129814,Yes
129815,No
129816,No
129817,No
129818,No
129819,Yes
129820,No
129821,No
129822,Yes
129823,Yes
129824,No
129825,No
129826,No
129827,No
129828,Yes
129829,No
129830,No
129831,Yes
129832,Yes
129833,No
129834,No
129835,Yes
129836,No
129837,No
129838,No
129839,No
129840,No
129841,No
129842,No
129843,Yes
129844,No
129845,No
129846,Yes
129847,No
129848,No
129849,No
129850,No
129851,Yes
129852,Yes
129853,Yes
129854,No
129855,No
129856,Yes
129857,No
129858,No
129859,Yes
129860,No
129861,No
129862,No
129863,No
129864,No
129865,No
129866,Yes
129867,No
129868,No
129869,Yes
129870,No
129871,Yes
129872,No
129873,No
129874,No
129875,No
129876,No
129877,Yes
129878,No
129879,Yes
129880,No
129881,Yes
129882,No
129883,No
129884,Yes
129885,No
129886,No
129887,No
129888,No
129889,No
129890,No
129891,No
129892,No
129893,No
129894,No
129895,No
129896,No
129897,No
129898,Yes
129899,No
129900,No
129901,Yes
129902,No
129903,No
129904,No
129905,No
129906,Yes
129907,No
129908,Yes
129909,No
129910,No
129911,No
129912,No
129913,No
129914,Yes
129915,No
129916,Yes
129917,No
129918,No
129919,No
129920,Yes
129921,Yes
129922,Yes
129923,Yes
129924,No
129925,Yes
129926,Yes
129927,Yes
129928,Yes
129929,Yes
129930,No
129931,No
129932,Yes
129933,No
129934,No
129935,Yes
129936,No
129937,Yes
129938,Yes
129939,No
129940,Yes
129941,No
129942,No
129943,Yes
129944,No
129945,No
129946,No
129947,Yes
129948,Yes
129949,Yes
129950,No
129951,Yes
129952,No
129953,No
129954,Yes
129955,Yes
129956,No
129957,No
129958,No
129959,No
129960,Yes
129961,Yes
129962,Yes
129963,No
129964,No
129965,No
129966,Yes
129967,No
129968,No
129969,Yes
129970,Yes
129971,No
129972,Yes
129973,No
129974,Yes
129975,No
129976,No
129977,Yes
129978,Yes
129979,Yes
129980,Yes
129981,No
129982,Yes
129983,No
129984,No
129985,Yes
129986,No
129987,No
129988,No
129989,Yes
129990,Yes
129991,No
129992,No
129993,No
129994,Yes
129995,Yes
129996,No
129997,No
129998,Yes
129999,No
130000,No
130001,Yes
130002,No
130003,No
130004,No
130005,Yes
130006,No
130007,Yes
130008,Yes
130009,Yes
130010,No
130011,No
130012,No
130013,No
130014,No
130015,Yes
130016,Yes
130017,No
130018,Yes
130019,No
130020,No
130021,No
130022,Yes
130023,No
130024,No
130025,No
130026,No
130027,Yes
130028,Yes
130029,Yes
130030,No
130031,No
130032,Yes
130033,Yes
130034,No
130035,No
130036,No
130037,Yes
130038,Yes
130039,Yes
130040,No
130041,Yes
130042,No
130043,Yes
130044,No
130045,No
130046,Yes
130047,No
130048,Yes
130049,No
130050,No
130051,No
130052,No
130053,No
130054,Yes
130055,No
130056,No
130057,No
130058,No
130059,Yes
130060,Yes
130061,No
130062,Yes
130063,Yes
130064,No
130065,Yes
130066,No
130067,Yes
130068,Yes
130069,No
130070,Yes
130071,No
130072,Yes
130073,No
130074,No
130075,Yes
130076,Yes
130077,Yes
130078,Yes
130079,No
130080,No
130081,No
130082,No
130083,No
130084,No
130085,Yes
130086,No
130087,No
130088,No
130089,Yes
130090,No
130091,No
130092,No
130093,No
130094,No
130095,Yes
130096,Yes
130097,Yes
130098,Yes
130099,No
130100,No
130101,Yes
130102,No
130103,No
130104,No
130105,No
130106,No
130107,No
130108,No
130109,No
130110,Yes
130111,No
130112,No
130113,Yes
130114,No
130115,Yes
130116,No
130117,Yes
130118,Yes
130119,Yes
130120,Yes
130121,Yes
130122,No
130123,No
130124,No
130125,Yes
130126,No
130127,Yes
130128,No
130129,No
130130,Yes
130131,Yes
130132,No
130133,Yes
130134,No
130135,No
130136,Yes
130137,No
130138,No
130139,No
130140,No
130141,Yes
130142,No
130143,No
130144,No
130145,No
130146,Yes
130147,No
130148,Yes
130149,Yes
130150,No
130151,No
130152,No
130153,No
130154,No
130155,Yes
130156,No
130157,No
130158,No
130159,No
130160,No
130161,Yes
130162,No
130163,No
130164,Yes
130165,No
130166,No
130167,No
130168,No
130169,No
130170,No
130171,No
130172,Yes
130173,Yes
130174,No
130175,No
130176,No
130177,No
130178,Yes
130179,No
130180,No
130181,No
130182,No
130183,No
130184,No
130185,No
130186,No
130187,No
130188,No
130189,No
130190,No
130191,No
130192,No
130193,No
130194,Yes
130195,No
130196,No
130197,No
130198,No
130199,No
130200,No
130201,No
130202,No
130203,No
130204,Yes
130205,No
130206,No
130207,No
130208,Yes
130209,No
130210,No
130211,Yes
130212,No
130213,Yes
130214,No
130215,No
130216,Yes
130217,No
130218,No
130219,No
130220,No
130221,Yes
130222,Yes
130223,No
130224,No
130225,No
130226,No
130227,No
130228,No
130229,Yes
130230,No
130231,Yes
130232,No
130233,Yes
130234,No
130235,Yes
130236,Yes
130237,Yes
130238,Yes
130239,No
130240,No
130241,Yes
130242,Yes
130243,No
130244,Yes
130245,No
130246,No
130247,Yes
130248,No
130249,No
130250,No
130251,Yes
130252,No
130253,Yes
130254,No
130255,No
130256,Yes
130257,No
130258,No
130259,Yes
130260,No
130261,Yes
130262,Yes
130263,No
130264,Yes
130265,No
130266,No
130267,No
130268,Yes
130269,No
130270,Yes
130271,No
130272,No
130273,No
130274,Yes
130275,Yes
130276,Yes
130277,No
130278,No
130279,No
130280,No
130281,Yes
130282,Yes
130283,No
130284,Yes
130285,Yes
130286,Yes
130287,No
130288,Yes
130289,No
130290,Yes
130291,Yes
130292,Yes
130293,No
130294,Yes
130295,No
130296,No
130297,No
130298,No
130299,Yes
130300,No
130301,Yes
130302,No
130303,No
130304,No
130305,No
130306,Yes
130307,No
130308,No
130309,No
130310,Yes
130311,No
130312,Yes
130313,No
130314,No
130315,Yes
130316,No
130317,No
130318,No
130319,Yes
130320,Yes
130321,Yes
130322,No
130323,No
130324,Yes
130325,Yes
130326,No
130327,No
130328,No
130329,No
130330,Yes
130331,Yes
130332,Yes
130333,No
130334,No
130335,No
130336,No
130337,No
130338,No
130339,No
130340,No
130341,No
130342,Yes
130343,No
130344,No
130345,Yes
130346,No
130347,No
130348,No
130349,No
130350,Yes
130351,Yes
130352,Yes
130353,Yes
130354,No
130355,No
130356,No
130357,No
130358,No
130359,No
130360,Yes
130361,No
130362,Yes
130363,No
130364,Yes
130365,No
130366,Yes
130367,No
130368,No
130369,No
130370,No
130371,No
130372,No
130373,Yes
130374,No
130375,No
130376,No
130377,Yes
130378,Yes
130379,No
130380,No
130381,No
130382,Yes
130383,No
130384,No
130385,No
130386,Yes
130387,Yes
130388,No
130389,No
130390,Yes
130391,No
130392,No
130393,Yes
130394,No
130395,No
130396,Yes
130397,No
130398,No
130399,Yes
130400,No
130401,No
130402,No
130403,Yes
130404,No
130405,Yes
130406,No
130407,No
130408,No
130409,No
130410,Yes
130411,Yes
130412,No
130413,No
130414,No
130415,Yes
130416,No
130417,No
130418,Yes
130419,No
130420,No
130421,Yes
130422,No
130423,Yes
130424,No
130425,No
130426,No
130427,No
130428,Yes
130429,No
130430,No
130431,No
130432,Yes
130433,No
130434,No
130435,Yes
130436,No
130437,Yes
130438,Yes
130439,No
130440,No
130441,No
130442,Yes
130443,Yes
130444,No
130445,No
130446,No
130447,Yes
130448,No
130449,No
130450,No
130451,Yes
130452,Yes
130453,No
130454,No
130455,Yes
130456,No
130457,Yes
130458,No
130459,No
130460,Yes
130461,Yes
130462,No
130463,No
130464,No
130465,Yes
130466,No
130467,No
130468,No
130469,Yes
130470,Yes
130471,No
130472,No
130473,No
130474,No
130475,No
130476,Yes
130477,No
130478,Yes
130479,No
130480,Yes
130481,No
130482,No
130483,Yes
130484,Yes
130485,Yes
130486,Yes
130487,No
130488,No
130489,Yes
130490,Yes
130491,No
130492,No
130493,No
130494,Yes
130495,Yes
130496,Yes
130497,Yes
130498,No
130499,No
130500,Yes
130501,Yes
130502,No
130503,No
130504,Yes
130505,No
130506,No
130507,No
130508,No
130509,No
130510,No
130511,No
130512,No
130513,No
130514,No
130515,Yes
130516,No
130517,No
130518,Yes
130519,No
130520,No
130521,No
130522,Yes
130523,No
130524,Yes
130525,Yes
130526,No
130527,Yes
130528,No
130529,Yes
130530,No
130531,No
130532,Yes
130533,Yes
130534,No
130535,Yes
130536,Yes
130537,No
130538,Yes
130539,Yes
130540,No
130541,No
130542,No
130543,No
130544,No
130545,No
130546,No
130547,No
130548,Yes
130549,Yes
130550,No
130551,No
130552,No
130553,No
130554,No
130555,Yes
130556,No
130557,No
130558,Yes
130559,Yes
130560,No
130561,No
130562,No
130563,Yes
130564,No
130565,Yes
130566,No
130567,Yes
130568,Yes
130569,Yes
130570,Yes
130571,No
130572,No
130573,No
130574,No
130575,Yes
130576,No
130577,No
130578,No
130579,Yes
130580,Yes
130581,Yes
130582,Yes
130583,No
130584,Yes
130585,No
130586,Yes
130587,No
130588,No
130589,No
130590,No
130591,No
130592,No
130593,No
130594,Yes
130595,No
130596,Yes
130597,Yes
130598,No
130599,Yes
130600,No
130601,No
130602,No
130603,No
130604,Yes
130605,Yes
130606,No
130607,Yes
130608,Yes
130609,No
130610,No
130611,Yes
130612,Yes
130613,No
130614,No
130615,No
130616,No
130617,Yes
130618,No
130619,Yes
130620,Yes
130621,No
130622,Yes
130623,No
130624,Yes
130625,Yes
130626,Yes
130627,No
130628,No
130629,No
130630,No
130631,No
130632,No
130633,Yes
130634,No
130635,No
130636,No
130637,Yes
130638,No
130639,No
130640,No
130641,No
130642,Yes
130643,No
130644,Yes
130645,No
130646,Yes
130647,No
130648,No
130649,No
130650,Yes
130651,No
130652,No
130653,Yes
130654,No
130655,Yes
130656,No
130657,No
130658,Yes
130659,No
130660,No
130661,No
130662,No
130663,Yes
130664,No
130665,Yes
130666,No
130667,Yes
130668,No
130669,Yes
130670,No
130671,Yes
130672,Yes
130673,Yes
130674,Yes
130675,Yes
130676,No
130677,Yes
130678,No
130679,No
130680,Yes
130681,No
130682,Yes
130683,Yes
130684,No
130685,No
130686,Yes
130687,No
130688,Yes
130689,No
130690,No
130691,No
130692,No
130693,Yes
130694,Yes
130695,No
130696,Yes
130697,No
130698,No
130699,No
130700,Yes
130701,Yes
130702,No
130703,No
130704,No
130705,Yes
130706,No
130707,Yes
130708,Yes
130709,Yes
130710,No
130711,No
130712,Yes
130713,Yes
130714,Yes
130715,Yes
130716,No
130717,No
130718,No
130719,No
130720,No
130721,No
130722,No
130723,No
130724,No
130725,No
130726,Yes
130727,No
130728,No
130729,No
130730,Yes
130731,No
130732,Yes
130733,No
130734,Yes
130735,No
130736,No
130737,Yes
130738,Yes
130739,No
130740,Yes
130741,No
130742,No
130743,No
130744,Yes
130745,No
130746,No
130747,Yes
130748,Yes
130749,No
130750,Yes
130751,No
130752,No
130753,No
130754,No
130755,No
130756,Yes
130757,No
130758,No
130759,Yes
130760,No
130761,No
130762,No
130763,Yes
130764,No
130765,No
130766,No
130767,No
130768,No
130769,Yes
130770,No
130771,Yes
130772,No
130773,Yes
130774,No
130775,No
130776,No
130777,No
130778,No
130779,No
130780,No
130781,No
130782,No
130783,No
130784,Yes
130785,No
130786,No
130787,No
130788,Yes
130789,No
130790,Yes
130791,No
130792,Yes
130793,No
130794,No
130795,No
130796,No
130797,No
130798,No
130799,Yes
130800,No
130801,No
130802,No
130803,No
130804,No
130805,No
130806,No
130807,No
130808,No
130809,No
130810,No
130811,Yes
130812,No
130813,No
130814,No
130815,No
130816,Yes
130817,Yes
130818,No
130819,No
130820,No
130821,No
130822,Yes
130823,No
130824,No
130825,Yes
130826,Yes
130827,Yes
130828,Yes
130829,No
130830,Yes
130831,No
130832,No
130833,Yes
130834,Yes
130835,Yes
130836,Yes
130837,Yes
130838,No
130839,No
130840,No
130841,Yes
130842,Yes
130843,No
130844,Yes
130845,Yes
130846,Yes
130847,Yes
130848,Yes
130849,No
130850,Yes
130851,No
130852,Yes
130853,Yes
130854,No
130855,Yes
130856,No
130857,Yes
130858,No
130859,No
130860,Yes
130861,Yes
130862,No
130863,No
130864,Yes
130865,Yes
130866,No
130867,No
130868,Yes
130869,No
130870,No
130871,No
130872,No
130873,No
130874,No
130875,No
130876,Yes
130877,Yes
130878,Yes
130879,No
130880,No
130881,Yes
130882,No
130883,Yes
130884,No
130885,No
130886,No
130887,Yes
130888,No
130889,No
130890,No
130891,Yes
130892,No
130893,Yes
130894,No
130895,No
130896,Yes
130897,No
130898,No
130899,No
130900,Yes
130901,No
130902,Yes
130903,No
130904,No
130905,Yes
130906,No
130907,No
130908,No
130909,No
130910,Yes
130911,No
130912,No
130913,Yes
130914,No
130915,No
130916,No
130917,No
130918,No
130919,No
130920,No
130921,No
130922,No
130923,Yes
130924,No
130925,No
130926,No
130927,Yes
130928,Yes
130929,Yes
130930,No
130931,Yes
130932,No
130933,No
130934,No
130935,No
130936,Yes
130937,No
130938,Yes
130939,Yes
130940,Yes
130941,No
130942,Yes
130943,No
130944,Yes
130945,No
130946,No
130947,No
130948,No
130949,No
130950,No
130951,Yes
130952,No
130953,No
130954,Yes
130955,Yes
130956,Yes
130957,No
130958,No
130959,Yes
130960,No
130961,Yes
130962,Yes
130963,No
130964,Yes
130965,No
130966,No
130967,No
130968,No
130969,No
130970,No
130971,No
130972,No
130973,Yes
130974,No
130975,Yes
130976,Yes
130977,No
130978,Yes
130979,No
130980,Yes
130981,No
130982,No
130983,No
130984,Yes
130985,Yes
130986,No
130987,No
130988,Yes
130989,No
130990,Yes
130991,Yes
130992,Yes
130993,Yes
130994,Yes
130995,No
130996,No
130997,Yes
130998,Yes
130999,Yes
131000,Yes
131001,Yes
131002,No
131003,Yes
131004,No
131005,No
131006,No
131007,No
131008,Yes
131009,Yes
131010,No
131011,Yes
131012,No
131013,Yes
131014,No
131015,No
131016,No
131017,No
131018,No
131019,No
131020,No
131021,Yes
131022,No
131023,No
131024,No
131025,No
131026,Yes
131027,Yes
131028,No
131029,Yes
131030,Yes
131031,Yes
131032,No
131033,No
131034,Yes
131035,Yes
131036,No
131037,No
131038,No
131039,No
131040,No
131041,No
131042,No
131043,No
131044,Yes
131045,No
131046,Yes
131047,No
131048,No
131049,No
131050,Yes
131051,No
131052,No
131053,No
131054,Yes
131055,Yes
131056,No
131057,No
131058,Yes
131059,Yes
131060,No
131061,Yes
131062,Yes
131063,Yes
131064,No
131065,No
131066,Yes
131067,No
131068,No
131069,Yes
131070,No
131071,No
131072,No
131073,Yes
131074,No
131075,No
131076,No
131077,No
131078,No
131079,No
131080,No
131081,No
131082,No
131083,No
131084,Yes
131085,Yes
131086,No
131087,No
131088,Yes
131089,Yes
131090,Yes
131091,No
131092,Yes
131093,No
131094,No
131095,Yes
131096,No
131097,No
131098,No
131099,Yes
131100,No
131101,No
131102,Yes
131103,No
131104,No
131105,Yes
131106,No
131107,Yes
131108,No
131109,Yes
131110,Yes
131111,No
131112,No
131113,No
131114,Yes
131115,Yes
131116,Yes
131117,Yes
131118,Yes
131119,Yes
131120,No
131121,No
131122,Yes
131123,Yes
131124,No
131125,No
131126,Yes
131127,Yes
131128,Yes
131129,Yes
131130,No
131131,No
131132,Yes
131133,No
131134,Yes
131135,No
131136,No
131137,Yes
131138,Yes
131139,No
131140,Yes
131141,No
131142,No
131143,No
131144,Yes
131145,Yes
131146,Yes
131147,Yes
131148,Yes
131149,No
131150,No
131151,No
131152,No
131153,No
131154,No
131155,No
131156,Yes
131157,No
131158,No
131159,No
131160,No
131161,Yes
131162,No
131163,No
131164,No
131165,No
131166,No
131167,Yes
131168,No
131169,Yes
131170,No
131171,No
131172,Yes
131173,No
131174,No
131175,Yes
131176,Yes
131177,Yes
131178,No
131179,No
131180,No
131181,Yes
131182,Yes
131183,Yes
131184,Yes
131185,Yes
131186,No
131187,Yes
131188,No
131189,No
131190,No
131191,No
131192,Yes
131193,Yes
131194,Yes
131195,No
131196,No
131197,Yes
131198,Yes
131199,No
131200,No
131201,No
131202,No
131203,No
131204,Yes
131205,No
131206,Yes
131207,Yes
131208,No
131209,No
131210,Yes
131211,Yes
131212,No
131213,No
131214,No
131215,No
131216,No
131217,No
131218,No
131219,No
131220,No
131221,No
131222,Yes
131223,No
131224,Yes
131225,No
131226,Yes
131227,Yes
131228,Yes
131229,No
131230,No
131231,Yes
131232,No
131233,No
131234,No
131235,Yes
131236,No
131237,No
131238,Yes
131239,Yes
131240,No
131241,No
131242,No
131243,No
131244,Yes
131245,No
131246,No
131247,No
131248,No
131249,Yes
131250,Yes
131251,No
131252,No
131253,No
131254,No
131255,No
131256,No
131257,Yes
131258,No
131259,No
131260,No
131261,Yes
131262,No
131263,No
131264,No
131265,Yes
131266,No
131267,Yes
131268,Yes
131269,No
131270,No
131271,No
131272,Yes
131273,Yes
131274,No
131275,Yes
131276,Yes
131277,No
131278,Yes
131279,No
131280,No
131281,No
131282,No
131283,No
131284,No
131285,No
131286,No
131287,No
131288,Yes
131289,No
131290,Yes
131291,No
131292,Yes
131293,Yes
131294,Yes
131295,No
131296,No
131297,Yes
131298,No
131299,No
131300,No
131301,Yes
131302,Yes
131303,No
131304,Yes
131305,No
131306,No
131307,No
131308,Yes
131309,No
131310,Yes
131311,No
131312,No
131313,No
131314,No
131315,No
131316,No
131317,No
131318,Yes
131319,No
131320,Yes
131321,No
131322,Yes
131323,Yes
131324,Yes
131325,No
131326,No
131327,No
131328,Yes
131329,No
131330,Yes
131331,Yes
131332,No
131333,No
131334,Yes
131335,No
131336,No
131337,No
131338,No
131339,No
131340,No
131341,No
131342,No
131343,Yes
131344,No
131345,No
131346,No
131347,No
131348,No
131349,Yes
131350,Yes
131351,Yes
131352,Yes
131353,Yes
131354,Yes
131355,No
131356,No
131357,No
131358,No
131359,No
131360,No
131361,No
131362,Yes
131363,Yes
131364,No
131365,No
131366,No
131367,No
131368,No
131369,Yes
131370,No
131371,No
131372,No
131373,No
131374,No
131375,No
131376,No
131377,Yes
131378,No
131379,No
131380,No
131381,No
131382,Yes
131383,No
131384,No
131385,No
131386,No
131387,No
131388,Yes
131389,Yes
131390,Yes
131391,No
131392,Yes
131393,Yes
131394,No
131395,No
131396,No
131397,Yes
131398,Yes
131399,Yes
131400,Yes
131401,No
131402,No
131403,Yes
131404,No
131405,No
131406,Yes
131407,No
131408,Yes
131409,No
131410,No
131411,Yes
131412,Yes
131413,No
131414,Yes
131415,Yes
131416,No
131417,No
131418,No
131419,Yes
131420,Yes
131421,No
131422,No
131423,Yes
131424,No
131425,Yes
131426,Yes
131427,No
131428,Yes
131429,No
131430,No
131431,No
131432,No
131433,No
131434,Yes
131435,No
131436,No
131437,Yes
131438,Yes
131439,No
131440,No
131441,Yes
131442,No
131443,Yes
131444,No
131445,No
131446,No
131447,No
131448,No
131449,Yes
131450,No
131451,No
131452,Yes
131453,No
131454,Yes
131455,No
131456,No
131457,No
131458,Yes
131459,No
131460,No
131461,Yes
131462,No
131463,Yes
131464,Yes
131465,No
131466,No
131467,Yes
131468,Yes
131469,Yes
131470,No
131471,No
131472,Yes
131473,No
131474,Yes
131475,No
131476,No
131477,No
131478,Yes
131479,No
131480,Yes
131481,No
131482,Yes
131483,No
131484,No
131485,Yes
131486,No
131487,Yes
131488,Yes
131489,No
131490,No
131491,No
131492,No
131493,Yes
131494,No
131495,No
131496,No
131497,No
131498,No
131499,No
131500,Yes
131501,No
131502,No
131503,No
131504,No
131505,No
131506,Yes
131507,No
131508,No
131509,Yes
131510,No
131511,No
131512,Yes
131513,No
131514,No
131515,No
131516,No
131517,No
131518,No
131519,Yes
131520,Yes
131521,No
131522,Yes
131523,No
131524,No
131525,No
131526,Yes
131527,Yes
131528,Yes
131529,No
131530,No
131531,No
131532,Yes
131533,Yes
131534,Yes
131535,No
131536,No
131537,No
131538,Yes
131539,Yes
131540,Yes
131541,No
131542,No
131543,No
131544,Yes
131545,Yes
131546,No
131547,No
131548,No
131549,No
131550,No
131551,Yes
131552,No
131553,No
131554,Yes
131555,No
131556,No
131557,No
131558,No
131559,Yes
131560,No
131561,Yes
131562,Yes
131563,No
131564,No
131565,Yes
131566,Yes
131567,No
131568,No
131569,No
131570,No
131571,No
131572,Yes
131573,No
131574,No
131575,Yes
131576,Yes
131577,Yes
131578,Yes
131579,No
131580,No
131581,No
131582,No
131583,No
131584,No
131585,No
131586,No
131587,No
131588,No
131589,No
131590,Yes
131591,No
131592,Yes
131593,No
131594,No
131595,Yes
131596,No
131597,No
131598,No
131599,No
131600,Yes
131601,No
131602,Yes
131603,No
131604,Yes
131605,No
131606,Yes
131607,No
131608,No
131609,No
131610,Yes
131611,Yes
131612,Yes
131613,Yes
131614,No
131615,No
131616,No
131617,Yes
131618,Yes
131619,Yes
131620,Yes
131621,No
131622,No
131623,No
131624,Yes
131625,No
131626,No
131627,Yes
131628,Yes
131629,No
131630,No
131631,No
131632,Yes
131633,Yes
131634,No
131635,No
131636,No
131637,No
131638,Yes
131639,No
131640,Yes
131641,Yes
131642,No
131643,Yes
131644,No
131645,No
131646,Yes
131647,No
131648,No
131649,Yes
131650,No
131651,No
131652,Yes
131653,Yes
131654,No
131655,No
131656,Yes
131657,Yes
131658,Yes
131659,No
131660,Yes
131661,Yes
131662,Yes
131663,No
131664,Yes
131665,No
131666,Yes
131667,No
131668,No
131669,No
131670,Yes
131671,No
131672,No
131673,No
131674,No
131675,No
131676,No
131677,No
131678,Yes
131679,Yes
131680,No
131681,No
131682,Yes
131683,No
131684,No
131685,Yes
131686,Yes
131687,Yes
131688,Yes
131689,No
131690,Yes
131691,Yes
131692,Yes
131693,Yes
131694,Yes
131695,No
131696,Yes
131697,No
131698,No
131699,Yes
131700,No
131701,No
131702,No
131703,No
131704,No
131705,Yes
131706,Yes
131707,No
131708,No
131709,No
131710,Yes
131711,No
131712,No
131713,No
131714,No
131715,No
131716,Yes
131717,No
131718,No
131719,No
131720,Yes
131721,No
131722,Yes
131723,No
131724,Yes
131725,No
131726,Yes
131727,No
131728,No
131729,Yes
131730,Yes
131731,Yes
131732,Yes
131733,No
131734,No
131735,No
131736,Yes
131737,No
131738,No
131739,No
131740,No
131741,No
131742,Yes
131743,No
131744,No
131745,No
131746,No
131747,Yes
131748,Yes
131749,No
131750,No
131751,Yes
131752,No
131753,Yes
131754,No
131755,No
131756,No
131757,Yes
131758,No
131759,No
131760,No
131761,No
131762,Yes
131763,Yes
131764,No
131765,Yes
131766,No
131767,No
131768,No
131769,Yes
131770,No
131771,Yes
131772,No
131773,No
131774,Yes
131775,Yes
131776,Yes
131777,No
131778,No
131779,Yes
131780,Yes
131781,No
131782,Yes
131783,Yes
131784,Yes
131785,No
131786,Yes
131787,No
131788,No
131789,No
131790,No
131791,Yes
131792,Yes
131793,No
131794,Yes
131795,No
131796,Yes
131797,No
131798,No
131799,Yes
131800,No
131801,No
131802,Yes
131803,Yes
131804,No
131805,No
131806,No
131807,Yes
131808,No
131809,Yes
131810,Yes
131811,No
131812,No
131813,Yes
131814,No
131815,No
131816,Yes
131817,No
131818,No
131819,No
131820,Yes
131821,No
131822,No
131823,No
131824,No
131825,No
131826,Yes
131827,No
131828,No
131829,Yes
131830,Yes
131831,Yes
131832,Yes
131833,No
131834,Yes
131835,No
131836,Yes
131837,No
131838,No
131839,No
131840,No
131841,No
131842,No
131843,No
131844,No
131845,No
131846,No
131847,No
131848,Yes
131849,No
131850,No
131851,No
131852,Yes
131853,Yes
131854,No
131855,No
131856,No
131857,No
131858,No
131859,Yes
131860,No
131861,No
131862,No
131863,No
131864,No
131865,Yes
131866,Yes
131867,Yes
131868,No
131869,Yes
131870,Yes
131871,No
131872,Yes
131873,No
131874,No
131875,No
131876,No
131877,No
131878,Yes
131879,Yes
131880,No
131881,No
131882,No
131883,Yes
131884,No
131885,Yes
131886,No
131887,No
131888,Yes
131889,No
131890,Yes
131891,No
131892,Yes
131893,No
131894,Yes
131895,Yes
131896,Yes
131897,Yes
131898,No
131899,Yes
131900,No
131901,No
131902,No
131903,No
131904,Yes
131905,No
131906,Yes
131907,No
131908,No
131909,Yes
131910,No
131911,No
131912,No
131913,No
131914,No
131915,No
131916,Yes
131917,No
131918,No
131919,No
131920,No
131921,No
131922,Yes
131923,Yes
131924,No
131925,No
131926,No
131927,No
131928,No
131929,Yes
131930,Yes
131931,No
131932,No
131933,Yes
131934,No
131935,No
131936,No
131937,No
131938,Yes
131939,Yes
131940,No
131941,No
131942,No
131943,Yes
131944,No
131945,No
131946,No
131947,Yes
131948,No
131949,Yes
131950,Yes
131951,No
131952,No
131953,No
131954,No
131955,No
131956,Yes
131957,Yes
131958,No
131959,Yes
131960,No
131961,No
131962,Yes
131963,No
131964,Yes
131965,No
131966,Yes
131967,No
131968,No
131969,No
131970,No
131971,Yes
131972,No
131973,Yes
131974,No
131975,Yes
131976,Yes
131977,Yes
131978,No
131979,Yes
131980,Yes
131981,Yes
131982,No
131983,Yes
131984,No
131985,No
131986,No
131987,No
131988,No
131989,No
131990,No
131991,No
131992,No
131993,Yes
131994,Yes
131995,No
131996,No
131997,Yes
131998,No
131999,Yes
132000,Yes
132001,No
132002,Yes
132003,No
132004,No
132005,No
132006,No
132007,No
132008,Yes
132009,No
132010,Yes
132011,No
132012,No
132013,No
132014,No
132015,No
132016,No
132017,No
132018,No
132019,No
132020,Yes
132021,No
132022,Yes
132023,No
132024,No
132025,Yes
132026,Yes
132027,No
132028,No
132029,No
132030,Yes
132031,No
132032,No
132033,Yes
132034,No
132035,No
132036,Yes
132037,Yes
132038,No
132039,No
132040,Yes
132041,No
132042,Yes
132043,No
132044,No
132045,No
132046,No
132047,No
132048,No
132049,Yes
132050,No
132051,Yes
132052,No
132053,No
132054,No
132055,No
132056,No
132057,No
132058,Yes
132059,Yes
132060,Yes
132061,Yes
132062,Yes
132063,No
132064,No
132065,Yes
132066,Yes
132067,No
132068,Yes
132069,No
132070,No
132071,Yes
132072,Yes
132073,No
132074,Yes
132075,No
132076,No
132077,Yes
132078,No
132079,Yes
132080,No
132081,Yes
132082,Yes
132083,Yes
132084,Yes
132085,No
132086,Yes
132087,No
132088,No
132089,Yes
132090,No
132091,No
132092,Yes
132093,Yes
132094,Yes
132095,Yes
132096,No
132097,No
132098,No
132099,No
132100,No
132101,Yes
132102,No
132103,Yes
132104,No
132105,No
132106,Yes
132107,No
132108,Yes
132109,No
132110,Yes
132111,Yes
132112,Yes
132113,No
132114,No
132115,Yes
132116,Yes
132117,No
132118,No
132119,No
132120,No
132121,Yes
132122,No
132123,No
132124,No
132125,Yes
132126,No
132127,No
132128,No
132129,No
132130,No
132131,No
132132,No
132133,No
132134,Yes
132135,Yes
132136,Yes
132137,Yes
132138,No
132139,No
132140,No
132141,No
132142,No
132143,No
132144,Yes
132145,No
132146,No
132147,Yes
132148,No
132149,No
132150,No
132151,Yes
132152,No
132153,No
132154,No
132155,Yes
132156,Yes
132157,Yes
132158,No
132159,No
132160,No
132161,Yes
132162,No
132163,No
132164,Yes
132165,Yes
132166,Yes
132167,No
132168,No
132169,No
132170,No
132171,No
132172,No
132173,No
132174,No
132175,Yes
132176,No
132177,No
132178,Yes
132179,Yes
132180,No
132181,Yes
132182,No
132183,No
132184,Yes
132185,No
132186,No
132187,No
132188,No
132189,Yes
132190,Yes
132191,No
132192,Yes
132193,No
132194,Yes
132195,No
132196,Yes
132197,Yes
132198,No
132199,Yes
132200,Yes
132201,Yes
132202,Yes
132203,No
132204,No
132205,Yes
132206,Yes
132207,No
132208,Yes
132209,No
132210,No
132211,No
132212,No
132213,Yes
132214,No
132215,No
132216,No
132217,Yes
132218,Yes
132219,Yes
132220,No
132221,No
132222,Yes
132223,Yes
132224,No
132225,No
132226,Yes
132227,No
132228,Yes
132229,No
132230,Yes
132231,No
132232,Yes
132233,No
132234,No
132235,Yes
132236,No
132237,Yes
132238,No
132239,Yes
132240,No
132241,Yes
132242,Yes
132243,Yes
132244,No
132245,No
132246,No
132247,Yes
132248,No
132249,Yes
132250,No
132251,No
132252,No
132253,Yes
132254,No
132255,No
132256,Yes
132257,Yes
132258,No
132259,No
132260,No
132261,Yes
132262,No
132263,Yes
132264,No
132265,No
132266,No
132267,No
132268,No
132269,Yes
132270,No
132271,Yes
132272,Yes
132273,No
132274,No
132275,No
132276,No
132277,No
132278,No
132279,No
132280,No
132281,No
132282,No
132283,No
132284,No
132285,No
132286,No
132287,Yes
132288,No
132289,No
132290,No
132291,Yes
132292,Yes
132293,No
132294,No
132295,Yes
132296,Yes
132297,Yes
132298,No
132299,No
132300,Yes
132301,No
132302,No
132303,Yes
132304,Yes
132305,No
132306,Yes
132307,No
132308,Yes
132309,No
132310,No
132311,No
132312,Yes
132313,No
132314,Yes
132315,No
132316,No
132317,No
132318,No
132319,No
132320,Yes
132321,Yes
132322,Yes
132323,No
132324,No
132325,Yes
132326,No
132327,No
132328,No
132329,Yes
132330,No
132331,Yes
132332,Yes
132333,No
132334,No
132335,No
132336,Yes
132337,Yes
132338,Yes
132339,Yes
132340,No
132341,No
132342,Yes
132343,No
132344,Yes
132345,No
132346,Yes
132347,Yes
132348,No
132349,No
132350,Yes
132351,No
132352,No
132353,No
132354,No
132355,No
132356,No
132357,No
132358,No
132359,No
132360,Yes
132361,No
132362,Yes
132363,Yes
132364,No
132365,No
132366,No
132367,Yes
132368,Yes
132369,Yes
132370,No
132371,No
132372,No
132373,No
132374,Yes
132375,No
132376,No
132377,Yes
132378,No
132379,No
132380,No
132381,No
132382,No
132383,Yes
132384,No
132385,Yes
132386,Yes
132387,No
132388,Yes
132389,No
132390,Yes
132391,Yes
132392,Yes
132393,No
132394,No
132395,No
132396,Yes
132397,No
132398,No
132399,No
132400,No
132401,No
132402,Yes
132403,Yes
132404,No
132405,No
132406,No
132407,No
132408,Yes
132409,No
132410,No
132411,No
132412,No
132413,Yes
132414,Yes
132415,No
132416,No
132417,Yes
132418,Yes
132419,No
132420,Yes
132421,No
132422,No
132423,Yes
132424,No
132425,No
132426,No
132427,No
132428,No
132429,No
132430,No
132431,No
132432,Yes
132433,No
132434,Yes
132435,Yes
132436,No
132437,Yes
132438,Yes
132439,No
132440,No
132441,No
132442,No
132443,Yes
132444,No
132445,Yes
132446,No
132447,No
132448,No
132449,Yes
132450,No
132451,No
132452,No
132453,No
132454,No
132455,Yes
132456,No
132457,No
132458,Yes
132459,No
132460,Yes
132461,Yes
132462,No
132463,No
132464,Yes
132465,Yes
132466,No
132467,No
132468,No
132469,No
132470,Yes
132471,No
132472,No
132473,No
132474,No
132475,Yes
132476,No
132477,No
132478,No
132479,Yes
132480,No
132481,Yes
132482,No
132483,No
132484,Yes
132485,No
132486,No
132487,Yes
132488,Yes
132489,No
132490,No
132491,No
132492,Yes
132493,Yes
132494,Yes
132495,No
132496,Yes
132497,Yes
132498,No
132499,No
132500,No
132501,No
132502,No
132503,Yes
132504,Yes
132505,Yes
132506,Yes
132507,Yes
132508,Yes
132509,No
132510,Yes
132511,Yes
132512,No
132513,Yes
132514,Yes
132515,No
132516,No
132517,Yes
132518,No
132519,No
132520,Yes
132521,Yes
132522,No
132523,Yes
132524,No
132525,Yes
132526,No
132527,Yes
132528,Yes
132529,Yes
132530,Yes
132531,Yes
132532,Yes
132533,No
132534,No
132535,No
132536,No
132537,Yes
132538,Yes
132539,No
132540,Yes
132541,No
132542,No
132543,No
132544,Yes
132545,No
132546,No
132547,No
132548,No
132549,Yes
132550,No
132551,Yes
132552,Yes
132553,No
132554,Yes
132555,Yes
132556,Yes
132557,No
132558,Yes
132559,No
132560,No
132561,Yes
132562,Yes
132563,Yes
132564,No
132565,No
132566,Yes
132567,Yes
132568,No
132569,No
132570,Yes
132571,Yes
132572,No
132573,No
132574,No
132575,No
132576,No
132577,Yes
132578,Yes
132579,Yes
132580,No
132581,No
132582,No
132583,Yes
132584,Yes
132585,No
132586,Yes
132587,Yes
132588,No
132589,No
132590,No
132591,No
132592,Yes
132593,Yes
132594,No
132595,Yes
132596,No
132597,No
132598,Yes
132599,Yes
132600,No
132601,Yes
132602,Yes
132603,Yes
132604,No
132605,No
132606,No
132607,No
132608,No
132609,Yes
132610,No
132611,No
132612,No
132613,No
132614,Yes
132615,No
132616,Yes
132617,No
132618,No
132619,No
132620,Yes
132621,Yes
132622,Yes
132623,Yes
132624,No
132625,No
132626,No
132627,No
132628,No
132629,No
132630,No
132631,Yes
132632,No
132633,Yes
132634,Yes
132635,No
132636,Yes
132637,Yes
132638,Yes
132639,Yes
132640,Yes
132641,Yes
132642,Yes
132643,No
132644,Yes
132645,Yes
132646,No
132647,Yes
132648,No
132649,Yes
132650,No
132651,No
132652,No
132653,No
132654,Yes
132655,No
132656,Yes
132657,No
132658,Yes
132659,Yes
132660,No
132661,Yes
132662,Yes
132663,No
132664,No
132665,Yes
132666,Yes
132667,Yes
132668,No
132669,Yes
132670,Yes
132671,No
132672,No
132673,No
132674,Yes
132675,No
132676,No
132677,No
132678,No
132679,Yes
132680,Yes
132681,No
132682,No
132683,No
132684,No
132685,Yes
132686,No
132687,No
132688,No
132689,No
132690,No
132691,No
132692,Yes
132693,No
132694,No
132695,No
132696,No
132697,No
132698,Yes
132699,No
132700,No
132701,No
132702,No
132703,No
132704,No
132705,No
132706,No
132707,Yes
132708,Yes
132709,Yes
132710,No
132711,No
132712,No
132713,No
132714,No
132715,No
132716,No
132717,No
132718,No
132719,Yes
132720,Yes
132721,No
132722,Yes
132723,No
132724,No
132725,Yes
132726,No
132727,No
132728,Yes
132729,No
132730,Yes
132731,No
132732,Yes
132733,No
132734,Yes
132735,No
132736,Yes
132737,Yes
132738,No
132739,No
132740,Yes
132741,Yes
132742,No
132743,No
132744,No
132745,Yes
132746,No
132747,Yes
132748,Yes
132749,No
132750,Yes
132751,Yes
132752,Yes
132753,No
132754,No
132755,No
132756,Yes
132757,Yes
132758,No
132759,Yes
132760,No
132761,No
132762,No
132763,Yes
132764,Yes
132765,No
132766,Yes
132767,No
132768,Yes
132769,No
132770,No
132771,Yes
132772,Yes
132773,No
132774,No
132775,No
132776,Yes
132777,Yes
132778,Yes
132779,No
132780,No
132781,No
132782,Yes
132783,No
132784,No
132785,Yes
132786,No
132787,No
132788,No
132789,Yes
132790,No
132791,Yes
132792,Yes
132793,No
132794,Yes
132795,No
132796,No
132797,Yes
132798,No
132799,No
132800,Yes
132801,No
132802,No
132803,Yes
132804,Yes
132805,No
132806,No
132807,Yes
132808,Yes
132809,Yes
132810,Yes
132811,No
132812,Yes
132813,Yes
132814,Yes
132815,No
132816,Yes
132817,No
132818,No
132819,No
132820,No
132821,No
132822,No
132823,Yes
132824,No
132825,No
132826,No
132827,No
132828,No
132829,No
132830,No
132831,No
132832,Yes
132833,Yes
132834,Yes
132835,No
132836,Yes
132837,Yes
132838,No
132839,No
132840,No
132841,No
132842,Yes
132843,Yes
132844,No
132845,No
132846,Yes
132847,No
132848,No
132849,No
132850,No
132851,No
132852,No
132853,Yes
132854,No
132855,Yes
132856,No
132857,Yes
132858,Yes
132859,No
132860,Yes
132861,Yes
132862,No
132863,Yes
132864,No
132865,No
132866,Yes
132867,No
132868,No
132869,No
132870,No
132871,No
132872,Yes
132873,Yes
132874,No
132875,No
132876,No
132877,No
132878,No
132879,No
132880,No
132881,Yes
132882,Yes
132883,No
132884,Yes
132885,Yes
132886,No
132887,Yes
132888,No
132889,No
132890,No
132891,No
132892,Yes
132893,Yes
132894,No
132895,Yes
132896,No
132897,No
132898,Yes
132899,No
132900,Yes
132901,No
132902,No
132903,No
132904,Yes
132905,No
132906,No
132907,Yes
132908,Yes
132909,No
132910,No
132911,No
132912,No
132913,No
132914,No
132915,No
132916,Yes
132917,No
132918,Yes
132919,Yes
132920,Yes
132921,No
132922,No
132923,No
132924,No
132925,Yes
132926,No
132927,No
132928,No
132929,Yes
132930,Yes
132931,No
132932,Yes
132933,No
132934,No
132935,Yes
132936,Yes
132937,No
132938,Yes
132939,No
132940,Yes
132941,Yes
132942,No
132943,Yes
132944,Yes
132945,Yes
132946,Yes
132947,No
132948,No
132949,Yes
132950,No
132951,No
132952,No
132953,Yes
132954,No
132955,Yes
132956,Yes
132957,No
132958,No
132959,No
132960,No
132961,Yes
132962,No
132963,Yes
132964,No
132965,No
132966,No
132967,No
132968,No
132969,No
132970,No
132971,No
132972,Yes
132973,No
132974,No
132975,No
132976,Yes
132977,No
132978,Yes
132979,No
132980,No
132981,No
132982,No
132983,Yes
132984,No
132985,No
132986,Yes
132987,No
132988,No
132989,No
132990,Yes
132991,No
132992,Yes
132993,No
132994,Yes
132995,No
132996,Yes
132997,Yes
132998,No
132999,Yes
133000,No
133001,No
133002,Yes
133003,No
133004,Yes
133005,No
133006,Yes
133007,No
133008,Yes
133009,No
133010,Yes
133011,No
133012,Yes
133013,No
133014,Yes
133015,No
133016,No
133017,Yes
133018,No
133019,No
133020,No
133021,Yes
133022,No
133023,No
133024,Yes
133025,Yes
133026,No
133027,No
133028,No
133029,No
133030,Yes
133031,Yes
133032,Yes
133033,No
133034,Yes
133035,No
133036,No
133037,No
133038,No
133039,No
133040,Yes
133041,No
133042,Yes
133043,Yes
133044,No
133045,Yes
133046,No
133047,Yes
133048,Yes
133049,No
133050,No
133051,No
133052,Yes
133053,No
133054,Yes
133055,Yes
133056,Yes
133057,No
133058,Yes
133059,No
133060,No
133061,No
133062,Yes
133063,No
133064,No
133065,Yes
133066,No
133067,No
133068,No
133069,No
133070,Yes
133071,No
133072,Yes
133073,No
133074,No
133075,No
133076,No
133077,No
133078,No
133079,No
133080,No
133081,No
133082,Yes
133083,No
133084,No
133085,No
133086,No
133087,No
133088,No
133089,No
133090,Yes
133091,Yes
133092,No
133093,No
133094,Yes
133095,Yes
133096,No
133097,No
133098,No
133099,Yes
133100,Yes
133101,Yes
133102,Yes
133103,No
133104,No
133105,No
133106,No
133107,No
133108,Yes
133109,No
133110,No
133111,No
133112,No
133113,No
133114,No
133115,Yes
133116,No
133117,Yes
133118,No
133119,No
133120,No
133121,No
133122,No
133123,No
133124,No
133125,Yes
133126,No
133127,No
133128,Yes
133129,Yes
133130,No
133131,Yes
133132,No
133133,No
133134,No
133135,No
133136,No
133137,No
133138,Yes
133139,Yes
133140,Yes
133141,Yes
133142,No
133143,Yes
133144,Yes
133145,Yes
133146,No
133147,No
133148,Yes
133149,No
133150,Yes
133151,No
133152,Yes
133153,Yes
133154,No
133155,No
133156,Yes
133157,No
133158,No
133159,No
133160,No
133161,No
133162,No
133163,Yes
133164,No
133165,No
133166,Yes
133167,Yes
133168,Yes
133169,Yes
133170,No
133171,No
133172,No
133173,No
133174,Yes
133175,No
133176,No
133177,Yes
133178,No
133179,No
133180,No
133181,No
133182,No
133183,Yes
133184,No
133185,No
133186,No
133187,No
133188,Yes
133189,No
133190,No
133191,No
133192,No
133193,No
133194,No
133195,No
133196,Yes
133197,No
133198,No
133199,No
133200,No
133201,No
133202,Yes
133203,No
133204,No
133205,No
133206,No
133207,Yes
133208,Yes
133209,Yes
133210,No
133211,No
133212,No
133213,Yes
133214,No
133215,Yes
133216,Yes
133217,No
133218,No
133219,No
133220,Yes
133221,No
133222,Yes
133223,Yes
133224,No
133225,Yes
133226,Yes
133227,No
133228,No
133229,Yes
133230,Yes
133231,Yes
133232,No
133233,Yes
133234,No
133235,Yes
133236,No
133237,Yes
133238,Yes
133239,No
133240,Yes
133241,No
133242,Yes
133243,Yes
133244,Yes
133245,No
133246,No
133247,Yes
133248,Yes
133249,Yes
133250,No
133251,No
133252,No
133253,Yes
133254,Yes
133255,Yes
133256,No
133257,No
133258,No
133259,Yes
133260,Yes
133261,No
133262,Yes
133263,No
133264,No
133265,No
133266,No
133267,No
133268,No
133269,No
133270,Yes
133271,Yes
133272,No
133273,No
133274,Yes
133275,Yes
133276,No
133277,Yes
133278,No
133279,Yes
133280,Yes
133281,No
133282,No
133283,Yes
133284,No
133285,Yes
133286,No
133287,Yes
133288,No
133289,Yes
133290,No
133291,No
133292,No
133293,No
133294,Yes
133295,No
133296,No
133297,Yes
133298,No
133299,No
133300,No
133301,No
133302,No
133303,No
133304,Yes
133305,No
133306,No
133307,No
133308,No
133309,Yes
133310,No
133311,No
133312,Yes
133313,No
133314,No
133315,No
133316,Yes
133317,No
133318,Yes
133319,No
133320,No
133321,Yes
133322,No
133323,No
133324,No
133325,No
133326,Yes
133327,No
133328,Yes
133329,No
133330,Yes
133331,No
133332,No
133333,No
133334,No
133335,Yes
133336,No
133337,No
133338,No
133339,No
133340,Yes
133341,Yes
133342,Yes
133343,Yes
133344,No
133345,No
133346,No
133347,No
133348,No
133349,No
133350,Yes
133351,No
133352,No
133353,No
133354,No
133355,Yes
133356,No
133357,No
133358,No
133359,Yes
133360,No
133361,Yes
133362,No
133363,Yes
133364,Yes
133365,Yes
133366,No
133367,No
133368,No
133369,No
133370,Yes
133371,No
133372,Yes
133373,No
133374,No
133375,No
133376,No
133377,Yes
133378,Yes
133379,No
133380,Yes
133381,Yes
133382,Yes
133383,Yes
133384,No
133385,No
133386,No
133387,Yes
133388,No
133389,Yes
133390,Yes
133391,No
133392,No
133393,Yes
133394,No
133395,No
133396,Yes
133397,Yes
133398,No
133399,No
133400,No
133401,Yes
133402,No
133403,No
133404,No
133405,No
133406,Yes
133407,No
133408,No
133409,Yes
133410,Yes
133411,No
133412,Yes
133413,No
133414,No
133415,Yes
133416,No
133417,Yes
133418,Yes
133419,No
133420,No
133421,No
133422,Yes
133423,Yes
133424,No
133425,Yes
133426,No
133427,Yes
133428,No
133429,Yes
133430,Yes
133431,Yes
133432,No
133433,No
133434,Yes
133435,No
133436,No
133437,Yes
133438,Yes
133439,No
133440,No
133441,No
133442,Yes
133443,Yes
133444,No
133445,No
133446,No
133447,Yes
133448,Yes
133449,No
133450,No
133451,No
133452,No
133453,Yes
133454,No
133455,No
133456,No
133457,No
133458,No
133459,Yes
133460,Yes
133461,Yes
133462,No
133463,No
133464,No
133465,No
133466,No
133467,No
133468,Yes
133469,Yes
133470,No
133471,No
133472,No
133473,Yes
133474,No
133475,No
133476,No
133477,No
133478,No
133479,Yes
133480,No
133481,Yes
133482,Yes
133483,No
133484,No
133485,No
133486,No
133487,No
133488,No
133489,Yes
133490,No
133491,No
133492,Yes
133493,No
133494,No
133495,No
133496,No
133497,Yes
133498,Yes
133499,No
133500,Yes
133501,No
133502,No
133503,Yes
133504,No
133505,No
133506,Yes
133507,Yes
133508,No
133509,Yes
133510,No
133511,Yes
133512,Yes
133513,No
133514,No
133515,No
133516,Yes
133517,Yes
133518,Yes
133519,Yes
133520,No
133521,Yes
133522,Yes
133523,No
133524,Yes
133525,No
133526,Yes
133527,No
133528,No
133529,No
133530,Yes
133531,Yes
133532,Yes
133533,No
133534,Yes
133535,No
133536,No
133537,Yes
133538,Yes
133539,No
133540,Yes
133541,Yes
133542,No
133543,Yes
133544,No
133545,Yes
133546,Yes
133547,Yes
133548,No
133549,Yes
133550,Yes
133551,No
133552,No
133553,No
133554,No
133555,No
133556,No
133557,Yes
133558,No
133559,Yes
133560,No
133561,Yes
133562,No
133563,No
133564,Yes
133565,No
133566,Yes
133567,Yes
133568,Yes
133569,No
133570,Yes
133571,No
133572,Yes
133573,Yes
133574,No
133575,No
133576,Yes
133577,Yes
133578,Yes
133579,Yes
133580,No
133581,Yes
133582,Yes
133583,No
133584,Yes
133585,Yes
133586,Yes
133587,No
133588,No
133589,No
133590,No
133591,No
133592,No
133593,No
133594,No
133595,No
133596,No
133597,Yes
133598,No
133599,No
133600,Yes
133601,No
133602,Yes
133603,No
133604,No
133605,No
133606,No
133607,No
133608,No
133609,No
133610,Yes
133611,No
133612,No
133613,No
133614,Yes
133615,No
133616,Yes
133617,Yes
133618,No
133619,No
133620,Yes
133621,Yes
133622,Yes
133623,Yes
133624,Yes
133625,No
133626,No
133627,No
133628,Yes
133629,Yes
133630,Yes
133631,Yes
133632,Yes
133633,No
133634,No
133635,No
133636,Yes
133637,Yes
133638,No
133639,Yes
133640,No
133641,No
133642,Yes
133643,Yes
133644,Yes
133645,Yes
133646,No
133647,No
133648,Yes
133649,No
133650,No
133651,No
133652,Yes
133653,No
133654,No
133655,No
133656,No
133657,Yes
133658,No
133659,No
133660,No
133661,Yes
133662,No
133663,No
133664,Yes
133665,Yes
133666,No
133667,No
133668,No
133669,No
133670,No
133671,Yes
133672,No
133673,No
133674,No
133675,No
133676,No
133677,No
133678,No
133679,Yes
133680,No
133681,No
133682,No
133683,No
133684,No
133685,No
133686,No
133687,Yes
133688,Yes
133689,Yes
133690,Yes
133691,No
133692,Yes
133693,No
133694,Yes
133695,No
133696,Yes
133697,Yes
133698,No
133699,Yes
133700,No
133701,No
133702,No
133703,No
133704,No
133705,Yes
133706,No
133707,Yes
133708,No
133709,No
133710,No
133711,No
133712,Yes
133713,No
133714,No
133715,No
133716,No
133717,No
133718,No
133719,No
133720,Yes
133721,No
133722,No
133723,Yes
133724,No
133725,No
133726,No
133727,No
133728,Yes
133729,Yes
133730,Yes
133731,No
133732,No
133733,No
133734,No
133735,No
133736,Yes
133737,No
133738,Yes
133739,No
133740,Yes
133741,Yes
133742,Yes
133743,No
133744,Yes
133745,No
133746,Yes
133747,No
133748,No
133749,No
133750,No
133751,Yes
133752,Yes
133753,Yes
133754,No
133755,No
133756,Yes
133757,Yes
133758,No
133759,No
133760,No
133761,No
133762,No
133763,No
133764,Yes
133765,No
133766,No
133767,Yes
133768,Yes
133769,Yes
133770,No
133771,No
133772,No
133773,No
133774,No
133775,No
133776,Yes
133777,No
133778,Yes
133779,Yes
133780,Yes
133781,No
133782,Yes
133783,No
133784,Yes
133785,No
133786,Yes
133787,Yes
133788,Yes
133789,No
133790,Yes
133791,No
133792,No
133793,Yes
133794,Yes
133795,No
133796,No
133797,No
133798,Yes
133799,No
133800,No
133801,No
133802,Yes
133803,No
133804,No
133805,No
133806,Yes
133807,No
133808,No
133809,Yes
133810,No
133811,No
133812,No
133813,Yes
133814,Yes
133815,No
133816,Yes
133817,Yes
133818,Yes
133819,Yes
133820,No
133821,No
133822,Yes
133823,No
133824,No
133825,No
133826,Yes
133827,Yes
133828,No
133829,Yes
133830,No
133831,No
133832,No
133833,Yes
133834,Yes
133835,No
133836,Yes
133837,Yes
133838,No
133839,No
133840,No
133841,No
133842,No
133843,Yes
133844,No
133845,No
133846,No
133847,No
133848,No
133849,Yes
133850,No
133851,No
133852,No
133853,No
133854,No
133855,No
133856,Yes
133857,Yes
133858,No
133859,Yes
133860,No
133861,No
133862,No
133863,No
133864,No
133865,No
133866,No
133867,No
133868,Yes
133869,Yes
133870,Yes
133871,No
133872,No
133873,Yes
133874,No
133875,No
133876,Yes
133877,No
133878,No
133879,No
133880,Yes
133881,Yes
133882,Yes
133883,No
133884,No
133885,No
133886,Yes
133887,No
133888,No
133889,No
133890,No
133891,Yes
133892,Yes
133893,Yes
133894,Yes
133895,No
133896,Yes
133897,No
133898,Yes
133899,No
133900,No
133901,Yes
133902,No
133903,Yes
133904,No
133905,Yes
133906,No
133907,Yes
133908,No
133909,Yes
133910,No
133911,No
133912,No
133913,No
133914,No
133915,Yes
133916,Yes
133917,Yes
133918,No
133919,No
133920,No
133921,No
133922,No
133923,No
133924,No
133925,Yes
133926,No
133927,No
133928,No
133929,No
133930,Yes
133931,No
133932,No
133933,No
133934,No
133935,No
133936,No
133937,No
133938,Yes
133939,Yes
133940,No
133941,Yes
133942,Yes
133943,No
133944,No
133945,No
133946,No
133947,No
133948,No
133949,Yes
133950,No
133951,No
133952,Yes
133953,Yes
133954,Yes
133955,Yes
133956,Yes
133957,Yes
133958,No
133959,No
133960,No
133961,No
133962,Yes
133963,No
133964,No
133965,Yes
133966,No
133967,Yes
133968,Yes
133969,Yes
133970,No
133971,Yes
133972,Yes
133973,Yes
133974,Yes
133975,No
133976,No
133977,No
133978,No
133979,Yes
133980,Yes
133981,Yes
133982,Yes
133983,No
133984,Yes
133985,Yes
133986,Yes
133987,No
133988,Yes
133989,No
133990,Yes
133991,No
133992,No
133993,Yes
133994,No
133995,No
133996,Yes
133997,No
133998,Yes
133999,No
134000,Yes
134001,No
134002,No
134003,Yes
134004,Yes
134005,No
134006,No
134007,Yes
134008,Yes
134009,No
134010,No
134011,No
134012,No
134013,No
134014,No
134015,Yes
134016,No
134017,No
134018,No
134019,Yes
134020,Yes
134021,Yes
134022,No
134023,Yes
134024,No
134025,Yes
134026,Yes
134027,No
134028,No
134029,Yes
134030,No
134031,No
134032,No
134033,No
134034,No
134035,No
134036,No
134037,No
134038,No
134039,Yes
134040,No
134041,Yes
134042,No
134043,No
134044,Yes
134045,Yes
134046,No
134047,No
134048,No
134049,No
134050,No
134051,No
134052,Yes
134053,No
134054,No
134055,No
134056,Yes
134057,No
134058,Yes
134059,Yes
134060,Yes
134061,Yes
134062,No
134063,No
134064,No
134065,No
134066,Yes
134067,Yes
134068,Yes
134069,Yes
134070,No
134071,No
134072,Yes
134073,Yes
134074,No
134075,Yes
134076,Yes
134077,No
134078,Yes
134079,Yes
134080,Yes
134081,No
134082,No
134083,No
134084,No
134085,No
134086,Yes
134087,Yes
134088,Yes
134089,No
134090,Yes
134091,No
134092,No
134093,No
134094,No
134095,No
134096,Yes
134097,No
134098,Yes
134099,No
134100,No
134101,No
134102,No
134103,No
134104,Yes
134105,Yes
134106,No
134107,Yes
134108,Yes
134109,No
134110,No
134111,No
134112,No
134113,No
134114,Yes
134115,No
134116,No
134117,Yes
134118,No
134119,Yes
134120,No
134121,Yes
134122,Yes
134123,No
134124,No
134125,No
134126,No
134127,Yes
134128,Yes
134129,Yes
134130,Yes
134131,No
134132,Yes
134133,Yes
134134,Yes
134135,No
134136,Yes
134137,No
134138,Yes
134139,No
134140,No
134141,Yes
134142,No
134143,No
134144,No
134145,No
134146,No
134147,Yes
134148,Yes
134149,No
134150,No
134151,Yes
134152,No
134153,No
134154,No
134155,No
134156,Yes
134157,No
134158,Yes
134159,No
134160,Yes
134161,No
134162,Yes
134163,No
134164,Yes
134165,Yes
134166,No
134167,Yes
134168,Yes
134169,No
134170,Yes
134171,No
134172,No
134173,No
134174,No
134175,No
134176,Yes
134177,Yes
134178,No
134179,Yes
134180,Yes
134181,No
134182,No
134183,No
134184,Yes
134185,No
134186,Yes
134187,No
134188,No
134189,Yes
134190,No
134191,No
134192,No
134193,No
134194,No
134195,No
134196,Yes
134197,Yes
134198,Yes
134199,Yes
134200,Yes
134201,No
134202,No
134203,No
134204,No
134205,Yes
134206,Yes
134207,No
134208,No
134209,No
134210,No
134211,No
134212,No
134213,No
134214,No
134215,Yes
134216,No
134217,No
134218,Yes
134219,No
134220,Yes
134221,Yes
134222,Yes
134223,Yes
134224,Yes
134225,No
134226,Yes
134227,No
134228,No
134229,Yes
134230,No
134231,No
134232,No
134233,Yes
134234,Yes
134235,No
134236,Yes
134237,Yes
134238,No
134239,No
134240,Yes
134241,Yes
134242,No
134243,No
134244,Yes
134245,Yes
134246,No
134247,Yes
134248,No
134249,No
134250,No
134251,No
134252,Yes
134253,Yes
134254,No
134255,No
134256,No
134257,No
134258,No
134259,No
134260,No
134261,No
134262,No
134263,Yes
134264,Yes
134265,No
134266,No
134267,Yes
134268,Yes
134269,No
134270,No
134271,No
134272,No
134273,No
134274,No
134275,Yes
134276,No
134277,Yes
134278,No
134279,Yes
134280,Yes
134281,No
134282,No
134283,Yes
134284,No
134285,Yes
134286,No
134287,Yes
134288,No
134289,No
134290,No
134291,Yes
134292,Yes
134293,No
134294,Yes
134295,Yes
134296,Yes
134297,No
134298,Yes
134299,No
134300,No
134301,Yes
134302,No
134303,Yes
134304,Yes
134305,Yes
134306,No
134307,No
134308,Yes
134309,Yes
134310,No
134311,No
134312,Yes
134313,Yes
134314,Yes
134315,Yes
134316,Yes
134317,No
134318,No
134319,Yes
134320,No
134321,No
134322,No
134323,No
134324,Yes
134325,Yes
134326,No
134327,Yes
134328,No
134329,No
134330,Yes
134331,Yes
134332,Yes
134333,No
134334,No
134335,No
134336,Yes
134337,No
134338,No
134339,No
134340,No
134341,Yes
134342,No
134343,No
134344,No
134345,No
134346,No
134347,No
134348,No
134349,No
134350,No
134351,Yes
134352,Yes
134353,No
134354,Yes
134355,No
134356,No
134357,Yes
134358,Yes
134359,Yes
134360,No
134361,No
134362,No
134363,No
134364,Yes
134365,No
134366,No
134367,No
134368,No
134369,No
134370,No
134371,No
134372,Yes
134373,Yes
134374,Yes
134375,Yes
134376,Yes
134377,No
134378,No
134379,No
134380,No
134381,No
134382,No
134383,No
134384,No
134385,No
134386,No
134387,No
134388,Yes
134389,No
134390,No
134391,No
134392,Yes
134393,No
134394,Yes
134395,Yes
134396,Yes
134397,No
134398,Yes
134399,No
134400,No
134401,No
134402,No
134403,Yes
134404,Yes
134405,No
134406,Yes
134407,No
134408,No
134409,Yes
134410,No
134411,Yes
134412,Yes
134413,Yes
134414,No
134415,No
134416,No
134417,Yes
134418,No
134419,Yes
134420,No
134421,No
134422,No
134423,No
134424,No
134425,No
134426,No
134427,No
134428,No
134429,No
134430,Yes
134431,Yes
134432,No
134433,No
134434,No
134435,No
134436,No
134437,Yes
134438,No
134439,No
134440,Yes
134441,No
134442,No
134443,Yes
134444,No
134445,No
134446,Yes
134447,Yes
134448,No
134449,Yes
134450,No
134451,No
134452,No
134453,No
134454,Yes
134455,No
134456,Yes
134457,No
134458,No
134459,Yes
134460,Yes
134461,No
134462,No
134463,No
134464,Yes
134465,No
134466,No
134467,No
134468,No
134469,No
134470,No
134471,No
134472,No
134473,Yes
134474,No
134475,No
134476,No
134477,No
134478,Yes
134479,No
134480,No
134481,No
134482,No
134483,Yes
134484,Yes
134485,No
134486,No
134487,No
134488,Yes
134489,No
134490,No
134491,No
134492,No
134493,Yes
134494,No
134495,No
134496,No
134497,Yes
134498,Yes
134499,No
134500,No
134501,No
134502,No
134503,Yes
134504,No
134505,No
134506,No
134507,No
134508,Yes
134509,No
134510,No
134511,No
134512,No
134513,No
134514,No
134515,No
134516,No
134517,Yes
134518,Yes
134519,No
134520,No
134521,Yes
134522,No
134523,No
134524,No
134525,Yes
134526,Yes
134527,Yes
134528,Yes
134529,Yes
134530,No
134531,Yes
134532,Yes
134533,Yes
134534,No
134535,Yes
134536,No
134537,Yes
134538,No
134539,No
134540,Yes
134541,No
134542,No
134543,Yes
134544,No
134545,Yes
134546,Yes
134547,No
134548,Yes
134549,Yes
134550,No
134551,No
134552,Yes
134553,No
134554,No
134555,Yes
134556,No
134557,Yes
134558,No
134559,Yes
134560,No
134561,No
134562,No
134563,No
134564,No
134565,No
134566,Yes
134567,Yes
134568,Yes
134569,No
134570,No
134571,Yes
134572,No
134573,No
134574,No
134575,No
134576,Yes
134577,Yes
134578,Yes
134579,No
134580,Yes
134581,No
134582,Yes
134583,Yes
134584,No
134585,Yes
134586,No
134587,No
134588,No
134589,Yes
134590,Yes
134591,No
134592,No
134593,Yes
134594,No
134595,No
134596,Yes
134597,Yes
134598,No
134599,No
134600,No
134601,No
134602,No
134603,No
134604,Yes
134605,No
134606,No
134607,Yes
134608,No
134609,No
134610,No
134611,Yes
134612,No
134613,No
134614,No
134615,Yes
134616,No
134617,No
134618,No
134619,No
134620,No
134621,No
134622,No
134623,No
134624,No
134625,No
134626,No
134627,No
134628,No
134629,No
134630,Yes
134631,No
134632,No
134633,No
134634,Yes
134635,Yes
134636,No
134637,No
134638,Yes
134639,No
134640,No
134641,No
134642,No
134643,No
134644,Yes
134645,Yes
134646,Yes
134647,No
134648,No
134649,No
134650,No
134651,Yes
134652,Yes
134653,No
134654,No
134655,No
134656,Yes
134657,No
134658,No
134659,No
134660,Yes
134661,Yes
134662,No
134663,No
134664,Yes
134665,No
134666,No
134667,No
134668,Yes
134669,No
134670,Yes
134671,No
134672,No
134673,No
134674,No
134675,Yes
134676,Yes
134677,Yes
134678,No
134679,Yes
134680,Yes
134681,Yes
134682,No
134683,No
134684,Yes
134685,Yes
134686,Yes
134687,No
134688,Yes
134689,Yes
134690,Yes
134691,No
134692,No
134693,Yes
134694,No
134695,Yes
134696,Yes
134697,Yes
134698,No
134699,No
134700,Yes
134701,No
134702,No
134703,No
134704,No
134705,Yes
134706,No
134707,Yes
134708,No
134709,Yes
134710,No
134711,Yes
134712,No
134713,No
134714,Yes
134715,No
134716,No
134717,Yes
134718,No
134719,Yes
134720,No
134721,No
134722,Yes
134723,No
134724,Yes
134725,Yes
134726,No
134727,No
134728,No
134729,No
134730,Yes
134731,No
134732,Yes
134733,No
134734,No
134735,Yes
134736,No
134737,No
134738,No
134739,Yes
134740,No
134741,No
134742,No
134743,No
134744,No
134745,No
134746,No
134747,Yes
134748,No
134749,Yes
134750,No
134751,No
134752,No
134753,No
134754,Yes
134755,No
134756,No
134757,Yes
134758,No
134759,Yes
134760,Yes
134761,Yes
134762,No
134763,Yes
134764,No
134765,No
134766,No
134767,Yes
134768,Yes
134769,No
134770,No
134771,No
134772,No
134773,No
134774,No
134775,No
134776,Yes
134777,No
134778,Yes
134779,Yes
134780,No
134781,No
134782,No
134783,No
134784,Yes
134785,No
134786,No
134787,No
134788,No
134789,No
134790,No
134791,Yes
134792,Yes
134793,Yes
134794,No
134795,No
134796,No
134797,No
134798,No
134799,No
134800,Yes
134801,No
134802,No
134803,Yes
134804,No
134805,No
134806,Yes
134807,Yes
134808,Yes
134809,Yes
134810,No
134811,No
134812,No
134813,No
134814,No
134815,No
134816,Yes
134817,Yes
134818,No
134819,No
134820,No
134821,Yes
134822,Yes
134823,No
134824,No
134825,No
134826,No
134827,No
134828,No
134829,Yes
134830,No
134831,Yes
134832,Yes
134833,No
134834,Yes
134835,No
134836,Yes
134837,Yes
134838,No
134839,No
134840,No
134841,Yes
134842,No
134843,No
134844,No
134845,No
134846,No
134847,Yes
134848,No
134849,No
134850,No
134851,No
134852,No
134853,Yes
134854,Yes
134855,No
134856,Yes
134857,No
134858,No
134859,Yes
134860,No
134861,No
134862,Yes
134863,Yes
134864,No
134865,No
134866,Yes
134867,Yes
134868,Yes
134869,No
134870,Yes
134871,No
134872,No
134873,No
134874,No
134875,No
134876,Yes
134877,Yes
134878,Yes
134879,No
134880,Yes
134881,No
134882,No
134883,Yes
134884,No
134885,No
134886,No
134887,No
134888,No
134889,Yes
134890,No
134891,No
134892,No
134893,Yes
134894,Yes
134895,No
134896,No
134897,Yes
134898,Yes
134899,Yes
134900,No
134901,No
134902,Yes
134903,No
134904,No
134905,No
134906,No
134907,Yes
134908,Yes
134909,Yes
134910,No
134911,No
134912,No
134913,No
134914,Yes
134915,No
134916,Yes
134917,No
134918,No
134919,No
134920,Yes
134921,Yes
134922,Yes
134923,No
134924,Yes
134925,No
134926,Yes
134927,No
134928,Yes
134929,No
134930,Yes
134931,No
134932,No
134933,Yes
134934,Yes
134935,Yes
134936,No
134937,No
134938,No
134939,Yes
134940,No
134941,No
134942,No
134943,No
134944,Yes
134945,No
134946,No
134947,Yes
134948,No
134949,Yes
134950,No
134951,No
134952,No
134953,Yes
134954,Yes
134955,Yes
134956,Yes
134957,Yes
134958,No
134959,No
134960,Yes
134961,No
134962,No
134963,No
134964,No
134965,No
134966,No
134967,No
134968,No
134969,No
134970,Yes
134971,Yes
134972,Yes
134973,Yes
134974,No
134975,Yes
134976,Yes
134977,No
134978,No
134979,Yes
134980,No
134981,No
134982,No
134983,No
134984,No
134985,No
134986,Yes
134987,No
134988,No
134989,Yes
134990,No
134991,No
134992,Yes
134993,Yes
134994,No
134995,No
134996,No
134997,No
134998,Yes
134999,No
135000,Yes
135001,No
135002,No
135003,No
135004,Yes
135005,Yes
135006,No
135007,No
135008,No
135009,Yes
135010,No
135011,Yes
135012,Yes
135013,No
135014,No
135015,Yes
135016,No
135017,Yes
135018,No
135019,Yes
135020,No
135021,Yes
135022,No
135023,No
135024,No
135025,No
135026,No
135027,Yes
135028,No
135029,No
135030,No
135031,No
135032,No
135033,No
135034,Yes
135035,Yes
135036,No
135037,Yes
135038,No
135039,Yes
135040,No
135041,No
135042,Yes
135043,Yes
135044,No
135045,No
135046,No
135047,Yes
135048,No
135049,No
135050,No
135051,Yes
135052,No
135053,No
135054,No
135055,Yes
135056,No
135057,No
135058,Yes
135059,Yes
135060,No
135061,No
135062,No
135063,No
135064,Yes
135065,Yes
135066,No
135067,No
135068,No
135069,Yes
135070,No
135071,Yes
135072,Yes
135073,No
135074,No
135075,No
135076,No
135077,Yes
135078,No
135079,No
135080,No
135081,Yes
135082,No
135083,No
135084,Yes
135085,No
135086,Yes
135087,No
135088,No
135089,Yes
135090,No
135091,No
135092,No
135093,Yes
135094,No
135095,Yes
135096,No
135097,Yes
135098,Yes
135099,Yes
135100,No
135101,No
135102,Yes
135103,No
135104,No
135105,No
135106,No
135107,No
135108,No
135109,No
135110,Yes
135111,No
135112,Yes
135113,No
135114,No
135115,No
135116,No
135117,No
135118,No
135119,No
135120,No
135121,No
135122,Yes
135123,Yes
135124,No
135125,No
135126,No
135127,Yes
135128,No
135129,No
135130,No
135131,No
135132,Yes
135133,No
135134,Yes
135135,Yes
135136,No
135137,Yes
135138,No
135139,No
135140,No
135141,No
135142,No
135143,No
135144,Yes
135145,Yes
135146,No
135147,Yes
135148,Yes
135149,Yes
135150,No
135151,No
135152,No
135153,Yes
135154,Yes
135155,Yes
135156,Yes
135157,Yes
135158,No
135159,Yes
135160,Yes
135161,No
135162,Yes
135163,Yes
135164,No
135165,Yes
135166,Yes
135167,No
135168,No
135169,No
135170,No
135171,Yes
135172,No
135173,Yes
135174,Yes
135175,No
135176,No
135177,Yes
135178,No
135179,No
135180,No
135181,No
135182,No
135183,No
135184,No
135185,No
135186,Yes
135187,No
135188,Yes
135189,No
135190,No
135191,Yes
135192,No
135193,Yes
135194,No
135195,No
135196,Yes
135197,No
135198,No
135199,Yes
135200,Yes
135201,No
135202,No
135203,Yes
135204,No
135205,Yes
135206,Yes
135207,Yes
135208,No
135209,Yes
135210,No
135211,No
135212,No
135213,Yes
135214,Yes
135215,Yes
135216,No
135217,No
135218,No
135219,No
135220,Yes
135221,No
135222,No
135223,No
135224,No
135225,No
135226,Yes
135227,Yes
135228,No
135229,No
135230,No
135231,No
135232,Yes
135233,Yes
135234,No
135235,Yes
135236,No
135237,No
135238,No
135239,No
135240,No
135241,No
135242,No
135243,No
135244,No
135245,Yes
135246,Yes
135247,No
135248,Yes
135249,No
135250,Yes
135251,Yes
135252,No
135253,No
135254,No
135255,No
135256,No
135257,No
135258,No
135259,Yes
135260,Yes
135261,Yes
135262,Yes
135263,Yes
135264,No
135265,Yes
135266,No
135267,Yes
135268,Yes
135269,No
135270,Yes
135271,No
135272,No
135273,No
135274,No
135275,Yes
135276,Yes
135277,No
135278,No
135279,No
135280,No
135281,No
135282,Yes
135283,No
135284,Yes
135285,No
135286,Yes
135287,No
135288,No
135289,No
135290,No
135291,Yes
135292,Yes
135293,No
135294,No
135295,Yes
135296,No
135297,No
135298,Yes
135299,No
135300,No
135301,No
135302,No
135303,No
135304,No
135305,No
135306,Yes
135307,No
135308,No
135309,No
135310,Yes
135311,No
135312,No
135313,No
135314,No
135315,Yes
135316,No
135317,No
135318,Yes
135319,Yes
135320,No
135321,No
135322,Yes
135323,Yes
135324,Yes
135325,Yes
135326,No
135327,No
135328,Yes
135329,Yes
135330,No
135331,No
135332,No
135333,No
135334,No
135335,No
135336,No
135337,No
135338,No
135339,No
135340,Yes
135341,Yes
135342,No
135343,No
135344,No
135345,No
135346,No
135347,No
135348,Yes
135349,No
135350,Yes
135351,Yes
135352,Yes
135353,No
135354,No
135355,No
135356,No
135357,No
135358,Yes
135359,Yes
135360,Yes
135361,No
135362,No
135363,No
135364,No
135365,No
135366,No
135367,No
135368,No
135369,Yes
135370,Yes
135371,Yes
135372,Yes
135373,No
135374,No
135375,No
135376,Yes
135377,No
135378,No
135379,No
135380,No
135381,No
135382,Yes
135383,Yes
135384,No
135385,No
135386,Yes
135387,No
135388,Yes
135389,Yes
135390,Yes
135391,Yes
135392,Yes
135393,Yes
135394,No
135395,Yes
135396,Yes
135397,No
135398,No
135399,No
135400,No
135401,No
135402,No
135403,No
135404,No
135405,No
135406,Yes
135407,No
135408,No
135409,No
135410,No
135411,No
135412,Yes
135413,No
135414,Yes
135415,Yes
135416,Yes
135417,No
135418,No
135419,Yes
135420,Yes
135421,No
135422,No
135423,Yes
135424,No
135425,Yes
135426,Yes
135427,Yes
135428,Yes
135429,Yes
135430,Yes
135431,No
135432,No
135433,Yes
135434,No
135435,No
135436,Yes
135437,Yes
135438,No
135439,No
135440,No
135441,No
135442,Yes
135443,Yes
135444,No
135445,Yes
135446,No
135447,Yes
135448,Yes
135449,No
135450,No
135451,No
135452,Yes
135453,No
135454,No
135455,Yes
135456,No
135457,No
135458,No
135459,No
135460,No
135461,Yes
135462,No
135463,No
135464,No
135465,No
135466,No
135467,Yes
135468,No
135469,No
135470,Yes
135471,Yes
135472,No
135473,Yes
135474,No
135475,No
135476,Yes
135477,No
135478,No
135479,Yes
135480,No
135481,No
135482,No
135483,No
135484,Yes
135485,No
135486,No
135487,No
135488,No
135489,No
135490,Yes
135491,Yes
135492,Yes
135493,Yes
135494,Yes
135495,No
135496,No
135497,No
135498,No
135499,Yes
135500,No
135501,Yes
135502,Yes
135503,Yes
135504,Yes
135505,No
135506,No
135507,No
135508,No
135509,No
135510,Yes
135511,Yes
135512,No
135513,Yes
135514,Yes
135515,No
135516,No
135517,Yes
135518,No
135519,No
135520,No
135521,No
135522,Yes
135523,No
135524,No
135525,Yes
135526,No
135527,Yes
135528,Yes
135529,Yes
135530,No
135531,No
135532,Yes
135533,Yes
135534,No
135535,No
135536,No
135537,Yes
135538,Yes
135539,No
135540,No
135541,Yes
135542,No
135543,No
135544,No
135545,No
135546,Yes
135547,Yes
135548,No
135549,Yes
135550,No
135551,Yes
135552,No
135553,Yes
135554,No
135555,Yes
135556,Yes
135557,Yes
135558,No
135559,No
135560,No
135561,Yes
135562,Yes
135563,No
135564,Yes
135565,Yes
135566,No
135567,No
135568,No
135569,No
135570,No
135571,Yes
135572,No
135573,No
135574,No
135575,No
135576,Yes
135577,No
135578,Yes
135579,No
135580,Yes
135581,No
135582,No
135583,Yes
135584,No
135585,No
135586,Yes
135587,No
135588,No
135589,No
135590,Yes
135591,No
135592,No
135593,Yes
135594,No
135595,Yes
135596,No
135597,No
135598,Yes
135599,Yes
135600,No
135601,Yes
135602,No
135603,No
135604,No
135605,No
135606,Yes
135607,Yes
135608,Yes
135609,Yes
135610,No
135611,Yes
135612,No
135613,No
135614,No
135615,No
135616,No
135617,No
135618,No
135619,No
135620,Yes
135621,No
135622,No
135623,No
135624,Yes
135625,Yes
135626,No
135627,No
135628,No
135629,Yes
135630,No
135631,No
135632,Yes
135633,No
135634,No
135635,Yes
135636,No
135637,No
135638,Yes
135639,No
135640,Yes
135641,No
135642,No
135643,No
135644,No
135645,Yes
135646,No
135647,No
135648,Yes
135649,No
135650,No
135651,Yes
135652,No
135653,Yes
135654,No
135655,No
135656,Yes
135657,Yes
135658,Yes
135659,No
135660,No
135661,No
135662,Yes
135663,No
135664,No
135665,No
135666,No
135667,No
135668,Yes
135669,No
135670,No
135671,Yes
135672,No
135673,Yes
135674,No
135675,Yes
135676,Yes
135677,No
135678,No
135679,No
135680,No
135681,Yes
135682,No
135683,No
135684,Yes
135685,Yes
135686,No
135687,Yes
135688,No
135689,Yes
135690,No
135691,No
135692,No
135693,No
135694,Yes
135695,No
135696,No
135697,No
135698,No
135699,No
135700,Yes
135701,Yes
135702,No
135703,Yes
135704,No
135705,No
135706,Yes
135707,Yes
135708,No
135709,Yes
135710,No
135711,No
135712,Yes
135713,No
135714,No
135715,Yes
135716,No
135717,No
135718,Yes
135719,No
135720,No
135721,No
135722,No
135723,No
135724,No
135725,No
135726,No
135727,No
135728,Yes
135729,No
135730,Yes
135731,No
135732,Yes
135733,No
135734,No
135735,Yes
135736,No
135737,No
135738,No
135739,No
135740,No
135741,No
135742,No
135743,No
135744,Yes
135745,No
135746,No
135747,No
135748,Yes
135749,Yes
135750,Yes
135751,Yes
135752,No
135753,Yes
135754,No
135755,No
135756,Yes
135757,No
135758,Yes
135759,No
135760,Yes
135761,No
135762,Yes
135763,Yes
135764,No
135765,No
135766,Yes
135767,No
135768,No
135769,Yes
135770,Yes
135771,Yes
135772,No
135773,Yes
135774,No
135775,Yes
135776,Yes
135777,Yes
135778,No
135779,Yes
135780,No
135781,No
135782,Yes
135783,No
135784,Yes
135785,No
135786,No
135787,Yes
135788,Yes
135789,No
135790,Yes
135791,Yes
135792,Yes
135793,No
135794,No
135795,No
135796,Yes
135797,Yes
135798,Yes
135799,No
135800,Yes
135801,Yes
135802,Yes
135803,No
135804,No
135805,No
135806,Yes
135807,No
135808,No
135809,No
135810,No
135811,No
135812,No
135813,No
135814,No
135815,No
135816,Yes
135817,Yes
135818,No
135819,Yes
135820,Yes
135821,Yes
135822,Yes
135823,No
135824,No
135825,Yes
135826,No
135827,No
135828,No
135829,Yes
135830,No
135831,No
135832,No
135833,Yes
135834,No
135835,Yes
135836,No
135837,Yes
135838,Yes
135839,No
135840,Yes
135841,Yes
135842,Yes
135843,No
135844,Yes
135845,No
135846,No
135847,Yes
135848,Yes
135849,Yes
135850,Yes
135851,No
135852,No
135853,Yes
135854,No
135855,No
135856,Yes
135857,No
135858,No
135859,Yes
135860,No
135861,Yes
135862,No
135863,No
135864,Yes
135865,No
135866,No
135867,No
135868,No
135869,Yes
135870,No
135871,No
135872,No
135873,No
135874,No
135875,Yes
135876,Yes
135877,No
135878,No
135879,Yes
135880,Yes
135881,No
135882,No
135883,No
135884,Yes
135885,Yes
135886,No
135887,Yes
135888,No
135889,No
135890,No
135891,No
135892,No
135893,No
135894,No
135895,No
135896,Yes
135897,No
135898,Yes
135899,No
135900,Yes
135901,Yes
135902,No
135903,Yes
135904,No
135905,Yes
135906,No
135907,No
135908,No
135909,No
135910,No
135911,Yes
135912,No
135913,No
135914,No
135915,Yes
135916,Yes
135917,No
135918,No
135919,No
135920,Yes
135921,No
135922,Yes
135923,No
135924,No
135925,Yes
135926,Yes
135927,No
135928,Yes
135929,No
135930,No
135931,Yes
135932,No
135933,Yes
135934,Yes
135935,Yes
135936,No
135937,Yes
135938,Yes
135939,Yes
135940,No
135941,No
135942,No
135943,Yes
135944,Yes
135945,No
135946,No
135947,Yes
135948,No
135949,No
135950,Yes
135951,No
135952,Yes
135953,No
135954,No
135955,No
135956,Yes
135957,Yes
135958,Yes
135959,Yes
135960,Yes
135961,Yes
135962,No
135963,No
135964,No
135965,No
135966,No
135967,No
135968,No
135969,Yes
135970,No
135971,No
135972,Yes
135973,No
135974,No
135975,No
135976,No
135977,No
135978,No
135979,No
135980,No
135981,No
135982,No
135983,No
135984,Yes
135985,No
135986,Yes
135987,Yes
135988,Yes
135989,No
135990,No
135991,No
135992,No
135993,No
135994,No
135995,No
135996,No
135997,No
135998,No
135999,No
136000,No
136001,No
136002,Yes
136003,Yes
136004,No
136005,No
136006,Yes
136007,No
136008,No
136009,No
136010,Yes
136011,Yes
136012,No
136013,No
136014,No
136015,Yes
136016,No
136017,No
136018,Yes
136019,Yes
136020,No
136021,Yes
136022,Yes
136023,No
136024,Yes
136025,No
136026,No
136027,No
136028,No
136029,Yes
136030,Yes
136031,No
136032,No
136033,No
136034,No
136035,Yes
136036,No
136037,Yes
136038,No
136039,No
136040,Yes
136041,No
136042,No
136043,No
136044,No
136045,No
136046,Yes
136047,No
136048,Yes
136049,Yes
136050,No
136051,No
136052,Yes
136053,No
136054,Yes
136055,No
136056,No
136057,Yes
136058,Yes
136059,Yes
136060,No
136061,No
136062,No
136063,Yes
136064,Yes
136065,No
136066,No
136067,No
136068,No
136069,Yes
136070,No
136071,No
136072,Yes
136073,No
136074,Yes
136075,Yes
136076,No
136077,Yes
136078,No
136079,No
136080,Yes
136081,No
136082,No
136083,No
136084,Yes
136085,No
136086,No
136087,No
136088,No
136089,Yes
136090,No
136091,No
136092,No
136093,No
136094,Yes
136095,Yes
136096,No
136097,No
136098,Yes
136099,Yes
136100,No
136101,Yes
136102,No
136103,No
136104,Yes
136105,Yes
136106,Yes
136107,No
136108,No
136109,No
136110,No
136111,Yes
136112,No
136113,Yes
136114,No
136115,No
136116,No
136117,No
136118,Yes
136119,Yes
136120,No
136121,No
136122,No
136123,No
136124,No
136125,Yes
136126,No
136127,Yes
136128,Yes
136129,No
136130,No
136131,No
136132,No
136133,No
136134,No
136135,No
136136,No
136137,No
136138,Yes
136139,No
136140,No
136141,No
136142,No
136143,Yes
136144,Yes
136145,No
136146,Yes
136147,Yes
136148,No
136149,No
136150,Yes
136151,No
136152,Yes
136153,No
136154,No
136155,No
136156,No
136157,Yes
136158,No
136159,No
136160,No
136161,Yes
136162,Yes
136163,No
136164,No
136165,No
136166,No
136167,Yes
136168,Yes
136169,No
136170,Yes
136171,No
136172,No
136173,No
136174,No
136175,No
136176,No
136177,No
136178,No
136179,Yes
136180,No
136181,Yes
136182,No
136183,Yes
136184,Yes
136185,No
136186,No
136187,No
136188,Yes
136189,No
136190,Yes
136191,No
136192,No
136193,No
136194,No
136195,No
136196,Yes
136197,No
136198,No
136199,No
136200,Yes
136201,No
136202,No
136203,No
136204,Yes
136205,Yes
136206,No
136207,No
136208,No
136209,No
136210,No
136211,Yes
136212,No
136213,No
136214,No
136215,Yes
136216,No
136217,Yes
136218,No
136219,No
136220,Yes
136221,No
136222,Yes
136223,No
136224,Yes
136225,Yes
136226,Yes
136227,Yes
136228,Yes
136229,No
136230,Yes
136231,No
136232,Yes
136233,Yes
136234,Yes
136235,No
136236,No
136237,No
136238,No
136239,No
136240,Yes
136241,No
136242,No
136243,Yes
136244,No
136245,No
136246,Yes
136247,No
136248,Yes
136249,Yes
136250,Yes
136251,No
136252,No
136253,Yes
136254,No
136255,No
136256,Yes
136257,Yes
136258,No
136259,No
136260,No
136261,Yes
136262,No
136263,No
136264,No
136265,Yes
136266,No
136267,No
136268,No
136269,No
136270,No
136271,Yes
136272,No
136273,No
136274,Yes
136275,No
136276,No
136277,No
136278,Yes
136279,Yes
136280,No
136281,No
136282,No
136283,Yes
136284,No
136285,No
136286,No
136287,No
136288,No
136289,No
136290,No
136291,Yes
136292,No
136293,No
136294,No
136295,Yes
136296,No
136297,Yes
136298,No
136299,No
136300,Yes
136301,Yes
136302,Yes
136303,No
136304,No
136305,Yes
136306,No
136307,No
136308,Yes
136309,No
136310,No
136311,Yes
136312,No
136313,No
136314,No
136315,No
136316,No
136317,No
136318,No
136319,Yes
136320,Yes
136321,No
136322,No
136323,No
136324,Yes
136325,No
136326,Yes
136327,No
136328,No
136329,No
136330,No
136331,No
136332,Yes
136333,Yes
136334,No
136335,No
136336,No
136337,No
136338,No
136339,No
136340,No
136341,No
136342,Yes
136343,Yes
136344,Yes
136345,No
136346,No
136347,No
136348,Yes
136349,No
136350,Yes
136351,No
136352,No
136353,No
136354,No
136355,Yes
136356,No
136357,No
136358,Yes
136359,No
136360,No
136361,Yes
136362,No
136363,No
136364,Yes
136365,Yes
136366,No
136367,Yes
136368,No
136369,Yes
136370,Yes
136371,Yes
136372,No
136373,No
136374,No
136375,No
136376,No
136377,No
136378,No
136379,No
136380,No
136381,No
136382,No
136383,Yes
136384,Yes
136385,No
136386,Yes
136387,Yes
136388,Yes
136389,No
136390,No
136391,No
136392,Yes
136393,No
136394,Yes
136395,No
136396,No
136397,No
136398,No
136399,No
136400,Yes
136401,No
136402,No
136403,No
136404,No
136405,No
136406,No
136407,No
136408,Yes
136409,No
136410,No
136411,Yes
136412,No
136413,Yes
136414,Yes
136415,Yes
136416,No
136417,Yes
136418,Yes
136419,No
136420,No
136421,Yes
136422,No
136423,No
136424,Yes
136425,Yes
136426,No
136427,Yes
136428,Yes
136429,Yes
136430,Yes
136431,Yes
136432,No
136433,No
136434,No
136435,Yes
136436,No
136437,No
136438,No
136439,No
136440,Yes
136441,No
136442,Yes
136443,No
136444,No
136445,No
136446,No
136447,No
136448,Yes
136449,No
136450,No
136451,No
136452,Yes
136453,Yes
136454,No
136455,Yes
136456,No
136457,No
136458,No
136459,Yes
136460,No
136461,No
136462,No
136463,No
136464,Yes
136465,No
136466,No
136467,No
136468,Yes
136469,Yes
136470,Yes
136471,No
136472,Yes
136473,Yes
136474,No
136475,Yes
136476,No
136477,No
136478,Yes
136479,No
136480,No
136481,Yes
136482,No
136483,No
136484,No
136485,Yes
136486,Yes
136487,Yes
136488,Yes
136489,No
136490,No
136491,Yes
136492,No
136493,No
136494,No
136495,Yes
136496,Yes
136497,Yes
136498,Yes
136499,No
136500,Yes
136501,No
136502,No
136503,No
136504,Yes
136505,No
136506,Yes
136507,No
136508,No
136509,Yes
136510,No
136511,No
136512,No
136513,Yes
136514,No
136515,Yes
136516,Yes
136517,No
136518,Yes
136519,No
136520,Yes
136521,Yes
136522,No
136523,Yes
136524,No
136525,No
136526,No
136527,Yes
136528,No
136529,No
136530,Yes
136531,Yes
136532,Yes
136533,No
136534,Yes
136535,No
136536,No
136537,Yes
136538,Yes
136539,No
136540,No
136541,Yes
136542,Yes
136543,No
136544,No
136545,Yes
136546,Yes
136547,No
136548,Yes
136549,No
136550,Yes
136551,Yes
136552,No
136553,Yes
136554,No
136555,No
136556,Yes
136557,No
136558,No
136559,Yes
136560,No
136561,No
136562,No
136563,No
136564,No
136565,Yes
136566,Yes
136567,No
136568,No
136569,Yes
136570,Yes
136571,No
136572,No
136573,Yes
136574,No
136575,No
136576,No
136577,No
136578,Yes
136579,No
136580,No
136581,Yes
136582,Yes
136583,No
136584,No
136585,Yes
136586,Yes
136587,No
136588,No
136589,Yes
136590,Yes
136591,No
136592,No
136593,Yes
136594,No
136595,Yes
136596,Yes
136597,Yes
136598,Yes
136599,No
136600,No
136601,Yes
136602,Yes
136603,No
136604,Yes
136605,No
136606,No
136607,Yes
136608,No
136609,No
136610,Yes
136611,Yes
136612,Yes
136613,No
136614,No
136615,No
136616,Yes
136617,No
136618,Yes
136619,No
136620,No
136621,Yes
136622,No
136623,Yes
136624,No
136625,No
136626,Yes
136627,No
136628,No
136629,Yes
136630,No
136631,Yes
136632,No
136633,No
136634,Yes
136635,No
136636,No
136637,No
136638,No
136639,No
136640,Yes
136641,No
136642,Yes
136643,Yes
136644,No
136645,Yes
136646,No
136647,Yes
136648,No
136649,No
136650,No
136651,No
136652,No
136653,No
136654,No
136655,No
136656,No
136657,No
136658,Yes
136659,No
136660,No
136661,Yes
136662,No
136663,No
136664,No
136665,No
136666,Yes
136667,Yes
136668,No
136669,No
136670,Yes
136671,Yes
136672,No
136673,Yes
136674,No
136675,No
136676,No
136677,No
136678,Yes
136679,Yes
136680,Yes
136681,No
136682,No
136683,Yes
136684,No
136685,No
136686,No
136687,No
136688,No
136689,No
136690,Yes
136691,No
136692,No
136693,Yes
136694,Yes
136695,Yes
136696,No
136697,No
136698,No
136699,Yes
136700,Yes
136701,No
136702,No
136703,No
136704,No
136705,Yes
136706,Yes
136707,No
136708,No
136709,Yes
136710,No
136711,No
136712,No
136713,Yes
136714,No
136715,No
136716,No
136717,No
136718,Yes
136719,Yes
136720,Yes
136721,No
136722,No
136723,Yes
136724,No
136725,Yes
136726,No
136727,Yes
136728,No
136729,No
136730,Yes
136731,Yes
136732,Yes
136733,Yes
136734,Yes
136735,No
136736,No
136737,No
136738,No
136739,No
136740,No
136741,No
136742,No
136743,No
136744,No
136745,No
136746,No
136747,Yes
136748,Yes
136749,Yes
136750,No
136751,No
136752,Yes
136753,Yes
136754,No
136755,No
136756,Yes
136757,No
136758,Yes
136759,No
136760,Yes
136761,Yes
136762,Yes
136763,Yes
136764,No
136765,No
136766,No
136767,No
136768,No
136769,No
136770,No
136771,No
136772,Yes
136773,No
136774,No
136775,No
136776,No
136777,No
136778,Yes
136779,Yes
136780,Yes
136781,No
136782,Yes
136783,No
136784,No
136785,No
136786,Yes
136787,Yes
136788,Yes
136789,No
136790,Yes
136791,No
136792,Yes
136793,No
136794,No
136795,No
136796,No
136797,No
136798,No
136799,Yes
136800,Yes
136801,No
136802,No
136803,Yes
136804,Yes
136805,Yes
136806,No
136807,Yes
136808,No
136809,No
136810,No
136811,No
136812,Yes
136813,Yes
136814,Yes
136815,Yes
136816,No
136817,Yes
136818,No
136819,Yes
136820,No
136821,Yes
136822,Yes
136823,No
136824,Yes
136825,Yes
136826,Yes
136827,Yes
136828,No
136829,No
136830,Yes
136831,No
136832,No
136833,No
136834,No
136835,No
136836,No
136837,No
136838,Yes
136839,No
136840,Yes
136841,Yes
136842,No
136843,No
136844,No
136845,Yes
136846,No
136847,No
136848,No
136849,No
136850,Yes
136851,No
136852,No
136853,Yes
136854,No
136855,Yes
136856,No
136857,No
136858,No
136859,No
136860,No
136861,No
136862,Yes
136863,No
136864,No
136865,No
136866,No
136867,No
136868,No
136869,No
136870,No
136871,No
136872,No
136873,Yes
136874,No
136875,Yes
136876,No
136877,No
136878,No
136879,Yes
136880,Yes
136881,Yes
136882,Yes
136883,Yes
136884,Yes
136885,Yes
136886,No
136887,No
136888,No
136889,No
136890,No
136891,Yes
136892,No
136893,Yes
136894,Yes
136895,No
136896,No
136897,No
136898,Yes
136899,No
136900,No
136901,Yes
136902,No
136903,No
136904,No
136905,No
136906,Yes
136907,No
136908,No
136909,No
136910,No
136911,No
136912,No
136913,No
136914,No
136915,Yes
136916,No
136917,No
136918,Yes
136919,No
136920,No
136921,No
136922,No
136923,No
136924,Yes
136925,Yes
136926,Yes
136927,No
136928,Yes
136929,No
136930,No
136931,Yes
136932,No
136933,No
136934,No
136935,Yes
136936,No
136937,No
136938,No
136939,No
136940,No
136941,Yes
136942,No
136943,No
136944,No
136945,No
136946,No
136947,Yes
136948,Yes
136949,No
136950,Yes
136951,No
136952,No
136953,No
136954,No
136955,No
136956,No
136957,Yes
136958,Yes
136959,Yes
136960,Yes
136961,No
136962,No
136963,No
136964,No
136965,Yes
136966,No
136967,Yes
136968,Yes
136969,Yes
136970,No
136971,No
136972,No
136973,No
136974,No
136975,Yes
136976,No
136977,No
136978,No
136979,Yes
136980,Yes
136981,No
136982,No
136983,No
136984,No
136985,No
136986,No
136987,Yes
136988,No
136989,No
136990,No
136991,Yes
136992,No
136993,No
136994,No
136995,Yes
136996,No
136997,No
136998,Yes
136999,No
137000,Yes
137001,No
137002,No
137003,No
137004,No
137005,Yes
137006,No
137007,Yes
137008,No
137009,No
137010,Yes
137011,Yes
137012,Yes
137013,No
137014,Yes
137015,Yes
137016,No
137017,Yes
137018,No
137019,No
137020,Yes
137021,No
137022,Yes
137023,No
137024,No
137025,No
137026,Yes
137027,Yes
137028,Yes
137029,No
137030,No
137031,No
137032,No
137033,Yes
137034,No
137035,No
137036,No
137037,No
137038,No
137039,No
137040,Yes
137041,No
137042,Yes
137043,No
137044,No
137045,No
137046,Yes
137047,Yes
137048,No
137049,No
137050,No
137051,Yes
137052,No
137053,No
137054,No
137055,Yes
137056,No
137057,No
137058,No
137059,No
137060,No
137061,No
137062,No
137063,Yes
137064,Yes
137065,Yes
137066,No
137067,No
137068,No
137069,No
137070,No
137071,No
137072,No
137073,No
137074,No
137075,Yes
137076,Yes
137077,Yes
137078,Yes
137079,No
137080,Yes
137081,No
137082,No
137083,No
137084,No
137085,No
137086,No
137087,Yes
137088,No
137089,No
137090,No
137091,Yes
137092,No
137093,No
137094,No
137095,Yes
137096,Yes
137097,Yes
137098,Yes
137099,No
137100,Yes
137101,Yes
137102,Yes
137103,No
137104,No
137105,No
137106,Yes
137107,No
137108,Yes
137109,Yes
137110,Yes
137111,No
137112,No
137113,Yes
137114,Yes
137115,Yes
137116,No
137117,No
137118,No
137119,Yes
137120,No
137121,Yes
137122,No
137123,No
137124,Yes
137125,No
137126,Yes
137127,No
137128,Yes
137129,Yes
137130,No
137131,No
137132,Yes
137133,Yes
137134,No
137135,No
137136,No
137137,Yes
137138,No
137139,No
137140,Yes
137141,No
137142,No
137143,No
137144,No
137145,No
137146,No
137147,No
137148,No
137149,No
137150,Yes
137151,No
137152,No
137153,No
137154,Yes
137155,Yes
137156,No
137157,Yes
137158,No
137159,Yes
137160,No
137161,Yes
137162,No
137163,No
137164,Yes
137165,No
137166,No
137167,Yes
137168,Yes
137169,Yes
137170,No
137171,No
137172,No
137173,No
137174,Yes
137175,No
137176,Yes
137177,Yes
137178,Yes
137179,Yes
137180,No
137181,No
137182,No
137183,Yes
137184,Yes
137185,Yes
137186,No
137187,No
137188,Yes
137189,No
137190,No
137191,No
137192,No
137193,No
137194,No
137195,Yes
137196,No
137197,No
137198,No
137199,Yes
137200,Yes
137201,Yes
137202,Yes
137203,No
137204,Yes
137205,Yes
137206,No
137207,Yes
137208,No
137209,Yes
137210,No
137211,No
137212,Yes
137213,No
137214,Yes
137215,Yes
137216,Yes
137217,Yes
137218,No
137219,No
137220,Yes
137221,No
137222,Yes
137223,No
137224,Yes
137225,Yes
137226,No
137227,Yes
137228,No
137229,Yes
137230,Yes
137231,No
137232,No
137233,No
137234,Yes
137235,No
137236,No
137237,Yes
137238,No
137239,No
137240,Yes
137241,Yes
137242,Yes
137243,Yes
137244,Yes
137245,Yes
137246,No
137247,No
137248,No
137249,No
137250,No
137251,Yes
137252,No
137253,No
137254,No
137255,No
137256,No
137257,No
137258,Yes
137259,Yes
137260,No
137261,No
137262,No
137263,No
137264,No
137265,No
137266,No
137267,Yes
137268,No
137269,No
137270,Yes
137271,No
137272,No
137273,No
137274,No
137275,No
137276,No
137277,Yes
137278,No
137279,No
137280,No
137281,Yes
137282,No
137283,No
137284,No
137285,Yes
137286,Yes
137287,No
137288,No
137289,No
137290,Yes
137291,Yes
137292,Yes
137293,Yes
137294,Yes
137295,Yes
137296,Yes
137297,No
137298,Yes
137299,Yes
137300,Yes
137301,Yes
137302,No
137303,No
137304,Yes
137305,No
137306,Yes
137307,No
137308,Yes
137309,No
137310,No
137311,No
137312,Yes
137313,No
137314,No
137315,Yes
137316,Yes
137317,Yes
137318,No
137319,Yes
137320,No
137321,No
137322,No
137323,Yes
137324,Yes
137325,Yes
137326,No
137327,No
137328,No
137329,No
137330,Yes
137331,Yes
137332,Yes
137333,No
137334,Yes
137335,No
137336,No
137337,No
137338,Yes
137339,No
137340,Yes
137341,Yes
137342,No
137343,Yes
137344,No
137345,No
137346,No
137347,No
137348,Yes
137349,No
137350,Yes
137351,No
137352,No
137353,Yes
137354,No
137355,No
137356,Yes
137357,No
137358,Yes
137359,Yes
137360,No
137361,No
137362,Yes
137363,No
137364,No
137365,No
137366,Yes
137367,No
137368,No
137369,No
137370,No
137371,Yes
137372,Yes
137373,No
137374,No
137375,No
137376,No
137377,No
137378,No
137379,No
137380,Yes
137381,Yes
137382,Yes
137383,Yes
137384,No
137385,Yes
137386,No
137387,No
137388,No
137389,No
137390,Yes
137391,No
137392,No
137393,No
137394,No
137395,No
137396,No
137397,No
137398,No
137399,No
137400,Yes
137401,No
137402,No
137403,No
137404,No
137405,No
137406,Yes
137407,Yes
137408,Yes
137409,No
137410,Yes
137411,Yes
137412,Yes
137413,No
137414,No
137415,No
137416,Yes
137417,Yes
137418,Yes
137419,No
137420,Yes
137421,No
137422,Yes
137423,No
137424,Yes
137425,No
137426,Yes
137427,No
137428,No
137429,No
137430,No
137431,No
137432,No
137433,Yes
137434,Yes
137435,Yes
137436,Yes
137437,No
137438,No
137439,Yes
137440,Yes
137441,Yes
137442,Yes
137443,No
137444,Yes
137445,Yes
137446,Yes
137447,No
137448,No
137449,Yes
137450,No
137451,Yes
137452,No
137453,Yes
137454,Yes
137455,No
137456,No
137457,No
137458,Yes
137459,Yes
137460,Yes
137461,No
137462,No
137463,Yes
137464,Yes
137465,No
137466,No
137467,Yes
137468,Yes
137469,No
137470,No
137471,No
137472,No
137473,No
137474,No
137475,No
137476,No
137477,Yes
137478,No
137479,Yes
137480,No
137481,No
137482,No
137483,No
137484,Yes
137485,No
137486,No
137487,Yes
137488,No
137489,Yes
137490,No
137491,Yes
137492,Yes
137493,No
137494,No
137495,No
137496,No
137497,No
137498,No
137499,No
137500,No
137501,No
137502,No
137503,Yes
137504,Yes
137505,Yes
137506,No
137507,No
137508,No
137509,No
137510,No
137511,No
137512,No
137513,Yes
137514,No
137515,No
137516,No
137517,No
137518,No
137519,Yes
137520,No
137521,Yes
137522,No
137523,No
137524,Yes
137525,No
137526,No
137527,No
137528,Yes
137529,Yes
137530,No
137531,No
137532,Yes
137533,No
137534,Yes
137535,No
137536,No
137537,No
137538,No
137539,Yes
137540,No
137541,Yes
137542,Yes
137543,No
137544,Yes
137545,No
137546,No
137547,Yes
137548,Yes
137549,No
137550,Yes
137551,No
137552,Yes
137553,Yes
137554,Yes
137555,No
137556,No
137557,No
137558,No
137559,Yes
137560,No
137561,No
137562,Yes
137563,No
137564,Yes
137565,No
137566,No
137567,No
137568,No
137569,Yes
137570,No
137571,No
137572,No
137573,Yes
137574,No
137575,Yes
137576,Yes
137577,Yes
137578,Yes
137579,No
137580,Yes
137581,No
137582,No
137583,Yes
137584,No
137585,Yes
137586,No
137587,No
137588,Yes
137589,No
137590,Yes
137591,No
137592,No
137593,No
137594,Yes
137595,No
137596,No
137597,No
137598,No
137599,No
137600,No
137601,No
137602,No
137603,No
137604,No
137605,Yes
137606,No
137607,No
137608,No
137609,Yes
137610,Yes
137611,Yes
137612,No
137613,No
137614,Yes
137615,Yes
137616,Yes
137617,No
137618,Yes
137619,Yes
137620,Yes
137621,Yes
137622,No
137623,No
137624,No
137625,Yes
137626,No
137627,Yes
137628,No
137629,No
137630,No
137631,No
137632,No
137633,Yes
137634,Yes
137635,No
137636,No
137637,Yes
137638,Yes
137639,Yes
137640,No
137641,No
137642,No
137643,Yes
137644,No
137645,No
137646,No
137647,No
137648,Yes
137649,No
137650,No
137651,No
137652,Yes
137653,Yes
137654,No
137655,Yes
137656,No
137657,No
137658,No
137659,No
137660,No
137661,Yes
137662,No
137663,Yes
137664,No
137665,Yes
137666,Yes
137667,Yes
137668,No
137669,No
137670,No
137671,No
137672,No
137673,Yes
137674,No
137675,No
137676,Yes
137677,No
137678,Yes
137679,No
137680,No
137681,No
137682,No
137683,No
137684,Yes
137685,No
137686,Yes
137687,No
137688,Yes
137689,Yes
137690,No
137691,No
137692,No
137693,No
137694,No
137695,Yes
137696,No
137697,No
137698,No
137699,No
137700,Yes
137701,Yes
137702,No
137703,Yes
137704,No
137705,No
137706,Yes
137707,Yes
137708,No
137709,No
137710,Yes
137711,No
137712,No
137713,No
137714,No
137715,No
137716,Yes
137717,Yes
137718,No
137719,No
137720,No
137721,No
137722,No
137723,No
137724,No
137725,No
137726,Yes
137727,No
137728,No
137729,No
137730,No
137731,No
137732,Yes
137733,No
137734,Yes
137735,Yes
137736,No
137737,No
137738,No
137739,Yes
137740,No
137741,Yes
137742,No
137743,No
137744,No
137745,No
137746,No
137747,No
137748,Yes
137749,No
137750,No
137751,Yes
137752,No
137753,No
137754,Yes
137755,No
137756,No
137757,Yes
137758,Yes
137759,No
137760,Yes
137761,No
137762,No
137763,No
137764,No
137765,No
137766,No
137767,No
137768,Yes
137769,Yes
137770,Yes
137771,No
137772,No
137773,No
137774,Yes
137775,Yes
137776,No
137777,No
137778,No
137779,No
137780,No
137781,Yes
137782,No
137783,Yes
137784,Yes
137785,No
137786,Yes
137787,Yes
137788,No
137789,No
137790,Yes
137791,No
137792,Yes
137793,No
137794,No
137795,Yes
137796,Yes
137797,No
137798,No
137799,No
137800,Yes
137801,Yes
137802,Yes
137803,No
137804,Yes
137805,Yes
137806,Yes
137807,No
137808,No
137809,No
137810,Yes
137811,Yes
137812,Yes
137813,Yes
137814,Yes
137815,Yes
137816,Yes
137817,No
137818,Yes
137819,Yes
137820,Yes
137821,Yes
137822,Yes
137823,Yes
137824,No
137825,No
137826,Yes
137827,Yes
137828,Yes
137829,No
137830,No
137831,No
137832,No
137833,No
137834,Yes
137835,No
137836,Yes
137837,Yes
137838,Yes
137839,No
137840,Yes
137841,No
137842,Yes
137843,No
137844,No
137845,Yes
137846,Yes
137847,No
137848,No
137849,Yes
137850,No
137851,No
137852,No
137853,No
137854,No
137855,Yes
137856,Yes
137857,No
137858,Yes
137859,No
137860,No
137861,No
137862,Yes
137863,No
137864,No
137865,No
137866,No
137867,Yes
137868,No
137869,No
137870,No
137871,No
137872,No
137873,No
137874,Yes
137875,No
137876,Yes
137877,No
137878,Yes
137879,Yes
137880,Yes
137881,Yes
137882,Yes
137883,Yes
137884,No
137885,Yes
137886,No
137887,No
137888,Yes
137889,No
137890,No
137891,Yes
137892,Yes
137893,No
137894,No
137895,No
137896,Yes
137897,No
137898,Yes
137899,No
137900,Yes
137901,Yes
137902,No
137903,No
137904,No
137905,Yes
137906,Yes
137907,No
137908,Yes
137909,Yes
137910,Yes
137911,Yes
137912,Yes
137913,No
137914,No
137915,Yes
137916,No
137917,No
137918,Yes
137919,No
137920,No
137921,Yes
137922,Yes
137923,No
137924,Yes
137925,Yes
137926,No
137927,No
137928,No
137929,No
137930,Yes
137931,No
137932,No
137933,No
137934,No
137935,No
137936,No
137937,No
137938,Yes
137939,No
137940,No
137941,No
137942,No
137943,No
137944,No
137945,No
137946,Yes
137947,No
137948,No
137949,No
137950,No
137951,Yes
137952,No
137953,Yes
137954,No
137955,Yes
137956,No
137957,Yes
137958,Yes
137959,No
137960,No
137961,Yes
137962,No
137963,No
137964,No
137965,No
137966,No
137967,Yes
137968,Yes
137969,Yes
137970,No
137971,Yes
137972,No
137973,Yes
137974,Yes
137975,Yes
137976,No
137977,No
137978,No
137979,No
137980,No
137981,No
137982,No
137983,No
137984,No
137985,No
137986,No
137987,No
137988,No
137989,No
137990,No
137991,No
137992,Yes
137993,Yes
137994,No
137995,Yes
137996,No
137997,No
137998,No
137999,Yes
138000,Yes
138001,Yes
138002,Yes
138003,Yes
138004,Yes
138005,No
138006,No
138007,Yes
138008,No
138009,No
138010,Yes
138011,No
138012,No
138013,No
138014,No
138015,Yes
138016,Yes
138017,Yes
138018,Yes
138019,Yes
138020,No
138021,Yes
138022,No
138023,No
138024,Yes
138025,Yes
138026,No
138027,No
138028,No
138029,No
138030,No
138031,Yes
138032,Yes
138033,No
138034,No
138035,No
138036,Yes
138037,Yes
138038,Yes
138039,Yes
138040,No
138041,No
138042,Yes
138043,No
138044,No
138045,Yes
138046,Yes
138047,No
138048,Yes
138049,No
138050,No
138051,No
138052,No
138053,No
138054,Yes
138055,No
138056,No
138057,No
138058,No
138059,Yes
138060,No
138061,No
138062,No
138063,Yes
138064,Yes
138065,No
138066,No
138067,No
138068,No
138069,No
138070,No
138071,Yes
138072,No
138073,Yes
138074,Yes
138075,No
138076,No
138077,No
138078,Yes
138079,No
138080,Yes
138081,Yes
138082,No
138083,No
138084,Yes
138085,Yes
138086,No
138087,No
138088,No
138089,No
138090,Yes
138091,Yes
138092,Yes
138093,Yes
138094,No
138095,Yes
138096,No
138097,No
138098,No
138099,Yes
138100,Yes
138101,Yes
138102,No
138103,Yes
138104,Yes
138105,No
138106,Yes
138107,No
138108,No
138109,No
138110,Yes
138111,No
138112,Yes
138113,No
138114,Yes
138115,Yes
138116,No
138117,No
138118,No
138119,Yes
138120,Yes
138121,No
138122,Yes
138123,Yes
138124,No
138125,Yes
138126,No
138127,No
138128,No
138129,No
138130,No
138131,No
138132,No
138133,Yes
138134,No
138135,No
138136,No
138137,No
138138,No
138139,No
138140,Yes
138141,Yes
138142,Yes
138143,No
138144,No
138145,Yes
138146,Yes
138147,No
138148,Yes
138149,No
138150,No
138151,Yes
138152,Yes
138153,No
138154,No
138155,No
138156,No
138157,Yes
138158,Yes
138159,Yes
138160,No
138161,No
138162,Yes
138163,No
138164,No
138165,No
138166,No
138167,No
138168,No
138169,Yes
138170,No
138171,No
138172,Yes
138173,Yes
138174,No
138175,No
138176,No
138177,Yes
138178,Yes
138179,Yes
138180,No
138181,Yes
138182,No
138183,No
138184,Yes
138185,Yes
138186,No
138187,No
138188,No
138189,No
138190,Yes
138191,No
138192,No
138193,No
138194,Yes
138195,Yes
138196,Yes
138197,Yes
138198,No
138199,No
138200,Yes
138201,Yes
138202,No
138203,No
138204,Yes
138205,Yes
138206,No
138207,Yes
138208,No
138209,No
138210,Yes
138211,Yes
138212,Yes
138213,No
138214,Yes
138215,No
138216,No
138217,No
138218,No
138219,No
138220,No
138221,Yes
138222,No
138223,No
138224,No
138225,Yes
138226,Yes
138227,No
138228,No
138229,No
138230,No
138231,Yes
138232,No
138233,No
138234,Yes
138235,Yes
138236,No
138237,Yes
138238,No
138239,No
138240,No
138241,No
138242,No
138243,No
138244,Yes
138245,Yes
138246,Yes
138247,No
138248,Yes
138249,No
138250,Yes
138251,Yes
138252,No
138253,No
138254,No
138255,No
138256,No
138257,Yes
138258,Yes
138259,No
138260,Yes
138261,Yes
138262,No
138263,No
138264,No
138265,No
138266,No
138267,No
138268,No
138269,No
138270,No
138271,No
138272,No
138273,Yes
138274,No
138275,No
138276,No
138277,No
138278,No
138279,No
138280,Yes
138281,No
138282,No
138283,No
138284,No
138285,Yes
138286,Yes
138287,No
138288,Yes
138289,Yes
138290,No
138291,No
138292,No
138293,Yes
138294,Yes
138295,Yes
138296,Yes
138297,No
138298,Yes
138299,Yes
138300,No
138301,No
138302,No
138303,Yes
138304,Yes
138305,No
138306,Yes
138307,No
138308,No
138309,No
138310,No
138311,Yes
138312,No
138313,Yes
138314,Yes
138315,Yes
138316,No
138317,Yes
138318,Yes
138319,Yes
138320,No
138321,Yes
138322,No
138323,No
138324,Yes
138325,Yes
138326,No
138327,No
138328,Yes
138329,No
138330,No
138331,Yes
138332,No
138333,No
138334,No
138335,Yes
138336,Yes
138337,No
138338,No
138339,No
138340,No
138341,Yes
138342,No
138343,Yes
138344,No
138345,No
138346,Yes
138347,No
138348,Yes
138349,No
138350,Yes
138351,No
138352,Yes
138353,No
138354,Yes
138355,No
138356,No
138357,No
138358,Yes
138359,Yes
138360,No
138361,Yes
138362,Yes
138363,No
138364,No
138365,No
138366,No
138367,No
138368,Yes
138369,No
138370,No
138371,Yes
138372,No
138373,No
138374,Yes
138375,Yes
138376,Yes
138377,Yes
138378,No
138379,No
138380,Yes
138381,No
138382,Yes
138383,No
138384,No
138385,No
138386,No
138387,No
138388,No
138389,No
138390,No
138391,Yes
138392,No
138393,No
138394,Yes
138395,No
138396,No
138397,No
138398,Yes
138399,No
138400,No
138401,Yes
138402,No
138403,No
138404,No
138405,No
138406,No
138407,Yes
138408,Yes
138409,Yes
138410,Yes
138411,No
138412,No
138413,No
138414,No
138415,No
138416,Yes
138417,Yes
138418,Yes
138419,Yes
138420,No
138421,Yes
138422,No
138423,Yes
138424,No
138425,No
138426,Yes
138427,Yes
138428,No
138429,No
138430,No
138431,Yes
138432,Yes
138433,No
138434,Yes
138435,Yes
138436,No
138437,No
138438,No
138439,Yes
138440,No
138441,No
138442,Yes
138443,Yes
138444,No
138445,No
138446,No
138447,Yes
138448,No
138449,No
138450,No
138451,No
138452,Yes
138453,No
138454,No
138455,Yes
138456,Yes
138457,No
138458,Yes
138459,No
138460,No
138461,Yes
138462,Yes
138463,No
138464,Yes
138465,Yes
138466,No
138467,Yes
138468,No
138469,No
138470,Yes
138471,Yes
138472,No
138473,No
138474,Yes
138475,No
138476,No
138477,No
138478,Yes
138479,Yes
138480,No
138481,No
138482,No
138483,No
138484,Yes
138485,Yes
138486,Yes
138487,No
138488,Yes
138489,No
138490,No
138491,No
138492,No
138493,Yes
138494,No
138495,Yes
138496,Yes
138497,Yes
138498,Yes
138499,Yes
138500,No
138501,Yes
138502,No
138503,No
138504,No
138505,Yes
138506,No
138507,No
138508,No
138509,No
138510,No
138511,No
138512,No
138513,No
138514,No
138515,Yes
138516,Yes
138517,No
138518,Yes
138519,Yes
138520,No
138521,No
138522,Yes
138523,No
138524,Yes
138525,No
138526,Yes
138527,Yes
138528,No
138529,No
138530,Yes
138531,Yes
138532,Yes
138533,No
138534,No
138535,No
138536,Yes
138537,Yes
138538,No
138539,No
138540,No
138541,No
138542,Yes
138543,Yes
138544,No
138545,No
138546,Yes
138547,Yes
138548,No
138549,Yes
138550,Yes
138551,Yes
138552,Yes
138553,Yes
138554,Yes
138555,No
138556,No
138557,Yes
138558,Yes
138559,No
138560,No
138561,Yes
138562,Yes
138563,No
138564,Yes
138565,No
138566,No
138567,Yes
138568,Yes
138569,No
138570,Yes
138571,Yes
138572,No
138573,Yes
138574,Yes
138575,No
138576,No
138577,No
138578,No
138579,Yes
138580,No
138581,No
138582,No
138583,No
138584,No
138585,No
138586,Yes
138587,No
138588,Yes
138589,No
138590,No
138591,No
138592,No
138593,No
138594,Yes
138595,Yes
138596,No
138597,No
138598,No
138599,Yes
138600,Yes
138601,No
138602,No
138603,No
138604,Yes
138605,No
138606,No
138607,Yes
138608,No
138609,No
138610,No
138611,No
138612,No
138613,No
138614,No
138615,Yes
138616,No
138617,No
138618,No
138619,No
138620,Yes
138621,No
138622,Yes
138623,No
138624,No
138625,No
138626,Yes
138627,Yes
138628,Yes
138629,Yes
138630,No
138631,No
138632,No
138633,No
138634,No
138635,No
138636,Yes
138637,Yes
138638,No
138639,No
138640,Yes
138641,No
138642,No
138643,No
138644,Yes
138645,No
138646,No
138647,Yes
138648,No
138649,No
138650,Yes
138651,Yes
138652,No
138653,Yes
138654,Yes
138655,No
138656,No
138657,No
138658,No
138659,Yes
138660,No
138661,No
138662,No
138663,Yes
138664,Yes
138665,No
138666,No
138667,No
138668,Yes
138669,No
138670,No
138671,Yes
138672,No
138673,No
138674,No
138675,No
138676,No
138677,No
138678,No
138679,Yes
138680,Yes
138681,No
138682,No
138683,No
138684,Yes
138685,No
138686,No
138687,No
138688,No
138689,No
138690,Yes
138691,Yes
138692,No
138693,Yes
138694,No
138695,No
138696,No
138697,No
138698,Yes
138699,Yes
138700,Yes
138701,No
138702,No
138703,No
138704,Yes
138705,Yes
138706,Yes
138707,No
138708,No
138709,No
138710,No
138711,No
138712,No
138713,No
138714,No
138715,No
138716,No
138717,Yes
138718,No
138719,No
138720,No
138721,No
138722,Yes
138723,Yes
138724,Yes
138725,No
138726,No
138727,Yes
138728,No
138729,No
138730,No
138731,No
138732,Yes
138733,No
138734,No
138735,No
138736,No
138737,Yes
138738,Yes
138739,Yes
138740,Yes
138741,No
138742,No
138743,No
138744,No
138745,Yes
138746,No
138747,No
138748,Yes
138749,No
138750,Yes
138751,Yes
138752,No
138753,Yes
138754,No
138755,Yes
138756,No
138757,No
138758,No
138759,No
138760,Yes
138761,No
138762,Yes
138763,Yes
138764,No
138765,No
138766,No
138767,Yes
138768,No
138769,No
138770,No
138771,No
138772,No
138773,No
138774,No
138775,No
138776,No
138777,Yes
138778,No
138779,No
138780,No
138781,No
138782,No
138783,No
138784,No
138785,No
138786,Yes
138787,Yes
138788,No
138789,Yes
138790,Yes
138791,Yes
138792,Yes
138793,Yes
138794,No
138795,Yes
138796,No
138797,No
138798,Yes
138799,No
138800,No
138801,Yes
138802,No
138803,No
138804,No
138805,No
138806,No
138807,No
138808,Yes
138809,No
138810,Yes
138811,No
138812,Yes
138813,No
138814,Yes
138815,No
138816,Yes
138817,No
138818,No
138819,No
138820,No
138821,No
138822,Yes
138823,Yes
138824,Yes
138825,No
138826,No
138827,Yes
138828,No
138829,Yes
138830,No
138831,Yes
138832,No
138833,No
138834,No
138835,Yes
138836,No
138837,Yes
138838,No
138839,No
138840,Yes
138841,No
138842,No
138843,No
138844,No
138845,Yes
138846,Yes
138847,Yes
138848,No
138849,Yes
138850,No
138851,No
138852,Yes
138853,No
138854,No
138855,No
138856,Yes
138857,Yes
138858,Yes
138859,Yes
138860,Yes
138861,No
138862,No
138863,Yes
138864,No
138865,Yes
138866,No
138867,No
138868,Yes
138869,No
138870,No
138871,No
138872,No
138873,No
138874,Yes
138875,Yes
138876,No
138877,No
138878,Yes
138879,Yes
138880,No
138881,No
138882,Yes
138883,No
138884,Yes
138885,Yes
138886,Yes
138887,Yes
138888,No
138889,No
138890,No
138891,Yes
138892,No
138893,Yes
138894,Yes
138895,No
138896,Yes
138897,No
138898,Yes
138899,No
138900,Yes
138901,No
138902,Yes
138903,No
138904,No
138905,No
138906,No
138907,No
138908,Yes
138909,Yes
138910,No
138911,No
138912,Yes
138913,No
138914,Yes
138915,No
138916,No
138917,Yes
138918,Yes
138919,No
138920,No
138921,No
138922,No
138923,No
138924,Yes
138925,Yes
138926,Yes
138927,Yes
138928,No
138929,No
138930,Yes
138931,No
138932,Yes
138933,No
138934,No
138935,No
138936,No
138937,No
138938,Yes
138939,No
138940,Yes
138941,Yes
138942,No
138943,No
138944,No
138945,Yes
138946,Yes
138947,Yes
138948,No
138949,No
138950,No
138951,No
138952,No
138953,No
138954,No
138955,Yes
138956,No
138957,No
138958,No
138959,No
138960,No
138961,No
138962,No
138963,No
138964,Yes
138965,No
138966,No
138967,No
138968,Yes
138969,No
138970,Yes
138971,No
138972,No
138973,No
138974,No
138975,No
138976,No
138977,No
138978,Yes
138979,Yes
138980,Yes
138981,Yes
138982,No
138983,No
138984,No
138985,Yes
138986,Yes
138987,No
138988,No
138989,Yes
138990,Yes
138991,No
138992,No
138993,No
138994,Yes
138995,Yes
138996,No
138997,No
138998,Yes
138999,No
139000,No
139001,No
139002,Yes
139003,Yes
139004,Yes
139005,No
139006,No
139007,Yes
139008,No
139009,No
139010,No
139011,No
139012,No
139013,No
139014,No
139015,No
139016,No
139017,Yes
139018,No
139019,No
139020,No
139021,No
139022,Yes
139023,No
139024,Yes
139025,No
139026,Yes
139027,Yes
139028,No
139029,No
139030,No
139031,No
139032,No
139033,Yes
139034,Yes
139035,Yes
139036,No
139037,Yes
139038,No
139039,No
139040,No
139041,No
139042,Yes
139043,No
139044,No
139045,No
139046,Yes
139047,Yes
139048,No
139049,No
139050,Yes
139051,No
139052,No
139053,No
139054,No
139055,Yes
139056,No
139057,No
139058,No
139059,No
139060,No
139061,No
139062,No
139063,No
139064,No
139065,No
139066,Yes
139067,No
139068,Yes
139069,Yes
139070,No
139071,No
139072,No
139073,Yes
139074,No
139075,No
139076,No
139077,Yes
139078,No
139079,No
139080,No
139081,No
139082,Yes
139083,Yes
139084,No
139085,No
139086,No
139087,No
139088,No
139089,Yes
139090,No
139091,Yes
139092,No
139093,Yes
139094,Yes
139095,No
139096,No
139097,Yes
139098,No
139099,No
139100,Yes
139101,No
139102,No
139103,Yes
139104,No
139105,No
139106,No
139107,No
139108,No
139109,No
139110,No
139111,Yes
139112,No
139113,No
139114,No
139115,Yes
139116,No
139117,Yes
139118,Yes
139119,No
139120,No
139121,Yes
139122,No
139123,Yes
139124,No
139125,Yes
139126,No
139127,No
139128,Yes
139129,Yes
139130,No
139131,No
139132,No
139133,No
139134,No
139135,No
139136,No
139137,No
139138,Yes
139139,No
139140,No
139141,No
139142,No
139143,No
139144,Yes
139145,No
139146,No
139147,No
139148,No
139149,No
139150,No
139151,No
139152,No
139153,No
139154,Yes
139155,No
139156,No
139157,Yes
139158,Yes
139159,No
139160,Yes
139161,Yes
139162,No
139163,No
139164,No
139165,No
139166,Yes
139167,No
139168,No
139169,Yes
139170,No
139171,No
139172,Yes
139173,No
139174,No
139175,No
139176,No
139177,Yes
139178,Yes
139179,No
139180,No
139181,No
139182,No
139183,No
139184,No
139185,No
139186,No
139187,No
139188,Yes
139189,No
139190,No
139191,Yes
139192,No
139193,Yes
139194,No
139195,No
139196,No
139197,Yes
139198,No
139199,No
139200,No
139201,No
139202,No
139203,No
139204,No
139205,Yes
139206,No
139207,No
139208,No
139209,Yes
139210,No
139211,No
139212,No
139213,Yes
139214,Yes
139215,Yes
139216,No
139217,No
139218,Yes
139219,Yes
139220,Yes
139221,Yes
139222,Yes
139223,No
139224,Yes
139225,No
139226,No
139227,Yes
139228,No
139229,No
139230,No
139231,Yes
139232,No
139233,No
139234,Yes
139235,Yes
139236,No
139237,No
139238,Yes
139239,Yes
139240,No
139241,No
139242,No
139243,No
139244,No
139245,Yes
139246,Yes
139247,No
139248,No
139249,No
139250,No
139251,No
139252,No
139253,Yes
139254,No
139255,No
139256,No
139257,No
139258,No
139259,Yes
139260,Yes
139261,Yes
139262,Yes
139263,No
139264,No
139265,No
139266,Yes
139267,Yes
139268,No
139269,No
139270,No
139271,No
139272,Yes
139273,Yes
139274,Yes
139275,Yes
139276,Yes
139277,Yes
139278,No
139279,No
139280,No
139281,No
139282,No
139283,Yes
139284,Yes
139285,No
139286,No
139287,No
139288,Yes
139289,Yes
139290,No
139291,Yes
139292,No
139293,Yes
139294,No
139295,No
139296,Yes
139297,Yes
139298,No
139299,Yes
139300,No
139301,No
139302,Yes
139303,Yes
139304,No
139305,No
139306,No
139307,No
139308,No
139309,No
139310,Yes
139311,No
139312,No
139313,Yes
139314,No
139315,No
139316,No
139317,Yes
139318,No
139319,Yes
139320,No
139321,No
139322,No
139323,Yes
139324,Yes
139325,No
139326,Yes
139327,Yes
139328,No
139329,No
139330,No
139331,No
139332,Yes
139333,Yes
139334,Yes
139335,Yes
139336,Yes
139337,Yes
139338,Yes
139339,No
139340,Yes
139341,Yes
139342,No
139343,Yes
139344,No
139345,No
139346,Yes
139347,No
139348,No
139349,No
139350,No
139351,No
139352,No
139353,No
139354,Yes
139355,No
139356,Yes
139357,Yes
139358,No
139359,Yes
139360,Yes
139361,Yes
139362,No
139363,Yes
139364,Yes
139365,No
139366,No
139367,Yes
139368,Yes
139369,No
139370,No
139371,Yes
139372,Yes
139373,No
139374,No
139375,Yes
139376,No
139377,No
139378,Yes
139379,No
139380,Yes
139381,Yes
139382,Yes
139383,No
139384,No
139385,No
139386,Yes
139387,No
139388,No
139389,No
139390,No
139391,No
139392,No
139393,No
139394,No
139395,Yes
139396,No
139397,No
139398,No
139399,Yes
139400,Yes
139401,No
139402,Yes
139403,No
139404,Yes
139405,Yes
139406,Yes
139407,No
139408,No
139409,No
139410,No
139411,Yes
139412,Yes
139413,Yes
139414,Yes
139415,No
139416,No
139417,Yes
139418,Yes
139419,No
139420,Yes
139421,Yes
139422,Yes
139423,No
139424,No
139425,No
139426,Yes
139427,No
139428,No
139429,No
139430,No
139431,No
139432,No
139433,No
139434,No
139435,Yes
139436,No
139437,Yes
139438,No
139439,Yes
139440,No
139441,Yes
139442,Yes
139443,No
139444,Yes
139445,No
139446,No
139447,Yes
139448,No
139449,Yes
139450,No
139451,Yes
139452,Yes
139453,No
139454,No
139455,No
139456,No
139457,No
139458,No
139459,No
139460,No
139461,No
139462,Yes
139463,No
139464,No
139465,No
139466,Yes
139467,No
139468,No
139469,No
139470,Yes
139471,No
139472,Yes
139473,No
139474,No
139475,No
139476,Yes
139477,Yes
139478,No
139479,Yes
139480,No
139481,Yes
139482,No
139483,Yes
139484,Yes
139485,Yes
139486,Yes
139487,Yes
139488,No
139489,No
139490,No
139491,Yes
139492,Yes
139493,No
139494,Yes
139495,No
139496,No
139497,No
139498,No
139499,No
139500,No
139501,Yes
139502,No
139503,No
139504,No
139505,Yes
139506,No
139507,Yes
139508,No
139509,No
139510,No
139511,No
139512,Yes
139513,No
139514,No
139515,Yes
139516,Yes
139517,No
139518,No
139519,No
139520,No
139521,No
139522,No
139523,No
139524,No
139525,No
139526,Yes
139527,Yes
139528,No
139529,No
139530,Yes
139531,Yes
139532,No
139533,No
139534,No
139535,Yes
139536,No
139537,No
139538,No
139539,No
139540,No
139541,No
139542,Yes
139543,No
139544,Yes
139545,No
139546,Yes
139547,No
139548,No
139549,Yes
139550,No
139551,No
139552,Yes
139553,No
139554,No
139555,No
139556,No
139557,Yes
139558,Yes
139559,No
139560,No
139561,No
139562,No
139563,Yes
139564,Yes
139565,Yes
139566,Yes
139567,No
139568,No
139569,Yes
139570,No
139571,Yes
139572,No
139573,Yes
139574,Yes
139575,No
139576,Yes
139577,Yes
139578,No
139579,No
139580,No
139581,No
139582,No
139583,Yes
139584,No
139585,No
139586,No
139587,Yes
139588,Yes
139589,No
139590,No
139591,No
139592,No
139593,No
139594,No
139595,No
139596,No
139597,Yes
139598,No
139599,No
139600,Yes
139601,No
139602,Yes
139603,Yes
139604,Yes
139605,Yes
139606,No
139607,No
139608,No
139609,No
139610,No
139611,No
139612,No
139613,No
139614,Yes
139615,No
139616,Yes
139617,No
139618,No
139619,No
139620,Yes
139621,Yes
139622,No
139623,No
139624,Yes
139625,Yes
139626,No
139627,Yes
139628,No
139629,Yes
139630,No
139631,No
139632,No
139633,Yes
139634,No
139635,No
139636,No
139637,Yes
139638,Yes
139639,Yes
139640,Yes
139641,No
139642,Yes
139643,Yes
139644,Yes
139645,No
139646,Yes
139647,No
139648,No
139649,No
139650,Yes
139651,Yes
139652,No
139653,No
139654,Yes
139655,No
139656,Yes
139657,Yes
139658,Yes
139659,Yes
139660,No
139661,No
139662,No
139663,No
139664,No
139665,Yes
139666,No
139667,No
139668,No
139669,Yes
139670,Yes
139671,No
139672,Yes
139673,No
139674,Yes
139675,No
139676,Yes
139677,No
139678,No
139679,No
139680,No
139681,Yes
139682,Yes
139683,Yes
139684,Yes
139685,Yes
139686,Yes
139687,Yes
139688,Yes
139689,No
139690,Yes
139691,Yes
139692,No
139693,Yes
139694,Yes
139695,No
139696,Yes
139697,No
139698,Yes
139699,No
139700,No
139701,No
139702,No
139703,Yes
139704,Yes
139705,No
139706,Yes
139707,No
139708,Yes
139709,No
139710,Yes
139711,No
139712,No
139713,No
139714,Yes
139715,Yes
139716,No
139717,No
139718,No
139719,No
139720,No
139721,Yes
139722,Yes
139723,No
139724,No
139725,No
139726,No
139727,No
139728,No
139729,No
139730,No
139731,No
139732,No
139733,No
139734,No
139735,No
139736,No
139737,No
139738,No
139739,No
139740,Yes
139741,No
139742,No
139743,Yes
139744,Yes
139745,No
139746,No
139747,No
139748,No
139749,Yes
139750,No
139751,No
139752,Yes
139753,Yes
139754,Yes
139755,Yes
139756,No
139757,Yes
139758,Yes
139759,No
139760,Yes
139761,No
139762,Yes
139763,No
139764,No
139765,Yes
139766,No
139767,No
139768,No
139769,Yes
139770,No
139771,No
139772,No
139773,Yes
139774,No
139775,Yes
139776,No
139777,Yes
139778,Yes
139779,No
139780,Yes
139781,Yes
139782,No
139783,No
139784,Yes
139785,No
139786,Yes
139787,Yes
139788,Yes
139789,No
139790,No
139791,No
139792,No
139793,No
139794,No
139795,No
139796,Yes
139797,No
139798,No
139799,No
139800,No
139801,No
139802,Yes
139803,Yes
139804,No
139805,No
139806,No
139807,No
139808,No
139809,No
139810,No
139811,Yes
139812,No
139813,Yes
139814,No
139815,No
139816,No
139817,No
139818,Yes
139819,No
139820,Yes
139821,No
139822,Yes
139823,No
139824,No
139825,No
139826,Yes
139827,Yes
139828,Yes
139829,No
139830,No
139831,No
139832,Yes
139833,No
139834,Yes
139835,No
139836,No
139837,Yes
139838,No
139839,No
139840,No
139841,No
139842,No
139843,No
139844,No
139845,Yes
139846,No
139847,Yes
139848,No
139849,No
139850,No
139851,No
139852,No
139853,No
139854,No
139855,No
139856,Yes
139857,Yes
139858,No
139859,Yes
139860,Yes
139861,No
139862,No
139863,Yes
139864,Yes
139865,No
139866,No
139867,Yes
139868,No
139869,Yes
139870,No
139871,No
139872,Yes
139873,No
139874,Yes
139875,No
139876,No
139877,No
139878,No
139879,No
139880,Yes
139881,Yes
139882,No
139883,No
139884,No
139885,Yes
139886,Yes
139887,No
139888,No
139889,No
139890,No
139891,No
139892,No
139893,Yes
139894,No
139895,No
139896,Yes
139897,No
139898,No
139899,Yes
139900,No
139901,Yes
139902,No
139903,No
139904,No
139905,Yes
139906,Yes
139907,Yes
139908,Yes
139909,No
139910,No
139911,No
139912,No
139913,No
139914,Yes
139915,No
139916,No
139917,Yes
139918,No
139919,Yes
139920,Yes
139921,No
139922,Yes
139923,No
139924,No
139925,Yes
139926,No
139927,Yes
139928,No
139929,No
139930,No
139931,Yes
139932,No
139933,No
139934,No
139935,No
139936,No
139937,No
139938,Yes
139939,No
139940,No
139941,No
139942,Yes
139943,Yes
139944,Yes
139945,No
139946,No
139947,Yes
139948,No
139949,No
139950,Yes
139951,No
139952,No
139953,Yes
139954,Yes
139955,No
139956,Yes
139957,No
139958,Yes
139959,No
139960,Yes
139961,No
139962,No
139963,Yes
139964,No
139965,Yes
139966,No
139967,No
139968,Yes
139969,No
139970,Yes
139971,Yes
139972,No
139973,Yes
139974,No
139975,No
139976,No
139977,No
139978,No
139979,No
139980,Yes
139981,No
139982,Yes
139983,No
139984,No
139985,No
139986,No
139987,No
139988,No
139989,Yes
139990,No
139991,No
139992,No
139993,No
139994,No
139995,Yes
139996,No
139997,No
139998,Yes
139999,No
140000,No
140001,Yes
140002,No
140003,No
140004,No
140005,No
140006,No
140007,No
140008,No
140009,No
140010,No
140011,Yes
140012,Yes
140013,Yes
140014,No
140015,Yes
140016,No
140017,No
140018,Yes
140019,Yes
140020,No
140021,Yes
140022,No
140023,Yes
140024,No
140025,No
140026,No
140027,No
140028,No
140029,No
140030,Yes
140031,No
140032,Yes
140033,No
140034,No
140035,No
140036,Yes
140037,Yes
140038,No
140039,No
140040,No
140041,No
140042,No
140043,No
140044,No
140045,No
140046,Yes
140047,Yes
140048,No
140049,No
140050,Yes
140051,No
140052,No
140053,Yes
140054,Yes
140055,No
140056,No
140057,No
140058,No
140059,No
140060,Yes
140061,No
140062,Yes
140063,Yes
140064,No
140065,Yes
140066,Yes
140067,Yes
140068,Yes
140069,No
140070,No
140071,Yes
140072,No
140073,No
140074,No
140075,Yes
140076,No
140077,No
140078,Yes
140079,No
140080,No
140081,No
140082,No
140083,No
140084,Yes
140085,No
140086,No
140087,No
140088,No
140089,Yes
140090,Yes
140091,Yes
140092,No
140093,No
140094,Yes
140095,Yes
140096,No
140097,No
140098,No
140099,Yes
140100,Yes
140101,No
140102,No
140103,Yes
140104,No
140105,Yes
140106,Yes
140107,Yes
140108,Yes
140109,Yes
140110,Yes
140111,Yes
140112,Yes
140113,No
140114,Yes
140115,No
140116,No
140117,No
140118,Yes
140119,Yes
140120,No
140121,No
140122,Yes
140123,Yes
140124,No
140125,Yes
140126,Yes
140127,No
140128,Yes
140129,No
140130,Yes
140131,No
140132,No
140133,Yes
140134,No
140135,No
140136,Yes
140137,No
140138,Yes
140139,No
140140,No
140141,Yes
140142,Yes
140143,Yes
140144,No
140145,No
140146,No
140147,No
140148,No
140149,Yes
140150,No
140151,No
140152,Yes
140153,Yes
140154,No
140155,No
140156,Yes
140157,No
140158,Yes
140159,No
140160,No
140161,No
140162,Yes
140163,Yes
140164,No
140165,No
140166,Yes
140167,No
140168,No
140169,No
140170,No
140171,No
140172,No
140173,Yes
140174,Yes
140175,Yes
140176,No
140177,No
140178,No
140179,Yes
140180,Yes
140181,No
140182,Yes
140183,No
140184,No
140185,No
140186,No
140187,No
140188,Yes
140189,Yes
140190,No
140191,No
140192,No
140193,No
140194,No
140195,Yes
140196,No
140197,No
140198,No
140199,Yes
140200,Yes
140201,No
140202,Yes
140203,No
140204,Yes
140205,No
140206,No
140207,No
140208,No
140209,No
140210,Yes
140211,No
140212,Yes
140213,No
140214,No
140215,No
140216,No
140217,No
140218,Yes
140219,No
140220,Yes
140221,No
140222,No
140223,Yes
140224,No
140225,No
140226,No
140227,No
140228,No
140229,No
140230,Yes
140231,No
140232,No
140233,No
140234,No
140235,No
140236,No
140237,No
140238,Yes
140239,No
140240,No
140241,Yes
140242,No
140243,No
140244,Yes
140245,No
140246,No
140247,No
140248,Yes
140249,No
140250,Yes
140251,No
140252,No
140253,No
140254,Yes
140255,No
140256,No
140257,Yes
140258,Yes
140259,No
140260,No
140261,No
140262,No
140263,No
140264,No
140265,No
140266,No
140267,Yes
140268,No
140269,No
140270,Yes
140271,No
140272,Yes
140273,Yes
140274,Yes
140275,Yes
140276,Yes
140277,No
140278,Yes
140279,Yes
140280,No
140281,No
140282,No
140283,Yes
140284,No
140285,No
140286,No
140287,Yes
140288,No
140289,No
140290,No
140291,No
140292,No
140293,Yes
140294,No
140295,Yes
140296,No
140297,Yes
140298,No
140299,Yes
140300,No
140301,No
140302,No
140303,No
140304,No
140305,No
140306,No
140307,No
140308,No
140309,Yes
140310,Yes
140311,No
140312,No
140313,No
140314,Yes
140315,No
140316,Yes
140317,No
140318,No
140319,No
140320,No
140321,No
140322,Yes
140323,No
140324,Yes
140325,No
140326,Yes
140327,No
140328,No
140329,No
140330,No
140331,No
140332,No
140333,No
140334,No
140335,No
140336,Yes
140337,Yes
140338,No
140339,Yes
140340,Yes
140341,No
140342,No
140343,No
140344,No
140345,No
140346,Yes
140347,Yes
140348,No
140349,Yes
140350,Yes
140351,No
140352,No
140353,Yes
140354,No
140355,No
140356,No
140357,No
140358,No
140359,No
140360,No
140361,No
140362,No
140363,No
140364,No
140365,No
140366,No
140367,No
140368,No
140369,No
140370,No
140371,No
140372,Yes
140373,No
140374,Yes
140375,No
140376,No
140377,No
140378,Yes
140379,Yes
140380,Yes
140381,Yes
140382,No
140383,No
140384,No
140385,Yes
140386,No
140387,Yes
140388,No
140389,Yes
140390,No
140391,No
140392,No
140393,Yes
140394,No
140395,No
140396,Yes
140397,No
140398,Yes
140399,Yes
140400,Yes
140401,No
140402,Yes
140403,Yes
140404,Yes
140405,No
140406,No
140407,Yes
140408,No
140409,Yes
140410,No
140411,Yes
140412,No
140413,No
140414,Yes
140415,No
140416,No
140417,Yes
140418,No
140419,No
140420,No
140421,No
140422,No
140423,Yes
140424,No
140425,No
140426,Yes
140427,No
140428,Yes
140429,No
140430,No
140431,Yes
140432,No
140433,No
140434,Yes
140435,No
140436,No
140437,No
140438,No
140439,Yes
140440,No
140441,No
140442,No
140443,No
140444,No
140445,Yes
140446,No
140447,No
140448,Yes
140449,Yes
140450,No
140451,No
140452,Yes
140453,Yes
140454,No
140455,Yes
140456,No
140457,Yes
140458,No
140459,Yes
140460,Yes
140461,No
140462,Yes
140463,Yes
140464,No
140465,Yes
140466,Yes
140467,Yes
140468,Yes
140469,No
140470,No
140471,Yes
140472,Yes
140473,No
140474,No
140475,No
140476,No
140477,No
140478,Yes
140479,No
140480,Yes
140481,No
140482,No
140483,No
140484,No
140485,No
140486,Yes
140487,Yes
140488,No
140489,Yes
140490,No
140491,No
140492,No
140493,No
140494,No
140495,Yes
140496,Yes
140497,Yes
140498,No
140499,Yes
140500,No
140501,No
140502,Yes
140503,No
140504,No
140505,No
140506,No
140507,No
140508,No
140509,No
140510,No
140511,No
140512,No
140513,Yes
140514,No
140515,No
140516,Yes
140517,Yes
140518,No
140519,No
140520,No
140521,Yes
140522,Yes
140523,No
140524,No
140525,No
140526,No
140527,Yes
140528,No
140529,No
140530,Yes
140531,Yes
140532,No
140533,No
140534,Yes
140535,Yes
140536,Yes
140537,No
140538,Yes
140539,Yes
140540,No
140541,No
140542,No
140543,Yes
140544,Yes
140545,Yes
140546,Yes
140547,Yes
140548,No
140549,Yes
140550,No
140551,No
140552,No
140553,Yes
140554,No
140555,No
140556,Yes
140557,No
140558,No
140559,No
140560,Yes
140561,Yes
140562,No
140563,No
140564,No
140565,No
140566,No
140567,No
140568,No
140569,Yes
140570,No
140571,Yes
140572,No
140573,No
140574,Yes
140575,Yes
140576,Yes
140577,Yes
140578,No
140579,No
140580,Yes
140581,No
140582,Yes
140583,No
140584,Yes
140585,Yes
140586,No
140587,No
140588,Yes
140589,No
140590,No
140591,Yes
140592,Yes
140593,No
140594,No
140595,No
140596,No
140597,No
140598,No
140599,Yes
140600,Yes
140601,No
140602,No
140603,No
140604,Yes
140605,Yes
140606,Yes
140607,No
140608,No
140609,No
140610,No
140611,No
140612,No
140613,No
140614,No
140615,No
140616,Yes
140617,No
140618,Yes
140619,No
140620,No
140621,No
140622,Yes
140623,No
140624,No
140625,Yes
140626,Yes
140627,No
140628,No
140629,No
140630,No
140631,Yes
140632,Yes
140633,No
140634,Yes
140635,No
140636,No
140637,No
140638,Yes
140639,No
140640,No
140641,Yes
140642,Yes
140643,No
140644,No
140645,Yes
140646,No
140647,No
140648,Yes
140649,No
140650,No
140651,Yes
140652,No
140653,No
140654,Yes
140655,No
140656,No
140657,Yes
140658,Yes
140659,Yes
140660,Yes
140661,No
140662,No
140663,No
140664,No
140665,No
140666,No
140667,No
140668,Yes
140669,No
140670,Yes
140671,No
140672,Yes
140673,Yes
140674,No
140675,No
140676,No
140677,Yes
140678,Yes
140679,Yes
140680,Yes
140681,Yes
140682,No
140683,Yes
140684,No
140685,No
140686,Yes
140687,Yes
140688,Yes
140689,No
140690,No
140691,No
140692,No
140693,Yes
140694,No
140695,No
140696,Yes
140697,Yes
140698,No
140699,Yes
140700,Yes
140701,No
140702,No
140703,Yes
140704,No
140705,No
140706,No
140707,Yes
140708,No
140709,No
140710,Yes
140711,Yes
140712,No
140713,No
140714,No
140715,No
140716,No
140717,No
140718,Yes
140719,Yes
140720,No
140721,Yes
140722,Yes
140723,No
140724,No
140725,No
140726,Yes
140727,No
140728,No
140729,No
140730,No
140731,Yes
140732,Yes
140733,No
140734,No
140735,Yes
140736,No
140737,Yes
140738,Yes
140739,No
140740,No
140741,No
140742,No
140743,Yes
140744,Yes
140745,No
140746,Yes
140747,Yes
140748,No
140749,No
140750,No
140751,No
140752,No
140753,No
140754,No
140755,No
140756,Yes
140757,No
140758,No
140759,No
140760,Yes
140761,Yes
140762,Yes
140763,Yes
140764,Yes
140765,No
140766,No
140767,No
140768,Yes
140769,No
140770,No
140771,Yes
140772,No
140773,Yes
140774,No
140775,No
140776,No
140777,Yes
140778,Yes
140779,Yes
140780,No
140781,No
140782,Yes
140783,No
140784,Yes
140785,Yes
140786,No
140787,No
140788,No
140789,Yes
140790,Yes
140791,No
140792,No
140793,No
140794,No
140795,No
140796,Yes
140797,Yes
140798,No
140799,No
140800,No
140801,No
140802,No
140803,No
140804,Yes
140805,No
140806,Yes
140807,No
140808,Yes
140809,No
140810,No
140811,Yes
140812,Yes
140813,No
140814,Yes
140815,No
140816,No
140817,No
140818,No
140819,No
140820,No
140821,No
140822,No
140823,No
140824,Yes
140825,No
140826,Yes
140827,No
140828,Yes
140829,No
140830,Yes
140831,Yes
140832,Yes
140833,No
140834,No
140835,Yes
140836,No
140837,Yes
140838,Yes
140839,No
140840,No
140841,No
140842,No
140843,No
140844,No
140845,No
140846,Yes
140847,No
140848,Yes
140849,No
140850,Yes
140851,Yes
140852,Yes
140853,No
140854,No
140855,Yes
140856,No
140857,No
140858,Yes
140859,No
140860,No
140861,No
140862,No
140863,Yes
140864,No
140865,Yes
140866,No
140867,No
140868,No
140869,Yes
140870,No
140871,No
140872,No
140873,No
140874,Yes
140875,Yes
140876,Yes
140877,Yes
140878,No
140879,Yes
140880,No
140881,No
140882,No
140883,No
140884,Yes
140885,Yes
140886,No
140887,No
140888,No
140889,No
140890,Yes
140891,No
140892,Yes
140893,No
140894,Yes
140895,Yes
140896,No
140897,No
140898,Yes
140899,No
140900,No
140901,Yes
140902,Yes
140903,Yes
140904,Yes
140905,No
140906,No
140907,No
140908,Yes
140909,No
140910,No
140911,Yes
140912,No
140913,No
140914,Yes
140915,Yes
140916,No
140917,No
140918,No
140919,No
140920,Yes
140921,No
140922,No
140923,Yes
140924,No
140925,Yes
140926,No
140927,No
140928,No
140929,Yes
140930,Yes
140931,No
140932,No
140933,No
140934,No
140935,No
140936,No
140937,No
140938,No
140939,No
140940,No
140941,Yes
140942,No
140943,No
140944,No
140945,No
140946,No
140947,No
140948,Yes
140949,Yes
140950,Yes
140951,Yes
140952,Yes
140953,Yes
140954,Yes
140955,No
140956,Yes
140957,No
140958,No
140959,Yes
140960,Yes
140961,No
140962,No
140963,No
140964,No
140965,Yes
140966,Yes
140967,No
140968,No
140969,Yes
140970,No
140971,Yes
140972,Yes
140973,Yes
140974,Yes
140975,No
140976,No
140977,No
140978,Yes
140979,Yes
140980,No
140981,Yes
140982,No
140983,No
140984,No
140985,Yes
140986,No
140987,Yes
140988,No
140989,No
140990,No
140991,No
140992,No
140993,Yes
140994,No
140995,No
140996,Yes
140997,No
140998,No
140999,Yes
141000,No
141001,Yes
141002,Yes
141003,No
141004,No
141005,Yes
141006,No
141007,No
141008,Yes
141009,No
141010,Yes
141011,Yes
141012,No
141013,No
141014,No
141015,Yes
141016,No
141017,No
141018,Yes
141019,No
141020,No
141021,Yes
141022,Yes
141023,Yes
141024,No
141025,No
141026,No
141027,No
141028,No
141029,Yes
141030,No
141031,Yes
141032,Yes
141033,Yes
141034,Yes
141035,Yes
141036,Yes
141037,Yes
141038,Yes
141039,No
141040,Yes
141041,No
141042,No
141043,No
141044,No
141045,No
141046,No
141047,Yes
141048,Yes
141049,No
141050,No
141051,Yes
141052,No
141053,No
141054,No
141055,No
141056,Yes
141057,No
141058,No
141059,Yes
141060,No
141061,No
141062,Yes
141063,Yes
141064,No
141065,No
141066,No
141067,Yes
141068,No
141069,Yes
141070,No
141071,Yes
141072,Yes
141073,No
141074,Yes
141075,No
141076,No
141077,Yes
141078,No
141079,No
141080,No
141081,No
141082,No
141083,No
141084,No
141085,No
141086,Yes
141087,No
141088,No
141089,No
141090,No
141091,No
141092,No
141093,Yes
141094,Yes
141095,Yes
141096,Yes
141097,No
141098,Yes
141099,No
141100,Yes
141101,Yes
141102,No
141103,Yes
141104,Yes
141105,No
141106,No
141107,Yes
141108,No
141109,No
141110,No
141111,No
141112,Yes
141113,No
141114,No
141115,No
141116,No
141117,No
141118,Yes
141119,Yes
141120,No
141121,No
141122,Yes
141123,No
141124,No
141125,Yes
141126,No
141127,No
141128,Yes
141129,No
141130,No
141131,No
141132,No
141133,Yes
141134,No
141135,No
141136,Yes
141137,Yes
141138,No
141139,No
141140,No
141141,No
141142,No
141143,Yes
141144,No
141145,No
141146,No
141147,No
141148,No
141149,No
141150,No
141151,Yes
141152,No
141153,No
141154,No
141155,No
141156,No
141157,No
141158,Yes
141159,Yes
141160,No
141161,No
141162,No
141163,No
141164,No
141165,No
141166,No
141167,No
141168,No
141169,Yes
141170,No
141171,Yes
141172,No
141173,Yes
141174,No
141175,No
141176,No
141177,No
141178,No
141179,No
141180,No
141181,Yes
141182,Yes
141183,Yes
141184,No
141185,No
141186,No
141187,Yes
141188,Yes
141189,Yes
141190,No
141191,Yes
141192,No
141193,No
141194,No
141195,Yes
141196,Yes
141197,Yes
141198,No
141199,No
141200,No
141201,No
141202,Yes
141203,Yes
141204,No
141205,Yes
141206,No
141207,No
141208,Yes
141209,No
141210,No
141211,No
141212,Yes
141213,No
141214,Yes
141215,No
141216,Yes
141217,No
141218,Yes
141219,Yes
141220,No
141221,No
141222,No
141223,No
141224,No
141225,No
141226,No
141227,Yes
141228,Yes
141229,No
141230,Yes
141231,Yes
141232,No
141233,No
141234,Yes
141235,No
141236,No
141237,No
141238,No
141239,Yes
141240,Yes
141241,No
141242,No
141243,No
141244,Yes
141245,Yes
141246,Yes
141247,Yes
141248,No
141249,No
141250,No
141251,Yes
141252,No
141253,No
141254,No
141255,No
141256,Yes
141257,No
141258,Yes
141259,No
141260,No
141261,Yes
141262,Yes
141263,Yes
141264,Yes
141265,No
141266,No
141267,No
141268,No
141269,No
141270,Yes
141271,No
141272,No
141273,Yes
141274,No
141275,Yes
141276,No
141277,Yes
141278,Yes
141279,No
141280,Yes
141281,Yes
141282,No
141283,Yes
141284,No
141285,No
141286,Yes
141287,No
141288,No
141289,No
141290,No
141291,No
141292,Yes
141293,No
141294,No
141295,No
141296,Yes
141297,Yes
141298,Yes
141299,No
141300,No
141301,No
141302,No
141303,Yes
141304,Yes
141305,No
141306,No
141307,Yes
141308,No
141309,Yes
141310,No
141311,No
141312,No
141313,No
141314,No
141315,Yes
141316,No
141317,No
141318,No
141319,Yes
141320,No
141321,No
141322,No
141323,No
141324,Yes
141325,No
141326,No
141327,No
141328,No
141329,No
141330,No
141331,No
141332,Yes
141333,No
141334,Yes
141335,Yes
141336,No
141337,Yes
141338,Yes
141339,No
141340,No
141341,No
141342,Yes
141343,Yes
141344,Yes
141345,Yes
141346,Yes
141347,No
141348,Yes
141349,No
141350,Yes
141351,No
141352,No
141353,No
141354,No
141355,No
141356,No
141357,No
141358,No
141359,No
141360,No
141361,No
141362,No
141363,No
141364,No
141365,Yes
141366,No
141367,No
141368,Yes
141369,No
141370,No
141371,No
141372,No
141373,Yes
141374,No
141375,No
141376,No
141377,No
141378,Yes
141379,Yes
141380,No
141381,Yes
141382,No
141383,Yes
141384,No
141385,Yes
141386,No
141387,Yes
141388,No
141389,Yes
141390,No
141391,No
141392,No
141393,Yes
141394,No
141395,No
141396,Yes
141397,No
141398,No
141399,Yes
141400,No
141401,No
141402,No
141403,Yes
141404,Yes
141405,No
141406,No
141407,No
141408,Yes
141409,No
141410,Yes
141411,No
141412,No
141413,Yes
141414,No
141415,No
141416,Yes
141417,No
141418,No
141419,Yes
141420,No
141421,Yes
141422,No
141423,No
141424,Yes
141425,Yes
141426,No
141427,No
141428,No
141429,No
141430,No
141431,No
141432,No
141433,No
141434,No
141435,No
141436,No
141437,Yes
141438,Yes
141439,No
141440,No
141441,No
141442,No
141443,No
141444,Yes
141445,No
141446,No
141447,Yes
141448,Yes
141449,No
141450,No
141451,Yes
141452,No
141453,Yes
141454,No
141455,No
141456,Yes
141457,No
141458,No
141459,Yes
141460,Yes
141461,No
141462,No
141463,No
141464,No
141465,No
141466,No
141467,Yes
141468,No
141469,No
141470,Yes
141471,Yes
141472,Yes
141473,No
141474,No
141475,No
141476,No
141477,Yes
141478,No
141479,No
141480,Yes
141481,Yes
141482,Yes
141483,No
141484,No
141485,Yes
141486,No
141487,No
141488,No
141489,Yes
141490,No
141491,Yes
141492,Yes
141493,No
141494,Yes
141495,No
141496,Yes
141497,Yes
141498,No
141499,No
141500,No
141501,No
141502,No
141503,No
141504,No
141505,No
141506,No
141507,No
141508,Yes
141509,No
141510,Yes
141511,No
141512,No
141513,No
141514,No
141515,No
141516,Yes
141517,Yes
141518,Yes
141519,No
141520,No
141521,No
141522,Yes
141523,No
141524,Yes
141525,No
141526,No
141527,No
141528,Yes
141529,Yes
141530,Yes
141531,No
141532,No
141533,No
141534,No
141535,No
141536,Yes
141537,No
141538,No
141539,Yes
141540,Yes
141541,No
141542,No
141543,Yes
141544,No
141545,Yes
141546,Yes
141547,Yes
141548,No
141549,No
141550,No
141551,No
141552,Yes
141553,No
141554,No
141555,No
141556,Yes
141557,No
141558,No
141559,No
141560,No
141561,No
141562,No
141563,Yes
141564,Yes
141565,No
141566,No
141567,No
141568,No
141569,No
141570,No
141571,No
141572,No
141573,No
141574,No
141575,No
141576,No
141577,Yes
141578,Yes
141579,No
141580,No
141581,No
141582,No
141583,No
141584,No
141585,No
141586,No
141587,Yes
141588,No
141589,No
141590,Yes
141591,No
141592,No
141593,Yes
141594,Yes
141595,Yes
141596,Yes
141597,Yes
141598,No
141599,Yes
141600,No
141601,Yes
141602,Yes
141603,No
141604,No
141605,No
141606,No
141607,Yes
141608,Yes
141609,Yes
141610,Yes
141611,Yes
141612,Yes
141613,No
141614,No
141615,No
141616,No
141617,Yes
141618,No
141619,No
141620,Yes
141621,Yes
141622,No
141623,No
141624,Yes
141625,No
141626,No
141627,No
141628,No
141629,No
141630,Yes
141631,No
141632,Yes
141633,Yes
141634,No
141635,No
141636,No
141637,Yes
141638,Yes
141639,Yes
141640,Yes
141641,Yes
141642,No
141643,Yes
141644,No
141645,No
141646,No
141647,No
141648,Yes
141649,Yes
141650,No
141651,Yes
141652,Yes
141653,No
141654,Yes
141655,No
141656,Yes
141657,Yes
141658,No
141659,No
141660,No
141661,Yes
141662,Yes
141663,No
141664,No
141665,No
141666,Yes
141667,Yes
141668,No
141669,No
141670,Yes
141671,Yes
141672,No
141673,Yes
141674,No
141675,Yes
141676,No
141677,Yes
141678,No
141679,No
141680,Yes
141681,Yes
141682,No
141683,Yes
141684,Yes
141685,No
141686,Yes
141687,Yes
141688,No
141689,No
141690,No
141691,No
141692,No
141693,No
141694,Yes
141695,Yes
141696,No
141697,No
141698,Yes
141699,Yes
141700,Yes
141701,No
141702,Yes
141703,Yes
141704,Yes
141705,No
141706,No
141707,Yes
141708,No
141709,Yes
141710,No
141711,Yes
141712,Yes
141713,No
141714,No
141715,No
141716,No
141717,No
141718,No
141719,No
141720,No
141721,Yes
141722,No
141723,No
141724,No
141725,Yes
141726,No
141727,No
141728,No
141729,Yes
141730,No
141731,No
141732,No
141733,No
141734,No
141735,Yes
141736,No
141737,No
141738,No
141739,No
141740,Yes
141741,Yes
141742,Yes
141743,No
141744,No
141745,Yes
141746,Yes
141747,Yes
141748,No
141749,Yes
141750,Yes
141751,No
141752,No
141753,No
141754,No
141755,No
141756,No
141757,Yes
141758,No
141759,No
141760,No
141761,Yes
141762,No
141763,Yes
141764,Yes
141765,No
141766,Yes
141767,No
141768,No
141769,No
141770,No
141771,Yes
141772,Yes
141773,No
141774,No
141775,No
141776,No
141777,No
141778,Yes
141779,No
141780,Yes
141781,Yes
141782,No
141783,Yes
141784,No
141785,No
141786,No
141787,Yes
141788,No
141789,No
141790,Yes
141791,No
141792,No
141793,No
141794,No
141795,No
141796,No
141797,Yes
141798,No
141799,Yes
141800,No
141801,No
141802,No
141803,No
141804,No
141805,Yes
141806,Yes
141807,No
141808,No
141809,Yes
141810,Yes
141811,Yes
141812,No
141813,Yes
141814,No
141815,No
141816,Yes
141817,No
141818,Yes
141819,Yes
141820,Yes
141821,Yes
141822,No
141823,No
141824,No
141825,No
141826,No
141827,Yes
141828,Yes
141829,Yes
141830,Yes
141831,Yes
141832,Yes
141833,Yes
141834,Yes
141835,Yes
141836,No
141837,No
141838,Yes
141839,Yes
141840,Yes
141841,No
141842,Yes
141843,No
141844,Yes
141845,No
141846,No
141847,Yes
141848,No
141849,Yes
141850,No
141851,No
141852,Yes
141853,No
141854,Yes
141855,No
141856,No
141857,No
141858,No
141859,No
141860,Yes
141861,No
141862,No
141863,No
141864,No
141865,No
141866,No
141867,No
141868,Yes
141869,No
141870,No
141871,Yes
141872,No
141873,No
141874,Yes
141875,No
141876,Yes
141877,Yes
141878,No
141879,No
141880,No
141881,No
141882,No
141883,No
141884,No
141885,No
141886,Yes
141887,No
141888,No
141889,No
141890,No
141891,No
141892,No
141893,No
141894,Yes
141895,No
141896,No
141897,No
141898,No
141899,Yes
141900,Yes
141901,No
141902,No
141903,Yes
141904,No
141905,Yes
141906,Yes
141907,No
141908,Yes
141909,Yes
141910,Yes
141911,No
141912,Yes
141913,No
141914,No
141915,Yes
141916,No
141917,Yes
141918,Yes
141919,No
141920,No
141921,Yes
141922,No
141923,No
141924,No
141925,No
141926,No
141927,No
141928,Yes
141929,No
141930,No
141931,No
141932,Yes
141933,Yes
141934,No
141935,Yes
141936,Yes
141937,Yes
141938,No
141939,Yes
141940,Yes
141941,No
141942,Yes
141943,Yes
141944,No
141945,Yes
141946,No
141947,Yes
141948,No
141949,No
141950,Yes
141951,No
141952,No
141953,No
141954,Yes
141955,Yes
141956,No
141957,Yes
141958,No
141959,Yes
141960,Yes
141961,No
141962,No
141963,No
141964,No
141965,No
141966,Yes
141967,Yes
141968,No
141969,No
141970,No
141971,Yes
141972,No
141973,No
141974,No
141975,Yes
141976,No
141977,No
141978,Yes
141979,No
141980,No
141981,Yes
141982,No
141983,No
141984,No
141985,No
141986,Yes
141987,No
141988,No
141989,No
141990,No
141991,No
141992,No
141993,Yes
141994,No
141995,Yes
141996,Yes
141997,Yes
141998,No
141999,No
142000,No
142001,No
142002,No
142003,No
142004,No
142005,Yes
142006,No
142007,No
142008,Yes
142009,No
142010,No
142011,Yes
142012,No
142013,Yes
142014,Yes
142015,Yes
142016,Yes
142017,No
142018,No
142019,No
142020,No
142021,No
142022,Yes
142023,No
142024,No
142025,No
142026,No
142027,No
142028,Yes
142029,Yes
142030,Yes
142031,No
142032,Yes
142033,No
142034,Yes
142035,No
142036,No
142037,No
142038,Yes
142039,Yes
142040,No
142041,Yes
142042,Yes
142043,No
142044,Yes
142045,Yes
142046,No
142047,Yes
142048,No
142049,No
142050,No
142051,Yes
142052,No
142053,No
142054,Yes
142055,No
142056,No
142057,No
142058,No
142059,No
142060,Yes
142061,No
142062,No
142063,No
142064,No
142065,Yes
142066,No
142067,Yes
142068,Yes
142069,Yes
142070,Yes
142071,No
142072,Yes
142073,Yes
142074,No
142075,Yes
142076,No
142077,No
142078,No
142079,No
142080,No
142081,Yes
142082,Yes
142083,Yes
142084,Yes
142085,No
142086,No
142087,No
142088,No
142089,Yes
142090,Yes
142091,No
142092,No
142093,No
142094,No
142095,No
142096,Yes
142097,Yes
142098,No
142099,No
142100,No
142101,No
142102,No
142103,No
142104,No
142105,Yes
142106,Yes
142107,Yes
142108,No
142109,No
142110,No
142111,No
142112,Yes
142113,No
142114,No
142115,Yes
142116,Yes
142117,No
142118,No
142119,No
142120,No
142121,No
142122,No
142123,Yes
142124,No
142125,No
142126,Yes
142127,No
142128,Yes
142129,Yes
142130,No
142131,No
142132,No
142133,Yes
142134,No
142135,No
142136,No
142137,No
142138,Yes
142139,Yes
142140,Yes
142141,No
142142,Yes
142143,Yes
142144,No
142145,Yes
142146,No
142147,Yes
142148,No
142149,No
142150,No
142151,Yes
142152,No
142153,Yes
142154,No
142155,No
142156,Yes
142157,No
142158,No
142159,Yes
142160,No
142161,Yes
142162,No
142163,Yes
142164,No
142165,No
142166,Yes
142167,No
142168,No
142169,Yes
142170,Yes
142171,Yes
142172,No
142173,Yes
142174,No
142175,Yes
142176,No
142177,No
142178,Yes
142179,No
142180,Yes
142181,No
142182,Yes
142183,No
142184,No
142185,No
142186,Yes
142187,No
142188,Yes
142189,No
142190,Yes
142191,Yes
142192,Yes
142193,Yes
142194,No
142195,Yes
142196,No
142197,Yes
142198,No
142199,Yes
142200,Yes
142201,No
142202,Yes
142203,Yes
142204,No
142205,Yes
142206,Yes
142207,Yes
142208,No
142209,Yes
142210,No
142211,No
142212,No
142213,No
142214,No
142215,No
142216,No
142217,Yes
142218,No
142219,Yes
142220,No
142221,Yes
142222,Yes
142223,No
142224,Yes
142225,No
142226,No
142227,No
142228,No
142229,Yes
142230,Yes
142231,Yes
142232,No
142233,Yes
142234,No
142235,No
142236,Yes
142237,Yes
142238,No
142239,No
142240,No
142241,No
142242,No
142243,No
142244,Yes
142245,No
142246,Yes
142247,Yes
142248,Yes
142249,No
142250,No
142251,No
142252,No
142253,Yes
142254,No
142255,No
142256,Yes
142257,No
142258,No
142259,No
142260,Yes
142261,No
142262,Yes
142263,No
142264,No
142265,No
142266,No
142267,Yes
142268,Yes
142269,No
142270,No
142271,No
142272,Yes
142273,No
142274,Yes
142275,Yes
142276,No
142277,No
142278,Yes
142279,No
142280,Yes
142281,No
142282,No
142283,No
142284,Yes
142285,Yes
142286,No
142287,Yes
142288,Yes
142289,Yes
142290,No
142291,No
142292,No
142293,No
142294,Yes
142295,No
142296,No
142297,No
142298,Yes
142299,No
142300,No
142301,Yes
142302,No
142303,No
142304,Yes
142305,No
142306,No
142307,No
142308,No
142309,Yes
142310,Yes
142311,Yes
142312,Yes
142313,Yes
142314,No
142315,Yes
142316,No
142317,Yes
142318,No
142319,Yes
142320,Yes
142321,No
142322,No
142323,No
142324,No
142325,Yes
142326,No
142327,No
142328,No
142329,Yes
142330,No
142331,Yes
142332,No
142333,No
142334,Yes
142335,No
142336,No
142337,Yes
142338,No
142339,No
142340,No
142341,No
142342,Yes
142343,No
142344,No
142345,No
142346,No
142347,No
142348,Yes
142349,Yes
142350,Yes
142351,Yes
142352,No
142353,Yes
142354,No
142355,Yes
142356,Yes
142357,No
142358,No
142359,Yes
142360,No
142361,No
142362,No
142363,No
142364,No
142365,Yes
142366,Yes
142367,Yes
142368,No
142369,Yes
142370,Yes
142371,No
142372,No
142373,Yes
142374,Yes
142375,No
142376,No
142377,Yes
142378,Yes
142379,No
142380,Yes
142381,No
142382,No
142383,Yes
142384,Yes
142385,No
142386,Yes
142387,Yes
142388,No
142389,No
142390,Yes
142391,Yes
142392,Yes
142393,No
142394,Yes
142395,Yes
142396,No
142397,Yes
142398,No
142399,Yes
142400,Yes
142401,No
142402,Yes
142403,Yes
142404,Yes
142405,No
142406,No
142407,Yes
142408,Yes
142409,No
142410,Yes
142411,No
142412,No
142413,Yes
142414,Yes
142415,No
142416,No
142417,Yes
142418,Yes
142419,Yes
142420,Yes
142421,Yes
142422,Yes
142423,Yes
142424,Yes
142425,No
142426,Yes
142427,Yes
142428,No
142429,No
142430,Yes
142431,No
142432,Yes
142433,No
142434,No
142435,No
142436,Yes
142437,No
142438,No
142439,No
142440,No
142441,No
142442,No
142443,Yes
142444,Yes
142445,No
142446,No
142447,Yes
142448,No
142449,Yes
142450,Yes
142451,Yes
142452,Yes
142453,No
142454,Yes
142455,Yes
142456,No
142457,No
142458,Yes
142459,Yes
142460,No
142461,No
142462,Yes
142463,Yes
142464,No
142465,No
142466,No
142467,No
142468,Yes
142469,No
142470,Yes
142471,Yes
142472,Yes
142473,No
142474,No
142475,Yes
142476,No
142477,No
142478,No
142479,Yes
142480,Yes
142481,Yes
142482,Yes
142483,No
142484,Yes
142485,Yes
142486,No
142487,No
142488,No
142489,No
142490,No
142491,No
142492,No
142493,No
142494,No
142495,No
142496,Yes
142497,Yes
142498,No
142499,No
142500,No
142501,No
142502,No
142503,No
142504,No
142505,No
142506,Yes
142507,No
142508,No
142509,Yes
142510,No
142511,Yes
142512,Yes
142513,No
142514,No
142515,Yes
142516,Yes
142517,Yes
142518,No
142519,Yes
142520,No
142521,No
142522,No
142523,No
142524,No
142525,No
142526,No
142527,No
142528,No
142529,No
142530,No
142531,No
142532,No
142533,No
142534,No
142535,No
142536,No
142537,No
142538,No
142539,No
142540,Yes
142541,No
142542,No
142543,Yes
142544,Yes
142545,Yes
142546,Yes
142547,No
142548,No
142549,No
142550,No
142551,Yes
142552,No
142553,No
142554,Yes
142555,Yes
142556,No
142557,No
142558,No
142559,Yes
142560,No
142561,Yes
142562,No
142563,Yes
142564,No
142565,Yes
142566,No
142567,Yes
142568,No
142569,No
142570,No
142571,No
142572,No
142573,Yes
142574,Yes
142575,No
142576,No
142577,Yes
142578,No
142579,No
142580,Yes
142581,Yes
142582,No
142583,Yes
142584,No
142585,No
142586,No
142587,Yes
142588,No
142589,Yes
142590,Yes
142591,No
142592,No
142593,No
142594,No
142595,No
142596,No
142597,Yes
142598,No
142599,Yes
142600,Yes
142601,Yes
142602,No
142603,Yes
142604,Yes
142605,No
142606,No
142607,Yes
142608,No
142609,No
142610,No
142611,Yes
142612,No
142613,No
142614,Yes
142615,Yes
142616,No
142617,No
142618,Yes
142619,No
142620,Yes
142621,No
142622,No
142623,No
142624,No
142625,Yes
142626,No
142627,No
142628,Yes
142629,No
142630,No
142631,Yes
142632,Yes
142633,Yes
142634,No
142635,No
142636,Yes
142637,No
142638,No
142639,No
142640,No
142641,No
142642,No
142643,No
142644,No
142645,No
142646,Yes
142647,No
142648,Yes
142649,Yes
142650,No
142651,Yes
142652,No
142653,Yes
142654,Yes
142655,No
142656,No
142657,Yes
142658,No
142659,Yes
142660,No
142661,No
142662,No
142663,No
142664,Yes
142665,Yes
142666,No
142667,Yes
142668,No
142669,Yes
142670,No
142671,Yes
142672,Yes
142673,Yes
142674,No
142675,No
142676,Yes
142677,Yes
142678,Yes
142679,No
142680,Yes
142681,No
142682,No
142683,No
142684,Yes
142685,No
142686,No
142687,Yes
142688,No
142689,Yes
142690,No
142691,Yes
142692,No
142693,Yes
142694,Yes
142695,No
142696,No
142697,No
142698,Yes
142699,Yes
142700,No
142701,Yes
142702,No
142703,No
142704,No
142705,No
142706,No
142707,Yes
142708,No
142709,No
142710,No
142711,No
142712,No
142713,No
142714,No
142715,No
142716,No
142717,Yes
142718,Yes
142719,No
142720,Yes
142721,No
142722,No
142723,No
142724,No
142725,No
142726,Yes
142727,No
142728,No
142729,Yes
142730,No
142731,No
142732,Yes
142733,No
142734,Yes
142735,No
142736,No
142737,Yes
142738,Yes
142739,No
142740,Yes
142741,No
142742,No
142743,No
142744,No
142745,Yes
142746,Yes
142747,No
142748,Yes
142749,No
142750,No
142751,Yes
142752,No
142753,No
142754,No
142755,No
142756,No
142757,No
142758,Yes
142759,Yes
142760,Yes
142761,No
142762,Yes
142763,Yes
142764,No
142765,No
142766,No
142767,No
142768,No
142769,No
142770,Yes
142771,No
142772,Yes
142773,Yes
142774,Yes
142775,No
142776,No
142777,Yes
142778,Yes
142779,No
142780,No
142781,No
142782,Yes
142783,No
142784,No
142785,Yes
142786,Yes
142787,No
142788,No
142789,Yes
142790,No
142791,Yes
142792,No
142793,No
142794,No
142795,No
142796,No
142797,Yes
142798,No
142799,Yes
142800,No
142801,Yes
142802,No
142803,Yes
142804,Yes
142805,No
142806,No
142807,Yes
142808,No
142809,Yes
142810,Yes
142811,Yes
142812,No
142813,Yes
142814,No
142815,No
142816,Yes
142817,No
142818,No
142819,Yes
142820,Yes
142821,No
142822,Yes
142823,No
142824,Yes
142825,No
142826,Yes
142827,Yes
142828,Yes
142829,No
142830,No
142831,No
142832,Yes
142833,Yes
142834,No
142835,Yes
142836,No
142837,Yes
142838,Yes
142839,Yes
142840,No
142841,Yes
142842,No
142843,No
142844,No
142845,Yes
142846,No
142847,Yes
142848,No
142849,Yes
142850,No
142851,No
142852,No
142853,Yes
142854,No
142855,No
142856,Yes
142857,Yes
142858,No
142859,No
142860,Yes
142861,No
142862,Yes
142863,Yes
142864,No
142865,Yes
142866,No
142867,No
142868,No
142869,Yes
142870,Yes
142871,No
142872,No
142873,No
142874,Yes
142875,No
142876,No
142877,No
142878,Yes
142879,Yes
142880,Yes
142881,No
142882,Yes
142883,No
142884,No
142885,Yes
142886,No
142887,No
142888,No
142889,No
142890,No
142891,No
142892,No
142893,No
142894,Yes
142895,No
142896,No
142897,No
142898,Yes
142899,No
142900,No
142901,No
142902,No
142903,No
142904,No
142905,Yes
142906,No
142907,No
142908,Yes
142909,No
142910,Yes
142911,Yes
142912,No
142913,No
142914,Yes
142915,No
142916,No
142917,No
142918,Yes
142919,No
142920,Yes
142921,No
142922,No
142923,Yes
142924,No
142925,No
142926,No
142927,No
142928,No
142929,No
142930,Yes
142931,Yes
142932,Yes
142933,Yes
142934,Yes
142935,Yes
142936,No
142937,No
142938,Yes
142939,No
142940,No
142941,Yes
142942,Yes
142943,No
142944,No
142945,Yes
142946,No
142947,Yes
142948,No
142949,Yes
142950,No
142951,No
142952,Yes
142953,Yes
142954,No
142955,No
142956,No
142957,Yes
142958,Yes
142959,Yes
142960,Yes
142961,Yes
142962,No
142963,No
142964,No
142965,No
142966,No
142967,No
142968,No
142969,No
142970,No
142971,Yes
142972,No
142973,No
142974,Yes
142975,No
142976,Yes
142977,Yes
142978,Yes
142979,No
142980,Yes
142981,Yes
142982,No
142983,Yes
142984,No
142985,Yes
142986,Yes
142987,No
142988,Yes
142989,Yes
142990,No
142991,No
142992,No
142993,Yes
142994,No
142995,Yes
142996,No
142997,No
142998,No
142999,Yes
143000,No
143001,No
143002,Yes
143003,No
143004,Yes
143005,Yes
143006,No
143007,No
143008,No
143009,No
143010,Yes
143011,Yes
143012,Yes
143013,No
143014,No
143015,No
143016,No
143017,Yes
143018,No
143019,Yes
143020,Yes
143021,No
143022,No
143023,Yes
143024,Yes
143025,Yes
143026,No
143027,Yes
143028,No
143029,Yes
143030,No
143031,Yes
143032,No
143033,No
143034,No
143035,Yes
143036,No
143037,No
143038,No
143039,Yes
143040,No
143041,Yes
143042,No
143043,No
143044,Yes
143045,Yes
143046,Yes
143047,Yes
143048,Yes
143049,No
143050,Yes
143051,No
143052,No
143053,No
143054,No
143055,Yes
143056,No
143057,Yes
143058,Yes
143059,Yes
143060,No
143061,No
143062,Yes
143063,No
143064,No
143065,No
143066,No
143067,No
143068,No
143069,Yes
143070,Yes
143071,No
143072,Yes
143073,No
143074,No
143075,No
143076,No
143077,Yes
143078,Yes
143079,Yes
143080,No
143081,Yes
143082,No
143083,No
143084,Yes
143085,No
143086,No
143087,Yes
143088,No
143089,Yes
143090,Yes
143091,Yes
143092,Yes
143093,No
143094,No
143095,No
143096,Yes
143097,Yes
143098,No
143099,Yes
143100,No
143101,No
143102,No
143103,Yes
143104,No
143105,No
143106,Yes
143107,No
143108,Yes
143109,No
143110,No
143111,Yes
143112,No
143113,No
143114,Yes
143115,No
143116,No
143117,No
143118,No
143119,Yes
143120,No
143121,No
143122,No
143123,No
143124,Yes
143125,No
143126,No
143127,Yes
143128,Yes
143129,Yes
143130,Yes
143131,No
143132,Yes
143133,Yes
143134,No
143135,No
143136,No
143137,No
143138,No
143139,No
143140,Yes
143141,No
143142,No
143143,No
143144,No
143145,No
143146,No
143147,Yes
143148,No
143149,No
143150,No
143151,No
143152,No
143153,No
143154,Yes
143155,Yes
143156,Yes
143157,No
143158,Yes
143159,Yes
143160,No
143161,Yes
143162,Yes
143163,No
143164,No
143165,No
143166,No
143167,No
143168,Yes
143169,No
143170,No
143171,No
143172,No
143173,No
143174,Yes
143175,No
143176,No
143177,Yes
143178,No
143179,No
143180,No
143181,Yes
143182,No
143183,No
143184,Yes
143185,Yes
143186,Yes
143187,Yes
143188,No
143189,No
143190,No
143191,No
143192,Yes
143193,No
143194,No
143195,No
143196,Yes
143197,No
143198,Yes
143199,Yes
143200,No
143201,No
143202,No
143203,No
143204,No
143205,No
143206,Yes
143207,No
143208,Yes
143209,No
143210,No
143211,Yes
143212,No
143213,No
143214,No
143215,No
143216,No
143217,No
143218,Yes
143219,No
143220,No
143221,No
143222,Yes
143223,No
143224,No
143225,Yes
143226,No
143227,No
143228,Yes
143229,Yes
143230,Yes
143231,No
143232,No
143233,No
143234,No
143235,Yes
143236,Yes
143237,Yes
143238,Yes
143239,No
143240,Yes
143241,No
143242,Yes
143243,No
143244,No
143245,No
143246,Yes
143247,Yes
143248,No
143249,Yes
143250,Yes
143251,No
143252,Yes
143253,No
143254,Yes
143255,Yes
143256,No
143257,No
143258,No
143259,Yes
143260,No
143261,Yes
143262,Yes
143263,No
143264,No
143265,No
143266,No
143267,No
143268,Yes
143269,No
143270,No
143271,No
143272,Yes
143273,Yes
143274,No
143275,Yes
143276,Yes
143277,No
143278,Yes
143279,No
143280,No
143281,No
143282,No
143283,No
143284,No
143285,Yes
143286,No
143287,No
143288,Yes
143289,No
143290,No
143291,Yes
143292,No
143293,No
143294,No
143295,No
143296,No
143297,No
143298,No
143299,Yes
143300,Yes
143301,Yes
143302,Yes
143303,No
143304,Yes
143305,No
143306,No
143307,No
143308,No
143309,Yes
143310,No
143311,No
143312,No
143313,Yes
143314,No
143315,No
143316,No
143317,No
143318,No
143319,No
143320,Yes
143321,No
143322,No
143323,Yes
143324,No
143325,Yes
143326,Yes
143327,No
143328,Yes
143329,Yes
143330,No
143331,Yes
143332,No
143333,No
143334,No
143335,No
143336,No
143337,No
143338,No
143339,Yes
143340,No
143341,Yes
143342,No
143343,No
143344,No
143345,Yes
143346,No
143347,No
143348,Yes
143349,No
143350,No
143351,Yes
143352,No
143353,No
143354,Yes
143355,No
143356,Yes
143357,Yes
143358,Yes
143359,No
143360,Yes
143361,No
143362,No
143363,No
143364,No
143365,No
143366,Yes
143367,No
143368,Yes
143369,Yes
143370,Yes
143371,No
143372,No
143373,No
143374,Yes
143375,Yes
143376,Yes
143377,No
143378,No
143379,No
143380,Yes
143381,No
143382,No
143383,No
143384,Yes
143385,Yes
143386,No
143387,Yes
143388,No
143389,No
143390,Yes
143391,Yes
143392,No
143393,Yes
143394,No
143395,No
143396,No
143397,No
143398,No
143399,No
143400,No
143401,No
143402,No
143403,No
143404,Yes
143405,No
143406,No
143407,Yes
143408,No
143409,Yes
143410,Yes
143411,No
143412,Yes
143413,No
143414,Yes
143415,Yes
143416,No
143417,Yes
143418,Yes
143419,Yes
143420,Yes
143421,No
143422,Yes
143423,Yes
143424,Yes
143425,No
143426,Yes
143427,Yes
143428,No
143429,Yes
143430,No
143431,No
143432,Yes
143433,Yes
143434,Yes
143435,No
143436,Yes
143437,No
143438,Yes
143439,Yes
143440,No
143441,No
143442,No
143443,No
143444,No
143445,Yes
143446,Yes
143447,No
143448,Yes
143449,No
143450,Yes
143451,No
143452,No
143453,Yes
143454,No
143455,No
143456,No
143457,No
143458,Yes
143459,No
143460,No
143461,No
143462,No
143463,No
143464,Yes
143465,No
143466,No
143467,Yes
143468,No
143469,Yes
143470,Yes
143471,No
143472,Yes
143473,No
143474,Yes
143475,No
143476,No
143477,No
143478,No
143479,Yes
143480,Yes
143481,Yes
143482,Yes
143483,Yes
143484,Yes
143485,Yes
143486,No
143487,No
143488,No
143489,No
143490,No
143491,Yes
143492,No
143493,No
143494,Yes
143495,Yes
143496,Yes
143497,No
143498,Yes
143499,No
143500,No
143501,No
143502,No
143503,Yes
143504,Yes
143505,Yes
143506,Yes
143507,No
143508,Yes
143509,Yes
143510,No
143511,No
143512,Yes
143513,No
143514,No
143515,Yes
143516,Yes
143517,No
143518,No
143519,Yes
143520,No
143521,No
143522,Yes
143523,Yes
143524,Yes
143525,Yes
143526,No
143527,No
143528,Yes
143529,No
143530,No
143531,Yes
143532,No
143533,No
143534,No
143535,No
143536,No
143537,No
143538,No
143539,No
143540,Yes
143541,No
143542,No
143543,No
143544,Yes
143545,Yes
143546,Yes
143547,Yes
143548,Yes
143549,Yes
143550,Yes
143551,No
143552,Yes
143553,No
143554,No
143555,Yes
143556,Yes
143557,Yes
143558,No
143559,Yes
143560,Yes
143561,Yes
143562,No
143563,No
143564,No
143565,No
143566,No
143567,Yes
143568,No
143569,Yes
143570,No
143571,No
143572,Yes
143573,No
143574,Yes
143575,No
143576,Yes
143577,No
143578,Yes
143579,No
143580,Yes
143581,Yes
143582,Yes
143583,No
143584,Yes
143585,No
143586,Yes
143587,No
143588,Yes
143589,Yes
143590,No
143591,No
143592,No
143593,Yes
143594,Yes
143595,No
143596,No
143597,Yes
143598,No
143599,No
143600,No
143601,Yes
143602,Yes
143603,Yes
143604,Yes
143605,No
143606,No
143607,Yes
143608,Yes
143609,No
143610,No
143611,No
143612,No
143613,Yes
143614,No
143615,No
143616,No
143617,Yes
143618,No
143619,No
143620,Yes
143621,No
143622,No
143623,No
143624,No
143625,No
143626,Yes
143627,Yes
143628,No
143629,Yes
143630,No
143631,Yes
143632,No
143633,No
143634,No
143635,No
143636,No
143637,No
143638,No
143639,Yes
143640,No
143641,No
143642,No
143643,No
143644,No
143645,Yes
143646,No
143647,No
143648,No
143649,Yes
143650,Yes
143651,Yes
143652,Yes
143653,Yes
143654,No
143655,No
143656,Yes
143657,Yes
143658,No
143659,No
143660,No
143661,No
143662,Yes
143663,No
143664,Yes
143665,No
143666,No
143667,Yes
143668,Yes
143669,No
143670,No
143671,Yes
143672,No
143673,No
143674,No
143675,Yes
143676,No
143677,No
143678,Yes
143679,No
143680,Yes
143681,No
143682,Yes
143683,No
143684,No
143685,No
143686,Yes
143687,No
143688,No
143689,No
143690,No
143691,Yes
143692,Yes
143693,No
143694,No
143695,No
143696,Yes
143697,No
143698,No
143699,No
143700,No
143701,No
143702,Yes
143703,Yes
143704,Yes
143705,No
143706,No
143707,Yes
143708,Yes
143709,No
143710,No
143711,No
143712,No
143713,Yes
143714,No
143715,Yes
143716,No
143717,Yes
143718,No
143719,No
143720,No
143721,Yes
143722,No
143723,No
143724,No
143725,No
143726,Yes
143727,Yes
143728,No
143729,Yes
143730,Yes
143731,No
143732,No
143733,Yes
143734,No
143735,No
143736,No
143737,Yes
143738,No
143739,No
143740,Yes
143741,No
143742,No
143743,No
143744,No
143745,No
143746,Yes
143747,No
143748,Yes
143749,No
143750,No
143751,Yes
143752,Yes
143753,No
143754,No
143755,No
143756,Yes
143757,Yes
143758,No
143759,No
143760,Yes
143761,Yes
143762,Yes
143763,No
143764,No
143765,Yes
143766,No
143767,Yes
143768,No
143769,No
143770,No
143771,No
143772,No
143773,Yes
143774,Yes
143775,No
143776,No
143777,No
143778,No
143779,No
143780,No
143781,Yes
143782,Yes
143783,No
143784,No
143785,No
143786,No
143787,Yes
143788,No
143789,Yes
143790,Yes
143791,No
143792,Yes
143793,No
143794,Yes
143795,Yes
143796,No
143797,Yes
143798,Yes
143799,No
143800,Yes
143801,No
143802,No
143803,Yes
143804,No
143805,No
143806,No
143807,Yes
143808,No
143809,No
143810,Yes
143811,No
143812,No
143813,Yes
143814,Yes
143815,Yes
143816,No
143817,Yes
143818,No
143819,No
143820,No
143821,No
143822,Yes
143823,No
143824,Yes
143825,No
143826,Yes
143827,No
143828,Yes
143829,No
143830,No
143831,No
143832,Yes
143833,No
143834,No
143835,Yes
143836,No
143837,Yes
143838,No
143839,No
143840,No
143841,No
143842,No
143843,No
143844,No
143845,No
143846,No
143847,No
143848,No
143849,No
143850,No
143851,No
143852,Yes
143853,Yes
143854,Yes
143855,No
143856,No
143857,Yes
143858,Yes
143859,Yes
143860,No
143861,No
143862,Yes
143863,No
143864,No
143865,No
143866,No
143867,No
143868,Yes
143869,No
143870,No
143871,No
143872,No
143873,No
143874,Yes
143875,No
143876,Yes
143877,No
143878,Yes
143879,No
143880,No
143881,Yes
143882,No
143883,Yes
143884,No
143885,Yes
143886,No
143887,No
143888,No
143889,No
143890,No
143891,No
143892,Yes
143893,Yes
143894,No
143895,Yes
143896,No
143897,Yes
143898,Yes
143899,No
143900,No
143901,Yes
143902,No
143903,Yes
143904,Yes
143905,Yes
143906,No
143907,Yes
143908,Yes
143909,Yes
143910,No
143911,No
143912,No
143913,No
143914,No
143915,No
143916,Yes
143917,Yes
143918,Yes
143919,Yes
143920,No
143921,No
143922,Yes
143923,No
143924,No
143925,No
143926,No
143927,No
143928,No
143929,No
143930,No
143931,Yes
143932,Yes
143933,Yes
143934,No
143935,No
143936,Yes
143937,No
143938,Yes
143939,Yes
143940,No
143941,No
143942,No
143943,No
143944,No
143945,Yes
143946,No
143947,No
143948,Yes
143949,No
143950,No
143951,No
143952,No
143953,No
143954,Yes
143955,Yes
143956,Yes
143957,Yes
143958,No
143959,No
143960,Yes
143961,No
143962,Yes
143963,No
143964,No
143965,No
143966,No
143967,No
143968,Yes
143969,No
143970,No
143971,Yes
143972,No
143973,Yes
143974,No
143975,No
143976,Yes
143977,No
143978,Yes
143979,Yes
143980,Yes
143981,Yes
143982,No
143983,No
143984,Yes
143985,Yes
143986,No
143987,No
143988,Yes
143989,Yes
143990,No
143991,Yes
143992,Yes
143993,No
143994,Yes
143995,No
143996,No
143997,Yes
143998,No
143999,No
144000,No
144001,No
144002,No
144003,No
144004,No
144005,No
144006,No
144007,No
144008,No
144009,No
144010,Yes
144011,No
144012,Yes
144013,No
144014,No
144015,Yes
144016,Yes
144017,Yes
144018,No
144019,Yes
144020,No
144021,Yes
144022,Yes
144023,Yes
144024,No
144025,No
144026,No
144027,No
144028,Yes
144029,No
144030,No
144031,No
144032,Yes
144033,Yes
144034,No
144035,No
144036,No
144037,Yes
144038,Yes
144039,No
144040,No
144041,Yes
144042,Yes
144043,Yes
144044,No
144045,Yes
144046,No
144047,Yes
144048,No
144049,No
144050,Yes
144051,Yes
144052,Yes
144053,No
144054,No
144055,Yes
144056,No
144057,Yes
144058,Yes
144059,No
144060,No
144061,Yes
144062,Yes
144063,Yes
144064,No
144065,No
144066,Yes
144067,Yes
144068,No
144069,Yes
144070,No
144071,No
144072,Yes
144073,Yes
144074,No
144075,Yes
144076,Yes
144077,No
144078,Yes
144079,No
144080,Yes
144081,No
144082,No
144083,No
144084,Yes
144085,No
144086,No
144087,Yes
144088,No
144089,Yes
144090,No
144091,No
144092,No
144093,Yes
144094,Yes
144095,No
144096,Yes
144097,No
144098,No
144099,No
144100,No
144101,No
144102,No
144103,No
144104,No
144105,Yes
144106,Yes
144107,Yes
144108,Yes
144109,No
144110,Yes
144111,No
144112,No
144113,Yes
144114,No
144115,No
144116,No
144117,Yes
144118,Yes
144119,No
144120,Yes
144121,Yes
144122,No
144123,No
144124,No
144125,No
144126,No
144127,No
144128,Yes
144129,No
144130,Yes
144131,No
144132,Yes
144133,Yes
144134,No
144135,No
144136,No
144137,No
144138,No
144139,No
144140,Yes
144141,No
144142,No
144143,No
144144,No
144145,No
144146,No
144147,No
144148,No
144149,Yes
144150,No
144151,Yes
144152,Yes
144153,Yes
144154,Yes
144155,No
144156,Yes
144157,No
144158,Yes
144159,No
144160,No
144161,No
144162,Yes
144163,No
144164,No
144165,No
144166,Yes
144167,No
144168,No
144169,No
144170,No
144171,No
144172,Yes
144173,No
144174,No
144175,No
144176,No
144177,No
144178,Yes
144179,No
144180,Yes
144181,No
144182,Yes
144183,Yes
144184,Yes
144185,No
144186,No
144187,No
144188,No
144189,No
144190,No
144191,No
144192,No
144193,No
144194,Yes
144195,No
144196,No
144197,No
144198,Yes
144199,No
144200,No
144201,No
144202,Yes
144203,No
144204,Yes
144205,Yes
144206,No
144207,Yes
144208,No
144209,Yes
144210,Yes
144211,Yes
144212,Yes
144213,Yes
144214,No
144215,Yes
144216,No
144217,No
144218,No
144219,Yes
144220,No
144221,No
144222,No
144223,Yes
144224,No
144225,Yes
144226,Yes
144227,No
144228,Yes
144229,No
144230,Yes
144231,No
144232,Yes
144233,Yes
144234,No
144235,Yes
144236,Yes
144237,Yes
144238,No
144239,Yes
144240,Yes
144241,No
144242,No
144243,No
144244,No
144245,Yes
144246,Yes
144247,Yes
144248,No
144249,No
144250,Yes
144251,Yes
144252,No
144253,No
144254,Yes
144255,No
144256,Yes
144257,Yes
144258,No
144259,Yes
144260,No
144261,No
144262,Yes
144263,No
144264,No
144265,Yes
144266,No
144267,No
144268,Yes
144269,Yes
144270,No
144271,No
144272,No
144273,No
144274,No
144275,No
144276,Yes
144277,No
144278,Yes
144279,Yes
144280,No
144281,Yes
144282,No
144283,No
144284,Yes
144285,Yes
144286,No
144287,No
144288,No
144289,No
144290,No
144291,No
144292,Yes
144293,Yes
144294,No
144295,Yes
144296,No
144297,No
144298,No
144299,Yes
144300,Yes
144301,No
144302,No
144303,Yes
144304,Yes
144305,Yes
144306,No
144307,No
144308,Yes
144309,No
144310,Yes
144311,No
144312,No
144313,No
144314,No
144315,No
144316,No
144317,No
144318,Yes
144319,No
144320,No
144321,No
144322,Yes
144323,Yes
144324,No
144325,No
144326,Yes
144327,Yes
144328,No
144329,No
144330,No
144331,Yes
144332,No
144333,Yes
144334,Yes
144335,No
144336,No
144337,No
144338,No
144339,No
144340,No
144341,Yes
144342,No
144343,Yes
144344,Yes
144345,Yes
144346,No
144347,No
144348,No
144349,No
144350,Yes
144351,Yes
144352,Yes
144353,No
144354,Yes
144355,No
144356,No
144357,No
144358,No
144359,No
144360,No
144361,Yes
144362,Yes
144363,Yes
144364,No
144365,No
144366,No
144367,No
144368,No
144369,No
144370,No
144371,Yes
144372,No
144373,No
144374,Yes
144375,No
144376,No
144377,Yes
144378,No
144379,No
144380,No
144381,No
144382,No
144383,Yes
144384,Yes
144385,No
144386,No
144387,Yes
144388,Yes
144389,Yes
144390,No
144391,No
144392,Yes
144393,Yes
144394,Yes
144395,Yes
144396,No
144397,Yes
144398,No
144399,No
144400,No
144401,No
144402,Yes
144403,No
144404,No
144405,Yes
144406,Yes
144407,Yes
144408,Yes
144409,No
144410,No
144411,No
144412,Yes
144413,Yes
144414,Yes
144415,No
144416,No
144417,No
144418,Yes
144419,No
144420,Yes
144421,No
144422,No
144423,Yes
144424,Yes
144425,No
144426,Yes
144427,No
144428,No
144429,No
144430,No
144431,Yes
144432,Yes
144433,No
144434,Yes
144435,No
144436,Yes
144437,No
144438,No
144439,No
144440,No
144441,Yes
144442,No
144443,No
144444,Yes
144445,No
144446,No
144447,No
144448,No
144449,No
144450,No
144451,No
144452,No
144453,No
144454,No
144455,Yes
144456,Yes
144457,No
144458,Yes
144459,Yes
144460,Yes
144461,Yes
144462,No
144463,Yes
144464,No
144465,No
144466,No
144467,Yes
144468,No
144469,No
144470,Yes
144471,Yes
144472,No
144473,Yes
144474,No
144475,No
144476,Yes
144477,Yes
144478,Yes
144479,Yes
144480,Yes
144481,Yes
144482,No
144483,No
144484,Yes
144485,No
144486,No
144487,No
144488,Yes
144489,No
144490,No
144491,Yes
144492,Yes
144493,No
144494,No
144495,No
144496,Yes
144497,No
144498,No
144499,No
144500,No
144501,No
144502,No
144503,No
144504,No
144505,No
144506,No
144507,No
144508,Yes
144509,Yes
144510,No
144511,Yes
144512,No
144513,No
144514,Yes
144515,Yes
144516,No
144517,No
144518,Yes
144519,Yes
144520,No
144521,No
144522,No
144523,Yes
144524,Yes
144525,No
144526,No
144527,Yes
144528,No
144529,No
144530,Yes
144531,No
144532,No
144533,No
144534,No
144535,Yes
144536,No
144537,Yes
144538,No
144539,Yes
144540,Yes
144541,No
144542,Yes
144543,Yes
144544,Yes
144545,Yes
144546,No
144547,Yes
144548,No
144549,No
144550,No
144551,No
144552,No
144553,Yes
144554,Yes
144555,No
144556,Yes
144557,No
144558,No
144559,Yes
144560,No
144561,No
144562,No
144563,No
144564,Yes
144565,Yes
144566,No
144567,No
144568,No
144569,No
144570,No
144571,No
144572,No
144573,No
144574,No
144575,No
144576,Yes
144577,No
144578,No
144579,Yes
144580,No
144581,Yes
144582,No
144583,Yes
144584,No
144585,Yes
144586,No
144587,Yes
144588,No
144589,No
144590,No
144591,No
144592,Yes
144593,No
144594,Yes
144595,No
144596,Yes
144597,No
144598,No
144599,No
144600,No
144601,No
144602,No
144603,No
144604,Yes
144605,No
144606,No
144607,No
144608,Yes
144609,Yes
144610,Yes
144611,No
144612,Yes
144613,No
144614,Yes
144615,No
144616,Yes
144617,No
144618,No
144619,No
144620,Yes
144621,Yes
144622,Yes
144623,Yes
144624,No
144625,No
144626,No
144627,Yes
144628,No
144629,Yes
144630,Yes
144631,Yes
144632,No
144633,No
144634,No
144635,No
144636,No
144637,No
144638,No
144639,No
144640,Yes
144641,No
144642,No
144643,Yes
144644,No
144645,No
144646,No
144647,Yes
144648,No
144649,Yes
144650,Yes
144651,No
144652,Yes
144653,No
144654,No
144655,No
144656,No
144657,No
144658,Yes
144659,No
144660,No
144661,Yes
144662,Yes
144663,No
144664,Yes
144665,Yes
144666,No
144667,Yes
144668,No
144669,Yes
144670,Yes
144671,Yes
144672,Yes
144673,No
144674,Yes
144675,Yes
144676,Yes
144677,No
144678,No
144679,Yes
144680,No
144681,No
144682,Yes
144683,No
144684,No
144685,Yes
144686,No
144687,No
144688,No
144689,Yes
144690,Yes
144691,No
144692,Yes
144693,Yes
144694,Yes
144695,No
144696,Yes
144697,Yes
144698,Yes
144699,Yes
144700,No
144701,No
144702,Yes
144703,No
144704,No
144705,No
144706,No
144707,No
144708,Yes
144709,No
144710,No
144711,Yes
144712,No
144713,No
144714,No
144715,No
144716,Yes
144717,No
144718,No
144719,Yes
144720,No
144721,No
144722,No
144723,Yes
144724,Yes
144725,No
144726,Yes
144727,No
144728,Yes
144729,No
144730,Yes
144731,No
144732,No
144733,No
144734,No
144735,No
144736,Yes
144737,Yes
144738,Yes
144739,No
144740,Yes
144741,No
144742,Yes
144743,Yes
144744,No
144745,Yes
144746,Yes
144747,No
144748,Yes
144749,Yes
144750,No
144751,Yes
144752,Yes
144753,No
144754,Yes
144755,Yes
144756,No
144757,Yes
144758,Yes
144759,Yes
144760,Yes
144761,No
144762,No
144763,Yes
144764,Yes
144765,No
144766,Yes
144767,No
144768,Yes
144769,No
144770,No
144771,No
144772,No
144773,No
144774,Yes
144775,Yes
144776,No
144777,Yes
144778,No
144779,No
144780,No
144781,Yes
144782,Yes
144783,Yes
144784,No
144785,Yes
144786,Yes
144787,No
144788,No
144789,No
144790,No
144791,No
144792,No
144793,No
144794,No
144795,Yes
144796,No
144797,Yes
144798,Yes
144799,Yes
144800,No
144801,Yes
144802,Yes
144803,No
144804,No
144805,Yes
144806,No
144807,No
144808,Yes
144809,No
144810,Yes
144811,No
144812,No
144813,No
144814,No
144815,No
144816,No
144817,No
144818,No
144819,Yes
144820,Yes
144821,No
144822,No
144823,No
144824,No
144825,No
144826,Yes
144827,No
144828,Yes
144829,No
144830,Yes
144831,Yes
144832,No
144833,Yes
144834,No
144835,No
144836,Yes
144837,Yes
144838,No
144839,Yes
144840,No
144841,Yes
144842,Yes
144843,No
144844,Yes
144845,No
144846,No
144847,Yes
144848,Yes
144849,No
144850,No
144851,Yes
144852,Yes
144853,No
144854,Yes
144855,No
144856,No
144857,No
144858,No
144859,Yes
144860,No
144861,Yes
144862,No
144863,No
144864,No
144865,Yes
144866,No
144867,No
144868,No
144869,Yes
144870,Yes
144871,No
144872,No
144873,No
144874,No
144875,Yes
144876,No
144877,Yes
144878,No
144879,Yes
144880,No
144881,Yes
144882,No
144883,No
144884,No
144885,Yes
144886,No
144887,No
144888,No
144889,No
144890,No
144891,No
144892,Yes
144893,Yes
144894,No
144895,No
144896,Yes
144897,Yes
144898,No
144899,Yes
144900,Yes
144901,No
144902,No
144903,No
144904,Yes
144905,Yes
144906,Yes
144907,No
144908,Yes
144909,No
144910,No
144911,No
144912,No
144913,Yes
144914,Yes
144915,No
144916,Yes
144917,Yes
144918,No
144919,No
144920,No
144921,No
144922,No
144923,Yes
144924,No
144925,No
144926,Yes
144927,No
144928,No
144929,Yes
144930,Yes
144931,No
144932,Yes
144933,No
144934,No
144935,No
144936,No
144937,Yes
144938,Yes
144939,No
144940,Yes
144941,Yes
144942,No
144943,No
144944,No
144945,No
144946,Yes
144947,No
144948,No
144949,Yes
144950,No
144951,No
144952,No
144953,No
144954,No
144955,Yes
144956,No
144957,Yes
144958,No
144959,Yes
144960,Yes
144961,Yes
144962,No
144963,No
144964,No
144965,No
144966,Yes
144967,No
144968,No
144969,No
144970,Yes
144971,No
144972,No
144973,No
144974,No
144975,No
144976,Yes
144977,No
144978,No
144979,No
144980,No
144981,No
144982,No
144983,No
144984,No
144985,No
144986,Yes
144987,No
144988,No
144989,No
144990,Yes
144991,No
144992,No
144993,No
144994,Yes
144995,No
144996,No
144997,No
144998,No
144999,Yes
145000,Yes
145001,No
145002,No
145003,No
145004,No
145005,No
145006,No
145007,No
145008,Yes
145009,Yes
145010,Yes
145011,No
145012,No
145013,Yes
145014,No
145015,No
145016,Yes
145017,No
145018,No
145019,Yes
145020,Yes
145021,No
145022,No
145023,No
145024,No
145025,No
145026,No
145027,No
145028,Yes
145029,Yes
145030,No
145031,Yes
145032,No
145033,No
145034,No
145035,No
145036,No
145037,Yes
145038,No
145039,Yes
145040,Yes
145041,Yes
145042,No
145043,No
145044,No
145045,No
145046,Yes
145047,No
145048,Yes
145049,Yes
145050,No
145051,No
145052,No
145053,No
145054,No
145055,No
145056,Yes
145057,No
145058,No
145059,No
145060,No
145061,Yes
145062,Yes
145063,Yes
145064,No
145065,Yes
145066,Yes
145067,Yes
145068,No
145069,Yes
145070,No
145071,No
145072,Yes
145073,No
145074,No
145075,Yes
145076,Yes
145077,Yes
145078,No
145079,No
145080,No
145081,No
145082,Yes
145083,No
145084,Yes
145085,No
145086,Yes
145087,No
145088,No
145089,No
145090,No
145091,No
145092,Yes
145093,Yes
145094,Yes
145095,No
145096,Yes
145097,No
145098,Yes
145099,Yes
145100,No
145101,No
145102,No
145103,No
145104,No
145105,No
145106,No
145107,No
145108,Yes
145109,No
145110,No
145111,Yes
145112,Yes
145113,No
145114,Yes
145115,Yes
145116,No
145117,No
145118,No
145119,No
145120,No
145121,Yes
145122,No
145123,Yes
145124,No
145125,Yes
145126,Yes
145127,No
145128,Yes
145129,Yes
145130,No
145131,No
145132,Yes
145133,No
145134,Yes
145135,No
145136,Yes
145137,No
145138,No
145139,Yes
145140,Yes
145141,No
145142,Yes
145143,No
145144,Yes
145145,Yes
145146,Yes
145147,No
145148,Yes
145149,Yes
145150,No
145151,No
145152,Yes
145153,Yes
145154,No
145155,No
145156,No
145157,No
145158,No
145159,No
145160,No
145161,No
145162,Yes
145163,No
145164,Yes
145165,Yes
145166,Yes
145167,No
145168,Yes
145169,No
145170,No
145171,No
145172,Yes
145173,No
145174,No
145175,No
145176,No
145177,Yes
145178,No
145179,Yes
145180,Yes
145181,Yes
145182,No
145183,No
145184,No
145185,Yes
145186,Yes
145187,No
145188,Yes
145189,No
145190,Yes
145191,Yes
145192,No
145193,Yes
145194,Yes
145195,No
145196,No
145197,No
145198,Yes
145199,Yes
145200,No
145201,No
145202,No
145203,No
145204,No
145205,No
145206,No
145207,No
145208,No
145209,Yes
145210,No
145211,No
145212,Yes
145213,Yes
145214,No
145215,No
145216,No
145217,No
145218,Yes
145219,Yes
145220,No
145221,No
145222,No
145223,No
145224,No
145225,No
145226,No
145227,Yes
145228,Yes
145229,No
145230,Yes
145231,Yes
145232,No
145233,No
145234,No
145235,Yes
145236,No
145237,No
145238,No
145239,No
145240,Yes
145241,No
145242,Yes
145243,No
145244,No
145245,No
145246,No
145247,Yes
145248,Yes
145249,Yes
145250,No
145251,Yes
145252,Yes
145253,No
145254,No
145255,No
145256,No
145257,No
145258,No
145259,Yes
145260,Yes
145261,No
145262,No
145263,No
145264,No
145265,No
145266,No
145267,Yes
145268,No
145269,Yes
145270,Yes
145271,Yes
145272,No
145273,No
145274,No
145275,Yes
145276,No
145277,No
145278,Yes
145279,No
145280,Yes
145281,Yes
145282,Yes
145283,Yes
145284,Yes
145285,Yes
145286,No
145287,Yes
145288,Yes
145289,No
145290,No
145291,Yes
145292,No
145293,No
145294,Yes
145295,Yes
145296,No
145297,No
145298,Yes
145299,Yes
145300,Yes
145301,No
145302,Yes
145303,No
145304,No
145305,No
145306,No
145307,Yes
145308,No
145309,Yes
145310,Yes
145311,No
145312,Yes
145313,No
145314,No
145315,No
145316,Yes
145317,No
145318,No
145319,No
145320,No
145321,Yes
145322,No
145323,No
145324,No
145325,Yes
145326,No
145327,Yes
145328,No
145329,No
145330,No
145331,Yes
145332,No
145333,No
145334,No
145335,No
145336,No
145337,Yes
145338,No
145339,Yes
145340,No
145341,No
145342,No
145343,No
145344,No
145345,Yes
145346,Yes
145347,No
145348,No
145349,No
145350,No
145351,Yes
145352,Yes
145353,Yes
145354,Yes
145355,No
145356,Yes
145357,No
145358,No
145359,No
145360,Yes
145361,Yes
145362,No
145363,Yes
145364,Yes
145365,Yes
145366,No
145367,Yes
145368,No
145369,Yes
145370,No
145371,No
145372,No
145373,Yes
145374,Yes
145375,No
145376,No
145377,No
145378,No
145379,Yes
145380,No
145381,Yes
145382,No
145383,No
145384,No
145385,No
145386,No
145387,Yes
145388,No
145389,No
145390,No
145391,No
145392,No
145393,No
145394,No
145395,No
145396,No
145397,No
145398,No
145399,No
145400,Yes
145401,Yes
145402,No
145403,No
145404,No
145405,No
145406,Yes
145407,Yes
145408,No
145409,No
145410,No
145411,No
145412,No
145413,No
145414,Yes
145415,No
145416,No
145417,Yes
145418,Yes
145419,No
145420,Yes
145421,No
145422,Yes
145423,Yes
145424,Yes
145425,Yes
145426,Yes
145427,Yes
145428,No
145429,No
145430,Yes
145431,Yes
145432,Yes
145433,No
145434,No
145435,No
145436,No
145437,No
145438,No
145439,No
145440,No
145441,No
145442,Yes
145443,No
145444,No
145445,Yes
145446,Yes
145447,No
145448,No
145449,Yes
145450,No
145451,Yes
145452,Yes
145453,No
145454,No
145455,No
145456,Yes
145457,Yes
145458,No
145459,No
145460,Yes
145461,Yes
145462,No
145463,No
145464,No
145465,No
145466,Yes
145467,No
145468,No
145469,No
145470,Yes
145471,Yes
145472,Yes
145473,No
145474,No
145475,Yes
145476,No
145477,No
145478,No
145479,No
145480,Yes
145481,No
145482,No
145483,No
145484,Yes
145485,No
145486,Yes
145487,No
145488,No
145489,No
145490,No
145491,No
145492,No
145493,No
145494,Yes
145495,Yes
145496,No
145497,No
145498,No
145499,Yes
145500,No
145501,No
145502,No
145503,No
145504,Yes
145505,Yes
145506,No
145507,Yes
145508,Yes
145509,No
145510,No
145511,Yes
145512,Yes
145513,No
145514,Yes
145515,No
145516,No
145517,No
145518,No
145519,Yes
145520,No
145521,Yes
145522,Yes
145523,No
145524,No
145525,No
145526,Yes
145527,No
145528,No
145529,No
145530,No
145531,Yes
145532,No
145533,No
145534,No
145535,No
145536,Yes
145537,No
145538,Yes
145539,No
145540,No
145541,Yes
145542,No
145543,Yes
145544,No
145545,Yes
145546,No
145547,Yes
145548,Yes
145549,Yes
145550,No
145551,No
145552,Yes
145553,No
145554,Yes
145555,Yes
145556,No
145557,Yes
145558,No
145559,Yes
145560,No
145561,Yes
145562,No
145563,No
145564,No
145565,No
145566,No
145567,Yes
145568,No
145569,No
145570,No
145571,No
145572,Yes
145573,Yes
145574,No
145575,Yes
145576,Yes
145577,No
145578,No
145579,No
145580,No
145581,Yes
145582,No
145583,No
145584,No
145585,No
145586,No
145587,No
145588,No
145589,No
145590,No
145591,No
145592,No
145593,Yes
145594,No
145595,Yes
145596,No
145597,Yes
145598,No
145599,No
145600,Yes
145601,No
145602,No
145603,Yes
145604,Yes
145605,No
145606,Yes
145607,No
145608,Yes
145609,No
145610,No
145611,No
145612,Yes
145613,Yes
145614,Yes
145615,Yes
145616,No
145617,No
145618,No
145619,No
145620,Yes
145621,Yes
145622,No
145623,Yes
145624,No
145625,No
145626,No
145627,Yes
145628,No
145629,Yes
145630,No
145631,Yes
145632,No
145633,Yes
145634,No
145635,No
145636,Yes
145637,Yes
145638,Yes
145639,Yes
145640,Yes
145641,Yes
145642,No
145643,No
145644,No
145645,No
145646,No
145647,Yes
145648,Yes
145649,No
145650,No
145651,No
145652,Yes
145653,No
145654,No
145655,No
145656,No
145657,Yes
145658,No
145659,No
145660,No
145661,No
145662,No
145663,No
145664,Yes
145665,Yes
145666,No
145667,Yes
145668,No
145669,Yes
145670,No
145671,No
145672,Yes
145673,No
145674,No
145675,No
145676,No
145677,No
145678,Yes
145679,Yes
145680,Yes
145681,No
145682,Yes
145683,Yes
145684,Yes
145685,Yes
145686,Yes
145687,No
145688,Yes
145689,No
145690,No
145691,No
145692,No
145693,No
145694,No
145695,No
145696,No
145697,Yes
145698,No
145699,No
145700,Yes
145701,No
145702,No
145703,Yes
145704,No
145705,No
145706,Yes
145707,Yes
145708,No
145709,No
145710,No
145711,Yes
145712,No
145713,Yes
145714,No
145715,Yes
145716,Yes
145717,Yes
145718,No
145719,No
145720,Yes
145721,No
145722,No
145723,No
145724,No
145725,Yes
145726,Yes
145727,No
145728,Yes
145729,Yes
145730,No
145731,Yes
145732,No
145733,No
145734,No
145735,No
145736,Yes
145737,No
145738,Yes
145739,No
145740,Yes
145741,No
145742,Yes
145743,No
145744,Yes
145745,No
145746,Yes
145747,No
145748,No
145749,No
145750,Yes
145751,No
145752,No
145753,No
145754,Yes
145755,No
145756,Yes
145757,No
145758,No
145759,No
145760,No
145761,No
145762,No
145763,Yes
145764,No
145765,Yes
145766,No
145767,Yes
145768,Yes
145769,No
145770,No
145771,No
145772,No
145773,Yes
145774,Yes
145775,No
145776,Yes
145777,Yes
145778,Yes
145779,Yes
145780,No
145781,No
145782,No
145783,Yes
145784,No
145785,No
145786,No
145787,No
145788,No
145789,Yes
145790,Yes
145791,Yes
145792,No
145793,Yes
145794,Yes
145795,Yes
145796,Yes
145797,No
145798,Yes
145799,No
145800,No
145801,Yes
145802,No
145803,Yes
145804,Yes
145805,Yes
145806,No
145807,Yes
145808,No
145809,No
145810,Yes
145811,No
145812,No
145813,No
145814,No
145815,No
145816,Yes
145817,No
145818,No
145819,No
145820,Yes
145821,No
145822,No
145823,Yes
145824,No
145825,No
145826,No
145827,No
145828,No
145829,Yes
145830,No
145831,No
145832,Yes
145833,Yes
145834,Yes
145835,Yes
145836,Yes
145837,No
145838,No
145839,Yes
145840,Yes
145841,No
145842,No
145843,Yes
145844,Yes
145845,No
145846,Yes
145847,No
145848,No
145849,No
145850,No
145851,Yes
145852,No
145853,Yes
145854,Yes
145855,No
145856,Yes
145857,Yes
145858,Yes
145859,Yes
145860,Yes
145861,No
145862,No
145863,Yes
145864,Yes
145865,Yes
145866,No
145867,No
145868,Yes
145869,Yes
145870,No
145871,No
145872,Yes
145873,Yes
145874,No
145875,Yes
145876,No
145877,Yes
145878,Yes
145879,No
145880,No
145881,No
145882,No
145883,No
145884,No
145885,No
145886,No
145887,Yes
145888,No
145889,Yes
145890,No
145891,Yes
145892,Yes
145893,Yes
145894,No
145895,Yes
145896,Yes
145897,No
145898,No
145899,Yes
145900,No
145901,Yes
145902,Yes
145903,Yes
145904,Yes
145905,Yes
145906,No
145907,No
145908,Yes
145909,Yes
145910,Yes
145911,No
145912,No
145913,No
145914,No
145915,No
145916,No
145917,Yes
145918,No
145919,No
145920,Yes
145921,Yes
145922,No
145923,Yes
145924,No
145925,Yes
145926,Yes
145927,Yes
145928,No
145929,No
145930,Yes
145931,No
145932,No
145933,Yes
145934,No
145935,No
145936,No
145937,No
145938,No
145939,No
145940,No
145941,No
145942,Yes
145943,No
145944,No
145945,No
145946,No
145947,No
145948,Yes
145949,No
145950,No
145951,Yes
145952,No
145953,No
145954,No
145955,No
145956,Yes
145957,Yes
145958,No
145959,Yes
145960,No
145961,Yes
145962,Yes
145963,No
145964,No
145965,No
145966,Yes
145967,Yes
145968,No
145969,Yes
145970,No
145971,No
145972,No
145973,No
145974,No
145975,Yes
145976,No
145977,No
145978,No
145979,Yes
145980,No
145981,Yes
145982,Yes
145983,No
145984,No
145985,No
145986,No
145987,Yes
145988,No
145989,Yes
145990,No
145991,Yes
145992,No
145993,Yes
145994,No
145995,No
145996,No
145997,No
145998,No
145999,No
146000,No
146001,No
146002,No
146003,No
146004,Yes
146005,No
146006,No
146007,No
146008,No
146009,No
146010,Yes
146011,Yes
146012,No
146013,No
146014,Yes
146015,No
146016,No
146017,No
146018,No
146019,No
146020,No
146021,Yes
146022,Yes
146023,No
146024,Yes
146025,No
146026,No
146027,No
146028,Yes
146029,No
146030,Yes
146031,No
146032,No
146033,No
146034,No
146035,No
146036,Yes
146037,No
146038,Yes
146039,No
146040,Yes
146041,Yes
146042,No
146043,No
146044,Yes
146045,No
146046,Yes
146047,Yes
146048,No
146049,Yes
146050,Yes
146051,No
146052,No
146053,No
146054,No
146055,No
146056,No
146057,Yes
146058,Yes
146059,No
146060,No
146061,No
146062,No
146063,Yes
146064,No
146065,No
146066,Yes
146067,Yes
146068,Yes
146069,No
146070,Yes
146071,No
146072,Yes
146073,No
146074,Yes
146075,No
146076,No
146077,No
146078,Yes
146079,No
146080,No
146081,Yes
146082,No
146083,Yes
146084,Yes
146085,No
146086,No
146087,Yes
146088,No
146089,No
146090,No
146091,No
146092,Yes
146093,Yes
146094,No
146095,No
146096,No
146097,Yes
146098,No
146099,Yes
146100,No
146101,No
146102,No
146103,No
146104,Yes
146105,Yes
146106,No
146107,No
146108,Yes
146109,Yes
146110,Yes
146111,No
146112,No
146113,Yes
146114,No
146115,No
146116,No
146117,No
146118,No
146119,No
146120,No
146121,Yes
146122,No
146123,Yes
146124,No
146125,Yes
146126,No
146127,No
146128,No
146129,Yes
146130,No
146131,No
146132,No
146133,Yes
146134,Yes
146135,No
146136,Yes
146137,No
146138,Yes
146139,No
146140,Yes
146141,No
146142,No
146143,No
146144,No
146145,No
146146,No
146147,Yes
146148,No
146149,No
146150,No
146151,Yes
146152,No
146153,Yes
146154,Yes
146155,No
146156,No
146157,Yes
146158,Yes
146159,No
146160,No
146161,No
146162,Yes
146163,No
146164,No
146165,No
146166,No
146167,Yes
146168,No
146169,No
146170,No
146171,No
146172,Yes
146173,Yes
146174,Yes
146175,No
146176,Yes
146177,No
146178,Yes
146179,No
146180,Yes
146181,No
146182,Yes
146183,Yes
146184,Yes
146185,Yes
146186,No
146187,No
146188,No
146189,Yes
146190,Yes
146191,Yes
146192,Yes
146193,Yes
146194,Yes
146195,No
146196,No
146197,Yes
146198,No
146199,No
146200,No
146201,No
146202,No
146203,No
146204,Yes
146205,No
146206,Yes
146207,No
146208,No
146209,Yes
146210,No
146211,No
146212,Yes
146213,No
146214,Yes
146215,Yes
146216,Yes
146217,No
146218,No
146219,No
146220,No
146221,No
146222,No
146223,Yes
146224,Yes
146225,No
146226,No
146227,Yes
146228,Yes
146229,Yes
146230,Yes
146231,Yes
146232,Yes
146233,No
146234,No
146235,No
146236,No
146237,No
146238,No
146239,No
146240,Yes
146241,Yes
146242,Yes
146243,No
146244,Yes
146245,Yes
146246,No
146247,Yes
146248,Yes
146249,Yes
146250,No
146251,Yes
146252,No
146253,Yes
146254,Yes
146255,Yes
146256,Yes
146257,No
146258,No
146259,Yes
146260,No
146261,No
146262,No
146263,No
146264,No
146265,No
146266,Yes
146267,No
146268,No
146269,Yes
146270,No
146271,No
146272,No
146273,Yes
146274,No
146275,Yes
146276,No
146277,Yes
146278,No
146279,Yes
146280,No
146281,No
146282,Yes
146283,No
146284,Yes
146285,No
146286,Yes
146287,Yes
146288,No
146289,No
146290,No
146291,No
146292,No
146293,No
146294,No
146295,Yes
146296,Yes
146297,No
146298,No
146299,Yes
146300,No
146301,No
146302,Yes
146303,Yes
146304,Yes
146305,No
146306,No
146307,No
146308,Yes
146309,Yes
146310,Yes
146311,No
146312,No
146313,Yes
146314,No
146315,No
146316,No
146317,No
146318,No
146319,No
146320,No
146321,Yes
146322,No
146323,No
146324,Yes
146325,No
146326,No
146327,Yes
146328,Yes
146329,Yes
146330,Yes
146331,No
146332,No
146333,No
146334,No
146335,No
146336,No
146337,No
146338,Yes
146339,No
146340,No
146341,No
146342,Yes
146343,No
146344,No
146345,No
146346,No
146347,No
146348,No
146349,No
146350,No
146351,Yes
146352,Yes
146353,No
146354,Yes
146355,No
146356,No
146357,Yes
146358,Yes
146359,Yes
146360,No
146361,No
146362,No
146363,Yes
146364,No
146365,No
146366,No
146367,Yes
146368,No
146369,No
146370,Yes
146371,No
146372,Yes
146373,Yes
146374,Yes
146375,No
146376,Yes
146377,Yes
146378,Yes
146379,No
146380,Yes
146381,Yes
146382,Yes
146383,No
146384,No
146385,No
146386,No
146387,No
146388,Yes
146389,Yes
146390,No
146391,No
146392,Yes
146393,Yes
146394,Yes
146395,No
146396,No
146397,No
146398,No
146399,No
146400,No
146401,Yes
146402,Yes
146403,Yes
146404,No
146405,Yes
146406,Yes
146407,Yes
146408,No
146409,No
146410,No
146411,No
146412,No
146413,Yes
146414,No
146415,Yes
146416,No
146417,No
146418,Yes
146419,No
146420,No
146421,No
146422,Yes
146423,Yes
146424,No
146425,No
146426,No
146427,No
146428,No
146429,No
146430,Yes
146431,No
146432,No
146433,No
146434,Yes
146435,No
146436,No
146437,Yes
146438,No
146439,Yes
146440,No
146441,No
146442,No
146443,Yes
146444,No
146445,Yes
146446,Yes
146447,No
146448,No
146449,No
146450,No
146451,Yes
146452,Yes
146453,No
146454,No
146455,Yes
146456,Yes
146457,No
146458,Yes
146459,No
146460,Yes
146461,No
146462,No
146463,No
146464,Yes
146465,No
146466,Yes
146467,Yes
146468,No
146469,No
146470,No
146471,No
146472,No
146473,No
146474,No
146475,No
146476,No
146477,Yes
146478,No
146479,No
146480,No
146481,No
146482,No
146483,No
146484,Yes
146485,Yes
146486,Yes
146487,Yes
146488,Yes
146489,No
146490,No
146491,No
146492,No
146493,No
146494,Yes
146495,No
146496,No
146497,Yes
146498,Yes
146499,Yes
146500,No
146501,No
146502,No
146503,No
146504,No
146505,No
146506,No
146507,Yes
146508,No
146509,No
146510,No
146511,Yes
146512,Yes
146513,No
146514,Yes
146515,No
146516,No
146517,No
146518,No
146519,No
146520,No
146521,No
146522,Yes
146523,Yes
146524,No
146525,Yes
146526,No
146527,Yes
146528,Yes
146529,No
146530,Yes
146531,Yes
146532,Yes
146533,No
146534,Yes
146535,No
146536,No
146537,No
146538,Yes
146539,No
146540,No
146541,No
146542,No
146543,No
146544,Yes
146545,Yes
146546,No
146547,No
146548,Yes
146549,No
146550,No
146551,No
146552,No
146553,Yes
146554,No
146555,Yes
146556,No
146557,No
146558,Yes
146559,Yes
146560,No
146561,Yes
146562,Yes
146563,No
146564,No
146565,Yes
146566,Yes
146567,No
146568,No
146569,No
146570,No
146571,No
146572,Yes
146573,No
146574,Yes
146575,Yes
146576,No
146577,Yes
146578,No
146579,No
146580,No
146581,No
146582,No
146583,No
146584,No
146585,No
146586,Yes
146587,Yes
146588,No
146589,No
146590,No
146591,Yes
146592,No
146593,No
146594,Yes
146595,No
146596,No
146597,No
146598,Yes
146599,Yes
146600,No
146601,No
146602,No
146603,No
146604,No
146605,No
146606,No
146607,No
146608,Yes
146609,Yes
146610,No
146611,No
146612,No
146613,Yes
146614,Yes
146615,Yes
146616,No
146617,No
146618,No
146619,No
146620,No
146621,No
146622,Yes
146623,No
146624,No
146625,No
146626,Yes
146627,No
146628,No
146629,No
146630,No
146631,No
146632,Yes
146633,No
146634,No
146635,No
146636,Yes
146637,No
146638,No
146639,No
146640,Yes
146641,No
146642,Yes
146643,Yes
146644,No
146645,No
146646,No
146647,Yes
146648,Yes
146649,Yes
146650,No
146651,No
146652,Yes
146653,Yes
146654,Yes
146655,No
146656,No
146657,Yes
146658,Yes
146659,No
146660,Yes
146661,No
146662,Yes
146663,No
146664,No
146665,Yes
146666,No
146667,Yes
146668,Yes
146669,No
146670,No
146671,No
146672,No
146673,No
146674,Yes
146675,Yes
146676,No
146677,Yes
146678,No
146679,No
146680,Yes
146681,No
146682,No
146683,Yes
146684,Yes
146685,Yes
146686,No
146687,No
146688,No
146689,No
146690,No
146691,Yes
146692,Yes
146693,No
146694,No
146695,No
146696,Yes
146697,Yes
146698,Yes
146699,Yes
146700,Yes
146701,No
146702,No
146703,No
146704,No
146705,No
146706,No
146707,No
146708,No
146709,No
146710,No
146711,No
146712,No
146713,No
146714,No
146715,No
146716,Yes
146717,No
146718,Yes
146719,No
146720,No
146721,Yes
146722,No
146723,No
146724,No
146725,No
146726,No
146727,No
146728,No
146729,Yes
146730,Yes
146731,No
146732,No
146733,Yes
146734,Yes
146735,No
146736,No
146737,No
146738,No
146739,No
146740,Yes
146741,No
146742,No
146743,No
146744,Yes
146745,Yes
146746,Yes
146747,No
146748,Yes
146749,No
146750,No
146751,Yes
146752,No
146753,No
146754,No
146755,No
146756,Yes
146757,No
146758,Yes
146759,Yes
146760,No
146761,No
146762,No
146763,No
146764,No
146765,Yes
146766,No
146767,No
146768,No
146769,No
146770,No
146771,Yes
146772,Yes
146773,Yes
146774,Yes
146775,No
146776,No
146777,No
146778,No
146779,No
146780,Yes
146781,No
146782,Yes
146783,No
146784,Yes
146785,No
146786,Yes
146787,No
146788,Yes
146789,No
146790,Yes
146791,No
146792,No
146793,Yes
146794,No
146795,Yes
146796,No
146797,Yes
146798,Yes
146799,Yes
146800,Yes
146801,Yes
146802,No
146803,No
146804,No
146805,No
146806,Yes
146807,No
146808,Yes
146809,Yes
146810,No
146811,Yes
146812,Yes
146813,Yes
146814,Yes
146815,Yes
146816,Yes
146817,No
146818,Yes
146819,Yes
146820,No
146821,Yes
146822,No
146823,No
146824,Yes
146825,Yes
146826,No
146827,Yes
146828,No
146829,No
146830,No
146831,Yes
146832,No
146833,No
146834,Yes
146835,No
146836,No
146837,Yes
146838,Yes
146839,No
146840,No
146841,Yes
146842,Yes
146843,No
146844,No
146845,Yes
146846,No
146847,No
146848,Yes
146849,Yes
146850,No
146851,Yes
146852,No
146853,Yes
146854,Yes
146855,No
146856,Yes
146857,No
146858,Yes
146859,No
146860,No
146861,No
146862,No
146863,No
146864,Yes
146865,No
146866,No
146867,Yes
146868,Yes
146869,No
146870,No
146871,Yes
146872,Yes
146873,No
146874,No
146875,Yes
146876,Yes
146877,No
146878,No
146879,Yes
146880,No
146881,No
146882,Yes
146883,No
146884,Yes
146885,No
146886,Yes
146887,No
146888,No
146889,No
146890,No
146891,No
146892,Yes
146893,No
146894,Yes
146895,No
146896,Yes
146897,No
146898,No
146899,No
146900,No
146901,No
146902,Yes
146903,No
146904,No
146905,No
146906,No
146907,Yes
146908,Yes
146909,No
146910,No
146911,No
146912,No
146913,No
146914,No
146915,Yes
146916,No
146917,No
146918,Yes
146919,No
146920,Yes
146921,Yes
146922,Yes
146923,No
146924,Yes
146925,Yes
146926,No
146927,Yes
146928,No
146929,No
146930,No
146931,No
146932,Yes
146933,Yes
146934,No
146935,No
146936,No
146937,No
146938,No
146939,Yes
146940,No
146941,No
146942,No
146943,No
146944,Yes
146945,Yes
146946,Yes
146947,Yes
146948,Yes
146949,Yes
146950,Yes
146951,Yes
146952,No
146953,Yes
146954,No
146955,No
146956,No
146957,No
146958,Yes
146959,Yes
146960,Yes
146961,Yes
146962,Yes
146963,Yes
146964,No
146965,Yes
146966,No
146967,No
146968,Yes
146969,No
146970,No
146971,No
146972,No
146973,Yes
146974,No
146975,No
146976,No
146977,Yes
146978,Yes
146979,No
146980,Yes
146981,No
146982,No
146983,Yes
146984,No
146985,Yes
146986,Yes
146987,Yes
146988,No
146989,No
146990,Yes
146991,Yes
146992,No
146993,Yes
146994,Yes
146995,Yes
146996,No
146997,Yes
146998,Yes
146999,No
147000,No
147001,No
147002,No
147003,Yes
147004,No
147005,No
147006,No
147007,No
147008,Yes
147009,Yes
147010,Yes
147011,Yes
147012,Yes
147013,Yes
147014,No
147015,No
147016,No
147017,Yes
147018,Yes
147019,Yes
147020,Yes
147021,No
147022,Yes
147023,No
147024,No
147025,No
147026,No
147027,Yes
147028,No
147029,No
147030,No
147031,No
147032,No
147033,Yes
147034,No
147035,No
147036,No
147037,No
147038,No
147039,No
147040,Yes
147041,No
147042,Yes
147043,Yes
147044,No
147045,No
147046,Yes
147047,No
147048,No
147049,No
147050,No
147051,No
147052,Yes
147053,No
147054,No
147055,Yes
147056,No
147057,No
147058,Yes
147059,No
147060,No
147061,No
147062,Yes
147063,No
147064,No
147065,No
147066,No
147067,Yes
147068,Yes
147069,No
147070,No
147071,Yes
147072,No
147073,No
147074,No
147075,Yes
147076,Yes
147077,No
147078,No
147079,No
147080,Yes
147081,No
147082,No
147083,No
147084,No
147085,Yes
147086,No
147087,No
147088,Yes
147089,No
147090,No
147091,No
147092,Yes
147093,Yes
147094,No
147095,No
147096,Yes
147097,No
147098,Yes
147099,No
147100,Yes
147101,Yes
147102,Yes
147103,Yes
147104,Yes
147105,Yes
147106,Yes
147107,No
147108,No
147109,No
147110,No
147111,Yes
147112,No
147113,Yes
147114,Yes
147115,Yes
147116,Yes
147117,No
147118,No
147119,Yes
147120,No
147121,Yes
147122,No
147123,Yes
147124,Yes
147125,Yes
147126,No
147127,No
147128,Yes
147129,No
147130,Yes
147131,No
147132,Yes
147133,Yes
147134,No
147135,Yes
147136,No
147137,No
147138,Yes
147139,Yes
147140,Yes
147141,Yes
147142,Yes
147143,No
147144,No
147145,Yes
147146,Yes
147147,No
147148,No
147149,Yes
147150,No
147151,No
147152,No
147153,Yes
147154,Yes
147155,No
147156,No
147157,Yes
147158,Yes
147159,No
147160,No
147161,No
147162,No
147163,Yes
147164,No
147165,No
147166,No
147167,Yes
147168,Yes
147169,Yes
147170,No
147171,No
147172,Yes
147173,No
147174,No
147175,No
147176,Yes
147177,Yes
147178,No
147179,No
147180,Yes
147181,Yes
147182,No
147183,No
147184,No
147185,No
147186,Yes
147187,No
147188,No
147189,No
147190,No
147191,Yes
147192,Yes
147193,No
147194,No
147195,No
147196,No
147197,No
147198,Yes
147199,No
147200,Yes
147201,Yes
147202,No
147203,Yes
147204,No
147205,Yes
147206,No
147207,Yes
147208,Yes
147209,No
147210,Yes
147211,No
147212,Yes
147213,Yes
147214,No
147215,No
147216,Yes
147217,No
147218,No
147219,No
147220,No
147221,No
147222,No
147223,No
147224,No
147225,No
147226,Yes
147227,No
147228,Yes
147229,Yes
147230,Yes
147231,No
147232,No
147233,No
147234,No
147235,No
147236,Yes
147237,No
147238,No
147239,Yes
147240,Yes
147241,Yes
147242,Yes
147243,No
147244,No
147245,Yes
147246,No
147247,No
147248,No
147249,Yes
147250,No
147251,No
147252,Yes
147253,Yes
147254,No
147255,No
147256,No
147257,Yes
147258,Yes
147259,No
147260,No
147261,No
147262,No
147263,No
147264,No
147265,No
147266,Yes
147267,No
147268,Yes
147269,No
147270,No
147271,No
147272,No
147273,No
147274,No
147275,Yes
147276,No
147277,Yes
147278,Yes
147279,No
147280,No
147281,Yes
147282,Yes
147283,Yes
147284,No
147285,Yes
147286,No
147287,No
147288,Yes
147289,Yes
147290,No
147291,No
147292,No
147293,Yes
147294,No
147295,No
147296,No
147297,Yes
147298,No
147299,No
147300,No
147301,No
147302,No
147303,No
147304,Yes
147305,Yes
147306,Yes
147307,Yes
147308,No
147309,No
147310,No
147311,No
147312,No
147313,Yes
147314,No
147315,Yes
147316,Yes
147317,No
147318,No
147319,No
147320,No
147321,No
147322,No
147323,Yes
147324,Yes
147325,Yes
147326,No
147327,No
147328,Yes
147329,Yes
147330,No
147331,No
147332,No
147333,Yes
147334,No
147335,No
147336,No
147337,No
147338,No
147339,No
147340,Yes
147341,No
147342,No
147343,No
147344,No
147345,No
147346,No
147347,Yes
147348,Yes
147349,Yes
147350,Yes
147351,Yes
147352,No
147353,Yes
147354,No
147355,No
147356,Yes
147357,Yes
147358,Yes
147359,Yes
147360,No
147361,No
147362,Yes
147363,No
147364,No
147365,No
147366,Yes
147367,No
147368,No
147369,No
147370,Yes
147371,Yes
147372,No
147373,Yes
147374,No
147375,No
147376,Yes
147377,No
147378,Yes
147379,Yes
147380,No
147381,No
147382,Yes
147383,No
147384,Yes
147385,No
147386,No
147387,Yes
147388,Yes
147389,Yes
147390,No
147391,Yes
147392,Yes
147393,No
147394,No
147395,Yes
147396,Yes
147397,Yes
147398,Yes
147399,Yes
147400,Yes
147401,No
147402,Yes
147403,Yes
147404,No
147405,No
147406,No
147407,Yes
147408,No
147409,No
147410,No
147411,Yes
147412,Yes
147413,No
147414,Yes
147415,Yes
147416,No
147417,Yes
147418,No
147419,No
147420,Yes
147421,Yes
147422,No
147423,No
147424,Yes
147425,No
147426,Yes
147427,No
147428,No
147429,Yes
147430,No
147431,No
147432,No
147433,No
147434,No
147435,Yes
147436,Yes
147437,Yes
147438,No
147439,No
147440,Yes
147441,Yes
147442,Yes
147443,Yes
147444,Yes
147445,Yes
147446,No
147447,No
147448,Yes
147449,No
147450,Yes
147451,Yes
147452,No
147453,Yes
147454,No
147455,No
147456,Yes
147457,Yes
147458,No
147459,No
147460,No
147461,No
147462,No
147463,No
147464,No
147465,No
147466,No
147467,Yes
147468,Yes
147469,No
147470,No
147471,No
147472,No
147473,No
147474,No
147475,Yes
147476,Yes
147477,Yes
147478,No
147479,Yes
147480,Yes
147481,No
147482,No
147483,No
147484,No
147485,Yes
147486,Yes
147487,Yes
147488,No
147489,No
147490,No
147491,Yes
147492,No
147493,No
147494,Yes
147495,Yes
147496,No
147497,No
147498,Yes
147499,No
147500,No
147501,Yes
147502,Yes
147503,No
147504,Yes
147505,No
147506,No
147507,No
147508,No
147509,Yes
147510,No
147511,No
147512,No
147513,No
147514,No
147515,No
147516,Yes
147517,Yes
147518,No
147519,No
147520,No
147521,No
147522,Yes
147523,Yes
147524,No
147525,Yes
147526,Yes
147527,No
147528,No
147529,No
147530,No
147531,Yes
147532,Yes
147533,No
147534,No
147535,Yes
147536,Yes
147537,No
147538,No
147539,No
147540,No
147541,No
147542,No
147543,No
147544,Yes
147545,Yes
147546,Yes
147547,No
147548,Yes
147549,No
147550,Yes
147551,No
147552,Yes
147553,No
147554,No
147555,No
147556,Yes
147557,Yes
147558,No
147559,No
147560,No
147561,No
147562,No
147563,No
147564,Yes
147565,No
147566,No
147567,Yes
147568,No
147569,Yes
147570,No
147571,Yes
147572,No
147573,Yes
147574,Yes
147575,No
147576,No
147577,No
147578,Yes
147579,No
147580,No
147581,Yes
147582,No
147583,No
147584,No
147585,Yes
147586,No
147587,Yes
147588,No
147589,No
147590,No
147591,Yes
147592,No
147593,No
147594,Yes
147595,Yes
147596,No
147597,No
147598,Yes
147599,Yes
147600,Yes
147601,No
147602,No
147603,Yes
147604,No
147605,Yes
147606,Yes
147607,No
147608,No
147609,Yes
147610,No
147611,No
147612,No
147613,Yes
147614,No
147615,No
147616,Yes
147617,No
147618,No
147619,Yes
147620,No
147621,Yes
147622,Yes
147623,No
147624,No
147625,No
147626,No
147627,No
147628,No
147629,Yes
147630,Yes
147631,Yes
147632,No
147633,No
147634,Yes
147635,No
147636,Yes
147637,No
147638,No
147639,Yes
147640,Yes
147641,Yes
147642,No
147643,No
147644,Yes
147645,No
147646,Yes
147647,Yes
147648,No
147649,No
147650,Yes
147651,Yes
147652,No
147653,No
147654,No
147655,No
147656,Yes
147657,No
147658,No
147659,No
147660,Yes
147661,No
147662,Yes
147663,Yes
147664,Yes
147665,No
147666,Yes
147667,Yes
147668,Yes
147669,No
147670,No
147671,No
147672,No
147673,No
147674,Yes
147675,Yes
147676,No
147677,No
147678,No
147679,Yes
147680,No
147681,Yes
147682,No
147683,No
147684,Yes
147685,No
147686,No
147687,No
147688,No
147689,No
147690,Yes
147691,No
147692,Yes
147693,No
147694,Yes
147695,No
147696,Yes
147697,No
147698,No
147699,No
147700,No
147701,Yes
147702,No
147703,No
147704,No
147705,No
147706,No
147707,No
147708,No
147709,No
147710,No
147711,Yes
147712,Yes
147713,Yes
147714,No
147715,No
147716,No
147717,No
147718,Yes
147719,Yes
147720,Yes
147721,Yes
147722,No
147723,No
147724,No
147725,Yes
147726,No
147727,No
147728,No
147729,Yes
147730,No
147731,No
147732,No
147733,No
147734,Yes
147735,Yes
147736,Yes
147737,Yes
147738,Yes
147739,Yes
147740,Yes
147741,No
147742,Yes
147743,No
147744,Yes
147745,No
147746,Yes
147747,No
147748,Yes
147749,No
147750,No
147751,No
147752,Yes
147753,No
147754,Yes
147755,No
147756,No
147757,No
147758,No
147759,No
147760,No
147761,Yes
147762,No
147763,No
147764,Yes
147765,Yes
147766,No
147767,No
147768,No
147769,No
147770,No
147771,No
147772,No
147773,Yes
147774,Yes
147775,Yes
147776,No
147777,No
147778,Yes
147779,Yes
147780,Yes
147781,No
147782,Yes
147783,Yes
147784,No
147785,Yes
147786,No
147787,No
147788,Yes
147789,No
147790,Yes
147791,No
147792,Yes
147793,Yes
147794,No
147795,No
147796,Yes
147797,No
147798,No
147799,No
147800,Yes
147801,No
147802,Yes
147803,Yes
147804,Yes
147805,No
147806,Yes
147807,No
147808,No
147809,Yes
147810,No
147811,Yes
147812,Yes
147813,No
147814,No
147815,Yes
147816,Yes
147817,No
147818,No
147819,Yes
147820,No
147821,Yes
147822,Yes
147823,No
147824,No
147825,Yes
147826,No
147827,Yes
147828,No
147829,No
147830,No
147831,No
147832,No
147833,No
147834,Yes
147835,No
147836,Yes
147837,No
147838,Yes
147839,No
147840,Yes
147841,Yes
147842,No
147843,No
147844,No
147845,Yes
147846,Yes
147847,No
147848,Yes
147849,No
147850,No
147851,No
147852,No
147853,No
147854,No
147855,Yes
147856,No
147857,No
147858,No
147859,No
147860,No
147861,No
147862,Yes
147863,No
147864,Yes
147865,Yes
147866,No
147867,Yes
147868,No
147869,Yes
147870,Yes
147871,No
147872,Yes
147873,Yes
147874,No
147875,Yes
147876,Yes
147877,No
147878,Yes
147879,No
147880,Yes
147881,No
147882,Yes
147883,No
147884,Yes
147885,No
147886,Yes
147887,No
147888,No
147889,No
147890,No
147891,No
147892,Yes
147893,No
147894,Yes
147895,Yes
147896,Yes
147897,Yes
147898,No
147899,No
147900,No
147901,No
147902,Yes
147903,No
147904,No
147905,No
147906,Yes
147907,No
147908,Yes
147909,No
147910,No
147911,No
147912,Yes
147913,No
147914,No
147915,No
147916,Yes
147917,No
147918,Yes
147919,No
147920,Yes
147921,No
147922,No
147923,No
147924,Yes
147925,No
147926,No
147927,Yes
147928,No
147929,Yes
147930,Yes
147931,No
147932,No
147933,Yes
147934,No
147935,Yes
147936,No
147937,No
147938,No
147939,No
147940,Yes
147941,No
147942,Yes
147943,No
147944,No
147945,No
147946,Yes
147947,No
147948,No
147949,No
147950,Yes
147951,Yes
147952,Yes
147953,No
147954,No
147955,Yes
147956,No
147957,Yes
147958,No
147959,No
147960,No
147961,No
147962,No
147963,No
147964,No
147965,No
147966,No
147967,No
147968,No
147969,Yes
147970,Yes
147971,No
147972,No
147973,Yes
147974,No
147975,No
147976,No
147977,Yes
147978,Yes
147979,No
147980,No
147981,Yes
147982,No
147983,No
147984,No
147985,Yes
147986,No
147987,No
147988,No
147989,No
147990,No
147991,Yes
147992,No
147993,No
147994,Yes
147995,No
147996,No
147997,No
147998,Yes
147999,No
148000,Yes
148001,No
148002,No
148003,No
148004,No
148005,No
148006,Yes
148007,No
148008,No
148009,No
148010,No
148011,Yes
148012,Yes
148013,Yes
148014,No
148015,No
148016,No
148017,Yes
148018,No
148019,No
148020,Yes
148021,Yes
148022,Yes
148023,No
148024,No
148025,No
148026,No
148027,No
148028,Yes
148029,Yes
148030,Yes
148031,Yes
148032,Yes
148033,No
148034,Yes
148035,No
148036,No
148037,Yes
148038,No
148039,No
148040,Yes
148041,No
148042,No
148043,No
148044,No
148045,No
148046,Yes
148047,No
148048,No
148049,Yes
148050,No
148051,No
148052,No
148053,No
148054,No
148055,Yes
148056,Yes
148057,No
148058,Yes
148059,Yes
148060,Yes
148061,Yes
148062,Yes
148063,No
148064,No
148065,No
148066,Yes
148067,No
148068,No
148069,No
148070,No
148071,Yes
148072,No
148073,No
148074,Yes
148075,No
148076,No
148077,No
148078,No
148079,Yes
148080,Yes
148081,Yes
148082,No
148083,No
148084,No
148085,Yes
148086,No
148087,No
148088,No
148089,No
148090,Yes
148091,Yes
148092,No
148093,Yes
148094,Yes
148095,Yes
148096,Yes
148097,No
148098,No
148099,No
148100,No
148101,Yes
148102,No
148103,Yes
148104,No
148105,No
148106,Yes
148107,No
148108,No
148109,Yes
148110,No
148111,No
148112,Yes
148113,Yes
148114,No
148115,Yes
148116,No
148117,No
148118,Yes
148119,No
148120,Yes
148121,Yes
148122,Yes
148123,No
148124,Yes
148125,No
148126,No
148127,Yes
148128,No
148129,No
148130,Yes
148131,No
148132,No
148133,Yes
148134,No
148135,No
148136,No
148137,Yes
148138,No
148139,No
148140,No
148141,No
148142,No
148143,Yes
148144,Yes
148145,Yes
148146,No
148147,No
148148,No
148149,No
148150,Yes
148151,Yes
148152,Yes
148153,No
148154,Yes
148155,No
148156,Yes
148157,No
148158,No
148159,Yes
148160,No
148161,Yes
148162,No
148163,Yes
148164,No
148165,Yes
148166,No
148167,No
148168,Yes
148169,No
148170,No
148171,No
148172,Yes
148173,No
148174,Yes
148175,No
148176,Yes
148177,Yes
148178,Yes
148179,Yes
148180,No
148181,No
148182,Yes
148183,Yes
148184,No
148185,Yes
148186,No
148187,No
148188,Yes
148189,No
148190,Yes
148191,No
148192,Yes
148193,No
148194,No
148195,No
148196,No
148197,No
148198,No
148199,Yes
148200,Yes
148201,No
148202,No
148203,Yes
148204,No
148205,Yes
148206,Yes
148207,Yes
148208,No
148209,Yes
148210,Yes
148211,Yes
148212,No
148213,Yes
148214,No
148215,Yes
148216,No
148217,No
148218,No
148219,No
148220,No
148221,Yes
148222,No
148223,No
148224,No
148225,Yes
148226,No
148227,No
148228,Yes
148229,No
148230,No
148231,Yes
148232,Yes
148233,No
148234,No
148235,Yes
148236,Yes
148237,No
148238,No
148239,No
148240,Yes
148241,No
148242,No
148243,No
148244,Yes
148245,No
148246,No
148247,Yes
148248,No
148249,No
148250,No
148251,No
148252,No
148253,Yes
148254,No
148255,No
148256,No
148257,No
148258,No
148259,Yes
148260,No
148261,No
148262,Yes
148263,Yes
148264,No
148265,No
148266,No
148267,No
148268,Yes
148269,No
148270,No
148271,No
148272,Yes
148273,No
148274,Yes
148275,No
148276,No
148277,No
148278,Yes
148279,No
148280,No
148281,Yes
148282,Yes
148283,Yes
148284,No
148285,Yes
148286,Yes
148287,No
148288,Yes
148289,Yes
148290,No
148291,Yes
148292,No
148293,No
148294,No
148295,No
148296,Yes
148297,No
148298,No
148299,Yes
148300,Yes
148301,No
148302,No
148303,Yes
148304,No
148305,No
148306,No
148307,No
148308,No
148309,Yes
148310,No
148311,No
148312,Yes
148313,No
148314,No
148315,Yes
148316,No
148317,No
148318,No
148319,No
148320,Yes
148321,Yes
148322,No
148323,No
148324,Yes
148325,No
148326,No
148327,No
148328,No
148329,Yes
148330,Yes
148331,No
148332,No
148333,No
148334,Yes
148335,Yes
148336,Yes
148337,Yes
148338,Yes
148339,No
148340,No
148341,Yes
148342,No
148343,No
148344,Yes
148345,Yes
148346,No
148347,Yes
148348,No
148349,No
148350,No
148351,No
148352,No
148353,No
148354,No
148355,No
148356,No
148357,No
148358,Yes
148359,Yes
148360,Yes
148361,Yes
148362,No
148363,No
148364,Yes
148365,Yes
148366,No
148367,No
148368,Yes
148369,Yes
148370,No
148371,Yes
148372,Yes
148373,No
148374,No
148375,Yes
148376,No
148377,Yes
148378,No
148379,No
148380,No
148381,No
148382,No
148383,Yes
148384,No
148385,No
148386,No
148387,Yes
148388,No
148389,No
148390,No
148391,Yes
148392,Yes
148393,Yes
148394,No
148395,No
148396,Yes
148397,Yes
148398,Yes
148399,Yes
148400,No
148401,No
148402,No
148403,No
148404,Yes
148405,Yes
148406,No
148407,No
148408,No
148409,No
148410,No
148411,No
148412,Yes
148413,Yes
148414,No
148415,Yes
148416,Yes
148417,Yes
148418,Yes
148419,Yes
148420,Yes
148421,Yes
148422,Yes
148423,No
148424,No
148425,No
148426,Yes
148427,Yes
148428,No
148429,Yes
148430,No
148431,No
148432,Yes
148433,No
148434,No
148435,No
148436,No
148437,Yes
148438,Yes
148439,Yes
148440,No
148441,No
148442,No
148443,No
148444,Yes
148445,No
148446,No
148447,Yes
148448,No
148449,No
148450,Yes
148451,No
148452,No
148453,No
148454,Yes
148455,Yes
148456,No
148457,Yes
148458,Yes
148459,No
148460,No
148461,No
148462,No
148463,No
148464,No
148465,Yes
148466,No
148467,No
148468,No
148469,No
148470,Yes
148471,Yes
148472,No
148473,Yes
148474,Yes
148475,Yes
148476,Yes
148477,Yes
148478,No
148479,No
148480,No
148481,Yes
148482,No
148483,No
148484,No
148485,No
148486,No
148487,No
148488,No
148489,No
148490,Yes
148491,No
148492,No
148493,Yes
148494,No
148495,No
148496,Yes
148497,No
148498,No
148499,No
148500,Yes
148501,No
148502,Yes
148503,No
148504,Yes
148505,Yes
148506,Yes
148507,No
148508,No
148509,No
148510,No
148511,Yes
148512,Yes
148513,No
148514,Yes
148515,No
148516,No
148517,Yes
148518,Yes
148519,No
148520,Yes
148521,No
148522,No
148523,No
148524,No
148525,No
148526,Yes
148527,Yes
148528,No
148529,No
148530,No
148531,Yes
148532,No
148533,No
148534,No
148535,Yes
148536,No
148537,Yes
148538,No
148539,No
148540,No
148541,No
148542,No
148543,No
148544,No
148545,Yes
148546,No
148547,Yes
148548,No
148549,No
148550,No
148551,No
148552,Yes
148553,Yes
148554,No
148555,Yes
148556,No
148557,Yes
148558,Yes
148559,No
148560,Yes
148561,Yes
148562,No
148563,No
148564,No
148565,Yes
148566,Yes
148567,Yes
148568,Yes
148569,No
148570,No
148571,Yes
148572,No
148573,No
148574,No
148575,Yes
148576,No
148577,No
148578,Yes
148579,Yes
148580,No
148581,No
148582,Yes
148583,No
148584,Yes
148585,Yes
148586,No
148587,No
148588,Yes
148589,Yes
148590,No
148591,No
148592,No
148593,Yes
148594,No
148595,Yes
148596,No
148597,Yes
148598,No
148599,No
148600,Yes
148601,Yes
148602,Yes
148603,Yes
148604,No
148605,No
148606,No
148607,Yes
148608,No
148609,Yes
148610,Yes
148611,Yes
148612,No
148613,No
148614,No
148615,Yes
148616,Yes
148617,Yes
148618,Yes
148619,No
148620,Yes
148621,Yes
148622,No
148623,No
148624,No
148625,No
148626,No
148627,No
148628,No
148629,No
148630,Yes
148631,No
148632,Yes
148633,No
148634,No
148635,No
148636,No
148637,No
148638,Yes
148639,No
148640,No
148641,No
148642,Yes
148643,Yes
148644,No
148645,Yes
148646,Yes
148647,No
148648,No
148649,No
148650,Yes
148651,Yes
148652,No
148653,Yes
148654,Yes
148655,No
148656,No
148657,Yes
148658,No
148659,No
148660,Yes
148661,No
148662,Yes
148663,No
148664,Yes
148665,No
148666,Yes
148667,Yes
148668,No
148669,No
148670,Yes
148671,Yes
148672,Yes
148673,No
148674,No
148675,No
148676,Yes
148677,Yes
148678,No
148679,No
148680,No
148681,Yes
148682,Yes
148683,Yes
148684,No
148685,No
148686,No
148687,No
148688,Yes
148689,No
148690,Yes
148691,No
148692,No
148693,No
148694,Yes
148695,Yes
148696,No
148697,No
148698,No
148699,No
148700,No
148701,No
148702,No
148703,Yes
148704,No
148705,No
148706,No
148707,No
148708,No
148709,No
148710,No
148711,No
148712,No
148713,Yes
148714,No
148715,No
148716,No
148717,Yes
148718,No
148719,No
148720,Yes
148721,No
148722,No
148723,No
148724,Yes
148725,No
148726,Yes
148727,No
148728,No
148729,Yes
148730,No
148731,No
148732,No
148733,No
148734,No
148735,No
148736,Yes
148737,No
148738,Yes
148739,No
148740,Yes
148741,No
148742,No
148743,No
148744,Yes
148745,No
148746,Yes
148747,No
148748,No
148749,No
148750,Yes
148751,Yes
148752,No
148753,Yes
148754,Yes
148755,Yes
148756,Yes
148757,No
148758,No
148759,No
148760,No
148761,No
148762,No
148763,No
148764,Yes
148765,No
148766,Yes
148767,Yes
148768,Yes
148769,Yes
148770,Yes
148771,No
148772,No
148773,No
148774,Yes
148775,No
148776,No
148777,No
148778,No
148779,No
148780,No
148781,No
148782,No
148783,Yes
148784,Yes
148785,No
148786,No
148787,No
148788,No
148789,No
148790,No
148791,Yes
148792,No
148793,No
148794,No
148795,Yes
148796,No
148797,No
148798,No
148799,Yes
148800,Yes
148801,No
148802,Yes
148803,No
148804,No
148805,No
148806,No
148807,No
148808,No
148809,Yes
148810,Yes
148811,No
148812,Yes
148813,No
148814,No
148815,No
148816,Yes
148817,No
148818,No
148819,No
148820,Yes
148821,No
148822,No
148823,No
148824,No
148825,Yes
148826,No
148827,No
148828,No
148829,Yes
148830,No
148831,Yes
148832,Yes
148833,Yes
148834,Yes
148835,No
148836,Yes
148837,Yes
148838,Yes
148839,No
148840,No
148841,No
148842,Yes
148843,Yes
148844,No
148845,No
148846,Yes
148847,Yes
148848,Yes
148849,No
148850,Yes
148851,No
148852,No
148853,No
148854,No
148855,No
148856,No
148857,Yes
148858,Yes
148859,No
148860,No
148861,No
148862,No
148863,No
148864,No
148865,Yes
148866,No
148867,Yes
148868,Yes
148869,No
148870,No
148871,No
148872,No
148873,Yes
148874,No
148875,No
148876,Yes
148877,Yes
148878,No
148879,No
148880,No
148881,No
148882,No
148883,No
148884,No
148885,Yes
148886,No
148887,Yes
148888,No
148889,No
148890,No
148891,Yes
148892,No
148893,Yes
148894,No
148895,Yes
148896,Yes
148897,No
148898,No
148899,No
148900,No
148901,No
148902,No
148903,No
148904,No
148905,Yes
148906,No
148907,Yes
148908,No
148909,Yes
148910,Yes
148911,No
148912,Yes
148913,No
148914,No
148915,Yes
148916,No
148917,No
148918,No
148919,No
148920,Yes
148921,Yes
148922,No
148923,Yes
148924,Yes
148925,No
148926,No
148927,No
148928,No
148929,No
148930,Yes
148931,No
148932,No
148933,No
148934,Yes
148935,Yes
148936,Yes
148937,Yes
148938,Yes
148939,Yes
148940,No
148941,No
148942,No
148943,Yes
148944,No
148945,Yes
148946,No
148947,No
148948,Yes
148949,Yes
148950,No
148951,Yes
148952,No
148953,No
148954,Yes
148955,Yes
148956,No
148957,No
148958,No
148959,No
148960,Yes
148961,No
148962,Yes
148963,No
148964,No
148965,Yes
148966,No
148967,No
148968,Yes
148969,No
148970,Yes
148971,Yes
148972,No
148973,No
148974,Yes
148975,Yes
148976,No
148977,No
148978,No
148979,Yes
148980,No
148981,No
148982,No
148983,Yes
148984,No
148985,No
148986,No
148987,No
148988,No
148989,No
148990,Yes
148991,No
148992,No
148993,Yes
148994,Yes
148995,No
148996,No
148997,Yes
148998,No
148999,No
149000,Yes
149001,No
149002,No
149003,No
149004,Yes
149005,No
149006,No
149007,Yes
149008,No
149009,No
149010,Yes
149011,No
149012,No
149013,No
149014,No
149015,Yes
149016,No
149017,Yes
149018,No
149019,Yes
149020,No
149021,No
149022,Yes
149023,Yes
149024,No
149025,No
149026,Yes
149027,No
149028,Yes
149029,No
149030,No
149031,Yes
149032,No
149033,Yes
149034,No
149035,No
149036,No
149037,No
149038,No
149039,Yes
149040,No
149041,No
149042,No
149043,No
149044,Yes
149045,No
149046,No
149047,No
149048,No
149049,No
149050,No
149051,Yes
149052,Yes
149053,No
149054,No
149055,No
149056,Yes
149057,Yes
149058,No
149059,No
149060,No
149061,No
149062,No
149063,Yes
149064,Yes
149065,Yes
149066,Yes
149067,No
149068,No
149069,Yes
149070,No
149071,Yes
149072,No
149073,No
149074,No
149075,No
149076,No
149077,No
149078,No
149079,No
149080,Yes
149081,Yes
149082,Yes
149083,Yes
149084,Yes
149085,Yes
149086,Yes
149087,No
149088,Yes
149089,No
149090,No
149091,No
149092,No
149093,No
149094,No
149095,No
149096,No
149097,Yes
149098,No
149099,No
149100,No
149101,No
149102,No
149103,No
149104,Yes
149105,No
149106,Yes
149107,No
149108,Yes
149109,Yes
149110,Yes
149111,Yes
149112,Yes
149113,Yes
149114,No
149115,No
149116,Yes
149117,No
149118,No
149119,No
149120,Yes
149121,No
149122,No
149123,Yes
149124,No
149125,Yes
149126,No
149127,Yes
149128,No
149129,No
149130,No
149131,Yes
149132,No
149133,No
149134,Yes
149135,No
149136,Yes
149137,No
149138,No
149139,No
149140,No
149141,No
149142,Yes
149143,Yes
149144,No
149145,Yes
149146,No
149147,No
149148,Yes
149149,No
149150,No
149151,No
149152,Yes
149153,No
149154,No
149155,Yes
149156,No
149157,No
149158,No
149159,Yes
149160,Yes
149161,Yes
149162,No
149163,Yes
149164,No
149165,Yes
149166,No
149167,No
149168,Yes
149169,Yes
149170,No
149171,Yes
149172,No
149173,No
149174,No
149175,Yes
149176,No
149177,No
149178,Yes
149179,No
149180,No
149181,No
149182,Yes
149183,Yes
149184,No
149185,No
149186,No
149187,Yes
149188,Yes
149189,No
149190,Yes
149191,Yes
149192,Yes
149193,Yes
149194,No
149195,Yes
149196,Yes
149197,Yes
149198,No
149199,No
149200,Yes
149201,Yes
149202,No
149203,Yes
149204,Yes
149205,No
149206,No
149207,Yes
149208,No
149209,No
149210,Yes
149211,Yes
149212,No
149213,Yes
149214,No
149215,Yes
149216,Yes
149217,No
149218,No
149219,Yes
149220,No
149221,No
149222,No
149223,Yes
149224,No
149225,Yes
149226,No
149227,No
149228,Yes
149229,No
149230,No
149231,No
149232,No
149233,Yes
149234,No
149235,No
149236,Yes
149237,Yes
149238,No
149239,No
149240,No
149241,No
149242,No
149243,Yes
149244,No
149245,Yes
149246,No
149247,No
149248,No
149249,No
149250,No
149251,No
149252,Yes
149253,Yes
149254,No
149255,Yes
149256,Yes
149257,No
149258,No
149259,No
149260,No
149261,Yes
149262,No
149263,No
149264,No
149265,No
149266,No
149267,Yes
149268,No
149269,No
149270,No
149271,No
149272,No
149273,No
149274,No
149275,No
149276,Yes
149277,Yes
149278,No
149279,No
149280,Yes
149281,No
149282,No
149283,No
149284,No
149285,Yes
149286,Yes
149287,Yes
149288,No
149289,No
149290,No
149291,Yes
149292,Yes
149293,Yes
149294,No
149295,No
149296,No
149297,Yes
149298,Yes
149299,No
149300,Yes
149301,Yes
149302,No
149303,No
149304,No
149305,Yes
149306,No
149307,Yes
149308,No
149309,Yes
149310,No
149311,Yes
149312,Yes
149313,Yes
149314,No
149315,No
149316,No
149317,Yes
149318,Yes
149319,No
149320,Yes
149321,No
149322,Yes
149323,No
149324,No
149325,No
149326,No
149327,Yes
149328,Yes
149329,Yes
149330,Yes
149331,No
149332,Yes
149333,Yes
149334,No
149335,No
149336,No
149337,No
149338,Yes
149339,No
149340,No
149341,Yes
149342,Yes
149343,Yes
149344,Yes
149345,No
149346,No
149347,No
149348,Yes
149349,No
149350,Yes
149351,No
149352,Yes
149353,No
149354,Yes
149355,No
149356,No
149357,Yes
149358,Yes
149359,No
149360,Yes
149361,No
149362,No
149363,No
149364,No
149365,Yes
149366,Yes
149367,No
149368,No
149369,No
149370,No
149371,No
149372,No
149373,No
149374,Yes
149375,No
149376,No
149377,Yes
149378,Yes
149379,No
149380,Yes
149381,No
149382,Yes
149383,No
149384,No
149385,No
149386,Yes
149387,No
149388,Yes
149389,No
149390,Yes
149391,No
149392,No
149393,No
149394,No
149395,No
149396,Yes
149397,Yes
149398,No
149399,No
149400,No
149401,No
149402,No
149403,No
149404,Yes
149405,No
149406,No
149407,No
149408,Yes
149409,No
149410,No
149411,No
149412,No
149413,No
149414,Yes
149415,No
149416,No
149417,No
149418,No
149419,No
149420,Yes
149421,No
149422,Yes
149423,No
149424,No
149425,No
149426,No
149427,No
149428,No
149429,No
149430,Yes
149431,No
149432,No
149433,Yes
149434,No
149435,No
149436,No
149437,Yes
149438,Yes
149439,Yes
149440,No
149441,No
149442,No
149443,Yes
149444,Yes
149445,Yes
149446,No
149447,No
149448,No
149449,Yes
149450,Yes
149451,Yes
149452,No
149453,No
149454,No
149455,No
149456,No
149457,No
149458,No
149459,No
149460,Yes
149461,No
149462,Yes
149463,No
149464,No
149465,Yes
149466,No
149467,Yes
149468,No
149469,Yes
149470,Yes
149471,No
149472,No
149473,Yes
149474,No
149475,No
149476,No
149477,No
149478,No
149479,No
149480,Yes
149481,No
149482,Yes
149483,Yes
149484,Yes
149485,Yes
149486,No
149487,Yes
149488,No
149489,No
149490,No
149491,No
149492,Yes
149493,Yes
149494,Yes
149495,Yes
149496,No
149497,No
149498,No
149499,No
149500,No
149501,No
149502,No
149503,No
149504,No
149505,Yes
149506,Yes
149507,No
149508,No
149509,No
149510,No
149511,No
149512,Yes
149513,Yes
149514,No
149515,Yes
149516,Yes
149517,Yes
149518,No
149519,No
149520,No
149521,No
149522,No
149523,Yes
149524,No
149525,Yes
149526,No
149527,Yes
149528,No
149529,Yes
149530,No
149531,Yes
149532,Yes
149533,Yes
149534,No
149535,No
149536,Yes
149537,No
149538,Yes
149539,No
149540,No
149541,No
149542,Yes
149543,No
149544,Yes
149545,No
149546,No
149547,Yes
149548,No
149549,Yes
149550,No
149551,No
149552,No
149553,No
149554,No
149555,No
149556,Yes
149557,Yes
149558,No
149559,Yes
149560,No
149561,No
149562,No
149563,No
149564,Yes
149565,Yes
149566,No
149567,No
149568,Yes
149569,Yes
149570,No
149571,No
149572,Yes
149573,No
149574,No
149575,No
149576,Yes
149577,No
149578,Yes
149579,Yes
149580,No
149581,Yes
149582,No
149583,Yes
149584,No
149585,No
149586,Yes
149587,No
149588,No
149589,Yes
149590,No
149591,No
149592,Yes
149593,Yes
149594,No
149595,Yes
149596,Yes
149597,No
149598,No
149599,No
149600,Yes
149601,No
149602,Yes
149603,No
149604,No
149605,Yes
149606,Yes
149607,No
149608,No
149609,Yes
149610,Yes
149611,No
149612,No
149613,Yes
149614,No
149615,No
149616,Yes
149617,Yes
149618,No
149619,Yes
149620,No
149621,Yes
149622,No
149623,No
149624,No
149625,No
149626,Yes
149627,No
149628,No
149629,No
149630,Yes
149631,No
149632,No
149633,Yes
149634,Yes
149635,No
149636,Yes
149637,Yes
149638,No
149639,Yes
149640,No
149641,Yes
149642,No
149643,No
149644,No
149645,No
149646,No
149647,Yes
149648,No
149649,No
149650,No
149651,No
149652,Yes
149653,No
149654,No
149655,Yes
149656,Yes
149657,No
149658,No
149659,Yes
149660,Yes
149661,Yes
149662,No
149663,No
149664,Yes
149665,Yes
149666,No
149667,No
149668,No
149669,No
149670,Yes
149671,No
149672,No
149673,Yes
149674,No
149675,No
149676,Yes
149677,No
149678,Yes
149679,No
149680,No
149681,Yes
149682,No
149683,No
149684,No
149685,No
149686,No
149687,Yes
149688,No
149689,No
149690,No
149691,No
149692,No
149693,No
149694,Yes
149695,Yes
149696,Yes
149697,Yes
149698,No
149699,No
149700,No
149701,No
149702,No
149703,No
149704,No
149705,Yes
149706,Yes
149707,Yes
149708,No
149709,No
149710,No
149711,Yes
149712,Yes
149713,No
149714,No
149715,No
149716,Yes
149717,No
149718,Yes
149719,Yes
149720,Yes
149721,Yes
149722,No
149723,No
149724,No
149725,No
149726,No
149727,No
149728,Yes
149729,Yes
149730,Yes
149731,No
149732,Yes
149733,No
149734,No
149735,Yes
149736,Yes
149737,Yes
149738,No
149739,No
149740,Yes
149741,No
149742,Yes
149743,No
149744,Yes
149745,No
149746,Yes
149747,Yes
149748,No
149749,No
149750,Yes
149751,Yes
149752,No
149753,No
149754,Yes
149755,No
149756,Yes
149757,No
149758,No
149759,No
149760,No
149761,No
149762,Yes
149763,No
149764,Yes
149765,No
149766,No
149767,No
149768,No
149769,Yes
149770,Yes
149771,Yes
149772,No
149773,No
149774,No
149775,No
149776,No
149777,Yes
149778,Yes
149779,No
149780,No
149781,Yes
149782,No
149783,No
149784,Yes
149785,No
149786,Yes
149787,No
149788,No
149789,Yes
149790,Yes
149791,No
149792,No
149793,Yes
149794,No
149795,No
149796,Yes
149797,No
149798,Yes
149799,No
149800,No
149801,No
149802,Yes
149803,Yes
149804,No
149805,No
149806,No
149807,Yes
149808,No
149809,No
149810,Yes
149811,No
149812,No
149813,No
149814,Yes
149815,No
149816,No
149817,No
149818,Yes
149819,No
149820,No
149821,No
149822,No
149823,No
149824,Yes
149825,No
149826,No
149827,Yes
149828,Yes
149829,Yes
149830,No
149831,No
149832,Yes
149833,Yes
149834,No
149835,Yes
149836,Yes
149837,No
149838,Yes
149839,No
149840,Yes
149841,No
149842,No
149843,No
149844,Yes
149845,No
149846,No
149847,Yes
149848,No
149849,Yes
149850,Yes
149851,No
149852,Yes
149853,No
149854,Yes
149855,Yes
149856,No
149857,Yes
149858,Yes
149859,Yes
149860,No
149861,Yes
149862,No
149863,No
149864,Yes
149865,No
149866,No
149867,No
149868,Yes
149869,Yes
149870,No
149871,No
149872,No
149873,No
149874,Yes
149875,No
149876,Yes
149877,No
149878,Yes
149879,No
149880,Yes
149881,No
149882,No
149883,No
149884,Yes
149885,No
149886,No
149887,No
149888,No
149889,No
149890,No
149891,No
149892,No
149893,No
149894,Yes
149895,Yes
149896,No
149897,Yes
149898,Yes
149899,Yes
149900,No
149901,No
149902,Yes
149903,No
149904,Yes
149905,No
149906,Yes
149907,No
149908,Yes
149909,Yes
149910,No
149911,No
149912,Yes
149913,No
149914,No
149915,No
149916,No
149917,Yes
149918,Yes
149919,No
149920,Yes
149921,No
149922,No
149923,No
149924,Yes
149925,No
149926,No
149927,No
149928,Yes
149929,No
149930,No
149931,No
149932,Yes
149933,No
149934,No
149935,No
149936,Yes
149937,No
149938,Yes
149939,Yes
149940,No
149941,Yes
149942,No
149943,No
149944,Yes
149945,No
149946,Yes
149947,Yes
149948,No
149949,Yes
149950,No
149951,Yes
149952,No
149953,Yes
149954,No
149955,No
149956,Yes
149957,No
149958,No
149959,Yes
149960,No
149961,No
149962,No
149963,No
149964,Yes
149965,No
149966,No
149967,Yes
149968,No
149969,No
149970,Yes
149971,No
149972,No
149973,No
149974,No
149975,No
149976,No
149977,No
149978,No
149979,Yes
149980,No
149981,Yes
149982,No
149983,Yes
149984,No
149985,Yes
149986,Yes
149987,No
149988,No
149989,No
149990,No
149991,Yes
149992,Yes
149993,No
149994,Yes
149995,No
149996,No
149997,No
149998,Yes
149999,No
150000,No
150001,No
150002,No
150003,Yes
150004,No
150005,Yes
150006,No
150007,No
150008,No
150009,No
150010,No
150011,No
150012,Yes
150013,Yes
150014,Yes
150015,Yes
150016,No
150017,No
150018,Yes
150019,No
150020,No
150021,No
150022,No
150023,No
150024,No
150025,No
150026,No
150027,Yes
150028,No
150029,Yes
150030,Yes
150031,No
150032,No
150033,No
150034,No
150035,No
